epoch,channel,lyapunov_exponent
0,0,0.045691906401232586
0,1,0.04549274293457628
0,2,0.045492499398441064
0,3,0.04563111061380113
0,4,0.04536159817625781
1,0,0.04504060349115244
1,1,0.04557344008465211
1,2,0.04549148046669845
1,3,0.0455386657989612
1,4,0.04570944132352657
2,0,0.04693096765378523
2,1,0.04667169408351724
2,2,0.04668463845499143
2,3,0.04657077303882985
2,4,0.046055208185569296
3,0,0.048622338156454156
3,1,0.04937068485841617
3,2,0.04943670806335235
3,3,0.05105155454821106
3,4,0.049817898991872285
4,0,0.04613373416383175
4,1,0.045741665394795614
4,2,0.045817601912591294
4,3,0.0476160435487673
4,4,0.04609077920719088
5,0,0.04883604203094815
5,1,0.04846180511694442
5,2,0.04851336113974411
5,3,0.04940233654191671
5,4,0.04857569146127698
6,0,0.05009885982591278
6,1,0.04979357789258294
6,2,0.04974619001042812
6,3,0.04773634609483451
6,4,0.04950497488729383
7,0,0.05267196517889392
7,1,0.05211627415248331
7,2,0.052071655749702246
7,3,0.05148547201168072
7,4,0.05228059908350564
8,0,0.051983880023567165
8,1,0.05192066783378401
8,2,0.051997882847597
8,3,0.05181192551483495
8,4,0.052289231519023746
9,0,0.0512054529453384
9,1,0.05148341871538673
9,2,0.051473271712249434
9,3,0.050977251847394364
9,4,0.05176347817264121
10,0,0.051053224771964535
10,1,0.051174013016461586
10,2,0.051151528696195395
10,3,0.050404242919702115
10,4,0.05052790102552265
11,0,0.04906730935782531
11,1,0.04968404987422223
11,2,0.049651703851706835
11,3,0.04900300061430831
11,4,0.04898233104582181
12,0,0.05058599849852048
12,1,0.050685061515450956
12,2,0.050513596460312664
12,3,0.050485440926248515
12,4,0.051527805763418644
13,0,0.048350393425803107
13,1,0.04849695404895369
13,2,0.0485339236860516
13,3,0.049706045244635975
13,4,0.048762059022827965
14,0,0.051023901793994034
14,1,0.051099484547847476
14,2,0.05109152277549217
14,3,0.05045565853599747
14,4,0.051061857390661596
15,0,0.051076771986871085
15,1,0.05154332352142519
15,2,0.051463972918268965
15,3,0.04972948804766057
15,4,0.05193435412495085
16,0,0.05231000494985608
16,1,0.05230765256847388
16,2,0.05230038563887483
16,3,0.05111054767365948
16,4,0.05204343207314667
17,0,0.0503128898501541
17,1,0.050500918247548064
17,2,0.0504654747183297
17,3,0.05047478161796957
17,4,0.05130715071367901
18,0,0.04994949304184565
18,1,0.04982593311983004
18,2,0.04977673364572893
18,3,0.05019437929590799
18,4,0.050028722289086655
19,0,0.0514818573913941
19,1,0.05202251663299618
19,2,0.052049569888990725
19,3,0.05144254178416981
19,4,0.05225621845112567
20,0,0.0525926870229294
20,1,0.052714118865930366
20,2,0.05271936038819837
20,3,0.05389179362540926
20,4,0.05279929345395394
21,0,0.05322877103111764
21,1,0.0537765661837245
21,2,0.05374192561851413
21,3,0.05149132704534458
21,4,0.05429900816222494
22,0,0.057379347948896646
22,1,0.05669289276379507
22,2,0.05670868359550868
22,3,0.05604436519480852
22,4,0.05655510026581441
23,0,0.05871759329952702
23,1,0.05726821221652744
23,2,0.0572370608399612
23,3,0.056889537980719766
23,4,0.05730055700258626
24,0,0.06168494811865188
24,1,0.06032371850717833
24,2,0.06032268391365343
24,3,0.059341918514842544
24,4,0.06070999754577129
25,0,0.06299995147595182
25,1,0.06263104794835425
25,2,0.06260304284983037
25,3,0.062103171468782845
25,4,0.06253933928307662
26,0,0.06125743357645801
26,1,0.062100301653254135
26,2,0.062168486596298714
26,3,0.0612739028564309
26,4,0.06242155448299945
27,0,0.06274194715117498
27,1,0.06204919116694546
27,2,0.06189410348184688
27,3,0.061475564377362436
27,4,0.06300999040363225
28,0,0.06379134353326318
28,1,0.0641149860670588
28,2,0.06429146710564126
28,3,0.06246284210095179
28,4,0.06372136091985635
29,0,0.06421248166930348
29,1,0.06306233075200302
29,2,0.06312562436473619
29,3,0.0622506377734202
29,4,0.06342003876135423
30,0,0.0636871417573377
30,1,0.0630110145101744
30,2,0.06305239916706433
30,3,0.06200737333812933
30,4,0.06357376364241991
31,0,0.0646792525603993
31,1,0.06444693932871001
31,2,0.06445038995822942
31,3,0.06313336412445851
31,4,0.06499313569727222
32,0,0.0630922173709573
32,1,0.06356217598428546
32,2,0.06359081007280853
32,3,0.06169723625228893
32,4,0.06309162007087996
33,0,0.06365704054448941
33,1,0.0632087282544856
33,2,0.06330608931194551
33,3,0.06217723031290164
33,4,0.06297889608724362
34,0,0.06373155861770975
34,1,0.06453114229090084
34,2,0.06444570800121815
34,3,0.06253876263640233
34,4,0.06445682878253857
35,0,0.0647309706047947
35,1,0.06418430717623973
35,2,0.06424085743000814
35,3,0.064400861449316
35,4,0.06438822857328977
36,0,0.06604631036985119
36,1,0.06590918345182314
36,2,0.06592903155524912
36,3,0.06483892809443126
36,4,0.0667073572440451
37,0,0.06560797674172225
37,1,0.06654810352485727
37,2,0.06654224752950512
37,3,0.0630596442525987
37,4,0.06567695223841506
38,0,0.06352943232651956
38,1,0.0634345718878373
38,2,0.06349798159009687
38,3,0.062030511743882175
38,4,0.06334754998801281
39,0,0.0662187600565129
39,1,0.06515974156996784
39,2,0.06511381545416031
39,3,0.06430575669598904
39,4,0.06572405724680015
40,0,0.06046452223467524
40,1,0.060408799994607354
40,2,0.06046102979460825
40,3,0.05875722809570625
40,4,0.06054861240455658
41,0,0.06054099262690931
41,1,0.060504888143001416
41,2,0.060428637061514114
41,3,0.05832589954316703
41,4,0.06066217383559863
42,0,0.0634812872292474
42,1,0.0634370622944004
42,2,0.06351066085613935
42,3,0.06229715180139447
42,4,0.06361963201112975
43,0,0.06566079559875715
43,1,0.06435747460300056
43,2,0.064394882998976
43,3,0.06397043198382894
43,4,0.0648336791992188
44,0,0.0658862848270412
44,1,0.06510724387105923
44,2,0.06503956143309378
44,3,0.06512451327576935
44,4,0.06509207433583793
45,0,0.0643564221037538
45,1,0.0634248262293201
45,2,0.06356474611939508
45,3,0.06361484857309628
45,4,0.0638624519632073
46,0,0.06523471813957517
46,1,0.06520476956041212
46,2,0.06516255698141091
46,3,0.0635019734212046
46,4,0.0652904813200916
47,0,0.06632183519159608
47,1,0.06509235244696032
47,2,0.06513361052734092
47,3,0.06350213329045
47,4,0.06485567681357217
48,0,0.06737699323198529
48,1,0.06636366570554005
48,2,0.06632513080610661
48,3,0.0657775808840383
48,4,0.06675452805939285
49,0,0.06945937011279132
49,1,0.06995113647570862
49,2,0.06985855464317084
49,3,0.06677081301575812
49,4,0.06965890474536993
50,0,0.06660883208569084
50,1,0.06612075874356108
50,2,0.0661717658254709
50,3,0.06407278315073597
50,4,0.06597604566118452
51,0,0.0675514495959517
51,1,0.06635931067678551
51,2,0.06638571364825234
51,3,0.0652202920810659
51,4,0.06606614267411073
52,0,0.06808344095694925
52,1,0.06757682553001683
52,2,0.06755452571653672
52,3,0.06616258820422696
52,4,0.06700620332972056
53,0,0.06788157871791307
53,1,0.06722769642219689
53,2,0.06724570518209742
53,3,0.06585423871391835
53,4,0.06655328693367003
54,0,0.06825049548017458
54,1,0.06766962781816842
54,2,0.06767589143201236
54,3,0.06550312023918478
54,4,0.06736447768194206
55,0,0.06883322817652475
55,1,0.06758194533001213
55,2,0.06751996433033677
55,3,0.06656322882241286
55,4,0.06776494107469666
56,0,0.0669327286883993
56,1,0.06752753405439328
56,2,0.06763213392351568
56,3,0.06548016601965495
56,4,0.06798821612995798
57,0,0.06836294684805082
57,1,0.06761233353815153
57,2,0.06767560828347455
57,3,0.0667500819908043
57,4,0.06811963913678289
58,0,0.0682356992174312
58,1,0.06717944618032763
58,2,0.06714628492082862
58,3,0.06644525086035409
58,4,0.0679834318218255
59,0,0.06767788162323064
59,1,0.06759405216249087
59,2,0.0675231154168211
59,3,0.0654939843826936
59,4,0.0673871723371967
60,0,0.06807244011190906
60,1,0.06795125473590329
60,2,0.06804145515322844
60,3,0.06669637631969316
60,4,0.0674015532879414
61,0,0.06899003842870167
61,1,0.06878423706824052
61,2,0.06874875328549397
61,3,0.06673499525237338
61,4,0.06799099440191132
62,0,0.06785958197365866
62,1,0.06715142363402897
62,2,0.06714429756888111
62,3,0.06648057486544426
62,4,0.06772724646193935
63,0,0.06944358170819614
63,1,0.06861225654812725
63,2,0.0685370717500867
63,3,0.06675930755908331
63,4,0.06840669780790747
64,0,0.06810097079603326
64,1,0.06788542515089536
64,2,0.06777183518976448
64,3,0.0663464332571408
64,4,0.06870150718368416
65,0,0.06784169534818323
65,1,0.06816037465401217
65,2,0.0681656869290686
65,3,0.0679157068405977
65,4,0.06816007346236834
66,0,0.06715436159204893
66,1,0.06806314406560952
66,2,0.06792052691437911
66,3,0.06599350076334261
66,4,0.06716675006184131
67,0,0.06981583635346232
67,1,0.06908124211598711
67,2,0.06890022566338554
67,3,0.06840328990482912
67,4,0.06902113269929572
68,0,0.06601440960905867
68,1,0.06636889609969994
68,2,0.06636535296491662
68,3,0.06490029549112113
68,4,0.06597051883802856
69,0,0.06956443800359503
69,1,0.06888292383603839
69,2,0.06903046611405808
69,3,0.06757018415581566
69,4,0.06871673721368439
70,0,0.06860999227571905
70,1,0.06861638686236222
70,2,0.06863267122339667
70,3,0.06743902579647586
70,4,0.06807484030294259
71,0,0.06829766382260907
71,1,0.06850356066498867
71,2,0.06868344035612291
71,3,0.06692565093664421
71,4,0.06783873540871443
72,0,0.06987673577426583
72,1,0.06905096106741056
72,2,0.06893872163733666
72,3,0.06738887058729752
72,4,0.06852262183254647
73,0,0.06980836948426844
73,1,0.06893370212770185
73,2,0.06892700204471448
73,3,0.06754900049619467
73,4,0.06945232524162026
74,0,0.06954324875702231
74,1,0.06987742557960698
74,2,0.06982538514062853
74,3,0.06906749418517413
74,4,0.06934873885467283
75,0,0.06892177242906455
75,1,0.06917674248959849
75,2,0.06918795623412949
75,3,0.06655790454914884
75,4,0.06922228947120845
76,0,0.06802838273981464
76,1,0.06800915675718541
76,2,0.06794294469496787
76,3,0.06835763324494845
76,4,0.06809832271836969
77,0,0.06824629308510526
77,1,0.06797079381679431
77,2,0.06796433420169834
77,3,0.06645490511267997
77,4,0.06791896439972489
78,0,0.06920780012444443
78,1,0.06909632441233335
78,2,0.06910205593773155
78,3,0.06841269279012889
78,4,0.06872195048063183
79,0,0.07034381207011615
79,1,0.06927504188015556
79,2,0.06920176012604758
79,3,0.06755523269488467
79,4,0.06861997382265901
80,0,0.06904455260497759
80,1,0.06829475448626729
80,2,0.06826778402706299
80,3,0.06680500140424836
80,4,0.06834949584997584
81,0,0.06893781993998774
81,1,0.06813869000053645
81,2,0.06814035921680688
81,3,0.06694211389695041
81,4,0.06763208002317157
82,0,0.0683692939456058
82,1,0.06719911834057346
82,2,0.06721301240222652
82,3,0.06535199846540189
82,4,0.06737904176563213
83,0,0.0691960277763451
83,1,0.0682857527624088
83,2,0.06823887581155504
83,3,0.06723384893813486
83,4,0.06802129596650681
84,0,0.07026276820847972
84,1,0.06760820395663149
84,2,0.06764790781119595
84,3,0.06714582848520274
84,4,0.06887365018333996
85,0,0.069405762900253
85,1,0.06901362108869448
85,2,0.06895713842788097
85,3,0.06891113125548093
85,4,0.06928369950275019
86,0,0.06938117912265011
86,1,0.06839005102773536
86,2,0.06847151629206384
86,3,0.066916454631169
86,4,0.06853839626976285
87,0,0.06940872041260356
87,1,0.06882976399177848
87,2,0.06890005709314984
87,3,0.06768880622012004
87,4,0.06900007186101982
88,0,0.06969997094602015
88,1,0.0693865353606043
88,2,0.06939009264594521
88,3,0.0676067747503055
88,4,0.06868072294530601
89,0,0.06979611304055314
89,1,0.06980160492236456
89,2,0.06984389049809389
89,3,0.06898356947148972
89,4,0.06856510455439506
90,0,0.06845111118788341
90,1,0.06744122897877423
90,2,0.06735884292071335
90,3,0.06782768180819701
90,4,0.06702968579094251
91,0,0.0682663095297934
91,1,0.06887006239873883
91,2,0.06889742316604386
91,3,0.06784129881200528
91,4,0.0689975268671922
92,0,0.06741527012416307
92,1,0.06687183705269222
92,2,0.06696105540299625
92,3,0.06604957392808193
92,4,0.06675358510103271
93,0,0.0689417733035599
93,1,0.06922218748644483
93,2,0.06913915590650342
93,3,0.06912408089151197
93,4,0.06972534390343056
94,0,0.06893172782723928
94,1,0.06903150922539446
94,2,0.0690280125264218
94,3,0.06846658461663464
94,4,0.0691323882305608
95,0,0.06813540029354039
95,1,0.06751706575574568
95,2,0.06744953173835475
95,3,0.06635160384344167
95,4,0.06760981112110383
96,0,0.06895639701192992
96,1,0.06809303535562192
96,2,0.06798342110586919
96,3,0.0667964557038636
96,4,0.06848301547486675
97,0,0.0684334839435042
97,1,0.06853519283995343
97,2,0.06857895621016971
97,3,0.06776804508424471
97,4,0.06802500006960813
98,0,0.07030272480391109
98,1,0.0700001902769165
98,2,0.0700246494471814
98,3,0.06775871478352083
98,4,0.06916693381759441
99,0,0.06903586118590498
99,1,0.06864329682678735
99,2,0.06857189695946746
99,3,0.06799998609673369
99,4,0.06855550420241346
100,0,0.0687111885922584
100,1,0.06912556033460772
100,2,0.06920213243683707
100,3,0.06660517986796774
100,4,0.0678127364379591
101,0,0.0694120124551286
101,1,0.06872212683596386
101,2,0.06877199184422315
101,3,0.06768057128246811
101,4,0.06959798586182524
102,0,0.0690438676538731
102,1,0.06852174994753767
102,2,0.06879518831763667
102,3,0.06731283620625998
102,4,0.06836685762256572
103,0,0.06861879877683505
103,1,0.06929592508084785
103,2,0.06915279530391275
103,3,0.06783203729489852
103,4,0.06886153684801556
104,0,0.07026805882265012
104,1,0.07077611595785786
104,2,0.07081679693361718
104,3,0.06798917397159068
104,4,0.07090354511860907
105,0,0.06929201087173163
105,1,0.0686015279066952
105,2,0.0687490433490292
105,3,0.06816939286395715
105,4,0.06949079818084472
106,0,0.06875236350949077
106,1,0.06734190758823075
106,2,0.06742223000039867
106,3,0.06774589309600805
106,4,0.06693506412574801
107,0,0.06860608191335626
107,1,0.0691433046759965
107,2,0.06916171207863046
107,3,0.06683366654156785
107,4,0.06895138638646388
108,0,0.06765830485331341
108,1,0.06803777463438988
108,2,0.06799687709556482
108,3,0.0674601008768987
108,4,0.06764400862273634
109,0,0.0707785859399915
109,1,0.06933619523248753
109,2,0.06926684041841843
109,3,0.06847080345199623
109,4,0.06958342663237184
110,0,0.07086029762552022
110,1,0.07122233588870133
110,2,0.07120733588540404
110,3,0.06861004493960685
110,4,0.07051904831756942
111,0,0.06907329421942127
111,1,0.06923441095798677
111,2,0.06941008939891888
111,3,0.06690564502473366
111,4,0.06845114548810258
112,0,0.06803654454335457
112,1,0.06746400959065263
112,2,0.067628785003992
112,3,0.06666821103136096
112,4,0.06794238316053965
113,0,0.06918606665383449
113,1,0.06985597026591407
113,2,0.06992200707187185
113,3,0.06863219926337244
113,4,0.06916745418260088
114,0,0.06946995894304997
114,1,0.06849284983768901
114,2,0.06849914674426909
114,3,0.06734705697159246
114,4,0.06846598507261803
115,0,0.07082971941523204
115,1,0.06919027014797631
115,2,0.06927614814236248
115,3,0.0680735073112498
115,4,0.06897739332549435
116,0,0.06867527040112938
116,1,0.06819312041833342
116,2,0.06819992669919554
116,3,0.0670735271037126
116,4,0.06839010492807972
117,0,0.06878245863164627
117,1,0.06770155802494357
117,2,0.06782688543862374
117,3,0.0667155203756308
117,4,0.06784445328729646
118,0,0.06913969252862293
118,1,0.0681331895551191
118,2,0.06812899567786115
118,3,0.06657335769085464
118,4,0.06831720771194216
119,0,0.0700541676936889
119,1,0.0689508806757567
119,2,0.06899645664540249
119,3,0.06871165235503394
119,4,0.06886237988237295
120,0,0.06795270203112995
120,1,0.06747143341284273
120,2,0.06758992303891778
120,3,0.06748936404701053
120,4,0.06720131589012572
121,0,0.06870674069188216
121,1,0.06937473457400549
121,2,0.06931120090553317
121,3,0.0686408960862177
121,4,0.06910682165322189
122,0,0.07043400342009375
122,1,0.07042130592776677
122,2,0.07041419918797603
122,3,0.06766626607613271
122,4,0.07011758994369247
123,0,0.06854054399469763
123,1,0.0692871826464963
123,2,0.06927214055788336
123,3,0.06641217551168435
123,4,0.06901369903124825
124,0,0.07032675419105655
124,1,0.06819909520509883
124,2,0.06810617293487226
124,3,0.06797177286136624
124,4,0.06859277397787736
125,0,0.06931848377168268
125,1,0.06876456220610812
125,2,0.06867729562528148
125,3,0.06753066141923082
125,4,0.06899044004808977
126,0,0.07006686124767303
126,1,0.06867525854030586
126,2,0.06864244115309714
126,3,0.0671247459402463
126,4,0.06838557084210632
127,0,0.07017876518588391
127,1,0.06968545984678064
127,2,0.06984322500973054
127,3,0.06804501385820462
127,4,0.06918884808562106
128,0,0.06895845992510793
128,1,0.06815994867185163
128,2,0.06826156259012407
128,3,0.06701325241400283
128,4,0.06743664616725605
129,0,0.0691359971723065
129,1,0.06892435204367388
129,2,0.06912467283361114
129,3,0.0691286263345672
129,4,0.06913767426526282
130,0,0.07010967300433359
130,1,0.06998896403043646
130,2,0.06988704237188041
130,3,0.06914196119732073
130,4,0.06954231930809442
131,0,0.06940753075827508
131,1,0.06806896374577667
131,2,0.06810531048356834
131,3,0.06693875320819245
131,4,0.06824825882196153
132,0,0.06857182657303648
132,1,0.06867429534069502
132,2,0.06875041998305681
132,3,0.0681325928503727
132,4,0.06900982480089209
133,0,0.0689031978758302
133,1,0.06781741569308403
133,2,0.06777772525636246
133,3,0.06740449779460131
133,4,0.06760733848287855
134,0,0.06909434672306441
134,1,0.06926833817938809
134,2,0.06921465508505666
134,3,0.06832247359698286
134,4,0.06856206969482133
135,0,0.07134873256248317
135,1,0.07011226292274733
135,2,0.0702077972302203
135,3,0.06910804725637826
135,4,0.07066428849677082
136,0,0.07047809843541916
136,1,0.06870512097966643
136,2,0.06857626444437645
136,3,0.06815273944355583
136,4,0.06938567336724742
137,0,0.06986153116031583
137,1,0.06917324482893744
137,2,0.06907222830233181
137,3,0.06807870839681107
137,4,0.06930402061947842
138,0,0.06809572075595406
138,1,0.0679160625279164
138,2,0.0679254813955613
138,3,0.06685477986055259
138,4,0.06784117214390654
139,0,0.06679117937763497
139,1,0.06734944695041113
139,2,0.06742494663270586
139,3,0.06494171165475475
139,4,0.06656854773769881
140,0,0.06594257331839003
140,1,0.06564340474654233
140,2,0.06556290785662412
140,3,0.06293211832767778
140,4,0.06534775009246879
141,0,0.06635056169379386
141,1,0.06413865578274798
141,2,0.06420684901463047
141,3,0.06281247650732662
141,4,0.06502862561650655
142,0,0.06566462495032208
142,1,0.06481803252917376
142,2,0.06473702663133127
142,3,0.06342058848075367
142,4,0.06421487531169705
143,0,0.0662472478310173
143,1,0.06532288197566631
143,2,0.06513286796652269
143,3,0.06411424945954966
143,4,0.06568175866538033
144,0,0.06545596902396217
144,1,0.06397909803264569
144,2,0.06391102748472446
144,3,0.062306054746117334
144,4,0.06420432787983361
145,0,0.06548730252599108
145,1,0.06478122413516194
145,2,0.06483968366093995
145,3,0.06369893782708416
145,4,0.06493537344136886
146,0,0.06734352954438616
146,1,0.06598054192074781
146,2,0.06586131783951382
146,3,0.06445791132309875
146,4,0.06568436122312707
147,0,0.062099862573813794
147,1,0.06239092383779693
147,2,0.06238783329188618
147,3,0.06062382820559869
147,4,0.061964298674181635
148,0,0.06576489296280047
148,1,0.06543877330290039
148,2,0.06549863895448327
148,3,0.06377447725916549
148,4,0.06570983071573368
149,0,0.06504552257304314
149,1,0.06486572540393128
149,2,0.06476556784823315
149,3,0.06377532958984386
149,4,0.06482742167606802
150,0,0.06529638801016022
150,1,0.0655205481850945
150,2,0.0655684487387486
150,3,0.06341645056460099
150,4,0.06529945204094822
151,0,0.06596377941740664
151,1,0.06535626868239978
151,2,0.06546883375847908
151,3,0.06382705354175366
151,4,0.06425594426002833
152,0,0.0636834524459199
152,1,0.06249748184185776
152,2,0.06253625276709816
152,3,0.0612457579925283
152,4,0.06273474543320756
153,0,0.0655789401637121
153,1,0.06592035675964732
153,2,0.0659951020203004
153,3,0.06370561437160313
153,4,0.06525216399120694
154,0,0.06431798378531102
154,1,0.06474178442434106
154,2,0.06480203791111167
154,3,0.06377003141955029
154,4,0.06418128458964155
155,0,0.06513784626094091
155,1,0.06414889785565114
155,2,0.06409983315530822
155,3,0.06314137755321873
155,4,0.0646057617993488
156,0,0.06187655958379456
156,1,0.061937937009520716
156,2,0.061918118443666674
156,3,0.061187658229795855
156,4,0.06150603735146409
157,0,0.04630655382575393
157,1,0.04645217359710008
157,2,0.046508969814122066
157,3,0.04687893490831391
157,4,0.046634896451256416
158,0,0.051651704291335886
158,1,0.05128168937252645
158,2,0.05138192780163837
158,3,0.05193789364195387
158,4,0.051314283877003056
159,0,0.05563966277123648
159,1,0.05572358134843307
159,2,0.05580414606027968
159,3,0.05631693374065939
159,4,0.055551937922996446
160,0,0.05844806107867967
160,1,0.05849636961718283
160,2,0.05846991650053587
160,3,0.057310051431461374
160,4,0.05848525607142285
161,0,0.060112990417114105
161,1,0.059880885139089825
161,2,0.059889809057778506
161,3,0.05785403710739676
161,4,0.05988433192185579
162,0,0.05805413167158946
162,1,0.0579870561963801
162,2,0.05795741599862599
162,3,0.05725374219512022
162,4,0.05803830054055313
163,0,0.05931285157495625
163,1,0.05934111619196034
163,2,0.05935544951623236
163,3,0.05942529186051874
163,4,0.05878720222830343
164,0,0.059456706556524054
164,1,0.05968126944991881
164,2,0.05955997590686674
164,3,0.059384756328679005
164,4,0.05881515338068834
165,0,0.06257524117129769
165,1,0.06210694238632953
165,2,0.06202308293007147
165,3,0.0616774653129075
165,4,0.06196215301000785
166,0,0.06060172072979597
166,1,0.05873275134028227
166,2,0.05881541862350417
166,3,0.059346049973944895
166,4,0.05857286130394551
167,0,0.060072543314811294
167,1,0.060709874678631426
167,2,0.060756934350278326
167,3,0.059557196719019614
167,4,0.059954101269414216
168,0,0.062017622692387656
168,1,0.06228545785379606
168,2,0.06226070211715053
168,3,0.061455710000064695
168,4,0.06259163383676229
169,0,0.06206566433946629
169,1,0.06209263580615365
169,2,0.06216462129590616
169,3,0.06036552754341502
169,4,0.06149883948025026
170,0,0.060889692501146064
170,1,0.06032868645199792
170,2,0.060379433878043474
170,3,0.05954882526741172
170,4,0.06013089384923904
171,0,0.06256917749704871
171,1,0.06311835134444421
171,2,0.06303269843093497
171,3,0.06214345462611323
171,4,0.06295801943519107
172,0,0.06524888545811403
172,1,0.06478290754778479
172,2,0.06479067359365627
172,3,0.06095580866929301
172,4,0.06461303408692586
173,0,0.06355317755764428
173,1,0.0630317391238723
173,2,0.06301603864507226
173,3,0.061860794442899394
173,4,0.06298044683266377
174,0,0.06225584256835091
174,1,0.06255039499014953
174,2,0.06247382833748744
174,3,0.0603260729035267
174,4,0.06247345350799023
175,0,0.061518964595726096
175,1,0.061283278219124694
175,2,0.06129788205260141
175,3,0.061792894709153244
175,4,0.06171364462533071
176,0,0.06475036868385058
176,1,0.06354913187198721
176,2,0.06362364321338884
176,3,0.06315505940230101
176,4,0.06465934126030796
177,0,0.06337692228685926
177,1,0.06222785157458984
177,2,0.06213902225013559
177,3,0.06339281157714555
177,4,0.06275886109753974
178,0,0.06230170040428284
178,1,0.06250369970681154
178,2,0.06251047461831408
178,3,0.061039119734197525
178,4,0.06200830365715633
179,0,0.0635257832686299
179,1,0.0640943736503391
179,2,0.06401056429346653
179,3,0.061461725498304934
179,4,0.06405187233584853
180,0,0.06157749757617896
180,1,0.06154645491619505
180,2,0.06158220275109563
180,3,0.06005433873683753
180,4,0.06104466629486282
181,0,0.06253880009645459
181,1,0.06112180611380302
181,2,0.06118174837989411
181,3,0.059108356095734255
181,4,0.061424376681214546
182,0,0.06250108432655295
182,1,0.06175550847780523
182,2,0.061731786098228415
182,3,0.05931957744035105
182,4,0.06127297519349559
183,0,0.061477684808664806
183,1,0.06060456577040019
183,2,0.06060318125968652
183,3,0.06108262834858068
183,4,0.06073117309973316
184,0,0.0598723283563913
184,1,0.058853233996845944
184,2,0.05890455490973239
184,3,0.05752866829715288
184,4,0.0584788090040704
185,0,0.06068675761320167
185,1,0.06069305099359075
185,2,0.06054439682061812
185,3,0.059627771091346725
185,4,0.06035177590323243
186,0,0.06093166786367871
186,1,0.060079205159236766
186,2,0.060163944194010645
186,3,0.05858934244474161
186,4,0.060319368103686793
187,0,0.06139588538051952
187,1,0.061718552487523434
187,2,0.061742866809199395
187,3,0.059664320608004084
187,4,0.060918632269191884
188,0,0.05789953724104388
188,1,0.058300531302609024
188,2,0.05836754399330538
188,3,0.05793276169720836
188,4,0.05869343582464735
189,0,0.05810367103384336
189,1,0.05808985157173219
189,2,0.05817251505399528
189,3,0.058799300634560535
189,4,0.058361098391382975
190,0,0.06059533205066689
190,1,0.06091453272898516
190,2,0.06094762598337679
190,3,0.05933319778717161
190,4,0.06028463237712088
191,0,0.0591593932189577
191,1,0.060237078992974306
191,2,0.06026500930877724
191,3,0.05857319423130587
191,4,0.06022483024276616
192,0,0.06215109024872165
192,1,0.06112630191541946
192,2,0.06117937539090333
192,3,0.05916052727853842
192,4,0.061240092961012606
193,0,0.06228657538149555
193,1,0.06171704034702266
193,2,0.061746502907193336
193,3,0.0604480729211851
193,4,0.0611161485010265
194,0,0.06057933244098434
194,1,0.05968810183375114
194,2,0.05957834617001112
194,3,0.05801337330281231
194,4,0.060155563995617896
195,0,0.06109283117543911
195,1,0.061539351748389905
195,2,0.06145024564085897
195,3,0.0595391667561801
195,4,0.062064580196092234
196,0,0.061330961156435375
196,1,0.06207706840670837
196,2,0.0620271354849313
196,3,0.057911490707122884
196,4,0.06073328899736176
197,0,0.06158247106215543
197,1,0.0618700858639355
197,2,0.06177723452967615
197,3,0.06075611343475384
197,4,0.061433439907335026
198,0,0.06168217928040356
198,1,0.06130205596337664
198,2,0.061325261870495286
198,3,0.06105131009618219
198,4,0.06205478347650097
199,0,0.06024200352443238
199,1,0.05899138841022264
199,2,0.05889752913494511
199,3,0.057446658991966125
199,4,0.05959847407896278
200,0,0.061485138946936205
200,1,0.060946323216176206
200,2,0.061043923734044596
200,3,0.059263473684761994
200,4,0.06091549093697542
201,0,0.061261150868428475
201,1,0.06089546519596628
201,2,0.06086163954717644
201,3,0.059021159855543966
201,4,0.061700829852815255
202,0,0.05955116707022174
202,1,0.060107722288134074
202,2,0.05997006918917464
202,3,0.060351771598532
202,4,0.06048895598888972
203,0,0.062459516857280094
203,1,0.06325459534094414
203,2,0.06319351709189551
203,3,0.06129875380022627
203,4,0.06299902720182321
204,0,0.06276369335270726
204,1,0.0622923690044867
204,2,0.0622107410316421
204,3,0.06130781285903042
204,4,0.06203274551703024
205,0,0.06166215949270359
205,1,0.060321015613276706
205,2,0.060352821808044604
205,3,0.06080185211291556
205,4,0.06024712762912803
206,0,0.062444516258651994
206,1,0.0628490822140624
206,2,0.0629117878230394
206,3,0.06041581711419915
206,4,0.06253976618113075
207,0,0.0645639242788181
207,1,0.06455442499570643
207,2,0.06465439538852671
207,3,0.06264625833243467
207,4,0.06412128920171589
208,0,0.06387002658729506
208,1,0.06328740430193093
208,2,0.06332719713556799
208,3,0.06134982893303812
208,4,0.06322129335437807
209,0,0.06337607682538349
209,1,0.06341840792102985
209,2,0.06344793010588037
209,3,0.06218465358555532
209,4,0.06346505466200161
210,0,0.06390210704643198
210,1,0.06435913314910938
210,2,0.06421862296554383
210,3,0.06299568277017858
210,4,0.06403710006952008
211,0,0.052188726519050106
211,1,0.05174184961765479
211,2,0.05181398013917486
211,3,0.05098561853635506
211,4,0.05135211463735882
212,0,0.06102072057460698
212,1,0.06165443443307505
212,2,0.06169405269737297
212,3,0.06066069127846459
212,4,0.06199158914664518
213,0,0.0641715654004523
213,1,0.06378963456720597
213,2,0.06386840948537613
213,3,0.061764705744968944
213,4,0.0638349308229152
214,0,0.06439585086964485
214,1,0.06523781404346411
214,2,0.06521735192490097
214,3,0.06452771593256461
214,4,0.06428442672234924
215,0,0.06414855311326201
215,1,0.06366024772946302
215,2,0.06364623290722551
215,3,0.062402927861208005
215,4,0.06394998236721462
216,0,0.0634853165662018
216,1,0.06302764439210765
216,2,0.06298435513426574
216,3,0.06212067584602201
216,4,0.06263952330810267
217,0,0.06388491961420809
217,1,0.06398313932201306
217,2,0.06383613215488848
217,3,0.06336366683208929
217,4,0.06330231321959946
218,0,0.06506610297927785
218,1,0.0650654071748329
218,2,0.06507297584561177
218,3,0.06395968424601296
218,4,0.06497561584142937
219,0,0.06548471851509169
219,1,0.06463340292171577
219,2,0.06446585468599068
219,3,0.06355382257578332
219,4,0.0639622158677925
220,0,0.06495841618202464
220,1,0.0646079253692446
220,2,0.06464666011668352
220,3,0.06314253954755733
220,4,0.06475819256840937
221,0,0.06300792570446163
221,1,0.06384402331183946
221,2,0.06402663369424919
221,3,0.06289115118093143
221,4,0.0638964955031086
222,0,0.06257903819181479
222,1,0.06258583471840891
222,2,0.06253307223463124
222,3,0.06177853189310396
222,4,0.06246059532211325
223,0,0.06550129678641475
223,1,0.06519980770628578
223,2,0.06534827732667782
223,3,0.06354918430690149
223,4,0.06572858776078797
224,0,0.06504487517358029
224,1,0.06509413811911502
224,2,0.06510792566233041
224,3,0.0638353366096194
224,4,0.06488121632625216
225,0,0.06490033633998032
225,1,0.06530934300600136
225,2,0.06529159472626954
225,3,0.06377550306011089
225,4,0.06489025047274773
226,0,0.06382508208056165
226,1,0.0634907659963399
226,2,0.06344426552359243
226,3,0.0634638821348852
226,4,0.06386160915782348
227,0,0.06612373246723025
227,1,0.06532530478927417
227,2,0.06521230443471344
227,3,0.06333231917950287
227,4,0.0660934773384452
228,0,0.06582617998981827
228,1,0.06544017196417147
228,2,0.06551938614496097
228,3,0.0646792829222754
228,4,0.0651215109762167
229,0,0.06510615835384458
229,1,0.06456408268263363
229,2,0.06453477600757117
229,3,0.06495741611769226
229,4,0.06448924835131815
230,0,0.06593240378426775
230,1,0.06522494770613323
230,2,0.06523120399282775
230,3,0.06486162311604332
230,4,0.06535880941732167
231,0,0.06501150660154201
231,1,0.06474223115149377
231,2,0.06469275086438388
231,3,0.06421988689885146
231,4,0.06487922608923939
232,0,0.06599051733120032
232,1,0.06613145867172562
232,2,0.06617658067865825
232,3,0.06459127258996872
232,4,0.0664089981390506
233,0,0.06449512394679559
233,1,0.06483148957214722
233,2,0.06481187905154757
233,3,0.06269702375579168
233,4,0.06486125662117878
234,0,0.06314336041728712
234,1,0.06355193423194493
234,2,0.06353157148784822
234,3,0.06266019548688614
234,4,0.06282921524322625
235,0,0.06610106029716574
235,1,0.06500782374717462
235,2,0.06504710844298656
235,3,0.06463704016457668
235,4,0.0654681114389117
236,0,0.06511318188469235
236,1,0.06432955546110057
236,2,0.06433907915277932
236,3,0.06293220506281134
236,4,0.06507450140395515
237,0,0.06781760931301258
237,1,0.06713389805385055
237,2,0.06713866427308236
237,3,0.06513190389681264
237,4,0.06689338226135175
238,0,0.06569574564444929
238,1,0.0657623969692859
238,2,0.0658004603208472
238,3,0.06443449274546255
238,4,0.0653945606868236
239,0,0.06823333460886806
239,1,0.06848604387739003
239,2,0.06865436673021273
239,3,0.06659494484744582
239,4,0.06832102840831164
240,0,0.06719614415895754
240,1,0.06619318835016916
240,2,0.06621049915327476
240,3,0.06571745969811273
240,4,0.06578353172018325
241,0,0.06665618351527632
241,1,0.0648740693329337
241,2,0.06478718504613767
241,3,0.06490418323090966
241,4,0.06563867191163587
242,0,0.06581270714767848
242,1,0.06464228026720953
242,2,0.06466561119381829
242,3,0.0636114672309354
242,4,0.06578738364852778
243,0,0.06775052847982464
243,1,0.06812688339801252
243,2,0.06811967989405252
243,3,0.06607359159178822
243,4,0.0677325518677932
244,0,0.06862538290767978
244,1,0.06883331216397695
244,2,0.0687281259855017
244,3,0.06742116646463282
244,4,0.0680560422258504
245,0,0.06628908736651414
245,1,0.06635805283417086
245,2,0.06630907312876337
245,3,0.06532167157634544
245,4,0.06635016836324374
246,0,0.0668273304805321
246,1,0.06824821765253962
246,2,0.0683218029796149
246,3,0.06700946079725842
246,4,0.06770303682691349
247,0,0.06719569784395707
247,1,0.06623769872328839
247,2,0.06622275706241985
247,3,0.06627700137061676
247,4,0.06654145491509601
248,0,0.068432617050116
248,1,0.06698703926150545
248,2,0.0669600636275019
248,3,0.06694735569398673
248,4,0.06694377345054246
249,0,0.067044708874761
249,1,0.06703546425589287
249,2,0.06700519282420009
249,3,0.06660829697479594
249,4,0.06637939828641427
250,0,0.06088366399721528
250,1,0.060525250383356655
250,2,0.060499381377917466
250,3,0.05850916556808275
250,4,0.060222926053966536
251,0,0.04740224666526769
251,1,0.046447746991252675
251,2,0.046412410484213296
251,3,0.04818900576588062
251,4,0.04663656053852214
252,0,0.04941470985366817
252,1,0.04903337435132763
252,2,0.049079603719539615
252,3,0.050290982909277124
252,4,0.04967236265844241
253,0,0.053331490478882054
253,1,0.05335124190972775
253,2,0.053352547928351104
253,3,0.05229505518332831
253,4,0.05373950280490618
254,0,0.05403298505070989
254,1,0.05398155107074588
254,2,0.05405323330809388
254,3,0.05495857394471478
254,4,0.05342857287568363
255,0,0.05656765918342458
255,1,0.05614687471973667
255,2,0.056088466209237735
255,3,0.056028826050683954
255,4,0.056071045224120056
256,0,0.056826487537764266
256,1,0.0573331154666456
256,2,0.05739643531973345
256,3,0.05566703109466445
256,4,0.05762974669237816
257,0,0.059674750210142694
257,1,0.05982808542423341
257,2,0.05991929323304037
257,3,0.0589198280325314
257,4,0.05953225368211251
258,0,0.06049354525745842
258,1,0.06086437582540343
258,2,0.06080971496875132
258,3,0.05947592173160774
258,4,0.06074625855591271
259,0,0.059085907495322505
259,1,0.058745434956819845
259,2,0.058741553216135126
259,3,0.05689249462297154
259,4,0.059034968601698615
260,0,0.05877481288841233
260,1,0.05863830657995621
260,2,0.05872466056429915
260,3,0.05866500987296779
260,4,0.0586423616993185
261,0,0.058451419157140486
261,1,0.05842702272559429
261,2,0.058493820959780514
261,3,0.05838231122221853
261,4,0.05802978446932973
262,0,0.059092467767136246
262,1,0.05873933583748442
262,2,0.05880852482899902
262,3,0.05874739931983553
262,4,0.05894832093604053
263,0,0.05939837534745361
263,1,0.059103491188956185
263,2,0.05903420053324086
263,3,0.05919371743448364
263,4,0.05892006579853638
264,0,0.05993808173904337
264,1,0.060885298775882425
264,2,0.060853326163228916
264,3,0.05915596479986053
264,4,0.06141414262238119
265,0,0.059060431179307836
265,1,0.05983418591740905
265,2,0.05983862319341813
265,3,0.05897876167068401
265,4,0.05928755820870851
266,0,0.05774456605762432
266,1,0.05834537574795561
266,2,0.05833810249869004
266,3,0.058024167659617674
266,4,0.058128839334806344
267,0,0.059686699600494386
267,1,0.060641214157782355
267,2,0.06063368226013564
267,3,0.05918596215036332
267,4,0.060231877678439676
268,0,0.06163017396594871
268,1,0.06174894903029573
268,2,0.06168267803031857
268,3,0.06024079646812355
268,4,0.061389492442484955
269,0,0.05927473377351449
269,1,0.0594157449509347
269,2,0.059357310154286476
269,3,0.058765693563802554
269,4,0.05901455452175987
270,0,0.06267232755223687
270,1,0.06152145724622849
270,2,0.06154556237778324
270,3,0.06138411431467124
270,4,0.06195210158037836
271,0,0.06152280562493577
271,1,0.06042034932259035
271,2,0.060458331480175174
271,3,0.06040582956815551
271,4,0.06039450358085135
272,0,0.06268668821593594
272,1,0.06279273574664244
272,2,0.06281430151711573
272,3,0.06243891840793949
272,4,0.0630499822151762
273,0,0.06262746964325294
273,1,0.061935275742987746
273,2,0.061878461895011956
273,3,0.06147690964203079
273,4,0.06166837209126818
274,0,0.0619763588876714
274,1,0.062013474197662476
274,2,0.062085221051311236
274,3,0.0610144580598354
274,4,0.061818705601136996
275,0,0.061693251061410936
275,1,0.061810860742612675
275,2,0.06180854879793729
275,3,0.060912242811553365
275,4,0.06163298626335307
276,0,0.06101236670815802
276,1,0.06093234040442351
276,2,0.060837343772347875
276,3,0.060752420459761244
276,4,0.06090874748642144
277,0,0.0637781874529598
277,1,0.06295546065716338
277,2,0.0628184795494127
277,3,0.061990299201956305
277,4,0.06291923884727235
278,0,0.06344563423513952
278,1,0.06347951341791616
278,2,0.06337982965402972
278,3,0.061196892407475854
278,4,0.06319995156570951
279,0,0.06329529028408251
279,1,0.06290359300153187
279,2,0.06280840517664592
279,3,0.06281085853530859
279,4,0.06311232572557852
280,0,0.06453263629670639
280,1,0.06469137194062208
280,2,0.06473198875802773
280,3,0.06351172379657444
280,4,0.06363083765000159
281,0,0.06359566499634509
281,1,0.06312725172466452
281,2,0.06328252217635111
281,3,0.06245992250660042
281,4,0.06307981333097218
282,0,0.06534232323911027
282,1,0.06532347048316406
282,2,0.06531604730209964
282,3,0.06398635209393831
282,4,0.06534661974225736
283,0,0.06804688447949994
283,1,0.06669416374948413
283,2,0.06666866316228633
283,3,0.06411117265204432
283,4,0.06692548735802926
284,0,0.06612950007884019
284,1,0.06615727167026487
284,2,0.06609630277892414
284,3,0.06506159311869295
284,4,0.06578336392845718
285,0,0.06619793648050046
285,1,0.0651380789895305
285,2,0.06516857838716539
285,3,0.06333122784636333
285,4,0.0659948238633832
286,0,0.06434435085374497
286,1,0.06501014929287162
286,2,0.06493749588763739
286,3,0.06328533401580853
286,4,0.06460621736487575
287,0,0.06515024247003492
287,1,0.0653131664958465
287,2,0.0651643918828518
287,3,0.06302043685821503
287,4,0.06500917491935747
288,0,0.06644382490545055
288,1,0.06596152924976158
288,2,0.06584751843547478
288,3,0.0641870066813346
288,4,0.06580765118547424
289,0,0.0666563867520885
289,1,0.06636272773880077
289,2,0.06648611835786573
289,3,0.06519124318428546
289,4,0.0665337214292456
290,0,0.06588461680143264
290,1,0.06531955531235945
290,2,0.06527226039341548
290,3,0.06485592680675799
290,4,0.0653291599232467
291,0,0.06506153830245485
291,1,0.06420418206955641
291,2,0.0643707720972911
291,3,0.06384690947607083
291,4,0.0643764181698072
292,0,0.06552510965628941
292,1,0.06519098242934894
292,2,0.06526283145093997
292,3,0.06436880759689141
292,4,0.06481238412112898
293,0,0.06491756718556578
293,1,0.06519134255875203
293,2,0.06515703670689492
293,3,0.06276417982964679
293,4,0.06418547690988026
294,0,0.06674467166932703
294,1,0.06590740854141956
294,2,0.0660375471905071
294,3,0.06472932048490788
294,4,0.06618029160516747
295,0,0.06373192776866603
295,1,0.0628897556336989
295,2,0.06296621260809034
295,3,0.062066519051468344
295,4,0.06278197610220844
296,0,0.06498194645289752
296,1,0.06634592887447965
296,2,0.06652297795033556
296,3,0.06422912052699517
296,4,0.0650294927388681
297,0,0.06537632473949061
297,1,0.06523723501546617
297,2,0.06520140763519786
297,3,0.06269558241387384
297,4,0.06538985381750376
298,0,0.0641139610904176
298,1,0.06434663898518413
298,2,0.06431593804514003
298,3,0.06274612976294038
298,4,0.06504716229753632
299,0,0.06598610592918816
299,1,0.06471921767364183
299,2,0.06470245933761702
299,3,0.06413227946818387
299,4,0.06558762375189324
300,0,0.06620777441530827
300,1,0.06568815196977233
300,2,0.0657160607620734
300,3,0.06408077592609315
300,4,0.06559694246656181
301,0,0.06628316510625266
301,1,0.06666261780591143
301,2,0.066561361910487
301,3,0.06455709157442277
301,4,0.0661574788454201
302,0,0.0648484651123633
302,1,0.06539724814791639
302,2,0.06545407573429773
302,3,0.06516552896488181
302,4,0.0653619594047336
303,0,0.06638778132407758
303,1,0.06719372624538103
303,2,0.06709526602389014
303,3,0.06530643889025341
303,4,0.06618007980474909
304,0,0.06385031518100423
304,1,0.06344930023706273
304,2,0.06345482353402798
304,3,0.06339908805929607
304,4,0.06365105655299232
305,0,0.06518100404224202
305,1,0.06401444681266065
305,2,0.06397915967229191
305,3,0.06329134255325668
305,4,0.06435021408465738
306,0,0.06884304051210334
306,1,0.0663580562687722
306,2,0.0664033172167794
306,3,0.0660883260317067
306,4,0.06777773665923907
307,0,0.06435744630188509
307,1,0.06356632310516988
307,2,0.06344703454501938
307,3,0.06209127007126093
307,4,0.06355391196700867
308,0,0.06512775022728841
308,1,0.06519830655650939
308,2,0.06518636559237964
308,3,0.06374679950105057
308,4,0.06501282695390186
309,0,0.06640069519629149
309,1,0.06583569951418083
309,2,0.06590181572812238
309,3,0.06486550842871334
309,4,0.06633926222161228
310,0,0.06515756004855572
310,1,0.06588888005763835
310,2,0.0658951083637802
310,3,0.06456938987448012
310,4,0.0663464871574852
311,0,0.06568992578110341
311,1,0.0647599695853684
311,2,0.06481773651232968
311,3,0.06584147527724474
311,4,0.06523326562375452
312,0,0.06774496891346884
312,1,0.06773298334531574
312,2,0.06782835306669058
312,3,0.06646393797692418
312,4,0.06803139099267655
313,0,0.0662012625026819
313,1,0.0667614097183064
313,2,0.06674508844675561
313,3,0.06641907764082197
313,4,0.06737900316071248
314,0,0.06691384273130649
314,1,0.0661478293557414
314,2,0.06619305998766697
314,3,0.0664455682633161
314,4,0.06608504475093253
315,0,0.06647402558435496
315,1,0.06687711040226646
315,2,0.06691842870265798
315,3,0.0644061238539607
315,4,0.06681084356960577
316,0,0.06767717785051042
316,1,0.06706854848873145
316,2,0.06703908171544996
316,3,0.06547044206781853
316,4,0.06691665892125909
317,0,0.06736754890249563
317,1,0.06737649800826107
317,2,0.06735359370493818
317,3,0.06633714952961185
317,4,0.06738172583791824
318,0,0.06849432071717859
318,1,0.06729842645065849
318,2,0.06740790798741388
318,3,0.06624877064167964
318,4,0.06792021573949414
319,0,0.06693314862566126
319,1,0.06563796314729511
319,2,0.0657366604020761
319,3,0.0656277821645016
319,4,0.0663836886530736
320,0,0.06951170574430938
320,1,0.06989563089029574
320,2,0.06981495824037638
320,3,0.06668828352874345
320,4,0.0694700053330659
321,0,0.0679470719867538
321,1,0.06743232653779294
321,2,0.06732871262823993
321,3,0.06639157921469363
321,4,0.06720228870662043
322,0,0.06607210972157426
322,1,0.06724308604667456
322,2,0.06727862418771237
322,3,0.06546194907711632
322,4,0.06669588453057014
323,0,0.0668467366194526
323,1,0.06581472893722927
323,2,0.06586177853404554
323,3,0.06583924049661394
323,4,0.06604168822069845
324,0,0.06726486164839471
324,1,0.06764212082843389
324,2,0.06760023522348402
324,3,0.06598700547418691
324,4,0.06718357388426573
325,0,0.06939548419160164
325,1,0.06876074709669037
325,2,0.06881657622155314
325,3,0.06641821560167048
325,4,0.06859993338155589
326,0,0.06916191980332186
326,1,0.06911483856237807
326,2,0.06908012765653151
326,3,0.06734302616920802
326,4,0.06866914256852653
327,0,0.06712526919031778
327,1,0.06666466244701016
327,2,0.06672888445539364
327,3,0.06458069136162767
327,4,0.06637241693247124
328,0,0.06659227730704101
328,1,0.06585741013324291
328,2,0.06582435269029484
328,3,0.0643664070395005
328,4,0.0664302332261029
329,0,0.06368065205513357
329,1,0.0639844140170718
329,2,0.06398016005718711
329,3,0.06351081820667727
329,4,0.06370253376313917
330,0,0.06358790934586742
330,1,0.06425314354867948
330,2,0.0642960493676232
330,3,0.0631685741465777
330,4,0.06419415138491932
331,0,0.06247847402510818
331,1,0.06332300889105658
331,2,0.06331124464861644
331,3,0.06254827231490741
331,4,0.06258636360122667
332,0,0.0637143804360123
332,1,0.06413366484899646
332,2,0.06417532867028636
332,3,0.0628892549146124
332,4,0.06353272409427638
333,0,0.06296711425964442
333,1,0.06226682898806499
333,2,0.062332469761586344
333,3,0.06257644886873213
333,4,0.06211781047257783
334,0,0.06295631101867026
334,1,0.06258273327336321
334,2,0.06263482871175823
334,3,0.06223500264363569
334,4,0.06298839903393007
335,0,0.06420829594349967
335,1,0.06522994853153666
335,2,0.06518150334169327
335,3,0.06454459154877777
335,4,0.06499750551771008
336,0,0.06427242901860472
336,1,0.06391745879870504
336,2,0.06396897186609024
336,3,0.06412969953301145
336,4,0.06423141781737132
337,0,0.06440134769728204
337,1,0.0647193874803341
337,2,0.06469131130845901
337,3,0.06410299820917152
337,4,0.06435476433615454
338,0,0.06580540023931962
338,1,0.065269265604191
338,2,0.06521057151803603
338,3,0.06446818229244843
338,4,0.06476929603933859
339,0,0.06398197911366695
339,1,0.06420741077803215
339,2,0.06398942395561748
339,3,0.0632574401983694
339,4,0.0636480408813917
340,0,0.06377358467495889
340,1,0.06300174658181143
340,2,0.0628859115820402
340,3,0.062485754509933975
340,4,0.06352056423155213
341,0,0.06487043305176077
341,1,0.06401557624697829
341,2,0.06398565203058786
341,3,0.06304468656359032
341,4,0.06443526745414964
342,0,0.06473632597264997
342,1,0.06444121581738181
342,2,0.06449141581376201
342,3,0.06404368502466908
342,4,0.06487639162720768
343,0,0.06442009462171111
343,1,0.0637607792445593
343,2,0.06375580868944261
343,3,0.06225962919347433
343,4,0.06373672508248926
344,0,0.064961974154286
344,1,0.06559766506089737
344,2,0.06548789735315536
344,3,0.06556295149895912
344,4,0.06518322787794319
345,0,0.06558731930882714
345,1,0.06562716938582086
345,2,0.06555242971211932
345,3,0.0649115700051995
345,4,0.06569918413837715
346,0,0.0646423768024056
346,1,0.06419931432350787
346,2,0.0642434183145915
346,3,0.0635833965544226
346,4,0.06457379962788344
347,0,0.06639044410183519
347,1,0.0659262239746975
347,2,0.06587140196654846
347,3,0.06462428391766877
347,4,0.06560642842342015
348,0,0.0660711598482167
348,1,0.06679760565420034
348,2,0.06678693082152311
348,3,0.06655341607468203
348,4,0.06679828927725887
349,0,0.06616265080556172
349,1,0.0646146238952125
349,2,0.06465835649140021
349,3,0.06417004854309892
349,4,0.06519343358986672
350,0,0.06775877646896163
350,1,0.06799897870525183
350,2,0.06798549450603004
350,3,0.06677328711941331
350,4,0.06726432475150722
351,0,0.06394977780235636
351,1,0.06420875810346122
351,2,0.06409443258809874
351,3,0.06394121387568717
351,4,0.06446368708616267
352,0,0.06584193881104705
352,1,0.06593751424214714
352,2,0.06592446958031283
352,3,0.06475233895438073
352,4,0.06490178061275795
353,0,0.06615385309702508
353,1,0.06502312127854075
353,2,0.06498954626406234
353,3,0.06513839675885004
353,4,0.065708481421133
354,0,0.06495475984278017
354,1,0.06467321375266423
354,2,0.06460233809710421
354,3,0.0635257347720584
354,4,0.06458501383036136
355,0,0.0664606320128149
355,1,0.06643176785179415
355,2,0.0664153549908733
355,3,0.06520287343147715
355,4,0.06677015403024009
356,0,0.06519411707554126
356,1,0.065737645537341
356,2,0.06568679163865267
356,3,0.06535106004071553
356,4,0.06534030964680805
357,0,0.06433822425759872
357,1,0.06393818080210621
357,2,0.06402849030237105
357,3,0.0631979242350017
357,4,0.06417688472789028
358,0,0.06458928313146554
358,1,0.06441774155340863
358,2,0.06441711746344053
358,3,0.06292296850380782
358,4,0.06424364069358232
359,0,0.06466740799408137
359,1,0.06431525204075796
359,2,0.06423763916272089
359,3,0.06369177086728253
359,4,0.06460626448760663
360,0,0.06432366337953666
360,1,0.06475693811460144
360,2,0.06469161620947222
360,3,0.06251869760355327
360,4,0.06457053130700524
361,0,0.06350727131672998
361,1,0.06387379136835403
361,2,0.06394907522029816
361,3,0.06358930754919166
361,4,0.06374164544663097
362,0,0.06456129722091475
362,1,0.06349328662739524
362,2,0.06345385593812726
362,3,0.06406582121373948
362,4,0.06434194910569216
363,0,0.06486890080739344
363,1,0.06452446895200964
363,2,0.06454667887052297
363,3,0.064632085317037
363,4,0.06474256087322637
364,0,0.06714132732560803
364,1,0.06631759551965333
364,2,0.06642205676826408
364,3,0.0667167091140656
364,4,0.06668622808009919
365,0,0.06427689418357688
365,1,0.06422806386043184
365,2,0.06412706775825573
365,3,0.06275727202196797
365,4,0.06386558734211478
366,0,0.06508812811623678
366,1,0.06551628900461565
366,2,0.065659454959352
366,3,0.06388081677678406
366,4,0.06552690998274316
367,0,0.06506140627637784
367,1,0.06572764750431431
367,2,0.06577705310029301
367,3,0.06412365005511488
367,4,0.0650235114034628
368,0,0.06501837209493182
368,1,0.06423461135552874
368,2,0.06431289659113158
368,3,0.06342690920056997
368,4,0.06428807541388148
369,0,0.06587616168293489
369,1,0.0642112729643861
369,2,0.06427755779435815
369,3,0.06312844646220314
369,4,0.06419745959296803
370,0,0.06570021964779582
370,1,0.06525987036660374
370,2,0.06520920097470163
370,3,0.06528985723012352
370,4,0.06596375189480114
371,0,0.06534189025036304
371,1,0.0653672504310562
371,2,0.06535730075721698
371,3,0.06416945774586709
371,4,0.0650805421350668
372,0,0.06656988159949052
372,1,0.06557237838067373
372,2,0.06565325179449231
372,3,0.06373422762354468
372,4,0.06505902367050338
373,0,0.0634852309759354
373,1,0.0651890047858745
373,2,0.06519117389692704
373,3,0.0636732439863153
373,4,0.06510085308537478
374,0,0.06811817920222288
374,1,0.06723413442220161
374,2,0.06715875783602011
374,3,0.06630373282735955
374,4,0.06675874813121054
375,0,0.05767034001711048
375,1,0.0578091066138371
375,2,0.05783551897321442
375,3,0.057212891183695186
375,4,0.05798710986775073
376,0,0.060749471144659145
376,1,0.0621597557937971
376,2,0.062137379411603584
376,3,0.06052211669885251
376,4,0.06177804376755594
377,0,0.05905331931051253
377,1,0.05881508271948933
377,2,0.05893138729796125
377,3,0.058591063729569064
377,4,0.059375143749516475
378,0,0.062746398119795
378,1,0.06351200685352291
378,2,0.06346679344039881
378,3,0.06262410236006041
378,4,0.06223795104284401
379,0,0.05923444796009248
379,1,0.05933203135074845
379,2,0.05934841041519153
379,3,0.058450582671423175
379,4,0.05869591359187722
380,0,0.06079750189260287
380,1,0.06027626087971816
380,2,0.060320554140235356
380,3,0.0594856394095725
380,4,0.06006280534980105
381,0,0.06035546599315996
381,1,0.06015383208642354
381,2,0.0601709238535503
381,3,0.05907812587925808
381,4,0.06063154973903638
382,0,0.052198599074639716
382,1,0.05182531143866241
382,2,0.05188878868808279
382,3,0.05101299295047614
382,4,0.052385807106045484
383,0,0.05292044567460789
383,1,0.053085767372745125
383,2,0.05312740037421228
383,3,0.05183985912785526
383,4,0.052917028933155495
384,0,0.0569690749224496
384,1,0.056242842428108994
384,2,0.05625438543642568
384,3,0.05508903764447681
384,4,0.05672664541585693
385,0,0.05435261500840584
385,1,0.05439194865873608
385,2,0.054431934974917676
385,3,0.05299789827124713
385,4,0.054296087239827595
386,0,0.06113386751795464
386,1,0.060279275772809324
386,2,0.060198985966456973
386,3,0.05934542625033411
386,4,0.059899039526088806
387,0,0.059761543823462264
387,1,0.059506813910256466
387,2,0.05947657723672982
387,3,0.0572875815823156
387,4,0.05990742297590439
388,0,0.06233302085482652
388,1,0.06126589574733705
388,2,0.061263068200302764
388,3,0.0607490500167353
388,4,0.061271966657146376
389,0,0.06629109244100484
389,1,0.06731337763682146
389,2,0.06734210413901895
389,3,0.0650712965545106
389,4,0.06681934649775434
390,0,0.06833138341090851
390,1,0.06750175920282675
390,2,0.06753251363106282
390,3,0.06676238459556175
390,4,0.06704041186787225
391,0,0.06584733145577576
391,1,0.06569193300794451
391,2,0.06557298543501881
391,3,0.06491565402100787
391,4,0.06508487852538476
392,0,0.06445461007584188
392,1,0.06410681290643717
392,2,0.06414972293849193
392,3,0.06279086810200153
392,4,0.06413371004835036
393,0,0.06545276499882195
393,1,0.0655097311141254
393,2,0.06538949886289973
393,3,0.06447756997391256
393,4,0.06618345313284013
394,0,0.06519861452576642
394,1,0.06505532739829349
394,2,0.06520401687896854
394,3,0.06402241032521426
394,4,0.06499254380096778
395,0,0.06474874219402121
395,1,0.06461048089584963
395,2,0.06450562114188937
395,3,0.06359372898023971
395,4,0.06507310521559702
396,0,0.06526368085075837
396,1,0.06420344509568947
396,2,0.06416480088434309
396,3,0.06395250524220934
396,4,0.06458642013934499
397,0,0.06418143442985107
397,1,0.06355209547503085
397,2,0.06353127592895078
397,3,0.06174532602958184
397,4,0.0632963831284468
398,0,0.062018395294519406
398,1,0.06139728230159276
398,2,0.06138005195974887
398,3,0.059174341565850004
398,4,0.06110315261053167
399,0,0.06430477994115136
399,1,0.06346487555898828
399,2,0.06346926969640404
399,3,0.06290161384683275
399,4,0.06366744244084353
400,0,0.06613287656676456
400,1,0.06561767120178158
400,2,0.0655893441208272
400,3,0.06545786895385605
400,4,0.0665977113043704
401,0,0.06086054734393769
401,1,0.060633188456046636
401,2,0.060769213599746574
401,3,0.05927679022964175
401,4,0.06068289973154801
402,0,0.061393985816983264
402,1,0.06169396380988932
402,2,0.06169560028295995
402,3,0.05954100642026841
402,4,0.06067646534932333
403,0,0.061186124428409205
403,1,0.060869502860959046
403,2,0.06076519342172913
403,3,0.058124861974819274
403,4,0.05977400808345811
404,0,0.05831124171775638
404,1,0.05764909902254361
404,2,0.05752373382824824
404,3,0.05641095453379119
404,4,0.05759502621544242
405,0,0.05932497626736248
405,1,0.05807719698902526
405,2,0.05806607396376535
405,3,0.05615521512254832
405,4,0.0583868935757898
406,0,0.06082567121086715
406,1,0.061029690150596366
406,2,0.06101194077179215
406,3,0.05939646433524597
406,4,0.06041683462630649
407,0,0.0563904975900273
407,1,0.05666407600027329
407,2,0.05671650216788392
407,3,0.05582117380643666
407,4,0.056775717351760166
408,0,0.060213920300175854
408,1,0.060923463013135004
408,2,0.06095838237638814
408,3,0.05987757422915476
408,4,0.061651082536896745
409,0,0.061152818045553205
409,1,0.061056377278084106
409,2,0.06102920445216671
409,3,0.05912770604457599
409,4,0.06061896114647039
410,0,0.06035718045457938
410,1,0.05915357349299603
410,2,0.05906900362378847
410,3,0.05795723350680616
410,4,0.05963246797742546
411,0,0.062400251802991795
411,1,0.06260431891872974
411,2,0.06265635312963087
411,3,0.0614621231793499
411,4,0.0615000155335572
412,0,0.05992212187914722
412,1,0.060591474764344365
412,2,0.06047812751504408
412,3,0.06004854593815067
412,4,0.06090334897997305
413,0,0.060521241974573044
413,1,0.06021060769583726
413,2,0.06025556616994948
413,3,0.059204512615593174
413,4,0.060744186529592493
414,0,0.05884800044285303
414,1,0.05918879326938294
414,2,0.059164940787105984
414,3,0.058196525024194326
414,4,0.05925591591311824
415,0,0.057520528658240734
415,1,0.05728623892794425
415,2,0.05722438505431476
415,3,0.05558428344177027
415,4,0.05758011345102018
416,0,0.05813333133546387
416,1,0.058094032351710276
416,2,0.058019830490790215
416,3,0.05766443992147639
416,4,0.05797284267100399
417,0,0.05882334169935072
417,1,0.05961753423903747
417,2,0.05957379930732069
417,3,0.0588350382114517
417,4,0.059479063979717896
418,0,0.06044728795448851
418,1,0.05970155342715726
418,2,0.05975805289461994
418,3,0.06038417967284582
418,4,0.06014560900959518
419,0,0.06054444797328125
419,1,0.061277883742608584
419,2,0.061282517294637746
419,3,0.060700451689465036
419,4,0.06141290488363337
420,0,0.06103641555804453
420,1,0.06139069926982025
420,2,0.06141538777986799
420,3,0.060487532644283366
420,4,0.06103269249594378
421,0,0.05819456066117861
421,1,0.05760099353767378
421,2,0.05754276216101682
421,3,0.05707454988220886
421,4,0.05695077202328709
422,0,0.060129316084954684
422,1,0.060657729736181776
422,2,0.060624599067532446
422,3,0.058775223071406466
422,4,0.05991654637624115
423,0,0.06143021106147551
423,1,0.059800499209693714
423,2,0.05975345400916734
423,3,0.06007953112580481
423,4,0.06052534128580644
424,0,0.05972244725221636
424,1,0.05849316142472632
424,2,0.05845887251690232
424,3,0.05792835144006343
424,4,0.05847830961302989
425,0,0.058240271862529204
425,1,0.058793974987456026
425,2,0.0587694324250697
425,3,0.057770025292221416
425,4,0.05851543028099919
426,0,0.05869023454718813
426,1,0.058347311580882494
426,2,0.058445702835577595
426,3,0.058602626246421444
426,4,0.05893363306931674
427,0,0.05866927638059642
427,1,0.05882607774860435
427,2,0.05883190791575433
427,3,0.05768370574548192
427,4,0.05823180341777841
428,0,0.0550022421077807
428,1,0.05486969749752926
428,2,0.05489029461882412
428,3,0.05386621807231204
428,4,0.05543139536698473
429,0,0.06190741846970754
429,1,0.06130980703438615
429,2,0.06138094092617528
429,3,0.06052854805862779
429,4,0.06161213791241604
430,0,0.06201570847455209
430,1,0.061720245929182266
430,2,0.06183060287713721
430,3,0.060729971721965266
430,4,0.06174854415948515
431,0,0.05935719076754258
431,1,0.05992874960653211
431,2,0.05984559003044589
431,3,0.05767826955000756
431,4,0.05953913502046338
432,0,0.06186075844827694
432,1,0.06264043622514934
432,2,0.06266397405214537
432,3,0.06027212616919343
432,4,0.062081880191651964
433,0,0.060204728665758434
433,1,0.06035060896306764
433,2,0.06034949835036574
433,3,0.059486640160825055
433,4,0.059791656576571206
434,0,0.05920445885263288
434,1,0.05916813675238164
434,2,0.05911443387474639
434,3,0.0587333611881033
434,4,0.05877967678770728
435,0,0.059251913411849245
435,1,0.05985251322513889
435,2,0.059882980658083666
435,3,0.05912207485533289
435,4,0.06017788121107828
436,0,0.05913478897113059
436,1,0.05912526756918585
436,2,0.059132032360063216
436,3,0.057890674183491884
436,4,0.059702528624975555
437,0,0.060733265596277765
437,1,0.0606624037249177
437,2,0.06068038912952894
437,3,0.059498508082432205
437,4,0.060074321842995
438,0,0.05814046797918392
438,1,0.05895496945421236
438,2,0.0589561346083844
438,3,0.05657257157929098
438,4,0.05846253893097772
439,0,0.057940107347870876
439,1,0.056535220564055695
439,2,0.056629410156396776
439,3,0.055387508442708296
439,4,0.05738603580470295
440,0,0.06162347099789644
440,1,0.06075411064999742
440,2,0.060769525507346635
440,3,0.059988081108908374
440,4,0.061199466068776215
441,0,0.06176637445749791
441,1,0.06205722016589843
441,2,0.06208452318610553
441,3,0.0599265887385228
441,4,0.061724033470199655
442,0,0.05790133935349057
442,1,0.057935254256121324
442,2,0.05798862022225883
442,3,0.05801975914267093
442,4,0.05761566317811311
443,0,0.061639918845956265
443,1,0.060611655382978365
443,2,0.06065935618021617
443,3,0.05943838314134255
443,4,0.060254743788995216
444,0,0.06047713047316103
444,1,0.05962921609683916
444,2,0.059694638383918246
444,3,0.060014565136967866
444,4,0.059629492192995466
445,0,0.0627938798352596
445,1,0.06215833386882581
445,2,0.06212151242332885
445,3,0.06132077518202115
445,4,0.06236206590485332
446,0,0.06017320905412962
446,1,0.06019621552539481
446,2,0.060228836178636676
446,3,0.060177092901369654
446,4,0.0600058762823979
447,0,0.058389175937098595
447,1,0.057872388640514805
447,2,0.05792644262600065
447,3,0.05611251492174028
447,4,0.057640843019336724
448,0,0.062211263320025335
448,1,0.06182699769055573
448,2,0.061779859893176046
448,3,0.0595055769958131
448,4,0.06173885633965509
449,0,0.06243736340361359
449,1,0.06141557375208398
449,2,0.06144306769033294
449,3,0.061186152088398955
449,4,0.06183851963331737
450,0,0.060229819253140846
450,1,0.06013164034840007
450,2,0.06021716233490483
450,3,0.0592773350948045
450,4,0.060107867136722885
451,0,0.06064248111353929
451,1,0.06046912945476051
451,2,0.060471787103513364
451,3,0.05846491700317827
451,4,0.05969364784488029
452,0,0.06241129542026781
452,1,0.06142034935922612
452,2,0.06131119168248347
452,3,0.061072438893770474
452,4,0.061139531725165785
453,0,0.0582301018704603
453,1,0.05793410403101687
453,2,0.05788833091525194
453,3,0.05609365772370962
453,4,0.05778268459178121
454,0,0.0636231234437136
454,1,0.06291925231090985
454,2,0.0629271201583662
454,3,0.06141585085572328
454,4,0.06331986142235231
455,0,0.06292804621848752
455,1,0.06244064216567989
455,2,0.062326440982887456
455,3,0.061286642479867995
455,4,0.06208201295044399
456,0,0.05885637358886438
456,1,0.05852862634006245
456,2,0.05849629474287263
456,3,0.05730746929814426
456,4,0.05806966142780358
457,0,0.06164031808402066
457,1,0.060387477943448085
457,2,0.0602743359001316
457,3,0.06004856540089186
457,4,0.06066022055489691
458,0,0.06101240022986734
458,1,0.061536319773881305
458,2,0.061559044653628284
458,3,0.06072185456824329
458,4,0.06127191298577544
459,0,0.06247834749439333
459,1,0.06237448304211823
459,2,0.06232738980296717
459,3,0.06179589407784619
459,4,0.06327341114057931
460,0,0.061541360486455296
460,1,0.061791687469665596
460,2,0.06195044930814132
460,3,0.06116402240217393
460,4,0.06192174922947701
461,0,0.06288918970298102
461,1,0.06236177639085416
461,2,0.0625012237255743
461,3,0.06228004785288154
461,4,0.062024296489225736
462,0,0.06392131182612215
462,1,0.06532190870122476
462,2,0.0653419196963454
462,3,0.06293830418214649
462,4,0.06548012013338061
463,0,0.06496521481517424
463,1,0.06499216869670241
463,2,0.06501052563359337
463,3,0.06413364488251365
463,4,0.06492948625983598
464,0,0.06426739842665595
464,1,0.06500945765574298
464,2,0.06488981011105628
464,3,0.06302813915788491
464,4,0.0641619770008834
465,0,0.06329724397693652
465,1,0.06361882574990477
465,2,0.06358973160797543
465,3,0.06402726790484281
465,4,0.0634276580352601
466,0,0.06299126958217378
466,1,0.06277508079647875
466,2,0.06274795001008224
466,3,0.06213385083953027
466,4,0.06287017542918044
467,0,0.06635288201889668
467,1,0.06582489769284189
467,2,0.06586587619667013
467,3,0.06409381023832883
467,4,0.06590597274065883
468,0,0.06405547285137206
468,1,0.06449225321537305
468,2,0.0645018639627484
468,3,0.06340582821263288
468,4,0.06424947855423911
469,0,0.06355035665083922
469,1,0.06394550460870403
469,2,0.06391174371359888
469,3,0.06229937247726255
469,4,0.0642759151390049
470,0,0.0655003086287007
470,1,0.06452256664079212
470,2,0.06444415949973757
470,3,0.06420465641090418
470,4,0.06496253083447756
471,0,0.06225733579564639
471,1,0.06212401290472262
471,2,0.062106732784056075
471,3,0.06114175615619796
471,4,0.061319871698679675
472,0,0.06346246826977874
472,1,0.06398750721907413
472,2,0.0640142962855309
472,3,0.06309766295434201
472,4,0.06409442548992263
473,0,0.06477827220976287
473,1,0.0644785600092088
473,2,0.0644652060958663
473,3,0.06345431086252885
473,4,0.06510152136721407
474,0,0.06401432609787096
474,1,0.06447457417720524
474,2,0.06459971071863814
474,3,0.06267626374280198
474,4,0.06417844211353979
475,0,0.06612812820745982
475,1,0.06529275635425091
475,2,0.06519754549463844
475,3,0.06414453765209698
475,4,0.06528587748881289
476,0,0.0650923929294619
476,1,0.06420091374867826
476,2,0.06420228319294043
476,3,0.06305908766399643
476,4,0.06406884961626272
477,0,0.0642803796170569
477,1,0.06370155513071933
477,2,0.06367827929511656
477,3,0.06298630117940746
477,4,0.06347301597641018
478,0,0.0642888713255078
478,1,0.06372649629004451
478,2,0.06370618140139371
478,3,0.06177357205394373
478,4,0.06350938373396234
479,0,0.06455659346563355
479,1,0.06510832059569445
479,2,0.06503815361288574
479,3,0.06377903085367462
479,4,0.06487595442534935
480,0,0.06561787897226774
480,1,0.06545047769168709
480,2,0.06556387128520857
480,3,0.0634495435900191
480,4,0.06541579975801373
481,0,0.06508800831734084
481,1,0.06517825594898613
481,2,0.06512488123606387
481,3,0.06391146312956353
481,4,0.06558096749441968
482,0,0.06544641107785878
482,1,0.06562428743470065
482,2,0.06556015820634918
482,3,0.06485619681222093
482,4,0.06529972667167466
483,0,0.06661903646956843
483,1,0.06540686475701135
483,2,0.06540549627443762
483,3,0.06402779321567496
483,4,0.06496633614383256
484,0,0.06568295660854681
484,1,0.06536710746004963
484,2,0.0652922495444712
484,3,0.06417855018899665
484,4,0.06539737770108058
485,0,0.06341788499152119
485,1,0.06387691974067475
485,2,0.06374212459642066
485,3,0.06252526433241769
485,4,0.06424569224967806
486,0,0.06507742035718117
486,1,0.06529064237999889
486,2,0.06534612319048716
486,3,0.06327667437824762
486,4,0.065077435469427
487,0,0.06422602416515932
487,1,0.06498352824711422
487,2,0.06493788202842186
487,3,0.06360532286645133
487,4,0.06491006029181705
488,0,0.06564579614499616
488,1,0.06566224216126887
488,2,0.06569074935271972
488,3,0.06372230795394339
488,4,0.06572662944267067
489,0,0.06660712879817478
489,1,0.06549205042734887
489,2,0.06558212596256782
489,3,0.06579497640731105
489,4,0.06625541586263413
490,0,0.06558276722554275
490,1,0.06529463059332628
490,2,0.06527329654395932
490,3,0.0634129249233874
490,4,0.06447275544128785
491,0,0.06519788845103483
491,1,0.06506840494071178
491,2,0.06503408429717109
491,3,0.06367611013826936
491,4,0.06438500485643482
492,0,0.06687885023394131
492,1,0.06655256076734907
492,2,0.06657443652204549
492,3,0.06486093262378198
492,4,0.06692550416467863
493,0,0.06629326411655997
493,1,0.06545475793772115
493,2,0.06538606641387029
493,3,0.06454132350266771
493,4,0.06636120355429777
494,0,0.06660935084788319
494,1,0.06541501044082197
494,2,0.06544872036644268
494,3,0.06568151842646243
494,4,0.06522760205766896
495,0,0.06469683552131807
495,1,0.06563443558270486
495,2,0.0656580683420831
495,3,0.06437101609137307
495,4,0.06475582773087275
496,0,0.0643164083565556
496,1,0.064318682062669
496,2,0.06426763083468254
496,3,0.06393524540858835
496,4,0.06499954411391035
497,0,0.06458313047814354
497,1,0.06374063530746782
497,2,0.06375340501801324
497,3,0.06279034924822005
497,4,0.06425542760439142
498,0,0.06583812878483923
498,1,0.06457613735496662
498,2,0.06454520538073627
498,3,0.0639444881040795
498,4,0.06490195554845499
499,0,0.06393898949044959
499,1,0.06426753796306123
499,2,0.06434741896026003
499,3,0.0628966319346343
499,4,0.0642127641767158
500,0,0.06453541493501726
500,1,0.06487103241259896
500,2,0.06489986873045137
500,3,0.06317644721462802
500,4,0.06495982908544289
501,0,0.058314611977603674
501,1,0.05783248699870582
501,2,0.05771602433698107
501,3,0.056657297013043555
501,4,0.057690526818026985
502,0,0.050928777119978834
502,1,0.05219439745807996
502,2,0.05228955226499771
502,3,0.054351653686376906
502,4,0.05220678904191089
503,0,0.06043809563315092
503,1,0.060898346231192786
503,2,0.06091850789082725
503,3,0.05955234628336216
503,4,0.06124179144008693
504,0,0.06298645605703235
504,1,0.06240332160391026
504,2,0.06237904726099432
504,3,0.06120040417289966
504,4,0.062439338986326996
505,0,0.06107160657536948
505,1,0.06039464682662622
505,2,0.0603346514387006
505,3,0.060519132991941935
505,4,0.06051017829922514
506,0,0.06163688114711222
506,1,0.06225180173693026
506,2,0.06216078919666022
506,3,0.059971928224414814
506,4,0.0623397920569595
507,0,0.06344936663935594
507,1,0.0628141725592827
507,2,0.06270556698326307
507,3,0.062213757298573695
507,4,0.06251045859017451
508,0,0.06185106330129714
508,1,0.06184460386937983
508,2,0.06181035352068078
508,3,0.06148393202801153
508,4,0.061987237002955616
509,0,0.0637374044008473
509,1,0.06309089486624737
509,2,0.06316944923721433
509,3,0.06395271269213261
509,4,0.06352858269772765
510,0,0.06118428403160585
510,1,0.060977914038540394
510,2,0.060909194213574235
510,3,0.06142267614137947
510,4,0.061513405670495826
511,0,0.06286634616920503
511,1,0.06267405401186371
511,2,0.06266342149347535
511,3,0.061130088311569804
511,4,0.061892609979782916
512,0,0.06397539470805425
512,1,0.06355312681713314
512,2,0.06349435433047744
512,3,0.06074578279492969
512,4,0.06347582447285566
513,0,0.062171243024187334
513,1,0.062473687381446846
513,2,0.06243227332436898
513,3,0.06127774260338915
513,4,0.062264918159036294
514,0,0.06384658286837688
514,1,0.06364415240888834
514,2,0.06364611649713604
514,3,0.06204933532861396
514,4,0.06324271358934208
515,0,0.06166344233921612
515,1,0.06271657588816787
515,2,0.06284656813164732
515,3,0.06266483229033815
515,4,0.06327700611494613
516,0,0.06254846048526848
516,1,0.06276203943186175
516,2,0.06294957709341067
516,3,0.06121288697974302
516,4,0.06271606042319286
517,0,0.06293985350793145
517,1,0.06390962021405239
517,2,0.063842076076036
517,3,0.06354330074314901
517,4,0.06318983602352081
518,0,0.06307908066180586
518,1,0.06302048279028408
518,2,0.06297661807642987
518,3,0.06230899888641986
518,4,0.06371325278768755
519,0,0.06405683048060538
519,1,0.06382082395336067
519,2,0.06380489816471022
519,3,0.06178385932620121
519,4,0.06334990855167763
520,0,0.0633369051966491
520,1,0.06280371383172419
520,2,0.06273710134078057
520,3,0.0619482076125129
520,4,0.06247108757138123
521,0,0.061467571739389285
521,1,0.06202910309936977
521,2,0.06208125440728074
521,3,0.060107566906767676
521,4,0.061992436027755886
522,0,0.056939726253660686
522,1,0.05711045740317618
522,2,0.0570886773135769
522,3,0.05495093965015211
522,4,0.05648778015539726
523,0,0.06394067455168122
523,1,0.0639212689165021
523,2,0.06390453224136346
523,3,0.06290456769560862
523,4,0.06340368094564496
524,0,0.06494569510543481
524,1,0.06389366841402092
524,2,0.06392727021839031
524,3,0.06238325867761659
524,4,0.06324471005443198
525,0,0.06157734104994541
525,1,0.06118758546204145
525,2,0.06115100691155386
525,3,0.06035855429513118
525,4,0.0606551031362253
526,0,0.06376405063368129
526,1,0.06381990709797104
526,2,0.06387504321186495
526,3,0.06160203862734066
526,4,0.06344216954665173
527,0,0.06554095031262028
527,1,0.0640239523238495
527,2,0.06400402215634797
527,3,0.062363987449838454
527,4,0.0646606006599418
528,0,0.06364548709498462
528,1,0.0628685745385803
528,2,0.0629057457180872
528,3,0.06239454143473805
528,4,0.06302506802892056
529,0,0.06448784936948415
529,1,0.06397787627624302
529,2,0.064044325554929
529,3,0.061855398684131965
529,4,0.06395057009620245
530,0,0.06506719422082811
530,1,0.06586808775939587
530,2,0.0658579342076188
530,3,0.06374482465105197
530,4,0.06509197981560795
531,0,0.06631240020422231
531,1,0.06461975848689114
531,2,0.06467964547879723
531,3,0.06387194790330704
531,4,0.06527751015872671
532,0,0.06729190496694286
532,1,0.06545411269060855
532,2,0.06544720818014706
532,3,0.06487721519882371
532,4,0.06579038320039934
533,0,0.06567159357334258
533,1,0.06435692392191272
533,2,0.0643919042836861
533,3,0.06363752546001322
533,4,0.06472043576646963
534,0,0.06499626173406386
534,1,0.06484416073253031
534,2,0.06486430508177399
534,3,0.0628475671884967
534,4,0.06460078721429989
535,0,0.06528633470294865
535,1,0.06588717722806912
535,2,0.0658267643299996
535,3,0.06452125498942266
535,4,0.0654533103677263
536,0,0.06781479463428455
536,1,0.06683802482174507
536,2,0.0667053648088876
536,3,0.06572011143935119
536,4,0.06694162087137108
537,0,0.0662861629637207
537,1,0.06483996461133276
537,2,0.06487721661845904
537,3,0.06532090698828366
537,4,0.06479023204130305
538,0,0.06788326442027019
538,1,0.06591354425070813
538,2,0.06586353924809686
538,3,0.06590865727089182
538,4,0.06560178365169318
539,0,0.06587595734705036
539,1,0.06578156433471842
539,2,0.06565269209185157
539,3,0.06397905329123851
539,4,0.06628840786497717
540,0,0.0654402808181378
540,1,0.06646828966266696
540,2,0.06631686344581793
540,3,0.0659129805181352
540,4,0.066514952523368
541,0,0.06562067620322068
541,1,0.06575640088799202
541,2,0.06597368119000532
541,3,0.06421563848012354
541,4,0.06557170034456669
542,0,0.06602679954428056
542,1,0.06569865507238057
542,2,0.06575846824325446
542,3,0.06427528257702014
542,4,0.06552843531211322
543,0,0.06682749405914727
543,1,0.06702506396235262
543,2,0.06701860082106596
543,3,0.06615551045247209
543,4,0.06765664630720462
544,0,0.06574092828354489
544,1,0.06617473451172476
544,2,0.06624160377346755
544,3,0.06462947653121315
544,4,0.06631241682769301
545,0,0.06518726211492909
545,1,0.06607940261675982
545,2,0.0660923182749663
545,3,0.06470892312002935
545,4,0.06600667978678298
546,0,0.06522291446791134
546,1,0.06445863135293194
546,2,0.06443240588166409
546,3,0.06244200597719567
546,4,0.06337197513282662
547,0,0.06782873183453089
547,1,0.06670871162185586
547,2,0.06672342902615155
547,3,0.065899960951788
547,4,0.067563256152681
548,0,0.0662123390005417
548,1,0.06572301404387453
548,2,0.06578615163411562
548,3,0.0637863400975626
548,4,0.06572236577431283
549,0,0.06406904735771281
549,1,0.06492384843036339
549,2,0.0648504436259369
549,3,0.06325813188129266
549,4,0.06482859108914567
550,0,0.06665715930842563
550,1,0.06604674097727485
550,2,0.06605201363992877
550,3,0.06521514017899659
550,4,0.06636192459161405
551,0,0.06283536427876833
551,1,0.06368160522570838
551,2,0.0637075505250929
551,3,0.0626623280079854
551,4,0.06314679240836976
552,0,0.0654815732445322
552,1,0.06515504972130474
552,2,0.06513022428514864
552,3,0.06381276092895664
552,4,0.06521355462961559
553,0,0.06632161977339768
553,1,0.06627623669096555
553,2,0.0663321901026037
553,3,0.06516630101747739
553,4,0.06545403163401602
554,0,0.0676620094143615
554,1,0.06800339583159917
554,2,0.06797736274380357
554,3,0.06606503682405593
554,4,0.0673020882852654
555,0,0.06672550494502008
555,1,0.06562594254620804
555,2,0.06560840226593581
555,3,0.06359602604164236
555,4,0.06584568934995899
556,0,0.06788820410976906
556,1,0.06724476538357053
556,2,0.06724075271588147
556,3,0.06443695663690291
556,4,0.0668049553347951
557,0,0.06713484728608253
557,1,0.06685924443019393
557,2,0.06683127271599563
557,3,0.06467147817989509
557,4,0.06756719096940558
558,0,0.06666083387395494
558,1,0.06662197396964142
558,2,0.06673659371585546
558,3,0.06505050109643484
558,4,0.0664125626599518
559,0,0.0649748276691048
559,1,0.06442485223154208
559,2,0.0644056863315396
559,3,0.06408102385851815
559,4,0.06418915839040705
560,0,0.0655926469251031
560,1,0.06550984784477776
560,2,0.06539459938333253
560,3,0.06522921851846204
560,4,0.065863947507714
561,0,0.06567603909239499
561,1,0.06559337057271646
561,2,0.06560541814687293
561,3,0.06496985711398819
561,4,0.06594783815015275
562,0,0.06572350821432094
562,1,0.065365176527154
562,2,0.0653164664150572
562,3,0.06300989579181288
562,4,0.06530221478850333
563,0,0.06683376087861911
563,1,0.06675057149019281
563,2,0.06672210986445357
563,3,0.06474022163491872
563,4,0.06672012177979114
564,0,0.06756580439793111
564,1,0.06702937791327479
564,2,0.06702239257519432
564,3,0.06607828614233786
564,4,0.066060518995196
565,0,0.06537180004142785
565,1,0.06486729130739229
565,2,0.06499211209447169
565,3,0.06407542568724285
565,4,0.06521306966390071
566,0,0.06856292720029905
566,1,0.06813646007414209
566,2,0.06816670238041524
566,3,0.06644441529053026
566,4,0.06725376449713198
567,0,0.06462612000977148
567,1,0.0647595600892946
567,2,0.06473633366615689
567,3,0.06426409983549088
567,4,0.06431824861597486
568,0,0.06628682039221939
568,1,0.06589849231623793
568,2,0.06599133774298306
568,3,0.06399413389318136
568,4,0.06555308581257206
569,0,0.06760533386633477
569,1,0.06731444240904391
569,2,0.06728438987594561
569,3,0.0650328458257083
569,4,0.06767445558545697
570,0,0.06788363805910559
570,1,0.06836945633355884
570,2,0.0683844891258506
570,3,0.06686977926851909
570,4,0.06764687738498741
571,0,0.06825320620496729
571,1,0.06814770784412406
571,2,0.06820185616666104
571,3,0.06659512161493032
571,4,0.06814743673958845
572,0,0.0667233862539156
572,1,0.06667210715157657
572,2,0.066545243967338
572,3,0.06620440369751422
572,4,0.0667191851410976
573,0,0.0675996550964137
573,1,0.0687852073202328
573,2,0.06881013231403404
573,3,0.06739307449359146
573,4,0.06816241018196824
574,0,0.06803072522954495
574,1,0.0670971747463635
574,2,0.0671799899006235
574,3,0.06693660612438335
574,4,0.06780531618775454
575,0,0.06752593499558036
575,1,0.06672171154228297
575,2,0.0666702900184732
575,3,0.06544543926884717
575,4,0.06605928807985609
576,0,0.06872278188313896
576,1,0.06896334594323583
576,2,0.06900784060877774
576,3,0.06670236099811025
576,4,0.06948257098249462
577,0,0.06639210099933535
577,1,0.06669756592822691
577,2,0.06667169811344952
577,3,0.06589401213060914
577,4,0.0675023819189542
578,0,0.06668331819422126
578,1,0.06662635189573891
578,2,0.06652241128690255
578,3,0.06532295735371801
578,4,0.0668169376973202
579,0,0.06690847715123655
579,1,0.066275458547677
579,2,0.06620520684470083
579,3,0.06461551799064369
579,4,0.06644673822593014
580,0,0.06837826310944325
580,1,0.06889660115144709
580,2,0.068877462361898
580,3,0.06643088090033387
580,4,0.0681404742072611
581,0,0.06667236557098428
581,1,0.06603337259281163
581,2,0.0660751819954058
581,3,0.0656998978485438
581,4,0.06696222554878876
582,0,0.06715122369443383
582,1,0.06642579993423157
582,2,0.0664239001875166
582,3,0.06553723911134292
582,4,0.06682534876133084
583,0,0.06877982772698933
583,1,0.06917044984192422
583,2,0.06911997796249851
583,3,0.06778491213685206
583,4,0.06863228009099147
584,0,0.06911010417045249
584,1,0.06943366074762428
584,2,0.06933289160390724
584,3,0.0669267636559019
584,4,0.06869345249391272
585,0,0.06786224649161411
585,1,0.06711135424628839
585,2,0.0671653143984645
585,3,0.06590214485452385
585,4,0.06815327386753066
586,0,0.06899829076833379
586,1,0.06761385524974167
586,2,0.06761445273299765
586,3,0.06644117243149712
586,4,0.06748123718481551
587,0,0.06837477483669263
587,1,0.0688015245160565
587,2,0.0688084651127298
587,3,0.0673123309534997
587,4,0.06798332218934944
588,0,0.06689855193175925
588,1,0.06802709755777316
588,2,0.06806537628173846
588,3,0.06574816246994415
588,4,0.06727642160074483
589,0,0.06804390086417877
589,1,0.06730251761043785
589,2,0.06721026806413492
589,3,0.06549983002844696
589,4,0.06750920656348475
590,0,0.06706366132573645
590,1,0.06671732491519572
590,2,0.06680006872133624
590,3,0.06568438242606624
590,4,0.06750382884782331
591,0,0.06613086040996008
591,1,0.06623077410895997
591,2,0.06625743907182025
591,3,0.06574921611405804
591,4,0.06560289101297248
592,0,0.06597239289392527
592,1,0.06589869427079922
592,2,0.06580639838027504
592,3,0.06497556958879748
592,4,0.06596085753332112
593,0,0.0681553447489836
593,1,0.06679508978579239
593,2,0.06683426787157738
593,3,0.06499789335289782
593,4,0.06641851381665956
594,0,0.05688371656035466
594,1,0.05671614597682338
594,2,0.05671755224001233
594,3,0.0547541424864626
594,4,0.056371529294090714
595,0,0.05551403041074846
595,1,0.05645289889332214
595,2,0.056372592784061856
595,3,0.055885563881314326
595,4,0.05634913573889048
596,0,0.0548985264424375
596,1,0.05532879796205615
596,2,0.05536813110864477
596,3,0.05490423026205119
596,4,0.055804950443922835
597,0,0.05927831308609869
597,1,0.05878981389919246
597,2,0.05879397471268789
597,3,0.05793388334642943
597,4,0.05873772551317894
598,0,0.059582959618173524
598,1,0.05884753448193247
598,2,0.058873460593343904
598,3,0.058210520612664136
598,4,0.0591717592035594
599,0,0.06098662904187566
599,1,0.06157304610381741
599,2,0.061583690070877065
599,3,0.06003975871659706
599,4,0.06055050207644095
600,0,0.06236353179272219
600,1,0.06159928737425143
600,2,0.06164567212383018
600,3,0.06139241368544497
600,4,0.0618964605342871
601,0,0.06038424401437846
601,1,0.05920525201657827
601,2,0.05918805121230647
601,3,0.060557083688578074
601,4,0.060203529806698096
602,0,0.061109138113253095
602,1,0.06100616574144319
602,2,0.06096051274513724
602,3,0.06179941811624558
602,4,0.061013338059222724
603,0,0.06152701498079702
603,1,0.061490865709687405
603,2,0.061434602313825824
603,3,0.06057620612942452
603,4,0.061174946083169666
604,0,0.06072816709081095
604,1,0.06059452940722198
604,2,0.060614928832861355
604,3,0.05944261860017444
604,4,0.06051525940271119
605,0,0.06280459011302297
605,1,0.06234096728596249
605,2,0.06222619646308247
605,3,0.05938112531389521
605,4,0.0614285208712391
606,0,0.0630848245517691
606,1,0.06318681110139376
606,2,0.06305043132365276
606,3,0.06200345225981023
606,4,0.0627819516936414
607,0,0.06124758254437038
607,1,0.06153890218196665
607,2,0.06140539547117685
607,3,0.05989936347769098
607,4,0.06142541704486978
608,0,0.06173101138954146
608,1,0.06298687150641508
608,2,0.06316214434382161
608,3,0.06126257590743827
608,4,0.06305621125403292
609,0,0.06016966775113384
609,1,0.06032963385244238
609,2,0.06040657560936989
609,3,0.05847406211019562
609,4,0.05977443768339875
610,0,0.061165192960118825
610,1,0.06172456510069854
610,2,0.0616669749412217
610,3,0.0606689049215879
610,4,0.0617128548043973
611,0,0.057918790700484404
611,1,0.05791260470863153
611,2,0.05786167982818139
611,3,0.05778278969058343
611,4,0.05839213514385261
612,0,0.060667199710694786
612,1,0.06136033368425494
612,2,0.06136038850049293
612,3,0.06168381781423523
612,4,0.06027688941177064
613,0,0.06119665189378987
613,1,0.060984917557110795
613,2,0.06105824886106798
613,3,0.06016897909065983
613,4,0.06080120672841894
614,0,0.060032839597631074
614,1,0.06071896858719091
614,2,0.060671300853715526
614,3,0.059093886898631695
614,4,0.060953486420813684
615,0,0.06291855888778863
615,1,0.06249769350489232
615,2,0.06257115088161741
615,3,0.06201596739770139
615,4,0.06303773978463469
616,0,0.06108310589555663
616,1,0.06062186663605891
616,2,0.060725985569398844
616,3,0.061316793608923156
616,4,0.06102986655172336
617,0,0.0617444480080853
617,1,0.061887766184354584
617,2,0.06182211391636742
617,3,0.06219946541849165
617,4,0.061218401942075715
618,0,0.059334150682978475
618,1,0.060626660103128345
618,2,0.060537828717913085
618,3,0.06015953769202995
618,4,0.0605982333729391
619,0,0.05979727805734113
619,1,0.05957769776306532
619,2,0.05955961394567596
619,3,0.058288668601596046
619,4,0.058938335633936294
620,0,0.059652547481395014
620,1,0.05913867139873538
620,2,0.05919536201321354
620,3,0.058395275743354014
620,4,0.059438409519081074
621,0,0.060692128047508065
621,1,0.0601891077781211
621,2,0.0601602099580067
621,3,0.060114746185339615
621,4,0.060046293297592555
622,0,0.0613521781545871
622,1,0.0617400848278767
622,2,0.061774200265433565
622,3,0.060434404169382616
622,4,0.061358353384688945
623,0,0.05955196833982615
623,1,0.05868854554761377
623,2,0.05859301169808732
623,3,0.05718597755569525
623,4,0.058488500304296594
624,0,0.05973619417554634
624,1,0.05992806685357273
624,2,0.059766528529136324
624,3,0.05853287636160437
624,4,0.05999288194892214
625,0,0.061745531006592226
625,1,0.061529679956699335
625,2,0.06153675491497878
625,3,0.06088652575287921
625,4,0.06200024571596222
626,0,0.06139544121786907
626,1,0.06081257113746401
626,2,0.060951146495585695
626,3,0.06110387080857757
626,4,0.060971351202224154
627,0,0.059157401699693656
627,1,0.05903481880728381
627,2,0.05897411987561132
627,3,0.05799160447870555
627,4,0.05841582981764491
628,0,0.05958531319021762
628,1,0.06029329934183156
628,2,0.06018521124575337
628,3,0.05849983851878184
628,4,0.05979042726404528
629,0,0.06153167889470254
629,1,0.06114287546989029
629,2,0.061001530952957475
629,3,0.06118477545437131
629,4,0.06167950084086383
630,0,0.06037095824352694
630,1,0.061406231727920785
630,2,0.061437973718540255
630,3,0.06028184806026912
630,4,0.06092896556510808
631,0,0.05759328917724336
631,1,0.056787915178278456
631,2,0.05681425385400756
631,3,0.05573908124651236
631,4,0.05694300799238154
632,0,0.055781291764752765
632,1,0.054865023050846375
632,2,0.05495844732241057
632,3,0.0536467912818205
632,4,0.05450896213893288
633,0,0.05905266055396782
633,1,0.05847334904115476
633,2,0.058454449849397884
633,3,0.0561914098677803
633,4,0.05880091562992403
634,0,0.06028066193213138
634,1,0.06032463082889423
634,2,0.06043587436195202
634,3,0.05795386920026805
634,4,0.060320073662399575
635,0,0.05691600240865385
635,1,0.05854622839736504
635,2,0.05863228412092393
635,3,0.05650674657375189
635,4,0.05785822100141331
636,0,0.061672820266412326
636,1,0.06111877555892973
636,2,0.06123258831120343
636,3,0.05968478419199721
636,4,0.06055827508310448
637,0,0.06170800578837498
637,1,0.06130449888085127
637,2,0.06126992197025308
637,3,0.059230435338197954
637,4,0.06080306571786438
638,0,0.060262927390805056
638,1,0.06084460442807494
638,2,0.06087405727977225
638,3,0.059625873405392514
638,4,0.06030632101473423
639,0,0.05990428040723124
639,1,0.059800221006982054
639,2,0.05968441183541282
639,3,0.05864297383687386
639,4,0.05948214335172554
640,0,0.059695598057338255
640,1,0.0588147669193411
640,2,0.05880276550622705
640,3,0.057866037375643706
640,4,0.059303114846402515
641,0,0.06197005300533326
641,1,0.06113331789014448
641,2,0.061075284254937356
641,3,0.06134619901732665
641,4,0.06167387253668561
642,0,0.0606073881884296
642,1,0.060831468085281094
642,2,0.06088632329457686
642,3,0.05958507263073693
642,4,0.0600524030412949
643,0,0.061235651975634034
643,1,0.06106943467084112
643,2,0.06101964934533386
643,3,0.05914384244298316
643,4,0.06080866970506461
644,0,0.060087572672501754
644,1,0.059355236158794754
644,2,0.0593806878372687
644,3,0.056908244514236435
644,4,0.05963875696152494
645,0,0.06085133272058823
645,1,0.06032831702627351
645,2,0.060458690647890195
645,3,0.05922024414318955
645,4,0.060241599386336615
646,0,0.062075445397275233
646,1,0.062161849160440645
646,2,0.06202610162412154
646,3,0.06051890832321711
646,4,0.06233671456253421
647,0,0.06040531291251869
647,1,0.06025045218587928
647,2,0.060229932778165116
647,3,0.058315836298508686
647,4,0.06016713306111024
648,0,0.060593677488695735
648,1,0.06021160890503681
648,2,0.060140570037218996
648,3,0.05947187247396528
648,4,0.060868300842065404
649,0,0.05862369386231072
649,1,0.05707300802095746
649,2,0.057032647699582835
649,3,0.05675004095876636
649,4,0.056715561087105786
650,0,0.06093696672089247
650,1,0.06120369085744659
650,2,0.06117910089756132
650,3,0.05803682824142843
650,4,0.060549088073950284
651,0,0.06156716318119045
651,1,0.06148104815351435
651,2,0.06145599328598638
651,3,0.0597059609824155
651,4,0.06100665263053461
652,0,0.061484042164228946
652,1,0.06130108543661619
652,2,0.061326350868106144
652,3,0.05914971813004998
652,4,0.06141027901639169
653,0,0.06094997918906344
653,1,0.06031547779939627
653,2,0.06029804490766044
653,3,0.05913424003024074
653,4,0.06027815696285849
654,0,0.06203064386154849
654,1,0.0625508742315286
654,2,0.06262947384764472
654,3,0.06043474433230324
654,4,0.06158206266515398
655,0,0.06379107998485063
655,1,0.0647062739432931
655,2,0.06460905013250433
655,3,0.06228712807754946
655,4,0.06376688715647406
656,0,0.060896531799975936
656,1,0.05957092518709161
656,2,0.05969404341936987
656,3,0.059224390760332674
656,4,0.059570662417188606
657,0,0.05982241269921071
657,1,0.06029386069308102
657,2,0.060242094472676866
657,3,0.05768897396605138
657,4,0.06029112102604711
658,0,0.06318087226345631
658,1,0.06168614038327746
658,2,0.06173918890065817
658,3,0.06119952006070996
658,4,0.06182139516878534
659,0,0.06260898017654329
659,1,0.06360773075099174
659,2,0.06361968673577822
659,3,0.060961615893305725
659,4,0.06341082931280441
660,0,0.06218430531697558
660,1,0.06190842824251283
660,2,0.061954533415539255
660,3,0.060952473396585174
660,4,0.0634177443560433
661,0,0.06264207668235765
661,1,0.06257145665272942
661,2,0.06251126952245759
661,3,0.061108949484945385
661,4,0.06386745255963715
662,0,0.06394804905299546
662,1,0.06365265089495263
662,2,0.06370258748030472
662,3,0.0622719385300508
662,4,0.06313942981367363
663,0,0.06296070987293868
663,1,0.06274310300902604
663,2,0.0627751910242857
663,3,0.06135054236843668
663,4,0.06307650246683146
664,0,0.06386892412604701
664,1,0.06453355241938087
664,2,0.06456741122352269
664,3,0.06285575834642951
664,4,0.06375505852670671
665,0,0.06342293115366267
665,1,0.06357663368692217
665,2,0.06356072534604669
665,3,0.062270775848791725
665,4,0.06367026985049389
666,0,0.06468295583919606
666,1,0.06423631652062693
666,2,0.06410644187789867
666,3,0.06311921100227212
666,4,0.06450580225986896
667,0,0.06281240199937418
667,1,0.06353322710309718
667,2,0.0635726317351894
667,3,0.061437213297794835
667,4,0.06355918985025671
668,0,0.06341172977369669
668,1,0.06248622578303788
668,2,0.06239134107317247
668,3,0.06162707952748979
668,4,0.0622368952463799
669,0,0.06322438353393114
669,1,0.06390314457081661
669,2,0.06380251624575631
669,3,0.06298548369848427
669,4,0.06335622528735631
670,0,0.0642791065706067
670,1,0.06279046858916917
670,2,0.0627411194580372
670,3,0.06229872727594469
670,4,0.06304701847474832
671,0,0.06296898460617173
671,1,0.06250791909170894
671,2,0.06249214731058444
671,3,0.06130899738435427
671,4,0.06228341188465145
672,0,0.06205873459613326
672,1,0.06362772228337145
672,2,0.06362349882274691
672,3,0.06276566385221094
672,4,0.06376881181549772
673,0,0.06236350779630717
673,1,0.06245796876795157
673,2,0.06251327349787571
673,3,0.06179375619876857
673,4,0.06224825338155293
674,0,0.06201034426832268
674,1,0.0622307673221877
674,2,0.06228153237918704
674,3,0.06135284405510263
674,4,0.061971547194317175
675,0,0.06150092895434543
675,1,0.06279153391092775
675,2,0.06278089365323786
675,3,0.0616399304320118
675,4,0.06205511997584677
676,0,0.06292659269518357
676,1,0.06262576035663302
676,2,0.06273267725364079
676,3,0.061720052767200696
676,4,0.06297972561216886
677,0,0.06153563967701342
677,1,0.06255479421077538
677,2,0.06257978052365977
677,3,0.060554979560183464
677,4,0.06204340134491328
678,0,0.06271554349278789
678,1,0.0623834772098537
678,2,0.062431845922573156
678,3,0.0609095618991005
678,4,0.06214271650737945
679,0,0.06206961976379932
679,1,0.06116147786629312
679,2,0.061190466497267997
679,3,0.06059685019027151
679,4,0.060677544821639756
680,0,0.0624427475305309
680,1,0.06264537431183415
680,2,0.06252428771496409
680,3,0.06134308529930534
680,4,0.061999122005980276
681,0,0.06468499677092526
681,1,0.06578415581015133
681,2,0.06577122558923486
681,3,0.06474032563464857
681,4,0.06528742420430081
682,0,0.06609474108857424
682,1,0.06560184474180301
682,2,0.06568843539307814
682,3,0.06385056778448682
682,4,0.06580984246115441
683,0,0.0643917189983905
683,1,0.06375249471126342
683,2,0.06369701600733088
683,3,0.0626244001628972
683,4,0.06297975318056931
684,0,0.06424537049622102
684,1,0.06429943762478162
684,2,0.06433057622463055
684,3,0.06255429459076112
684,4,0.06382360213372482
685,0,0.06540946690260586
685,1,0.06432121496669954
685,2,0.0642934596323882
685,3,0.06289261106969661
685,4,0.06463334810547783
686,0,0.06589084881694375
686,1,0.06573780751314202
686,2,0.065749120586345
686,3,0.06373507546634373
686,4,0.06570178710827596
687,0,0.06655843045531207
687,1,0.06760624806563263
687,2,0.06748575189963693
687,3,0.06529358134550216
687,4,0.06748194952114155
688,0,0.06417631659902741
688,1,0.06353837607430675
688,2,0.06366755445464319
688,3,0.06263460005889565
688,4,0.06313967408252365
689,0,0.06374590911498883
689,1,0.06288552686089104
689,2,0.06304028303826424
689,3,0.061583921746188826
689,4,0.06307159350556635
690,0,0.06466288998204285
690,1,0.06454817603616153
690,2,0.06452804840197805
690,3,0.06336495654780469
690,4,0.06475362615138829
691,0,0.06329869104318978
691,1,0.06337436497426127
691,2,0.06336335300111258
691,3,0.06313302245031324
691,4,0.06321928773035101
692,0,0.06337375869842574
692,1,0.06352521459023062
692,2,0.06355411538699961
692,3,0.06134273831297672
692,4,0.0635730213105751
693,0,0.06529784734938912
693,1,0.06309487850010623
693,2,0.06315266598888093
693,3,0.06245369529953101
693,4,0.06329999893939516
694,0,0.06545783515737846
694,1,0.06588340928717683
694,2,0.0658409829385857
694,3,0.06417246810528421
694,4,0.06503074907025795
695,0,0.06244583345117852
695,1,0.06323800804806805
695,2,0.06317064195978692
695,3,0.06235102480628502
695,4,0.06297198186830895
696,0,0.06456742940401267
696,1,0.06415568508592422
696,2,0.06413023033920616
696,3,0.06257827735891736
696,4,0.06357463488630327
697,0,0.06525298980676264
697,1,0.06528580403413826
697,2,0.06529801257661264
697,3,0.0638994138152088
697,4,0.06481903295986377
698,0,0.0632129004250626
698,1,0.06356480327116205
698,2,0.06370100390009524
698,3,0.06263641503964891
698,4,0.06412661603948226
699,0,0.06448010864807367
699,1,0.0643987871790563
699,2,0.06438500110127064
699,3,0.06385656070594747
699,4,0.06424400984453858
700,0,0.06395345781745326
700,1,0.06331642608825766
700,2,0.0632738312610201
700,3,0.06203769175516897
700,4,0.06395149748436993
701,0,0.06468542687460734
701,1,0.06437454484662529
701,2,0.0643136111713973
701,3,0.06333772812713954
701,4,0.06403714004828005
702,0,0.06494049530212484
702,1,0.06447904753942603
702,2,0.06444252719398326
702,3,0.0627009059086281
702,4,0.06414322325304625
703,0,0.0635147543056531
703,1,0.06355041421475835
703,2,0.06379462302804427
703,3,0.06245105532752657
703,4,0.06303583298553808
704,0,0.06441919182528975
704,1,0.06402958406262915
704,2,0.06396249013216124
704,3,0.06329072125676444
704,4,0.0644205376394944
705,0,0.06489776226652785
705,1,0.06573442658313335
705,2,0.0656954817754739
705,3,0.06363076950751018
705,4,0.06588392804936924
706,0,0.06495473383139883
706,1,0.06448899153472432
706,2,0.06452042317476316
706,3,0.06362538135066047
706,4,0.0642851980880242
707,0,0.06347818005986582
707,1,0.06357703567266762
707,2,0.06351626429380355
707,3,0.06262778017701222
707,4,0.0636208772144112
708,0,0.0652016190692588
708,1,0.06595587461363937
708,2,0.06593031655411198
708,3,0.06348574932597556
708,4,0.06581835674638517
709,0,0.06663978370584087
709,1,0.06534849659162986
709,2,0.06538126772620677
709,3,0.06467556856116481
709,4,0.0652863946023967
710,0,0.06407031248168217
710,1,0.06435664068178548
710,2,0.06429378207276573
710,3,0.06329106842627201
710,4,0.06367809400982072
711,0,0.06428251996904732
711,1,0.06422158089004663
711,2,0.06424366331615661
711,3,0.06289833490158779
711,4,0.06357169871427577
712,0,0.0628980016078699
712,1,0.06195817450515376
712,2,0.061922891532101246
712,3,0.06113345422092185
712,4,0.06236999214053305
713,0,0.05274643177888844
713,1,0.05234899518584299
713,2,0.05230027912043742
713,3,0.052838696758000216
713,4,0.05231477547378825
714,0,0.05834194604660729
714,1,0.058663028245355776
714,2,0.058676784785569425
714,3,0.05606540831054101
714,4,0.058027119630811294
715,0,0.057785126227004525
715,1,0.05742457656585597
715,2,0.05732403438059802
715,3,0.05618684010774731
715,4,0.05757290582553833
716,0,0.05843821398493496
716,1,0.058713397132534685
716,2,0.05864312134155436
716,3,0.0573495416996145
716,4,0.05874026615651156
717,0,0.06100506382973113
717,1,0.061362925205482796
717,2,0.06140158768890859
717,3,0.05837842430673459
717,4,0.06093441261392259
718,0,0.06479987333373291
718,1,0.06402248813038389
718,2,0.06394531410281404
718,3,0.06426548077421906
718,4,0.06352518967792199
719,0,0.06549684755799305
719,1,0.06568525252508244
719,2,0.06566813396806498
719,3,0.0642585751646851
719,4,0.06543676341996761
720,0,0.0634867460015012
720,1,0.06352599135967876
720,2,0.06341824319754766
720,3,0.06262977123832951
720,4,0.0637100790786287
721,0,0.06684003218597029
721,1,0.06778130910262076
721,2,0.06781866973473971
721,3,0.06530493650402061
721,4,0.06666658774715953
722,0,0.06458098316536079
722,1,0.06424533628759124
722,2,0.06430493839076176
722,3,0.06342861312921173
722,4,0.0633691300922225
723,0,0.06483714416247477
723,1,0.0649662250917215
723,2,0.06491335434930834
723,3,0.06274408214518719
723,4,0.0647185079934074
724,0,0.06391088263613552
724,1,0.06432503305277196
724,2,0.06434571301665212
724,3,0.061970601488275906
724,4,0.0627625706502084
725,0,0.0659054705103478
725,1,0.06499567144057336
725,2,0.06493262997337615
725,3,0.06320755884140772
725,4,0.06461583081413717
726,0,0.06515880525183716
726,1,0.06423699945676518
726,2,0.06413934059646816
726,3,0.0638075624994873
726,4,0.06413644293777085
727,0,0.06356673983680394
727,1,0.062631082889699
727,2,0.06266114916120263
727,3,0.06091960810813576
727,4,0.06246747849225149
728,0,0.06343394743151178
728,1,0.06362592644479663
728,2,0.06362047325949442
728,3,0.06230174074940057
728,4,0.06286954263822231
729,0,0.06461571976202607
729,1,0.06430739046717333
729,2,0.06424299178289486
729,3,0.06376546875769355
729,4,0.06431742257144556
730,0,0.06552215585330826
730,1,0.06469569166167463
730,2,0.06461417661852346
730,3,0.06459263374539279
730,4,0.06509101721132797
731,0,0.06497751375635713
731,1,0.0635829959883124
731,2,0.06368154775337873
731,3,0.06251557573407789
731,4,0.06351227012716716
732,0,0.06489700605889338
732,1,0.06518808399214192
732,2,0.06513429671490187
732,3,0.06438909354330118
732,4,0.06537633774518115
733,0,0.06639594253228646
733,1,0.06522297239818786
733,2,0.06512584777868674
733,3,0.06474128265197686
733,4,0.06504702976771776
734,0,0.06426743831382654
734,1,0.06337285603938846
734,2,0.0633428125278433
734,3,0.061668720543026787
734,4,0.06364722825470527
735,0,0.06450302101126094
735,1,0.06390505425497855
735,2,0.06388120653534869
735,3,0.0630489776171701
735,4,0.06459677092883062
736,0,0.06598957102982811
736,1,0.06487622937663846
736,2,0.06487097535242128
736,3,0.06401697513722301
736,4,0.06444286337276614
737,0,0.06345057332930744
737,1,0.06424283603517085
737,2,0.06425229895730278
737,3,0.06271428560437863
737,4,0.06352532948909546
738,0,0.051678834070249334
738,1,0.05168266557416431
738,2,0.051705518587439894
738,3,0.051957043422227324
738,4,0.05192967844181137
739,0,0.05770110268838985
739,1,0.058338943976027895
739,2,0.05836866655842028
739,3,0.05718034439728055
739,4,0.057121991618913175
740,0,0.05986841304820289
740,1,0.059669302108050215
740,2,0.05964393982080157
740,3,0.0584031635114984
740,4,0.05966098822036146
741,0,0.05771205013682733
741,1,0.057823024076573915
741,2,0.05775745368948364
741,3,0.05759661226856468
741,4,0.05825125768691287
742,0,0.06118960885440619
742,1,0.0609683336988361
742,2,0.06095492057296548
742,3,0.06033246052937789
742,4,0.060475805541332806
743,0,0.05855988327337766
743,1,0.058815716930082716
743,2,0.05887390608404024
743,3,0.058221859605658684
743,4,0.05912995685334689
744,0,0.06007075233047331
744,1,0.059772306490345165
744,2,0.05985172290046396
744,3,0.06014197630040781
744,4,0.05981723304556215
745,0,0.06170380582042382
745,1,0.061176862728123685
745,2,0.06114948831400239
745,3,0.06018165579219979
745,4,0.06105832030077674
746,0,0.06011911367024846
746,1,0.058964323339199015
746,2,0.05894342676645868
746,3,0.05937496547080754
746,4,0.05959340250077089
747,0,0.060179905473541975
747,1,0.0598999472225415
747,2,0.05992164969014966
747,3,0.06026105621997345
747,4,0.059854147133707014
748,0,0.06098049942328024
748,1,0.060520874060073476
748,2,0.060569804124042156
748,3,0.060289334117436144
748,4,0.05969006354067519
749,0,0.058942692402888984
749,1,0.05891153140943885
749,2,0.05905147025851371
749,3,0.05820278012022684
749,4,0.059205176272169084
750,0,0.060153390167712734
750,1,0.0614605910265719
750,2,0.061472851591808715
750,3,0.060111298761447975
750,4,0.06046404335965356
751,0,0.06110711989568799
751,1,0.06143360531773752
751,2,0.06132552894509874
751,3,0.06049065652872481
751,4,0.061143043490589584
752,0,0.06053092223828026
752,1,0.06063110997267558
752,2,0.06058130371899758
752,3,0.06095315157007633
752,4,0.05997578853318678
753,0,0.06010345834500809
753,1,0.06014037192941147
753,2,0.060253866958160304
753,3,0.059889832092505035
753,4,0.06073275695471056
754,0,0.059140363970295165
754,1,0.05930618789874351
754,2,0.05936683384596516
754,3,0.059899763906417214
754,4,0.0595290922002347
755,0,0.060488988594705716
755,1,0.06002300921894644
755,2,0.06009067315585906
755,3,0.059512049982957164
755,4,0.060055526605173506
756,0,0.06119423993352222
756,1,0.060843968568872926
756,2,0.06078597564514085
756,3,0.06082634155346709
756,4,0.0601885049368871
757,0,0.05735756579853639
757,1,0.05736276024386804
757,2,0.05732314816185285
757,3,0.05720545609601266
757,4,0.057238060904293404
758,0,0.062048423190077015
758,1,0.06171232120472714
758,2,0.061735302030968685
758,3,0.061810482844871444
758,4,0.061945268647009694
759,0,0.06255578603206434
759,1,0.06242566959339888
759,2,0.06247656273813248
759,3,0.06267897451338947
759,4,0.062220273653284586
760,0,0.06116555812693726
760,1,0.06084226445705263
760,2,0.06087991506111729
760,3,0.06051346626602311
760,4,0.05992760931887412
761,0,0.0641811836123611
761,1,0.06484462302987613
761,2,0.0647966347336055
761,3,0.06321498522810007
761,4,0.06476460904491205
762,0,0.0622569115536841
762,1,0.06374582379949062
762,2,0.06379611309550676
762,3,0.06277895786610557
762,4,0.06313907517963256
763,0,0.0677690157483894
763,1,0.0660934896572155
763,2,0.06606622240265746
763,3,0.06391017020822021
763,4,0.06695122250560405
764,0,0.06457068110142011
764,1,0.06356927732030336
764,2,0.06344421281390986
764,3,0.06260564801787427
764,4,0.06386351870460096
765,0,0.06437584340071482
765,1,0.06331145507519421
765,2,0.06330063713412624
765,3,0.062422671049010496
765,4,0.06328255766723216
766,0,0.06416335684053913
766,1,0.06397784412837414
766,2,0.06393907132555172
766,3,0.06289772954164581
766,4,0.06435752951082802
767,0,0.06423654911183233
767,1,0.06398697590913814
767,2,0.0639669088155283
767,3,0.061348254832328544
767,4,0.06325087177510166
768,0,0.06231880398643836
768,1,0.06132287083839899
768,2,0.06145090458058233
768,3,0.061008266755799075
768,4,0.061633832365954336
769,0,0.0628307884280422
769,1,0.06371432507023816
769,2,0.06375933378112003
769,3,0.06113973363393234
769,4,0.06309967677561747
770,0,0.0625534162029073
770,1,0.06267632148989967
770,2,0.06263096899831733
770,3,0.062012369950421746
770,4,0.06232027532387484
771,0,0.06280048961112786
771,1,0.06308498483316677
771,2,0.06312554637638758
771,3,0.06316789533196107
771,4,0.06361170550068188
772,0,0.0650012100787581
772,1,0.0648757664381671
772,2,0.06486747901980619
772,3,0.06333860427105421
772,4,0.06576273424714137
773,0,0.06366007490032152
773,1,0.06349966344570061
773,2,0.06353387367825555
773,3,0.06300145839585852
773,4,0.06341888812409738
774,0,0.06585832337085244
774,1,0.06546081359790008
774,2,0.0656262103993211
774,3,0.06382068432536608
774,4,0.06552644205265117
775,0,0.0648545133080089
775,1,0.06407353903780778
775,2,0.06404450355886987
775,3,0.06328750340162942
775,4,0.06477755071449975
776,0,0.06500524216339376
776,1,0.0643671070112618
776,2,0.06441267684441951
776,3,0.06333110333061458
776,4,0.06406015902149448
777,0,0.0650141778055218
777,1,0.06616290858384392
777,2,0.06628931533245634
777,3,0.06380547325436525
777,4,0.06526047774151164
778,0,0.06542703887280026
778,1,0.06453131273871864
778,2,0.06454726261537339
778,3,0.06286669842192262
778,4,0.06439158697231351
779,0,0.06584781687943755
779,1,0.06474198280691686
779,2,0.0648707764203094
779,3,0.06298271563874588
779,4,0.06500863092429363
780,0,0.06587165974483056
780,1,0.0659809972115069
780,2,0.06600682074282369
780,3,0.06381707002564223
780,4,0.06557555112804411
781,0,0.0650182778036752
781,1,0.06448087863990823
781,2,0.06454538146130052
781,3,0.06404891528144467
781,4,0.06467292726111448
782,0,0.06410163545093334
782,1,0.0645650557281018
782,2,0.06445146599594431
782,3,0.06358003279742079
782,4,0.06490530941380467
783,0,0.06624980257911284
783,1,0.06686100770874757
783,2,0.06683378519559688
783,3,0.0637571341708069
783,4,0.06577512798332232
784,0,0.06499593833199795
784,1,0.06552300726809293
784,2,0.06548853765444165
784,3,0.0642428337454366
784,4,0.065504417098871
785,0,0.05203060823328364
785,1,0.052322647671739705
785,2,0.05235061847004436
785,3,0.052107966538666214
785,4,0.05240325630068938
786,0,0.05253505715946052
786,1,0.05208713220090283
786,2,0.05199301826138184
786,3,0.053231575543425495
786,4,0.05236681861465296
787,0,0.05418009498110776
787,1,0.05548412872534265
787,2,0.055470202149463486
787,3,0.0553095949683585
787,4,0.055530083829185964
788,0,0.0561785620772967
788,1,0.055809782470116955
788,2,0.05605912697415402
788,3,0.05560516252094119
788,4,0.055800329943378746
789,0,0.05608689664220192
789,1,0.05570052477778226
789,2,0.05558362299082241
789,3,0.05554740974453767
789,4,0.05601117215379814
790,0,0.05962773578364465
790,1,0.05891344842075031
790,2,0.05889040980161604
790,3,0.05803951148941033
790,4,0.05926705881327144
791,0,0.05543857684370152
791,1,0.05538148772387373
791,2,0.05548196103392531
791,3,0.05462799195911287
791,4,0.055299481212162695
792,0,0.05547428066990971
792,1,0.05535891552360695
792,2,0.0552593050770113
792,3,0.05527915244772232
792,4,0.05593974595453434
793,0,0.05872553121285135
793,1,0.05743402703183332
793,2,0.057457351455597036
793,3,0.055928884187952506
793,4,0.05732331609096287
794,0,0.05479902466662943
794,1,0.05492267878831224
794,2,0.054967983607627655
794,3,0.05391141371709826
794,4,0.05510050971682627
795,0,0.057410350630120344
795,1,0.057097979084211874
795,2,0.057192198992634224
795,3,0.056518145099836846
795,4,0.057042034648332095
796,0,0.05843269110012173
796,1,0.05885534123927898
796,2,0.058831033786805875
796,3,0.058583943571935526
796,4,0.05831648562134827
797,0,0.06033214724793738
797,1,0.06044449264691239
797,2,0.06043047896954216
797,3,0.05855790842337917
797,4,0.060578645841271116
798,0,0.0592799197010349
798,1,0.05926361006133416
798,2,0.05927273190465163
798,3,0.05811066507291403
798,4,0.05955891759169491
799,0,0.0619118661411099
799,1,0.06124581889945929
799,2,0.06125285914536725
799,3,0.05962843653391544
799,4,0.06199801079794728
800,0,0.06047639056843449
800,1,0.059576021540207996
800,2,0.05962485671758944
800,3,0.058265476524472073
800,4,0.05956058630422388
801,0,0.060681039368262066
801,1,0.05895963387185935
801,2,0.05906005964702786
801,3,0.0589079324967293
801,4,0.05899786277120723
802,0,0.05261099349407752
802,1,0.05243598054150872
802,2,0.05237014857517715
802,3,0.05180298391939796
802,4,0.05254614881536104
803,0,0.05637406691497419
803,1,0.055802224698473256
803,2,0.055689171725819386
803,3,0.05542966519798845
803,4,0.05554225614806475
804,0,0.06045773637824273
804,1,0.0602378885972115
804,2,0.060178681885351956
804,3,0.060452272934930926
804,4,0.06029374382504474
805,0,0.06298667381075979
805,1,0.062183078797925534
805,2,0.06212863340526655
805,3,0.06169249407526683
805,4,0.06189736520829045
806,0,0.061874024710592314
806,1,0.06108833138968496
806,2,0.06104547832621827
806,3,0.05973461705238745
806,4,0.06129387973451112
807,0,0.06228071654687279
807,1,0.06218784520033614
807,2,0.06217681468034002
807,3,0.06106003618183126
807,4,0.06171311633784387
808,0,0.0624195175354079
808,1,0.061985036156186266
808,2,0.06196780700500414
808,3,0.05952327723692018
808,4,0.0622794613145551
809,0,0.06408788014717615
809,1,0.06317028100607937
809,2,0.06325670432357519
809,3,0.060783930408711564
809,4,0.06305936829382641
810,0,0.06386158795488422
810,1,0.06418790201322219
810,2,0.06411395783899519
810,3,0.06205559610318744
810,4,0.06385486859233452
811,0,0.06126916017566706
811,1,0.061782244605605934
811,2,0.061684643675585585
811,3,0.06042209849638102
811,4,0.06161068791530297
812,0,0.06438487727244233
812,1,0.06350204760859429
812,2,0.06345796857561395
812,3,0.061802537650192016
812,4,0.06421119841063877
813,0,0.06402922736782708
813,1,0.06328097101877872
813,2,0.0633203326954563
813,3,0.062377139454414726
813,4,0.06309563008247743
814,0,0.06025484591114286
814,1,0.059937202206322045
814,2,0.059963747049723404
814,3,0.059068341386847856
814,4,0.05981822321824242
815,0,0.05880275144725871
815,1,0.05997258862956805
815,2,0.05993812739634442
815,3,0.05821415739757834
815,4,0.05959255259721085
816,0,0.05960350925037975
816,1,0.060127891687070376
816,2,0.05999354386530009
816,3,0.05884197761746309
816,4,0.06023069942698773
817,0,0.05789143835940135
817,1,0.05818223795255412
817,2,0.058173728933712275
817,3,0.056744450023051306
817,4,0.057767255217516675
818,0,0.05963672303638269
818,1,0.0589947713094028
818,2,0.058979887761989584
818,3,0.057734322519291024
818,4,0.05787239866955088
819,0,0.061400928291238395
819,1,0.06122475306956282
819,2,0.06111624746334094
819,3,0.05852043916626714
819,4,0.060387344406146376
820,0,0.060714072585821455
820,1,0.061383838493283216
820,2,0.061368094830095185
820,3,0.059420548859192165
820,4,0.06208199838773401
821,0,0.06079529216166453
821,1,0.060127443631871745
821,2,0.0602248796552313
821,3,0.05899952658370467
821,4,0.060112662252401104
822,0,0.05887249221893345
822,1,0.05988767868902941
822,2,0.05973568906017005
822,3,0.059263640285826376
822,4,0.05991494859967924
823,0,0.05970740562155037
823,1,0.05873750295100954
823,2,0.058762859605512266
823,3,0.05667971053472669
823,4,0.05868797737295622
824,0,0.06093067091338496
824,1,0.06050806579040316
824,2,0.0604428855282348
824,3,0.05863806918030903
824,4,0.060387738652590055
825,0,0.05868355168300242
825,1,0.05871100147517516
825,2,0.05862933384413347
825,3,0.0588754633323057
825,4,0.05927230528136559
826,0,0.06070606433186081
826,1,0.059318461103313395
826,2,0.05927540823763595
826,3,0.05950362673756037
826,4,0.05957606829658146
827,0,0.0592331610836474
827,1,0.059056323396057715
827,2,0.058969670372421595
827,3,0.05728428711267239
827,4,0.059391046320261605
828,0,0.06159099574277976
828,1,0.06162460954535629
828,2,0.06148736085926071
828,3,0.060365972805137634
828,4,0.061846250554665326
829,0,0.060914990172094355
829,1,0.06027644222667107
829,2,0.06041420330949774
829,3,0.059480318387731185
829,4,0.06107350943612308
830,0,0.06148565715959251
830,1,0.06151981436190219
830,2,0.06141967626894527
830,3,0.0603296936603011
830,4,0.060533711638341973
831,0,0.06130913257026446
831,1,0.06018642636192659
831,2,0.0602056606333941
831,3,0.05927420484490178
831,4,0.060480673928507
832,0,0.059615993156295885
832,1,0.058532584008334755
832,2,0.05859085092166767
832,3,0.05823544194289043
832,4,0.058604497508842515
833,0,0.05851705118387698
833,1,0.05998324358735213
833,2,0.05995944102128162
833,3,0.05905597737141729
833,4,0.05984486166597997
834,0,0.05544461697948237
834,1,0.05651178353116157
834,2,0.05661020656736826
834,3,0.05575539180210675
834,4,0.05646977276933723
835,0,0.057732791465585354
835,1,0.05833647784064819
835,2,0.058335996996454975
835,3,0.058709980024724856
835,4,0.05800224524013719
836,0,0.059919871619912725
836,1,0.059866653707992164
836,2,0.05990105192772915
836,3,0.0592180632171082
836,4,0.05983610869885072
837,0,0.05922356833358353
837,1,0.059199889046805385
837,2,0.059258987042082455
837,3,0.05801020009749521
837,4,0.059191152016226566
838,0,0.05938492288394859
838,1,0.060258278543351085
838,2,0.060254466776945244
838,3,0.05916076980719063
838,4,0.06022313350388995
839,0,0.06157105604998357
839,1,0.06068447749583258
839,2,0.06063726674751949
839,3,0.06073979825389639
839,4,0.06144582558365151
840,0,0.05892594482861522
840,1,0.0581624138455432
840,2,0.058224144989416735
840,3,0.05729469308475346
840,4,0.05799332333641471
841,0,0.06054647791428586
841,1,0.05906841319291398
841,2,0.05920920139601261
841,3,0.05858984375915899
841,4,0.0600676351778505
842,0,0.05847859463914973
842,1,0.05869001977011514
842,2,0.058602596479876194
842,3,0.05792748450088042
842,4,0.05781256447891666
843,0,0.060706666302995885
843,1,0.06041461275977698
843,2,0.06035768978306661
843,3,0.05960731726162144
843,4,0.060175611351718554
844,0,0.06093622219090288
844,1,0.05960438791300222
844,2,0.059644208635602776
844,3,0.06056476886103567
844,4,0.06023408347103498
845,0,0.055912902621375736
845,1,0.056357364311080994
845,2,0.056256505867728075
845,3,0.05552324095837075
845,4,0.05581355563160334
846,0,0.060082897035157026
846,1,0.059454306044927845
846,2,0.05955105949850652
846,3,0.06058787992736174
846,4,0.060185239592663475
847,0,0.060110606574783364
847,1,0.060438452602720905
847,2,0.06044541824908684
847,3,0.060632371158302355
847,4,0.06069424669281792
848,0,0.059611563711177915
848,1,0.0599596857480787
848,2,0.05998279411251808
848,3,0.059711599453013575
848,4,0.059639899996864115
849,0,0.06159445475272639
849,1,0.06132197427005484
849,2,0.061406698055198695
849,3,0.06071524341853464
849,4,0.06132834312008505
850,0,0.060343336767080126
850,1,0.060050468719592444
850,2,0.06008658978117617
850,3,0.059048273743701606
850,4,0.0605881108699584
851,0,0.05809966019794157
851,1,0.05834207234834865
851,2,0.058290881400778254
851,3,0.057361507163900836
851,4,0.05862221332014256
852,0,0.061374428967754156
852,1,0.05966654348201697
852,2,0.059738368324014246
852,3,0.05861694647341374
852,4,0.059879579761592236
853,0,0.06051679393681333
853,1,0.06060164887793504
853,2,0.060705473809396934
853,3,0.06011859935014053
853,4,0.06011128479406904
854,0,0.059918170072594416
854,1,0.060280636058134315
854,2,0.060298716440922225
854,3,0.05961329671944472
854,4,0.06005613082024811
855,0,0.055959928496545124
855,1,0.054976894016884166
855,2,0.054949982587029086
855,3,0.054039842438440365
855,4,0.055781547024327395
856,0,0.06032953759201446
856,1,0.05938351987218248
856,2,0.059396806375748616
856,3,0.058589979769373746
856,4,0.058965399560092724
857,0,0.05911903793499832
857,1,0.05928448231709694
857,2,0.05947226809424934
857,3,0.05955624386900763
857,4,0.05987842422430409
858,0,0.05849696389481104
858,1,0.05742068690269091
858,2,0.05743163119129504
858,3,0.05653407968106691
858,4,0.0572199793308438
859,0,0.05608627745226513
859,1,0.05583252974346466
859,2,0.055881494061858224
859,3,0.05510266774556514
859,4,0.05601605505788747
860,0,0.06080875236447132
860,1,0.06074298478546694
860,2,0.060774705618941924
860,3,0.058906766838815676
860,4,0.060545472904127526
861,0,0.061781688245977094
861,1,0.06213525701112981
861,2,0.06216783200707057
861,3,0.060452434132222246
861,4,0.06197562763814031
862,0,0.06016480151630984
862,1,0.05965311304575536
862,2,0.059786622595815735
862,3,0.05837053003574495
862,4,0.059408792859795355
863,0,0.06164869297023033
863,1,0.060896490859527495
863,2,0.06101829542547009
863,3,0.059464285760080615
863,4,0.061168027559534835
864,0,0.06042197384324835
864,1,0.060505280511863054
864,2,0.0603582956925447
864,3,0.05851351620054768
864,4,0.05980839229002158
865,0,0.05917155088353707
865,1,0.0596437000856252
865,2,0.05974040376038111
865,3,0.0569392106970964
865,4,0.059263162097725086
866,0,0.05950395531442558
866,1,0.05959720666525904
866,2,0.05958721879865238
866,3,0.05727843272013396
866,4,0.05995300082313213
867,0,0.05943989083975872
867,1,0.05853902416068987
867,2,0.05858324941609955
867,3,0.05680155796449445
867,4,0.058389375235568024
868,0,0.06063042062528139
868,1,0.06072969008465218
868,2,0.06065186215477412
868,3,0.060074876920372805
868,4,0.06140786275142373
869,0,0.059969750549756194
869,1,0.06003237102641365
869,2,0.059876751802405544
869,3,0.057986719926007596
869,4,0.05977188220258821
870,0,0.06259603493497014
870,1,0.06267278000372525
870,2,0.0627003275675506
870,3,0.060104401578136284
870,4,0.06310199929886515
871,0,0.06000497595888958
871,1,0.060757360424028226
871,2,0.06069800323083344
871,3,0.060054581631847195
871,4,0.060476873519183016
872,0,0.05405020050928112
872,1,0.05472232585050636
872,2,0.05461718221529351
872,3,0.05258114149590519
872,4,0.05410852837533955
873,0,0.059783770319651305
873,1,0.059028434295471305
873,2,0.05888938148196299
873,3,0.056956128581803794
873,4,0.059400711471722524
874,0,0.06158338342966596
874,1,0.0617786205974089
874,2,0.06166184744771933
874,3,0.06023970522657331
874,4,0.06074613504764712
875,0,0.060765237109858726
875,1,0.0603236511431966
875,2,0.06032900765591887
875,3,0.05757809202782684
875,4,0.06003083186704856
876,0,0.06084923060716004
876,1,0.05972222180498185
876,2,0.0595991854993952
876,3,0.0586349740091351
876,4,0.060030965953886614
877,0,0.06022875521363338
877,1,0.0607894484392879
877,2,0.06072334582636782
877,3,0.060113738290115924
877,4,0.05989137294627335
878,0,0.061980036155087195
878,1,0.06195415217478604
878,2,0.06193398428707437
878,3,0.060714014701339705
878,4,0.06174025568784654
879,0,0.061839250791259084
879,1,0.06196658199717894
879,2,0.06200727771882691
879,3,0.06021943269800602
879,4,0.06213469511034396
880,0,0.05945641145557362
880,1,0.060026630845819835
880,2,0.059916737798024526
880,3,0.058595711752718806
880,4,0.05962883764956178
881,0,0.06194518085859839
881,1,0.061708388540352654
881,2,0.06171036224548425
881,3,0.059515433156905405
881,4,0.061127981389699604
882,0,0.062489071602151586
882,1,0.0617379588096226
882,2,0.06177837903044529
882,3,0.06103657423662831
882,4,0.06146683820012392
883,0,0.06090638132083913
883,1,0.06113225064500921
883,2,0.06098567065070674
883,3,0.05954696146952433
883,4,0.06175435719942282
884,0,0.062376781935308635
884,1,0.06117147800587538
884,2,0.0610519472376354
884,3,0.06090557707458
884,4,0.061571441641231836
885,0,0.06179633105073084
885,1,0.06126053387663674
885,2,0.06136598809140371
885,3,0.060290015038608445
885,4,0.060470981666592594
886,0,0.06291188673955932
886,1,0.06221751942354099
886,2,0.06209759697335976
886,3,0.06223268208955954
886,4,0.06261996920655488
887,0,0.06274451009651938
887,1,0.06205091245177285
887,2,0.06201536625087052
887,3,0.06047251249132473
887,4,0.06257676251653017
888,0,0.06175664432337892
888,1,0.06208285772499922
888,2,0.0619162419606515
888,3,0.0621333801159625
888,4,0.06152849176780108
889,0,0.05949650877807187
889,1,0.0595179266317124
889,2,0.05951267095888668
889,3,0.05841065735376196
889,4,0.059408178203532495
890,0,0.05332484557849043
890,1,0.05345799170192993
890,2,0.053425216674804626
890,3,0.052079889817255184
890,4,0.05289153965724479
891,0,0.06161837661395141
891,1,0.06103844037004456
891,2,0.061193672125222254
891,3,0.05987212566911541
891,4,0.06151538954204743
892,0,0.06300158689574464
892,1,0.06197492656730674
892,2,0.06196873370625131
892,3,0.06194829127940245
892,4,0.06284183383131087
893,0,0.06303764132606157
893,1,0.06352829350429134
893,2,0.0636398711095767
893,3,0.061897460140672614
893,4,0.06309730113053529
894,0,0.06096023742749064
894,1,0.06134037265113579
894,2,0.06130175893904934
894,3,0.05980566718569762
894,4,0.0615507767895978
895,0,0.06338747278696635
895,1,0.06361430292942373
895,2,0.06358963392791203
895,3,0.06289618282615796
895,4,0.06305780023801519
896,0,0.06294794350540515
896,1,0.0628044101399106
896,2,0.06286631947090371
896,3,0.06181624138913398
896,4,0.06348867455307335
897,0,0.06440037318638413
897,1,0.06420523035569206
897,2,0.06418506507827745
897,3,0.0625657304853095
897,4,0.06349300553961827
898,0,0.06452260611581064
898,1,0.06454962699496324
898,2,0.06454261363053522
898,3,0.06299999104255977
898,4,0.06388786219749133
899,0,0.0628441780612393
899,1,0.06236864802073189
899,2,0.06238696882561637
899,3,0.061099848249236345
899,4,0.06271046733512747
900,0,0.06326255638058459
900,1,0.06361108205183955
900,2,0.06366949642405802
900,3,0.06256876964958358
900,4,0.06307007092387751
901,0,0.06436747446781463
901,1,0.06443610810718335
901,2,0.06437857546583081
901,3,0.06236906621779582
901,4,0.06393604246508179
902,0,0.06412395541407474
902,1,0.06357931666013585
902,2,0.06352251870291584
902,3,0.06170541628211347
902,4,0.06326217092672044
903,0,0.06328049667743083
903,1,0.06263427047454746
903,2,0.06259313484915457
903,3,0.0620179589169654
903,4,0.062008520998731616
904,0,0.06384417063334119
904,1,0.06446094815184394
904,2,0.06447557502004723
904,3,0.06280523018533588
904,4,0.06468443770941013
905,0,0.06431884619082012
905,1,0.06491467364839014
905,2,0.06494510778859891
905,3,0.06372964490361584
905,4,0.06463493727263868
906,0,0.06332890335394425
906,1,0.06289666476942339
906,2,0.06300517303173717
906,3,0.06162994045884957
906,4,0.06342290953857133
907,0,0.06397159040618218
907,1,0.06416907146769846
907,2,0.06425420158908307
907,3,0.06300707694576864
907,4,0.06391117888195325
908,0,0.06450120332862155
908,1,0.06369329289943523
908,2,0.06370095448763008
908,3,0.06342668984402855
908,4,0.06451933610052929
909,0,0.06508624416868805
909,1,0.06444002552192764
909,2,0.06449318793069005
909,3,0.06311767733826938
909,4,0.06464489610541495
910,0,0.05412781485274788
910,1,0.0542465006174591
910,2,0.0542787850003284
910,3,0.05405688314449324
910,4,0.05412624945302831
911,0,0.0568073073498199
911,1,0.05721273140603904
911,2,0.05711452378803101
911,3,0.055805408207594664
911,4,0.05753788864483794
912,0,0.062164806077460256
912,1,0.06266567234804081
912,2,0.06268023693547259
912,3,0.061785852677252645
912,4,0.06222034669580733
913,0,0.062487847556014796
913,1,0.06339651746623956
913,2,0.06355497719717773
913,3,0.06167516953375596
913,4,0.06266482244448078
914,0,0.06392674009911599
914,1,0.06325893553222087
914,2,0.06327318729615883
914,3,0.0630654827543812
914,4,0.0637758364912128
915,0,0.06312279379525258
915,1,0.06331839031388929
915,2,0.06343061440274367
915,3,0.06202443446861177
915,4,0.06359137000442275
916,0,0.06512805590681105
916,1,0.06467681170368544
916,2,0.06473582823021795
916,3,0.06274145797234915
916,4,0.06395078235456794
917,0,0.06276815334288023
917,1,0.06270546857048494
917,2,0.06274148792207322
917,3,0.06159438770930744
917,4,0.06320577312345853
918,0,0.06451391753600876
918,1,0.06431488531691978
918,2,0.06434919986976746
918,3,0.06387395082544747
918,4,0.06457984026740572
919,0,0.06447260358611223
919,1,0.06314849203231106
919,2,0.06321101359244877
919,3,0.06143971574835997
919,4,0.0627982303761349
920,0,0.062275205248114945
920,1,0.06228237408549866
920,2,0.062326718269705504
920,3,0.06164020281879851
920,4,0.061976593677021706
921,0,0.06512560323506855
921,1,0.06425432180013121
921,2,0.06444813965320008
921,3,0.06423850262150764
921,4,0.06448123826557003
922,0,0.063591644635149
922,1,0.06443446380322172
922,2,0.0644029574262567
922,3,0.06255126737890002
922,4,0.06474007367229123
923,0,0.06382805291916596
923,1,0.06316776706104806
923,2,0.06325448062525796
923,3,0.06275469822328357
923,4,0.06349582040152499
924,0,0.06391228688435828
924,1,0.06500671377559818
924,2,0.06507346081132653
924,3,0.06327327806122458
924,4,0.06470820977622019
925,0,0.06471852067853519
925,1,0.06431865339519616
925,2,0.0644604495393128
925,3,0.0629561131856307
925,4,0.06469099839337598
926,0,0.0653408791953061
926,1,0.06335180619183714
926,2,0.0633532756516915
926,3,0.06334180055689281
926,4,0.06366624115466506
927,0,0.06526580595311877
927,1,0.06469570723186743
927,2,0.06464986391285035
927,3,0.06385992441715455
927,4,0.06470184046824294
928,0,0.06221958357317556
928,1,0.0617895195034801
928,2,0.061744353121497765
928,3,0.059188269561364734
928,4,0.06178189221550452
929,0,0.06251609756451428
929,1,0.06319289098696113
929,2,0.06321889696430338
929,3,0.06128219613651136
929,4,0.06309718650643865
930,0,0.0630798967688882
930,1,0.062297523654237186
930,2,0.06230642600362912
930,3,0.06210959092194011
930,4,0.06277937812393046
931,0,0.06360175601002123
931,1,0.06431779034856132
931,2,0.06432490954450631
931,3,0.06255857231808745
931,4,0.06417014512408978
932,0,0.06431957460108077
932,1,0.06419097323377594
932,2,0.06429233940280224
932,3,0.06184979162868769
932,4,0.0641587207240074
933,0,0.06468613820345064
933,1,0.06376545987352465
933,2,0.06382457009598284
933,3,0.06375466391390545
933,4,0.06425855803747285
934,0,0.06396395070784666
934,1,0.06334016541186793
934,2,0.06328230043848596
934,3,0.06204398669257747
934,4,0.0639516343188889
935,0,0.06520861993173746
935,1,0.06543247886923333
935,2,0.06537549910711367
935,3,0.06450979720501485
935,4,0.06518965667321638
936,0,0.06173988337705702
936,1,0.06161890224534642
936,2,0.06161214986482885
936,3,0.06153547673952404
936,4,0.06203483535748306
937,0,0.06447574757442068
937,1,0.06477341316470452
937,2,0.06485441993264607
937,3,0.06315411332990249
937,4,0.06454620320112911
938,0,0.06452880149557395
938,1,0.06497050826861533
938,2,0.0649424996439006
938,3,0.06371015770810279
938,4,0.06486839491350732
939,0,0.0659897059409703
939,1,0.06608031718241501
939,2,0.06617276442437332
939,3,0.06369763922719986
939,4,0.06629544815667981
940,0,0.06525004012530308
940,1,0.06444073314140115
940,2,0.06452067907546326
940,3,0.06404798418390813
940,4,0.06421292569456986
941,0,0.06453337066027598
941,1,0.06510518411771458
941,2,0.06504674094063913
941,3,0.06541170365240828
941,4,0.06483914964911763
942,0,0.06649201533946121
942,1,0.06656889559412633
942,2,0.0665294002427633
942,3,0.06591232615788033
942,4,0.06624088859787093
943,0,0.06661121469156521
943,1,0.0658309312341882
943,2,0.06577893182724755
943,3,0.06554937506924158
943,4,0.066216849227484
944,0,0.06712252031855227
944,1,0.06713706681708333
944,2,0.06710636674713845
944,3,0.06495825296976716
944,4,0.06694077568466358
945,0,0.06400358225260333
945,1,0.06279593981757756
945,2,0.06273518304721801
945,3,0.06207845328377941
945,4,0.06376984778286325
946,0,0.06336583264592466
946,1,0.06367483338244959
946,2,0.06373427277710413
946,3,0.06345026980213482
946,4,0.06457504615921093
947,0,0.06468972740768687
947,1,0.06526927851829217
947,2,0.06525233187452238
947,3,0.06414325604204096
947,4,0.06577739330900831
948,0,0.066677787753285
948,1,0.06543287618392112
948,2,0.06543549248007312
948,3,0.06352336759899287
948,4,0.06563443100323639
949,0,0.0654100702475816
949,1,0.0663282304193651
949,2,0.06636893287283187
949,3,0.06527163882215495
949,4,0.06646079847649503
950,0,0.06753032322548172
950,1,0.0672473863507806
950,2,0.06710311715628632
950,3,0.0661766639333957
950,4,0.06778242429479116
951,0,0.055011926721982796
951,1,0.05520589679658495
951,2,0.05514677420956178
951,3,0.05589872124386856
951,4,0.055638311141106914
952,0,0.06146940018377972
952,1,0.06169951824724032
952,2,0.061811910402588904
952,3,0.06124735041111193
952,4,0.061640411642562294
953,0,0.05906181262177728
953,1,0.059480800514175605
953,2,0.05956928967570931
953,3,0.058673416494893965
953,4,0.06009752449869119
954,0,0.06129682286733055
954,1,0.061282736605384365
954,2,0.06121413946437952
954,3,0.06003726927172252
954,4,0.060582460492742164
955,0,0.060036073893058255
955,1,0.06076700560900647
955,2,0.06065703022236742
955,3,0.060242778920039784
955,4,0.06083244607657525
956,0,0.06365763811933464
956,1,0.06412370074983127
956,2,0.06408158768268059
956,3,0.06238012426039773
956,4,0.06410504330821697
957,0,0.06545012081370649
957,1,0.06450571534155658
957,2,0.06442918527884797
957,3,0.06485014243429313
957,4,0.0646771412422392
958,0,0.06486415373033985
958,1,0.06445367568108794
958,2,0.0645086093824738
958,3,0.06295949173431585
958,4,0.06477038192291074
959,0,0.06327296670316088
959,1,0.06408175474169171
959,2,0.06414326822342716
959,3,0.06332794871793933
959,4,0.06408514061752638
960,0,0.06627481829218503
960,1,0.06489278562071803
960,2,0.0649639301368742
960,3,0.06441823274720042
960,4,0.06504117688640404
961,0,0.06584420940312165
961,1,0.0645382684934326
961,2,0.06463069311281647
961,3,0.06358436135684749
961,4,0.06481994596849976
962,0,0.06491383038505952
962,1,0.06466374684639492
962,2,0.06456164287919772
962,3,0.06285056522914356
962,4,0.06393045977241002
963,0,0.06492930972132509
963,1,0.06400490448254513
963,2,0.06404058119829986
963,3,0.06304828332394977
963,4,0.06459148480253936
964,0,0.06521352019201244
964,1,0.06563698414851787
964,2,0.06565801613614206
964,3,0.0649498778545843
964,4,0.06613025289766797
965,0,0.06505235353724026
965,1,0.06396601229297887
965,2,0.06394318570323648
965,3,0.06388460509631105
965,4,0.0635051813388932
966,0,0.06636348179408498
966,1,0.06499818424073739
966,2,0.06494444152172604
966,3,0.06508339148037158
966,4,0.06587926486817873
967,0,0.06624621996931102
967,1,0.06557195839761701
967,2,0.06560464348398058
967,3,0.06478134466677302
967,4,0.06579315794616193
968,0,0.06627388907223064
968,1,0.0657635125278139
968,2,0.06572464021314103
968,3,0.06396636930834348
968,4,0.06605410421309646
969,0,0.06721732154470687
969,1,0.06800884095703716
969,2,0.06787760323550826
969,3,0.0672853287127841
969,4,0.06777766769244338
970,0,0.06602897840960123
970,1,0.06642796913687356
970,2,0.06632303482916616
970,3,0.06592467909099672
970,4,0.06644159855104162
971,0,0.06494802610069932
971,1,0.06392784169026502
971,2,0.06394452359496061
971,3,0.06315184218829151
971,4,0.06393380956203282
972,0,0.06499821849516174
972,1,0.06535772925808522
972,2,0.06532263830214725
972,3,0.06393317915239843
972,4,0.06453121858484616
973,0,0.06547453560892146
973,1,0.06506215337086985
973,2,0.06501367209481462
973,3,0.0641691707505757
973,4,0.06492080500718356
974,0,0.06437330527609007
974,1,0.06519525278373066
974,2,0.06515519456989356
974,3,0.06362037974674749
974,4,0.06534779080394382
975,0,0.06668073413752715
975,1,0.06530043255095012
975,2,0.06537033580216771
975,3,0.06422866528203086
975,4,0.06543480931496154
976,0,0.0653555915163918
976,1,0.06528999200388176
976,2,0.06531834619528971
976,3,0.06362445945785553
976,4,0.06575235126399213
977,0,0.05950755825706751
977,1,0.05883111640041762
977,2,0.058797339660351694
977,3,0.05750346510064002
977,4,0.05833978586551813
978,0,0.04851329542437102
978,1,0.048367173605892544
978,2,0.04822405143087501
978,3,0.048731678279221965
978,4,0.04824225985560252
979,0,0.05174880015177479
979,1,0.05285477774483819
979,2,0.052847060974047975
979,3,0.05409007540699399
979,4,0.05375254059753798
980,0,0.04824290272139148
980,1,0.050299470725179866
980,2,0.05031186981933903
980,3,0.053806215174058
980,4,0.05086501924072865
981,0,0.052580749493401115
981,1,0.05314815438809813
981,2,0.05317183500292217
981,3,0.053559228684149536
981,4,0.05308415288112336
982,0,0.052192812870387476
982,1,0.05223763418941818
982,2,0.0522265435410004
982,3,0.05294018959512513
982,4,0.05272820874565662
983,0,0.053958128234204074
983,1,0.05367330406894226
983,2,0.05358738147053271
983,3,0.053267688041403256
983,4,0.05368928458224118
984,0,0.054642189044196814
984,1,0.054565055315949816
984,2,0.054602663972083174
984,3,0.05395874980546431
984,4,0.054752220575119824
985,0,0.05698730216879231
985,1,0.056737278025834524
985,2,0.056799421138694677
985,3,0.05655263078742244
985,4,0.05675781648413765
986,0,0.05710194247682
986,1,0.05709580493574402
986,2,0.057069737501934496
986,3,0.05718762634753627
986,4,0.057291789106389705
987,0,0.0582775913252266
987,1,0.0583477658183637
987,2,0.058404935674221004
987,3,0.05757133488466186
987,4,0.0573657766481837
988,0,0.059541991234970636
988,1,0.059845184243741606
988,2,0.05990577107002492
988,3,0.058682397198991945
988,4,0.05963640902222703
989,0,0.06007506499914428
989,1,0.06056444243652054
989,2,0.06054630132998025
989,3,0.0593043178269844
989,4,0.061109556493495906
990,0,0.06131898799864192
990,1,0.060869227360133636
990,2,0.060978500668456025
990,3,0.05926760372422902
990,4,0.060873433510367135
991,0,0.061396493900294564
991,1,0.06199419646703902
991,2,0.0619997955542081
991,3,0.06141298273459797
991,4,0.06143423014042059
992,0,0.06366631117473855
992,1,0.06249821190072727
992,2,0.06250646565999458
992,3,0.06122345511080417
992,4,0.06236129197467574
993,0,0.06378209520502541
993,1,0.06265613024689846
993,2,0.06260234883137827
993,3,0.06214692059685198
993,4,0.06290687528978889
994,0,0.0643969230148115
994,1,0.06298510964749678
994,2,0.06301518997796894
994,3,0.06183471775856357
994,4,0.06316431052401426
995,0,0.06247234381118178
995,1,0.061909057186717485
995,2,0.0618363170463499
995,3,0.06190531232634666
995,4,0.06235889938556005
996,0,0.0614351180535692
996,1,0.061819554909366116
996,2,0.061855383571885865
996,3,0.06072383445565741
996,4,0.06142137232090114
997,0,0.06300766783459001
997,1,0.06392382435151805
997,2,0.06392525236718229
997,3,0.06262067531480375
997,4,0.06330330586519271
998,0,0.062304577089014344
998,1,0.06261427468326199
998,2,0.06266918127419442
998,3,0.061765194007901064
998,4,0.062003077888259935
999,0,0.062588359745754
999,1,0.06172686875653594
999,2,0.061660242115034625
999,3,0.05940898680028662
999,4,0.06093685498186103
1000,0,0.06014287552484401
1000,1,0.06001537084865696
1000,2,0.0600992883725757
1000,3,0.05804423305882413
1000,4,0.05986059644499907
1001,0,0.0618936637154862
1001,1,0.06244144022965653
1001,2,0.06240298308959839
1001,3,0.06137722367999937
1001,4,0.06233626458395873
1002,0,0.06264803076992519
1002,1,0.06220750389694457
1002,2,0.06223577465043645
1002,3,0.06243229558058594
1002,4,0.06255704341673209
1003,0,0.06148318058302437
1003,1,0.06336763260602095
1003,2,0.06343268940571842
1003,3,0.06141031281286938
1003,4,0.062700609159069
1004,0,0.06259594774188984
1004,1,0.06141967640632914
1004,2,0.06146540276572062
1004,3,0.06082493817534346
1004,4,0.061312564057605524
1005,0,0.0616133162554574
1005,1,0.06263506867590818
1005,2,0.06265234682740294
1005,3,0.06132409593781373
1005,4,0.06288920522737916
1006,0,0.060944653862521785
1006,1,0.06026034525748798
1006,2,0.06035126002610528
1006,3,0.061631675069930336
1006,4,0.06052570072828943
1007,0,0.06105185949501876
1007,1,0.061032153034553685
1007,2,0.061086400777352175
1007,3,0.06042177797938032
1007,4,0.060412564638282366
1008,0,0.060147355115141875
1008,1,0.0598846891203992
1008,2,0.05995304194675916
1008,3,0.05980452795131739
1008,4,0.06071431213781916
1009,0,0.0547017089917022
1009,1,0.05413070664972549
1009,2,0.05418537652793061
1009,3,0.05252741883496577
1009,4,0.054567161917257294
1010,0,0.06117745247207774
1010,1,0.06077911894433066
1010,2,0.060711615105637086
1010,3,0.05850442261255104
1010,4,0.06089446636809018
1011,0,0.06334767175608051
1011,1,0.06265085575245748
1011,2,0.06255328051325522
1011,3,0.06084436180783363
1011,4,0.061726171211893104
1012,0,0.05945977292284111
1012,1,0.05812799616306494
1012,2,0.05806397812420884
1012,3,0.05702195798363295
1012,4,0.057918604636678986
1013,0,0.060399849423412
1013,1,0.059467173481331126
1013,2,0.05956864534449041
1013,3,0.05893754402701033
1013,4,0.05973127390299391
1014,0,0.060955988596610625
1014,1,0.060778007507324545
1014,2,0.060720602266785696
1014,3,0.061060427405825735
1014,4,0.06019316912556041
1015,0,0.062316949301693375
1015,1,0.06206861182278096
1015,2,0.06205247583652617
1015,3,0.06245057352164508
1015,4,0.06186297143063787
1016,0,0.062169444254752695
1016,1,0.062257546863349854
1016,2,0.062253672953556695
1016,3,0.061187523043885673
1016,4,0.06261716006898362
1017,0,0.059529667335684294
1017,1,0.06073469695495392
1017,2,0.06067769525718006
1017,3,0.060245944431850024
1017,4,0.060433146601536314
1018,0,0.06069724816806612
1018,1,0.060682348134566494
1018,2,0.06061789216113691
1018,3,0.06045501109074018
1018,4,0.060675972873280325
1019,0,0.05538401128578882
1019,1,0.055068400773395365
1019,2,0.05505032313828859
1019,3,0.05572421212442503
1019,4,0.05520999574146077
1020,0,0.05706086560600802
1020,1,0.05666544329218513
1020,2,0.05674063857720831
1020,3,0.054828964636391676
1020,4,0.056947116645730586
1021,0,0.05858209703864452
1021,1,0.05854391411716057
1021,2,0.058552126340648616
1021,3,0.05862609034397469
1021,4,0.05890631777613405
1022,0,0.06076510164918039
1022,1,0.05994813064996526
1022,2,0.06003758919339224
1022,3,0.0588265273608224
1022,4,0.06033669635456732
1023,0,0.06117917270362747
1023,1,0.060216014491123675
1023,2,0.060180923443596254
1023,3,0.059379807251269796
1023,4,0.06040925913211966
1024,0,0.059881980822724785
1024,1,0.060146836948280484
1024,2,0.06015441038170638
1024,3,0.05907055784960482
1024,4,0.05907537961778956
1025,0,0.05875985286387516
1025,1,0.059421656083087665
1025,2,0.0593604587220631
1025,3,0.05817342902431973
1025,4,0.059222417879505496
1026,0,0.05780540805189281
1026,1,0.057117789681790626
1026,2,0.05711685153187262
1026,3,0.056657959936904444
1026,4,0.05769287150590219
1027,0,0.060035849911253755
1027,1,0.06100435730933011
1027,2,0.061056028551557416
1027,3,0.059845378321616925
1027,4,0.060890338297794826
1028,0,0.06025577078060254
1028,1,0.06086934518985825
1028,2,0.06096996293634648
1028,3,0.0591452505837542
1028,4,0.06115440373231819
1029,0,0.06065485479164817
1029,1,0.06084453651455709
1029,2,0.06092683395990245
1029,3,0.05930625132438217
1029,4,0.06061033035956075
1030,0,0.0604844409993003
1030,1,0.06129432577474365
1030,2,0.06123978810579414
1030,3,0.060521252461556055
1030,4,0.06091950007847393
1031,0,0.06151662906678793
1031,1,0.06159425888885849
1031,2,0.06140079731843925
1031,3,0.05916033210159074
1031,4,0.06066593614374478
1032,0,0.06217727056642974
1032,1,0.06120451745151184
1032,2,0.06119564459389728
1032,3,0.06056651194413323
1032,4,0.06205890197570738
1033,0,0.06088613979527362
1033,1,0.0618388205959876
1033,2,0.06177675611260132
1033,3,0.06040741859793241
1033,4,0.06118562137379375
1034,0,0.05993805783421789
1034,1,0.05994025593330605
1034,2,0.0599517700909711
1034,3,0.06017959681736484
1034,4,0.06027415675132376
1035,0,0.05831243302069362
1035,1,0.057783027319204094
1035,2,0.0577870693870811
1035,3,0.05763464054139735
1035,4,0.05859275277493835
1036,0,0.061610700875198876
1036,1,0.06216788865509581
1036,2,0.06214173425717952
1036,3,0.060567438874353556
1036,4,0.06231233310584982
1037,0,0.06074174892430129
1037,1,0.06052461470733333
1037,2,0.060587225567106856
1037,3,0.059698952563813745
1037,4,0.06104452987249591
1038,0,0.06048355720767306
1038,1,0.06062760695403665
1038,2,0.060610320147346186
1038,3,0.0592785213603265
1038,4,0.06072745695262975
1039,0,0.0600567945684135
1039,1,0.059315278693264445
1039,2,0.059196759483822914
1039,3,0.05826286741808539
1039,4,0.05934310555887406
1040,0,0.059959565033288885
1040,1,0.06002576770759579
1040,2,0.060020757723255456
1040,3,0.06040213444081248
1040,4,0.060019997256715245
1041,0,0.05995780830337522
1041,1,0.060165985171534396
1041,2,0.06020307318789335
1041,3,0.05910316815324774
1041,4,0.06028708514045272
1042,0,0.060471049717494604
1042,1,0.06028533963023695
1042,2,0.06018063576138479
1042,3,0.05916198478597992
1042,4,0.06024800963476222
1043,0,0.05797950895751367
1043,1,0.05853597867674917
1043,2,0.05856391004582989
1043,3,0.05732977163033196
1043,4,0.057879879597713166
1044,0,0.06217650606995737
1044,1,0.06264949189514682
1044,2,0.06270297972094126
1044,3,0.06298367132802835
1044,4,0.06242733711526613
1045,0,0.06232449626579142
1045,1,0.062441364073095085
1045,2,0.0626544787989659
1045,3,0.06197128918706168
1045,4,0.06190053823042899
1046,0,0.06026472913689405
1046,1,0.060640661644907126
1046,2,0.06048814519399076
1046,3,0.06051286708836369
1046,4,0.06091597361295585
1047,0,0.06409445511908378
1047,1,0.06291491738602181
1047,2,0.06292787828937742
1047,3,0.062473866392870815
1047,4,0.06300988420575754
1048,0,0.06295835323265052
1048,1,0.06188323374698993
1048,2,0.061917430241139534
1048,3,0.06217799888510111
1048,4,0.06107574829248115
1049,0,0.06047199583568777
1049,1,0.06104287357032667
1049,2,0.060929383533198524
1049,3,0.058882383138191934
1049,4,0.06085113589503203
1050,0,0.056496037349266115
1050,1,0.05609922058728296
1050,2,0.0562206432713467
1050,3,0.055754126311779686
1050,4,0.05695412451479626
1051,0,0.061069172038322336
1051,1,0.06045561365720608
1051,2,0.06058114961988225
1051,3,0.05936279434259048
1051,4,0.060878652684828866
1052,0,0.060893799872243956
1052,1,0.06120520070821299
1052,2,0.06105587729171258
1052,3,0.06065007675738759
1052,4,0.06118129643214717
1053,0,0.060004399541188524
1053,1,0.060271175105174
1053,2,0.06029536555222685
1053,3,0.05912365724488039
1053,4,0.06003398048062018
1054,0,0.060274606638309754
1054,1,0.06038538998057713
1054,2,0.06045248775779853
1054,3,0.059785241931855894
1054,4,0.060767753848365656
1055,0,0.061062499248967235
1055,1,0.06009577706509872
1055,2,0.060066507117373505
1055,3,0.05895277359906374
1055,4,0.06032079781375457
1056,0,0.060337909593158684
1056,1,0.06080169544929791
1056,2,0.060701006034127584
1056,3,0.05984761768171634
1056,4,0.060275391925569105
1057,0,0.059668789986087246
1057,1,0.060410627981051034
1057,2,0.06044014911262365
1057,3,0.061732958533755225
1057,4,0.060695094627206465
1058,0,0.05924967272370379
1058,1,0.05955117696187382
1058,2,0.05963429266665165
1058,3,0.0579171930613067
1058,4,0.059650141337052445
1059,0,0.06057926796206784
1059,1,0.0597720154651218
1059,2,0.059919002619968985
1059,3,0.05978654071491869
1059,4,0.06043552659711343
1060,0,0.06060392752987431
1060,1,0.060721479509772906
1060,2,0.060446716024666905
1060,3,0.05927978227118494
1060,4,0.06074087992435755
1061,0,0.062095085226473515
1061,1,0.061681358548057966
1061,2,0.061679216043717455
1061,3,0.06090041706685118
1061,4,0.061346618908793976
1062,0,0.061607287568347664
1062,1,0.06289889900051816
1062,2,0.062745190788718
1062,3,0.06164041219209841
1062,4,0.06138268735228478
1063,0,0.06124482556694561
1063,1,0.06245337711805922
1063,2,0.06244660440470139
1063,3,0.06077885741088427
1063,4,0.061613493022941744
1064,0,0.06006437271869195
1064,1,0.059928919596403035
1064,2,0.05996404837875086
1064,3,0.0584894592450018
1064,4,0.059568669753057635
1065,0,0.061143099405900146
1065,1,0.06062270531992112
1065,2,0.0605009708198466
1065,3,0.05800012934250862
1065,4,0.060356989261769266
1066,0,0.06326202126968966
1066,1,0.06292798686857562
1066,2,0.06295960498457212
1066,3,0.06240204072656901
1066,4,0.06266280271569094
1067,0,0.0633963032387026
1067,1,0.06294901734497528
1067,2,0.0629108177542257
1067,3,0.06189124534396283
1067,4,0.06334835542493376
1068,0,0.0624990078123536
1068,1,0.06239098231760994
1068,2,0.06229653426006642
1068,3,0.060364103008146694
1068,4,0.06135587786139852
1069,0,0.062430369410337326
1069,1,0.06214100827403719
1069,2,0.06218427339808017
1069,3,0.06166271443269691
1069,4,0.06226344027295995
1070,0,0.06361168155006165
1070,1,0.06404328642773038
1070,2,0.06403100021746999
1070,3,0.06209164009231624
1070,4,0.06445911064010584
1071,0,0.06230099095302195
1071,1,0.061473339259409815
1071,2,0.06134543291804031
1071,3,0.06071848897945426
1071,4,0.061566831810849314
1072,0,0.06269700099583306
1072,1,0.06272095189088822
1072,2,0.06267122939568893
1072,3,0.059783331240211096
1072,4,0.062293092194153105
1073,0,0.06198024012461437
1073,1,0.06250966400659391
1073,2,0.06253431111824628
1073,3,0.06151507671855384
1073,4,0.06300263454075486
1074,0,0.05654885574835412
1074,1,0.05629621379801929
1074,2,0.05614732533943749
1074,3,0.055739791155720204
1074,4,0.055533288037505076
1075,0,0.05225238406214547
1075,1,0.05233989665202024
1075,2,0.05238784089380381
1075,3,0.0523111851246848
1075,4,0.052632951541822875
1076,0,0.05886274990342837
1076,1,0.058924378284028536
1076,2,0.05891771282182323
1076,3,0.058774427892494846
1076,4,0.05873818089552732
1077,0,0.056688358586232473
1077,1,0.05623397996588775
1077,2,0.05632440821177112
1077,3,0.05507515590159416
1077,4,0.055877839920758364
1078,0,0.05529875431312666
1078,1,0.05507432660564233
1078,2,0.0550686447674774
1078,3,0.05531836895524815
1078,4,0.054907483424888645
1079,0,0.05663889799083712
1079,1,0.05630895268874177
1079,2,0.056250178645066526
1079,3,0.05578147466872506
1079,4,0.05639270095550439
1080,0,0.05904361239429875
1080,1,0.0593702901082309
1080,2,0.05951658379416219
1080,3,0.059873188151603585
1080,4,0.059511459139930535
1081,0,0.060836135159019825
1081,1,0.059385134730161604
1081,2,0.059314456449694165
1081,3,0.05846541694375501
1081,4,0.06005297996273712
1082,0,0.060520416113222585
1082,1,0.06069607303065267
1082,2,0.060667594140317346
1082,3,0.058912748723757194
1082,4,0.060819197628392184
1083,0,0.05878323636278254
1083,1,0.05815435013421876
1083,2,0.05812449593790147
1083,3,0.057457573788792925
1083,4,0.05743591478034104
1084,0,0.06383571130173267
1084,1,0.06275530019441873
1084,2,0.06290352014218786
1084,3,0.06183512904063009
1084,4,0.0631832232252032
1085,0,0.0640827307180196
1085,1,0.0648815867136649
1085,2,0.06476988221130742
1085,3,0.06207695799572288
1085,4,0.06445757477795806
1086,0,0.06488610765656382
1086,1,0.06485648339536017
1086,2,0.06476889414518261
1086,3,0.0631201235071667
1086,4,0.06423821058880111
1087,0,0.06516094684028412
1087,1,0.06490175986776538
1087,2,0.06478618374534885
1087,3,0.06377840337489984
1087,4,0.06485838753836498
1088,0,0.06405264498377491
1088,1,0.06503496012052297
1088,2,0.06501622139334251
1088,3,0.06231593485782996
1088,4,0.06461325257336838
1089,0,0.06339288365797968
1089,1,0.06353126205316127
1089,2,0.0634894586954656
1089,3,0.06231607352413634
1089,4,0.06431340646915522
1090,0,0.06416384679787454
1090,1,0.06520251192823323
1090,2,0.06516626625931157
1090,3,0.06288137566427947
1090,4,0.06511045430745545
1091,0,0.06301479843341158
1091,1,0.06252249915774412
1091,2,0.0626327154244266
1091,3,0.06181732512035594
1091,4,0.0624636516593944
1092,0,0.06500138734998429
1092,1,0.06416785346645988
1092,2,0.06415933780738871
1092,3,0.06335767391062878
1092,4,0.06520274639702077
1093,0,0.06567643755194952
1093,1,0.0645264190270835
1093,2,0.06461298714737383
1093,3,0.06393247808156466
1093,4,0.06449415227516789
1094,0,0.06329286128819205
1094,1,0.06348900074861492
1094,2,0.06347437236918704
1094,3,0.0618963202651667
1094,4,0.06274798147103088
1095,0,0.06563840250150356
1095,1,0.0663275180372443
1095,2,0.06629013514890829
1095,3,0.06303077528313578
1095,4,0.06577037312117236
1096,0,0.06531305072688262
1096,1,0.06443579565004723
1096,2,0.0642623311989591
1096,3,0.06296052408390124
1096,4,0.0650675289341813
1097,0,0.06377733686247963
1097,1,0.06379436071608825
1097,2,0.06373840909044289
1097,3,0.06272667741718276
1097,4,0.06447493751223644
1098,0,0.06309290081083713
1098,1,0.06345243634868508
1098,2,0.06340562630386641
1098,3,0.06082954420476697
1098,4,0.06313788786083296
1099,0,0.06341685309988275
1099,1,0.0637694141071957
1099,2,0.06370380708435736
1099,3,0.06257001750895687
1099,4,0.06340413316815996
1100,0,0.06514907731586303
1100,1,0.0646884828455309
1100,2,0.06462452672108918
1100,3,0.06319994776475055
1100,4,0.06476550291136979
1101,0,0.06579997311119286
1101,1,0.06617962121677293
1101,2,0.06616783746579691
1101,3,0.06475160408706947
1101,4,0.06516880873443145
1102,0,0.06467353184254669
1102,1,0.06555795561938176
1102,2,0.06556234032309226
1102,3,0.06282170427375054
1102,4,0.06519171372467464
1103,0,0.06345443977456723
1103,1,0.0633225109654458
1103,2,0.06323723228610302
1103,3,0.06281248896348102
1103,4,0.0639612365942472
1104,0,0.06407349713567077
1104,1,0.0638775512493816
1104,2,0.0639298113196695
1104,3,0.06189562986449471
1104,4,0.06356340483886433
1105,0,0.06557732214589956
1105,1,0.06631925255453765
1105,2,0.0662871832693039
1105,3,0.06534593094439936
1105,4,0.06568846314465733
1106,0,0.06196933169324863
1106,1,0.061803753224312405
1106,2,0.061866362343887836
1106,3,0.0621025627200344
1106,4,0.06182321124861089
1107,0,0.06582893481489278
1107,1,0.06469248525521047
1107,2,0.06474577561432296
1107,3,0.06329683351917433
1107,4,0.06548641163618778
1108,0,0.0662872259499504
1108,1,0.06619700657362579
1108,2,0.0661797801701248
1108,3,0.06459473210365692
1108,4,0.06646946278511418
1109,0,0.06549030354329248
1109,1,0.0648674519551473
1109,2,0.06494182563772594
1109,3,0.06295347944170349
1109,4,0.06485696556759918
1110,0,0.06438599154871932
1110,1,0.06463698855396666
1110,2,0.06467507297108302
1110,3,0.06218698192472786
1110,4,0.0646869707508248
1111,0,0.06425658547720857
1111,1,0.06459742006849137
1111,2,0.06469121990226777
1111,3,0.061972324971248445
1111,4,0.06410684299354523
1112,0,0.06430532494369828
1112,1,0.06410201005145726
1112,2,0.0640759957394823
1112,3,0.06223114091522857
1112,4,0.06411210947391671
1113,0,0.06518105583603083
1113,1,0.06467277032272897
1113,2,0.0646665694476034
1113,3,0.0642860200568265
1113,4,0.06558250647060582
1114,0,0.06510476454681005
1114,1,0.06526903846255301
1114,2,0.06526028109913398
1114,3,0.06289312758794935
1114,4,0.0648353849138533
1115,0,0.06484451032915618
1115,1,0.0636317409043697
1115,2,0.06362076277349332
1115,3,0.06273940110406975
1115,4,0.06440593930137996
1116,0,0.06596906838296854
1116,1,0.06612150263242517
1116,2,0.06604379170796766
1116,3,0.06402005656999137
1116,4,0.06609617377529636
1117,0,0.06393539872919399
1117,1,0.06319295729766533
1117,2,0.06329315409940836
1117,3,0.06265670245148847
1117,4,0.06304118688796322
1118,0,0.06502387235717048
1118,1,0.06516019026629226
1118,2,0.06515257561764948
1118,3,0.06293624154373666
1118,4,0.0648870260689726
1119,0,0.0658605616776741
1119,1,0.06565542250835894
1119,2,0.06561311559230633
1119,3,0.06594089645440694
1119,4,0.0652031498481962
1120,0,0.06604412326148738
1120,1,0.06519182523473262
1120,2,0.06515000928349853
1120,3,0.06416586208458001
1120,4,0.06438068344097901
1121,0,0.06548400155350247
1121,1,0.06551583682789523
1121,2,0.06537585699257747
1121,3,0.06271324308837305
1121,4,0.06604129580604229
1122,0,0.06518557059664695
1122,1,0.06303055730043484
1122,2,0.06314220794824284
1122,3,0.06371833155564482
1122,4,0.06371120141477013
1123,0,0.06407542641995771
1123,1,0.06385539138445917
1123,2,0.06381522683536318
1123,3,0.06317112985636143
1123,4,0.0631724072991014
1124,0,0.06215782119732673
1124,1,0.06145463364178686
1124,2,0.06150984865992305
1124,3,0.060813565019513786
1124,4,0.0613915227498471
1125,0,0.06409830576517728
1125,1,0.06322476811769641
1125,2,0.06322507306450412
1125,3,0.06257543625665604
1125,4,0.06294207546605074
1126,0,0.06666903492353989
1126,1,0.06529529919572828
1126,2,0.06523224710416406
1126,3,0.06433406967218062
1126,4,0.0648928564193012
1127,0,0.06498632529488868
1127,1,0.06470297374931441
1127,2,0.06465246152477118
1127,3,0.062369892308119686
1127,4,0.06443133501874877
1128,0,0.06325706985675159
1128,1,0.06337505180294786
1128,2,0.06354064515515685
1128,3,0.06272624914528797
1128,4,0.06397425918304342
1129,0,0.06340253681123331
1129,1,0.06423731837095199
1129,2,0.06427259946642243
1129,3,0.06238070507438825
1129,4,0.06449850121322957
1130,0,0.06289107497857563
1130,1,0.06375693171250447
1130,2,0.06362165783061273
1130,3,0.061465269823749884
1130,4,0.06356846505997425
1131,0,0.06839872770091938
1131,1,0.06765605322023839
1131,2,0.06773503100886362
1131,3,0.06521275303944815
1131,4,0.06711493946638725
1132,0,0.06484087546761869
1132,1,0.064516146592304
1132,2,0.06444983446869973
1132,3,0.06236617442081818
1132,4,0.06434599071562237
1133,0,0.06485017123915011
1133,1,0.06511771674917535
1133,2,0.06501206337332306
1133,3,0.06404068629710176
1133,4,0.06581662753907723
1134,0,0.06551378985126777
1134,1,0.06533080848611439
1134,2,0.06522055155375156
1134,3,0.06231522229253039
1134,4,0.06506553485041487
1135,0,0.06449930678753454
1135,1,0.06394406486960011
1135,2,0.06373433812611967
1135,3,0.06258667953875903
1135,4,0.06274566600016476
1136,0,0.06446959354725791
1136,1,0.06439807287355868
1136,2,0.06453240494195737
1136,3,0.06111469877868162
1136,4,0.06373428019584312
1137,0,0.06092801679082284
1137,1,0.06136090813278438
1137,2,0.061305150905577185
1137,3,0.05920964290257143
1137,4,0.0613199895284043
1138,0,0.06316481376180867
1138,1,0.062320390818070504
1138,2,0.0624210205169716
1138,3,0.061105161760749434
1138,4,0.06262287474193791
1139,0,0.06360244833407011
1139,1,0.06421475546700633
1139,2,0.0641537444903499
1139,3,0.06275117500918828
1139,4,0.0641131870686508
1140,0,0.06390585337223299
1140,1,0.06348770301882965
1140,2,0.06348857591132168
1140,3,0.061844465844199115
1140,4,0.06339532524740864
1141,0,0.06508058344187304
1141,1,0.06518072350400138
1141,2,0.06517905245594335
1141,3,0.0645178948959956
1141,4,0.06529822616302386
1142,0,0.06467325936417068
1142,1,0.06317933012743675
1142,2,0.06308820690141304
1142,3,0.061469766953412365
1142,4,0.06367183186140665
1143,0,0.06482637600022939
1143,1,0.06404111946902795
1143,2,0.06417645146437488
1143,3,0.06333347966261703
1143,4,0.06470867156982417
1144,0,0.06597886702593646
1144,1,0.0644864769485675
1144,2,0.0644254208183519
1144,3,0.06336838249398885
1144,4,0.06478203712820584
1145,0,0.06595552629926497
1145,1,0.06468789342213939
1145,2,0.06463506320802241
1145,3,0.06267397112348372
1145,4,0.06441922992646772
1146,0,0.06308483384809009
1146,1,0.06221958334420213
1146,2,0.062242658049548004
1146,3,0.060874189855385695
1146,4,0.061400243340133935
1147,0,0.06356783400921416
1147,1,0.062406403128268034
1147,2,0.06239835233104473
1147,3,0.061756389384366964
1147,4,0.06219783063982447
1148,0,0.06452273562318006
1148,1,0.06466859778579416
1148,2,0.06470175703032673
1148,3,0.06334730081913147
1148,4,0.06496085131440281
1149,0,0.06533564495439288
1149,1,0.06457448215186962
1149,2,0.06459396843148893
1149,3,0.06499832189956072
1149,4,0.0648028759080537
1150,0,0.06621631846708424
1150,1,0.0650136592723027
1150,2,0.06508084241081706
1150,3,0.06296781762021232
1150,4,0.06505052486387622
1151,0,0.06144982657369603
1151,1,0.06009808562096736
1151,2,0.06012834322266528
1151,3,0.05677866877341779
1151,4,0.05971858941635733
1152,0,0.04990721543439161
1152,1,0.05091239260596814
1152,2,0.05087441846245346
1152,3,0.05053509889673647
1152,4,0.050441104114986014
