epoch,higuchi_fd,lyapunov_exponent,hurst_exponent
0,"[0.8775284412027599, 0.8766629690497776, 0.876665041455773, 0.8739257705795218, 0.8765196179831453]","[-23.96962190631653, -22.5637693964387, -21.952009681129624, -21.30584790604672, -20.62743700062308]","[0.19203679264024975, 0.1939601432402202, 0.1939508597390139, 0.2048739109595632, 0.194299659252818]"
1,"[0.8790605320699509, 0.8787536620704465, 0.8787545501172702, 0.8799938526637819, 0.8787636045323538]","[-23.519257358821285, -22.077220113406657, -21.46579097649943, -20.155247106392682, -20.120854520550868]","[0.5345097315418537, 0.5735031035010427, 0.5732921141190059, 0.9037896259621462, 0.5848722608408531]"
2,"[0.8797010611508944, 0.8792589004627825, 0.8792607100792277, 0.8793507792353829, 0.8792208973464278]","[-23.62867084776927, -22.16334509350815, -21.55186130987218, -20.462441365685276, -20.210781654569704]","[0.3954927520020447, 0.3686006777360996, 0.3686870346749257, 0.37051950498954095, 0.3622239357518123]"
3,"[0.8936172217163024, 0.8935492404333901, 0.8935478524589479, 0.8965240827753997, 0.8935750245658801]","[-22.790450764740662, -21.364747672956973, -20.7531943891473, -19.621294097010306, -19.415544380410843]","[0.7912050715651215, 0.7859662378786647, 0.7860225248464593, 0.7008498593499617, 0.7827789655967493]"
4,"[0.8814188908726968, 0.8817078155836022, 0.8817060519440977, 0.8837961810763376, 0.8817921052784485]","[-23.30377935566571, -21.944499706218487, -21.332836511520078, -20.12582441374875, -20.00114056220726]","[0.916114487284913, 0.8994597589586038, 0.8994361336876352, 0.9421429984419141, 0.9007405119030237]"
5,"[0.9061584054718728, 0.9055660070239137, 0.9055685211299376, 0.903661582430595, 0.9054684162768846]","[-25.433592750742587, -23.988789103720176, -23.377228580789275, -22.372591114189486, -22.040632954093955]","[0.38586755186414673, 0.416522188349361, 0.4164341249210127, 0.49570443661234925, 0.4223961031849042]"
6,"[0.911239861693851, 0.9102970209263729, 0.910302265787778, 0.9060722778075275, 0.9101109975805933]","[-24.842766046493477, -23.508351010268715, -22.896518406896, -21.981627020666746, -21.57564646336295]","[0.4202530401295706, 0.41972823608024573, 0.4197635429342323, 0.39503064969068546, 0.41686644472720596]"
7,"[0.9344358154235051, 0.9333544776793286, 0.9333601173344535, 0.9263872387673909, 0.9331133873509357]","[-25.626568055971553, -24.185504650518695, -23.573840508764288, -22.855340771138863, -22.24377245042644]","[0.22299690190193153, 0.24061357234352954, 0.24053110872928335, 0.2968642920332145, 0.2435035698556029]"
8,"[0.929585216779355, 0.928488155887123, 0.9284964856856088, 0.9220891629311335, 0.9282332485678723]","[-25.84164362860171, -24.390210936951195, -23.778598128898054, -23.02203413378191, -22.44661471028111]","[0.44012542060108945, 0.4488291561335837, 0.4487808442498602, 0.4678381275216659, 0.45012418366129586]"
9,"[0.9112368210788582, 0.9104472251519679, 0.91044119776305, 0.9072937662454649, 0.9102528753809483]","[-25.86925251988361, -24.384127340238038, -23.77261523513156, -22.868477227335738, -22.433789258744675]","[0.2813561935502034, 0.289714194053106, 0.28968557342558043, 0.32670336903166564, 0.2910767978172547]"
10,"[0.9093666191967084, 0.9090577895837663, 0.9090541085406123, 0.9065905769094912, 0.908953431398564]","[-25.465115651265737, -24.03224309133068, -23.42060397409308, -22.622391523952, -22.089967276468826]","[0.5412933920114207, 0.4800796475344422, 0.48025386088626104, 0.32098116750068095, 0.46902994564005396]"
11,"[0.8999768111682187, 0.8997019945174184, 0.8996979980665752, 0.8987914057386793, 0.8996607989033751]","[-25.442110507582434, -23.946362116755022, -23.33491687286371, -22.334390216136928, -21.99269581705556]","[0.40520186383887064, 0.4021413048741473, 0.402155250691021, 0.3851925383298073, 0.40117769682435983]"
12,"[0.9020290217419418, 0.9017178225292742, 0.9017132142512716, 0.897882883516892, 0.9015966876578834]","[-25.725640976340763, -24.27900886781971, -23.66736406309399, -22.925484613506416, -22.336203554012585]","[0.1244482059356987, 0.126229743988025, 0.12621834641267188, 0.13188421621960864, 0.1265199971630384]"
13,"[0.8984591253601812, 0.8978594581939142, 0.897868293008766, 0.8953031084452155, 0.8977200146129575]","[-25.061043846759848, -23.663968476602935, -23.05229633574105, -22.085505629544805, -21.722297161858254]","[0.7464447585506265, 0.6899695323754598, 0.6901383355907895, 0.5548904813009419, 0.6802544611479379]"
14,"[0.9114853752551191, 0.9109538282056429, 0.9109656979309982, 0.90794562621929, 0.9108622279667934]","[-25.80834877407436, -24.358917639519415, -23.74729986197867, -22.98776506344196, -22.415471062665638]","[0.45864887414584626, 0.44490065495841485, 0.44492403580327244, 0.39670531182129015, 0.44260732205903525]"
15,"[0.9113483376594735, 0.9095607678500633, 0.9095662057187193, 0.9027226509994025, 0.9092483766720663]","[-25.825648412057323, -24.379119958627275, -23.76745120795434, -23.032736473176275, -22.43644773426936]","[0.5630551282047929, 0.5418566830762996, 0.5419108425535673, 0.46799143089489487, 0.5385435374653582]"
16,"[0.9158841445735685, 0.9138137953236818, 0.9138210204469719, 0.9070355449303102, 0.9134997534437057]","[-25.823643665688614, -24.375735297856128, -23.764113302869145, -23.009983131494426, -22.432569080188223]","[0.30250612135381166, 0.2957988983632962, 0.2958504920114304, 0.298842063892992, 0.29460305367301093]"
17,"[0.9113077754307746, 0.9102433068659466, 0.9102441706583806, 0.904667349977416, 0.9099996156471344]","[-25.02160546935749, -23.718001121055593, -23.105943046811525, -22.68302781684895, -21.798046266505413]","[0.7642909417933214, 0.7296358342625565, 0.7297473448603323, 0.6364994842266234, 0.7235026246711783]"
18,"[0.9127176620292977, 0.9117902851371565, 0.9117906882949081, 0.9063676213823713, 0.9115750990949202]","[-25.729122614446457, -24.33061710240648, -23.718853792472103, -23.05294465701609, -22.394828704918012]","[0.11492247302069802, 0.12492680357200717, 0.12489280234314348, 0.1899668235863746, 0.12686687166107946]"
19,"[0.9144380413295701, 0.9139766832293028, 0.9139768935529542, 0.9117163853491788, 0.9138526518124807]","[-25.947597570103316, -24.489177142989167, -23.877604522421937, -23.072562485523523, -22.543868679639157]","[0.41977736474188904, 0.39777637796431997, 0.3978522658207466, 0.3185322826263079, 0.39327631024169063]"
20,"[0.9136905662829033, 0.9135784785519604, 0.9135771316902974, 0.912016079601227, 0.9135110479287253]","[-25.786504390741182, -24.32995092656754, -23.718337544525735, -22.93004995590518, -22.38515515669874]","[0.48885826536732685, 0.4941661898562908, 0.49417263825370167, 0.49713727019614706, 0.49486456971573983]"
21,"[0.920489761304043, 0.9181718954438058, 0.9181828383890059, 0.9089819621051316, 0.9176798055839736]","[-25.755216130084452, -24.3057517861126, -23.694119567672672, -22.935146314866586, -22.362298554560912]","[0.34740078322072915, 0.3446116037232008, 0.34463562680226806, 0.3184078796932561, 0.34329411173358165]"
22,"[0.9220925737916091, 0.921674668361233, 0.9216852732069183, 0.919771295140582, 0.921600331477516]","[-25.624436610956543, -24.171281629769723, -23.55965417575783, -22.7669903390315, -22.226769304383854]","[0.3585376298150526, 0.36787458936890216, 0.3678133418822179, 0.45252660258832667, 0.36948160921452705]"
23,"[0.9285741671443135, 0.9273303371394256, 0.9273337074317145, 0.9233382542928942, 0.9271231149620666]","[-25.498011947505383, -24.043190048214214, -23.431570438721934, -22.639904792986282, -22.098513509429953]","[0.41240379784090714, 0.40323480267644873, 0.4032653673982911, 0.39136586898138664, 0.4006084625367085]"
24,"[0.945271004714302, 0.9444399054864827, 0.9444429067059307, 0.9402633372216335, 0.9442537036726912]","[-25.02274766106584, -23.568030395989734, -22.956435615316053, -22.183945018137095, -21.623747862085292]","[0.3212988131570339, 0.3155796778398197, 0.3155888055162242, 0.3165412274797409, 0.3152890113611103]"
25,"[0.9498786692252711, 0.9495311481194886, 0.9495278998265329, 0.9471737147227539, 0.949454474300177]","[-24.787688719531378, -23.348617430685316, -22.736952541196406, -21.9980170487646, -21.406738804151686]","[0.39282590331596096, 0.3883219121802583, 0.38834733149214157, 0.39113927440684726, 0.3876544953087586]"
26,"[0.9497587569167248, 0.9487923107668068, 0.948790127424634, 0.9457101961967319, 0.9486458846388647]","[-24.99854726650294, -23.542177236953314, -22.93056048868076, -22.14519232709888, -21.59743975809042]","[0.3075524463628668, 0.3060122268561192, 0.3059968394775025, 0.31100392560109796, 0.30566313589905386]"
27,"[0.9538508304516612, 0.9536428088603229, 0.9536412900834693, 0.9519801169932072, 0.9536059219474203]","[-24.78044883869735, -23.352369378880432, -22.74067788791984, -22.048626824131528, -21.412616794461528]","[0.3409925793569569, 0.34639136368441575, 0.3463811664036966, 0.34556276889635124, 0.347313960318228]"
28,"[0.9554731506617204, 0.9544520279641784, 0.9544481504863164, 0.950253445108987, 0.95423406688535]","[-24.604551264150228, -23.16658462510128, -22.5549157917727, -21.853011907497432, -21.225500189287086]","[0.454919779643389, 0.43983378289674047, 0.43984333864270697, 0.42782785111348653, 0.43935876046841554]"
29,"[0.956826047425517, 0.9562121011653423, 0.9562131727011369, 0.9532631349887701, 0.9560891219049492]","[-24.745119857934796, -23.303737344203547, -22.69210195138708, -21.962720889952042, -21.36178826327551]","[0.38060877466463855, 0.3718502179081704, 0.37187285045186536, 0.3595179423005853, 0.3700583630777472]"
30,"[0.9585246369649982, 0.9579945240402117, 0.9580010424354891, 0.9548699475524938, 0.9578669667738404]","[-24.304650312300392, -22.86120988365751, -22.24955520489743, -21.530140138068507, -20.919183310888876]","[0.35925257878107447, 0.35407344036540855, 0.35408796159103284, 0.3121120481752629, 0.35320487403934947]"
31,"[0.9578955889113207, 0.9571894655358538, 0.957189335659638, 0.9532407807985709, 0.957032019519516]","[-24.72162454613045, -23.286879770093527, -22.675197754188154, -21.962611091346744, -21.34597086922168]","[0.3725341100306481, 0.3557714857080411, 0.3558244302706264, 0.3002210806733813, 0.3530340239527227]"
32,"[0.9592012164966685, 0.9581918387292115, 0.9581961991686698, 0.953813587421655, 0.9579954776662075]","[-24.831678104890237, -23.403137468430423, -22.791441326172883, -22.082109272712245, -21.46300851731244]","[0.21097866776267502, 0.2112336383129862, 0.2112090458348723, 0.23945552750573224, 0.21265244131499134]"
33,"[0.958767996098088, 0.9577152911634097, 0.957722014341243, 0.9533433735127489, 0.9575006937289083]","[-24.814597255422544, -23.376843190251186, -22.765168094229548, -22.058540642647927, -21.435695569612538]","[0.29542824362142783, 0.2881930038427802, 0.28820088135122485, 0.27355222940740337, 0.28745304378252]"
34,"[0.9614690611656318, 0.9603802516411293, 0.9603905269935729, 0.955626753293613, 0.9601786534077728]","[-24.613806443484076, -23.16698184596613, -22.555335293015403, -21.809820909701422, -21.224074375365447]","[0.4618609359781056, 0.471303027699246, 0.47125618656623186, 0.4965961083049254, 0.4728572944223112]"
35,"[0.9633964175762019, 0.9628019455716892, 0.9628121926444922, 0.9596375009000624, 0.9626885233959566]","[-24.442190848706385, -22.99996730952009, -22.388320585277736, -21.66358452754126, -21.057995397099265]","[0.29646335601187235, 0.3046031484824902, 0.30455712360881465, 0.32197034483685033, 0.3065737299744989]"
36,"[0.962189782761681, 0.9616962641599455, 0.9616947828125232, 0.9592386405561955, 0.9615979788015797]","[-24.27818591382265, -22.823350851160907, -22.21173979782357, -21.449568813501315, -20.879242940336106]","[0.5914095995729808, 0.5962421369094669, 0.5962299536939014, 0.5990168706836525, 0.5974298954258613]"
37,"[0.9640450756530226, 0.9629567098335731, 0.962959070268492, 0.9589879134504249, 0.9627450758616988]","[-24.478371715072317, -23.060468712847804, -22.448743850509036, -21.791262201879885, -21.122500541456287]","[0.3109114404273436, 0.3375942964401644, 0.3374848369430834, 0.42250236138919206, 0.34357269443438393]"
38,"[0.960471872238033, 0.960003041389993, 0.960000402351112, 0.9565555140196345, 0.9598517636862393]","[-24.369499188553085, -22.921155559078535, -22.309523874141977, -21.56612143699281, -20.978136467640628]","[0.31811169050693516, 0.3220104378399696, 0.3219789734688434, 0.34839939199022524, 0.3226221451109332]"
39,"[0.9649555785848755, 0.9641561194841629, 0.9641552751990337, 0.9603067608356949, 0.9639621779111198]","[-24.409598906912407, -22.970996171630933, -22.359333107048354, -21.649936614279397, -21.029705934902328]","[0.40789500419152896, 0.4066830564792149, 0.40669025376135204, 0.39164775666207263, 0.40593307757794067]"
40,"[0.954199288262606, 0.9529338730025128, 0.9529384885304553, 0.9484048911019822, 0.9527175963648092]","[-24.04843964642563, -22.58704310619593, -21.97544503347514, -21.21047644135292, -20.642134794835336]","[0.5256503830107173, 0.5305474516753467, 0.5305363617004426, 0.540037904978121, 0.5312728011081618]"
41,"[0.9520784910624988, 0.9507846661849916, 0.9507893125673359, 0.9443536270135071, 0.9505054239105508]","[-25.04261362251242, -23.61930094331273, -23.007590862620173, -22.342933063254964, -21.680569251981986]","[0.28418281222655795, 0.27861707247003026, 0.27861334597958326, 0.29573671206375673, 0.2785000956093274]"
42,"[0.9568992958216491, 0.9557468950312826, 0.9557557779743586, 0.9505649795946138, 0.9555213597741905]","[-24.89010323135691, -23.454672694618615, -22.843024502819453, -22.126359387195585, -21.513627514344613]","[0.48322257200605023, 0.4778933900722826, 0.47791411771849507, 0.44996379063545267, 0.4769400299223747]"
43,"[0.9627418152609991, 0.9620920619768436, 0.9620908488053648, 0.9588847691132923, 0.9619543975448268]","[-24.436047388535403, -22.982820439298933, -22.371213596661555, -21.59146785003896, -21.03856092481445]","[0.41503394845753316, 0.42474809165523364, 0.42474897120274496, 0.47083760433095406, 0.42642940211053065]"
44,"[0.9620381914056177, 0.9611659424387353, 0.9611657108852659, 0.9570261142986536, 0.9610000446408647]","[-24.62024919619413, -23.168371240067707, -22.55675062113362, -21.800250511587155, -21.224708987113278]","[0.442981363283831, 0.4081518695500436, 0.4082625564453277, 0.32587515743566636, 0.40258872985406957]"
45,"[0.9614996144187651, 0.9610248093011126, 0.9610277398220497, 0.9580239303425494, 0.9608958059078858]","[-24.614195888949094, -23.177965879817208, -22.566304046315754, -21.849796093915362, -21.236838946264033]","[0.3365166522695544, 0.34882428982672914, 0.3487943724011702, 0.3680998232260568, 0.35077713047927955]"
46,"[0.9645983067332539, 0.9633156345136493, 0.9633224190594987, 0.9591355925720162, 0.963104539642107]","[-24.61535706822898, -23.17831218641938, -22.56664080669501, -21.853302336611872, -21.237125093858978]","[0.13542382810990036, 0.13803252686455278, 0.13803057936539587, 0.15532486728525033, 0.1388208709028867]"
47,"[0.9634202753082298, 0.9628067276222372, 0.9628097952900678, 0.9596624959023937, 0.962630386880725]","[-23.86554835697516, -22.42552574771071, -21.813858651166832, -21.096208746887104, -20.483910010183486]","[0.5616685111652288, 0.5626650156730479, 0.5626633678664549, 0.5389912031135129, 0.5628434723630322]"
48,"[0.9667035028746468, 0.9660662475243599, 0.966070560484953, 0.9627473918997879, 0.9659159406020712]","[-24.114550363658978, -22.677639062174105, -22.065971003006133, -21.36307310307555, -20.736657144325815]","[0.19781037497946236, 0.19979531149043495, 0.19978013789322457, 0.20943327119868196, 0.20031882864241385]"
49,"[0.9693688239016183, 0.9682744347040588, 0.9682765534389765, 0.9639013268203623, 0.9680546537512785]","[-23.79757752602965, -22.33007431413204, -21.718485706073086, -20.936261232068865, -20.384154879321915]","[0.5955366897070958, 0.6026090169216943, 0.602618303349528, 0.6271131885474919, 0.603877253401589]"
50,"[0.9633937389345535, 0.9625791277640846, 0.9625749509559366, 0.959469802869569, 0.9624130705109037]","[-23.82233766731551, -22.362268906167728, -21.750667713647548, -20.980771507061036, -20.4174248992726]","[0.21277829271304255, 0.2040770147712932, 0.20409689180410653, 0.18550389867681946, 0.20272111787550928]"
51,"[0.9634011955624828, 0.9629549018658542, 0.9629620895501466, 0.9596526703736628, 0.9628399258621005]","[-23.87955355191221, -22.417919146769943, -21.80632522479864, -21.02217029239283, -20.472625616995824]","[0.39407063617180527, 0.37884076411352985, 0.37888252218639173, 0.34778899690982734, 0.37649963821316185]"
52,"[0.9648012621212783, 0.964132051462098, 0.9641333778671362, 0.9606944398043785, 0.9640061333718478]","[-24.04879073043281, -22.61341213625689, -22.001740231542673, -21.281155822350424, -20.67229959861997]","[0.3980359738364384, 0.43106480911951356, 0.43097619739844584, 0.5173076668373815, 0.43646578644535317]"
53,"[0.9656928123787276, 0.9654309279029799, 0.9654337141510007, 0.9629040430007831, 0.9653414250474783]","[-23.814429435281802, -22.367380276848383, -21.755743193654492, -21.034016762370708, -20.424904651411865]","[0.27098422478012274, 0.2805120834943158, 0.2804875925518561, 0.29979623952215984, 0.2820198546900576]"
54,"[0.9660883619708793, 0.9649127977667391, 0.9649225925535152, 0.960238586544062, 0.9646657741143487]","[-23.78480273974864, -22.340610700089375, -21.7289612549804, -21.005606091528936, -20.39843019898479]","[0.2162507202309968, 0.22090937181198844, 0.22090245233378925, 0.23791785874546065, 0.22179757180679852]"
55,"[0.9702833462470953, 0.9693462525413234, 0.9693508292051192, 0.9654040447372845, 0.9691412881684274]","[-23.394258891208334, -21.924699381544915, -21.313124696347046, -20.53028134623767, -19.97854784158243]","[0.2165447987461934, 0.22202912270183728, 0.22201300677610294, 0.23454480787258425, 0.22276583668694544]"
56,"[0.9675859285492653, 0.9668520292609941, 0.9668537009733568, 0.9638625764531487, 0.9667224208347833]","[-23.706329036451525, -22.274551956059785, -21.662859410161275, -20.97526895598068, -20.334434196786866]","[0.383077764579767, 0.39690807041364695, 0.39687564206666015, 0.4379887635397037, 0.39920692581831496]"
57,"[0.9680284850935317, 0.9670102153956236, 0.9670102775660226, 0.9624373172817471, 0.9667970123878986]","[-24.046128145925888, -22.600432859807665, -21.988793051118456, -21.26112330014452, -20.658007025875772]","[0.262911608670943, 0.2647520721198024, 0.26474526330545134, 0.2905412281200734, 0.26507238934751765]"
58,"[0.9672242161555025, 0.9664193985977828, 0.9664230737124778, 0.9631425805334787, 0.9662662622074616]","[-23.89101452917542, -22.427800862733037, -21.816203708165226, -21.041719391443568, -20.482520479929253]","[0.5705601364655262, 0.5677334757110203, 0.567756511635412, 0.5624557093825585, 0.5676681240200344]"
59,"[0.9664124835592766, 0.9657067701071426, 0.9657068818061936, 0.9621438215343777, 0.9655385496963514]","[-23.710236416918445, -22.20829374481675, -21.59680951466567, -20.700614217321768, -20.256307464071448]","[0.3758077757652421, 0.40173082508982716, 0.4017594649709997, 0.33877412811774954, 0.39965540434807917]"
60,"[0.9687146896420081, 0.9680943540951586, 0.9680925849272422, 0.96493770982555, 0.9679696288527951]","[-23.676352779413726, -22.23110431864307, -21.61945466711301, -20.899652846268147, -20.288863606998948]","[0.6158670587366591, 0.6182360017269068, 0.6182329249773921, 0.6322665851931422, 0.6188114893908492]"
61,"[0.969365775068988, 0.9688240985442181, 0.9688247821104082, 0.9655792360064492, 0.9686989344234701]","[-23.92403615843843, -22.451429127048463, -21.839861853655812, -21.018888808497287, -20.504185245842397]","[0.2605212475013645, 0.2700239432266584, 0.26997583381832024, 0.306581011861782, 0.2722974287074249]"
62,"[0.9683441592167509, 0.9673501083927226, 0.9673543020974256, 0.9636877049318046, 0.9671573526854009]","[-23.596433490035658, -22.16974417038603, -21.558056382419277, -20.85844842231744, -20.23001425912988]","[0.3442482963971048, 0.3722114975572674, 0.3721445484729705, 0.40883069425532176, 0.3755993714570386]"
63,"[0.9674852806904325, 0.9659997801112603, 0.966006757419567, 0.9605825283871965, 0.9657116052194922]","[-23.75769136932898, -22.33953707766753, -21.72780920893622, -21.07754894703257, -20.401668681579096]","[0.48853517443548916, 0.5266220069469816, 0.5265308670160005, 0.45821154405020154, 0.528037315518593]"
64,"[0.9674281804226235, 0.9670807257071681, 0.9670844636609234, 0.9649027064453944, 0.967003027006226]","[-23.822693091188167, -22.34108239641875, -21.729546036244926, -20.901138413298163, -20.392711700523822]","[0.2804815138667243, 0.28710446083135405, 0.2870895452560166, 0.32198135501647845, 0.288149762114908]"
65,"[0.9690784512626717, 0.9685473973263012, 0.9685555523034858, 0.9663262837165048, 0.9684516925258736]","[-23.679671031862558, -22.221541412340976, -21.609922543849837, -20.86482402428134, -20.27737274068556]","[0.5391883015433488, 0.5557418538804902, 0.5556910256020315, 0.6092980662338332, 0.5588013497317459]"
66,"[0.9664513419680544, 0.9659611079076985, 0.9659701378200933, 0.9638158855006687, 0.9658683079704539]","[-23.712865255184532, -22.28243888642829, -21.670758194210237, -20.968167924387657, -20.342229689236593]","[0.3115749318809773, 0.31638002688618627, 0.3163552587261074, 0.35796096175323844, 0.3176233087188061]"
67,"[0.9692671182552158, 0.9687463408745691, 0.9687508862922016, 0.9659236539443073, 0.968638019480567]","[-23.584262319615473, -22.134680407062994, -21.523043566994474, -20.79074613350364, -20.191722841324914]","[0.4943911459521274, 0.48139216956715786, 0.48143507888267045, 0.4418852557083176, 0.47909999473321135]"
68,"[0.9661969090217282, 0.965827099357372, 0.9658255619930264, 0.9629014296380204, 0.9657136427268423]","[-23.50132798913369, -22.039588068139278, -21.42799007978488, -20.65444011184537, -20.09448367982028]","[0.5363287585543873, 0.5791674207925136, 0.579090610988057, 0.5804959606836206, 0.578275094274822]"
69,"[0.9690899144117829, 0.9682397586969207, 0.9682399159402407, 0.9646454358504153, 0.9680625312736126]","[-23.644774855681113, -22.187306855999665, -21.575700128006975, -20.80270524947853, -20.242699562634286]","[0.31726073888378553, 0.31174323848056845, 0.3117488958977536, 0.33524232706238094, 0.31129283908550076]"
70,"[0.9696662595745464, 0.9686879274497456, 0.9686887019050946, 0.9645952713608874, 0.9684997182635108]","[-23.672804172265003, -22.24900966579378, -21.637306830238693, -20.951061493341598, -20.309855696786673]","[0.4542747193417055, 0.43343580681436283, 0.43350008696194964, 0.3912972531288578, 0.42997194242778214]"
71,"[0.967822825258914, 0.9672523733899819, 0.967253257694742, 0.9638178379871629, 0.9671389501786346]","[-23.41482940323183, -21.944224193057455, -21.332646083649827, -20.53781428769285, -19.997724883235218]","[0.4862549114095598, 0.46695912290939157, 0.4670097204685157, 0.4331334023746638, 0.4639762777789176]"
72,"[0.9719433296451845, 0.9704549543630684, 0.9704556939947607, 0.9658142498572662, 0.9702054237897147]","[-23.527646357218142, -22.0696696799402, -21.4580630576604, -20.687610819068386, -20.125052300288633]","[0.271728343993511, 0.27730509790531055, 0.27728958321075775, 0.29562395437861305, 0.27832462311569234]"
73,"[0.9701084751695891, 0.9692631592748299, 0.9692694791165081, 0.9656342919442152, 0.9690861327505393]","[-23.48248746448414, -21.989244006044597, -21.37773586577381, -20.518296593517334, -20.038967356883976]","[0.4204404895298627, 0.41723547148282125, 0.41723134212400986, 0.4158818541254416, 0.41688004034784887]"
74,"[0.971574857195101, 0.9711177667048895, 0.9711176661539401, 0.9687420293873766, 0.9710340796120048]","[-23.42524603982543, -21.9667830187068, -21.355172066620117, -20.603779467365026, -20.022472441350054]","[0.6251858063509368, 0.6142530472579737, 0.6142823453461257, 0.5872275847774335, 0.6122416126197714]"
75,"[0.9708736769261465, 0.9697300820013056, 0.9697265783115799, 0.966202521465999, 0.9695419112176344]","[-23.390798856878156, -21.930116800812804, -21.31850910148986, -20.556659992920764, -19.985353376101486]","[0.45871967826809107, 0.45101937787110186, 0.4510325521403074, 0.43492677969905785, 0.44998272201272344]"
76,"[0.9713541394123416, 0.970854178000107, 0.9708568788146867, 0.9675857307144082, 0.9707211732990177]","[-23.460689440350237, -22.01455474831812, -21.402918827879436, -20.651654632198486, -20.071636403996575]","[0.4638713460055355, 0.43395836412267136, 0.4340562072313369, 0.3476057995674768, 0.4285934214788303]"
77,"[0.9703795404047615, 0.9696554147817599, 0.9696560329976248, 0.9660621744254116, 0.9694903201908706]","[-23.45818157328527, -21.991719107600257, -21.380139990553815, -20.59814287516817, -20.045928126493163]","[0.4293869872123866, 0.41230363791657315, 0.41235022018686035, 0.3684957509602043, 0.40940520986272155]"
78,"[0.9723062523489796, 0.9711803348919167, 0.9711857984436968, 0.9669028731541163, 0.9709809047160686]","[-23.466430627428462, -21.99996740253311, -21.388381465605473, -20.59703545324406, -20.053988596396543]","[0.33503610773035236, 0.3375953320436188, 0.33759266287836404, 0.3294830086315504, 0.33723404623573844]"
79,"[0.971695482578943, 0.9707616265422525, 0.9707632610102898, 0.967078246327237, 0.97058930458086]","[-23.40985270097521, -21.951603796978713, -21.339996105050677, -20.575415392023373, -20.00707003363394]","[0.4726361436868369, 0.4995851915784366, 0.49951188705885663, 0.6146866560127204, 0.5042520749098445]"
80,"[0.9687582436862291, 0.9676996177816028, 0.9677021423416021, 0.9637793563253589, 0.9675173936008131]","[-23.463795946508842, -22.00687271431936, -21.39525187093002, -20.633440581571264, -20.062528775030213]","[0.18556907440216594, 0.18531513905569663, 0.18531776763548669, 0.18497212778464103, 0.18524987934436388]"
81,"[0.971791203916599, 0.971070410989916, 0.9710782637282502, 0.9670292341384628, 0.9708766216982972]","[-23.156122601306237, -21.67973550446748, -21.068174579707964, -20.262301108695628, -19.732378551320732]","[0.26989105687860054, 0.2746882076163505, 0.2746786382274243, 0.29096970506992326, 0.27549414967770464]"
82,"[0.9699601613913826, 0.9691865094937734, 0.9691828659216779, 0.9659406180652524, 0.9690380971173711]","[-23.139077498681033, -21.68153258571229, -21.069918501744915, -20.32430303227669, -19.737427434859146]","[0.3553740307264544, 0.37421888942757797, 0.37416434766189727, 0.41948153611893446, 0.3772158264189504]"
83,"[0.9713592364390695, 0.9705790848067671, 0.9705844111251409, 0.9661734629306398, 0.9704034783865958]","[-23.41006509877254, -21.930996597586635, -21.3194489286753, -20.505929508984952, -19.98319620006246]","[0.44969254747842646, 0.4621868467835012, 0.46215472303445426, 0.4974624382563646, 0.4642241969233916]"
84,"[0.9721807262426313, 0.9715658207408846, 0.9715755663098417, 0.9682269910452725, 0.971430597623899]","[-23.256174325278263, -21.79579642383633, -21.184196609600995, -20.407585727956356, -19.850791488568703]","[0.4400351529160575, 0.455641198101137, 0.4556148642573555, 0.48484787660588985, 0.4576113722764517]"
85,"[0.9705482479460337, 0.9701119976441425, 0.970102860299248, 0.9672500544282455, 0.9700177071861542]","[-23.512968432995013, -22.064529120457117, -21.452892492959876, -20.72352849276372, -20.12176334623522]","[0.2353672362578922, 0.210214181736788, 0.21024174650901234, 0.19353883237258268, 0.2088075264748677]"
86,"[0.9694865607683392, 0.9687480024058341, 0.9687521743542712, 0.964925536906455, 0.9685611561906418]","[-23.405340595963406, -21.926786922337868, -21.315234241495038, -20.49426017169017, -19.978897048653362]","[0.386692263895626, 0.3882373575458911, 0.38823705620004856, 0.40730064687777595, 0.3890015203350676]"
87,"[0.9731758441050876, 0.9724974750255267, 0.9725036624357449, 0.9684850415778871, 0.9723841538412836]","[-23.361739217130783, -21.90063508605338, -21.28903474890643, -20.516692168020825, -19.95562295436412]","[0.2795476887550957, 0.28326797113803187, 0.2832543113886664, 0.2908990872396483, 0.28378297665471597]"
88,"[0.9699190487395573, 0.9690149700525067, 0.9690186596251427, 0.9656362529490247, 0.9688043916834005]","[-23.44858415650381, -22.00546557154673, -21.393822646748582, -20.66412543006935, -20.063294644309273]","[0.35750554502790527, 0.34989021541634574, 0.3499032449646361, 0.3398040486502739, 0.3492527361570182]"
89,"[0.9715781591844009, 0.9709611976420166, 0.9709699187595597, 0.967433354070692, 0.9707954765608465]","[-23.470094034879082, -21.980542184094432, -21.36903969212684, -20.50974661006663, -20.030678777441494]","[0.3500941070468922, 0.359423457809756, 0.35939869460031054, 0.38588307675964173, 0.3609530450283557]"
90,"[0.9702655308026774, 0.9695535075090288, 0.9695558171635362, 0.9660259038539204, 0.9694026588201764]","[-23.497667093851692, -22.037243120002262, -21.425646011649295, -20.64109204280238, -20.092076238635148]","[0.29023519354917554, 0.2870762365270079, 0.28708065185512543, 0.2726533491643107, 0.28649324954551675]"
91,"[0.9717160333062677, 0.9706473490732076, 0.9706586561729941, 0.9663457612748623, 0.9704191428426523]","[-23.29164706667552, -21.84475783485348, -21.233113234499758, -20.501314442921203, -19.90211085449138]","[0.4801249797149195, 0.4552518533613575, 0.4553136621377197, 0.39611135938517406, 0.45142701565501037]"
92,"[0.9675718635537546, 0.966472703607764, 0.9664733612284934, 0.9628866092738736, 0.9663133400562643]","[-23.3783210171128, -21.90202192829931, -21.290470706507048, -20.457456941365095, -19.954138263085305]","[0.4745799522100737, 0.42131152938963257, 0.4214476459583326, 0.34836434200474686, 0.41400407072423695]"
93,"[0.9709296663236878, 0.9698553543545844, 0.9698609595568948, 0.9657109030457918, 0.9696667102323269]","[-23.571462340777373, -22.13557924049592, -21.523901042499705, -20.836897640210974, -20.195005036518435]","[0.16198778070691908, 0.16060551903083367, 0.16061175077268391, 0.15788073675743097, 0.1603858975086524]"
94,"[0.970713713230915, 0.969540559228579, 0.9695417749856814, 0.9653468392604575, 0.9693251128895696]","[-23.309650101102946, -21.87644998209544, -21.26477306302414, -20.56271578273716, -19.935918436981275]","[0.21807015212851613, 0.2096432272770026, 0.20965104256326683, 0.23643575641230474, 0.20906511726704868]"
95,"[0.9699484009196835, 0.9691238236087665, 0.9691212845248449, 0.965455416417861, 0.9689384225851956]","[-23.421790829111796, -21.961051684232498, -21.34944774810352, -20.57088026813566, -20.01596854822221]","[0.33445349809024816, 0.35766673288594547, 0.35759970312737055, 0.42268666486807266, 0.3615080235811264]"
96,"[0.9722948572845781, 0.9716657916263628, 0.9716664036956558, 0.9684046346744261, 0.9714914139785759]","[-23.204208051551117, -21.718541118584728, -21.107004908603766, -20.269771393908847, -19.769535023174043]","[0.3065276064002005, 0.3093052832767391, 0.309304233210069, 0.32449798420360937, 0.30955500977622463]"
97,"[0.97265096474657, 0.9723326234191486, 0.9723282075376444, 0.9689228167667178, 0.9722314241307993]","[-23.058557454233004, -21.60585878563163, -20.99422438639795, -20.263404195663437, -19.66256784066424]","[0.5641944381393683, 0.5317135553234482, 0.5317732198242385, 0.49166523202191037, 0.5285238566525955]"
98,"[0.9728905438065626, 0.9717639577056802, 0.9717620696983393, 0.9680087839733366, 0.971557677411945]","[-23.51713237442609, -22.041157788501007, -21.42960138227566, -20.617989642455548, -20.0937346879352]","[0.24017223896753265, 0.24665250462665755, 0.2466259274939235, 0.27096473657235565, 0.2479425666398004]"
99,"[0.972427459040977, 0.9717531738726869, 0.9717583833418024, 0.9685969812757942, 0.9716400195821172]","[-23.44258541786411, -21.98874785554012, -21.377130192916198, -20.6262755275214, -20.044966219156404]","[0.4812494410461337, 0.49048673700163814, 0.49044918211499217, 0.5217847460929701, 0.4921150630626683]"
100,"[0.970348283319306, 0.9697023528733112, 0.9697049520779443, 0.966830114647937, 0.9695808585060731]","[-23.525114574893454, -22.041967624984235, -21.4304280573467, -20.599921266904612, -20.0933813280967]","[0.34942819237912465, 0.34080383704820677, 0.3408288757463421, 0.3261513393972541, 0.33945495243506485]"
101,"[0.9718223769388057, 0.9702401004041588, 0.9702440297074085, 0.9655625122471209, 0.9699856466555933]","[-23.425593012636455, -21.968003563705512, -21.356400022325936, -20.59268212768976, -20.023559413653576]","[0.3452002149585962, 0.3563911453935116, 0.3563597016641223, 0.39259904308321425, 0.35833273502453883]"
102,"[0.9708673021587387, 0.9698946489150315, 0.9699001952240227, 0.9668200475568202, 0.9697397819389519]","[-23.45425784965554, -21.994154591240527, -21.382549844121005, -20.614681566917767, -20.049346331976825]","[0.28043891634503765, 0.29226585430866225, 0.29223832966102997, 0.3291242525229982, 0.2942595631863242]"
103,"[0.9700543681930242, 0.9695367935099434, 0.9695393669003093, 0.9661357271636231, 0.9694404687503247]","[-23.392723207781863, -21.930769013301198, -21.319168690754797, -20.534214251221137, -19.98541678360543]","[0.2536074875672253, 0.2545267493126572, 0.2545265976530385, 0.2539054002403776, 0.254681898186844]"
104,"[0.9721218713597094, 0.9712182203632586, 0.9712272510095032, 0.968133762145176, 0.9711048917155202]","[-23.167750994559427, -21.704218769537185, -21.092627321801597, -20.302736310229268, -19.758601398055095]","[0.36340204860585384, 0.36104041718501584, 0.3610441458074781, 0.3541625088625666, 0.3606476208286594]"
105,"[0.9727735444919994, 0.9716961676973014, 0.9717027022147703, 0.9676416831898111, 0.9715110820029378]","[-23.203685597911385, -21.770185404200383, -21.158500999820717, -20.476282677963834, -19.82996743875632]","[0.2119021245162327, 0.21844520997144168, 0.2184266805260666, 0.23825043611156002, 0.2195429376055229]"
106,"[0.96792977240314, 0.96739189290113, 0.9673905866264868, 0.9648436372375283, 0.9672795160659442]","[-23.936495371803915, -22.46399875635754, -21.852439675914205, -21.03311766208523, -20.516806806885118]","[0.14659191121527582, 0.15797023869190685, 0.15792929797076022, 0.19048765981776458, 0.15999874322689714]"
107,"[0.9695940517229826, 0.9688209226910814, 0.968831760978003, 0.965099423228797, 0.9686796526437915]","[-23.54200009491717, -22.084080045925482, -21.472467525680617, -20.711584365691152, -20.13964369226155]","[0.5663803985965995, 0.5563383992288986, 0.5563652049993796, 0.5375181489287311, 0.5550071388531059]"
108,"[0.9703055101168583, 0.9697187850536185, 0.9697227782866412, 0.9663052923893624, 0.9695755372596322]","[-23.42732324759829, -21.987694995309386, -21.37603031775948, -20.672446230316417, -20.04639115435974]","[0.3657441539448413, 0.3612777684470184, 0.3612885447170774, 0.3508980114469322, 0.36058138836857573]"
109,"[0.972416066118105, 0.9714360345856776, 0.9714376106851023, 0.9669069152414429, 0.9712387583158553]","[-23.465898479758717, -22.012083367874066, -21.400473155468067, -20.6464438212754, -20.068255483228196]","[0.32971737838088194, 0.33518648704647874, 0.3351715997691957, 0.34790524536481926, 0.33595511989011756]"
110,"[0.9743844511352089, 0.9734781051322644, 0.9734762545767106, 0.9701638177267102, 0.97332114242135]","[-23.52836766395939, -22.05630085551929, -21.44473128172703, -20.642649852709916, -20.109492718096465]","[0.19055185389584983, 0.19271367287628627, 0.1927130439604373, 0.20265598326913117, 0.19308417823124444]"
111,"[0.9706089618747157, 0.9694062146096704, 0.9694192313006165, 0.9644346216291844, 0.9691768008213159]","[-23.529476264275658, -22.056586903136946, -21.445031592392183, -20.611154893882976, -20.10906117421168]","[0.42571443762473105, 0.3872717017022608, 0.3873799616405727, 0.3031479456047593, 0.38098064108713936]"
112,"[0.9705229817982811, 0.9694753688225662, 0.9694798078439498, 0.9665136257364303, 0.9693168577764109]","[-23.166627558024377, -21.68692574248758, -21.07537617888002, -20.26248606256226, -19.739065701710697]","[0.6473920965284704, 0.6630815378075912, 0.6630385455778799, 0.7077194292596093, 0.6656300301832595]"
113,"[0.9714804663550698, 0.9711513159569981, 0.9711507385349072, 0.9690301294490344, 0.9711005490742781]","[-23.345333137759095, -21.848955881796318, -21.23745417162706, -20.373289439090176, -19.898245263580012]","[0.4293230611752526, 0.41933894976305885, 0.41936474272383784, 0.3844479612156984, 0.4177434632307433]"
114,"[0.9706031496604987, 0.9700742536968027, 0.9700753535367749, 0.9666543698472027, 0.9699372804368094]","[-23.526561314961857, -22.083410841002056, -21.471766208341155, -20.731601249248328, -20.141050001682366]","[0.48459563594403227, 0.5043857161368877, 0.5043288185305029, 0.5440456481518865, 0.5076208032492371]"
115,"[0.9719117020506262, 0.9709515701590513, 0.9709554164129476, 0.9672741868581078, 0.9707625144124852]","[-23.674496525237906, -22.230907827142794, -21.61925953188832, -20.889810249341366, -20.288681036031132]","[0.33668137194123476, 0.364868394244841, 0.36479579528808576, 0.45985206507067156, 0.3697165461101019]"
116,"[0.9707339271199755, 0.9699416376076018, 0.9699367226350191, 0.9664146876652558, 0.969793052763159]","[-23.367096122673782, -21.89877869060587, -21.28720310229065, -20.494393575653294, -19.95257934218025]","[0.33570179935360045, 0.34119791694258905, 0.34118504496551866, 0.3628512419828016, 0.342154153364195]"
117,"[0.9705675541159643, 0.9694412869531084, 0.9694534432096027, 0.9659583219688922, 0.9692894412687677]","[-23.29571281071875, -21.839970770262997, -21.22835500330562, -20.46648360311209, -19.895765405043175]","[0.3850065647565778, 0.3827668000965343, 0.3827699750102042, 0.36406980345557943, 0.3820707045742936]"
118,"[0.9688055396437896, 0.9681106501560189, 0.9681182709019943, 0.965428986856274, 0.9679632795397565]","[-23.43152966716477, -21.971332779123173, -21.35972970580092, -20.590810869721142, -20.026493381172326]","[0.2851803173845593, 0.2813555600648991, 0.2813692262622792, 0.27546210005038935, 0.28069999913564947]"
119,"[0.9727197778087812, 0.9717962585744542, 0.9718001361763602, 0.9680219651931014, 0.9716363692437607]","[-23.459896015092777, -22.011506565976696, -21.399869084511586, -20.664645288510187, -20.068633765066547]","[0.6368265516555314, 0.6548635240772304, 0.6548354950046475, 0.680373513005957, 0.6565212274743193]"
120,"[0.9677249606904019, 0.9673184606063056, 0.9673153503616558, 0.9645547509961265, 0.9672129679321013]","[-23.609453937176763, -22.150218995545313, -21.53861203904997, -20.755626638115928, -20.205214738061848]","[0.3824504575677276, 0.3720830093548315, 0.3721143155079541, 0.3499525982036405, 0.37033905637916625]"
121,"[0.9726965570471414, 0.9720017918702469, 0.9720090540748603, 0.9684534848388939, 0.9718669242755865]","[-23.372096132873395, -21.879439063521392, -21.267937474936254, -20.39923188758063, -19.929036554164902]","[0.570408991721553, 0.5927909830137135, 0.5927067771154924, 0.5523096741906346, 0.5974182558953149]"
122,"[0.9725294189244826, 0.9719792180866439, 0.9719796664017842, 0.9682993517219067, 0.9718116846779276]","[-23.60287858467517, -22.147855673043498, -21.536236292431735, -20.77050677559106, -20.203654284242376]","[0.23387506180595835, 0.23178880970511007, 0.23179300642173575, 0.22963217948184692, 0.23158168901283813]"
123,"[0.9712806262307987, 0.9701960112425565, 0.9701973416918998, 0.9648561599878362, 0.9699605030298618]","[-23.19450964232431, -21.757429302854195, -21.145757103093327, -20.448522381144187, -19.816535989059492]","[0.4819933981167337, 0.48777299359563386, 0.48774801115485233, 0.5081462715790347, 0.4888666507470061]"
124,"[0.9726542803400533, 0.9714817173402734, 0.9714902895121582, 0.9672037619847809, 0.9712554022302512]","[-23.483209695857337, -22.029852896399927, -21.418229086394163, -20.669357763335533, -20.086162051718258]","[0.502379884594306, 0.48572798296930203, 0.48575946795641645, 0.43956327980845655, 0.4829821600494087]"
125,"[0.9728854063582468, 0.9717693239557605, 0.9717685395803614, 0.9680195436132701, 0.9715924569877236]","[-23.283776216038603, -21.826008517787713, -21.214404618698186, -20.455975821016427, -19.88164775768213]","[0.36032326354840744, 0.3656090853037371, 0.36560319349594317, 0.3930491396021679, 0.3664892729800733]"
126,"[0.9713446992827667, 0.9703301379622358, 0.970334404278587, 0.9655126913659007, 0.9701102517699614]","[-23.425211496909824, -21.967905942738792, -21.356294898224796, -20.602027341231203, -20.023665208334357]","[0.2920873632257303, 0.2699730126231079, 0.27003577949404556, 0.2322191746766626, 0.2664888664722612]"
127,"[0.9711168439178327, 0.9706181708153725, 0.9706235019433191, 0.9677269544325329, 0.970508465403835]","[-23.4373683514665, -21.931870298012758, -21.320409271753146, -20.409809289002286, -19.979204318154412]","[0.19256610407227254, 0.19067298620076925, 0.19067340355352302, 0.21366098227682442, 0.1907105399257321]"
128,"[0.97136790011027, 0.9704463274630014, 0.9704561141057767, 0.9652912408994705, 0.970231564782681]","[-23.262942909276276, -21.787965007572193, -21.17640379955211, -20.36685801171148, -19.840694037096895]","[0.4067124861211042, 0.4047429947875646, 0.40472645211100966, 0.42126905250341357, 0.4044023320202599]"
129,"[0.9732835329687685, 0.9726800172804848, 0.9726808270196661, 0.9699256809331877, 0.9725480863215533]","[-23.364574493539553, -21.905168412426427, -21.293566678952303, -20.539234385028305, -19.96069378012621]","[0.5905481386566588, 0.5857826477402749, 0.5857940032818758, 0.5756711404503659, 0.5851118452588779]"
130,"[0.9716892717821164, 0.9710246296399188, 0.9710232243889759, 0.9677953380036827, 0.9708657269748284]","[-23.435342685001913, -21.965197093889817, -21.353621254401045, -20.54005588708956, -20.01837230050626]","[0.36018368981798315, 0.37086904856871883, 0.3708372407169577, 0.37067440705161653, 0.3718178360108481]"
131,"[0.9709326070145918, 0.9701949616006601, 0.9701884790521351, 0.9664276577734225, 0.9700129799884292]","[-23.339989175424314, -21.878676158429716, -21.267080117802628, -20.509306003053087, -19.93392698675955]","[0.4459439744687299, 0.4372167981947879, 0.43722860972993577, 0.4278785852974389, 0.43595452728802575]"
132,"[0.9740466818408124, 0.9736164450708757, 0.9736220385865577, 0.970488724369319, 0.9735194657469681]","[-23.09698536258294, -21.633734104545677, -21.02213926240137, -20.247953972435464, -19.68845508235583]","[0.42473189836868325, 0.4194744306660325, 0.41948919782334987, 0.4089045302682631, 0.4187039771310582]"
133,"[0.9695343452554468, 0.9684990366876491, 0.9684938879287891, 0.964930930567749, 0.9683299350078396]","[-23.364706496508898, -21.9022309760776, -21.290634568080037, -20.521347456307563, -19.9571338001449]","[0.4235999186076777, 0.4004545729781857, 0.4005096700372799, 0.3582274782776675, 0.3969843665841102]"
134,"[0.9723177128000345, 0.9719144064740265, 0.9719136202222701, 0.9691795280369666, 0.9718110740119146]","[-23.290567636063493, -21.811492127002733, -21.199951067158704, -20.381066229269166, -19.863589466568406]","[0.5851962675236718, 0.5806564088733979, 0.5806767477943467, 0.563952609972304, 0.5798281206124312]"
135,"[0.9724810860857437, 0.9716882190660852, 0.9716912446780517, 0.9677743138974422, 0.9715360530302836]","[-23.854693898446104, -22.401988370324002, -21.790371359904164, -21.04077440989928, -20.458358288834823]","[0.26639819547420623, 0.2728649993775783, 0.2728399817139553, 0.28947189672902196, 0.2738710737336306]"
136,"[0.9710524746676151, 0.9703127605212563, 0.9703207769826356, 0.9674215881528627, 0.9701566497892811]","[-23.870462068361142, -22.40573847608713, -21.794157368203614, -20.973054825553863, -20.45937908693352]","[0.4311899516182392, 0.4213479490664726, 0.42138603381682804, 0.39628589683104076, 0.4195979770210417]"
137,"[0.971929749488583, 0.9707794684124805, 0.9707845114809416, 0.9665539338372872, 0.9705587101790245]","[-23.58749046850122, -22.119046824588505, -21.50747780500081, -20.698862054907313, -20.17252030049403]","[0.36803562207334345, 0.36429007089210436, 0.3643083975349477, 0.3493410264978017, 0.36361731709086365]"
138,"[0.9699501554977877, 0.968977217752574, 0.9689781810324158, 0.9641460267858454, 0.968776071334037]","[-23.735147523296565, -22.28705037777122, -21.675417111785183, -20.92406750179766, -20.343913218864227]","[0.315542880837988, 0.31700313126974494, 0.31699666176448854, 0.3097461435272848, 0.31726542055537]"
139,"[0.964254389796486, 0.9628330434902079, 0.9628465496523383, 0.9566683941588374, 0.962565267848381]","[-24.234700358264796, -22.799495057116797, -22.187809918381383, -21.485927051239024, -20.858737123986717]","[0.5451723987153816, 0.5397137292745386, 0.5397253523627573, 0.52552349991629, 0.5387489463618019]"
140,"[0.9607727314363427, 0.9591100059587265, 0.9591215619644358, 0.9519950949185404, 0.9587802248883139]","[-24.32890559250933, -22.872812123752077, -22.261192072913207, -21.50648212320342, -20.928697496769434]","[0.45366772343595324, 0.4562158952535509, 0.4562151761020459, 0.4729222795676101, 0.456788221399584]"
141,"[0.9592341868741363, 0.9586807797383344, 0.9586815293313918, 0.9552946884538532, 0.9585315214651097]","[-24.676258524206915, -23.227482152459817, -22.615858480372836, -21.87789884332672, -21.284520485776273]","[0.22027207163315582, 0.21146679314671293, 0.21149421039786376, 0.19232983846846383, 0.2101982341571779]"
142,"[0.9610185716014769, 0.9602007146698138, 0.960205750808545, 0.956030528687191, 0.9600270270325068]","[-24.441429911248548, -22.960540730346565, -22.34898557252959, -21.531782874843426, -21.0124640613118]","[0.2317811975675318, 0.2458416599787895, 0.2457957915220897, 0.2931059268325312, 0.2485682388843241]"
143,"[0.9633438546050832, 0.962390384898979, 0.9623882400503683, 0.9576335650477331, 0.9621764364464594]","[-24.283429823029092, -22.842726429469078, -22.231062341492265, -21.533640687132824, -20.90141701459654]","[0.3267228429766616, 0.3384699033654537, 0.33845676020233245, 0.3444253551136244, 0.3389982547352961]"
144,"[0.960120996661938, 0.9590978478234952, 0.9590972944005591, 0.955401063740918, 0.9589452654745734]","[-24.56259351126823, -23.1152500906984, -22.503613250438924, -21.773129778507236, -21.172588293454297]","[0.6097213379612152, 0.6171255946907506, 0.6170996275652686, 0.6271909152307383, 0.6182335354670844]"
145,"[0.9601411621203467, 0.9598719749523549, 0.9598802523482551, 0.9573597236516771, 0.9597944714541461]","[-24.863071648024494, -23.419808521487514, -22.80816508004988, -22.0734124055364, -21.477529349587876]","[0.4274834836696415, 0.4282467897840997, 0.42826386951229034, 0.3971684629974684, 0.4267140504973838]"
146,"[0.964757649404845, 0.9637275450030913, 0.9637278233547119, 0.9590776351785859, 0.9635290058660987]","[-24.408239404940197, -22.960107003424145, -22.34847980787774, -21.617090115241673, -21.017339892097144]","[0.5560853812067257, 0.5642288475944801, 0.564195713423409, 0.6000078401583469, 0.565810565180011]"
147,"[0.9575498016524732, 0.9566651386455147, 0.9566710419467002, 0.9528313606985106, 0.9564991827502631]","[-25.19616230468681, -23.76237653406351, -23.150684679633894, -22.452278449486723, -21.821826392053328]","[0.3567182565676667, 0.36401881486618515, 0.36398653539819664, 0.36514062005398734, 0.36511656672191783]"
148,"[0.9628714690117737, 0.9623214619182725, 0.9623248190689442, 0.9588198694482565, 0.9621959736100242]","[-24.378772387013097, -22.91003479090637, -22.298460969965145, -21.512239998785276, -20.963913093156805]","[0.47138638328619337, 0.487812926876671, 0.4877417303940482, 0.5264573172572624, 0.4905622461717123]"
149,"[0.9611188065486924, 0.9599781410274857, 0.9599809010804081, 0.9556846986476295, 0.9597741086862599]","[-24.23815665229635, -22.780807312316906, -22.169194457688157, -21.41430124734255, -20.83655543888645]","[0.30171429327085203, 0.3145299174154889, 0.3144897526142844, 0.35171900349398044, 0.3166403860732997]"
150,"[0.9608558634126159, 0.960593017037039, 0.960583420040682, 0.9581907979259081, 0.9605345475961498]","[-24.60816266762409, -23.167878842819427, -22.556216077818416, -21.850573589133436, -21.226464959908117]","[0.2848881487069612, 0.2905969523282087, 0.29057992679536515, 0.3075186604659912, 0.291550329427099]"
151,"[0.9615885612252322, 0.9605407408935299, 0.9605494251906896, 0.9553751286211123, 0.9603006968033895]","[-24.47688534511985, -23.021800513237334, -22.410181234599666, -21.657966875360355, -21.077846460898623]","[0.29597035496687446, 0.2976832686828284, 0.2976794682782632, 0.3092844362995193, 0.2981826198934201]"
152,"[0.9584772664725867, 0.9577885605251009, 0.9577905145891689, 0.9545010481110633, 0.9576523102953659]","[-25.002717454174864, -23.56473138242677, -22.95305934261626, -22.25290303383898, -21.623676256448167]","[0.3962865342767488, 0.4079609901645209, 0.4079620478816528, 0.44049780225871465, 0.41002327844813463]"
153,"[0.9644547945059023, 0.9631326066306043, 0.9631369054474261, 0.956609955328373, 0.9628326567033958]","[-23.79118830191414, -22.359170614491397, -21.74748746376884, -21.073469979164468, -20.419275366327792]","[0.4476927641889583, 0.4669112327387117, 0.46685625677410236, 0.45295652561555577, 0.4711059488742253]"
154,"[0.9591492366899682, 0.9586228238171569, 0.9586249327068542, 0.9558776753990064, 0.9585044795304619]","[-25.028741490831766, -23.582652365113532, -22.97103252420325, -22.245361775073174, -21.640235964955085]","[0.22205764877478237, 0.21481770144102624, 0.21484484000431975, 0.2154461448857719, 0.21374625083014767]"
155,"[0.9592036451360519, 0.9580367928061134, 0.9580392582092152, 0.9534742482409969, 0.9578355293501228]","[-24.525734704761565, -23.078867249437938, -22.467217926376723, -21.73385575641782, -21.13619028321857]","[0.2493715929270315, 0.2537081064961589, 0.25369192949084773, 0.2685687495414335, 0.2544832107362099]"
156,"[0.9594120237813296, 0.9588391753876542, 0.9588376570931614, 0.9557778953549874, 0.9587304076920741]","[-24.37126182710791, -22.912853467995955, -22.301237818249223, -21.547899440230754, -20.968506428982455]","[0.4705834753464098, 0.4762885428224816, 0.4762795678615986, 0.5036631585720271, 0.47735710425045574]"
157,"[0.8750964124761627, 0.8754727780634897, 0.8754705350386163, 0.878721432124834, 0.8755717663147297]","[-22.85529432338026, -21.365873794647822, -20.754416685477626, -19.731795038704618, -19.412358122246633]","[0.9507417216808653, 0.9585724694866811, 0.9585783618137923, 0.9622998524215164, 0.9586325421520422]"
158,"[0.9068104767788845, 0.9080123605915902, 0.9080126359613454, 0.9108224859902129, 0.9081880668960438]","[-24.51555633039361, -23.02626142173674, -22.41476550452717, -21.497188536417404, -21.075172354697237]","[0.531897933388696, 0.565880604834606, 0.5657722262915837, 0.6494425086736374, 0.571859513178191]"
159,"[0.9319823604300179, 0.9322292753445544, 0.9322293341890137, 0.9315538791037402, 0.9322680906915819]","[-25.244364968329073, -23.798980041896286, -23.187335502812875, -22.446380632535725, -21.856342965449155]","[0.33461473763893046, 0.3097085825837425, 0.3097565079850263, 0.2719178335250766, 0.3056771610531795]"
160,"[0.9367642102606321, 0.9369504900789606, 0.9369458099377695, 0.9360736110812427, 0.9369865010367063]","[-24.64278603355869, -23.20316422570501, -22.59149652147282, -21.878194455824328, -21.261679809168445]","[0.5456658562052847, 0.5502724992654795, 0.5502553367004787, 0.5610841371500727, 0.5510345520106211]"
161,"[0.9402282470016583, 0.9405418013911848, 0.9405337582460187, 0.940011764213466, 0.9405709700325532]","[-24.530087529328153, -23.09581252314802, -22.484129994336023, -21.80074193881415, -21.15547761199727]","[0.2396578603095432, 0.23459251784102353, 0.2346063734402151, 0.2196746755121128, 0.2339303024960133]"
162,"[0.9320503293374719, 0.9314382094574624, 0.9314350641058098, 0.9298768162284655, 0.9313323403163148]","[-25.0528267146526, -23.63064645087536, -23.01894380791138, -22.357338159574507, -21.69212393732298]","[0.4815472334890566, 0.48114414418081614, 0.48115399396644676, 0.46902581902524193, 0.48095429379119825]"
163,"[0.9383117622886383, 0.9383475706181305, 0.9383485224442992, 0.9388436440980508, 0.9383887451573768]","[-24.514411191890495, -23.0722067030739, -22.460571640457808, -21.71907056459636, -21.129931861634983]","[0.46316653782067047, 0.46553657577964164, 0.4655212189918069, 0.4788945493938561, 0.46591910727313196]"
164,"[0.9429660593797241, 0.9425212382857302, 0.9425202864602612, 0.9394875363317432, 0.9423816463471925]","[-24.82678039918522, -23.357693306096333, -22.746117683941126, -21.935540704393727, -21.411049512256334]","[0.5452332347188683, 0.5680855169710198, 0.5680311349823604, 0.613109113059517, 0.571799889935281]"
165,"[0.9481410612321856, 0.9478474475336536, 0.9478507170226675, 0.945942485224726, 0.9477747733281376]","[-24.326361297595522, -22.890534686178075, -22.2788626697984, -21.57521478553668, -20.949674091510207]","[0.5764292391563763, 0.5888909586243007, 0.5888652593594139, 0.6312496026428074, 0.5913244032084496]"
166,"[0.949331028343108, 0.9489953900279449, 0.948999682318772, 0.946729153850442, 0.9488912734046479]","[-24.626205365965458, -23.162830979239253, -22.551263166565512, -21.770224338556453, -21.217419451589485]","[0.4934949651767984, 0.5049259883222075, 0.5048753866031394, 0.5372215142047142, 0.5069126676703066]"
167,"[0.9486005376535548, 0.9483515627363961, 0.9483525515098614, 0.946536371032142, 0.9483084164606688]","[-24.848239525075254, -23.41848661606023, -22.80680502685247, -22.118591239984948, -21.478607022127857]","[0.2698945364361307, 0.28289562277326885, 0.28287398272445285, 0.26011525198174923, 0.28280294969016]"
168,"[0.9540758756173995, 0.9538429244358946, 0.9538375785086788, 0.9526544423762354, 0.9538063518671629]","[-24.754542933112337, -23.314957404956452, -22.70329757294352, -21.975363544518594, -21.37322275353705]","[0.29670762403664214, 0.3259042876123613, 0.32580510249851735, 0.38697913875215606, 0.33067153299797236]"
169,"[0.9490445502527874, 0.9488484182558269, 0.9488494205366774, 0.9477549256172745, 0.9488100281520297]","[-24.92531465453671, -23.450490758213384, -22.838923401353515, -22.00794959826433, -21.502803818350568]","[0.4642835468106553, 0.44779266576030397, 0.44786986742047197, 0.4237101593152971, 0.4442741436844573]"
170,"[0.9453872218992418, 0.9446753708821443, 0.9446817147307651, 0.9423167750312115, 0.9445075302136025]","[-24.330109355532066, -22.875087917460114, -22.26347418394808, -21.48236895808615, -20.930593240087173]","[0.49814689425689035, 0.5121629874295772, 0.5121231201470624, 0.5466395199852848, 0.51418144423155]"
171,"[0.9528686715204713, 0.952653128269159, 0.952661818353943, 0.9480879775606376, 0.952537405390767]","[-24.766105724604667, -23.322227372403223, -22.710587545213592, -21.99728449891297, -21.380267405327512]","[0.46433105232260463, 0.4375354552582246, 0.4375892165151756, 0.37081532065105677, 0.43333028092827347]"
172,"[0.9594078072109155, 0.9578392250104908, 0.9578432056372338, 0.9507788626960848, 0.9575208676200447]","[-24.52836950273888, -23.09934470921886, -22.487645303551645, -21.807489444683913, -21.15968435683095]","[0.569319434262155, 0.5774553165524924, 0.5774419599361927, 0.5973507774820682, 0.5786764962502363]"
173,"[0.9566399382814382, 0.9561031601251977, 0.9561010557076354, 0.9525619146808335, 0.9560060711985198]","[-25.155178814015663, -23.73321583620708, -23.1214922739411, -22.448044010449927, -21.79448498003512]","[0.2805796462238561, 0.28484688324829543, 0.2848345899662856, 0.2977552317440331, 0.28559042146998226]"
174,"[0.95805244685219, 0.9573924630767916, 0.9573976352032366, 0.954194439013514, 0.9572462535365969]","[-24.893202112510444, -23.454316335078605, -22.842659363983252, -22.120769775326938, -21.512760712048376]","[0.6230744248794832, 0.6374382781977265, 0.637416753027902, 0.6569910137653546, 0.6381009372785499]"
175,"[0.9573688864675064, 0.9570286553930906, 0.9570292744664043, 0.9537351346875781, 0.9569205363463897]","[-24.49149815401641, -23.034116527823297, -22.422508204847556, -21.644233469786077, -21.089405834092684]","[0.3711394994631231, 0.38740053684401216, 0.38734621553342985, 0.4107142195591522, 0.38979914830812573]"
176,"[0.9628812836879679, 0.9619394236022305, 0.9619463149140055, 0.957521564617796, 0.9617054977494892]","[-24.392071517002336, -22.947211481120522, -22.335553854756906, -21.599706753956408, -21.004720213728064]","[0.555064802566439, 0.5572280933950624, 0.5572372127663823, 0.568302461760778, 0.5576395599673067]"
177,"[0.9590016959586032, 0.9587678883893928, 0.9587707171131, 0.9572360472827243, 0.9587045989779145]","[-24.5351103583659, -23.077480700237512, -22.465881412995618, -21.68116020479124, -21.13263139562906]","[0.28467312365520836, 0.2894439179825391, 0.2894250492840996, 0.25147893119870995, 0.28847957545670094]"
178,"[0.952120644954312, 0.9513605345820789, 0.9513582874841461, 0.9470466297971318, 0.95117151073477]","[-25.081429849471476, -23.616324695687503, -23.004728278239607, -22.208378417993412, -21.67038994665597]","[0.49000136340211536, 0.5058203679985179, 0.5057706444472501, 0.5410732380351373, 0.5085115270307853]"
179,"[0.956263766755364, 0.9554938729109813, 0.9555008475028907, 0.9516056779945304, 0.9553121338590189]","[-24.99174072589645, -23.560376075725163, -22.948677821041905, -22.252207778240642, -21.620142270298295]","[0.4953648762929585, 0.4853995103614971, 0.4854222275954925, 0.4634782584466128, 0.48395070740773294]"
180,"[0.9546198589233551, 0.9536621274858327, 0.9536609039862992, 0.9480909128985188, 0.95343400981867]","[-25.152265151704412, -23.696350951200984, -23.08475533707326, -22.327792025844793, -21.75223958322417]","[0.20976253895545732, 0.2051053546135373, 0.20511640273774262, 0.19573913275686042, 0.2043804706151313]"
181,"[0.958854835464227, 0.9569567825309635, 0.9569672104121392, 0.9477063699829029, 0.9565733606334917]","[-25.000377139859523, -23.5609161610935, -22.94924766608945, -22.240931630512765, -21.619562136732398]","[0.5670399350150108, 0.5694825445763687, 0.569468330299024, 0.569495519590652, 0.5698348274115884]"
182,"[0.9535074700763241, 0.9526924404625657, 0.9527006084010959, 0.9478109812308044, 0.9525044606738875]","[-25.27293208608049, -23.831626991586347, -23.219967692186678, -22.50133890618354, -21.889855616751944]","[0.49508755027195783, 0.47461878919319433, 0.4747083327304278, 0.40379163069553203, 0.47037416468803767]"
183,"[0.9491669402402839, 0.9488554732293237, 0.9488642915617057, 0.9456828453508308, 0.948776458932788]","[-25.18627463181009, -23.73144845830971, -23.119849549064615, -22.359861808186754, -21.78740089173095]","[0.2731400682665997, 0.26707118511908934, 0.2670879992800127, 0.2583660094763004, 0.2666885450047135]"
184,"[0.9423511851600872, 0.941935898520924, 0.9419442469107177, 0.9385431237094302, 0.9418073876598501]","[-25.654853918332677, -24.19809701277863, -23.586499232048983, -22.801940469621456, -22.253347637478917]","[0.3194921896076171, 0.3365227107486087, 0.33645098370623355, 0.37826179381676656, 0.33957975336084056]"
185,"[0.9462735891774103, 0.9452153266756994, 0.9452195233117304, 0.940954809346314, 0.9450373753830451]","[-25.32906538470344, -23.85931503746923, -23.247770977794076, -22.43356282250161, -21.912541965879367]","[0.4025399445429714, 0.37885238207583416, 0.37893190136283517, 0.31026201676435616, 0.37505163110901785]"
186,"[0.9442234204168827, 0.9430230937325947, 0.9430285848585852, 0.935557542391092, 0.9427240615369105]","[-25.401430148386474, -23.949540197381406, -23.337907739934217, -22.581244917740776, -22.00586656820509]","[0.558452753063248, 0.5463500299279432, 0.5463659228374806, 0.49292215176155485, 0.5442326313662719]"
187,"[0.949056970819806, 0.9474821632611404, 0.9474859745455838, 0.9400980696854676, 0.9471790589421066]","[-25.35917313199097, -23.917397433615182, -23.305744461709683, -22.58519265940277, -21.975543157798164]","[0.49745450242887446, 0.5124094108756707, 0.512299630382624, 0.45716446555929235, 0.5182243507158998]"
188,"[0.9308658532887176, 0.93086327895875, 0.9308633895278355, 0.9289904564091951, 0.9308263354848133]","[-25.775851317671137, -24.29091677452427, -23.67937321271822, -22.828535502175402, -22.341718627687342]","[0.2539693612620293, 0.24856959939389203, 0.24858654846335718, 0.22966935398746285, 0.24754318083645074]"
189,"[0.9381115239383547, 0.9380038411783981, 0.937993638803175, 0.9353270168898425, 0.9379811403866304]","[-25.91648367059294, -24.42586690128322, -23.814382877128715, -22.938454532514484, -22.475551007090193]","[0.19209456250400703, 0.20061268698694704, 0.20061107268100126, 0.2584812238623234, 0.20219569348153402]"
190,"[0.9415249916854807, 0.940736574266256, 0.9407459987571555, 0.9370825249888964, 0.9405812428416659]","[-25.611390135262404, -24.140246302659556, -23.5287205538742, -22.713184164548966, -22.193310501809137]","[0.40651880478456914, 0.4120358459537542, 0.4119907541212153, 0.3762024318779686, 0.412743898043822]"
191,"[0.9418011620824238, 0.9409486469485515, 0.9409514277707441, 0.9356122513768785, 0.9407494027386503]","[-25.603400887637356, -24.150629043357803, -23.53900543213856, -22.758794031465158, -22.206415759569023]","[0.2838502698005064, 0.27650837023673314, 0.27654298633849916, 0.2595633375373623, 0.27532427594204495]"
192,"[0.9518597798174196, 0.950549561581183, 0.9505585041008794, 0.9440579809329795, 0.9502834633452958]","[-25.475558596655162, -24.037735231651084, -23.426079562898668, -22.71490688457224, -22.096508385646047]","[0.3071832209647539, 0.31460354348163894, 0.31459768071173067, 0.33020575808057423, 0.3154637028329216]"
193,"[0.9472057739018332, 0.9464501777379223, 0.9464497282686967, 0.9427524698690881, 0.9462497367537499]","[-25.574984297314707, -24.115701754057874, -23.504109435718828, -22.712063614515834, -22.170523006547235]","[0.31363997666148946, 0.3123031328736991, 0.31232754301125143, 0.30289413469017445, 0.3120975944655307]"
194,"[0.9498731857386715, 0.9482874685441302, 0.9482981544431798, 0.9414419605965706, 0.947962305365929]","[-25.378850758099276, -23.92215356095726, -23.310543131840145, -22.54377102176646, -21.977760832166176]","[0.4727561916908243, 0.4815018145654644, 0.48147096921981597, 0.5010373348059888, 0.48280649775152146]"
195,"[0.9546409769712038, 0.953427341030682, 0.953434155558171, 0.9471771115168449, 0.9531695107728336]","[-25.256199422179474, -23.806193458743557, -23.194573987579098, -22.449888260006414, -21.862976944955452]","[0.4844758773241437, 0.5066032841832264, 0.5065499072294061, 0.5325186178408441, 0.5101836708179864]"
196,"[0.9572869266063299, 0.9558286905734887, 0.9558366377230035, 0.9486022658121422, 0.9555114059310266]","[-25.56299359998471, -24.126033915539825, -23.51438478788727, -22.805610389808237, -22.184959076385635]","[0.2761064805060125, 0.27335732862273276, 0.27340597798662564, 0.26627367016349773, 0.272956042967136]"
197,"[0.9517339730789752, 0.9515769504650713, 0.9515686226717353, 0.9493470012060033, 0.9515028392649918]","[-25.25502302757922, -23.78801072520268, -23.17643424969306, -22.3804789707987, -21.84188953463704]","[0.2836432284900999, 0.28882559065853974, 0.2877293568440256, 0.27879739142699134, 0.28421920236145903]"
198,"[0.9450144257475709, 0.9441635669730261, 0.9441605189329498, 0.9401975075361142, 0.9439405168041951]","[-25.573442824391588, -24.080257746333572, -23.46875329808999, -22.603481728784296, -22.129859611574393]","[0.5247491145424877, 0.5293162254709747, 0.5293445725203217, 0.5253977352188924, 0.530546493412776]"
199,"[0.9419676651197931, 0.9398273098877661, 0.9398404421203832, 0.9310533483871727, 0.939387822385231]","[-25.760466799495802, -24.311406360445027, -23.69978854105089, -22.937374835603514, -22.36794294488501]","[0.4434610421690198, 0.4503587927825035, 0.45033962077982176, 0.45139969196934576, 0.4514216222279157]"
200,"[0.95135051659412, 0.950538208556149, 0.9505394354095369, 0.9453630854157293, 0.9503067088269055]","[-25.60795388417179, -24.169210148915887, -23.55755924949439, -22.84280920810899, -22.22780366243972]","[0.39010427676462506, 0.39241056868162905, 0.3923726460980871, 0.39718941277587777, 0.3929287466834115]"
201,"[0.9521755149836365, 0.9510302873150883, 0.9510275001084848, 0.9448552950210223, 0.9507431344022877]","[-25.265396413420444, -23.836696002892054, -23.225014139877285, -22.535776493626514, -21.89694113739761]","[0.39500815411275697, 0.4079705057883455, 0.40798112795675295, 0.4133923860982425, 0.4082041608388961]"
202,"[0.9513805577523918, 0.9505974829445365, 0.9506015373634771, 0.945151098785509, 0.9503784822886627]","[-25.475524456697762, -24.041418320702274, -23.429759399421492, -22.715466557242575, -22.100562661437326]","[0.3629496623353523, 0.3640914829771645, 0.3640810092409239, 0.36932080967232134, 0.36418327797018046]"
203,"[0.9564164493232824, 0.9557934850722369, 0.9557943482184048, 0.952346650367381, 0.9556503750011021]","[-24.97796649991638, -23.519922479370436, -22.90833858162926, -22.116050379340653, -21.57487813694744]","[0.49222362837160266, 0.5137744987155053, 0.5137061035660684, 0.5761684750759914, 0.5174870797971977]"
204,"[0.9531850435090544, 0.9525336347182163, 0.952547081714026, 0.9486972996500491, 0.952401396074064]","[-25.22599239023302, -23.794947763712656, -23.1832606311035, -22.499976270502504, -21.854999325530006]","[0.3337316537769343, 0.32708074962060085, 0.32711656452269705, 0.31936812185374386, 0.326059203772305]"
205,"[0.9575249089208671, 0.9568765969411, 0.956876357233138, 0.9543503669324871, 0.9567676805129008]","[-24.424157230190986, -23.00657700972335, -22.394851987906904, -21.74037854406243, -21.068703241634346]","[0.6909626406953504, 0.6917986603026383, 0.6917652033155893, 0.6879584280378962, 0.6920012188565844]"
206,"[0.9551001322366659, 0.9539984637869438, 0.9539970858136422, 0.9493221119789047, 0.9537875581830912]","[-25.21751494987199, -23.767586379825666, -23.15594897521002, -22.39451521191681, -21.824035547054304]","[0.36260016949898666, 0.35567203910100986, 0.3557078638617712, 0.3452577413776889, 0.35456383883337095]"
207,"[0.9594436974212268, 0.9586657574960192, 0.9586670483030157, 0.955008009230667, 0.9585224367699902]","[-24.841658683803775, -23.38589972948249, -22.77430921622675, -22.02159112565491, -21.44188789924599]","[0.40770596901005507, 0.4162857544171925, 0.4162462262189927, 0.4395803850521839, 0.41767626774225175]"
208,"[0.9573294925769182, 0.9564350261923898, 0.9564435696554373, 0.951851552196314, 0.956257612401324]","[-24.99053574120678, -23.562789743016957, -22.951081175788953, -22.27130227059209, -21.623283806805595]","[0.4988277595806942, 0.4967367305335892, 0.4967681471697072, 0.4585500946253592, 0.4962724630649894]"
209,"[0.956171552243992, 0.955619120052397, 0.9556269314560131, 0.9525204720494221, 0.9554797813104391]","[-24.9819257780534, -23.54010713507717, -22.92845377247805, -22.21410238578596, -21.598365598194093]","[0.3034520038714655, 0.29213106293727004, 0.29214318296201675, 0.29503334304306866, 0.2910346985780955]"
210,"[0.9602145112854475, 0.9592958362539784, 0.959303375827756, 0.9549702466818436, 0.9590892930785134]","[-24.456361322929524, -23.001281069107, -22.38967132745127, -21.617602974401983, -21.05696188111861]","[0.23672247192935914, 0.24174017072465867, 0.2417102761682199, 0.2716958638747006, 0.24363006032369]"
211,"[0.8921886487178323, 0.8920806955402226, 0.8920803205770329, 0.895543738721189, 0.8921756484810632]","[-21.99952699226471, -20.56536539614785, -19.953814948639636, -18.860747752721704, -18.61622592486671]","[0.7111181969500207, 0.7137176910532766, 0.7137057947663032, 0.8006185448095068, 0.7141766760850093]"
212,"[0.9519222129939846, 0.9513486072821258, 0.9513512213787285, 0.946910754950654, 0.9511747721472242]","[-25.21193184040244, -23.794773647759857, -23.18307074827413, -22.52600623629872, -21.856926325208732]","[0.5303593726235074, 0.5019779101016498, 0.5020789385977513, 0.46741117999379345, 0.4979006242867781]"
213,"[0.9557864831874101, 0.955083545754229, 0.9550902010494717, 0.9513791041467065, 0.9549499515324897]","[-24.544724674484648, -23.110527134262355, -22.498850294859025, -21.81340814342865, -21.170173821556247]","[0.698968238249551, 0.7186184539805439, 0.7185402065949735, 0.7749274354903037, 0.7218329035501693]"
214,"[0.9603714359398519, 0.9601996860002903, 0.9601934242569469, 0.9579271332938143, 0.9601194801227959]","[-24.786052840981615, -23.350326345198244, -22.738642319472124, -22.034774494874853, -21.409458916459023]","[0.2676109784049238, 0.25579762642314813, 0.2558215162073304, 0.2320240765210164, 0.2538659121130705]"
215,"[0.9607026210708391, 0.9602521462273836, 0.9602559105101922, 0.9574675955853864, 0.9601594836395682]","[-24.1271115924204, -22.643477240597953, -22.031940940859645, -21.20602637859823, -20.69493633164053]","[0.6663473091539216, 0.6668962613972707, 0.6668560956258731, 0.694193798756302, 0.6687123270479434]"
216,"[0.9589055986561462, 0.9585230629874582, 0.9585268054850161, 0.9558829454129693, 0.9584467361013104]","[-24.529744970104073, -23.110222686781803, -22.498496355465075, -21.862184629051214, -21.17242447255274]","[0.14131713040617175, 0.13802562656994277, 0.13803426313916106, 0.12891149059786083, 0.13747443769751405]"
217,"[0.9578383811683806, 0.9576321490806805, 0.9576387491746959, 0.9554093971681991, 0.9575601058352853]","[-24.81846631846286, -23.405563047588224, -22.793830657222955, -22.14661583607286, -21.468368018658964]","[0.38577187745961233, 0.3676729844243206, 0.3677023616224274, 0.34897585438690193, 0.3665554306365864]"
218,"[0.9616966493076116, 0.9610111988741874, 0.9610132243238502, 0.9576727354969408, 0.960866256668888]","[-24.31536012939775, -22.90494237247719, -22.293200896686642, -21.662385051520534, -20.968324886667045]","[0.4317461506057955, 0.40810194417004647, 0.40816709154508446, 0.34322601586408985, 0.40438417577646096]"
219,"[0.9601161087097565, 0.9596008487569251, 0.9595907985106942, 0.9562043428998774, 0.9594919286762312]","[-24.781444409168678, -23.34643667046123, -22.734756987907492, -22.04016915456209, -21.405818064309774]","[0.133569830773726, 0.12796210555334864, 0.12797984154101036, 0.11410440928316577, 0.12707165908181012]"
220,"[0.9595970836826546, 0.9590097331017923, 0.9590066331716931, 0.9563188232791386, 0.9588713853769671]","[-24.356244532856827, -22.926731290258687, -22.315037957595067, -21.61864813339922, -20.986724391379592]","[0.5011785474683619, 0.5085449087079037, 0.5085194809895913, 0.5449976398082348, 0.5104642803744828]"
221,"[0.9577532918020663, 0.9573727290792083, 0.9573796957743713, 0.9550826860617604, 0.9572870983830318]","[-24.838434430293734, -23.390124706760766, -22.778482631415233, -22.020802213036934, -21.446835203251013]","[0.32380536157714734, 0.33397350980942947, 0.33396174645849813, 0.394895911572042, 0.33761307160843845]"
222,"[0.9589680543798695, 0.9587447761379574, 0.9587416805844711, 0.9568140292644448, 0.9586584661744463]","[-24.485151765806307, -23.068202887832967, -22.456462996426353, -21.82119421533735, -21.130724344567696]","[0.4493951438402285, 0.45388009215319813, 0.45387345975486265, 0.44506199993021117, 0.4546515251357911]"
223,"[0.9617739888145005, 0.9613066744513917, 0.9613071884035398, 0.9583263025532992, 0.961180886317846]","[-24.732736415174653, -23.301835720563226, -22.690153403038785, -21.999258065149977, -21.361779317277826]","[0.3695515239700749, 0.36555422567343565, 0.36558700491700186, 0.3584707020481485, 0.36526780657302593]"
224,"[0.964083252918032, 0.9636237963691747, 0.9636261562020397, 0.961095471007299, 0.9635301062678361]","[-23.502628215549812, -22.04490347400271, -21.433286386640063, -20.687645276991006, -20.100772472888558]","[0.7756364017222949, 0.7966489322584078, 0.796599727632922, 0.8507895568744694, 0.7999783571436176]"
225,"[0.961093730326564, 0.9606543452575229, 0.960666672130587, 0.9581307697413558, 0.9605778752638644]","[-24.579793840606072, -23.139923159116186, -22.528252589532812, -21.80686410137896, -21.198270244361645]","[0.3031384600090857, 0.3002479655638135, 0.3002614077410534, 0.29258970742867524, 0.2997884941312887]"
226,"[0.9598405516580527, 0.9592300502251384, 0.9592303538987809, 0.9568789551210919, 0.9591170564954509]","[-24.452342870475295, -23.00235012704505, -22.390709583147604, -21.6579106867348, -21.059343248238097]","[0.47011978600684623, 0.48290806779408474, 0.48287495259624624, 0.5220460538803009, 0.4851673359788833]"
227,"[0.960694858128202, 0.9598498475898699, 0.9598564888377079, 0.9567543303661697, 0.9596886339482829]","[-24.55908707745168, -23.122247122014397, -22.510571262817635, -21.80285008330106, -21.18119131988229]","[0.3020646799608645, 0.30265742749257407, 0.3026489346839992, 0.3104955039045703, 0.3028026646230612]"
228,"[0.9610529215731909, 0.9607432910907656, 0.960743881746849, 0.9593691316270193, 0.9606823402275435]","[-24.52389494788069, -23.09901234491484, -22.48729415808877, -21.82392698640844, -21.160118775381825]","[0.27407734186267385, 0.27363997504893844, 0.2736122496324566, 0.3199107666199235, 0.2758191465202601]"
229,"[0.9627399561776566, 0.9624027336996384, 0.9624029210774656, 0.9600682871629734, 0.9623131525105616]","[-24.30344859784606, -22.862059313491056, -22.250400824554486, -21.527706422855697, -20.92020654394111]","[0.4656454009221665, 0.4692718019467358, 0.46925705035295967, 0.4831915234801424, 0.469883610894309]"
230,"[0.9628916064447893, 0.9622608236230392, 0.962264526389515, 0.9596521203935757, 0.9621294560272733]","[-24.04985147979583, -22.575474414502793, -21.963926690035862, -21.103797604947342, -20.627243054363486]","[0.46529395285276415, 0.5087440901771494, 0.5085757489956293, 0.6437635331263926, 0.5176897200955156]"
231,"[0.9616023925664082, 0.9614606187459374, 0.9614552493662225, 0.9594320983567743, 0.9614306689105493]","[-24.522297872095777, -23.094429235123958, -22.482727133424564, -21.81093120622935, -21.15503873708765]","[0.28827364733585753, 0.28531500415075045, 0.28531628632552425, 0.28430976926059737, 0.2850386248383025]"
232,"[0.9628594260601689, 0.9622946815949709, 0.9623033367148992, 0.9595526781920232, 0.9621698875248049]","[-24.081094728695234, -22.654810913676297, -22.043101100686613, -21.38049336485113, -20.715771003478512]","[0.5827446983459668, 0.5834690323354628, 0.5834866313104391, 0.5851163678455974, 0.5836356067354124]"
233,"[0.9588142534358526, 0.9582951699829783, 0.9582955130732094, 0.955934714367123, 0.958179875417802]","[-24.46933520783225, -23.03062170885614, -22.418961231009416, -21.72041939904533, -21.08953559866308]","[0.3581717591410418, 0.36703708255502276, 0.36700654010948647, 0.39245938727363355, 0.36849958511748826]"
234,"[0.9586253271624715, 0.9581580512864846, 0.9581617921484225, 0.9558758257491075, 0.9580528037745661]","[-24.057382772074767, -22.607549236706095, -21.99592588274093, -21.240767689763537, -20.664145600397735]","[0.5078572093088046, 0.4936349556273605, 0.4936698035038208, 0.46564798181572775, 0.491437321919643]"
235,"[0.9628443373100677, 0.9623349130508188, 0.9623355518832393, 0.9591496052189362, 0.9622233144745137]","[-24.507237456268474, -23.051418732178227, -22.43981103962129, -21.672960278396395, -21.107103811328752]","[0.2899919651100113, 0.30150311799135754, 0.3014647998737142, 0.3509547316075104, 0.3034066580893055]"
236,"[0.9635116056980524, 0.9632532959961108, 0.9632519864139222, 0.9612973421135944, 0.9631830375320475]","[-23.676541515591925, -22.205352583544354, -21.593772967514294, -20.806755844244307, -20.258934539850017]","[0.4627513024117402, 0.4674674007602559, 0.4674501947283438, 0.479184845297854, 0.4681700841623044]"
237,"[0.9647986225344977, 0.9641921414359761, 0.964194327586622, 0.961412818218993, 0.964057900773001]","[-23.99596167395273, -22.530725128317158, -21.91912422819424, -21.150688803546593, -20.585321751941102]","[0.2441989773305175, 0.2542571680033018, 0.25422828464146274, 0.2803988842524009, 0.2558941192781593]"
238,"[0.9652157301887144, 0.9641340566594083, 0.9641369430317639, 0.9606223645656091, 0.9639571434640036]","[-23.761098775102706, -22.320343958993124, -21.708677211487302, -20.996507592887703, -20.378759745141117]","[0.45655254303884085, 0.4327852008757454, 0.43285398198247393, 0.3793825092657267, 0.429102337494411]"
239,"[0.9653117188215543, 0.9647385418967009, 0.9647378635334481, 0.9620938441786032, 0.9646376831867159]","[-23.920779884555937, -22.506766972658536, -21.895034901383692, -21.26376588347703, -20.569711170795735]","[0.2703740604890175, 0.26583176792082225, 0.2658471582955373, 0.26059677387558167, 0.26531460517834377]"
240,"[0.9636145259778287, 0.9630083240193755, 0.9630180137207105, 0.9600224860376381, 0.9628640960373114]","[-24.249054118054943, -22.820723911090983, -22.209035616508103, -21.539904251598156, -20.881339101379016]","[0.3710359428633586, 0.37200670967201604, 0.3720111600323252, 0.36582824477165615, 0.37160934988542155]"
241,"[0.9653150332349296, 0.9651126906172304, 0.9651182925439781, 0.9632762124598555, 0.9650611935380128]","[-23.428550893613725, -21.968002003940857, -21.35638797754435, -20.59197931118734, -20.02319829266277]","[0.5485430238231113, 0.5601310438247089, 0.5600887889985294, 0.5849721404633227, 0.5620551277418977]"
242,"[0.9617832335704992, 0.960896065423322, 0.960901390270402, 0.9574313666649301, 0.9607307254997478]","[-23.979590788323716, -22.528571382519633, -21.91694680792154, -21.180203741283368, -20.585374193907498]","[0.29954758813938803, 0.29878613169275015, 0.29877908632866906, 0.29353852859611457, 0.2987170985003465]"
243,"[0.9672187887863272, 0.9666632129376943, 0.9666700301482414, 0.9627966075340839, 0.9665135052826404]","[-23.843797350620257, -22.40057259150617, -21.78891056960338, -21.073573718666317, -20.45864569333065]","[0.5454127720901257, 0.5615953973923002, 0.5615613254479193, 0.6078884363889786, 0.5643906682019293]"
244,"[0.9669743361533972, 0.9666524863202108, 0.9666510086211164, 0.9641423113125462, 0.9665695568316656]","[-24.10941259159545, -22.700629388930405, -22.088870475957457, -21.461817581601405, -20.76425456873155]","[0.1489998284578307, 0.1526096158569128, 0.1526003083434658, 0.17508511185444203, 0.15338715957634905]"
245,"[0.9640863219161133, 0.963650437530901, 0.9636493015152275, 0.9615734502310505, 0.9635499759021768]","[-23.796047552637788, -22.35819461059102, -21.746536548924762, -21.0352691702336, -20.41696422554231]","[0.49937381527231733, 0.49366353531702817, 0.49368399227002957, 0.5050351546945918, 0.4929288701686358]"
246,"[0.9663029493714084, 0.965430530129169, 0.9654318978434089, 0.9609656465430315, 0.9652442578426809]","[-23.695164581174613, -22.26348093182422, -21.651796731106213, -20.955278264148678, -20.323231361948007]","[0.641919926423814, 0.6318810575270385, 0.6319072092084533, 0.6060682024415178, 0.6306429085398266]"
247,"[0.9651644136414916, 0.9644314362408534, 0.9644300666315785, 0.9609456166332614, 0.9642602506050769]","[-23.609036541876918, -22.17011970028035, -21.558446071654007, -20.85948203514097, -20.2289792003649]","[0.5192468359478724, 0.5208793993105748, 0.5208738438765907, 0.5206109848637553, 0.5211333018790294]"
248,"[0.968703865465253, 0.967859297504023, 0.9678641552010476, 0.9643667794811798, 0.9677006101725587]","[-23.869853076702782, -22.450138350540524, -21.838416493405955, -21.19699101046543, -20.51223189851683]","[0.3356527962048283, 0.33959295860158845, 0.3395849149156803, 0.35232997701138624, 0.340283886973428]"
249,"[0.9637075886966103, 0.9631275913431024, 0.9631230355284984, 0.9603659896628023, 0.963054333874635]","[-23.731828771799893, -22.282145416106953, -21.670516175693123, -20.92519112588959, -20.33893410922074]","[0.3096769377181335, 0.29733819861048005, 0.2973759189727943, 0.2883811055329992, 0.2953709996912251]"
250,"[0.9517027349775772, 0.951176098996738, 0.9511807014489019, 0.9486827363170437, 0.9510471575919327]","[-24.508049499727715, -23.109920854869184, -22.498213911489458, -21.643006042910592, -21.170576149247243]","[0.17673850885816547, 0.15482881246745012, 0.154835971130226, 0.2075870634902091, 0.15432169262877848]"
251,"[0.8819416831468829, 0.8819440428785481, 0.8819414068403659, 0.8870069868137581, 0.8820838775437921]","[-22.778450707878243, -21.388284523502094, -20.776628470988513, -19.706078080048105, -19.444899921574226]","[0.10625983747019493, 0.11883216662277102, 0.11878958910640293, 0.18482094631596116, 0.12123009381481983]"
252,"[0.9136667361502144, 0.913304486823948, 0.9133079978662926, 0.9118779751508369, 0.9132395646666408]","[-25.020156051998026, -23.5473723271484, -22.935824349741818, -22.05969909989858, -21.598984873131787]","[0.21998548188019612, 0.22689365917666265, 0.22686885077898059, 0.2509660597614135, 0.2282365299636901]"
253,"[0.9336745561879707, 0.9332684875655942, 0.9332712730914412, 0.9297543278941341, 0.9331976743103771]","[-25.12300840690403, -23.654597437697973, -23.043019268808433, -22.21990235650407, -21.707771964849428]","[0.09195978237478115, 0.09989741406929038, 0.09987445548158834, 0.1239370009198717, 0.10118679682484383]"
254,"[0.93769259858834, 0.9378734480023191, 0.9378710835127461, 0.9360232888638059, 0.9378731313691065]","[-25.31560722088787, -23.867724378897357, -23.25609907304982, -22.503061962289227, -21.92458279198638]","[0.3916623796276621, 0.3956366109791408, 0.3956287168489119, 0.40650301066460465, 0.39629693479834127]"
255,"[0.9371942407027585, 0.9375610602862741, 0.9375615400205454, 0.9367434076933003, 0.9375845757367436]","[-25.40321375430714, -23.96181012615338, -23.350177025738933, -22.606698733975502, -22.019595265084245]","[0.48193028420168277, 0.5015957127373716, 0.5015432250569725, 0.5449601659224754, 0.5044096479707186]"
256,"[0.9413513574761968, 0.9410961973759969, 0.941092997925375, 0.9391142346703751, 0.9410395000453816]","[-25.18642837244278, -23.750168462628483, -23.138476794467007, -22.42004629891768, -21.80896909904941]","[0.5106607381343607, 0.5036744378533398, 0.5036920079772812, 0.46942875360817043, 0.5025628163320524]"
257,"[0.9436138248455854, 0.9436731891602501, 0.9436720239830338, 0.9426973363504202, 0.9436713567840099]","[-24.628312633561887, -23.201521839365505, -22.58981743958634, -21.922074740612356, -21.262335353698063]","[0.25741675397644626, 0.24955497400753998, 0.2495792670852955, 0.22972633269751802, 0.24817144359452825]"
258,"[0.9429302420191512, 0.9432576904271401, 0.9432550308540653, 0.942112020558529, 0.9432752211456402]","[-24.920797872765707, -23.480239679249987, -22.868585681113267, -22.145136303850503, -21.538484647543374]","[0.21668857658722998, 0.21229033045354592, 0.2123034349732276, 0.21254324387362755, 0.2119771196538984]"
259,"[0.9422421911074721, 0.9416278096303277, 0.9416371396086517, 0.9383959893683822, 0.9414972733607487]","[-24.89242931791974, -23.454475966748138, -22.842817311465865, -22.140188715424554, -21.513387309130284]","[0.13578911742987934, 0.13866908150342117, 0.13866477383833067, 0.1403459831740363, 0.13915635283590977]"
260,"[0.9394888757266939, 0.9391513990013759, 0.9391552013528149, 0.9377164296468401, 0.9391104086372666]","[-25.112259069053007, -23.684637812460345, -23.072931291955037, -22.401378691786235, -21.74528894170008]","[0.3985578174996241, 0.39150145713076767, 0.3915186908085172, 0.37116893609334456, 0.39032197488790527]"
261,"[0.9341294719520483, 0.9343787454198925, 0.9343900538329838, 0.9348507223526851, 0.934418217555347]","[-25.187346212675543, -23.746172160679215, -23.134513158696095, -22.405850441720478, -21.804236964754267]","[0.21916829024314272, 0.22476746911673587, 0.2247484031594821, 0.27232037862605146, 0.22572438751535898]"
262,"[0.9390134636539645, 0.9385587877368651, 0.9385677339591456, 0.9368683923395453, 0.9384860307198333]","[-24.870234755582064, -23.43740857108578, -22.825730895763677, -22.148042105910616, -21.49736146391485]","[0.6194299789978465, 0.6295602137228968, 0.6294965381832016, 0.5881929819031233, 0.6312988495620584]"
263,"[0.934496895146159, 0.9346581584646644, 0.9346632969053962, 0.9333955400604629, 0.9346437932058398]","[-24.90630395477824, -23.457694853710557, -22.846073573360236, -22.1092516577556, -21.514789237842773]","[0.2907392316420256, 0.2934574043254925, 0.29344809272141253, 0.29421963514743776, 0.29386525899755184]"
264,"[0.9393167166486678, 0.9386843933643096, 0.9386838039267813, 0.9352530670199651, 0.9385012856137889]","[-24.54480004149793, -23.117849952800608, -22.506152587683395, -21.814056698292376, -21.178223040544886]","[0.46402924493947983, 0.4725219856488811, 0.4724982336175082, 0.4947297548514602, 0.4740118546967791]"
265,"[0.937162868504862, 0.9363657984099412, 0.9363592746688585, 0.9336593694089862, 0.9362246076671725]","[-24.679283062712624, -23.230747682567046, -22.619093998312543, -21.888572010576173, -21.287934349161507]","[0.470827969458866, 0.48061259267797934, 0.4805816261692193, 0.5234699062372825, 0.4827830250499914]"
266,"[0.9358282355891785, 0.9359977621034301, 0.9360027114547755, 0.9357159249317567, 0.9360134297621943]","[-25.002371087333835, -23.570497701625328, -22.95880898736862, -22.278107788454932, -21.630494934816426]","[0.1113589957149305, 0.1099511260469894, 0.10995230939181186, 0.11316644658121953, 0.11001881204823004]"
267,"[0.9444918816981075, 0.9443090353262262, 0.9443112244956058, 0.9423673499255022, 0.9442173649607325]","[-24.598046808929972, -23.153662490432662, -22.542015015339256, -21.82126603031685, -21.21151282562154]","[0.46889011118547264, 0.46081588311927035, 0.4608440735223707, 0.4338250709145496, 0.4593813293393682]"
268,"[0.9429259576695016, 0.942519503523961, 0.9425189304825887, 0.9396412543878971, 0.9424153021147571]","[-24.777940693585364, -23.34222077013267, -22.730540949087672, -22.043137057788552, -21.40165566006826]","[0.5166259209954248, 0.5072486920053403, 0.5072507900170257, 0.44110909790853264, 0.5072215137661301]"
269,"[0.9392430446810295, 0.9390301737035938, 0.939034700878944, 0.937453902906977, 0.9389859969743801]","[-25.058872739110452, -23.62150118408225, -23.009839784038327, -22.303019888949674, -21.680396028270007]","[0.5205300215571481, 0.5257885562537107, 0.525786079094833, 0.5238886168138915, 0.5264307630145925]"
270,"[0.9501902444250871, 0.9499822587201445, 0.9499898973977502, 0.9488151172806004, 0.9499459561905267]","[-24.958998142329477, -23.50434585117006, -22.89274639307805, -22.118433021040776, -21.56003255626177]","[0.5460416450002868, 0.5593651207422943, 0.5593429796658668, 0.5973019131429945, 0.5615749337690326]"
271,"[0.9481652829252505, 0.9475039936836152, 0.9475085607091022, 0.9446529137543609, 0.9473864376289218]","[-24.813401345980026, -23.350682253869795, -22.73909715033851, -21.941449338082894, -21.405006777537068]","[0.49456719246884145, 0.5064108720151967, 0.5064030334717462, 0.5440255145927586, 0.5084747129895968]"
272,"[0.9497348045366385, 0.9493882279742489, 0.9493943509657976, 0.9477631743723325, 0.9493445492674881]","[-24.783512093799843, -23.334280986648128, -22.722642965243733, -21.981926570095915, -21.39120744821355]","[0.48034441548727136, 0.4885914313285008, 0.4885692120728375, 0.4804060248541018, 0.48999898472800063]"
273,"[0.9503730609782503, 0.950032416735212, 0.9500331177948724, 0.9475673669469472, 0.949935030984515]","[-25.069758052622024, -23.62426764770201, -23.01261488176145, -22.268715815390188, -21.68156977243863]","[0.24608036660525873, 0.24520262513823693, 0.24522885198969469, 0.24711418570972501, 0.24510276355326124]"
274,"[0.952851994091458, 0.9528696738245513, 0.952866757392736, 0.9514123368644107, 0.9528392326500656]","[-25.146282408729572, -23.699653248652464, -23.08801092250939, -22.35932211293412, -21.757100111496598]","[0.35037559956156866, 0.3514180923372703, 0.3514145439519539, 0.31271435222631855, 0.3495649538329987]"
275,"[0.9494849413091446, 0.9492062369210154, 0.9492050280593537, 0.9472201527089947, 0.9491145373615218]","[-25.007162700558883, -23.569400827454068, -22.957754958570806, -22.251411869899425, -21.628287485148515]","[0.2707844245356662, 0.26545156144225623, 0.26546273113287333, 0.2474736882670772, 0.26449683599630314]"
276,"[0.9508603517922104, 0.9507153246833744, 0.9507194232534079, 0.9482624874591739, 0.9506446518614182]","[-24.930423017762976, -23.49742539399069, -22.88574671141822, -22.182779069843814, -21.55690100945662]","[0.3445882541119174, 0.336427713338595, 0.3364393627890986, 0.3434506445271392, 0.3352704423166664]"
277,"[0.9587989212995307, 0.9583242688002243, 0.958326949304095, 0.9548862020680472, 0.9581854579416867]","[-24.75774394620974, -23.300847055066324, -22.689240004968877, -21.930151123919046, -21.35656597147505]","[0.2909244612392855, 0.291680713383724, 0.2916777884420044, 0.3090488208236551, 0.2917946049410685]"
278,"[0.9588095962624597, 0.9580251909422729, 0.9580244074810249, 0.9547843820709309, 0.9578881248590554]","[-24.574903795467474, -23.11662838492695, -22.50501916621709, -21.746803085384343, -21.172215141924358]","[0.5468664923934449, 0.5492064890827969, 0.5492095133807063, 0.5590467696362762, 0.5495928719459313]"
279,"[0.9594396294107024, 0.9588204460618185, 0.9588172753965372, 0.9554958153872979, 0.9586682762917652]","[-24.99877253012581, -23.572006169043526, -22.96031364983012, -22.282945136980512, -21.632654562227593]","[0.39343023044759223, 0.38562108242236576, 0.38562845875539015, 0.3706359040158981, 0.3844075679789424]"
280,"[0.9613252422121207, 0.9606818191231815, 0.9606811620870042, 0.9569589364238835, 0.9605216350868756]","[-24.836308821037786, -23.380446554931453, -22.768836533605327, -22.0082779737703, -21.436247251721184]","[0.18276294903386264, 0.17763406293485695, 0.17764823306849187, 0.16800251497158716, 0.1769834266683041]"
281,"[0.959920182523469, 0.9594741604817447, 0.9594787738908697, 0.9561530198148809, 0.9593650535965279]","[-24.849072518532246, -23.397873932310745, -22.78624415008543, -22.047011722093483, -21.454608228645917]","[0.36974240654857476, 0.3805265017186239, 0.3804955260279387, 0.4066835139227756, 0.38223919793307387]"
282,"[0.9607841143294727, 0.9605081712903625, 0.9605115635920909, 0.9577076519098232, 0.9604197053603875]","[-24.68386250606263, -23.240145416918452, -22.62850780510067, -21.911084002403832, -21.298142818398702]","[0.2786571633118169, 0.285481861169268, 0.285500411016391, 0.23787131956494315, 0.2837175222437659]"
283,"[0.9636983194603361, 0.9631180370555121, 0.9631270732953238, 0.9586094906777974, 0.9629600607015087]","[-24.641187503064884, -23.20874866998277, -22.597073159600175, -21.854855141794175, -21.26756770858664]","[0.5647665562617, 0.5383385644531895, 0.5384279729694122, 0.5166340184511363, 0.5333656471814269]"
284,"[0.9617599060797591, 0.9611183279638421, 0.9611168908592005, 0.9577117620028653, 0.9609653432602626]","[-24.77744121480342, -23.34415617909818, -22.73248678781429, -22.029003569239265, -21.403599302250026]","[0.4924628779371161, 0.49388802168780505, 0.49390229549509407, 0.4817782216106695, 0.49411423664467974]"
285,"[0.9635515388907822, 0.9632568290895475, 0.9632562960605561, 0.9607942248379258, 0.9631862289414074]","[-24.544477243856107, -23.1150323274537, -22.50333681155874, -21.827436662331994, -21.175395728461456]","[0.29490669789372387, 0.2936134742926241, 0.29362004076857173, 0.28784725169498415, 0.2933532042086947]"
286,"[0.9604984607611787, 0.9596828315536915, 0.9596832132894277, 0.9554469027020631, 0.9595096287820553]","[-24.808657785169675, -23.363470663910363, -22.75183752554519, -22.017801017296197, -21.420999599050287]","[0.25210302725254913, 0.23597384766762247, 0.23602461514739956, 0.20406169834705687, 0.233568257240832]"
287,"[0.9601163493446694, 0.9593584007336228, 0.9593538534117111, 0.9557558371048647, 0.9592177104713496]","[-24.624450194160126, -23.18327557427692, -22.571614453875203, -21.864373867867325, -21.24172522305718]","[0.1567046189727977, 0.16394364668298322, 0.16392988220953503, 0.1829032736718717, 0.1651089544297675]"
288,"[0.9615057608143499, 0.9609222843232151, 0.9609205904252895, 0.9587053361252292, 0.960824488959259]","[-24.458800964591067, -23.0035704568916, -22.391956322155075, -21.625536026954173, -21.05932546927334]","[0.5000279060021989, 0.5162618596643797, 0.5162249966557998, 0.5560237938155898, 0.5185405420656888]"
289,"[0.9623151270910465, 0.9614323668383191, 0.9614373716517413, 0.9573349045991705, 0.9612884380561252]","[-24.46398867161418, -23.018362951186475, -22.406723965548903, -21.657869155829292, -21.075554962000055]","[0.16225975657461517, 0.1578759575684734, 0.15788886672753039, 0.165353327457844, 0.1571417763119868]"
290,"[0.9624087052153943, 0.9616718526022402, 0.9616673428751594, 0.9585216251403758, 0.9615221059620404]","[-24.507488702174392, -23.064916189744924, -22.453255476672542, -21.74384460284338, -21.12317260872497]","[0.3647494176106638, 0.37384761790616566, 0.3738162438040411, 0.41645472895538826, 0.3754101733559233]"
291,"[0.960753469680653, 0.9601815589982833, 0.9601826662597727, 0.9567762906458104, 0.9600138024325564]","[-24.614668670206612, -23.1745976564269, -22.562941968016343, -21.829788376721986, -21.232706246919204]","[0.6122862603508612, 0.611948541992845, 0.6119548182986851, 0.6235753231712732, 0.6127908750626152]"
292,"[0.9629611949511093, 0.9626329049088677, 0.9626328687330743, 0.9601743249238516, 0.9625464216860962]","[-24.021271514012142, -22.578443373672222, -21.966793910723258, -21.25311284038012, -20.636606644961166]","[0.28821714373840246, 0.2916024061898499, 0.2915973949681532, 0.3017998417417931, 0.2921793488554289]"
293,"[0.961553458891133, 0.9601414626195458, 0.960145554343176, 0.9550966281784649, 0.959865613311553]","[-23.941149523710397, -22.49526302799173, -21.88361764496729, -21.166388744990787, -20.55299771648575]","[0.20570523806633506, 0.17836516926094945, 0.17844315208647415, 0.12013139664310062, 0.1739483906705347]"
294,"[0.9643203336959439, 0.9631422244027262, 0.963144084373104, 0.9585385427261144, 0.9629192446383723]","[-24.618216076738165, -23.172610652561577, -22.56095517546377, -21.830749880357093, -21.230141325467212]","[0.5255214263677779, 0.5276253001294471, 0.5276072447724275, 0.551384554611024, 0.5288231543674717]"
295,"[0.9605945229560477, 0.9598941811743198, 0.959896076572973, 0.956741539251839, 0.9597418508211442]","[-25.073129715602082, -23.63817914079776, -23.026492385033954, -22.32658195664406, -21.697474521925717]","[0.3447289044694311, 0.361000952259035, 0.3609597088118341, 0.40244451034782963, 0.3633794397906082]"
296,"[0.9632413973329275, 0.9628223453208543, 0.9628307504399629, 0.960243777078335, 0.962706140625368]","[-24.005227943395607, -22.516302891287765, -21.904782617821578, -21.051165618065387, -20.566615516404415]","[0.6773842486673853, 0.6807481091122927, 0.6807749204946071, 0.6469361755340453, 0.679747125060435]"
297,"[0.9617590038832449, 0.9612380552865826, 0.9612455379057421, 0.9584830086883261, 0.9611453485995138]","[-24.747168454122214, -23.27056138799795, -22.65901207522043, -21.84544004678153, -21.32303980150415]","[0.23690683742782787, 0.22330711278230447, 0.22333447889066693, 0.20763891321730216, 0.22182802534797472]"
298,"[0.9611324175968884, 0.9606792021251865, 0.9606801036912938, 0.9576691014803388, 0.9605849785119934]","[-24.774498415011625, -23.327163511302594, -22.71550460756646, -21.99435531223501, -21.38464936516038]","[0.608712439731402, 0.607626231719443, 0.6076646305679879, 0.6004903494595137, 0.60733428355082]"
299,"[0.9625112464278439, 0.9621662201575462, 0.9621711690909408, 0.959446250014977, 0.9620715104804262]","[-24.6705693574031, -23.243451281937478, -22.63172859021298, -21.9597578958693, -21.304138913205414]","[0.45489385008384003, 0.4602893670817605, 0.46027861605482323, 0.42693603184212586, 0.45976543139467024]"
300,"[0.9633374385761618, 0.9626680315711821, 0.9626693060568522, 0.9589970627393383, 0.9625301432890354]","[-24.41667715739818, -23.00729217593598, -22.395550925193422, -21.730730756968267, -21.0702125933753]","[0.5710330798415867, 0.5422893342069688, 0.5423662314562046, 0.4606277361639509, 0.537627824322991]"
301,"[0.9642763434999668, 0.9635664317473193, 0.9635691089272377, 0.9602758448250828, 0.9634310779148223]","[-23.960027573903957, -22.518806517312363, -21.907151667337462, -21.188795371868693, -20.57706055742573]","[0.6285878575911762, 0.628945657505112, 0.6289495367755414, 0.6185063507558209, 0.6291183427937664]"
302,"[0.9623231670745406, 0.9617447310090241, 0.9617467700172573, 0.958257536576135, 0.9616120345669402]","[-24.46365529445665, -23.02733950418247, -22.4156560204364, -21.73092741011401, -21.086745665985415]","[0.1923433407485796, 0.19139974961145362, 0.1913997166663411, 0.18913036394314395, 0.19124831973337206]"
303,"[0.9645649014209013, 0.9633716412056608, 0.963376132830581, 0.9586644023837743, 0.9631298087204757]","[-24.02341231880762, -22.537687450279336, -21.92615183259243, -21.086223715094285, -20.588618582260562]","[0.517087989631411, 0.5333134913135376, 0.5332762069366267, 0.5915640487882581, 0.535938060727871]"
304,"[0.960516417620391, 0.9599654795408378, 0.959963919220001, 0.9570044895162998, 0.9598523793455606]","[-24.471825943261706, -23.00136418935078, -22.389789561125273, -21.60246318331257, -21.05503197811129]","[0.6025065394190768, 0.593914947280653, 0.5939312033120598, 0.5722286430070137, 0.59294071334669]"
305,"[0.9608231028984526, 0.9599346954411021, 0.9599335421169809, 0.9563461850531321, 0.9597668989141762]","[-24.469889700616225, -23.01328714208694, -22.401682493032215, -21.63777878838158, -21.068958805279916]","[0.4209997074364693, 0.4282075163053502, 0.4281787260841396, 0.4484224157418657, 0.4294474273742315]"
306,"[0.9663544515120919, 0.9650931242546992, 0.9650969845913543, 0.9607045071401811, 0.9648493281817556]","[-24.047419071137252, -22.58947392739549, -21.977867070324187, -21.208050960332404, -20.64486976131434]","[0.4732180607426124, 0.46702543465458807, 0.4670398276246226, 0.4540161337448352, 0.46605254251472034]"
307,"[0.9612719790506228, 0.9607369126829968, 0.9607388973829899, 0.9581189638603808, 0.960635873963184]","[-24.853842267683977, -23.415817820815715, -22.804154961227287, -22.097307922699926, -21.474646965389603]","[0.4357067928291749, 0.43881079927649713, 0.43880091772311347, 0.44952033456858503, 0.4394413893320201]"
308,"[0.9629810889366156, 0.9621758254087299, 0.9621766254606824, 0.9586333584080265, 0.9620209518821453]","[-24.861542119661703, -23.41072479892377, -22.799105525147912, -22.04721644511507, -21.46726844836659]","[0.4601123148180267, 0.49167024126602704, 0.49158501535782606, 0.5215027623052669, 0.49480124947632087]"
309,"[0.9629844167765126, 0.9623803816945125, 0.9623739791700636, 0.9587045692203662, 0.9622351085615763]","[-24.207962972852144, -22.753003407082343, -22.141375598849002, -21.39860806380252, -20.809242678996636]","[0.3496723239805245, 0.35364057227009554, 0.35363077817147653, 0.36439561563007145, 0.35428126437713475]"
310,"[0.9631135087458013, 0.9624324356054413, 0.9624350056053715, 0.9592965445062975, 0.9623205671983174]","[-24.6180412702538, -23.170510120819817, -22.558857495638243, -21.81388218903588, -21.227539901366196]","[0.30734923186445245, 0.3118842353888558, 0.3118736226831506, 0.30783275049121767, 0.31232233450275637]"
311,"[0.9643381036721046, 0.9639238930029249, 0.9639356752292455, 0.9610774140810907, 0.9638125516056373]","[-24.344174132284866, -22.872272148314636, -22.260717423518795, -21.43813478524467, -20.92508941174738]","[0.35363907061452543, 0.3616115861085634, 0.36158368972569505, 0.40728312887881957, 0.3630573726610373]"
312,"[0.9671812314275665, 0.9666030092185837, 0.9666104009719716, 0.9636138266018163, 0.9664814625075656]","[-24.344586479869385, -22.8931017882746, -22.28146344235556, -21.549947547364223, -20.949934591727803]","[0.27025811019125845, 0.27298205418547494, 0.2729773216877613, 0.2852969697616766, 0.27370824998273535]"
313,"[0.9661149067060327, 0.9651421698293912, 0.9651377048633523, 0.9607210069464373, 0.964902047675507]","[-23.756997491051365, -22.283045658223507, -21.67148183176185, -20.881330644355618, -20.33626815859389]","[0.5355844437975866, 0.5294925517199076, 0.5295006904283576, 0.51759252875867, 0.5287134980411277]"
314,"[0.9662736215937329, 0.9654589541925361, 0.9654583851570403, 0.9612589639960224, 0.9652832104575192]","[-23.885311774969164, -22.462930459230837, -21.851222894974384, -21.18223678539617, -20.524246647151944]","[0.2571468114995304, 0.24620266050519238, 0.24623498948776595, 0.22044607250822706, 0.24448872695558593]"
315,"[0.9651013037597654, 0.9642376802735567, 0.9642443074720707, 0.9599394382774616, 0.9640587777292304]","[-24.31060855046948, -22.87626741356934, -22.26459122441726, -21.55409598622431, -20.93545171643643]","[0.42073214687908833, 0.4018445494462589, 0.40190037593014116, 0.41561356983012365, 0.39864872420035213]"
316,"[0.9672697690173659, 0.9669030858944462, 0.9669088168081561, 0.9639491420927325, 0.9668217948028208]","[-23.861073816173693, -22.38201464026477, -21.770459235944582, -20.95221533761071, -20.434116185161553]","[0.2186607151021101, 0.21853573865119785, 0.2185300833875628, 0.22467200622282155, 0.21888635323419886]"
317,"[0.9680693050546068, 0.9671458326352222, 0.9671560256969568, 0.963433920690133, 0.9669868384836312]","[-23.591069521209626, -22.10797109924468, -21.496442163894084, -20.649709561735655, -20.159060702384945]","[0.3068249733751169, 0.3119730677211651, 0.31195947569729254, 0.3295748835700427, 0.31281069069082773]"
318,"[0.9667053850667678, 0.9657853402992188, 0.9657857403791391, 0.9616592313266694, 0.9656369814820569]","[-24.075469204109133, -22.64096440604094, -22.0292848212469, -21.34310969185423, -20.700569278231022]","[0.3541382485346549, 0.3718097254144943, 0.37175805634792214, 0.41102463698939, 0.3747324686349956]"
319,"[0.9633853707593527, 0.9625539498591763, 0.9625524348926461, 0.9587769029211201, 0.9623989114047943]","[-24.00094301821899, -22.54812226843661, -21.936510191072088, -21.173586340187953, -20.604231891577705]","[0.23167752199367858, 0.22581369803549559, 0.22583008141842473, 0.20838976196473316, 0.2249335195079354]"
320,"[0.968889570355356, 0.9684071650790503, 0.9684076315686866, 0.9656501264272279, 0.9683333500717023]","[-24.126425617074947, -22.689587329376792, -22.077910251065237, -21.389247846288406, -20.748873367242012]","[0.3508967558380874, 0.34066022060024154, 0.3406848337884495, 0.3106126120949857, 0.33899505449838735]"
321,"[0.9685963763946771, 0.9680363995577907, 0.9680403854610728, 0.9643391477889331, 0.9678885127723963]","[-23.908496211883705, -22.43786485609833, -21.826294109574377, -21.027538827292133, -20.491285650474868]","[0.19491280030607705, 0.20598907725151755, 0.2059575193035181, 0.2436732521183026, 0.20781237684190626]"
322,"[0.9651667420781884, 0.9647007579439552, 0.964708358068733, 0.9606767881269068, 0.9645698630438774]","[-24.086808522282578, -22.635208638682936, -22.023580217936328, -21.288071731105784, -20.69196241250299]","[0.3021526352647931, 0.30648008341085997, 0.30647088470406647, 0.31832891426472787, 0.3071915979405814]"
323,"[0.9651549141592556, 0.9642850205242341, 0.9642878103893808, 0.9612485953761906, 0.9641175948325834]","[-23.986000413842522, -22.523691974155696, -21.912107892049917, -21.126871130256976, -20.57831384723874]","[0.5680922707014338, 0.5581344627975512, 0.5581738630150256, 0.5186787464111031, 0.5556715875462576]"
324,"[0.9666826811532029, 0.9661190206938984, 0.966111725147993, 0.9629187431258569, 0.9659858058465988]","[-23.89141944157273, -22.437570169597237, -21.825943929650645, -21.075714992580227, -20.493794449287606]","[0.2508703523174891, 0.2467853149931043, 0.2467997650160529, 0.2337537279961844, 0.24616250700638934]"
325,"[0.969289562087656, 0.9688970963308852, 0.9688930222277086, 0.9659942015122551, 0.9687983775979992]","[-23.6150164190882, -22.150411508135683, -21.53882235925079, -20.75341248004861, -20.204763618135157]","[0.4575893418705822, 0.43484622107587123, 0.4349004981820369, 0.3874055733984234, 0.43158584169794517]"
326,"[0.9692127119994013, 0.9687348777624075, 0.9687292567564264, 0.965332103058603, 0.9686431372920118]","[-24.04902197875236, -22.597790518724405, -21.9861594138346, -21.250707067464376, -20.654589334997894]","[0.4053221622400994, 0.41558190527893296, 0.4155467105550111, 0.4458341881351873, 0.41732946273161264]"
327,"[0.9624773110940735, 0.9610199871511096, 0.9610305679582773, 0.9562584519549464, 0.9607766553350412]","[-24.196363256606112, -22.74110023581443, -22.129490744062526, -21.346094709270787, -20.796539547951845]","[0.26836915152248697, 0.25997343851627225, 0.2599887193476802, 0.2404717275550198, 0.25875734841001546]"
328,"[0.9644751428974307, 0.9635355264952357, 0.9635424481956089, 0.9579582693527685, 0.9632163050607546]","[-23.777969128385276, -22.316866193207492, -21.70526319887627, -20.947626040072652, -20.372139157489332]","[0.30489644868008686, 0.2997300009120278, 0.2997340550692628, 0.2965749609580435, 0.29951266985408903]"
329,"[0.9581009265896115, 0.9571054052736457, 0.9571097635180764, 0.9530599409696102, 0.9568746734265586]","[-24.58877490137422, -23.151220684311724, -22.539557947023148, -21.8367374888478, -21.21017279971821]","[0.27133081166143963, 0.2540185281111374, 0.25406644239453763, 0.23466412083879065, 0.2514919379661898]"
330,"[0.9590595939206874, 0.9581975996173466, 0.958201201178122, 0.9546608528926915, 0.9580243890613763]","[-24.729589208300965, -23.30188502759981, -22.690195624657278, -22.012024674434585, -21.362407701400986]","[0.48348029066381526, 0.4975907075901328, 0.4975527037508358, 0.5534311329307245, 0.49969849882428846]"
331,"[0.955428690014546, 0.9545926872764102, 0.9545949593137739, 0.9518948758973512, 0.9544642394488012]","[-24.956648211547662, -23.526664613533548, -22.91497296762175, -22.213023048264944, -21.58648741297508]","[0.6059978509903955, 0.6189021682014392, 0.6188626804716506, 0.6216398494252443, 0.619888666135305]"
332,"[0.9543463124206104, 0.9539104201775322, 0.9539187378585906, 0.9517997491630478, 0.953836633694526]","[-24.659169630844335, -23.215301571009878, -22.60364761564721, -21.879794649036942, -21.273145216923822]","[0.6172755502373373, 0.6274684401104362, 0.6274630037924283, 0.6421878713553348, 0.6277360560329714]"
333,"[0.955091620279916, 0.9546274404139186, 0.954630314977117, 0.9520745469798582, 0.9545137454890062]","[-24.736367278553104, -23.291634997841822, -22.679986567981967, -21.96136138512701, -21.34947635923911]","[0.26334671868539966, 0.25835575226524804, 0.25836401648212387, 0.24667565524306867, 0.2576171931409331]"
334,"[0.9503661226208052, 0.9504542226510881, 0.950450425174223, 0.9499137374191878, 0.9504535067089824]","[-24.69274340217617, -23.246622906603026, -22.6349915573095, -21.901460051580642, -21.30404183969661]","[0.19945834135996962, 0.19890936165396095, 0.19890961370992735, 0.19703460901378833, 0.19882345793155945]"
335,"[0.9552536423984936, 0.9552155241312099, 0.9552117396047152, 0.9544042964014916, 0.9551687925717894]","[-24.446619720900816, -22.982529696969582, -22.3709330323643, -21.603646889104603, -21.03728503159861]","[0.5725551740698637, 0.5649954889982671, 0.5650104299029568, 0.516642869354065, 0.5631424624020626]"
336,"[0.9558856619009085, 0.9556511953851656, 0.9556561163602596, 0.9531302587873218, 0.9555648397814726]","[-24.131611873950625, -22.6916612856867, -22.080010680098695, -21.36536839856505, -20.750135529913443]","[0.44762413330162726, 0.43363535946184567, 0.43366448510432043, 0.40186012937997717, 0.4313132782968766]"
337,"[0.9532650495564836, 0.9533677909987426, 0.9533650134835895, 0.95261891081229, 0.9533531365954345]","[-24.493110535678976, -23.03210791578349, -22.420518993652177, -21.63778932027749, -21.086914323768163]","[0.19824212934598198, 0.19746994020330008, 0.19747546506417876, 0.22327646463313533, 0.19737104974460745]"
338,"[0.9575159181494922, 0.9567020600564827, 0.9567044702737657, 0.9534789778002143, 0.9565513516430343]","[-23.91344432665703, -22.476292271636982, -21.864612099186804, -21.16225428602503, -20.53529025663054]","[0.5263414757692895, 0.5239422781861678, 0.5239586760085853, 0.5211141263450828, 0.5235224264067936]"
339,"[0.9519267312449153, 0.9514831140798301, 0.9514840164978122, 0.9490041004217526, 0.9513840784886652]","[-24.55798010575946, -23.144531903638022, -22.53280033022427, -21.86034190042139, -21.206830576848773]","[0.3969082220307114, 0.3839657679656006, 0.383965886157393, 0.38234469550844924, 0.3834711123462818]"
340,"[0.9563254528943131, 0.956203080398856, 0.9562035188740139, 0.9546180559203971, 0.9561620077934919]","[-24.08344174358823, -22.626530770159345, -22.01491492640706, -21.257563831022907, -20.682274027034822]","[0.5421143971582828, 0.5518591768716993, 0.5518368564475085, 0.5771935535195136, 0.5534727250863071]"
341,"[0.9577213696086518, 0.9571127997054788, 0.9571074070478307, 0.95466963571202, 0.9569906620873254]","[-23.887956286181097, -22.450475877882536, -21.83879632177338, -21.149329942101776, -20.50966872888163]","[0.40692609997987483, 0.3950417507076394, 0.39506486425328746, 0.3633073281649468, 0.39313825837195115]"
342,"[0.9567561244190262, 0.9565758928050551, 0.9565766675440649, 0.9549975380259671, 0.9565343806927897]","[-24.04595685506008, -22.608314000795154, -21.99664261045137, -21.302424328863292, -20.667404504282132]","[0.5611855073120413, 0.5570059990049813, 0.5570057464160876, 0.5498684724361796, 0.5567015927238577]"
343,"[0.9531900315702097, 0.9527912536638469, 0.952796388085428, 0.9506065215734322, 0.9527174903739757]","[-24.153728693793624, -22.700114242389326, -22.088487777432277, -21.339659815240406, -20.75639382373303]","[0.5153244966129695, 0.5334921062454943, 0.5334454098580178, 0.5857762787891256, 0.5363838809824517]"
344,"[0.9562485759617307, 0.9557293358771497, 0.9557322583699266, 0.9534002731031275, 0.9556317655264152]","[-24.084205068162202, -22.644864944263347, -22.033202229773163, -21.314164166806773, -20.703321301868105]","[0.19860372658824352, 0.21345568425175174, 0.21343554607631648, 0.2308194135833349, 0.21477650161874887]"
345,"[0.9561718662559865, 0.9557128686499861, 0.9557135118128609, 0.9537008212410968, 0.955622930792066]","[-24.116505781717198, -22.64486009532884, -22.03329713511064, -21.228542198371862, -20.69805519618388]","[0.5068786839779773, 0.4977520512616187, 0.49778770498265984, 0.47808825586571196, 0.4964132211897005]"
346,"[0.9535673712937858, 0.9529751921929354, 0.9529711531282374, 0.9506864113491456, 0.9528569239260684]","[-23.997252094310568, -22.558628015592546, -21.946956472454396, -21.240154953665467, -20.617384629012474]","[0.393159229187517, 0.38732318186221376, 0.38733304902303817, 0.4037428489595621, 0.38755418605712894]"
347,"[0.9612631556358248, 0.9609284046043065, 0.9609356734094882, 0.9584102366571774, 0.9608712827825086]","[-23.69704153320512, -22.21269085806509, -21.601146201859475, -20.77291795274745, -20.264010128447055]","[0.4973267712691155, 0.514770452860801, 0.5147217203654952, 0.5573859292576111, 0.5175109599819612]"
348,"[0.9590681117505271, 0.958759748441533, 0.958766037104305, 0.9566767463154427, 0.9587086700129628]","[-24.009636180960804, -22.54914145000483, -21.937532372543775, -21.168087996022066, -20.604253591053805]","[0.36395927630256547, 0.3618982602240268, 0.3618958270845673, 0.3706963190320033, 0.3618749465017701]"
349,"[0.9586862253658867, 0.9581530443896863, 0.958155771986672, 0.9562861429787617, 0.9580823196734429]","[-23.654731572630745, -22.188838071135844, -21.577246883329014, -20.802150914011747, -20.243239728964383]","[0.30569425224905733, 0.32130091258893784, 0.32125644558677785, 0.3615646575369745, 0.3238066922029661]"
350,"[0.9647679977093281, 0.9640833845973956, 0.9640816584181685, 0.9608023109405609, 0.9639790518133696]","[-24.03139812853523, -22.603164123095112, -21.99148027198121, -21.29191312645692, -20.663261509161682]","[0.2791368002970722, 0.2896364284033069, 0.28960985540142015, 0.33673923825663715, 0.2917923740908499]"
351,"[0.9561871738590035, 0.955465996238533, 0.9554727378922508, 0.9517218702147368, 0.9553176612310209]","[-23.731693338143632, -22.276585471860635, -21.664963764441513, -20.922886171554804, -20.3328212508572]","[0.47588859634202985, 0.4854493343118802, 0.48541752056484533, 0.5189604387887449, 0.4870170511195859]"
352,"[0.9588633307512747, 0.9582705391765882, 0.9582665241690007, 0.9554757641886993, 0.9581712772589188]","[-24.08866559088089, -22.64880690014411, -22.037145709096727, -21.285775914772103, -20.706603771214596]","[0.3039025526258451, 0.28899478245082055, 0.2890340739877529, 0.25028700364374434, 0.2871933850454285]"
353,"[0.9590365929054666, 0.9587942788625987, 0.9587950738068236, 0.9576678204006647, 0.9587684777007687]","[-23.814448143014662, -22.34971003268405, -21.738115861932847, -20.968679431916996, -20.40435238382539]","[0.4631066691050753, 0.45088734166328365, 0.4509248449852054, 0.4158526958106901, 0.4487665351057701]"
354,"[0.9567861675157359, 0.9564593286363459, 0.9564625045161605, 0.9549893932539768, 0.9564320845612728]","[-23.786793523901995, -22.31805638276772, -21.706473967472828, -20.92793283269475, -20.372075088815475]","[0.5605902228230835, 0.5764420275816581, 0.5763908258056065, 0.6130546957979154, 0.5790059090985249]"
355,"[0.9618538668999045, 0.9618111215109317, 0.9618100463033612, 0.9599710308274206, 0.9617819424099916]","[-23.563668235671628, -22.10436668989184, -21.492754638214482, -20.74846938401089, -20.160089828850218]","[0.30183634750985844, 0.3032064038522667, 0.3032038904868364, 0.3029656489643542, 0.3034243918207735]"
356,"[0.9576461788199484, 0.9569670838466577, 0.9569629222528869, 0.9544887911647028, 0.9568563279540023]","[-23.96699926106584, -22.51360553654834, -21.901983853597102, -21.157964233253836, -20.5700004543815]","[0.47987570580170746, 0.48239231127695076, 0.4823818030799361, 0.4833239358805168, 0.4824968260382471]"
357,"[0.9546187445992368, 0.9547995067114119, 0.954796746248596, 0.9538304138831564, 0.954778980525481]","[-24.03965917380888, -22.57746719266397, -21.965869911873355, -21.205216435596665, -20.63255914321712]","[0.4487868410244629, 0.44600699150193956, 0.4460209499986363, 0.4356477487607343, 0.44547172272482327]"
358,"[0.9564136945016742, 0.9559426852732057, 0.9559498426631947, 0.954256555317495, 0.9558544620471643]","[-23.683065886512317, -22.213520178847073, -21.601941942734662, -20.79501087620893, -20.266895582798675]","[0.37582254862205206, 0.390356925051252, 0.3903239017923243, 0.41786467758288315, 0.3918560849181398]"
359,"[0.9549088130875557, 0.9544572801794513, 0.9544644669204922, 0.9530578283623932, 0.9543695438184224]","[-23.407994443867764, -21.948227324175328, -21.33662623912308, -20.590165852834925, -20.003863746751424]","[0.3578271494591164, 0.3570595826285274, 0.3570793879947558, 0.34682667945031154, 0.35652163032866097]"
360,"[0.958322896462482, 0.9573974843755798, 0.9573921951378802, 0.9545579845848663, 0.9572437384425525]","[-23.443564891766087, -21.984217238236404, -21.372605261740485, -20.626888622056136, -20.039904922415943]","[0.42820917277195486, 0.4276569406042867, 0.42765495703920364, 0.43031610933441955, 0.42761047588516865]"
361,"[0.9546424632863629, 0.9538059535601952, 0.953806951319895, 0.9506208051942027, 0.9536657564198684]","[-23.37009356120533, -21.91665235726617, -21.305021051319727, -20.57265751496829, -19.97325629916202]","[0.4022292593943595, 0.40347141576088524, 0.4034732262105873, 0.40680926775390047, 0.40368054703763795]"
362,"[0.9543987582556258, 0.9543254802989974, 0.9543234238459652, 0.9537874705635591, 0.9542879928423708]","[-23.816084229344852, -22.351730000142243, -21.740132246137073, -20.970595035497478, -20.406408165002784]","[0.3958029621399876, 0.3886090907996727, 0.3886268049550808, 0.36991205675477, 0.3874862343094688]"
363,"[0.9528341808416266, 0.9524993389767038, 0.9525031083621853, 0.9508679167867875, 0.9524268605593619]","[-23.52193537716052, -22.085314885581585, -21.473636296411318, -20.778561760536036, -20.14450970219826]","[0.26975152025902516, 0.26669872264785605, 0.26670515750290297, 0.25592047050239586, 0.26616765085122096]"
364,"[0.9574927432099407, 0.9569789149330044, 0.9569770801310657, 0.9540500060619349, 0.9568396761873185]","[-23.88450290753151, -22.432034775563064, -21.820411064070235, -21.072307584615576, -20.488457929787405]","[0.4068831359593718, 0.4153706205596375, 0.41535509711181867, 0.45245533153513734, 0.41702905519371836]"
365,"[0.9530210397704415, 0.9528475415128334, 0.9528517387294417, 0.9511229312718955, 0.9528300825826633]","[-23.683126085867674, -22.221555296211065, -21.60994666513827, -20.831540338156813, -20.27637788595516]","[0.2740917597594502, 0.2815426982924214, 0.28152091931380213, 0.3041226707418172, 0.28274790081705226]"
366,"[0.9571978380322581, 0.9565389156884845, 0.9565406372819915, 0.9541422423217181, 0.9564371735695663]","[-23.59997787155948, -22.14554896989395, -21.533936533420086, -20.786072997508256, -20.201761387443188]","[0.5303313731850149, 0.5384720253608815, 0.5384491715774808, 0.5596551430223441, 0.5398344775378191]"
367,"[0.9540705368499406, 0.9536305301426031, 0.9536347474422517, 0.951972130103878, 0.9535404922697934]","[-23.53105291131211, -22.066929354685495, -21.455328258804876, -20.679640946685172, -20.121512229114483]","[0.4121636985115723, 0.4205419643690836, 0.42051792530579735, 0.44764543613044405, 0.4219138198531472]"
368,"[0.9525886323995428, 0.952173023633502, 0.9521740397145918, 0.9506552191360892, 0.9520968164522015]","[-23.924905018725507, -22.437612736212376, -21.82608729528153, -20.983723793999683, -20.48832864737363]","[0.24922650482313818, 0.23751116532278777, 0.23754408601271196, 0.20559351895133496, 0.2355367619906403]"
369,"[0.9570372429895218, 0.9564405649234329, 0.95644445737198, 0.9539116354143576, 0.9563083686291641]","[-23.367538974948044, -21.92084034862561, -21.309191998001122, -20.597118751428887, -19.97857318755194]","[0.23638265197689096, 0.24588377165598801, 0.24585425927932647, 0.2742320492717356, 0.24745641948532554]"
370,"[0.9583483008368481, 0.9576273855924948, 0.9576248677213824, 0.9555362001277984, 0.9575135914679866]","[-23.374438334557063, -21.935947001631664, -21.324271046209528, -20.635228404069316, -19.995036433486483]","[0.35417432217326456, 0.3642113962209114, 0.364184548827894, 0.39339499221446544, 0.36592404161359143]"
371,"[0.9551078259373011, 0.9548043296430538, 0.9548029489599641, 0.9531456987062165, 0.9547503882862949]","[-23.741204338221984, -22.297725889095425, -21.686073643868735, -20.97385241448653, -20.355827207064642]","[0.38825366410933027, 0.3928432051289505, 0.3928231378142443, 0.40202946987785076, 0.39358639956700336]"
372,"[0.9555093623963705, 0.9547937752042251, 0.9547979288134337, 0.9516589412144143, 0.9546744500210812]","[-23.88889948561444, -22.420546455276124, -21.808982185874104, -20.997946465159618, -20.473989385997807]","[0.2952501720648355, 0.2914252760770027, 0.2914390058660995, 0.27910432854405, 0.29073754692794024]"
373,"[0.9573741290133502, 0.9562551979856486, 0.9562559127374023, 0.9534016436475382, 0.956066952929276]","[-23.613999250438876, -22.14885859448601, -21.53727100239501, -20.765535993233424, -20.203412850328338]","[0.3072764801617937, 0.3073363233210626, 0.30733862293549974, 0.30895273808945894, 0.30737138192301067]"
374,"[0.9663578486983965, 0.9654037123476975, 0.9654111943888833, 0.9607430513067687, 0.9652358499190861]","[-24.229619486514228, -22.802350982781224, -22.190653642223584, -21.51588462377703, -20.86299216288289]","[0.2548899185225576, 0.25205395730149843, 0.2520529223864011, 0.24801780010431163, 0.2516301679759649]"
375,"[0.9210499979827812, 0.9216684553743145, 0.9216642121502855, 0.9255570048219076, 0.9218302027492006]","[-23.282789959740583, -21.86908325794317, -21.257525948287434, -20.054460417826558, -19.919262423079715]","[0.7805528745446839, 0.7571024248936279, 0.7570433780357233, 0.8424303366270345, 0.7600330100032356]"
376,"[0.9402579296055813, 0.9404247737167267, 0.9404193033316767, 0.939112936026666, 0.9404039624249432]","[-24.32941742183668, -22.86339771647267, -22.25181107704935, -21.469495166944785, -20.917645024334306]","[0.42616600815843847, 0.4344241351285267, 0.43439374026024397, 0.45453822807369515, 0.4361045402812442]"
377,"[0.9410581550587539, 0.9409862490980714, 0.9409840851313396, 0.9405034260415173, 0.9409565559673585]","[-25.094453272697535, -23.672398306421318, -23.060694413655252, -22.400546591266156, -21.73390830289258]","[0.13459379348487663, 0.13819050485263026, 0.1381672598850889, 0.15205722362727056, 0.13878500545462666]"
378,"[0.9475551553999587, 0.947825414151217, 0.9478217135489587, 0.9479138517046709, 0.9478528707074738]","[-24.101831246033427, -22.62724288660077, -22.015683315201727, -21.216672912262375, -20.680227110427907]","[0.35638758284290717, 0.3644406709728509, 0.3644224004263965, 0.3828462908430781, 0.3657448204408751]"
379,"[0.9307232369903677, 0.9307776677458081, 0.930782232074884, 0.9311755364076092, 0.9308031217033427]","[-25.118176367815952, -23.67437469652011, -23.062739418102055, -22.34618645314779, -21.732389896635027]","[0.40841610402816736, 0.4115693762171907, 0.4115477458165523, 0.40551120275648295, 0.41216235813135765]"
380,"[0.9370021467662638, 0.93753425526772, 0.9375353334809303, 0.9373683287875749, 0.9375667900604225]","[-24.37798017892718, -22.916861669383795, -22.305253041923454, -21.546110395769208, -20.972107401031142]","[0.6280476678095691, 0.6802342943575563, 0.6800586282515935, 0.801879957874383, 0.6891881145424877]"
381,"[0.9365317075997744, 0.9362256684041177, 0.9362309425484365, 0.9354275172746439, 0.9361863954830194]","[-24.495364225701085, -23.065263386484464, -22.453576392547703, -21.771839867286857, -21.12545415119888]","[0.504826834338684, 0.504764854096975, 0.5047622056971638, 0.5007151868650264, 0.5047699224049412]"
382,"[0.9092674060686564, 0.909372609806698, 0.9093712171052014, 0.9113110310947502, 0.9093666860769312]","[-22.167385683356667, -20.648316298754228, -20.036918097335775, -19.014365100045193, -18.69164495015351]","[1.024876158146329, 1.0432486427280057, 1.0431938996514825, 1.0965588851858423, 1.0462243273503233]"
383,"[0.9183910106867844, 0.9178399214927421, 0.9178411710328435, 0.915477983104165, 0.9177170247698362]","[-25.073302334024866, -23.607241948167548, -22.995825547711963, -21.76809269727318, -21.650757598980245]","[0.22418418542849958, 0.15803210500294076, 0.15819670793720544, 0.12848281310456847, 0.14865351160882542]"
384,"[0.9396121427257889, 0.9392246334008688, 0.9392370818881004, 0.9353641849710904, 0.9391300360049268]","[-26.031241619082014, -24.606956462712493, -23.995267472259947, -23.324023923210362, -22.668040920211283]","[0.6026299758911393, 0.6010806079532557, 0.6010707243167648, 0.5824260807809045, 0.6010947784214088]"
385,"[0.9215726096703937, 0.921639009388323, 0.921635684557239, 0.9191178649414283, 0.9215498526219996]","[-23.94067659147822, -22.476534862087448, -21.865027689227233, -20.82819357278547, -20.525438708484526]","[0.5342473162593004, 0.5495806631311007, 0.5495366278099916, 0.589816609406564, 0.5521855734933285]"
386,"[0.9533851060897511, 0.9532085070087569, 0.9532085625832877, 0.9499629300254853, 0.9531156592613246]","[-25.39025976086402, -23.933289346592986, -23.32170426800448, -22.511665104447548, -21.988026879255628]","[0.446829410929425, 0.4307902616548521, 0.4307832890331705, 0.43095161587009856, 0.4304023276093347]"
387,"[0.9396631446310285, 0.9392665292917376, 0.9392749735115971, 0.9359539999361801, 0.9391747416012904]","[-24.84589700506619, -23.4010648991331, -22.789446105283776, -21.98968124134179, -21.457370438956513]","[0.4597998000571002, 0.4851891864892074, 0.4851154017228178, 0.5684769741553227, 0.4905476463347317]"
388,"[0.9557667705288131, 0.9545291464637206, 0.9545383857385764, 0.9497345775027379, 0.9542924071660283]","[-25.16447882739824, -23.747710424528158, -23.135972610075353, -22.493527299025967, -21.810118357547225]","[0.32760665555350993, 0.3388080987596297, 0.33879917428545137, 0.35985792608427347, 0.339854433433243]"
389,"[0.967731172968359, 0.9674075285582663, 0.9674101583276342, 0.9644830557193315, 0.9673092870198491]","[-24.805199398004298, -23.365928883900484, -22.754246159554437, -22.055165387758695, -21.424736475720767]","[0.2898229879799241, 0.2914907543424857, 0.29148932877415595, 0.2994917994418766, 0.29169525204007374]"
390,"[0.9679559764120758, 0.9672141749261154, 0.9672220341039457, 0.9640605854414728, 0.9670324239171171]","[-23.997274922473483, -22.544761657241295, -21.933123533094676, -21.18952432404412, -20.601260078869597]","[0.4885088486307763, 0.47507641151041663, 0.4751118439711192, 0.4393276069610305, 0.4728882257111293]"
391,"[0.9625431527035981, 0.9616894731958926, 0.9616899443513587, 0.9579938124018512, 0.961513668159941]","[-24.40117523935469, -22.971625709340817, -22.359934892626036, -21.68062240988635, -21.03191353212738]","[0.32345723782579505, 0.3333305345349715, 0.33329858104473553, 0.3821245584052468, 0.33506460614514577]"
392,"[0.9586421646052425, 0.9577169876423136, 0.9577179858637044, 0.9512372204522153, 0.9574858209573187]","[-24.99785966937562, -23.56050758247063, -22.948851308279504, -22.259952684792292, -21.619760987363954]","[0.38313190106655426, 0.3828127417768228, 0.3828135869345137, 0.39181328739369803, 0.38299755174842126]"
393,"[0.9636258450047268, 0.9629079476464546, 0.9629080218203571, 0.9585991908910575, 0.9627506435796512]","[-24.431981125321, -22.989117639974538, -22.377447587579017, -21.68291533340351, -21.047586575336894]","[0.5054398793083977, 0.5039617230390167, 0.503967907822049, 0.5025376234012621, 0.5037246333020234]"
394,"[0.961177948453743, 0.960571913870498, 0.9605756314049827, 0.9573065456592112, 0.9604438959962918]","[-24.562356815724844, -23.116997761563965, -22.50533900202074, -21.7957595641483, -21.174934669570888]","[0.4539128185986147, 0.45783382612320755, 0.45782147576692, 0.4578687326324826, 0.45847246159887345]"
395,"[0.9608214160578841, 0.9606201875400509, 0.9606250059338406, 0.958620557465414, 0.9605646967326578]","[-25.039170561253737, -23.598831275108914, -22.987164798103944, -22.270089658667594, -21.65719791754623]","[0.5475528624315692, 0.5357691578222479, 0.5358102881594227, 0.49280051694379645, 0.5338182248165365]"
396,"[0.9603797823236451, 0.9597698133110835, 0.9597807933683051, 0.9566612042635105, 0.9596427148655663]","[-24.615069354934807, -23.155012808475096, -22.543396089363824, -21.787419390150944, -21.210418017834762]","[0.40233645486495806, 0.39740425394505274, 0.3974605341822347, 0.3784925563863509, 0.3963362327968825]"
397,"[0.9579871210849032, 0.956981842201331, 0.9569853166616188, 0.9512097875080974, 0.9567384309970907]","[-25.19737968587868, -23.740961275936634, -23.12934626881027, -22.371407453614797, -21.79675715805371]","[0.3934300966591231, 0.40866404938639234, 0.408633043283294, 0.43295401525818755, 0.41060839855314063]"
398,"[0.9583702025146903, 0.9568155901399744, 0.9568158104376971, 0.948433358864497, 0.9564787607553517]","[-25.315950477195432, -23.857146657024927, -23.245522875975865, -22.48984821617006, -21.91270869187904]","[0.36886054721898004, 0.37873488522110155, 0.3787089091717166, 0.4028501137987332, 0.3800157465021177]"
399,"[0.9612664724337459, 0.960982130019785, 0.9609904022166644, 0.9585345965720149, 0.9608992206405824]","[-25.354827954357383, -23.90337433475577, -23.29173903453889, -22.560020181142168, -21.9602060792713]","[0.4443095445501827, 0.458113473171883, 0.45806116832568317, 0.4990218668638195, 0.46039064958146036]"
400,"[0.964563501183318, 0.9641177060699028, 0.9641153077831442, 0.9608583251229191, 0.9640075163583394]","[-24.816562177148494, -23.352471469179427, -22.740880032300808, -21.971328782491575, -21.40719869714257]","[0.3045337038732569, 0.30530032680080577, 0.30529264480772167, 0.3084164954515903, 0.3054278396596768]"
401,"[0.9418180953886182, 0.9413407361291044, 0.941341867398668, 0.9374606600977002, 0.9412116182484876]","[-25.641180058279673, -24.168290136128505, -23.556719634965386, -22.746626103227506, -22.2212292919816]","[0.35997879681042433, 0.3461092827931908, 0.34616292850243785, 0.3009436126818272, 0.34363792247903624]"
402,"[0.9416814370409051, 0.941445001814501, 0.941446139625112, 0.9370656471482004, 0.9413075065206378]","[-25.887151447839667, -24.416959181987227, -23.805405392353354, -22.99810562104603, -22.470275575063923]","[0.5815120700043058, 0.5477711883662759, 0.5478942925519623, 0.4493747185555338, 0.5422481487744018]"
403,"[0.9478944176953863, 0.9460928414437952, 0.9460885912167134, 0.938774307893741, 0.9457340484574225]","[-25.824596395469573, -24.37050597499364, -23.758902155919703, -22.989662281312114, -22.42635647724139]","[0.3401191228389638, 0.33805630185835495, 0.33798887960820706, 0.3404958360686041, 0.337922724161104]"
404,"[0.9397086864539405, 0.9384314115535726, 0.9384271893023167, 0.9320109661448945, 0.9381373357436712]","[-26.10097502893453, -24.63420966315796, -24.022632247434146, -23.20214422162462, -22.687640998656928]","[0.3093332007610765, 0.2978812426674617, 0.29791872748631937, 0.27168617691913616, 0.2964140284445463]"
405,"[0.9471165273809452, 0.9450646718336569, 0.9450717737562441, 0.9373380012928999, 0.9447206649885671]","[-25.691191418877988, -24.24554027922965, -23.633913611821352, -22.908689678427667, -22.303188829945782]","[0.41296165110371363, 0.4034062759913862, 0.40348599508438904, 0.3840183643733129, 0.4022142219006277]"
406,"[0.948778956365239, 0.9482137496273052, 0.948206901409812, 0.944118571313929, 0.9480558669995158]","[-25.827620213617156, -24.35834395369219, -23.746764146871293, -22.941893473631623, -22.41178807816235]","[0.24255554742720323, 0.25173872923257284, 0.2517070963090273, 0.2815681847301887, 0.2533216898145407]"
407,"[0.9311781207362301, 0.931370741544493, 0.9313774206466979, 0.9295147775282888, 0.9313359891012379]","[-25.058099837380038, -23.359813046875278, -22.748894155087847, -21.379805474036228, -21.37634483502956]","[0.6324881986616001, 0.694962211283465, 0.6947885973763932, 0.8067502124897279, 0.7038914166408359]"
408,"[0.940827530212346, 0.9401141413968375, 0.9401054602191319, 0.9350576286460869, 0.9398905646656127]","[-25.837593057141405, -24.34559157573617, -23.734077364763273, -22.868629778920166, -22.395321591026224]","[0.4298815592216071, 0.43460477952659726, 0.43452687257843065, 0.4343546651434444, 0.4345351489686555]"
409,"[0.9459102218713547, 0.945224132797199, 0.9452293564005425, 0.9401164751592842, 0.9450412303144842]","[-25.72741586052104, -24.26249708198917, -23.650914732303516, -22.856873785701243, -22.31665147400012]","[0.48441679047636216, 0.47247783966425877, 0.4724825963555437, 0.44412778045214674, 0.4706377679889795]"
410,"[0.945321752839782, 0.9440622381225587, 0.9440689579344607, 0.9378260306713407, 0.9438207881108569]","[-25.64434550270019, -24.246484854199164, -23.634687295999232, -22.99426849488863, -22.311188203047205]","[0.5303431565725051, 0.46225337341711403, 0.46247482361333464, 0.29368983729447334, 0.45008605264189083]"
411,"[0.9550791038130633, 0.9545842950414195, 0.9545852039665667, 0.9498845013980839, 0.9544097401302657]","[-25.49507064669178, -24.044693812175545, -23.433037106121816, -22.687456825069706, -22.101386600327505]","[0.3295706889086137, 0.32802895391311243, 0.32803306922976516, 0.31703588859371207, 0.32720348643872565]"
412,"[0.9441889574428769, 0.9443439955207352, 0.9443415160883913, 0.9423254314328428, 0.9443041640935772]","[-25.976401677339915, -24.49813003737108, -23.886558463369298, -23.045973888749742, -22.54985179367841]","[0.23205812481020113, 0.24171146015745482, 0.24170696399821304, 0.2629466922556798, 0.24325895581331702]"
413,"[0.9449859725523392, 0.9446653837733868, 0.944672515089411, 0.9411750277913913, 0.9445820341204235]","[-25.56016706411748, -24.108789413054744, -23.497152071412664, -22.74675699946101, -22.16527759417559]","[0.3528490875897779, 0.3633672229516009, 0.36333830200323, 0.39758546516284937, 0.36542928205695946]"
414,"[0.9387166473939415, 0.9380944357586686, 0.9380966526716145, 0.9341036516889398, 0.9379177861866003]","[-25.856162772728982, -24.385222420209203, -23.773653537173693, -22.959883536458143, -22.43832541698522]","[0.4323559857008222, 0.4214929044069562, 0.42150583899522603, 0.3740179620689536, 0.41917942384614304]"
415,"[0.9394296938609553, 0.9383572683916531, 0.9383562914319421, 0.9330480717325939, 0.9380924039870782]","[-25.8341294778783, -24.42992516114807, -23.818175015434825, -23.122952910642347, -22.492937317009243]","[0.3784154216675332, 0.3069787008473661, 0.3071253722014154, 0.27646399257815796, 0.2993309051720501]"
416,"[0.937996635886514, 0.9375484873982575, 0.9375480744897413, 0.9349990923344907, 0.9374414710690848]","[-25.850489761930827, -24.38165601459036, -23.770084257672618, -22.959649628105726, -22.435047451050277]","[0.18771876338614082, 0.17714522654525042, 0.17718131737775616, 0.1495585621900065, 0.17545372263499637]"
417,"[0.941094636187056, 0.9394578328651656, 0.9394723019215072, 0.9333975810100115, 0.939169800936638]","[-25.72887921819461, -24.257521110982395, -23.64597181050766, -22.83838558423739, -22.31069716298593]","[0.39163067294237935, 0.3974417859296886, 0.3974676032176163, 0.4080799194584467, 0.3980937000059844]"
418,"[0.9413547128995862, 0.941546787286923, 0.9415492995846987, 0.9410992745410246, 0.9415531729718285]","[-25.837933631302757, -24.34417123873243, -23.73269183587184, -22.8614120253473, -22.393623055553356]","[0.3385332505589426, 0.34300569767732625, 0.34300898320591755, 0.33491200965243917, 0.34318676311863544]"
419,"[0.9413740496184217, 0.9418995054829883, 0.9418997774380143, 0.9404230552420849, 0.9418975749451441]","[-25.836592165967993, -24.333226529517262, -23.721765967704687, -22.82255563861478, -22.381040915146844]","[0.2879356180625069, 0.2922651861099045, 0.292217116388747, 0.31557151995584903, 0.29302666149364154]"
420,"[0.9460024619795911, 0.9458719267647651, 0.94586396233672, 0.9431055303344605, 0.9457752900865785]","[-25.5713143170326, -24.08532714436716, -23.473788995583977, -22.633566440955757, -22.136227695483413]","[0.5466890326568477, 0.5512585531866682, 0.5512652432431187, 0.5594984843747918, 0.5519785605743929]"
421,"[0.9358292541585099, 0.9353440190536345, 0.9353396847580492, 0.9324660501570414, 0.9352498122801376]","[-25.582431560268343, -24.16656811275305, -23.554883990649028, -22.706145482038874, -22.225240711194225]","[0.25740245913071125, 0.22179178341571792, 0.2218873310504882, 0.21997253208477252, 0.2169176149290781]"
422,"[0.9414528812415889, 0.9404762506492322, 0.9404774021873374, 0.9345444104303164, 0.9402247551871009]","[-25.770821701063188, -24.308708059552846, -23.69710053665312, -22.918126751573965, -22.36345144521437]","[0.28326222548259145, 0.28602556078257235, 0.2860213339050833, 0.2919762293094093, 0.28646797409414076]"
423,"[0.9416099920803345, 0.941422617675333, 0.9414241093193079, 0.938737626021173, 0.9413430399471487]","[-25.80930264082214, -24.323180868254738, -23.711652502714255, -22.864938711142162, -22.373963502684102]","[0.4786018663883918, 0.48268810705826665, 0.482661730156938, 0.49338667399248376, 0.48331507299803994]"
424,"[0.9390586289556029, 0.9385896110575564, 0.9385872941100052, 0.934295076526012, 0.9384543466550055]","[-25.764887118057903, -24.320884257262808, -23.709238756598307, -22.91382545176408, -22.377350789973182]","[0.4380542443519245, 0.4219944545249704, 0.4220479131163685, 0.36442322545176636, 0.4193678569632339]"
425,"[0.941077850444153, 0.940296045457691, 0.9403058590767686, 0.9347698363514255, 0.9401281296689357]","[-25.869569799589485, -24.377389309127768, -23.765871774534308, -22.902949721184303, -22.427172551423634]","[0.38105293565146015, 0.3822122010964518, 0.3822347416654512, 0.3813556797005251, 0.3824359380223226]"
426,"[0.9356842759611256, 0.935816070175436, 0.9358144779910443, 0.9336614432578275, 0.9358101125771456]","[-25.858098942455147, -24.381116588057623, -23.769565406116477, -22.946616245337477, -22.433345241294663]","[0.4495961832295793, 0.4486798198273325, 0.4486894003108635, 0.4376689772435189, 0.44847777007385636]"
427,"[0.9353385563158824, 0.9347424799771689, 0.9347519373181262, 0.9315167600909839, 0.9346169866483527]","[-25.639307413831528, -24.190841864592315, -23.579194724365536, -22.824023118548226, -22.247592739074896]","[0.3370246895277246, 0.3268828906605821, 0.32691807096871384, 0.30382645564958954, 0.3253269384469767]"
428,"[0.9305128286119275, 0.9291080682515338, 0.9291131662523059, 0.9248546922504731, 0.9288446651120854]","[-23.702065935422507, -22.25826214268427, -21.646619236821316, -20.892060542893375, -20.315548653581683]","[1.0925574966011067, 1.1051289629907188, 1.1050629188614998, 1.1275824199007696, 1.1065644205622431]"
429,"[0.9536694695788127, 0.9529245541544878, 0.9529317662629557, 0.9471832983399985, 0.9527279407676899]","[-25.52604466113034, -24.092971370357073, -23.48131496981133, -22.78166838240121, -22.152514293685936]","[0.2620112540106858, 0.264713373477432, 0.26469086626351973, 0.2724709853110257, 0.26514457865149493]"
430,"[0.9475200383302554, 0.9469379929240198, 0.9469470964056056, 0.9420451756459964, 0.9467603349160079]","[-25.64169180097173, -24.208593610219182, -23.596942678186164, -22.90326936225344, -22.2682596843791]","[0.5912689387945285, 0.5981230010705747, 0.5981093862911967, 0.6062533645809707, 0.5985178231425988]"
431,"[0.943158686853618, 0.9411097823088069, 0.9411132309849337, 0.9343457126653468, 0.9407513467268734]","[-25.278482815225427, -23.866600861710214, -23.254858438789913, -22.603835563995357, -21.929452339532414]","[0.6473100346740794, 0.6370449218593764, 0.6370811373940499, 0.5975978490324901, 0.6348688707603213]"
432,"[0.9574997583415745, 0.9567298711827821, 0.9567421545134516, 0.9516903739507256, 0.9565629555754959]","[-25.379970893310258, -23.947386946019705, -23.335704360081696, -22.641595755252816, -22.007071763985035]","[0.5051857489655766, 0.4763549153462376, 0.4763756810295021, 0.42177558720077296, 0.4728843224227097]"
433,"[0.9438812242751687, 0.9435283834482563, 0.943523114827685, 0.9397077894344052, 0.9434048507743054]","[-25.728861466496973, -24.272468576873656, -23.660850741040818, -22.892868248324593, -22.328074793640695]","[0.3377719835030905, 0.34654810799682223, 0.3465134124827522, 0.37679169154579656, 0.34797076153195106]"
434,"[0.9392333859099606, 0.9386178151400314, 0.9386185944696207, 0.9348192194598054, 0.938443927702117]","[-25.875483254137674, -24.412851369805292, -23.801247916499293, -22.99958646902247, -22.46710240574294]","[0.3520650522222238, 0.3542107260010705, 0.35419994607786714, 0.3332197523816909, 0.35290238365846033]"
435,"[0.9378809741536649, 0.9375583098055457, 0.937563319585777, 0.9348091783901661, 0.9375344258070184]","[-25.806937410862215, -24.35192071997959, -23.74029208115876, -22.9645949337028, -22.407541171673518]","[0.2694275287915806, 0.2752930981079573, 0.27525576813133124, 0.31504275738222115, 0.2762701245007646]"
436,"[0.9397273263843073, 0.9393879202981739, 0.9393947640673596, 0.9365625371289253, 0.9392955161078331]","[-25.46136020174753, -24.022399101961053, -23.410744295758086, -22.6631403403824, -22.08036415585039]","[0.5436605843429343, 0.536319184014174, 0.5363553903655373, 0.5147569163340742, 0.5351068038043716]"
437,"[0.9411200515498712, 0.9403102709897899, 0.940312243823679, 0.9357978664637472, 0.9401099555754848]","[-25.626529986450898, -24.19475316052748, -23.58307693807793, -22.86978017186393, -22.254187967655]","[0.3082373757668159, 0.29948263952576093, 0.2995345565637379, 0.2735383200827773, 0.2979778808823592]"
438,"[0.9400515362697996, 0.9388269373959113, 0.9388358662233064, 0.9344735591918903, 0.9385965524228356]","[-25.440541457927843, -23.872145371675995, -23.260885453531547, -22.115930476326508, -21.907332318811015]","[0.6821969060144865, 0.7622169931209022, 0.7619223638325463, 0.9645142046722878, 0.7776036433023533]"
439,"[0.9355026484142259, 0.9344141971187118, 0.9344164392249098, 0.9289564141590471, 0.9341697480900668]","[-23.99008416992494, -22.661970242114663, -22.049986210586624, -21.639692532497815, -20.73893971245064]","[1.233403020563489, 1.1953253861965576, 1.1954467099355313, 1.083101769546289, 1.1891186328317656]"
440,"[0.9538238679945605, 0.9529649451980843, 0.9529610858926189, 0.948157372972422, 0.9528061508003596]","[-25.596709409173005, -24.167829037680622, -23.55615251001511, -22.878279361956814, -22.2282405770478]","[0.24880014080269697, 0.2455184767151254, 0.24550885384185625, 0.2401556454189555, 0.2449305917313498]"
441,"[0.9478365003373028, 0.9473083984200669, 0.9473222374990808, 0.944045247943798, 0.9471766524054342]","[-25.5194145516033, -24.071318678666632, -23.459697851432516, -22.7192539628095, -22.12838517171062]","[0.358426479334913, 0.36602289744897193, 0.3660010774858141, 0.37109297568780014, 0.3670283004222435]"
442,"[0.9338864030092334, 0.9336769049648627, 0.9336831967952955, 0.9319510213171668, 0.9336044840062482]","[-24.537302335158017, -23.151823569783428, -22.5400203028249, -21.872424696905618, -21.217563408888772]","[0.6067501316233616, 0.5657642732583464, 0.5658826780572411, 0.45952953948038333, 0.5590028970851817]"
443,"[0.9471061509688546, 0.9460699284790121, 0.9460747555887069, 0.9411433956776126, 0.9458564755574606]","[-25.689796330807184, -24.254536905294245, -23.642844762695216, -22.930556310077613, -22.31356616646971]","[0.2679732703816023, 0.27176796023319855, 0.2717693549240182, 0.29621713554836965, 0.27246104617181727]"
444,"[0.943659694353063, 0.9435770026164921, 0.9435960806832149, 0.9412383851678772, 0.9435613209245365]","[-25.753327615145547, -24.28959705087922, -23.678012267209592, -22.87289203081522, -22.343655670469264]","[0.3560759404209266, 0.34871811958278864, 0.3487328531230894, 0.31603202360574334, 0.3474174658918]"
445,"[0.9469223210981723, 0.9467470695831034, 0.9467529935553446, 0.9445671450493872, 0.9467154872101243]","[-25.65015246088921, -24.16600620960065, -23.554489228486492, -22.71168410498807, -22.217077555780968]","[0.2982141662164977, 0.2816613300037497, 0.2816935461228599, 0.2461279310204173, 0.2791400553915309]"
446,"[0.9394420978536263, 0.9392485310652304, 0.9392488371781089, 0.9362553617964372, 0.9392057871304218]","[-25.756453122220666, -24.283786335815172, -23.672205066342496, -22.860178445578452, -22.336710030051822]","[0.29140259815025, 0.2801942560440811, 0.2802165586402768, 0.2508955362216087, 0.2783445694070252]"
447,"[0.939316713840166, 0.9381495170909195, 0.9381471418943556, 0.9328320136371603, 0.9378776442784664]","[-23.95326062841799, -22.44159840886881, -21.830160385238404, -20.896866220346773, -20.487777776762123]","[0.6430233623352685, 0.6616764445688307, 0.6616118324566513, 0.7139027664599794, 0.664699515841155]"
448,"[0.952425900025164, 0.9516253563234, 0.9516221232159978, 0.9455869087482939, 0.9514090342637674]","[-25.503577918940262, -24.085203252462815, -23.473448954971172, -22.823489184154536, -22.14728801787931]","[0.33990503134358796, 0.3321997672798686, 0.3321942654755887, 0.3185560292066014, 0.33115381957755935]"
449,"[0.952167151071852, 0.9513375840931553, 0.9513404691444036, 0.947388147370478, 0.9511641981690308]","[-25.422618213990454, -24.008226525734262, -23.39647636253124, -22.75614278538844, -22.070961153881854]","[0.3648271780307821, 0.3496354379113964, 0.34967021906584456, 0.31906938440365257, 0.3475263349717745]"
450,"[0.9463624251725741, 0.9455865455907871, 0.9455965832792044, 0.9409600193409265, 0.9453924300640617]","[-25.790726802032367, -24.354325150872228, -23.742645893702555, -23.01626695910384, -22.412976676372253]","[0.3950460524952222, 0.39458226959351766, 0.3945953383407589, 0.42109131067144895, 0.39596072675100236]"
451,"[0.9455733945312904, 0.9444486912803733, 0.944454661008652, 0.9387191565438583, 0.9442048489381658]","[-25.66805909021051, -24.237006373564437, -23.625307801316385, -22.932209177968826, -22.296872351840033]","[0.32891922064849777, 0.3338740553822067, 0.33386647535655506, 0.35034110683062053, 0.33472698016356234]"
452,"[0.9506906174735535, 0.9502930781101805, 0.95028757289367, 0.9471653961510049, 0.9502069216494532]","[-25.43449400245275, -24.006726503524643, -23.395026533548528, -22.70643090616292, -22.067056539808938]","[0.4672709706216529, 0.4630639534960317, 0.4630785331886762, 0.44913863715286867, 0.46233587324681236]"
453,"[0.9398988119557558, 0.9379587729913962, 0.9379536122404393, 0.9295436525144921, 0.9375393233309174]","[-25.903614144213282, -24.46301834263466, -23.851402594562423, -23.103314159927155, -22.520819288294952]","[0.3573833604068199, 0.34481592207929174, 0.3448310123850586, 0.29116465824348897, 0.34269366762009473]"
454,"[0.9565609088795956, 0.9556783821142832, 0.9556723023055689, 0.9517109827753336, 0.955499120998822]","[-25.19575028661278, -23.773755403272222, -23.162040412754315, -22.499427220416287, -21.835220299665316]","[0.37059761491358334, 0.37617329893550183, 0.3761691783696849, 0.3968634312472962, 0.3772902872286615]"
455,"[0.9565725992306536, 0.9557783914614736, 0.9557706636678758, 0.9522805530571933, 0.9556352322197308]","[-25.064979664216203, -23.634817745500072, -23.02312070412662, -22.345146537973992, -21.69504960288285]","[0.3855439708099823, 0.3804989394715183, 0.38053718287103594, 0.3589399893488833, 0.3797050252545979]"
456,"[0.9351627417636671, 0.9343407822144041, 0.9343493293777827, 0.9291404923096224, 0.9341267313331874]","[-25.980849592105915, -24.543060064214878, -23.931407421351874, -23.19677155686537, -22.601413643654684]","[0.35371408693226575, 0.3617504187558865, 0.3617149638910641, 0.3773077220109018, 0.36324119950337685]"
457,"[0.9492343642133884, 0.9481172007467703, 0.9481121757215902, 0.9428005216674854, 0.9478881129032234]","[-25.56040924181719, -24.141126820352394, -23.52942121467196, -22.866490779758553, -22.20290340372419]","[0.20712086645128405, 0.19599166073896154, 0.19600213108844877, 0.20712044210729638, 0.1943575229099695]"
458,"[0.949337875467132, 0.9479403355453249, 0.9479509761546054, 0.941823584061841, 0.9476299241347488]","[-25.603395927741452, -24.174636512115857, -23.562924502468043, -22.880354863205596, -22.234965114118552]","[0.42574017173468426, 0.4203417503036202, 0.4203562810314208, 0.39794664568141624, 0.4191801889419005]"
459,"[0.9582994531899752, 0.9574621276289933, 0.9574711132815997, 0.9535979659537326, 0.9572737634611573]","[-25.04868723973559, -23.624362006556133, -23.012639656562467, -22.352201812760057, -21.68558335478038]","[0.19904132168731795, 0.2015011484212606, 0.20149861706258518, 0.20135679945718093, 0.20173365237024846]"
460,"[0.9540190413136366, 0.9537211691827766, 0.9537204061703354, 0.9512617012197125, 0.9536650283817337]","[-25.349759308498754, -23.92325425943874, -23.311558606714396, -22.63112704212613, -21.98388430838134]","[0.29288526476413956, 0.29317679915238243, 0.2931664929170993, 0.31621737192694765, 0.293095731028358]"
461,"[0.9557719639181462, 0.9557149428635536, 0.955721974885804, 0.95391705899585, 0.9556856530456098]","[-25.135439367021167, -23.707899270504498, -23.096201025714542, -22.419597764441882, -21.768461942273184]","[0.3578649176950594, 0.3770410193692996, 0.3770239002416984, 0.4121183102736356, 0.3804398084758627]"
462,"[0.957233179755019, 0.9567780218230618, 0.9567857271831421, 0.9537635279559157, 0.9566580789410306]","[-24.87967894816359, -23.465768211841798, -22.854010604680155, -22.226987255013672, -21.528776091768183]","[0.1112677773831691, 0.11176199244799427, 0.11176202474140429, 0.11355576033270065, 0.1118528229707746]"
463,"[0.9611054319039387, 0.9603989176367328, 0.9604073187931432, 0.9568072308010999, 0.9602752074159382]","[-24.770104843181045, -23.339720567471886, -22.72801089232285, -22.044088397778477, -21.399821639657336]","[0.5561914989145078, 0.5628656714176155, 0.5628591309196598, 0.579118497405926, 0.5640242055546594]"
464,"[0.9603243371517727, 0.9592142322784636, 0.9592222493116431, 0.954849562138155, 0.959005599729686]","[-24.9034422537952, -23.473339004195523, -22.861642086124444, -22.175493535200363, -21.533444298316333]","[0.4927447458082558, 0.5084891794491881, 0.5084523845178857, 0.5472497086980959, 0.5108829898007807]"
465,"[0.9598896277126179, 0.9596939251825946, 0.9596929462776981, 0.956762806304878, 0.9595963331861957]","[-25.09740878988423, -23.677424167557483, -23.065703923761472, -22.40815647811145, -21.73920878601085]","[0.44290278020046414, 0.4240331960961784, 0.4240708043910906, 0.37815021992970616, 0.4207833936856898]"
466,"[0.9598199706930457, 0.9594773067640432, 0.9594817351098857, 0.9566077912756255, 0.9594086809770003]","[-25.036490928407037, -23.623395398499486, -23.011643751048766, -22.37412521010443, -21.68633242160471]","[0.31199142415347697, 0.32122121786715613, 0.32121005825071947, 0.29795481094810433, 0.32290222128092483]"
467,"[0.9624591522217694, 0.9620415117768416, 0.9620501697772457, 0.9588344807881788, 0.961947535331218]","[-24.956470271730325, -23.521396086450395, -22.9097369300191, -22.20158489388168, -21.580557938735353]","[0.28854007501776563, 0.2806202765634063, 0.2806356933805741, 0.26800124306187445, 0.2792530347262905]"
468,"[0.9590227542665609, 0.9583279849775553, 0.9583312880922848, 0.9547403044519365, 0.9581944656877479]","[-25.05332889487009, -23.635420354394792, -23.023695437211263, -22.369793174708317, -21.697508774442234]","[0.26124050327409276, 0.266341636585055, 0.26632915849136735, 0.30397571718677924, 0.26720442948507084]"
469,"[0.958183012079843, 0.9576782563510601, 0.9576709210076607, 0.9551182399623823, 0.9575669486127758]","[-24.658440106584308, -23.238156043783075, -22.62643337853379, -21.983953445449323, -21.300166049734152]","[0.42258514802954517, 0.4189024668281775, 0.41890892080808223, 0.41260247925048565, 0.4180285455186867]"
470,"[0.9609381288153377, 0.9601774602955541, 0.9601758365667442, 0.9572216810874359, 0.9600502527179344]","[-24.77635339148179, -23.349873334637522, -22.738183077571215, -22.045863571281256, -21.4103026492159]","[0.2032768639237725, 0.21451107923162968, 0.21448171992251, 0.22785725000673096, 0.21642217609136924]"
471,"[0.9559826910308067, 0.9556312240332884, 0.9556281431661108, 0.9528432850695239, 0.9555611264508681]","[-25.246359611192787, -23.829781083840153, -23.21804509650624, -22.572535535804608, -21.89216861963727]","[0.3394450421690903, 0.3318491982339539, 0.33189759981434946, 0.3269937438656431, 0.3303128327474986]"
472,"[0.960209069771601, 0.9594842010097072, 0.9594801352409285, 0.9558932236793078, 0.9593550115056899]","[-24.975341306678008, -23.53093680237212, -22.91929879007363, -22.192903757534577, -21.5886901520488]","[0.28607173458398355, 0.29925747852715706, 0.2992238171278488, 0.3353942303997393, 0.30141407689924865]"
473,"[0.9591471228890236, 0.958364278700695, 0.9583639688001658, 0.9550337312914877, 0.9581952222871893]","[-24.81234776558425, -23.36792408250956, -22.756282983921842, -21.98984106602407, -21.42492133630635]","[0.40595932476895685, 0.4232873304931274, 0.4232434123160203, 0.4714858003953372, 0.42637374206647255]"
474,"[0.9587133249644642, 0.9579318265870683, 0.9579325596447392, 0.9536479210898017, 0.9577745913913619]","[-24.92526674694352, -23.516037127728907, -22.90426920413474, -22.28925780487416, -21.579796556856806]","[0.2534296784752154, 0.23105389405921303, 0.23112163309531167, 0.19880857097517635, 0.22762498718908417]"
475,"[0.9603673906452722, 0.9598545498241476, 0.9598532426833255, 0.9567182271248651, 0.9597307833772737]","[-24.428519053112442, -23.020917490677615, -22.409167878872776, -21.803257446289688, -21.085042739306463]","[0.39682269672739995, 0.3862249385335143, 0.38626048862844686, 0.3537983133798545, 0.38451671018770484]"
476,"[0.9584972303320176, 0.9577178728925344, 0.9577167807540988, 0.9547598601275861, 0.9575555098396914]","[-25.154219044051985, -23.73641533790006, -23.12468828446421, -22.47876144701318, -21.79865431756402]","[0.17823858459493397, 0.1791107540767875, 0.17911042978832237, 0.18184945828326018, 0.17925737238311928]"
477,"[0.9573810572188843, 0.9568429888813883, 0.9568519262658847, 0.9537442023923572, 0.9567179262850102]","[-24.97953143171382, -23.551993090983018, -22.940297639763855, -22.2611098517126, -21.612524573875447]","[0.5760730356455994, 0.5741531570018228, 0.574145929891874, 0.5601983239154738, 0.5739316539623843]"
478,"[0.9614098486906162, 0.9610156515741863, 0.9610175558169443, 0.9581684717344433, 0.9609401490068502]","[-25.01838114905159, -23.59359786488463, -22.98187565414728, -22.31427462756697, -21.65463518993494]","[0.22154615774926759, 0.2195838849726493, 0.21959903487802615, 0.26304188053414607, 0.21919139847815117]"
479,"[0.9608357318775722, 0.9598500502754844, 0.9598590064740474, 0.9554846123586765, 0.9596571107436364]","[-24.60412404763951, -23.180950789524687, -22.569217167542774, -21.915734628040493, -21.242430137967172]","[0.6706888291230098, 0.6534695991403388, 0.6535459708699146, 0.5963477513057597, 0.6504017057481616]"
480,"[0.9643839872223577, 0.9634491821243915, 0.9634481036378058, 0.9592004361765515, 0.9632413113308634]","[-24.935568646370296, -23.522402412535715, -22.910679442093507, -22.27636749060372, -21.585399278307356]","[0.5012434456746855, 0.4850651238157308, 0.4851239207056423, 0.440437443995846, 0.4822535444205167]"
481,"[0.9605307127356925, 0.9595593888159536, 0.9595603563066583, 0.955833872764337, 0.9593891706505776]","[-24.874941251033874, -23.444557405844765, -22.83286244823261, -22.15372387178677, -21.504766430349047]","[0.42266873325731946, 0.4270353506659202, 0.4270444367626696, 0.3999811391676877, 0.4279561864568263]"
482,"[0.9625873854197682, 0.9621420001778077, 0.9621461653930872, 0.9595265613451495, 0.9620302290027787]","[-24.65817844185979, -23.234583081241333, -22.622869404265813, -21.96244411230507, -21.295896006557268]","[0.44270035768509314, 0.4470890361100911, 0.4470688184640788, 0.45829466233421723, 0.44776899526933184]"
483,"[0.9635228498952981, 0.9629914688660222, 0.9629899336485437, 0.9591163404486148, 0.9628382111065661]","[-24.921297479473846, -23.52235346853623, -22.910576548204457, -22.321209502525445, -21.58778041527606]","[0.3110701017231265, 0.31634427897560835, 0.3163214842537845, 0.3213072043399868, 0.31723206110152347]"
484,"[0.9612514650168692, 0.9607464380580041, 0.9607518128412533, 0.9580405030889747, 0.9606479803274324]","[-24.837687065708487, -23.40908905786097, -22.797397010452844, -22.11759472309955, -21.46948904287467]","[0.3909108370675641, 0.38864038845983095, 0.3886328377249308, 0.3594415220820809, 0.388923531440157]"
485,"[0.9572280170231044, 0.9568374418486342, 0.9568411714861308, 0.954674744805255, 0.9567655597615312]","[-25.037796837805296, -23.6191023093912, -23.007372832941485, -22.342471867697647, -21.680918152474856]","[0.47054480671953125, 0.4652605860309383, 0.46529554594644496, 0.44569635396242363, 0.46441623859513853]"
486,"[0.9634240319255073, 0.9630629536559194, 0.9630609846441465, 0.9602235822315857, 0.9629689979718996]","[-24.942920408314073, -23.516235337066533, -22.904531016364803, -22.23397390439393, -21.57701691610442]","[0.38669645953228904, 0.3708995488388384, 0.3709528936609741, 0.3240553693336124, 0.3673509272038726]"
487,"[0.962138421763138, 0.9616373865207541, 0.961642677020261, 0.9590355591563615, 0.9615341428459502]","[-24.798440883611143, -23.363181223108192, -22.751512793022, -22.061422741649086, -21.422630500214936]","[0.49228656798451415, 0.47521380726435813, 0.47526592909755744, 0.4145805912958561, 0.4725270368278865]"
488,"[0.9619504352390823, 0.9616013396596281, 0.9615956738022623, 0.9581025013486263, 0.9614861642012152]","[-25.032955996661947, -23.614949384098118, -23.003222372710006, -22.354402239447282, -21.677117475240408]","[0.25226990089166634, 0.24883729946826538, 0.24883640619464373, 0.23886829865409304, 0.24829486306145704]"
489,"[0.9650050617848993, 0.9641666879597871, 0.9641669440471972, 0.9605400285105138, 0.9640100695859096]","[-24.62852176204248, -23.195797610666023, -22.5841107764679, -21.884358705921482, -21.255348700752574]","[0.4881691791528691, 0.4953503395539, 0.4953040838432531, 0.5006075311575827, 0.4965922792450779]"
490,"[0.9613517056245392, 0.9610837193024875, 0.9610831846279113, 0.9587041968037471, 0.96101634515816]","[-24.76396440602381, -23.34010200421049, -22.728384581173643, -22.066082388842755, -21.401348941530333]","[0.3399118003086236, 0.33826788414521886, 0.33824921521615187, 0.3513043701978141, 0.33868448732023754]"
491,"[0.9592087122620319, 0.9586899030299493, 0.9586945131586717, 0.9561782662716872, 0.958578813362239]","[-24.875568535101266, -23.456384872698028, -22.844657736187003, -22.185118912007265, -21.51821775725068]","[0.31142218351718826, 0.3081976192273573, 0.30820811157870937, 0.282586424682117, 0.30761361651728236]"
492,"[0.9627660461104126, 0.9619750125565508, 0.9619793868522615, 0.9587667209553452, 0.9618083722583552]","[-24.769642341166268, -23.338630729798318, -22.726958747139122, -22.027313719194236, -21.398415377992514]","[0.37460703471983653, 0.3685502617655169, 0.36857187099646943, 0.39846377099768304, 0.3681765233408156]"
493,"[0.9622108533405962, 0.9616092313051094, 0.961597763688018, 0.958679892577418, 0.9614825878421225]","[-24.49982772998443, -23.061048234300845, -22.44938143721446, -21.745455678468463, -21.119828527019177]","[0.4314142429298628, 0.44336749951615795, 0.44329221062736407, 0.4801768668510057, 0.4459169984009416]"
494,"[0.9615109601385284, 0.9612676693229626, 0.9612693418839591, 0.958217010801398, 0.961216158753538]","[-24.69915011185929, -23.282095870239345, -22.670381754661257, -22.026257863825396, -21.34446901391927]","[0.21890207759592276, 0.23775605345767595, 0.2376989971749953, 0.29439927538092786, 0.24092482616028987]"
495,"[0.9611906526795019, 0.9605979124886332, 0.9606003967254596, 0.9571053504255863, 0.9604812620823419]","[-24.879323639087577, -23.446794776861253, -22.835110015812543, -22.123969730503227, -21.506173634112255]","[0.3930674784705745, 0.423090164080517, 0.42297692022524225, 0.5197296560150905, 0.42941397815240184]"
496,"[0.9616034772211454, 0.9609696484266727, 0.9609720343060746, 0.9579424560601916, 0.9608373383275316]","[-24.6535327650893, -23.2408532853655, -22.629116196171307, -21.98186575410951, -21.303682983352086]","[0.1855999588397307, 0.19652482837850108, 0.1965008932890685, 0.23885787560813387, 0.19815982675995966]"
497,"[0.9613021873527232, 0.9607602878359384, 0.9607726459574939, 0.95788858673813, 0.9606398896931732]","[-25.046376179623024, -23.62121822542923, -23.009533009840602, -22.328498123376924, -21.68200963133043]","[0.22312821136221947, 0.2431203479733424, 0.24303369851640455, 0.3080942249960013, 0.24794423009522473]"
498,"[0.9618980897908298, 0.9614940486378898, 0.9614934390407642, 0.9583003702411473, 0.9613934571882258]","[-24.918615568260865, -23.497782927080433, -22.886063712685043, -22.227011331703658, -21.55944030167836]","[0.31062499359371365, 0.30111804851755675, 0.301163342776965, 0.31768273380496637, 0.2999836330494767]"
499,"[0.9610739522858712, 0.960873312187288, 0.9608791052576864, 0.9590866255902002, 0.9607943191951147]","[-24.49765559298495, -23.07209986927136, -22.460404021962074, -21.791828602176412, -21.133050200705515]","[0.6449616517202641, 0.6429479841711087, 0.6429679483964624, 0.6342904481067563, 0.6424112019741268]"
500,"[0.9603602012923309, 0.9599695448241524, 0.9599674797289779, 0.9571857816159065, 0.9598771882674663]","[-24.770682799506385, -23.351206073623697, -22.739494707760173, -22.08572865213193, -21.41312705663074]","[0.4590672213766714, 0.47132624312771393, 0.4712883728717338, 0.5050758137764995, 0.4733331034435507]"
501,"[0.8955108920608932, 0.8948177225059709, 0.8948188842955921, 0.8969375030594937, 0.8948321767590282]","[-22.948109085112733, -21.353065608874363, -20.74208740368291, -19.17702236307604, -19.37165104847117]","[0.7321920926811326, 0.7334525293910533, 0.7333715834555093, 0.8595998612289032, 0.7376863953230605]"
502,"[0.896760815070949, 0.9001102384022095, 0.9000961768199869, 0.9148702228342368, 0.9009834096053231]","[-22.566152022787616, -21.0274380123249, -20.416178655760163, -19.1531573179869, -19.062200233360063]","[0.5488724189179438, 0.41622488840902705, 0.41654359071209623, 0.2684113740261381, 0.3986962280362757]"
503,"[0.9439905111802354, 0.9435228528299952, 0.9435171188461063, 0.9406654815531462, 0.9433865365355804]","[-25.36162857379367, -23.930384995337633, -23.31871578254305, -22.6422128877476, -21.990556602211292]","[0.44127117573401087, 0.4408377674910345, 0.44082106048371744, 0.4330683906161635, 0.44086631137009347]"
504,"[0.9529883631426042, 0.9525960008971098, 0.9525873771806654, 0.9500285234111228, 0.9524851154305417]","[-24.47674305765247, -23.01877007265491, -22.40717312122836, -21.656993349297753, -21.07454149150184]","[0.45052312481807194, 0.4500674354991357, 0.4500725076593199, 0.4483835643564241, 0.4499828740053484]"
505,"[0.9502192949824584, 0.9498032623737637, 0.9498050968939854, 0.9473282130603549, 0.949706911019498]","[-25.28189223295775, -23.860433826127323, -23.248715711947867, -22.591437591843526, -21.922051614095732]","[0.37684465496325115, 0.3634683406172952, 0.3635425507617802, 0.31940243013255776, 0.36018380292571717]"
506,"[0.9545954541125085, 0.9541978278662238, 0.9542023194114831, 0.9516177830061432, 0.9541125389500028]","[-24.793080032901617, -23.364878545212353, -22.753171660456168, -22.082901524408797, -21.425486104506327]","[0.749342683402963, 0.7634630859364243, 0.7634170512894204, 0.7942435990928867, 0.7658351590560526]"
507,"[0.9538095038566611, 0.9534521295661006, 0.9534534980846673, 0.9517513728955099, 0.9533765403679912]","[-24.995291329319592, -23.55515811031218, -22.943503468890427, -22.239423302163303, -21.6137863344606]","[0.39665132908354744, 0.41918939639072, 0.4191374744316164, 0.44916643965969694, 0.4218244543539556]"
508,"[0.954784466047288, 0.9546052038765087, 0.9546061799271729, 0.9532120829913793, 0.9545547859519049]","[-25.12380711469705, -23.696615284778467, -23.084914528864964, -22.41235999153757, -21.757305002851446]","[0.4469906813424919, 0.448259447558904, 0.4482506119596108, 0.445757629028879, 0.44814126200050014]"
509,"[0.9549184673944335, 0.9550273453619018, 0.9550299557156942, 0.9527465588191757, 0.9549932471537032]","[-24.59515872788129, -23.16468099510088, -22.55297695169053, -21.86536231054402, -21.224713779748065]","[0.48097507888608415, 0.478611871650468, 0.4786223492210719, 0.486806203409767, 0.47814172084994505]"
510,"[0.9541261648705132, 0.9537977878813226, 0.9537987576775072, 0.9519229231034476, 0.953718757735694]","[-25.11864106626955, -23.69585654116202, -23.084148201397333, -22.430565902241867, -21.75740031625961]","[0.3573503616944764, 0.34365842866517343, 0.34369646587222036, 0.3106427742171069, 0.3416210418407576]"
511,"[0.9553412441330256, 0.9548606194901069, 0.9548609483714661, 0.9524201273840193, 0.9547488418087581]","[-24.808186464660945, -23.374347985633925, -22.76267662063716, -22.068072450110826, -21.433876327810818]","[0.3664980184413269, 0.36833836550276167, 0.36832434596265723, 0.3827739694981219, 0.36838340013693616]"
512,"[0.95432543235098, 0.954028623539364, 0.9540272243386735, 0.951798929560015, 0.9539649877324616]","[-24.88363865462322, -23.449455748235245, -22.837758263152974, -22.155870436402534, -21.509167912052167]","[0.31164886487153065, 0.30486715045566387, 0.30489402712289343, 0.28816338878672854, 0.30376352464320244]"
513,"[0.9549694167968916, 0.9546874234885683, 0.9546900960715075, 0.9532498727670764, 0.9546314339077947]","[-24.761764083247968, -23.312706796325735, -22.701053811786032, -21.971086839874072, -21.369843469623184]","[0.3147872430747076, 0.3042203548575404, 0.30421568181953135, 0.29377068687916763, 0.3036437276912055]"
514,"[0.9518928901600585, 0.9516344252971588, 0.9516278628683633, 0.950202670084479, 0.9515802557420083]","[-25.029243708286494, -23.602412567651907, -22.990732526313852, -22.324080794152167, -21.66327302525218]","[0.36476859416437174, 0.35790051680801127, 0.3579372876625464, 0.34927102828895906, 0.3567657233815381]"
515,"[0.9556285432775523, 0.9555393648669792, 0.9555358070520883, 0.9542553754016745, 0.9555029449775794]","[-24.725637360261015, -23.295823970041003, -22.684123099215316, -22.004185185871698, -21.356065332963183]","[0.26297917357154904, 0.2654342191727734, 0.265448015570343, 0.2538904543037519, 0.26545259834161056]"
516,"[0.9552380860923874, 0.9549416301428871, 0.9549385050317463, 0.9532934656406851, 0.9548885166274073]","[-24.794013800390864, -23.342549604559704, -22.730921993862854, -21.988748637197208, -21.399211424396153]","[0.37695442238820986, 0.3949278318301235, 0.3948760082577175, 0.43946431529465346, 0.3978355688885653]"
517,"[0.9576379457880826, 0.9571608334826358, 0.9571737431889158, 0.9544903540948951, 0.9570403316741175]","[-24.783105954467178, -23.338641172429124, -22.72701274789796, -22.00211067281197, -21.396410493682545]","[0.35653557084089954, 0.3743348627188456, 0.3742911067770509, 0.40173865532699216, 0.37730929465222773]"
518,"[0.9576762323743232, 0.9573057515019624, 0.9573035795468148, 0.9549108536341373, 0.9572132185662793]","[-24.081390736789903, -22.644347358241117, -22.032681393752494, -21.352756114122297, -20.703775590567087]","[0.823084638791008, 0.8127045000043409, 0.8127441657302202, 0.7772030204525706, 0.8104913509283681]"
519,"[0.9576373814247303, 0.9571170242664925, 0.9571150863188375, 0.9544692450701633, 0.9570082458434068]","[-24.819472994003817, -23.357087285582363, -22.745495082441135, -21.973194198660376, -21.411940497243243]","[0.378368898934482, 0.37609552794953566, 0.37613848171941444, 0.3732304681806747, 0.3757590993589607]"
520,"[0.9562775772750647, 0.9561293634983657, 0.9561348710740146, 0.9546861437911726, 0.9561073031026545]","[-24.84732263676583, -23.399726404543287, -22.788082967867247, -22.066707812729064, -21.45719132078141]","[0.5451892496228462, 0.5527360051164599, 0.5527208155247053, 0.5576470382333276, 0.5539800249598094]"
521,"[0.954145224248133, 0.9536970734143493, 0.9536946597636243, 0.951537113536163, 0.9536032864589937]","[-24.544010891829306, -23.07953713591598, -22.467947929203508, -21.696235404076173, -21.134170998047857]","[0.4281632591808749, 0.44234957915646667, 0.44230431540237064, 0.4812333498737572, 0.44465047604978714]"
522,"[0.9248232135844657, 0.9243233356448207, 0.92432643203351, 0.9221128034189903, 0.9242584024752577]","[-22.897947404182805, -21.3994509189701, -20.78796394404033, -19.912488423842532, -19.44827909437083]","[0.3817649969379468, 0.3815043127841358, 0.38151052313880746, 0.3808004946683244, 0.38118159711003613]"
523,"[0.9594255109036276, 0.9582401601446886, 0.9582402983542619, 0.951866548591214, 0.957986560629857]","[-24.87344243035236, -23.44154701214432, -22.829853366250845, -22.152978425108603, -21.501595872265206]","[0.38143330280764004, 0.3769403737546789, 0.37695508800224253, 0.3588367125366471, 0.37612954625073886]"
524,"[0.9567523706914761, 0.9557090972452826, 0.9557214521822852, 0.9514917869730019, 0.9555006874275953]","[-24.672141259750763, -23.23036307813531, -22.618706105216862, -21.91997112318775, -21.288915679511845]","[0.1938030682757357, 0.2013490211151593, 0.2013273182248515, 0.22292311407836463, 0.20259310318664966]"
525,"[0.9484142929987118, 0.9467935178660626, 0.9468021838739398, 0.9420063430319631, 0.9465293124276848]","[-24.55571728512721, -23.130256411863698, -22.518544409200043, -21.851012109516308, -21.191227710890878]","[0.3544142702133641, 0.36039831155245367, 0.3603707278455917, 0.349561187282603, 0.361146230645101]"
526,"[0.9557365774128905, 0.954516750329041, 0.9545261072175589, 0.9493550789279384, 0.9543035243606646]","[-24.79419238620178, -23.35553873153223, -22.74386828185633, -22.042710415968386, -21.414387817085]","[0.19819618659819027, 0.19077395918928805, 0.19080067710706963, 0.17177190413755986, 0.1890634292496015]"
527,"[0.9609434599937855, 0.9601623525772581, 0.9601664179684792, 0.9561484900657455, 0.9600075216126863]","[-25.018946513074418, -23.586775664242342, -22.975090501566775, -22.277610060538922, -21.646455717577105]","[0.48199800946350235, 0.47373211967409884, 0.4737471058185579, 0.4662716056032658, 0.4723075721458847]"
528,"[0.9599173072311437, 0.9594366387803971, 0.9594390697591648, 0.9557749393362323, 0.9592982664132529]","[-25.145247246842853, -23.715106378920257, -23.10342191447439, -22.432987022938086, -21.77549394388464]","[0.44140295000345625, 0.4343002045746239, 0.43437097661223517, 0.4140441967598401, 0.43308484684078363]"
529,"[0.959765335209028, 0.9590810902978981, 0.9590929944872136, 0.9553288603196808, 0.9589502607276811]","[-25.053673259518206, -23.608992749614263, -22.997321320396377, -22.27750872581015, -21.66680985896855]","[0.202994291470106, 0.20531169462539856, 0.20530997114166175, 0.21028941083922417, 0.20550158073861546]"
530,"[0.9619240477904644, 0.9613413383110924, 0.9613500351950438, 0.9568167545286509, 0.9611844595737331]","[-24.976394436803467, -23.550453951460245, -22.93873526267171, -22.27425355750563, -21.611415052934305]","[0.4347916662290634, 0.4248538748740978, 0.4248730428688817, 0.3998550604988407, 0.4232793223553755]"
531,"[0.9630178335380857, 0.9620575345939903, 0.9620664635818656, 0.9579811317130447, 0.9618854696070733]","[-24.896479147593638, -23.466389499930223, -22.85468797746083, -22.17810039463269, -21.52666466181035]","[0.4910570048785094, 0.48604093168108164, 0.4860552204317668, 0.4550710593702169, 0.4850208956293246]"
532,"[0.9637984908693137, 0.9635223173573987, 0.9635259578120854, 0.9601753660173489, 0.9633778120962062]","[-24.591556172112526, -23.139072335490603, -22.52744385326142, -21.79199095436551, -21.195723819638914]","[0.4475659736887218, 0.4660439618445738, 0.4659988341449553, 0.5135767205974341, 0.4691027866109069]"
533,"[0.9623362382108694, 0.9616465406417412, 0.9616461649712995, 0.9582992672060971, 0.9615195756552879]","[-25.122457850136723, -23.684259783428562, -23.072575745686123, -22.37833740172228, -21.743275874424924]","[0.45435496607192644, 0.44461143020956817, 0.44461664671544876, 0.43261242476781736, 0.44382836803110487]"
534,"[0.9629803236823211, 0.9624561080505916, 0.96245061949948, 0.9586843769617536, 0.9623141512872021]","[-25.076564062576406, -23.659377319790305, -23.04763777721063, -22.40125337667275, -21.72168271368215]","[0.28921132459054866, 0.2992212456549105, 0.29920204278835966, 0.3045356860256606, 0.3005769921959188]"
535,"[0.9642169075713105, 0.9636571042671171, 0.9636590270209383, 0.9602185115341432, 0.9635206936443722]","[-24.84964456918483, -23.409698686760866, -22.79803774181848, -22.09243841542202, -21.468334218301877]","[0.27234634783172595, 0.27547039986867067, 0.2754555362765798, 0.2800212845690128, 0.2761076176615249]"
536,"[0.967073207172566, 0.9663731699313566, 0.9663780424952525, 0.9627433283259458, 0.9662381477918497]","[-24.35568491578824, -22.89573837120872, -22.284138837737515, -21.50534242451604, -20.950748906627258]","[0.3358552335805164, 0.3518250801288706, 0.3517870049257971, 0.38538951536089017, 0.3544770875188935]"
537,"[0.9641771500967005, 0.9635923148847069, 0.9635940520055566, 0.9603324443062378, 0.9634679914922895]","[-24.80452251192132, -23.387241332808884, -22.77551269176858, -22.135729407179348, -21.449645474433318]","[0.5508057787089815, 0.5270344713870734, 0.5271154804009284, 0.4550794692407938, 0.523116758226994]"
538,"[0.9650442711799014, 0.9646706193623589, 0.9646762970287122, 0.9615685540337385, 0.9645519326377294]","[-24.5232875205889, -23.088239349136767, -22.476556904269543, -21.777331206732306, -21.14753727859831]","[0.6885931719285782, 0.6901271670300788, 0.6901208798062541, 0.6266712215494006, 0.689733577227786]"
539,"[0.9651326990620576, 0.9642594817878126, 0.9642699448814464, 0.9597041345823176, 0.9640814895735794]","[-24.533312922051586, -23.079696702763783, -22.468069369372426, -21.728459868721995, -21.136139833721455]","[0.32805311802875015, 0.31723428756473765, 0.3172584335761286, 0.2892756108681499, 0.315512343340097]"
540,"[0.9642544056134686, 0.9637678295580603, 0.9637703218265903, 0.9599836011040901, 0.9636601212476221]","[-24.466438604795375, -23.01445584514683, -22.402836660554104, -21.649174175767524, -21.07084182671739]","[0.6710556951361009, 0.6630657118635876, 0.6630762855101386, 0.6348102273174384, 0.6607259050429548]"
541,"[0.9635376941101021, 0.9627340726479986, 0.9627369333511236, 0.9587672826507191, 0.9625704558459626]","[-24.81316310355301, -23.383768509998117, -22.77206646762652, -22.092589110186474, -21.444061926875396]","[0.37010244578448204, 0.3713085208192172, 0.3712977786554706, 0.37852943071710804, 0.37146135880070624]"
542,"[0.9626935904196515, 0.9624401949266087, 0.9624346190649884, 0.9594085003533391, 0.9623489572612989]","[-24.801555316787134, -23.360516190272058, -22.748863008564076, -22.041256125225964, -21.418984705622563]","[0.5610894101019409, 0.556598986730744, 0.556623489491031, 0.5291848686052631, 0.5558904878977736]"
543,"[0.9650015184351985, 0.9641585041327093, 0.9641540835746144, 0.9601189332930282, 0.9639783970061669]","[-24.862518903563547, -23.41617771748965, -22.804547358245355, -22.070205239446484, -21.47356355110261]","[0.4224411922526941, 0.42179851367730997, 0.4217988600715707, 0.4105447064114163, 0.42162682883739644]"
544,"[0.964029142392874, 0.9633432230680076, 0.9633519067482894, 0.960177829366055, 0.9632040117436911]","[-24.723088663061127, -23.275183010714006, -22.66355432316079, -21.94222114176312, -21.332628651752227]","[0.12255766595233752, 0.1175574730446043, 0.11757299359741759, 0.10863353664638269, 0.11680335949654165]"
545,"[0.9639165684973271, 0.9633227539438962, 0.9633324783931747, 0.9583820599494733, 0.963131953036593]","[-24.288709456049016, -22.83917382148111, -22.227538920533565, -21.47966676287035, -20.895927205555125]","[0.3489379062222675, 0.35861924431985626, 0.35857349479156486, 0.3869292583581802, 0.3603149593483943]"
546,"[0.9611560430942719, 0.9606141367515512, 0.9606215592202618, 0.9573267293629895, 0.9604916331239672]","[-24.855729059137726, -23.414721186077376, -22.803064444350344, -22.07729204290412, -21.47286951913421]","[0.1931651264404039, 0.19524238392631085, 0.19523705805322214, 0.22787319559219832, 0.19559837708427305]"
547,"[0.9648321730442647, 0.964334416038215, 0.9643394143225068, 0.961129292416034, 0.9641995509929956]","[-24.644538105852856, -23.181613552635124, -22.570029731140334, -21.7826164512265, -21.236121617189585]","[0.3406351603798003, 0.37396464064808593, 0.3738638317121749, 0.4509975512838718, 0.3796733865022512]"
548,"[0.9630496043453284, 0.9620442472490581, 0.9620539117887865, 0.9577294719102947, 0.9618654387631801]","[-24.670873962548395, -23.22848307020029, -22.61682585427627, -21.910016514286237, -21.286808771731728]","[0.37985228194897175, 0.3719692966694472, 0.3719926559307861, 0.34788669397999106, 0.3706822702985142]"
549,"[0.960680767618091, 0.9598167527309328, 0.9598169954637898, 0.9559878754385213, 0.9596374532048222]","[-24.90934375019175, -23.486541835532346, -22.874828830768486, -22.214515369561937, -21.547964534644983]","[0.44439407731327213, 0.4306883923844682, 0.43070650956808354, 0.391880355610921, 0.4284231113962157]"
550,"[0.9626969195508476, 0.9627695330235412, 0.9627713136995886, 0.9598005886306705, 0.9627298742733253]","[-24.46987270950505, -22.983526306413662, -22.371993743291295, -21.52553333144175, -21.034267995763116]","[0.3061212243682855, 0.31634470842761825, 0.3163145650637193, 0.36697334684482785, 0.31800488208523164]"
551,"[0.9614614814764365, 0.9610498937175532, 0.9610529494402412, 0.9581754413369034, 0.9609635934508313]","[-24.511447036383295, -23.057401627137256, -22.445780664382813, -21.71337389070453, -21.11393188657993]","[0.5167348910843995, 0.5351266145904892, 0.5350794818839048, 0.5860846760265086, 0.5381918213978355]"
552,"[0.9633479710266768, 0.9624622249653705, 0.9624675499029738, 0.9586629160574084, 0.9622934663218112]","[-24.430973196341604, -23.003918897131292, -22.392224339119565, -21.731615723462628, -21.064823589926615]","[0.7865909029515471, 0.7833778020859865, 0.7833604189369754, 0.761375529643189, 0.7828691914052043]"
553,"[0.964516801180211, 0.9643418672325644, 0.9643476393223872, 0.9621824289564354, 0.9642744801337055]","[-24.727182649220364, -23.270362051479342, -22.65877560870661, -21.88348440867007, -21.325792894892455]","[0.3855259158838936, 0.40021108566784064, 0.40018406813038593, 0.48959081102774377, 0.40274674279813827]"
554,"[0.9675159923314911, 0.9669768306855164, 0.96699165802843, 0.9636472344375412, 0.9668663379810178]","[-24.796540907099555, -23.37712196676085, -22.765401725877332, -22.10687150719839, -21.438961685579642]","[0.3699228314056434, 0.3721536463074258, 0.3721178107125637, 0.39848112591242035, 0.3736305111759054]"
555,"[0.9614088647395331, 0.9606300595286997, 0.9606341937917644, 0.9575349798854078, 0.9604849193586517]","[-24.606052111758434, -23.15684243100245, -22.54520625421877, -21.80527046001606, -21.213790815331503]","[0.365067191644766, 0.3282100879532464, 0.32831457202342834, 0.2750730078357796, 0.32275061211548434]"
556,"[0.9648906847029809, 0.9635587647591116, 0.9635688836905635, 0.9591503681755664, 0.9633438116297004]","[-24.1245805549112, -22.622432280947756, -22.010972137763467, -21.10184119797968, -20.670159676290126]","[0.5449421173094674, 0.5523265649561477, 0.5523048971971805, 0.5745775706085198, 0.5536062098294786]"
557,"[0.9671807735625981, 0.9662058621452625, 0.9662068283224887, 0.9615946163185777, 0.9660102887296953]","[-24.294106549494018, -22.816572598088456, -22.205026875388754, -21.403399775611465, -20.86918135266744]","[0.2652677576568304, 0.2683742440763013, 0.26836600174005104, 0.29450299492334137, 0.2689723603906788]"
558,"[0.9630809002485905, 0.9628090806746558, 0.9628089884423128, 0.9599770246623883, 0.9627470113006721]","[-24.997398920555696, -23.566541154979916, -22.95486129989496, -22.2774145098292, -21.626722364888817]","[0.33469577949166657, 0.33073524078588085, 0.33073801934230646, 0.33558049962744124, 0.3301376332798358]"
559,"[0.9630826322147004, 0.9625602041806162, 0.9625656815284425, 0.9594542389946734, 0.962438921326639]","[-25.004455170604064, -23.570486320624827, -22.958804071953978, -22.27015176825767, -21.630116844152617]","[0.2726464509556371, 0.28698197180371277, 0.28692162684285444, 0.3326677392602767, 0.2895602842381971]"
560,"[0.9629457252595941, 0.9626817750371364, 0.9626841860824847, 0.9600167878742271, 0.9626098653138914]","[-24.564948116651156, -23.11415945757681, -22.50251837272205, -21.747252584535566, -21.170631603704585]","[0.5038828742160172, 0.47515776868448967, 0.47524163096536187, 0.40319908411882394, 0.46996791176119895]"
561,"[0.9633103749867707, 0.9628855615086859, 0.9628920956884526, 0.9603258567429991, 0.9627880080994179]","[-24.72916346559816, -23.31366326169309, -22.70192868084403, -22.05906685009831, -21.376225694583265]","[0.3700786713309414, 0.3652937434205772, 0.36531750798952883, 0.3698229855381344, 0.36444474767385016]"
562,"[0.9635053783177834, 0.9630384811006696, 0.9630425699305251, 0.9598186171653332, 0.9629192935296985]","[-24.74571815211712, -23.300138462786062, -22.688503540447257, -21.966413073930383, -21.357825955668954]","[0.3591373397898919, 0.3571161567649839, 0.35713325455280626, 0.3506683636766331, 0.35679253502329855]"
563,"[0.9649523426211077, 0.964442724344503, 0.9644395957247305, 0.9607568705648589, 0.9643033978719704]","[-24.590178544169518, -23.14134705382306, -22.529715259393754, -21.777603207980636, -21.198105990368703]","[0.41275758288588965, 0.4321164114121079, 0.43206084459772487, 0.5136519140314466, 0.4353340499428937]"
564,"[0.9667705613948094, 0.9662793043856703, 0.9662782898360127, 0.9632278617885571, 0.9661873636429501]","[-24.231367071102632, -22.75810165359401, -22.146523566981777, -21.34825690920929, -20.81123799297788]","[0.3908366443335129, 0.38475140863408724, 0.3847562679665187, 0.36393951771177346, 0.3838186353578347]"
565,"[0.963731339168077, 0.9632012313445041, 0.9632077578803522, 0.9600784026835488, 0.9630726101601088]","[-24.60050842663797, -23.168306682599063, -22.556619353068275, -21.864143343050603, -21.22805751646596]","[0.17567492230524145, 0.17660721638961074, 0.17660283569436408, 0.18646808477081708, 0.1771867861690354]"
566,"[0.9680373015840344, 0.967435189254756, 0.9674361251484386, 0.9634539091197284, 0.967300520738964]","[-24.44837657199746, -23.009737439599718, -22.398066733526402, -21.701952041964873, -21.06867768260951]","[0.14903514225870262, 0.14709174006136166, 0.14709549622316634, 0.14427918289530026, 0.146772709986769]"
567,"[0.9613285639386088, 0.9608963525036163, 0.9608943344762423, 0.9585281749932697, 0.9607748562203947]","[-24.626932689353566, -23.160904545751798, -22.549326464302407, -21.747467098493733, -21.2147747948082]","[0.46622733976598113, 0.4654225837730294, 0.46541985033927286, 0.45617880492292473, 0.46518248535604345]"
568,"[0.9638604351537602, 0.9635998082450329, 0.9635988137071603, 0.9613103989822965, 0.9635350753139118]","[-24.249083701906038, -22.788946222072184, -22.177339460894974, -21.421702795761647, -20.844358569165117]","[0.3974599484612908, 0.42233092404886513, 0.4222519860298649, 0.4874319962084838, 0.426434995979941]"
569,"[0.968732347386721, 0.9683151145086953, 0.9683190365009176, 0.9649092181555708, 0.9682130705056592]","[-24.094830034913613, -22.652494348434587, -22.040841625806834, -21.33714317404639, -20.71088508631814]","[0.6012162896919557, 0.5917044452490882, 0.5917277535015105, 0.5645427846031806, 0.590020572821708]"
570,"[0.9680412138852664, 0.967538499956448, 0.9675374545133355, 0.9639528114023743, 0.967412023291846]","[-24.59454240223297, -23.14557227149621, -22.533946109137563, -21.76617843733961, -21.202015887060547]","[0.2657347873507094, 0.2737599175512768, 0.2737439468692194, 0.31289261092806486, 0.27535997311084864]"
571,"[0.9671554598322245, 0.9666565316676089, 0.9666542507856201, 0.9630900014367635, 0.9665106994973801]","[-24.55753689708812, -23.112333838988206, -22.500660567358494, -21.788807416003824, -21.170228458304432]","[0.42679624125617177, 0.42891540543708495, 0.4289157069447209, 0.432948449848894, 0.42924289067865623]"
572,"[0.9664416224386946, 0.9659238335520188, 0.9659251420022523, 0.9623268074747265, 0.9658191864722847]","[-24.336934007313427, -22.895302631155918, -22.283631715762514, -21.57252300719632, -20.953623243116915]","[0.3443506643706691, 0.32755442392179324, 0.3276034101134454, 0.27957415676690434, 0.3248989541864853]"
573,"[0.9654583163833415, 0.9647302682489342, 0.964738308809689, 0.9607130558632954, 0.964561764366947]","[-24.176134541269093, -22.72617970057144, -22.114546325672475, -21.37935750911633, -20.783129553986967]","[0.5709738389630548, 0.5775195756205453, 0.57750600068511, 0.5783838382100815, 0.5785414277329828]"
574,"[0.9682989047792391, 0.9675797030283253, 0.9675841855520699, 0.9638945289098318, 0.9674049285611775]","[-23.845098008114316, -22.41497425588083, -21.803274214400187, -21.133991726469706, -20.475377412579455]","[0.2617125851127231, 0.23863551937124092, 0.23870029292080336, 0.19491896725275468, 0.23543579804013842]"
575,"[0.9678731878775193, 0.9675334075635089, 0.9675341620062572, 0.9647325477914568, 0.9674403812747758]","[-24.227124584843008, -22.772037142379695, -22.160417493724403, -21.41963607758324, -20.82829456705944]","[0.4678769227320786, 0.471497008680476, 0.47146828252407097, 0.505965745230708, 0.472926164771985]"
576,"[0.9696553464885612, 0.9685686116690532, 0.9685772762711315, 0.9636901477173077, 0.9683526194908108]","[-24.329311556455487, -22.89230293623558, -22.280619793638756, -21.571562131681226, -20.95118992405611]","[0.3969089615354184, 0.4058276007221744, 0.4058127613889975, 0.3596980823407151, 0.40743542777183267]"
577,"[0.9669028787301073, 0.9656247762195077, 0.965625835210884, 0.9599638949529279, 0.9653549183071132]","[-23.90433227687035, -22.443318653903454, -21.83171296527968, -21.068472812737127, -20.498489264175745]","[0.3644995521362459, 0.3499358418389159, 0.3499879284450758, 0.32268526141887094, 0.347293400237945]"
578,"[0.9658958308724803, 0.964897437823902, 0.9648976345386397, 0.9602552317101137, 0.9647084059009525]","[-24.575917361956822, -23.136752319583785, -22.52508722062703, -21.831143841036457, -21.19567720303008]","[0.20662367622893632, 0.20536493639881717, 0.20536845342635626, 0.200998808721869, 0.205157966910387]"
579,"[0.9641314272879461, 0.9632562194110188, 0.9632675435818664, 0.95942589463015, 0.96308352515632]","[-24.513068869092805, -23.0746708447568, -22.462992724576086, -21.76212576970079, -21.13355482234254]","[0.5984978900419018, 0.6042152913327056, 0.6041872733048627, 0.6125231624463668, 0.6051730225494694]"
580,"[0.9675613465158686, 0.9666989027114157, 0.9667043195280309, 0.9632353446941079, 0.9665174945911545]","[-24.404060600649824, -22.96668744675157, -22.354995974743904, -21.663167431703165, -21.02583807036873]","[0.27203631667818634, 0.26999747558713927, 0.2700094276380485, 0.26799815168966784, 0.26974424512138007]"
581,"[0.9665585161704042, 0.9663384422320384, 0.9663407260475954, 0.9638251406216436, 0.9662752120664988]","[-24.32982540375229, -22.876922879087516, -22.265303459620263, -21.513532449306243, -20.933224605364185]","[0.5671165911964019, 0.5800111756020268, 0.5799653177951727, 0.6062428265928881, 0.5819489678305584]"
582,"[0.9659781342193188, 0.96539506908997, 0.9653964210517785, 0.9623462855667164, 0.9652844070142753]","[-24.269818323971922, -22.825761919798197, -22.214113514454212, -21.496931167910812, -20.8837103081528]","[0.37796824425593856, 0.37405623399389654, 0.37406527577675397, 0.38494249498536215, 0.3737131346658506]"
583,"[0.9690840614107645, 0.9683199277403666, 0.9683217821522756, 0.9643663819327299, 0.9681702096359781]","[-24.36459679453925, -22.91129273065089, -22.299678933071565, -21.540894440713235, -20.96743511182179]","[0.19864387680327836, 0.19906963474065523, 0.19906233418523905, 0.21339211203730246, 0.19946993077323538]"
584,"[0.9705894966023122, 0.9698591664805174, 0.9698624578064687, 0.9651448851298573, 0.9697124467179236]","[-24.16414625464004, -22.725309665507403, -22.113629897714066, -21.419171519009776, -20.78425467698551]","[0.42981329055416967, 0.43134159676183775, 0.4313278061162519, 0.4376633993850977, 0.4315854530019784]"
585,"[0.9676637325210676, 0.9670921827486455, 0.9670950131260025, 0.9632722106421887, 0.966958216898158]","[-24.063025209337884, -22.615486683482683, -22.003839887719526, -21.28481537979951, -20.672997144253785]","[0.19059495006552735, 0.1903715322368025, 0.19037343639291607, 0.19015627730573406, 0.1903443808422433]"
586,"[0.9681772748470073, 0.9677804483057285, 0.9677723361658106, 0.9648421320090285, 0.96768640937444]","[-24.28221723830535, -22.830021990780093, -22.218388798387252, -21.466664281536428, -20.88639930900271]","[0.4314747226547009, 0.42872251348165397, 0.4287252112298407, 0.42635945029670846, 0.42870264032625105]"
587,"[0.9693624445207387, 0.9683500941825212, 0.9683546387427433, 0.9648217924634283, 0.9681891518747848]","[-24.251363605378167, -22.78981227722766, -22.178223950558518, -21.39346181415563, -20.844518838091695]","[0.3593122431188912, 0.3638952475061525, 0.36388192278945636, 0.36633697666947884, 0.36451859455075464]"
588,"[0.9682701555669323, 0.9671690843519714, 0.9671793956895587, 0.9625722711593526, 0.9669547695086317]","[-24.156344564113088, -22.697243507924128, -22.085630539865267, -21.331652359065586, -20.75281425764246]","[0.34686925504833405, 0.35009136961968945, 0.35007514206974055, 0.35198053631390214, 0.3503869486633272]"
589,"[0.968655759707244, 0.967870395049526, 0.9678811530517681, 0.9635553950521362, 0.9676739891191499]","[-23.80144093100936, -22.334354640808755, -21.72275959543372, -20.95541085074022, -20.388765423283992]","[0.20668501871186595, 0.21139833105590253, 0.21138300584603897, 0.2238535595174056, 0.21213165318789548]"
590,"[0.9675414766339975, 0.9667202045748006, 0.9667227025105252, 0.9628679427374022, 0.9665639306284154]","[-24.54566383916253, -23.11814955034471, -22.506448383030808, -21.83304183665748, -21.17878581471213]","[0.2608364452356978, 0.263501066458792, 0.2634917421946604, 0.2716266150881443, 0.2639802956014562]"
591,"[0.9650533984202542, 0.9645215527496716, 0.9645205369120451, 0.9613150751286114, 0.9644038374679411]","[-24.545535086116793, -23.11031832239683, -22.498647126187958, -21.791635611118434, -21.16946630512821]","[0.4598843910212481, 0.45425202058380815, 0.4542487139829042, 0.457951169296242, 0.45419349380060875]"
592,"[0.9641634157991841, 0.963596218383054, 0.9635967650328267, 0.9604226000050187, 0.9634854986229386]","[-24.42900962243835, -22.990800986683503, -22.379125870257063, -21.67803497558838, -21.049699681020808]","[0.3505113883019395, 0.35398478639872694, 0.3539737236891692, 0.3646218192837265, 0.35456863169433694]"
593,"[0.9672694335396713, 0.9666857596246753, 0.9666905612257218, 0.9627984789200309, 0.9665211855822566]","[-24.208162567013765, -22.759564972761197, -22.14793478073966, -21.3975572639982, -20.816396264095744]","[0.45878123101568996, 0.4335645397622809, 0.43363404627101837, 0.4173650466071004, 0.43022408131758005]"
594,"[0.9153882728316466, 0.9145951226268244, 0.9145997175008989, 0.9135625216729057, 0.9144516916147308]","[-22.81748298090088, -21.33352063877911, -20.721995100998182, -19.865751895533663, -19.384324210159438]","[0.6753719868858599, 0.6932637443469454, 0.6931975710943881, 0.7431330011111985, 0.6964533190365532]"
595,"[0.9336097744392681, 0.9328947994587024, 0.9328916557780086, 0.9285911301488807, 0.9326940679575266]","[-25.284526902526313, -23.82346331816381, -23.211880154762415, -22.37341983504586, -21.87716155398064]","[0.1621224646605539, 0.16591782798199511, 0.16590531243877907, 0.17859620819672598, 0.16656886292560635]"
596,"[0.928932357275533, 0.9285272048918545, 0.9285337979412075, 0.9261221258703172, 0.9284593578093071]","[-24.22484309204459, -22.77121796268985, -22.15960950731632, -21.374598142336342, -20.82681546211391]","[0.6035289695752449, 0.6276440809407163, 0.6276125594303992, 0.6675259414497026, 0.6305476649455407]"
597,"[0.9470069414944927, 0.946426147058527, 0.9464379458889164, 0.94205823503342, 0.9463275372944786]","[-25.350695816147, -23.913169897686217, -23.3015032229885, -22.55673055514972, -21.971345628882787]","[0.34147092582683586, 0.3176932945280225, 0.3177618794814692, 0.27399228661768554, 0.3142493631100066]"
598,"[0.9437524675068764, 0.9429308914967076, 0.9429438178183014, 0.9389323746252873, 0.9427867275941938]","[-25.356732327912745, -23.918346674474183, -23.306695555341417, -22.541590005206363, -21.976050710043793]","[0.31381054103246375, 0.28520977073061854, 0.2852952059446756, 0.26795426182050686, 0.28045585667830514]"
599,"[0.9452499115265147, 0.9448792590425189, 0.9448855136403858, 0.9420966384512218, 0.9447808191325523]","[-24.873056646571005, -23.446671494417988, -22.834976405959047, -22.14532764583979, -21.507152378318597]","[0.3660582585768695, 0.3808696774700457, 0.38083623315027987, 0.39648577490211395, 0.38226706884895795]"
600,"[0.9433312334513372, 0.9431099885136768, 0.9431097443825598, 0.9413884473482315, 0.9430667025519559]","[-24.920738836074467, -23.50706791407928, -22.895336918263467, -22.246924136017785, -21.56976497065806]","[0.21107812240776788, 0.22013862289838845, 0.2200919184231646, 0.2524432487583862, 0.22156510002439495]"
601,"[0.94078213767098, 0.9408846292984812, 0.940882650061346, 0.9405521161551177, 0.9408995727493468]","[-24.727786716016933, -23.276208439260337, -22.664563724906085, -21.927368234047538, -21.332928176361904]","[0.21894015220599602, 0.22774543678576922, 0.22770992115147837, 0.25911019888869574, 0.22930278555575398]"
602,"[0.9459892572840248, 0.9460050714718554, 0.946004846951146, 0.9457516616520579, 0.9459983517239889]","[-24.82392390750161, -23.384639360736124, -22.7729781233136, -22.04784612798138, -21.442982935139266]","[0.35743807184550574, 0.3376132420524875, 0.33767601507745143, 0.2968956549537145, 0.3342522342406612]"
603,"[0.9495317763400886, 0.9490996669616261, 0.9491006034765338, 0.9460790208711317, 0.9489923854621832]","[-25.253308773050488, -23.783866106395646, -23.172294430863886, -22.37192247922947, -21.837380766263525]","[0.12603315424084957, 0.11856980669452977, 0.11858272720409165, 0.10830493497491243, 0.11786192920594107]"
604,"[0.9393926014448752, 0.9389502351681027, 0.9389591346714922, 0.9355500832659343, 0.9388461842830595]","[-25.973833556759846, -24.48164799503073, -23.870177942561273, -22.982879088613867, -22.530926038523344]","[0.42562418372679545, 0.4172998146994773, 0.4173701631974816, 0.3943687185343076, 0.41525157916647054]"
605,"[0.9501352312350801, 0.9489081178128229, 0.948913728219408, 0.9421930557349325, 0.9486608063465723]","[-25.878296280725298, -24.431408942459935, -23.819770993976423, -23.058848349017985, -22.488234853632832]","[0.21619188698426892, 0.2198253173541354, 0.2197946622712925, 0.2440039709855982, 0.2204070922718791]"
606,"[0.9465851225865151, 0.9462550150438839, 0.9462617245211681, 0.9428499742792138, 0.9461434592080346]","[-25.456233381195013, -23.973184870782653, -23.361674266662813, -22.528348538028446, -22.024578990440514]","[0.622618830560563, 0.6202404893088916, 0.6202987950436142, 0.583161531499058, 0.618307562454779]"
607,"[0.9527186004472996, 0.9518753853602328, 0.9518848220243679, 0.9457649706482875, 0.9516334296792593]","[-25.683493079128628, -24.22652661177063, -23.614931235479034, -22.836145428743723, -22.28186252683409]","[0.33350430692685135, 0.3377316400961568, 0.3377413927676806, 0.34764958833344833, 0.3383882345335175]"
608,"[0.94856541470138, 0.948681373754605, 0.9486929616508774, 0.9450284224904835, 0.9486411089285138]","[-25.692489751618936, -24.20062237616858, -23.589103753580424, -22.71151557064708, -22.250093748844492]","[0.2552540955329521, 0.28200893321469145, 0.28195261380028647, 0.363955096381997, 0.2863020886926519]"
609,"[0.9433842120988346, 0.9427352616103193, 0.942732128974239, 0.9384156422697323, 0.9425141287171247]","[-25.72575170408423, -24.270542335706857, -23.658938630258817, -22.877115116476215, -22.326024352385488]","[0.560730322274196, 0.5298323701784565, 0.5298756219139625, 0.4527105341530437, 0.525272401792744]"
610,"[0.9437906015082426, 0.9436331872810912, 0.9436302301632329, 0.9411311239650572, 0.9435615588039821]","[-25.715228010328723, -24.240157040283858, -23.628601803740743, -22.800230699576765, -22.292480957716794]","[0.30902904744411896, 0.30275622667003116, 0.3027531228710825, 0.2860315033079863, 0.3017555460696397]"
611,"[0.9338296253270596, 0.932991689716341, 0.9329861450321268, 0.9299787196477329, 0.9328301114581766]","[-25.841466888395527, -24.39345605762402, -23.781841258595378, -22.998291874730484, -22.44970551415913]","[0.39168622063916103, 0.3671343811519775, 0.36722973436641637, 0.3010310148810615, 0.3630100554663263]"
612,"[0.9453100194062082, 0.9454453008622332, 0.9454424043831199, 0.9426092605426183, 0.9453753210108121]","[-25.630690410323368, -24.14381863165571, -23.5322823873039, -22.6766395177744, -22.194293798217252]","[0.4378364132583611, 0.4422101339811088, 0.4422065047646712, 0.44485658510236875, 0.44281991310213875]"
613,"[0.9469160997458593, 0.9464430397910873, 0.9464390168004169, 0.9427125087994301, 0.9463355713708341]","[-25.51989968711051, -24.05027602115177, -23.43873185451252, -22.63517319925185, -22.103749479494667]","[0.592444336364681, 0.635442872265305, 0.635416200404971, 0.518428694859805, 0.6362762446530167]"
614,"[0.942290156607454, 0.9411917003612569, 0.9411969306860662, 0.9356321595120911, 0.9409363523348087]","[-25.041146319894054, -23.6030350476654, -22.99137080964099, -22.286935109934312, -21.66189278566177]","[0.5250361619654554, 0.5209911284890879, 0.5210113696078128, 0.5086031475207923, 0.5203281638603212]"
615,"[0.9488966217992247, 0.9483880928031885, 0.9483872398865936, 0.944550949902933, 0.9482639041171418]","[-25.51792249622025, -24.04700716221665, -23.435444272054884, -22.62317836319656, -22.100150392330725]","[0.3668575901908119, 0.36282946774283986, 0.3628558732441402, 0.35464226769208224, 0.362291574230225]"
616,"[0.9424834275260566, 0.9424596612211585, 0.9424650870518164, 0.9414035081881451, 0.9424422853510815]","[-25.645473229589413, -24.173888930414247, -23.56235029602473, -22.7305942203712, -22.22656787863656]","[0.3576263365652824, 0.35615565426814666, 0.3561579790585801, 0.36309999691234546, 0.35672839474685736]"
617,"[0.9433611733766605, 0.9437686965511368, 0.9437563626898234, 0.9414207175593378, 0.9438036435630253]","[-25.814193680055176, -24.316590305889196, -23.705108621016144, -22.81898716632577, -22.365288389078145]","[0.3417923186459714, 0.33665193600273785, 0.33669697487780187, 0.3483415343838492, 0.33615365288631616]"
618,"[0.9445203915434689, 0.9442872270502053, 0.9442944617041692, 0.9409898755870231, 0.9442244682552198]","[-25.613924289536392, -24.15515799714648, -23.543564212301035, -22.74079294570418, -22.20983371351737]","[0.3655652620904589, 0.3227308100612648, 0.3228221293182533, 0.2561279407699373, 0.3170639410652725]"
619,"[0.9401439650335693, 0.9385477410622797, 0.9385414288277938, 0.932878344129317, 0.9382319229289316]","[-25.836591702277772, -24.366698814297287, -23.7551215593311, -22.93175499045167, -22.419724702587242]","[0.36688631991389625, 0.3717309577921354, 0.3717154915043171, 0.37640118701211633, 0.37216273169340636]"
620,"[0.9425589039316133, 0.9413705117447722, 0.9413687306803924, 0.9361462502265313, 0.9411063169233804]","[-25.90000855003473, -24.424428518593473, -23.812893850306303, -22.9695591400422, -22.476421618159222]","[0.30043043093761523, 0.2998117477162699, 0.2998002909771485, 0.30152574158072126, 0.30011380453344455]"
621,"[0.9398551823305448, 0.9406575813179741, 0.9406542348965002, 0.9406699873563603, 0.9407919637567346]","[-25.995362296730608, -24.49640367819415, -23.884937687088186, -22.973602792311567, -22.544421694280953]","[0.26813444544269216, 0.26139075828989355, 0.261387292451275, 0.25606220134920366, 0.26087005096667315]"
622,"[0.9475301641107424, 0.9475915519378556, 0.9476021059633205, 0.9451164650513633, 0.947570473524039]","[-25.816224699362756, -24.343123128149823, -23.731569019564773, -22.914758317433, -22.395928746502975]","[0.3772832718504468, 0.371327534978953, 0.3713339615765814, 0.35932080495223895, 0.3702912163231397]"
623,"[0.9472023151192647, 0.9458825531251117, 0.9458870538278613, 0.9391703862449942, 0.945577805735326]","[-25.767895420602084, -24.339414664802284, -23.727708347808488, -23.028388421494746, -22.3994563748703]","[0.5130968376987771, 0.48139072215851014, 0.48145607852554045, 0.41674826006930527, 0.4763577562416772]"
624,"[0.9483069798246323, 0.9470421232133295, 0.9470434385402454, 0.9416841228225997, 0.9468588676806404]","[-25.840727295031414, -24.386553764056668, -23.774960638940637, -22.997002649203075, -22.44224062422256]","[0.3455623600837278, 0.36276290334316486, 0.36270520541972584, 0.41287866907316084, 0.3655515363364495]"
625,"[0.9438784337327095, 0.9430432655082627, 0.9430483296804738, 0.9394984824508084, 0.9428572536547866]","[-25.637564411039396, -24.136706160842824, -23.525237214415046, -22.63427007433412, -22.184972665879364]","[0.3238725557027447, 0.32513763922213695, 0.32513107013670595, 0.33364470958110853, 0.32536846823231946]"
626,"[0.94916034653872, 0.9498248927427324, 0.9498214688556194, 0.9492084943110974, 0.9499042438243568]","[-25.83444048245504, -24.32118948361598, -23.7097303114641, -22.785276353153346, -22.3673770045379]","[0.3197783681241966, 0.3143958057340192, 0.3144572986377077, 0.29813405784569896, 0.3136501978606282]"
627,"[0.9406405012191146, 0.9408075677951535, 0.9408146373736692, 0.9381795191305055, 0.9407929693134238]","[-25.841570264693164, -24.377342778034127, -23.76574904482702, -22.962119699483857, -22.431361370357884]","[0.3525982768209218, 0.348510918141271, 0.3485320906269111, 0.33669999994832883, 0.34776095585532046]"
628,"[0.9429763280158948, 0.9415696450534247, 0.9415650811977893, 0.9353387385322326, 0.9412639376502647]","[-25.72456453455879, -24.2669626345563, -23.655376342595314, -22.858610961653504, -22.321881739277572]","[0.412353175803881, 0.4002415167180399, 0.4002683293540387, 0.33503961397074694, 0.3973950509093256]"
629,"[0.9435054474681397, 0.9431944941430215, 0.9431993746590814, 0.9399810483500447, 0.9430842371246636]","[-25.699715673843333, -24.207262696022585, -23.595758916420557, -22.72335363642058, -22.256791397674057]","[0.3893698698723678, 0.40092272628746656, 0.40090226132058104, 0.43762655413796514, 0.40271543723478126]"
630,"[0.9446134062099435, 0.9433033142489551, 0.9433137651983248, 0.9376428110636805, 0.943006621806768]","[-25.83038095244961, -24.348171375374793, -23.736624985929456, -22.89319405496457, -22.399432736150075]","[0.19973467550167176, 0.20356773914750673, 0.20357861464610735, 0.22689736381109088, 0.20419638819314814]"
631,"[0.9323777019791999, 0.9314813708521492, 0.9314885721483644, 0.9260803006472383, 0.9312432104408577]","[-25.197450136610982, -23.771415163484676, -23.159727883890394, -22.486523675600708, -21.832234138615934]","[0.8779717300969075, 0.8533619615025893, 0.8534576636839599, 0.778378092644046, 0.8485978458439468]"
632,"[0.9375709633689194, 0.9359591366135024, 0.9359641310012905, 0.9300897106246161, 0.935637847683433]","[-23.865269051834307, -22.4080675915957, -21.796453104511922, -21.060329422197977, -20.46418470724928]","[1.0711818251507548, 1.0918350960971224, 1.0917802251645161, 1.131397631923264, 1.0953526404064775]"
633,"[0.9478823262263272, 0.9460356820127234, 0.9460460488772716, 0.9373653027801195, 0.9455516219189958]","[-25.788882999686596, -24.334237346919892, -23.722625098851005, -22.951050897401235, -22.389977242511566]","[0.31718513212661553, 0.3259320703138364, 0.3259180850022215, 0.36163104885436453, 0.32740408806432636]"
634,"[0.9431094918915892, 0.9421243614954098, 0.9421290114211566, 0.9372104875210071, 0.9419333627270595]","[-26.031927929612724, -24.586044423062436, -23.97437621956722, -23.233825974904708, -22.643340946135368]","[0.4117460609354743, 0.4145434400609978, 0.41452631271270557, 0.4317488241809236, 0.4150823628341516]"
635,"[0.9438768208719802, 0.9429493615683561, 0.9429490488312436, 0.9376033847234979, 0.942752070949779]","[-25.889333677758703, -24.443499602088803, -23.831835089482713, -23.083298673118364, -22.500641493820126]","[0.32196524982871966, 0.3311166799645948, 0.3311108472492445, 0.34663550577272695, 0.33233491667140624]"
636,"[0.9558105053852507, 0.954259338003261, 0.954268249294477, 0.9471093621696167, 0.9539148119957156]","[-25.650521482992847, -24.216987488533107, -23.605293538301044, -22.911503824583487, -22.27654636145874]","[0.5789583273250968, 0.5882802168634969, 0.5882395722185537, 0.5999079447927375, 0.5896630868527268]"
637,"[0.9523637820794999, 0.9512366142195179, 0.9512384330179092, 0.9446579390222484, 0.950953994650893]","[-25.8652664723312, -24.4259923049189, -23.81435305048902, -23.089816892523668, -22.48435509682346]","[0.27549675913283284, 0.28914829185282714, 0.2890743120386015, 0.3516101406978225, 0.29277011513229784]"
638,"[0.9456473001331068, 0.9455970257371099, 0.945594428860694, 0.9419889604870517, 0.9454880985476154]","[-25.72417238827188, -24.234680201633687, -23.623155265613054, -22.75498481775231, -22.28460698268229]","[0.4206460201129356, 0.4440652048030645, 0.4439784683084633, 0.484428901038103, 0.4477567425235689]"
639,"[0.9433784248388913, 0.9432672330471857, 0.943269262263048, 0.9385767467913793, 0.9431150753528573]","[-25.9511952563634, -24.48926595139525, -23.87765042042221, -23.089236487583516, -22.54382405559886]","[0.33796156663986815, 0.33865406876170373, 0.33864870170816697, 0.34263471288970965, 0.33891685510388136]"
640,"[0.9394046666405029, 0.9378350390299568, 0.9378454370481043, 0.9329332300056977, 0.9375876661993553]","[-25.84967592703395, -24.405510779739444, -23.793856784432194, -23.039665354010438, -22.4627513450822]","[0.42372843176327946, 0.4127286717192923, 0.41274441311590193, 0.3950217891388424, 0.4115383648649465]"
641,"[0.950044085618587, 0.9489055780831345, 0.9489038582149704, 0.9435813871108834, 0.9486643770571963]","[-25.778698499427083, -24.323003073355224, -23.71135023398263, -22.936404826116622, -22.378524170531136]","[0.35404817633717856, 0.35331096978171755, 0.35329436796857167, 0.3719590547375604, 0.3531446202739668]"
642,"[0.945503295057993, 0.9447547702419516, 0.9447587670230513, 0.9385545820593841, 0.9445407743495347]","[-25.94701110680877, -24.482234206537086, -23.870660110360973, -23.058431433105042, -22.53602732055208]","[0.4504675429147482, 0.46190588260691445, 0.4618158230851293, 0.4987544931915684, 0.46423095208814535]"
643,"[0.9493476341362458, 0.948102846256469, 0.9481075599049232, 0.9413112179593212, 0.9478111526052364]","[-25.823915739625065, -24.38088428612665, -23.7692170341973, -23.033973030345045, -22.43859677687261]","[0.5011500019689261, 0.5149027488272363, 0.5148381171208168, 0.502134165373794, 0.5172633285534917]"
644,"[0.9435799112421683, 0.9414928169773807, 0.9415032927965885, 0.9339677111336845, 0.9411010194350297]","[-25.790846423533893, -24.373043509753924, -23.7613141991763, -23.095128891467894, -22.434918770807403]","[0.42713430368897065, 0.42047303795700436, 0.4204494154782965, 0.3861532478791883, 0.41886990298073856]"
645,"[0.9497652549752094, 0.9486858892091946, 0.9486912674068433, 0.9439156825631027, 0.9484232834247635]","[-25.802045087431623, -24.356263947078432, -23.74463867697919, -22.99430672590087, -22.413395536835864]","[0.3620739181011844, 0.34772914459013776, 0.347758048941588, 0.32606797763715556, 0.34518355060389333]"
646,"[0.9461504497606127, 0.9459638178174825, 0.9459692467754754, 0.9427491095852125, 0.9458813086953876]","[-25.786522114155247, -24.33070103035015, -23.71909365478846, -22.949684311124837, -22.386352740467963]","[0.3715222096037771, 0.3761313934488604, 0.37610602228570444, 0.37667453736165496, 0.37698567873253064]"
647,"[0.9442477700046514, 0.9433337892142701, 0.9433377715852492, 0.9379589615694717, 0.9430978335557073]","[-25.86852072550918, -24.41683904724704, -23.80520917225926, -23.025764573476625, -22.47274108980243]","[0.3494711005665793, 0.35335399491254266, 0.3533455078560968, 0.3601554766477984, 0.3539662626602127]"
648,"[0.9399125448911723, 0.9399876239413542, 0.940005286930198, 0.9375491363595261, 0.9399350865800317]","[-25.6908763801146, -24.21235626988286, -23.60081104181336, -22.771508202982556, -22.264295610804222]","[0.3193596690925926, 0.31045662819302355, 0.31047767589144193, 0.28873957082846713, 0.3089362438846204]"
649,"[0.9392212379516873, 0.9387916410601513, 0.9387936560801089, 0.9339987171759437, 0.9386882475972753]","[-25.863451286011795, -24.40573181198695, -23.794163685207966, -23.007901778452734, -22.460853547007666]","[0.49248317226101773, 0.49643816787860806, 0.496481473555555, 0.488753798452393, 0.4967160494047876]"
650,"[0.9544267940632629, 0.9524508933108213, 0.9524598094508043, 0.9436671602522767, 0.9520861877696305]","[-25.804929796265537, -24.395726218191882, -23.784012014854426, -22.995748919481073, -22.456394627315095]","[0.34716195486538, 0.34167073183860974, 0.34165513544244924, 0.3433778837227422, 0.3419084776782139]"
651,"[0.9496678253489476, 0.9487884170249867, 0.9487959878095785, 0.9441702604584506, 0.9486197407753402]","[-25.806670965962702, -24.36431443558367, -23.752653801760378, -23.03163391666166, -22.42239154368917]","[0.2322996033928754, 0.23050231552068806, 0.23048603925877437, 0.23678567845306153, 0.2301633109878774]"
652,"[0.951074402678422, 0.9498220359627836, 0.9498358698184676, 0.9438536585661594, 0.9495650848335702]","[-25.5947750155686, -24.1585766505632, -23.54691862539021, -22.830064563017633, -22.217448306202062]","[0.3962575650301942, 0.38272578606314206, 0.38283413261249943, 0.3315655189625041, 0.3803921273527226]"
653,"[0.9521412161247872, 0.9506794146322289, 0.9506797770388271, 0.9444379381255378, 0.9504214939222764]","[-25.71423908022061, -24.258831429000285, -23.64721700029758, -22.87561917476464, -22.314478730013917]","[0.24175439056925663, 0.2451782501890717, 0.24518857554948617, 0.2492221580294078, 0.2457339418144882]"
654,"[0.9532266320790492, 0.9515741122984375, 0.9515845560565575, 0.9439401697784232, 0.9512397150131805]","[-25.61178200872199, -24.178079863989538, -23.56639870624534, -22.87160352416392, -22.23761211473164]","[0.4277373670930733, 0.42443760875018893, 0.4244257842570792, 0.40947728521832094, 0.4240907565909678]"
655,"[0.9566163428924852, 0.9556209620342336, 0.9556224458549679, 0.9513729984122852, 0.9554215716282164]","[-25.239325414325315, -23.802835668600917, -23.191156844552378, -22.481466683175253, -21.861782665533568]","[0.4487035073847122, 0.4628043025304623, 0.4627964459554209, 0.4909263246017025, 0.46467924008408873]"
656,"[0.9435801046484905, 0.9429012124463374, 0.9429011449136899, 0.9385532110381599, 0.9427722952205511]","[-25.776717342755948, -24.312715921792236, -23.701139923052544, -22.888393226712672, -22.36658538541477]","[0.2972905353630711, 0.2968617701772116, 0.29682222946508735, 0.30266303878704365, 0.2976582928796322]"
657,"[0.9487715109249524, 0.9470929559997573, 0.947096629081863, 0.9391826018955663, 0.9468027468925735]","[-26.021491302021847, -24.595231253811367, -23.983536372137955, -23.282006253151046, -22.655538719242696]","[0.22775780324102152, 0.22273098700373029, 0.22275683540191926, 0.23016660973663414, 0.2219418970759233]"
658,"[0.9575558046515039, 0.9563030698820495, 0.9563167547556263, 0.9492549574891798, 0.9560778264290898]","[-25.637815693633918, -24.212589494257823, -23.60086751324834, -22.9280265116136, -22.273489082966588]","[0.40212174073049695, 0.4105055693901968, 0.410495857377113, 0.4057826874158426, 0.411701782489779]"
659,"[0.9557914094080475, 0.9543325474673158, 0.9543410773077609, 0.9486152804101237, 0.9540273831388054]","[-25.133432805278964, -23.672255385193115, -23.060659932952507, -22.292069577453134, -21.72731468600853]","[0.5186818378405551, 0.5333935280522817, 0.5333746220053206, 0.5306101451874691, 0.5339771890826033]"
660,"[0.9551559645612921, 0.9541275552685097, 0.954128402176302, 0.9493656108123583, 0.9539231206511823]","[-25.570059603748636, -24.127363272270948, -23.515722707169562, -22.77398311646333, -22.185028067735548]","[0.3658495668067009, 0.3868458580709468, 0.38675576336471607, 0.4488035070743812, 0.39024279381160243]"
661,"[0.9588529008294275, 0.9583058200739787, 0.9583133328598944, 0.953959065332633, 0.9581592568138961]","[-25.27410070825524, -23.842606202040567, -23.23090819396961, -22.541231515454943, -21.902485942975787]","[0.4708466643781662, 0.46949506468605195, 0.4695275422299696, 0.4578008753181963, 0.46921783020296454]"
662,"[0.9597368736855344, 0.9590444009337271, 0.9590463209425206, 0.9552175282330184, 0.9588900739565703]","[-25.16896583510301, -23.72350690762807, -23.11186098413738, -22.387233583983615, -21.781157470626322]","[0.534440900137812, 0.5254397057117808, 0.5254351456941977, 0.5061999422193881, 0.5239624438833222]"
663,"[0.9580733506410408, 0.9571203979381995, 0.9571197356843, 0.953341019144164, 0.956928125465345]","[-24.962955214412677, -23.50736452334067, -22.89574201638669, -22.140041602926388, -21.563284149580326]","[0.5476590370016994, 0.5626746663218276, 0.5626561230170432, 0.5902756145116179, 0.5642640020235693]"
664,"[0.9581198265322173, 0.9577387473496743, 0.95774340520264, 0.9533683351748728, 0.9576110695484298]","[-25.33708573118253, -23.901100243940963, -23.28942657962167, -22.565600231958392, -21.95985186728689]","[0.3508445813735273, 0.3608701371905463, 0.36079764360474076, 0.3824668169887056, 0.3623149970740706]"
665,"[0.9586044734136909, 0.9578638100908512, 0.9578617539896769, 0.9539494505898206, 0.9577122778287323]","[-25.126673104368816, -23.685129366475866, -23.073459099442484, -22.363669080717134, -21.743488051168484]","[0.25303217076398155, 0.2542567260144033, 0.25424994065730355, 0.25857076696014436, 0.25447779057337905]"
666,"[0.9566498903309709, 0.9562708165581277, 0.9562698043102195, 0.9531640233051735, 0.9561655736918476]","[-25.13102650594186, -23.688037426124765, -23.076363306690556, -22.356844075607135, -21.746065979810492]","[0.3605982844781099, 0.3477453995174685, 0.3477634747248779, 0.317117621346975, 0.3459413393011346]"
667,"[0.9576639136364078, 0.956990893389865, 0.9570013994289974, 0.9536175790298062, 0.9568587722006089]","[-24.8153461690949, -23.368118407903296, -22.756504011446008, -22.016318735876865, -21.425301776370677]","[0.49628825543807603, 0.511544026284991, 0.5114481123678027, 0.5693468349451493, 0.5155606770105997]"
668,"[0.9563012376900994, 0.9555872149844161, 0.9555848862130701, 0.9518211044927205, 0.9554131434758242]","[-24.7660063413206, -23.31751311786442, -22.705878531309363, -21.97588672865363, -21.374723353060872]","[0.7288219140690924, 0.7222264485182587, 0.7222238388745108, 0.7008709687796681, 0.7211384984543542]"
669,"[0.954920587561396, 0.9544825821434003, 0.9544857284521219, 0.951470987975586, 0.9543710737883289]","[-25.317411699773185, -23.87383550687996, -23.262163940684154, -22.54374914137857, -21.931794847999118]","[0.32005388703291904, 0.3252696412769095, 0.32525082122988963, 0.33834395240017856, 0.32609468306966527]"
670,"[0.9563520936684601, 0.955514356085063, 0.9555091716718712, 0.9512170935197469, 0.9553038334029121]","[-24.844283280214604, -23.382249738456593, -22.770635150181278, -22.002811698942118, -21.437210896627203]","[0.5539437332570094, 0.5669366570130366, 0.5669155906820803, 0.574325387763904, 0.5674886047671939]"
671,"[0.9515191026609371, 0.9512460842523818, 0.9512426602346873, 0.947762741612617, 0.9511098969755116]","[-25.37478422248206, -23.945505016694273, -23.333817307544845, -22.65282018839981, -22.005799445552007]","[0.26250831670703834, 0.2650045636389284, 0.2649947040766022, 0.26962496754076554, 0.2653900823701464]"
672,"[0.955852824453342, 0.9554362535248835, 0.9554382029343778, 0.9525635968784387, 0.9553286069644947]","[-25.02871687398515, -23.588023302057106, -22.976351616280724, -22.257504417780353, -21.64631034712786]","[0.3513738642438635, 0.36057251252806266, 0.36053193554123997, 0.39479004781800703, 0.36207088563021705]"
673,"[0.9538973242953023, 0.9534927386868165, 0.9534964726179573, 0.950196632691552, 0.953386266349347]","[-25.140071438061963, -23.708898141598144, -23.09720460757221, -22.42178451345652, -21.769064479608343]","[0.2082693624283118, 0.20694012750382487, 0.20694533261443793, 0.19827963079033853, 0.20647054895385994]"
674,"[0.9542792037270251, 0.9537967836961416, 0.9537960891040738, 0.9499376367215502, 0.9536789224212878]","[-24.978388588299982, -23.529956889750355, -22.91832060590631, -22.191719038490117, -21.587241693239285]","[0.4989105711235004, 0.5030928970769928, 0.5030799338810182, 0.5140213783660507, 0.5037204409678538]"
675,"[0.9549262316314696, 0.9546092987292857, 0.9546098242017276, 0.9519913964223073, 0.9544893478804508]","[-25.210160158903328, -23.76569025517886, -23.154051867241275, -22.42117200162154, -21.82332146471233]","[0.36269970197450296, 0.3735856991671053, 0.37354821862589443, 0.3994672373266122, 0.37562501300712103]"
676,"[0.9551594756080763, 0.9544418330958265, 0.9544437191048183, 0.9505121539944196, 0.9542861818505761]","[-24.850670428218315, -23.40430871462574, -22.79265830891663, -22.077429289851878, -21.462024768866517]","[0.5866946273405165, 0.5894312804729213, 0.5894213402134016, 0.591551959263406, 0.5895133622890547]"
677,"[0.9542371045674265, 0.9539280490678931, 0.9539383583779969, 0.9514032903005768, 0.9538636577655251]","[-25.037145767996606, -23.581460453796808, -22.969846596722835, -22.22271158194822, -21.63754516754835]","[0.47285193454720076, 0.4918025160064689, 0.49177129218238286, 0.5298926845553453, 0.4948398505871294]"
678,"[0.9542802403415115, 0.9533704946809153, 0.9533833387567701, 0.950142334114716, 0.9531936472575381]","[-25.295150556790393, -23.847906851274363, -23.23626079048395, -22.493619948147153, -21.905010277852405]","[0.2977476608764747, 0.2751453700912362, 0.27519649355406617, 0.20450291974720486, 0.2712729009893933]"
679,"[0.9533606278364062, 0.9528089046716215, 0.9528103717331764, 0.9502641740312185, 0.952688951869259]","[-25.27192135451518, -23.839878987795334, -23.228204991004592, -22.534346600795395, -21.899636835437665]","[0.43805939553356177, 0.43639751165793716, 0.4364126631423951, 0.39660436640452873, 0.4333798232349849]"
680,"[0.9547460259741862, 0.9542295737348655, 0.9542332718396112, 0.9516112621077757, 0.9541157722431153]","[-25.24638657576094, -23.802537687582177, -23.190880646613802, -22.453585093772226, -21.860133985458226]","[0.4161006811954734, 0.42829391286941493, 0.42826441325209424, 0.4175663119243483, 0.43009759810343906]"
681,"[0.9616044697301888, 0.9611899547144144, 0.9611973540365214, 0.9573571934816835, 0.9610666945248879]","[-25.17151311116152, -23.71165577234539, -23.100040186610993, -22.321191460894113, -21.76665120666661]","[0.3611544180146816, 0.3923060158965013, 0.3922487990645636, 0.48802944752605876, 0.3973302618987977]"
682,"[0.9616781976373883, 0.9610080300680558, 0.9610035961538892, 0.9574426993072207, 0.9608427206226082]","[-24.941179608754663, -23.501344244181844, -22.889678818555094, -22.18590166838732, -21.560024922165653]","[0.4136766099009767, 0.3966278848694527, 0.3966617696877233, 0.3660818063818562, 0.3937872973280773]"
683,"[0.9615492729623139, 0.9607234484686722, 0.9607322622699052, 0.9565238495964923, 0.9605626959513637]","[-25.10866753268242, -23.67032318947191, -23.058666035046002, -22.356272944590362, -21.729207798913336]","[0.3185996902286834, 0.33104432345679063, 0.3310039574024859, 0.36459768500677847, 0.33306192691752634]"
684,"[0.9600691572382467, 0.9596003339922853, 0.9595923521379836, 0.9561889569478267, 0.9594806794508542]","[-25.003985902937863, -23.56204493815922, -22.95039858451445, -22.24447453560107, -21.62045556006561]","[0.3507882188424154, 0.36158222743884344, 0.3615321741051023, 0.3673931521183721, 0.36346517818664675]"
685,"[0.9621118217128236, 0.9612397734118697, 0.9612394126660658, 0.9577005590192788, 0.9610447462444277]","[-25.068566571954946, -23.63554062055525, -23.023852304571022, -22.339683906856052, -21.69533369221715]","[0.37467733237906575, 0.3860310027645566, 0.38599381186248233, 0.4098231591649844, 0.38810970539212897]"
686,"[0.9633428064429338, 0.9629443536638186, 0.9629439540492618, 0.9593599619459485, 0.9628194644264599]","[-24.949702454984852, -23.499131584161866, -22.88747933905093, -22.148398850488356, -21.555914694264015]","[0.25705549325633276, 0.25642725089667456, 0.25642637888292086, 0.2641853898884977, 0.2563177031869138]"
687,"[0.9638030061676023, 0.962963236186806, 0.9629761183454494, 0.9585090124028055, 0.9628035491299125]","[-24.815459753414356, -23.380378907810027, -22.768704217230166, -22.075978174163488, -21.439801987731784]","[0.4414303280993818, 0.43069444127213136, 0.430704611833659, 0.39671672616106524, 0.42896934181564256]"
688,"[0.9605911997736816, 0.9599940873216977, 0.9599946441634226, 0.9562563644881602, 0.9598523477428756]","[-25.03917097340908, -23.59681204723506, -22.985152639069696, -22.277328489079412, -21.65511736749302]","[0.5803418047041995, 0.5816440823355101, 0.5816243261498808, 0.5743070162834557, 0.5817455110135903]"
689,"[0.9590034824863033, 0.9586302251923333, 0.9586361161481087, 0.9564680804457191, 0.9585610301749178]","[-25.13629078728255, -23.700532776319125, -23.08885752159693, -22.39070527941874, -21.759772528162973]","[0.3041576349675474, 0.3226623336798982, 0.3225922357033635, 0.404985985125569, 0.3257921108469755]"
690,"[0.9635414353108566, 0.9633404965173846, 0.9633437683574876, 0.9602610372021424, 0.963249184583584]","[-24.8308924439999, -23.383409555129965, -22.77174470972663, -22.040498115199604, -21.44069345154661]","[0.47960422874997244, 0.49945573154650613, 0.4993979231824385, 0.5181655251893227, 0.5023341312220878]"
691,"[0.9605032099143608, 0.9598205208058433, 0.9598251617173705, 0.9562617187761155, 0.9596939725301644]","[-25.163357680933775, -23.733192542665215, -23.121501078558584, -22.44602038887938, -21.793480422030886]","[0.27889215707191156, 0.2906398672655763, 0.29059780867104507, 0.3247503969156769, 0.2927027584543028]"
692,"[0.9621403597107595, 0.9613412113630682, 0.961339801331133, 0.9577224020429859, 0.9611902000437622]","[-24.447115144698202, -22.969473213660383, -22.357927403305048, -21.559205513370763, -21.022130037305676]","[0.8929222587044704, 0.8924129796299516, 0.8924468511459308, 0.880357072827146, 0.8915086254544514]"
693,"[0.9594642376061965, 0.9587559896649801, 0.9587607172689926, 0.9551704597327174, 0.9586124451656375]","[-25.127814404642123, -23.694923071133026, -23.083222676689015, -22.390775807531544, -21.754574833268777]","[0.517659807205384, 0.4907773836014428, 0.49085968116248746, 0.4166956155862822, 0.4862291526515476]"
694,"[0.9626974976849976, 0.9617493248723326, 0.9617514721970165, 0.9565803354848652, 0.9615344370169555]","[-25.226533139313222, -23.77927144949298, -23.167615293782124, -22.437514221059896, -21.836603160747675]","[0.2816572697503902, 0.2837335260843954, 0.2837612109105435, 0.35850469538867075, 0.2874523688172435]"
695,"[0.9599113721760106, 0.9591658226948515, 0.959162750525613, 0.9561196006406374, 0.9590181579109411]","[-25.04907986202836, -23.609381784692168, -22.997703708169542, -22.282112956797707, -21.667835460326636]","[0.2173658447961767, 0.2088538986785335, 0.2088741722334335, 0.20100079266851317, 0.20743548324963615]"
696,"[0.9616696372448285, 0.9611467138600543, 0.9611533954073733, 0.9576464305743155, 0.9610149361850497]","[-25.13865839183145, -23.699644325968713, -23.08797946110845, -22.377314805142888, -21.75827258103589]","[0.3161579160143916, 0.3284201665770306, 0.32841788128333393, 0.3012343848960504, 0.3285279246070877]"
697,"[0.9643063465590127, 0.9634354933638849, 0.9634345902855712, 0.9591408007016711, 0.963249511834695]","[-24.4965224552991, -23.048073459221083, -22.436445602150847, -21.675051813986567, -21.10471127130436]","[0.5958523731958025, 0.5806087543314886, 0.5806557474285085, 0.5613083278804766, 0.578118416541416]"
698,"[0.9605830762210046, 0.9600362405285229, 0.9600433530759702, 0.9567275483096872, 0.9598869214756758]","[-25.12823714802855, -23.679964265596688, -23.068349029245912, -22.291871677299817, -21.736329719790728]","[0.35449445991656525, 0.36764202872595225, 0.36761637030291777, 0.4505009222322025, 0.3698385139461193]"
699,"[0.9633670899778806, 0.9626988267346676, 0.9627022220567181, 0.9587144883913934, 0.9625530426838032]","[-25.083415098270294, -23.632599023038498, -23.020949025724615, -22.253464856312668, -21.688825025364267]","[0.379476310676997, 0.37486992594322893, 0.3748851930074708, 0.35697927214481384, 0.37327448051521056]"
700,"[0.96029938731816, 0.9593359464854548, 0.9593358383638915, 0.9561167056980984, 0.9591743304794995]","[-25.015954956226892, -23.524844712189186, -22.913336732729853, -22.04164771028549, -21.574542440350484]","[0.2453464010712489, 0.24718834072239243, 0.24718752297667812, 0.26130773804401536, 0.24766203042313542]"
701,"[0.9614314858613693, 0.9607792322854478, 0.9607679557845028, 0.9572214235665482, 0.9606084207861391]","[-24.680556600086128, -23.21042230207178, -22.598834304631772, -21.817758175761387, -21.26422855659323]","[0.15992679124626, 0.1583897482255167, 0.15839276727778864, 0.15459316975557652, 0.15815107491991032]"
702,"[0.9630058731178008, 0.9624129315115997, 0.9624132053352221, 0.9594741982342725, 0.9623039869859127]","[-24.82901454863819, -23.39130833874772, -22.779626246417443, -22.073144712237035, -21.450173125184463]","[0.8024142719056111, 0.7827397060323503, 0.7827818963783187, 0.7276067392632731, 0.7791532067699038]"
703,"[0.9617868942113987, 0.9613758180438561, 0.961376140927697, 0.9584640238187311, 0.9612951037408904]","[-25.103274517902914, -23.666783567871043, -23.055095738388655, -22.351786661532337, -21.725833012676848]","[0.4816159584463213, 0.47617983632086613, 0.47619805609286914, 0.44833545794301544, 0.47517149748001714]"
704,"[0.9613494881548748, 0.9610007206511298, 0.9610060488222082, 0.957301470344848, 0.960858189439733]","[-24.8010155232396, -23.357043577046777, -22.745410009215945, -22.02568748154207, -21.41496784020756]","[0.5814702986767621, 0.5844074427564344, 0.5844150667373379, 0.5953023353169044, 0.5849544410650659]"
705,"[0.9605001320452367, 0.9598773718003066, 0.9598792771152206, 0.9557820528771853, 0.9596964056473773]","[-25.12987132268399, -23.6957672274122, -23.084115725762324, -22.38568484491042, -21.75523118056831]","[0.36269623500417963, 0.3561132716445398, 0.356128675822242, 0.3617968834287684, 0.35635058100460004]"
706,"[0.9632074888670434, 0.9626896000396207, 0.9626926652781035, 0.9596897196342135, 0.9625916230540694]","[-24.564940722204792, -23.09002301311136, -22.478462493158805, -21.676732968716905, -21.142917734664096]","[0.586838531029821, 0.5986299788840426, 0.598643094425624, 0.6113263292679184, 0.5996565756566586]"
707,"[0.9598529492659098, 0.9592792225884533, 0.9592829427104056, 0.9554041887708364, 0.9591284774787358]","[-25.1693884787964, -23.722726841338982, -23.111088767283213, -22.389747124472716, -21.780293817943317]","[0.4034490700536316, 0.41798302087132616, 0.4179702792329961, 0.4571702626967255, 0.42063937665344525]"
708,"[0.9628203866324693, 0.9622039144847048, 0.9622107881524083, 0.9578215997074445, 0.9620405441355958]","[-24.98969804114869, -23.544882370391463, -22.93323839849313, -22.217568617504135, -21.602778682245766]","[0.6182365592838339, 0.6253644990165724, 0.6253553848545882, 0.6227578770003505, 0.6263311424375352]"
709,"[0.9658293152486596, 0.9652963499747066, 0.9652997819489503, 0.9609755376012425, 0.9651552918231368]","[-24.76968453120379, -23.318907072812628, -22.707262486711368, -21.96632793270179, -21.37565007196222]","[0.5954489478698111, 0.6103587015741901, 0.6103172968953384, 0.6222224116752669, 0.6124251048386538]"
710,"[0.9603456248832807, 0.9597675125361531, 0.9597719066750454, 0.9560417235801989, 0.9596176643644717]","[-24.79947563373422, -23.35722148179786, -22.745563964151327, -22.033543274485446, -21.41547308030349]","[0.33360888052502485, 0.33482987165572514, 0.33481367233121917, 0.3436457178358804, 0.33501865225137495]"
711,"[0.960722818421764, 0.9602091420512117, 0.9602136292669539, 0.9567490676451406, 0.9601040081745263]","[-25.219225185997203, -23.792015838877873, -23.180321165429586, -22.499129556324924, -21.852544741612896]","[0.4155796416925005, 0.4262544657957977, 0.42620688535009116, 0.45790604673666857, 0.4280144237053695]"
712,"[0.945708298828316, 0.9457513222826843, 0.9457544282418959, 0.9446955211553278, 0.9457217835863643]","[-23.098693890256815, -21.619463207934558, -21.007929507741217, -20.160187660798275, -19.670958282550977]","[0.7945912669790469, 0.803898680301868, 0.8038749182719691, 0.8219484381326819, 0.8053002154648696]"
713,"[0.9074517059233992, 0.9076664615885007, 0.9076651829777673, 0.9101705808782171, 0.9077119966522468]","[-21.917358904201052, -20.42895857266985, -19.817556196251136, -18.65089657948649, -18.471798329008763]","[0.32366699756217227, 0.31435611715473305, 0.31438239261610096, 0.28252719442651125, 0.31288812262781973]"
714,"[0.9504126744821909, 0.948588713023568, 0.9486060670688188, 0.9417923964704555, 0.9482638939787879]","[-25.649096699035777, -24.230661339019058, -23.618959765610256, -22.915613951625676, -22.29184551224199]","[0.35198960766232973, 0.35966534244100284, 0.35966244401055664, 0.39598537628242647, 0.3609598041044474]"
715,"[0.9456262261330087, 0.9443190600747338, 0.9443211046407565, 0.9390469422401639, 0.9440487061846307]","[-25.45628218326609, -24.07990781834939, -23.468125442675234, -22.754772484744393, -22.14597991048725]","[0.540099919127376, 0.5347758186681539, 0.5347850510428872, 0.4986906275783458, 0.5359801447104154]"
716,"[0.9462169798630726, 0.9445911429298648, 0.9445959681210275, 0.9384181268084162, 0.9442767576913448]","[-24.439064487677836, -23.16677349328228, -22.554644291546033, -22.151433247224535, -21.251387745681548]","[0.15101612724960242, 0.14530165027521602, 0.14532139632367327, 0.20272194556213896, 0.14431101185600434]"
717,"[0.950165175138309, 0.9485558759349241, 0.9485631367589359, 0.9410634992480869, 0.9482069877438044]","[-25.46409146595578, -24.029775358520812, -23.41809955768452, -22.69329343732679, -22.088707480629083]","[0.42229414589712005, 0.39977265273348117, 0.3998305649546445, 0.31136604187983064, 0.39628288333491324]"
718,"[0.9598737536618692, 0.9595206407334395, 0.9595215806086456, 0.9562400548317705, 0.9594367560525663]","[-25.11223208782404, -23.689653690201744, -23.07793550685575, -22.39825892210341, -21.750752068963195]","[0.33549523204887705, 0.3403861128337047, 0.3403909849734675, 0.33688641655460905, 0.3412930954994282]"
719,"[0.9605083983085274, 0.9603821319347743, 0.9603860839774658, 0.9581923136214214, 0.9603284779942999]","[-25.088046232016804, -23.654422276222533, -23.042745004608037, -22.288892864075855, -21.71287809897041]","[0.2783491270317738, 0.28216453536667446, 0.2821578669351031, 0.3712537620433984, 0.28277480614815653]"
720,"[0.9593788228550382, 0.9584709915951034, 0.9584784319010763, 0.9545584107892306, 0.9583261689414418]","[-24.40899435466016, -22.992116238940547, -22.380391108604027, -21.735215307445078, -21.054480974742148]","[0.6159826525318408, 0.6647307745796015, 0.6646042503364121, 0.5821808939578239, 0.6700084971071827]"
721,"[0.9637864725159903, 0.962971222498658, 0.962977743002681, 0.9582087155844936, 0.9627979670435153]","[-24.79219222297394, -23.38783401107237, -22.776059780620404, -22.162352790986382, -21.452197947835735]","[0.68224014662575, 0.6785583039137161, 0.6785940445230405, 0.6139364326374742, 0.6776701584918272]"
722,"[0.961442629142465, 0.9605426276313125, 0.9605453715527023, 0.9558019511583433, 0.960356873294932]","[-24.198626107773546, -22.768930670694026, -22.157234563360113, -21.47989394339674, -20.829248838578764]","[0.7380716981490717, 0.7328427983179164, 0.7328592886973299, 0.676828668085311, 0.7319937599766987]"
723,"[0.9607653193305453, 0.9596454178386729, 0.9596473156498836, 0.9554479316842062, 0.9594288337754674]","[-25.058967610485144, -23.645073719712958, -23.033343349119367, -22.363487695533436, -21.707372652922448]","[0.4571296879718317, 0.46365606505596074, 0.4636592521551151, 0.4386563797360488, 0.46488091850794294]"
724,"[0.9595883780457017, 0.958893891986534, 0.9588965623042719, 0.9552551758202668, 0.9587168014948039]","[-24.497804135245172, -23.023392930084484, -22.411839617535012, -21.603700879235387, -21.076223159877028]","[0.6958722497725958, 0.7287463039584812, 0.7286490437527603, 0.8115763315009232, 0.7338742614364502]"
725,"[0.96225039446879, 0.961769195617638, 0.9617740374113567, 0.9583660188559381, 0.9616619374730586]","[-24.40207237956962, -22.957417152575577, -22.345781434056164, -21.627168385048666, -21.015281289762655]","[0.6450535999169252, 0.6825316436498174, 0.6824172866172326, 0.7822084246963916, 0.6882347683329761]"
726,"[0.9618265281110654, 0.9613381068065808, 0.9613477114764425, 0.9569260169117733, 0.9612346548803995]","[-25.102258152093857, -23.685687324240018, -23.073962537074575, -22.399670408110804, -21.74759181568316]","[0.435211351779784, 0.4570152754493151, 0.4569736844164202, 0.5240504781402512, 0.46098942076160854]"
727,"[0.9608452958215691, 0.960259955401285, 0.9602692108569862, 0.9567969983129886, 0.9601205076754196]","[-24.42659381708503, -23.003099748673993, -22.39137972693515, -21.72319563018698, -21.06428559992079]","[0.5981101206199231, 0.577582575059542, 0.5776416068275689, 0.5214370715280197, 0.5743495198807942]"
728,"[0.9578898485006583, 0.9572735819119732, 0.9572768477634939, 0.9540441292956238, 0.957128521968538]","[-24.796608697044725, -23.400385868103307, -22.788598705057648, -22.199868821020882, -21.466157629530333]","[0.18970048553700078, 0.1953487785960414, 0.1953288767365715, 0.22060510735545535, 0.1963490488178449]"
729,"[0.9609933885462765, 0.960196978230689, 0.9602098223216874, 0.9567161413830948, 0.9600588911494942]","[-24.83095919134072, -23.405292302582495, -22.793603003999007, -22.111354095490807, -21.465987068009657]","[0.44622891273353654, 0.43953588391770154, 0.4395858377298629, 0.351348606163651, 0.43647156040023555]"
730,"[0.9615527936965508, 0.9608873318081805, 0.9608997307761525, 0.9568038256592019, 0.9607415496059192]","[-25.07244931925216, -23.67482974376124, -23.063060794693644, -22.43726299765769, -21.73982028842549]","[0.24129296138980422, 0.24383236392400778, 0.24381671874892377, 0.2661589880888365, 0.2442704715881299]"
731,"[0.9592143422865207, 0.9586629420323004, 0.958674592712965, 0.9544791100964338, 0.9585048872091988]","[-25.077438137737857, -23.662443665881995, -23.050694941996152, -22.393789749937692, -21.724825049359072]","[0.3436625635775657, 0.3322241160634011, 0.33223049346837463, 0.31052320991621285, 0.3304605870623159]"
732,"[0.9603696429694738, 0.9599028025864743, 0.959904256037107, 0.9564903637818156, 0.9597726239514928]","[-24.749016750835814, -23.317305305266956, -22.70561590008525, -22.006872695272865, -21.37700491367209]","[0.6060447677166173, 0.5920691350552779, 0.5921095251442584, 0.5495348217443667, 0.5893285694661691]"
733,"[0.9605142610940828, 0.9598626716021287, 0.9598576829675081, 0.9552481984004201, 0.9596748413626599]","[-24.913040902538196, -23.50497400003429, -22.89321933601035, -22.261380122892394, -21.568611347171547]","[0.3614409127782422, 0.3783217642367703, 0.37824726464915526, 0.4335926109654331, 0.38124850027214907]"
734,"[0.9586319721617675, 0.9580106331522606, 0.9580082135764644, 0.9539611215177879, 0.9578550433040863]","[-24.70956196187051, -23.262324107984057, -22.65068315661104, -21.913022520707365, -21.31953330141727]","[0.4996884689156313, 0.5025779894126974, 0.5025666557842725, 0.515578273174155, 0.5033395791046996]"
735,"[0.9604626734988008, 0.9598352113032949, 0.9598359064928027, 0.9563896103575166, 0.9596567812987941]","[-24.34899213499296, -22.910490290020626, -22.298828732041653, -21.57600563319414, -20.96897465979613]","[0.16466767744581026, 0.16315886236826302, 0.16316040606670523, 0.16007892373685964, 0.1629627540522552]"
736,"[0.9598263268654074, 0.9588429527556098, 0.9588419795768582, 0.9543988432733935, 0.958663600131611]","[-24.941484260688675, -23.504763013347578, -22.893099093177884, -22.174851493388136, -21.563533864909424]","[0.14752411023813347, 0.14748441751830976, 0.14748623765004185, 0.1518913647187159, 0.1474880671791049]"
737,"[0.9601267148430271, 0.959397890561124, 0.9594004707218752, 0.9560091001702178, 0.9592556081412985]","[-25.15645748539101, -23.759167980755667, -23.14738475473019, -22.532578041796754, -21.824374232365276]","[0.2740449250300574, 0.2550560108603272, 0.25510807356605814, 0.181111163072997, 0.2496996705432159]"
738,"[0.9025423363595602, 0.9036642207870361, 0.9036619682962264, 0.9060694903339376, 0.9037973894651816]","[-23.008929405972065, -21.455631187434506, -20.84438612777139, -19.611033768874766, -19.489813832615617]","[0.8749589463162477, 0.9076540282766075, 0.9074590392961712, 1.0841073677846729, 0.9182473999402142]"
739,"[0.9370538466413454, 0.9368898337800171, 0.9368835088735202, 0.9348303117045795, 0.9368220189357214]","[-25.676028169283622, -24.228686662831276, -23.617045652358314, -22.85212395901545, -22.2853651551971]","[0.35407596049643514, 0.37036693665100584, 0.3702539694509711, 0.4095893808229388, 0.37458922275001943]"
740,"[0.9427009507887513, 0.9420713638731931, 0.9420795652829135, 0.9398536458355774, 0.9419793150660802]","[-24.921328500614145, -23.496458854318433, -22.884770405802055, -22.20616578534701, -21.557317859985474]","[0.40172690052042864, 0.39238564277880306, 0.39239578643007705, 0.3797741967610894, 0.3908969719418199]"
741,"[0.9419827028714625, 0.9419885070480014, 0.941987070383824, 0.9410503553790661, 0.9419535263487053]","[-25.474628709419214, -24.02914022592247, -23.417504052352083, -22.687112573998327, -22.08668069460532]","[0.4303914042900749, 0.42770942150734476, 0.42773506313169657, 0.42008828966777406, 0.42686489393857796]"
742,"[0.9464844674137111, 0.9462711060681154, 0.9462749199932403, 0.9444747632341669, 0.9462072305653482]","[-25.10369422919635, -23.660877417889196, -23.049198912018905, -22.321229906880255, -21.7187590660925]","[0.30922151586491364, 0.3311191956939523, 0.3310797355995159, 0.3970429562852672, 0.3347894724311197]"
743,"[0.9396448275726844, 0.9394343148094184, 0.9394337948160572, 0.9379915415050432, 0.9393573986222646]","[-25.20160986964056, -23.768600438687333, -23.156932863465766, -22.454307400996342, -21.828084662111095]","[0.31769516896985883, 0.3290533272880978, 0.32902819541482775, 0.38326818101200977, 0.3309885653928917]"
744,"[0.9450299022963755, 0.9444981957767726, 0.9445060830816787, 0.9416947126792224, 0.9444064430846615]","[-24.841416891179485, -23.381106084482507, -22.769532571254846, -21.942385777882787, -21.435121256740572]","[0.5947932003998461, 0.5701906031817753, 0.5702548089412376, 0.5550868026920572, 0.5651597284450391]"
745,"[0.9386379539333772, 0.9385839037604855, 0.938583872247999, 0.9376603386591598, 0.9385667022730845]","[-25.148379543911894, -23.72156860860655, -23.109863494292235, -22.420483000714956, -21.781994897752835]","[0.3922348883679961, 0.39116265964164393, 0.39114542248678197, 0.39210126934999245, 0.39094613391822813]"
746,"[0.9424752155579689, 0.9421452927913003, 0.942142490140336, 0.9397611288951153, 0.9420860033635424]","[-25.27879184916235, -23.844210558505967, -23.232548217308377, -22.52720863464359, -21.903474246593028]","[0.3959584749165848, 0.4059091353106766, 0.4058858963856287, 0.4094190140487398, 0.4073573618077695]"
747,"[0.9438979835883127, 0.9438650725734763, 0.9438595096635596, 0.9424578955995622, 0.9438231043427584]","[-25.024225349078712, -23.58727252845327, -22.97560066871916, -22.273277124292765, -21.64629624039925]","[0.3832959888200726, 0.3872262042715151, 0.38722483804623037, 0.39967957672706267, 0.38793204743837645]"
748,"[0.9438961615483755, 0.9438414135934912, 0.9438454527617549, 0.9425834394424131, 0.9438309305652082]","[-24.99958777776033, -23.60236490050738, -22.990598651077413, -22.365756028186006, -21.667428986795354]","[0.5935108700056712, 0.5400008084242286, 0.5401735228297344, 0.3908356607789949, 0.5297096469119681]"
749,"[0.9407640609274931, 0.940569755116611, 0.9405654139772, 0.9395372018059711, 0.9405138634278704]","[-25.393782185602515, -23.94754895853576, -23.33592166285437, -22.515644706078305, -22.00328427835905]","[0.4140628186231676, 0.40011533233140845, 0.4001488662985081, 0.3628144587302283, 0.3976396937467931]"
750,"[0.9469060296648231, 0.94695399994878, 0.9469592307943467, 0.9460352362884106, 0.9469131867998999]","[-25.05720313220949, -23.60235456550017, -22.990730561232404, -22.227685006111912, -21.658220100950604]","[0.37400697739074595, 0.3757940107325527, 0.3757891577996688, 0.3794243019907418, 0.37593672931242655]"
751,"[0.9487782956662649, 0.9486223847589503, 0.9486269133849891, 0.9469163529530185, 0.9485892269892292]","[-25.165557531663904, -23.723423862332247, -23.11176110308877, -22.37296319454761, -21.781185575276595]","[0.31065639059949407, 0.31492813845578194, 0.31489807847443874, 0.3924924128055194, 0.31625047947031765]"
752,"[0.9446969285452891, 0.944714559123037, 0.9447187888011418, 0.9438024208129666, 0.9447214966750745]","[-25.04675728434308, -23.586126727123236, -22.974523770974987, -22.194397707557002, -21.641023550359396]","[0.38061379422779007, 0.37766965548370923, 0.37769046714922744, 0.3818222882153569, 0.37720579366482876]"
753,"[0.9428612453129889, 0.9431490091596163, 0.9431500076456287, 0.9421769404818361, 0.9431513207872101]","[-24.721589917660253, -23.298835578960983, -22.68712023943711, -22.028251162015025, -21.36026722675609]","[0.39115466387496967, 0.3756927507574096, 0.3757520700893199, 0.33397085574323193, 0.3729840366100027]"
754,"[0.94377428317679, 0.943577318806022, 0.943579404038735, 0.9425334721883932, 0.9435493792295678]","[-25.308076939620012, -23.859446506099314, -23.247814913703124, -22.484779647757133, -21.916014176492947]","[0.3074193471183402, 0.32285962595153117, 0.3228212625489875, 0.3307009685873694, 0.3240268966532191]"
755,"[0.9441986542727017, 0.9438053318189251, 0.9438009551453431, 0.9424726905731635, 0.9437390313426127]","[-24.869188103344264, -23.426795546368588, -22.815125098571045, -22.096814471344846, -21.484904211448185]","[0.40776453357590153, 0.4120442129315696, 0.4120330404786508, 0.4432212490494311, 0.4130131689995903]"
756,"[0.9420022884137399, 0.9421230872513919, 0.9421246429033874, 0.9410438795145774, 0.9421367922549896]","[-25.19876038598141, -23.745715069112414, -23.13408712020325, -22.377091833975644, -21.801884687219044]","[0.43284253178438903, 0.4201305039907409, 0.42016628161892217, 0.40185894822684576, 0.4182590198661067]"
757,"[0.9419163627790099, 0.941860641517076, 0.9418620450997243, 0.9407061957445715, 0.9418334623785489]","[-25.14125542721431, -23.697292874197785, -23.08564148186797, -22.35464972990434, -21.754988738974482]","[0.4625469466732267, 0.46580187409056406, 0.465798909370022, 0.45582373789431474, 0.46635046080086107]"
758,"[0.9483345286955831, 0.9481172548608438, 0.9481252271952924, 0.9470538642725012, 0.9481208614280691]","[-24.66036954387744, -23.200450834414628, -22.588853755760688, -21.80224811014607, -21.255305147391272]","[0.24553173209533918, 0.24046250207890088, 0.24047847924323063, 0.22942364779598678, 0.23964393376197582]"
759,"[0.9486130362083842, 0.9484597833541193, 0.9484681088300787, 0.9463553274608543, 0.9483998112767059]","[-25.022548459384236, -23.576106987030197, -22.964455687604925, -22.227585818177264, -21.633419674772377]","[0.4170132006592085, 0.4071407316655934, 0.40717904033006036, 0.36978059132595015, 0.40526057199361853]"
760,"[0.9515267366656321, 0.9512354986603072, 0.9512331221071956, 0.9493767312017599, 0.9511471550851239]","[-24.773262774798553, -23.32511327113447, -22.713476809205257, -21.969006402050475, -21.382084647265483]","[0.44605729619094453, 0.4390831799333071, 0.4390920120967834, 0.43725538586326324, 0.4389025094392825]"
761,"[0.9600068196973656, 0.9594466983284357, 0.9594456850283439, 0.9561679976785906, 0.959302564639979]","[-24.879664165847906, -23.436217112512015, -22.8245512840436, -22.10616726482098, -21.49421102999771]","[0.3919927684721227, 0.3760170946730546, 0.3760668051437357, 0.3432417942509718, 0.3734204902376269]"
762,"[0.9547620065711085, 0.9542514471978883, 0.9542448550798507, 0.9510901734489279, 0.9541271580235547]","[-24.698274564152378, -23.264064891477148, -22.65241703462454, -21.92474745183807, -21.322965937054803]","[0.15697864888818477, 0.15735512027637075, 0.15732610866013302, 0.18686124683348046, 0.15900207858359536]"
763,"[0.9630269116215745, 0.961762098980788, 0.9617647493220212, 0.9557846762393439, 0.9614813637411]","[-24.730085300717757, -23.287421281935703, -22.675778757951147, -21.936152249384907, -21.34512518270019]","[0.4718033125610126, 0.47637939347537794, 0.4763758447244564, 0.4834133457013291, 0.4771841226996627]"
764,"[0.9619410602377421, 0.9611612102133298, 0.9611722472281121, 0.9560107565748046, 0.9609834050602019]","[-24.704509534259895, -23.25715193782126, -22.64552636889472, -21.886062735398948, -21.313949595814403]","[0.5658389909715354, 0.5655635831892688, 0.5655569093274804, 0.5681552317884478, 0.5656030482087337]"
765,"[0.9591570697266373, 0.9580577760846947, 0.9580574155744955, 0.9526679033677233, 0.9578208878830666]","[-25.26008279057095, -23.84148945552553, -23.229769516916864, -22.575316022436407, -21.90350260552212]","[0.2974792424411486, 0.3020019221376287, 0.30199442286889916, 0.3134324155583434, 0.3026342137622218]"
766,"[0.9594860674929409, 0.958403791281057, 0.9584053922168231, 0.9541000028222327, 0.9581840073194571]","[-25.213815482335217, -23.77672460685908, -23.165065005843054, -22.423461999228824, -21.835018267522255]","[0.34735693570176096, 0.3472147162327935, 0.3472113444813991, 0.32735949853779794, 0.3464516126941265]"
767,"[0.9588938559863095, 0.9578262015104093, 0.9578282691396086, 0.9526286927831356, 0.9575732060760683]","[-25.28918569196877, -23.842795921290445, -23.231148565299456, -22.47653416515548, -21.899772518105976]","[0.2799889608083957, 0.27999313120469915, 0.2799841518659562, 0.2894782461909812, 0.279962858461143]"
768,"[0.9565167501664937, 0.9555164083092655, 0.9555220574805579, 0.951586592180004, 0.9553166496511474]","[-25.136599324199697, -23.69466440709344, -23.083007409626994, -22.356481608005428, -21.752681277245564]","[0.6012889003068632, 0.6046510032400402, 0.6046342915880605, 0.5848648189555896, 0.6055317505354179]"
769,"[0.9583485707089596, 0.9577614128384282, 0.9577557334967283, 0.9533014307937111, 0.9576270459863374]","[-24.710761236842956, -23.257492264317104, -22.645871883942306, -21.888285040574374, -21.313640603197083]","[0.6543715298745308, 0.6261451733269173, 0.626258357699204, 0.5506113824618786, 0.6201317727991669]"
770,"[0.9588753665471291, 0.9584447082163285, 0.9584465255028455, 0.9551874362055732, 0.9583240541925502]","[-25.043365523165694, -23.610785907753925, -22.999117875239023, -22.302534490264765, -21.670429498238637]","[0.5052903996879723, 0.4965702438581498, 0.4965771165241322, 0.4839232934286915, 0.49489826401931275]"
771,"[0.9585361087756994, 0.9581545014761054, 0.9581561873171458, 0.9553222695293967, 0.9580606189283754]","[-25.023694857055897, -23.59048722822026, -22.978826705545863, -22.279564881770973, -21.650012924296743]","[0.5381101432811408, 0.5073596411747765, 0.5074786152050196, 0.429043263751694, 0.5026050055035841]"
772,"[0.9596847602140552, 0.9586916243990857, 0.9586950088754682, 0.9542425376837824, 0.9585203944564068]","[-24.722784239327485, -23.29574922773131, -22.684042119032178, -22.014928072200064, -21.356516138261604]","[0.44524723740255207, 0.43605875590276966, 0.43606926208400826, 0.4071912287134952, 0.43451051780875743]"
773,"[0.9603815628719921, 0.9599723852519066, 0.9599727424103419, 0.9570805227848714, 0.9598694682106006]","[-24.708956902744163, -23.276394008572503, -22.66470091132105, -21.961702670327444, -21.33591467321636]","[0.24870934424887464, 0.23316913255228233, 0.23320623791140058, 0.20536238538317944, 0.23068139104427385]"
774,"[0.9614884809260812, 0.9601564664986648, 0.9601644982731437, 0.9554201891930124, 0.9599283047842422]","[-24.748975150048683, -23.262056805646974, -22.65053141945783, -21.796413327653443, -21.312574065339895]","[0.259548351641491, 0.2510297350702119, 0.2510611692069695, 0.23305439719089627, 0.24966807389485793]"
775,"[0.960397895109685, 0.9598244231850857, 0.9598228350150809, 0.9565254720019492, 0.9597001121551413]","[-25.15008560126304, -23.69752964389941, -23.085897810695784, -22.328550572604552, -21.753766506003057]","[0.37362547394176665, 0.39497048098490634, 0.39491908015949717, 0.4585688396633064, 0.39843848663413833]"
776,"[0.9615875301814508, 0.9610397785506074, 0.961041720403727, 0.9571485336593363, 0.9609380658579141]","[-25.133453139513684, -23.688263558371478, -23.076628449276882, -22.324334160351246, -21.74543459360339]","[0.3618496373130185, 0.3510349382220508, 0.35106571490429384, 0.3069305451892319, 0.34813437106049555]"
777,"[0.9633431147495499, 0.9628344814552314, 0.9628290474886654, 0.9591531098518764, 0.9626906544451693]","[-24.803994155455005, -23.356457086297866, -22.744818942034694, -22.011210890009256, -21.413704079747365]","[0.6617428394803617, 0.6592311900380794, 0.6592477475113422, 0.6354982627289419, 0.6588225986710485]"
778,"[0.9620372221018186, 0.9616560572536268, 0.9616618757258635, 0.958258215523748, 0.9615517178146471]","[-25.011058345831017, -23.595845549838973, -22.984129488319496, -22.313301333011516, -21.657981184916515]","[0.49955188029885406, 0.514309778991458, 0.5142879123905911, 0.5538342591160628, 0.5169931998214221]"
779,"[0.9629492714061437, 0.9614711491397735, 0.961478422128277, 0.9555776660149792, 0.9611649071292087]","[-24.1423988435462, -22.712544046710168, -22.100859547419937, -21.4260635899075, -20.772888164667545]","[0.5970428890995358, 0.6027015567960275, 0.602688606818083, 0.5916565410900121, 0.6036722066348469]"
780,"[0.9660141475144679, 0.9643951165525103, 0.9644000468419679, 0.9582603722892442, 0.9641231920004755]","[-24.351574522128814, -22.88138548365508, -22.269817591961477, -21.4855174342921, -20.93513745927922]","[0.34618392673763837, 0.34898612887300556, 0.3489828937397578, 0.35395574794232426, 0.3494036224092918]"
781,"[0.959455743367505, 0.9591403402362867, 0.9591439028065227, 0.9566408752007216, 0.9590550044589063]","[-24.965525189094, -23.500048683456637, -22.888467241778702, -22.10090418194822, -21.55428071539472]","[0.49337674315146623, 0.5153909435900903, 0.515362381499971, 0.567273221239117, 0.5190353627736293]"
782,"[0.9595001561636289, 0.9586272255686472, 0.9586228643435296, 0.9544968211498681, 0.9584230228555969]","[-24.90382732620107, -23.449204478106903, -22.83759338603101, -22.06371949616538, -21.504895686141698]","[0.6584455296425338, 0.6521974359124856, 0.6522161511938479, 0.6008084900361268, 0.6507995681178571]"
783,"[0.9614688085694768, 0.9606943432868853, 0.9606959947858194, 0.9558933350837084, 0.9605216971691641]","[-24.841899403615283, -23.385159081491114, -22.773553506416278, -22.009981679527744, -21.44081665636202]","[0.44758575618155777, 0.438787728178321, 0.43883432335995864, 0.4439229597881722, 0.43723041936090384]"
784,"[0.9624563948361805, 0.9621030040685835, 0.9621050319283457, 0.9586413956040328, 0.9620075364921887]","[-24.971806126371888, -23.547036890884613, -22.93531929376071, -22.27291858925886, -21.608188802385182]","[0.29024663023937175, 0.27653329733688703, 0.27657162296109555, 0.2447885493012798, 0.2740674902774067]"
785,"[0.9035660149740495, 0.9047271640380997, 0.9047261532475114, 0.9079013760482403, 0.9049265794470197]","[-23.513731917922634, -21.975718916915632, -21.364353103796482, -20.34685587049826, -20.017210508050642]","[0.8931818259324404, 0.9277247939577018, 0.9276456738414598, 1.0049799443472434, 0.9331228357713784]"
786,"[0.9183757270460793, 0.9187077891190364, 0.9187006284015181, 0.9194671664155133, 0.918725490467307]","[-24.669765968610974, -23.22139441909626, -22.609783476095394, -21.7755959379109, -21.276603753267374]","[0.6114759723191985, 0.6237566632543377, 0.623709778080201, 0.688061378842998, 0.6276806488064646]"
787,"[0.9366240068501732, 0.9368173090113601, 0.9368123846230668, 0.9365708880640712, 0.9368380876939395]","[-25.697675537093726, -24.042445836843026, -23.431517854011286, -21.93429043797446, -22.058182985320798]","[0.2744000563040828, 0.40798831506831795, 0.4075805052999266, 0.6527232459945255, 0.4319516122773292]"
788,"[0.9297823841288407, 0.9301678766611884, 0.9301736338404719, 0.930016595028578, 0.9301957227206146]","[-24.20343550346528, -22.81593729445749, -22.204439583830254, -20.805427163594743, -20.86292778328148]","[0.4654070801746797, 0.3529436331145801, 0.35307826237750717, 0.3397168189772913, 0.34475162094456]"
789,"[0.9398272141965509, 0.9388402924918062, 0.9388397547029076, 0.9352119117554211, 0.938659930417631]","[-25.526933059538916, -24.093951790332664, -23.482348130903567, -22.551547632007882, -22.14886743183488]","[0.17053327683986325, 0.20014199553491271, 0.20002762483428216, 0.35830122696450684, 0.2060585297477866]"
790,"[0.9396870383537756, 0.9395068977435983, 0.9394943031213981, 0.9362339147491687, 0.9394353987917418]","[-25.434763925863777, -23.976980121418347, -23.365395095858613, -22.451121106893947, -22.029415937553168]","[0.37423967914685774, 0.3108997082167345, 0.3111017381567643, 0.19366421582553575, 0.29979059499848587]"
791,"[0.9310856622954772, 0.9310547674324309, 0.9310477936914568, 0.9310291295957142, 0.9310851526492255]","[-25.538725615311684, -24.052466683339983, -23.441014508197252, -22.387458669687376, -22.098528739074006]","[0.39574646590984996, 0.391803931728413, 0.39181791063574023, 0.3969271861030034, 0.39114124417231183]"
792,"[0.934360835305712, 0.9339296477928613, 0.9339386040485228, 0.9310116957270531, 0.9338236341135374]","[-25.66669510669703, -24.27823576498362, -23.666453940550248, -22.927360193445733, -22.34232572825049]","[0.39965689783854524, 0.3723120291876448, 0.3724076193960534, 0.30168423349078966, 0.3662035453591636]"
793,"[0.9387648443372153, 0.9378051461472355, 0.9378091299319026, 0.9331673182653487, 0.9376571021995413]","[-25.395169664332325, -24.046842220540388, -23.434934085831294, -22.85301901961801, -22.11864957708827]","[0.3788149850504596, 0.3830827274593338, 0.38305117292857116, 0.4540708432406778, 0.3847635008050635]"
794,"[0.9323794334328859, 0.9318141989269181, 0.9318107562622077, 0.9284231365564498, 0.9316929763877194]","[-25.63654283653407, -24.225601408385625, -23.61385759368561, -22.87333879675503, -22.286957683189392]","[0.2750906447703088, 0.2809649012778347, 0.2809401043294707, 0.3554652039992493, 0.28234249507344006]"
795,"[0.9447420281700888, 0.9444454603690396, 0.9444376560019867, 0.9417821580013482, 0.9443632790703183]","[-25.54569166736116, -24.104596147529325, -23.492946155513422, -22.76202427652969, -22.162623389725074]","[0.5858780526622587, 0.5968701535244819, 0.5968768723991921, 0.5854597130947987, 0.5955958828728999]"
796,"[0.9394353291679497, 0.9394533657556604, 0.9394403647107347, 0.937726099110396, 0.9394340198366102]","[-25.651036180414142, -24.212147184965005, -23.6004753902678, -22.866924048101847, -22.27037411278936]","[0.5776718333023092, 0.596846088446596, 0.5967554812688602, 0.6367506825233739, 0.6000312730218778]"
797,"[0.9469185627625903, 0.9462565705985306, 0.946257692788631, 0.9427866796273923, 0.9461214582010548]","[-25.391374664726285, -23.94969352628333, -23.338023912846772, -22.608628451150423, -22.007677029131692]","[0.42936035069384476, 0.41765099241594694, 0.41766747905559387, 0.38617775998232096, 0.41590530320415253]"
798,"[0.9445743579511721, 0.9439550202786682, 0.943957262112901, 0.9412102168826513, 0.9438270791381083]","[-25.075818361533706, -23.62230701016796, -23.010681862795064, -22.264181209536464, -21.67863801161091]","[0.6591400066100852, 0.6755938490153488, 0.675554364641281, 0.7135471444314692, 0.6783217106783203]"
799,"[0.9496446209735415, 0.9488414374134501, 0.9488498288172933, 0.9437610820114725, 0.9486409788638913]","[-25.08244193639096, -23.658270858940753, -23.046555561653506, -22.3545462591659, -21.71895987415728]","[0.5820873142685343, 0.561600151809562, 0.5616455211531133, 0.5176566308092171, 0.5580565685395963]"
800,"[0.9431916699916381, 0.9429899651358616, 0.9429988730734166, 0.9405153406403758, 0.9428830501711845]","[-25.506348025265737, -24.055354324866656, -23.443723049835935, -22.68052777051317, -22.111667846201204]","[0.44814413774943956, 0.4643286747999787, 0.46429217386208044, 0.5222373504761928, 0.46699264870205903]"
801,"[0.9462304963762787, 0.9456894730402265, 0.9456852140581207, 0.943014520500056, 0.9455459603081926]","[-25.554223630749537, -24.11370333813492, -23.50203724389765, -22.757613003968743, -22.171542729304804]","[0.34661693311188835, 0.35288893510890024, 0.35286449913518353, 0.3642153168693908, 0.35404186568705026]"
802,"[0.9023324925406843, 0.9022851742100796, 0.9022923645939698, 0.9017093272182465, 0.9022627373134148]","[-24.149551738898474, -22.76086075881725, -22.149095919897995, -21.36350376517108, -20.82404676644521]","[1.0267065948820735, 1.0211746013988705, 1.0211680164740986, 1.0027421617848598, 1.0202679887159845]"
803,"[0.9386043651103393, 0.938304645703029, 0.9383101952810845, 0.9353251288993719, 0.9381985420923803]","[-25.8371215790784, -24.39936570748681, -23.78768639007574, -23.072027794738787, -22.458035095538254]","[0.2810047516522898, 0.29084790257815224, 0.2908433403458598, 0.31798789238587866, 0.292432755744435]"
804,"[0.9489492443248321, 0.9479241591640611, 0.9479268463977153, 0.9432391427963456, 0.9477254351180081]","[-25.793482746677732, -24.353314936501715, -23.741697117298283, -23.001548293410476, -22.411328177544934]","[0.318818055216386, 0.32128110807276844, 0.32129659147001927, 0.3300937032137575, 0.3204062227763482]"
805,"[0.955213052963263, 0.9543652798308822, 0.954369164541372, 0.9498126361409737, 0.9542148598135483]","[-25.34656401104472, -23.91505142573283, -23.303400324848717, -22.590316078170023, -21.97454592258968]","[0.41240057233943295, 0.37418383819105844, 0.37431129489636417, 0.35036481945592657, 0.36766439488551567]"
806,"[0.952843903239178, 0.9514292452934576, 0.9514341574279532, 0.9446092883536354, 0.9511278115427948]","[-25.06084986182777, -23.64561181652194, -23.033869873912238, -22.387243010649282, -21.708131593231293]","[0.7021766480873346, 0.6848121486608871, 0.6848993587852638, 0.6418753072807754, 0.6821275727310684]"
807,"[0.95450514734121, 0.9540047322933431, 0.9540037338840743, 0.9499286254665954, 0.953891217357094]","[-25.30418485123597, -23.840922100619725, -23.22933746880508, -22.420292321238026, -21.894955968759415]","[0.309843179394838, 0.30539501567547916, 0.30540310305865465, 0.3102867070865913, 0.3050746600401084]"
808,"[0.9514773183780794, 0.9504087142748334, 0.9504171972608314, 0.944606098943036, 0.9501461324511797]","[-25.784846334255157, -24.365303248816712, -23.753593864525666, -23.0690987266549, -22.426670769111595]","[0.2015856677531318, 0.21401630131762153, 0.2139968181719542, 0.21987563608692837, 0.21637623693711744]"
809,"[0.955566724886777, 0.9546192536540942, 0.9546192830608172, 0.9497369813486347, 0.9544325815556814]","[-24.872769016974555, -23.39598760093098, -22.784427389115177, -21.97589359292511, -21.448541899251428]","[0.5085768993101866, 0.5034609309192927, 0.503489124275707, 0.492034827439503, 0.5025536798528786]"
810,"[0.9608883665505696, 0.9600230070101092, 0.9600175338628385, 0.9556157370351563, 0.9598712733896817]","[-25.171082127657783, -23.719245980076913, -23.107608928411892, -22.364532922235274, -21.77583200410454]","[0.37810782161538825, 0.37640342120854947, 0.3764112405686239, 0.37345809588563456, 0.3761396697262977]"
811,"[0.9530316063962593, 0.952251348578447, 0.9522598645409222, 0.9464250623600999, 0.9520604957896383]","[-25.622203187022933, -24.188993332364625, -23.577305254898942, -22.873085183066426, -22.248413278188977]","[0.14282570279101378, 0.14471539166652223, 0.1447056851690592, 0.15690788342137324, 0.14508566842985665]"
812,"[0.9583960456245478, 0.9579611971592741, 0.9579614596506656, 0.9541412956512301, 0.9578178243246999]","[-25.2368577620913, -23.811612998922886, -23.19991562236463, -22.524951207037777, -21.872487666783364]","[0.34283580763938915, 0.3371720677679943, 0.3372143863272115, 0.31919124662573484, 0.33619112781885596]"
813,"[0.9579421232817933, 0.9570368124785976, 0.9570359372103764, 0.9505452621088943, 0.9567500520433007]","[-25.032867460776615, -23.591388655362216, -22.979724397304594, -22.23891305479336, -21.649188055686707]","[0.48769036627116874, 0.47659130481129086, 0.47661437056673145, 0.45023797109104696, 0.47481912057899517]"
814,"[0.9444490128085439, 0.9443013628945354, 0.9443082774338891, 0.9401658613940619, 0.9441972280103206]","[-25.9945471788751, -24.504581091072843, -23.89307110578563, -22.991103659877968, -22.553755539228813]","[0.4398788604572907, 0.4491242338682708, 0.44912434791680145, 0.4452670275206822, 0.44865135565244535]"
815,"[0.9394503008306567, 0.9395299042935749, 0.9395329738064278, 0.9361992715043678, 0.939494845649861]","[-26.05898143965372, -24.603266930523112, -23.991643625069667, -23.17925366685057, -22.658093243901313]","[0.3912763388897444, 0.37187832104424057, 0.3719446188500352, 0.316371238879983, 0.3686370047984172]"
816,"[0.9368897382320094, 0.9366035610304031, 0.9366025180673934, 0.9330987774620655, 0.9364995650572551]","[-26.05238092282255, -24.57240044410445, -23.960875986019946, -23.0997485270271, -22.623552422791757]","[0.11440640023636892, 0.11974315848054562, 0.11973614671362352, 0.12840096670860318, 0.12068850930024709]"
817,"[0.9385177525792242, 0.9376805854895252, 0.9376888731734755, 0.9336341589289094, 0.9374933370690326]","[-25.58368989270759, -24.137759642018636, -23.52612158129808, -22.778017858233316, -22.194917023482546]","[0.1633771029876196, 0.1576313414142973, 0.15764337192610753, 0.14367728196804164, 0.1566841499221901]"
818,"[0.9425281510123962, 0.9404782011675746, 0.9404846511071988, 0.9333026777004261, 0.9401228318545738]","[-26.05627356373318, -24.61423121496989, -24.00258621708631, -23.2316453836595, -22.671425841779307]","[0.4109012592296882, 0.4379005890719095, 0.4377835875988167, 0.4489599249971069, 0.44276442371161195]"
819,"[0.9484458122447104, 0.9459939341365688, 0.9460141960490231, 0.9347427150023834, 0.9454748072041483]","[-25.816077882835604, -24.384020234053274, -23.7723284895139, -23.061589118258034, -22.443461754984344]","[0.333782515642698, 0.3244209299105206, 0.32443382029386764, 0.33479848177543653, 0.32327898868497357]"
820,"[0.9495787465221657, 0.9482802012652428, 0.9482964848744764, 0.9405274530246114, 0.9479907449695216]","[-25.908408771089796, -24.467606300662077, -23.855941657158816, -23.115601355917505, -22.525497913688962]","[0.43654903624879904, 0.4568572031956233, 0.45680887338776494, 0.4837266514307595, 0.46005808995997344]"
821,"[0.9496749508402029, 0.9484293035956236, 0.9484482686100506, 0.941826184277775, 0.9480987943292439]","[-25.777727233730847, -24.342539672018603, -23.73085381041394, -22.990561430565382, -22.40105170916331]","[0.3105727425910987, 0.2774455608705143, 0.2775881585374893, 0.2149921257846253, 0.2721370236681422]"
822,"[0.9402569265778553, 0.9399168129607891, 0.9399080852117548, 0.9341129652208733, 0.9396888625083857]","[-26.012759584379136, -24.523106443627125, -23.911592232113602, -23.0235837949133, -22.572606771110873]","[0.3130773259525963, 0.3065940508726235, 0.3066193293923524, 0.2847746109999447, 0.3055526840471236]"
823,"[0.9414338680850346, 0.9393934661547952, 0.9393929374912192, 0.9299499347666218, 0.938978512725615]","[-26.163350929274927, -24.6922690522686, -24.080677598910295, -23.24732309642431, -22.7449294066106]","[0.3280336328168555, 0.3406055595839825, 0.3405609850986141, 0.38258680122315597, 0.3426189044305416]"
824,"[0.9471915287628286, 0.9465649339665076, 0.9465619213775165, 0.9420032173018412, 0.9463756501537559]","[-25.58977478963367, -24.12891279205139, -23.51733061888659, -22.69583389104601, -22.182975451314352]","[0.39982354305486356, 0.38996143504553715, 0.3899704648237882, 0.3766812971688891, 0.39008002250109236]"
825,"[0.9349883647996613, 0.9344663027668062, 0.9344607017143405, 0.9307944807853294, 0.9343241364180499]","[-25.989528356632025, -24.48112692356407, -23.869624557397476, -22.95146931920004, -22.527945948574242]","[0.40021436456466297, 0.3809366108840632, 0.38098724550064805, 0.3496257090657277, 0.3790886573799366]"
826,"[0.9446753684654425, 0.9440499364979642, 0.9440526717764732, 0.9378642184134751, 0.9438430060889568]","[-25.98256654305436, -24.500646481333376, -23.88909779989038, -23.03105544852604, -22.551639697385948]","[0.3681938817387574, 0.3526216575568756, 0.35260086657519313, 0.36478288943458603, 0.3531884869089214]"
827,"[0.9402452130948251, 0.9387424503472787, 0.9387366943115657, 0.9322985712282358, 0.9384514965994816]","[-25.79716592933844, -24.316140051524393, -23.70464605494566, -22.731911944426187, -22.364722233291737]","[0.20202923822984398, 0.2009547832035682, 0.20092149958424085, 0.2585057868128884, 0.2028102998277101]"
828,"[0.9465234123910843, 0.9454711873678896, 0.9454811151463742, 0.9399131505442132, 0.9452176456669863]","[-25.664068060069095, -24.206407476218285, -23.59480835272301, -22.797963125779063, -22.261306079741875]","[0.29587726277068094, 0.31875916198835175, 0.3186897796796832, 0.38273935685146776, 0.3225494790159351]"
829,"[0.9457120062833391, 0.945197081047408, 0.9452097739983455, 0.9418102858813538, 0.9450848742504555]","[-25.750144923490684, -24.268072301833445, -23.656554742318555, -22.797946800189806, -22.319025552420527]","[0.4597448398202084, 0.44973341460260896, 0.4497430412297272, 0.42537904270788, 0.44811396590777747]"
830,"[0.9445010113219975, 0.9441502226859878, 0.9441540769876294, 0.9406061147463786, 0.9440057218557449]","[-25.719220778983402, -24.240484110756388, -23.62894886290637, -22.7679480445932, -22.291762194187545]","[0.3438415650274969, 0.33397502812686974, 0.3339570173333646, 0.3247010684966447, 0.3329172014119724]"
831,"[0.9417286630341049, 0.9408089937017481, 0.9408119016682507, 0.9337257814824639, 0.940581739021992]","[-25.887374449631203, -24.39564507197106, -23.784154910195248, -22.898035962379044, -22.444984951766056]","[0.33506777446200714, 0.30914767654734077, 0.30923513333824704, 0.24973969392729445, 0.30473767056836587]"
832,"[0.9389727485098596, 0.9382777039720303, 0.9382824282202306, 0.933993787178911, 0.9380660213964868]","[-26.09488621135836, -24.617096122067938, -24.005583934506493, -23.136709356535906, -22.668327943505634]","[0.493046052907053, 0.48369881960036415, 0.4837536769465309, 0.44901906192378616, 0.48189709225740246]"
833,"[0.939238644892022, 0.9394265783231064, 0.9394347788369023, 0.93691103663532, 0.9394317797503859]","[-26.013933620980524, -24.51667639229343, -23.905218235703764, -22.99129331220691, -22.564820778142806]","[0.32961068429500395, 0.3372879733211425, 0.3372514536447418, 0.3544858272831084, 0.3384686500754883]"
834,"[0.9276656838904159, 0.9271217524972022, 0.9271275556316144, 0.9249349455143928, 0.9270381459934086]","[-24.720945427959464, -23.263468896932768, -22.651925785978904, -21.650538001692418, -21.31397032439722]","[0.6577218377539461, 0.618241346117391, 0.6183579872111636, 0.5951576020009881, 0.6114943699503637]"
835,"[0.9415435970627932, 0.9411684982688668, 0.9411680742534347, 0.9361640160106871, 0.9409861477545024]","[-26.011201357877486, -24.553609006533797, -23.94198899808359, -23.132502695523012, -22.608267934174076]","[0.41199644064397184, 0.40394277815705376, 0.40391464624171497, 0.3687346250476229, 0.40251229222419604]"
836,"[0.9431645045347985, 0.942635934508857, 0.9426339381536207, 0.937314317120428, 0.9424675170025744]","[-25.694303261077412, -24.22785738453309, -23.61628847823875, -22.772921285471533, -22.280862059596153]","[0.2906669663042114, 0.2540777949856062, 0.2542383183778604, 0.20629734386417836, 0.24754268724344244]"
837,"[0.9401325526648334, 0.939718096991953, 0.939724474039836, 0.9358648988452989, 0.9396061120863741]","[-25.91532860029139, -24.420528926485254, -23.809050569163773, -22.927792643013046, -22.46962772174926]","[0.6425373411856715, 0.6368243083014146, 0.6368469723024665, 0.6076072177709809, 0.6356312499510427]"
838,"[0.9342285492795445, 0.9346145600404612, 0.9346098248257644, 0.9321817182501463, 0.9346128411887321]","[-26.103170266677484, -24.613407850789375, -24.001922192111504, -23.082258272680487, -22.662238341931463]","[0.37532055387135305, 0.3602018148382853, 0.36027125483283323, 0.37923778430511906, 0.3572019993467924]"
839,"[0.9452540232161039, 0.9454403054202046, 0.9454425912250305, 0.9412778573582312, 0.9453670095757124]","[-25.713840960775258, -24.228504830606504, -23.61698938325053, -22.74075421336819, -22.27873080696361]","[0.26862589348878296, 0.2624822756165988, 0.2624899448819725, 0.25249852822086544, 0.26188528643580555]"
840,"[0.9378343477733779, 0.9370287627880668, 0.9370225429083551, 0.9330645639261294, 0.936847876176111]","[-25.76961840935162, -24.33289398194236, -23.72135526961857, -22.58916269842711, -22.38240964209375]","[0.4133654580704683, 0.4250884681754037, 0.4249924771520509, 0.49072623283116845, 0.42400227871259166]"
841,"[0.9433292500888532, 0.9428479875835906, 0.9428554249818929, 0.9383412634377463, 0.942753857066769]","[-25.9368173489323, -24.460786592742636, -23.849241725423667, -22.995768033052418, -22.51250957721811]","[0.2755018139314869, 0.27126183663451203, 0.2712945127982032, 0.25654194968558147, 0.27063596664468104]"
842,"[0.9415687478516641, 0.9407284009239097, 0.940735068426982, 0.9347858660488333, 0.9405154347569892]","[-25.759810559910562, -24.313856054503557, -23.70225390700232, -22.855855714500752, -22.369098756482167]","[0.5919828176951024, 0.5958929686536129, 0.5958938689814247, 0.692760274365382, 0.6007475442156774]"
843,"[0.9400268376860466, 0.9392575989176176, 0.9392641727341967, 0.9346398766328593, 0.9390891009116591]","[-25.80692399437786, -24.337290408756726, -23.725715663219784, -22.89664382017223, -22.39020819170258]","[0.23429238951868156, 0.23105980037257137, 0.23106537354156578, 0.22548822803273122, 0.23052516840932935]"
844,"[0.9415200235801898, 0.9418944223267212, 0.9418999253453537, 0.9391855929133229, 0.9419362575764635]","[-25.829195109709175, -24.33515065760407, -23.723661529621264, -22.837826149728322, -22.384238917061467]","[0.445435698302662, 0.44663935683036743, 0.4466595757591622, 0.435435964590034, 0.44786847149194037]"
845,"[0.9295407958059929, 0.9294776357691934, 0.9294765097913421, 0.9274914395531348, 0.9294463442065871]","[-25.824212666896127, -24.255169664349815, -23.643982292837954, -22.382415769870786, -22.28695722045758]","[0.5219349911657699, 0.5482933541016913, 0.5482061495994338, 0.6190981182731198, 0.552690307806564]"
846,"[0.9440384806335312, 0.9438940650488522, 0.943907725383181, 0.941538971001794, 0.943844237939775]","[-25.86014895795297, -24.387972585772424, -23.77644339855199, -22.9102710938286, -22.43986872994118]","[0.278103085559096, 0.2668938378126526, 0.2669416537360557, 0.2814121628661116, 0.2652456578756409]"
847,"[0.942176971231569, 0.9419880625948718, 0.9419947044691653, 0.9394826530617355, 0.9419382877976139]","[-25.880050563277532, -24.372068553274808, -23.76063522892684, -22.814180394754565, -22.418356841668366]","[0.4494024828190843, 0.4702186962707275, 0.470176689078967, 0.4989685173253103, 0.47337296060387507]"
848,"[0.9411086049901181, 0.941493935186283, 0.9415011253958195, 0.9394089257340972, 0.9415128641661659]","[-26.035866965406314, -24.53521587123802, -23.92374853632626, -22.993016972463845, -22.58262569330564]","[0.23482463143688334, 0.2516193695154137, 0.25159976774801446, 0.26257787841104563, 0.25253357538654214]"
849,"[0.9430295348185418, 0.9424130449798697, 0.942420315913393, 0.9373484079546555, 0.942296502801403]","[-25.61238854453136, -24.127001436557034, -23.515470607540102, -22.659995253509774, -22.17765182684918]","[0.4830807588589545, 0.4785513364810651, 0.4785787193117633, 0.44151520436125874, 0.47712216886681086]"
850,"[0.9375382982475859, 0.9362582279777604, 0.9362773742249967, 0.9309420639234093, 0.9360327287686458]","[-25.896989705310528, -24.418235531044857, -23.806690883270576, -22.9533241175365, -22.469663485585954]","[0.2783352693771917, 0.27817762499707854, 0.27816371485945457, 0.2785983093365919, 0.27821417433481077]"
851,"[0.9339561836115833, 0.9340387800950176, 0.9340283874843106, 0.9312692538664445, 0.9339799633090803]","[-25.98141059686088, -24.498498915172693, -23.88697599605577, -22.960522949546238, -22.54789489921844]","[0.1662878339044626, 0.15555653798151586, 0.15559375690586597, 0.1371494075722015, 0.15387750827072721]"
852,"[0.9443791011145124, 0.9431776255067947, 0.9431806954158758, 0.9359992609162507, 0.9428644310923217]","[-26.004392157267972, -24.556250154334876, -23.944628983064206, -23.160003408353752, -22.612477135204223]","[0.29834324369019216, 0.3067623096921798, 0.30671306485110167, 0.35004565561948464, 0.3081920489333507]"
853,"[0.9425596210348343, 0.9420146861799381, 0.942019194320199, 0.9392623143701005, 0.9419166819109586]","[-26.064350422321887, -24.56682694644808, -23.95534598750653, -23.021059630407635, -22.614483958888957]","[0.33491811227734525, 0.3534544348103987, 0.35333323355526736, 0.47087480490583655, 0.35964179499357496]"
854,"[0.9448939832611483, 0.9441499584760171, 0.9441520804261736, 0.9397355760275978, 0.9440124798402907]","[-25.894420955492773, -24.440281087141145, -23.82868519325003, -23.02567918418855, -22.495481632121177]","[0.3220809125710998, 0.3354341052412768, 0.33539432732982283, 0.3560259787080631, 0.3368124361451975]"
855,"[0.9208838168792313, 0.919733313391511, 0.9197314812485771, 0.9203308953711731, 0.9197189860696225]","[-25.483439112277, -23.81898317657897, -23.208347790394484, -21.357148911790677, -21.8179985928039]","[0.5001469843975147, 0.6311795073273153, 0.6307217137661069, 0.9168362913710782, 0.6563022272967396]"
856,"[0.9394974637088694, 0.9387918146941756, 0.9387984134982015, 0.9338364686236854, 0.938583410246236]","[-26.079932941531695, -24.639255211372745, -24.02761835611815, -23.21403102992663, -22.6957622413858]","[0.4102476469788207, 0.42725356703131534, 0.4271882424474378, 0.424756338235406, 0.42941520205432865]"
857,"[0.9435879616800046, 0.9429623053776687, 0.9429552692499895, 0.9402288436000265, 0.9428725000852024]","[-25.601831606288265, -24.299525689545778, -23.687869682990424, -22.168972475440984, -22.352667667374906]","[0.3861658669898056, 0.3058778735532706, 0.3059234069249414, 0.4659160276810356, 0.3030599513232682]"
858,"[0.9400307273872294, 0.9383072997168939, 0.9383311922245172, 0.9313769769424278, 0.9379173323496357]","[-26.134728673884496, -24.696100673710163, -24.08451281465006, -23.242028430011803, -22.752274275630462]","[0.17587832180635035, 0.21020341614259355, 0.2100848341341117, 0.3037647241958309, 0.21598753956774255]"
859,"[0.9349714482690027, 0.9342565226691829, 0.9342662702694453, 0.9321977780786052, 0.9341709518578271]","[-24.68721393723364, -23.12189126941383, -22.510902036200946, -20.853430663564165, -21.13938430374859]","[0.5569381675865329, 0.6510154126384551, 0.6507063026626527, 0.8224802621983568, 0.6671619396839322]"
860,"[0.9511067699201888, 0.9496703607392284, 0.9496786967021982, 0.9429502280970553, 0.9493846096582654]","[-25.952919897478623, -24.519254011027236, -23.90757180949449, -23.14538533004835, -22.577555735882214]","[0.2827311043828898, 0.32064210374729407, 0.32058380076065224, 0.39524647973747895, 0.32418489208364043]"
861,"[0.9578537520987541, 0.9575093693229896, 0.9574987019902519, 0.9534343475513442, 0.9573741653749521]","[-25.614832771500755, -24.173792783078724, -23.562127808417298, -22.811514481220797, -22.23145886190995]","[0.27873642835159484, 0.27668389406645094, 0.27668238268107304, 0.2724607624999694, 0.27595451057521847]"
862,"[0.9455859944239653, 0.9443068886065077, 0.9443119415439902, 0.9387053019697941, 0.9440702003965376]","[-25.86636500889722, -24.41530009514937, -23.803674938373792, -22.983995019709454, -22.470473122253317]","[0.2849961992028507, 0.28525887005441897, 0.2852080466530113, 0.31105800990521054, 0.28656015194511686]"
863,"[0.9464399240842357, 0.9447692851596886, 0.9447698572163045, 0.9381879419904444, 0.9443577242535482]","[-25.917896756367078, -24.469620880474963, -23.857990667716763, -23.03269151338168, -22.52501786398956]","[0.27439355932139464, 0.28936047658085295, 0.2893461022632755, 0.36841738582644723, 0.29148057456232435]"
864,"[0.9387424402202029, 0.9378292091222636, 0.9378369966898347, 0.9331096923201057, 0.937656813885326]","[-25.944843835335863, -24.457702650648006, -23.84619802821374, -22.951300740659928, -22.507348860677475]","[0.2908959733219376, 0.2992216045677827, 0.2991935663946571, 0.29294159446324336, 0.29867970227107477]"
865,"[0.9362667518699492, 0.9355796733698757, 0.9355784414472968, 0.9299926979074713, 0.9353731913413038]","[-26.148960953929567, -24.655271743033204, -24.043810543993008, -23.035803481202596, -22.701648829132598]","[0.29733009544804073, 0.31661686389605853, 0.31654945679302215, 0.37674276626755937, 0.31964446531288493]"
866,"[0.9380907154080705, 0.9371382612741789, 0.9371425929258919, 0.9328007686160636, 0.9369628370463813]","[-25.815088945969954, -24.399487997052045, -23.787751744369682, -23.072322811690626, -22.460746779439454]","[0.5040404366587821, 0.5082542435740066, 0.5082804931519375, 0.5206042035850527, 0.5089312227007764]"
867,"[0.9434260299019805, 0.9417292761578006, 0.9417464833679862, 0.935393706812624, 0.9414082545781897]","[-25.779003391386823, -24.35207678085067, -23.740391866869988, -23.004630496147144, -22.411660999825486]","[0.12397696980871825, 0.11684639908087827, 0.11685205160136375, 0.14039906217335896, 0.11725688334861062]"
868,"[0.9552439160506464, 0.9546637126913247, 0.9546649797906228, 0.9493798235131775, 0.9545270512535933]","[-25.65838101114736, -24.2112641650037, -23.599651059164852, -22.739974402685142, -22.266078932596795]","[0.21452700472734407, 0.19400462990110093, 0.19404764635925903, 0.15260686971501358, 0.1896729074794312]"
869,"[0.9463046273585345, 0.9454276392379908, 0.9454175658131407, 0.9395675735637277, 0.9452005194764238]","[-25.870490664580963, -24.42864680260789, -23.81698676923524, -23.0472413965938, -22.48585593317083]","[0.2940441751854671, 0.31539166243267674, 0.3153143275023539, 0.36497774220560536, 0.31854852254601945]"
870,"[0.9541291288613791, 0.9529389739916826, 0.9529530596513166, 0.9478384501828653, 0.9526878154259085]","[-25.605822463625657, -24.152335632274916, -23.54072677630966, -22.761631830468772, -22.208069357539518]","[0.27614610243500254, 0.2961181981654477, 0.29604897485035975, 0.3057567670724801, 0.297945544988212]"
871,"[0.9373107044946436, 0.9375213232083155, 0.937517702434941, 0.9350335050848381, 0.9375260344817765]","[-25.73349842689791, -24.24677332122451, -23.635254484826483, -22.733555658531568, -22.296320798528008]","[0.39111002574564574, 0.3839524516370207, 0.38394296530250627, 0.3840593867499587, 0.3831524822255715]"
872,"[0.9243021987362093, 0.9222482622072812, 0.9222494044133417, 0.916302145062838, 0.9219213406287455]","[-23.558389859023805, -22.329806260630665, -21.71776894350755, -20.600296663208045, -20.406530700021598]","[0.9089460886853777, 0.8702723070437085, 0.8705137244420016, 0.7728349455201582, 0.8534399700092568]"
873,"[0.95223565870963, 0.950389886697762, 0.9504016733558646, 0.9416588359397656, 0.9499402504927293]","[-25.678895810446132, -24.243775250265266, -23.63209683233885, -22.903640626886826, -22.30252686177291]","[0.43049783946806885, 0.3877535608195643, 0.3878274879315978, 0.29516228668544153, 0.3822407578360498]"
874,"[0.9577600811003669, 0.9566119397534937, 0.9566210425473284, 0.9501077902035485, 0.9563864491453171]","[-25.684204576127392, -24.228356621949008, -23.61676730030763, -22.799758973942193, -22.283073484764078]","[0.3296623778946543, 0.3223446146616703, 0.3223765895877889, 0.35224770297282665, 0.32073459399119997]"
875,"[0.950410110081017, 0.9490023871706167, 0.9490095193291562, 0.9403673962361326, 0.9487312466358018]","[-25.91569687394309, -24.4847474851513, -23.873055164507665, -23.10048759852319, -22.54314234242469]","[0.2924061611781953, 0.29475464370239157, 0.29475118911422005, 0.32413322451583626, 0.29595154618085273]"
876,"[0.948622228537598, 0.9472698576423728, 0.947271538876735, 0.9403866347581278, 0.9469364804358962]","[-25.9567502117657, -24.513035259566486, -23.90141643024076, -23.083605525675367, -22.569101065941883]","[0.21321897210340582, 0.18151618336888867, 0.18163153871244708, 0.13896127855097762, 0.17605397693244154]"
877,"[0.9465065667525925, 0.9448978678621724, 0.944902234767651, 0.938936892747388, 0.9446449390056619]","[-25.935374024152882, -24.43969596124548, -23.82823776963673, -22.839814159623685, -22.486319166009824]","[0.3340971775754185, 0.3644193900997681, 0.36436876917717326, 0.22235812467019878, 0.3673509495650334]"
878,"[0.956489296823656, 0.9552856013479607, 0.9552959095735685, 0.9489460303779845, 0.955045242121367]","[-25.544032180277735, -24.132567947816817, -23.52082941018067, -22.874236245833448, -22.195559531060766]","[0.3040111619277471, 0.3102468019200305, 0.31023325659661477, 0.3146483909145734, 0.3116247053142727]"
879,"[0.9547268271033975, 0.9539243392648831, 0.9539252849915274, 0.9499963754946497, 0.9537668321875822]","[-25.298138517380483, -23.854355631355165, -23.242697572776116, -22.51944958043766, -21.91221937996254]","[0.22900350297756364, 0.2506216749973168, 0.25055645364966717, 0.30431406708025155, 0.2541890028915323]"
880,"[0.9547870290421174, 0.9542405695855748, 0.9542406045633157, 0.9510209791479086, 0.9541211633089502]","[-25.316867987924223, -23.875189131298946, -23.26355084966722, -22.531513638385753, -21.933150915396297]","[0.303295566679838, 0.29638697114186574, 0.2964037156049417, 0.2744240554493515, 0.29535469505734707]"
881,"[0.9549202862681136, 0.9536163832041245, 0.9536191581843475, 0.9484753903275379, 0.9533845676370737]","[-25.115661942454324, -23.719963617055228, -23.108192624170535, -22.452922598555105, -21.78469985492226]","[0.41524475469233935, 0.39509730036142904, 0.3951238059967763, 0.40672804522225625, 0.39369872351790164]"
882,"[0.9560708714071621, 0.9548409683738279, 0.954847243308654, 0.9473515868673125, 0.954601325055789]","[-25.536895106553025, -24.108052323070122, -23.49634989349934, -22.797104726749406, -22.16807241060986]","[0.4662119222561034, 0.49448010319942404, 0.49439678045087393, 0.5303469163276296, 0.49938733275958186]"
883,"[0.9535784326206741, 0.9526356794553847, 0.9526380938067606, 0.9465277892095766, 0.9524461190166927]","[-25.82013752988129, -24.388922626040035, -23.777262005094233, -23.0412135935891, -22.448027658936642]","[0.3585212346291674, 0.38076686851370106, 0.380731919810315, 0.42075046487818374, 0.38427809847403244]"
884,"[0.9600360473804243, 0.959464496358668, 0.9594682789009596, 0.9553197084799677, 0.9593419807140056]","[-25.29273317156211, -23.854953513428402, -23.24328009851552, -22.527224816160402, -21.913631275800075]","[0.37099316805681815, 0.38751322366967256, 0.3874542756999059, 0.42132637532190637, 0.39071381131012656]"
885,"[0.9547853019947573, 0.9541168994247712, 0.9541166985224186, 0.9498256731879094, 0.9539637633283613]","[-25.434491972464834, -23.984977427331984, -23.373356032353193, -22.61319713174725, -22.041519501588212]","[0.313976117843938, 0.31141592527311585, 0.31142272292723905, 0.2863074557294815, 0.3110670259807587]"
886,"[0.9569100142208394, 0.9558506822116888, 0.955855820720213, 0.9518292741323916, 0.9556598343859205]","[-25.50116442070598, -24.06548285057377, -23.453799725670827, -22.727284137611086, -22.12422387410384]","[0.36887436551005154, 0.34348910247752096, 0.3435788879220366, 0.2670545582114119, 0.3380915983784867]"
887,"[0.9581304793241756, 0.9570732137269267, 0.9570765202806825, 0.9524772909637006, 0.9568707458766879]","[-25.310532247372265, -23.873823443862605, -23.26215313322186, -22.549332206312812, -21.932698829370576]","[0.28140819333099787, 0.27273516151637317, 0.27274748528845355, 0.3007211790461595, 0.2732790415127887]"
888,"[0.9516796981785014, 0.9508988827053578, 0.9509086875500599, 0.9458770890144472, 0.9507126826816754]","[-25.217226208183106, -23.77424953542355, -23.16261135645421, -22.423046244568173, -21.831922219960504]","[0.45772168124208495, 0.45536979934639193, 0.4553858227993329, 0.4669894449290086, 0.4551775159981483]"
889,"[0.9438561940006246, 0.9426390082930799, 0.9426544861847949, 0.9376587011870757, 0.9424157835183099]","[-25.424556669393642, -23.979906464460747, -23.36826997872239, -22.63072595589687, -22.037431493405656]","[0.26469679314289657, 0.2800099254608327, 0.280022285439045, 0.2846888476304119, 0.2806882026730155]"
890,"[0.913528181745794, 0.9123262813731486, 0.9123316020783714, 0.9104229136966738, 0.9121454737852108]","[-23.889182952991536, -22.60789781059848, -21.995853885231966, -21.333539903480997, -20.687262256316536]","[0.6546908278934849, 0.6426036019131701, 0.6425998891112601, 0.6392807168491238, 0.641048185939029]"
891,"[0.9569372400952825, 0.9564145226336294, 0.9564213889796275, 0.9507065257181658, 0.9562673781266218]","[-25.765498485360318, -24.331454359904033, -23.719779164386836, -22.981556865830665, -22.390148422019845]","[0.3223935247589834, 0.3096658023946561, 0.3095844887554189, 0.34377583651040056, 0.3129385053275123]"
892,"[0.9570278962843927, 0.9562530766822398, 0.9562595001046539, 0.9525446956001354, 0.9560778637048927]","[-25.41718165829087, -23.97602563197345, -23.364370729961035, -22.63979082743348, -22.03418074029991]","[0.41245579790088566, 0.41073124601382854, 0.4107193664711374, 0.4001128341022845, 0.41000753632656806]"
893,"[0.9586964534210805, 0.9580076960934035, 0.9580139505082429, 0.9536671428942937, 0.9578744238178653]","[-25.261317960674504, -23.81508582259863, -23.203426819975967, -22.45436151859933, -21.872185938571974]","[0.2568802703677275, 0.239804900258559, 0.2398270306958031, 0.2257122436393848, 0.23768565219004378]"
894,"[0.9564391324960042, 0.9555476831530726, 0.9555465303544706, 0.9508366590443388, 0.9553477228649832]","[-25.476197981538323, -24.04336870828898, -23.431721756297165, -22.721433440115863, -22.102751314378107]","[0.38637942500283945, 0.3830690196400686, 0.3830730126207675, 0.38081185139253176, 0.3816757302548674]"
895,"[0.9597708507707562, 0.9586926186291117, 0.9586957791760111, 0.9529561880862459, 0.9583790501995473]","[-25.411696227278654, -23.97778084682052, -23.366114126711974, -22.641556551448314, -22.036772465757437]","[0.3144870330884788, 0.28666280444736897, 0.2867562206335133, 0.22953155721065843, 0.281066442190228]"
896,"[0.9597996752930001, 0.9585763773374382, 0.9585787590825017, 0.953348696229579, 0.9583220709235062]","[-25.15266232448379, -23.70718471615484, -23.09553376644088, -22.353986039943297, -21.764517807326058]","[0.4460885965069552, 0.4559977636775646, 0.45598508257599973, 0.4790845434690323, 0.45746599261345333]"
897,"[0.9626542650342742, 0.961778126815574, 0.9617919179117287, 0.9568848385646238, 0.9615782461403579]","[-25.246327674364352, -23.825213525410195, -23.21349238147113, -22.551424212802427, -21.886799315371338]","[0.279070851976901, 0.2845207375373602, 0.28450486081964854, 0.2943633741864741, 0.28512765634493725]"
898,"[0.9604994607892748, 0.9596975898621944, 0.959708660413365, 0.9551894001443986, 0.959544998638021]","[-25.223046701925764, -23.806242779334568, -23.19452171431699, -22.51375421501137, -21.868013326599222]","[0.435502709078313, 0.40097416123969926, 0.4010798163740323, 0.33563960091187045, 0.39521588028724525]"
899,"[0.9573797462802556, 0.9566694663341423, 0.9566705024479922, 0.952706015125762, 0.9564894272921178]","[-25.2771529139688, -23.8468974088464, -23.2352094755516, -22.50386022669476, -21.906168860957013]","[0.39062720974747156, 0.3744089554179081, 0.3744581185358697, 0.4519538535722398, 0.37564143451043125]"
900,"[0.9595161513866183, 0.9589324612428565, 0.9589344459637994, 0.955879078714296, 0.9588175761310576]","[-25.280085447122485, -23.8594793231998, -23.247781361455704, -22.571905403936952, -21.9208879061231]","[0.20717399567887418, 0.18279349364327008, 0.1828126278371253, 0.2009394403978766, 0.18176676642225081]"
901,"[0.9599633242681869, 0.9594555533209698, 0.9594632067500729, 0.9553440718965779, 0.9593198958151616]","[-25.109873369836752, -23.69460033013289, -23.0828700541739, -22.425045814755435, -21.75693503104415]","[0.34791555494949467, 0.33249482325066726, 0.33252158219184685, 0.2941991053664519, 0.3295353370360791]"
902,"[0.9612818466108443, 0.9604388372518678, 0.9604445294580127, 0.9549915652802884, 0.9602362991954533]","[-25.27393990095708, -23.844146557525384, -23.232460483756235, -22.53153612227247, -21.904021671932483]","[0.1736313909608735, 0.1723510716364245, 0.17234728149747383, 0.17286165388958094, 0.17200494375096992]"
903,"[0.9579835970628833, 0.9572286510068292, 0.9572301323221236, 0.9534414455657578, 0.957055665546095]","[-25.23878985434392, -23.79412439382399, -23.182493517758786, -22.41848936119591, -21.85113671064653]","[0.4233265276279025, 0.4313010849657237, 0.43126465216970256, 0.46503458853144847, 0.43411128542899236]"
904,"[0.9611154638376807, 0.9600128412721526, 0.9600207066551638, 0.9539221666153831, 0.9597394199851493]","[-25.207414080221092, -23.76480895735346, -23.15315562726512, -22.406615731919757, -21.822376219596357]","[0.28158463470480816, 0.2669761558739718, 0.2670162909297644, 0.20095581960044212, 0.26457450270446886]"
905,"[0.9611154888811754, 0.9606446524041538, 0.9606480438957475, 0.9553420792945673, 0.9604856622314076]","[-25.198685086864995, -23.789130090768253, -23.177379464538994, -22.5474232080699, -21.8526191214862]","[0.3770980536742855, 0.3547430484082663, 0.35479295961592633, 0.3107062845004105, 0.351805507248496]"
906,"[0.9582894778165977, 0.9579890529254466, 0.957991167333648, 0.9546166530241651, 0.9578774105161657]","[-25.034285934788517, -23.578016947899236, -22.96639758254295, -22.19696389127232, -21.63359503788363]","[0.38122341486300126, 0.33936542889439764, 0.3394218710702365, 0.3009336515007807, 0.33663163772109467]"
907,"[0.9594479671077193, 0.958570474283419, 0.9585756506937665, 0.9537720122437027, 0.9583849263754329]","[-25.328384779746347, -23.897394672673837, -23.28571026891987, -22.59188144620232, -21.957260452446558]","[0.28067480622673224, 0.283128166521461, 0.28310155214016636, 0.29884850065223084, 0.2837387268350505]"
908,"[0.9614498463553263, 0.9606857391606471, 0.9606853897387136, 0.9553062465137984, 0.9605204227943747]","[-25.238793221720076, -23.82593144724699, -23.21420491378273, -22.55660089547396, -21.88855593158973]","[0.2689780972396052, 0.2764564268493982, 0.27646309364065674, 0.3228729148532501, 0.27867313847552666]"
909,"[0.9621090323365351, 0.9616041206900411, 0.9616034796331361, 0.9576105113354466, 0.9614781899501187]","[-25.138983409162098, -23.668683596295413, -23.057135546071898, -22.228074644118596, -21.72156941634534]","[0.38787570609627425, 0.41944768120198567, 0.4193437880398147, 0.5106902544375918, 0.4247345629451686]"
910,"[0.8981371529814534, 0.8978914044511688, 0.8978906241914022, 0.8988390633082811, 0.8978575439678584]","[-23.80802576702704, -22.346016876526132, -21.73444718927615, -20.84156876749717, -20.3984616479868]","[0.7974448650677408, 0.7906404866540051, 0.7906538179244668, 0.7872950452431116, 0.7897119288520208]"
911,"[0.9397317267007059, 0.9374227614134536, 0.9374265914074731, 0.9332559190351136, 0.9371448378569357]","[-22.619826738440526, -21.125024515738968, -20.513570616590002, -19.507006965860977, -19.171312242423447]","[1.3407033209525572, 1.3743176757493922, 1.3742394629089678, 1.4579596460799438, 1.3796459791998514]"
912,"[0.9571892853460224, 0.9556710471679176, 0.9556708678036235, 0.9480088638392843, 0.9553545998155781]","[-25.37027168637136, -23.979517284298968, -23.3676930420936, -22.770797141552563, -22.045797160143426]","[0.4557619775049207, 0.43836385644739573, 0.43838495037987135, 0.3460368392961485, 0.43556035712424856]"
913,"[0.9585315465062655, 0.9578180231582027, 0.9578230623273303, 0.9530077790750803, 0.9576591715078283]","[-25.218215906338436, -23.80712914396285, -23.195370775893892, -22.555834426999482, -21.87026641189272]","[0.36197961892979613, 0.3601572056875031, 0.36016656437258815, 0.37214589384053154, 0.35965539959028264]"
914,"[0.9580787154702244, 0.9573756789005325, 0.9573818154656629, 0.9522612251931715, 0.9572158189957756]","[-25.095684711237023, -23.683410336689235, -23.07168220886987, -22.402818246131137, -21.74591094647855]","[0.38695543434447205, 0.3668810092387735, 0.36696954341280996, 0.2926972239804132, 0.36248130000833584]"
915,"[0.9584090959120197, 0.9577536256791984, 0.9577672205554261, 0.9532593438396257, 0.9576326396884817]","[-25.14202400033047, -23.74135577659989, -23.129572323553457, -22.51553586543903, -21.806171932926148]","[0.2619241192482586, 0.23846519445753953, 0.23853075217313324, 0.2011476746716574, 0.23464743437202917]"
916,"[0.9610103852060392, 0.9603767733194672, 0.9603757282052299, 0.9560120849933712, 0.9602309872613193]","[-25.14380014602475, -23.730164652641662, -23.118424042592682, -22.477108854133576, -21.79296738960029]","[0.32079111488893336, 0.30695459461685015, 0.3069958107236699, 0.28171501353830775, 0.3046635585862072]"
917,"[0.9592474623340689, 0.9589441289844476, 0.9589472509191382, 0.955442889255497, 0.9588534995521982]","[-25.272617148211797, -23.868277507086994, -23.256501681237125, -22.63030671539017, -21.932435649231866]","[0.30369175710691876, 0.3074945676563107, 0.30750197269871926, 0.3363410916792202, 0.30806814824334355]"
918,"[0.9597967039967656, 0.9589073656163326, 0.9589140774369894, 0.9542592931426231, 0.9587439776753154]","[-24.924499747624033, -23.478162799275722, -22.86652597193479, -22.141454328997355, -21.53571518360654]","[0.37185891894578, 0.38421699348472543, 0.38416572910929, 0.4244692881900385, 0.3862176186583944]"
919,"[0.9621084200086107, 0.9611266823920637, 0.9611323895106406, 0.9559615764976037, 0.9609160007958566]","[-25.210454072026483, -23.801398448492186, -23.189648978575384, -22.555675008347652, -21.864885575528945]","[0.40907133742988394, 0.4187449279597238, 0.4187532745345155, 0.3985897306921837, 0.4171319137975699]"
920,"[0.9589291891068875, 0.958164473075147, 0.9581735608016106, 0.9549024426283304, 0.958030176310161]","[-25.120499994311878, -23.699529856568482, -23.087820873005484, -22.420778265365847, -21.761033547150216]","[0.306217756716841, 0.31963872260545517, 0.3196083709542059, 0.3761155403538812, 0.32172741446265435]"
921,"[0.9620703624431474, 0.9613037297505641, 0.9613104196594269, 0.9563974080734406, 0.9611491179471543]","[-24.8843241116396, -23.467301742363194, -22.85557829914419, -22.202893292169946, -21.529521096234078]","[0.1846294633714554, 0.18125888678952376, 0.18127738749670969, 0.1738253135368318, 0.180052184944918]"
922,"[0.961603720948191, 0.9608787129755985, 0.9608829792866869, 0.9569843738867904, 0.960706756686741]","[-25.09494123017797, -23.67818015147763, -23.066445626618027, -22.42314807633233, -21.74058261216174]","[0.35761605428839455, 0.3636281592557924, 0.36362405197544273, 0.3582603536878803, 0.36459970169447353]"
923,"[0.9615923979428594, 0.9606914743496092, 0.9607010995895274, 0.9566281206674079, 0.9605391108486017]","[-24.895987568731936, -23.496199544976292, -22.884410744442317, -22.28849385639783, -21.56141357334796]","[0.35836866732165, 0.3700268130225506, 0.3699818222380149, 0.38946703519891623, 0.37215500271642304]"
924,"[0.9607721738952448, 0.9602101282558221, 0.960211065375732, 0.9552967902368268, 0.9600470093816124]","[-24.97513202617944, -23.536334371386122, -22.924674342767172, -22.210290858040903, -21.594934636689164]","[0.5178699947671795, 0.5303659910113498, 0.5303210458831399, 0.5612179239434221, 0.5324659281208756]"
925,"[0.9597963518559167, 0.9591474808341884, 0.9591516759452674, 0.9555807605660714, 0.9590192144904716]","[-25.071430655201535, -23.645490638794456, -23.033797498687804, -22.34133461362859, -21.705975026227932]","[0.3726591459077828, 0.3654029088211713, 0.36544309237352435, 0.37428758572656295, 0.3647890682198153]"
926,"[0.9604339820629727, 0.9596447585725493, 0.9596455368910539, 0.9555129980012691, 0.9594757128025685]","[-24.949654932846062, -23.531141962564877, -22.919417363508252, -22.267071904472655, -21.593188459877773]","[0.19051557869073504, 0.19716822476007845, 0.19715274889388726, 0.2166223738242137, 0.19827465634199865]"
927,"[0.9621907125638086, 0.9614696666039749, 0.9614733502694258, 0.9573593166400718, 0.9613042597478418]","[-24.864530890622806, -23.44733959850799, -22.835620588331427, -22.182213328253813, -21.509524729553288]","[0.5272632910591444, 0.5045449050029502, 0.5045932215277064, 0.4564312335534162, 0.5013176483821552]"
928,"[0.9550484573631162, 0.9540324674051726, 0.954035647989659, 0.9495904398230514, 0.953822197031952]","[-25.102507140179032, -23.670910054132957, -23.05921488904203, -22.361656771071797, -21.730638479390148]","[0.18384436001001178, 0.1884234165104399, 0.18840897069419119, 0.19830352170068455, 0.18917958651974312]"
929,"[0.9610817842417944, 0.9603917413063948, 0.9603951244921834, 0.9557834974971345, 0.960244053546949]","[-25.141769047882875, -23.7421810921738, -23.130400237610836, -22.522098881261417, -21.807227761484576]","[0.2736051256778581, 0.27324547150279493, 0.2732516656866094, 0.27339001600268253, 0.27188061197670144]"
930,"[0.960712966703977, 0.9600812875849917, 0.9600782809816155, 0.9560721633698585, 0.9599262138243146]","[-25.111478396403545, -23.69970956098562, -23.08796696588937, -22.45061199414419, -21.762801697216847]","[0.3256930983079512, 0.3249788704163715, 0.32498941357848954, 0.32006452906406296, 0.324865437048205]"
931,"[0.9620193801206575, 0.9613290721774066, 0.9613313193174451, 0.9578476130954287, 0.9611819143183834]","[-24.860714357042852, -23.44210271503312, -22.830384310753324, -22.167583838898395, -21.503964127001066]","[0.32851833233093053, 0.34484026443970855, 0.3447531227301757, 0.37017665150704615, 0.34722664274221315]"
932,"[0.9608640177813591, 0.9599127817799324, 0.9599172762878083, 0.9557384108972963, 0.9597090197028241]","[-25.084592428675453, -23.66788057422733, -23.056179862304344, -22.39560296667064, -21.73002245566439]","[0.37747222418891685, 0.37881990410788524, 0.3788097747782493, 0.39101482784357977, 0.3808229597060843]"
933,"[0.9622297689765201, 0.9619734481841005, 0.9619812339429262, 0.9583319833653575, 0.9619065483260424]","[-25.140036174255357, -23.71906542338829, -23.107357384356746, -22.391760797411234, -21.779710722388014]","[0.17009959965664845, 0.18874009777302647, 0.1887183674653339, 0.28534110791110295, 0.19099975871705643]"
934,"[0.9595245683469814, 0.9588294580545513, 0.9588344793001209, 0.9546088786206157, 0.9586642915034216]","[-24.90696947874648, -23.465803519767654, -22.854152946038205, -22.113806986401364, -21.52365351694914]","[0.2699501122895105, 0.2920559369810771, 0.291990415817503, 0.35052843944552675, 0.2955527306881315]"
935,"[0.9656760919985796, 0.9651756597392647, 0.9651873922900449, 0.9604601354125709, 0.965037208403112]","[-25.033965970311776, -23.620152876903905, -23.008435675213555, -22.317483778518763, -21.682090160462515]","[0.4990037067014867, 0.5114015979980802, 0.5113757961477571, 0.3877546358743515, 0.5080083699992896]"
936,"[0.9578007617331441, 0.957574490113748, 0.9575754782264918, 0.954825126599148, 0.957489541822575]","[-24.986572047444536, -23.564986668563304, -22.953276849207178, -22.289032111063637, -21.626481523951018]","[0.5325341014272806, 0.5366915948279322, 0.5367005894166373, 0.5363157609403258, 0.5371831162528055]"
937,"[0.9588887079986312, 0.9575084955639166, 0.9575144500798913, 0.9518601700770557, 0.9572551558764488]","[-24.967241993883242, -23.54554175195569, -22.93384783885282, -22.233697380521924, -21.606383639957826]","[0.3445997009239657, 0.31733654637300895, 0.31736073666915615, 0.3044672558670614, 0.3158685265563834]"
938,"[0.9631075726478935, 0.9624257871037637, 0.9624313370793095, 0.958864489029978, 0.9622889643239307]","[-24.93692970443058, -23.528836334540816, -22.917073320898194, -22.29010701614412, -21.592542982438083]","[0.19955238591490973, 0.19251932088585363, 0.19252919442122035, 0.2337467115558051, 0.19344105965082584]"
939,"[0.9631147927806393, 0.9627182416931692, 0.9627190337775483, 0.9594602596728712, 0.9626214038503869]","[-24.765928146621444, -23.323841395978555, -22.71218966937295, -21.97257353148326, -21.381599502719368]","[0.47485308423834605, 0.501111596015139, 0.5010326373566018, 0.5685138765750838, 0.5061280510875157]"
940,"[0.9623588643827874, 0.9618650509755857, 0.9618719926443419, 0.9584499959031398, 0.9617558752854811]","[-24.718692458169215, -23.26896113436985, -22.657323614563474, -21.924010252884433, -21.325961202229]","[0.38932198335908375, 0.39292678031318656, 0.3929339143255343, 0.39674661336779804, 0.393102609712494]"
941,"[0.9635493630184543, 0.9627376766744956, 0.9627388236256211, 0.9589609390286012, 0.9625908811259023]","[-24.93371497640464, -23.518938446321382, -22.907220730540526, -22.2632862947533, -21.581587719219556]","[0.40297463073494844, 0.4066077837040239, 0.40658354706300975, 0.40367969385714725, 0.406247233180542]"
942,"[0.9636187293360284, 0.9629223414174523, 0.9629253782788817, 0.9585079318423811, 0.9627514535715113]","[-24.67748753244407, -23.241717436392232, -22.630050726453067, -21.907751226353405, -21.30053431139356]","[0.5042428970297188, 0.5026261395305918, 0.502670121460687, 0.45015112050962386, 0.5008831747053232]"
943,"[0.9620415417821738, 0.9611706580372903, 0.9611772249335807, 0.9578737978776756, 0.9610167795308258]","[-24.710276765740286, -23.279921570807062, -22.668237815366908, -21.976016063652704, -21.339900087295074]","[0.3322744699029664, 0.312019534248319, 0.3120613611864439, 0.25920706626443324, 0.30908366348417526]"
944,"[0.9637159485373613, 0.9626009949350123, 0.9626048330131514, 0.9567203127352712, 0.9623876521276509]","[-24.674099619112447, -23.233665266837317, -22.622016679172003, -21.89454584499795, -21.2918510412011]","[0.3611253633429659, 0.39771473594965523, 0.397603524530848, 0.48384879880746023, 0.4035936306653571]"
945,"[0.9597658103669491, 0.9588561240023672, 0.9588487067177578, 0.954462345646864, 0.9586920416402746]","[-24.694364946180027, -23.281330416850935, -22.6695847043627, -22.04210481963161, -21.344448005667758]","[0.4745018619957032, 0.47519408666175356, 0.47518093050980353, 0.43073114169846394, 0.47569052039534815]"
946,"[0.9630595950101477, 0.9624718969243391, 0.9624705172209269, 0.958998263355318, 0.9623341139616196]","[-24.33041830909781, -22.950073365663524, -22.338227325757618, -21.813963669410924, -21.018768306729207]","[0.6008390774272433, 0.5841101034258365, 0.5841428541857261, 0.5270931019203936, 0.5815007152306567]"
947,"[0.9631866407630941, 0.9624634253271447, 0.9624641338489428, 0.9586346961720981, 0.9623040712466293]","[-24.684205813834417, -23.26646795230241, -22.65473255018029, -22.008666521649456, -21.3287026138582]","[0.5534131326819335, 0.5426629160170567, 0.5426628533691833, 0.5066328442644532, 0.5397448723661961]"
948,"[0.96480947303365, 0.963923807832872, 0.9639298437078762, 0.9592313050098117, 0.9637423332412876]","[-24.23660776657078, -22.80920555954139, -22.197500388097378, -21.51910069515928, -20.86975732528601]","[0.49527786180555544, 0.49917900077946104, 0.4991615816208838, 0.4854777756814242, 0.4994334353226073]"
949,"[0.9627373438085732, 0.9621521605621933, 0.9621540271133517, 0.9586330953321606, 0.9620241699977696]","[-24.84573087608946, -23.429780227306093, -22.818062565069503, -22.176494642215104, -21.49232350478355]","[0.2551040288054023, 0.2524001138146419, 0.2524047824292518, 0.24529518331054487, 0.2519740924884397]"
950,"[0.9649772835381141, 0.9642402170088196, 0.9642402960560685, 0.9601083763640811, 0.9640657941281093]","[-24.536414279047648, -23.10723776813659, -22.495555697992152, -21.801559885471683, -21.16731405714508]","[0.3533645252980476, 0.36231645155183073, 0.3623076733317951, 0.3836273050910973, 0.36371079648351423]"
951,"[0.910929060795008, 0.9111554330796384, 0.9111551957313473, 0.9135196895836598, 0.911109472723723]","[-23.796843004274884, -22.298091512803882, -21.686727905716566, -20.467074237724923, -20.338295552873767]","[0.7952480592670478, 0.8122607347837283, 0.8121982638082698, 0.987055764466118, 0.8155348863609861]"
952,"[0.9538370443630648, 0.9529341579539868, 0.9529310773677017, 0.9486837309999934, 0.9527398534703588]","[-25.362663234345654, -23.930797116225037, -23.31912530288416, -22.586821129149172, -21.989874155626897]","[0.2798821167216299, 0.3096593177372173, 0.3095686028435149, 0.4392400994083626, 0.31636793893926435]"
953,"[0.949937931867919, 0.9492615152402697, 0.9492568887477054, 0.9461664908823768, 0.9491452745011242]","[-25.136209142175627, -23.7020795182838, -23.09042083894409, -22.379690228284062, -21.761297477710222]","[0.36509731500879217, 0.3625096199242894, 0.3624847324871374, 0.36983385504999916, 0.3629533502917795]"
954,"[0.9531574978422641, 0.9528043817882671, 0.952812534773736, 0.9500405874073176, 0.9527241437523803]","[-24.430866435658544, -22.94261050990408, -22.331102810607668, -21.500196723451356, -20.9934784264483]","[0.4525242515745852, 0.45862360800145546, 0.4585931074675126, 0.4883565316431112, 0.459772069547674]"
955,"[0.9484018575008911, 0.9478859486260797, 0.9478971744560327, 0.9460736856705209, 0.9477886058343469]","[-25.26311354860093, -23.823202217501848, -23.211543884873077, -22.487842388383456, -21.881503312950503]","[0.3325223301284233, 0.3278592300687003, 0.32790267056203226, 0.30025259484927963, 0.3263221425984769]"
956,"[0.9571708330412712, 0.9569409504360632, 0.956941110284689, 0.9547097769397078, 0.956879677028169]","[-25.063040737711898, -23.60109591825795, -22.989500322334145, -22.194537789585016, -21.655558169150925]","[0.37201590663781975, 0.39483785566514207, 0.3947500935863034, 0.4836415882139876, 0.40019646945515186]"
957,"[0.9623436698500091, 0.9617809016164324, 0.9617920497177245, 0.9571161066360404, 0.9616196449896668]","[-24.924536211073423, -23.496023643337043, -22.88431558562709, -22.212241703278785, -21.556553215869645]","[0.35263835124615645, 0.3680543143531239, 0.36803231565904515, 0.38905428331824465, 0.3698069836722605]"
958,"[0.9637917527611077, 0.9628641834854549, 0.9628739178719383, 0.9576075759648093, 0.9626856616255198]","[-24.457118564469617, -23.023835667882462, -22.412156424046106, -21.711717169311406, -21.083320898663608]","[0.7358229352381283, 0.7518681293767785, 0.7518308125149832, 0.7763845150940009, 0.7546605785000912]"
959,"[0.9623592947094506, 0.9621504741432946, 0.9621608669699253, 0.95920425868796, 0.9620819314228155]","[-25.139995267812957, -23.698614177722284, -23.08694425440779, -22.355028769643106, -21.756588772058276]","[0.22264573021509643, 0.21388741235865316, 0.2138776873390228, 0.21545851552296935, 0.21374168258178652]"
960,"[0.963273626500315, 0.9626786942043479, 0.9626801599709305, 0.9580089882654965, 0.9625431743560888]","[-24.990445901757205, -23.556732625500587, -22.945039378534553, -22.243966797527982, -21.61615413939509]","[0.5710666397647992, 0.5670353205967337, 0.5670581666246082, 0.5510685224918139, 0.5662163563275938]"
961,"[0.9641111394371288, 0.9635963566229119, 0.9635999026453171, 0.9597657450843368, 0.963454095561854]","[-24.985912299598446, -23.53816618557951, -22.92651303558647, -22.18341198464754, -21.5951968931045]","[0.562582600038579, 0.5678139985701482, 0.5678360650796901, 0.5707224608003159, 0.5680571403470827]"
962,"[0.9625272846985385, 0.9622968356541681, 0.9623024121258195, 0.9590207084723026, 0.962238052610346]","[-25.074533035676833, -23.642127946526077, -23.03043813516298, -22.311971868618336, -21.701381440984317]","[0.25235266927914446, 0.24411163622784993, 0.24412405907136664, 0.2241646317154502, 0.24280572613934917]"
963,"[0.9608871983093126, 0.9600207722210791, 0.9600220844936526, 0.9551071880609644, 0.9598535496520534]","[-24.612410548323034, -23.154611411873287, -22.543005797417017, -21.766271707186707, -21.20988856062307]","[0.5635554696047713, 0.5383587713324745, 0.5384304238543677, 0.4790632664311465, 0.5344594633743062]"
964,"[0.9632849368473577, 0.9630142431963844, 0.9630156956294663, 0.959002503835155, 0.9628949437498645]","[-24.869288568585226, -23.442750123714966, -22.831039855861448, -22.15534397756244, -21.503442602013365]","[0.4673713674066448, 0.45409844720364967, 0.4541108370620349, 0.4205837608015331, 0.45198212476281285]"
965,"[0.9620161012903337, 0.9615258544381229, 0.9615287067693731, 0.9576879746894487, 0.961394580914992]","[-24.563999661943413, -23.106523756813388, -22.494899682377774, -21.741155655942393, -21.16226867412135]","[0.6554416330690208, 0.6938328751975762, 0.6937364679918894, 0.6891059333270544, 0.7007341652022187]"
966,"[0.9648481321170989, 0.9643369378265956, 0.96434106793273, 0.9601517528176367, 0.96423083640938]","[-24.684300455119192, -23.24502286268565, -22.63335075088588, -21.924668729944496, -21.30366081463279]","[0.5933501764988177, 0.5809248302854461, 0.5809473662710163, 0.5558916386265835, 0.5793826378201523]"
967,"[0.9657391862614827, 0.9651898423245164, 0.9651954627899223, 0.9609997730924128, 0.9650610632171999]","[-24.827370215006134, -23.38446124027538, -22.77280941386058, -22.050121799357214, -21.44244293532644]","[0.3193443990726054, 0.31581860842883885, 0.3158313099313521, 0.30842188845756596, 0.3152171911555194]"
968,"[0.9625635545340102, 0.9621878634531031, 0.9621947825140766, 0.9590757727874741, 0.962101105212219]","[-24.81856219194837, -23.375779664115385, -22.764114934525743, -22.037674904634176, -21.433692125318483]","[0.5083911465435452, 0.5147969582785152, 0.5147889190617013, 0.47633034343609976, 0.5155524685210537]"
969,"[0.9678157484602756, 0.9671036103383558, 0.9671066582893789, 0.9627130474703648, 0.9669764345942753]","[-24.418308964054898, -22.966904823803162, -22.355285555187038, -21.605839254299188, -21.023430975213245]","[0.5459491739501482, 0.5493935543822468, 0.5494105928687099, 0.5179978381394224, 0.5487272601600024]"
970,"[0.9660854290094253, 0.9649580002223281, 0.9649662363910531, 0.9594114415313086, 0.9647289829566436]","[-24.405235198195687, -22.97101017010156, -22.35933980251893, -21.65542598716247, -21.030335503490935]","[0.40338721873845074, 0.3987429284714635, 0.39874481746761037, 0.391078805504977, 0.39826882398006214]"
971,"[0.9634316768910839, 0.9624832725178415, 0.962484514126264, 0.9571005264266083, 0.9622300814965167]","[-25.175978472606108, -23.746882652364587, -23.135184422507365, -22.43733991585627, -21.80690414386072]","[0.34437851939336045, 0.3385117802184516, 0.33853019656038974, 0.3320775847275436, 0.33766215857399523]"
972,"[0.9638619789417481, 0.9633357219914994, 0.9633391791989406, 0.9589111797921607, 0.9631586224717975]","[-24.890655624761713, -23.44622233285084, -22.834579512526425, -22.0921410437675, -21.50366732917283]","[0.375443584176483, 0.37120496901639427, 0.37121599181371895, 0.3689866136198572, 0.37051492056500474]"
973,"[0.9632384174244975, 0.9622710283582812, 0.9622786920492151, 0.9571862177453494, 0.9620619437017799]","[-24.66750175489377, -23.236346437866725, -22.62467174411499, -21.926455875540782, -21.296123022980012]","[0.5589661159858247, 0.5645832246407506, 0.5645549139727712, 0.5660277016977158, 0.565600573356121]"
974,"[0.9615118456845754, 0.9608362390958887, 0.9608411027206235, 0.9579034789445814, 0.9607092910541891]","[-25.025073058890527, -23.605354477349476, -22.993641056732873, -22.32636665460457, -21.66702635759176]","[0.22919682573485256, 0.22097723943294054, 0.22097663210076243, 0.22814283405821645, 0.22141409662360328]"
975,"[0.9643542797095599, 0.963513024585334, 0.9635063379967266, 0.9592457549563962, 0.9633210643006503]","[-24.60868246725816, -23.16135085033223, -22.54971131259714, -21.792802226171375, -21.218187879711465]","[0.20394336189169135, 0.20232118471408578, 0.20232053419240778, 0.2047620078025492, 0.20209329826611852]"
976,"[0.9643735257642791, 0.963755143645698, 0.9637510782287587, 0.9586908819261526, 0.9635998391316646]","[-24.81786219668444, -23.397194230894257, -22.785485189036567, -22.0911900112208, -21.458262929564672]","[0.4168105581087741, 0.4257909532316325, 0.42575403516420324, 0.454755236827068, 0.42746709317392567]"
977,"[0.9502303773125161, 0.9490097655556857, 0.949017987754772, 0.9443558054139991, 0.9488085588329843]","[-25.321624761365737, -23.874335393936807, -23.262704073877945, -22.499189645392995, -21.931063486587153]","[0.48386075399294154, 0.47659318877007745, 0.4765926188760031, 0.39415564268028125, 0.47401735300372344]"
978,"[0.9006574389066028, 0.9003479083589618, 0.9003473803417923, 0.9005891317623614, 0.9003211483640269]","[-23.567140010680333, -22.122018082507676, -21.5104048918778, -20.671314368249035, -20.177500884128868]","[1.0762939479182627, 1.081720753764307, 1.081699605803284, 1.0705402979205072, 1.0822622310766095]"
979,"[0.898647158123413, 0.9017413189320408, 0.9017219327166986, 0.916536255368584, 0.9025653970981047]","[-22.534488835975758, -21.026492507175305, -20.415308907569322, -18.899953197962226, -19.05568695769941]","[1.2677836543333614, 1.2952167082378976, 1.2951486041831053, 1.403219568752322, 1.2989656604079574]"
980,"[0.8978788815873852, 0.900854755651317, 0.9008357376839399, 0.9181321329154603, 0.9019034128529274]","[-23.927128336243648, -22.412511771395256, -21.801324513368534, -20.310298421393092, -20.441953820499407]","[0.28196776105953447, 0.26610497576671804, 0.2661466668650257, 0.31639451783539113, 0.2641444156987669]"
981,"[0.9305610535881055, 0.930913256899115, 0.9309250839813961, 0.9303443933730823, 0.930939349122828]","[-25.511118187875354, -23.934594300442633, -23.323432782132496, -22.00575400909645, -21.963875300002364]","[0.44065539445447915, 0.4052073875492051, 0.40528035000248885, 0.3652752511435731, 0.3999246884865967]"
982,"[0.9265017153514041, 0.9260091202205831, 0.9260084346629951, 0.9233888706933406, 0.9259001690573225]","[-25.82322701700074, -24.33597415966662, -23.724544296417385, -22.637635306420524, -22.381097088186685]","[0.49964479316922056, 0.37074614610153017, 0.3709428480626244, 0.32038206676513237, 0.35885107266635763]"
983,"[0.934434408962543, 0.9342162777877135, 0.9342176139984584, 0.9312147817462247, 0.9341466173810595]","[-25.868438985994487, -24.384971973903493, -23.773523380974783, -22.66863863346711, -22.430022758823608]","[0.4154974279102851, 0.3717518421579557, 0.37177616149720133, 0.37691456358438297, 0.36793057600435214]"
984,"[0.9366948240793017, 0.9357448462707568, 0.935754940250326, 0.9305936567518932, 0.935527777282343]","[-25.681450085568155, -24.2403756099266, -23.62874282242063, -22.84858291301201, -22.29750055774749]","[0.4749420623901378, 0.4499895066724359, 0.45003194211202746, 0.4295568736518023, 0.44759031249304754]"
985,"[0.9369408733663576, 0.9361738181546985, 0.9361764786469013, 0.9335023852032024, 0.9360683041202665]","[-25.713696909341216, -24.298042992206717, -23.686303299757565, -22.943392681023557, -22.358782523429916]","[0.32940842401666054, 0.37489233610443656, 0.37479854921338895, 0.46064939315564285, 0.3809053344716338]"
986,"[0.9345519045812214, 0.9340326238910935, 0.9340378855036083, 0.9298651554352235, 0.9339085029561587]","[-25.61618874425, -24.18639043877126, -23.574673031741654, -22.865123221698912, -22.246092433136475]","[0.3084038338730983, 0.30011236435082234, 0.3001313567696134, 0.2831438585786511, 0.2983376644755646]"
987,"[0.9350362488172365, 0.9347414203415071, 0.9347385232758392, 0.9317370448059473, 0.9346410463295702]","[-25.628663585147798, -24.187519774656696, -23.575851986906716, -22.848331607491396, -22.245614729352454]","[0.40481645743918715, 0.4089428800993504, 0.4089187389442449, 0.41977849389838123, 0.40982692846668656]"
988,"[0.9401137079508189, 0.9398915918507446, 0.9398876370393695, 0.9372035848491077, 0.9398318052374682]","[-25.593779348668864, -24.157062052269062, -23.54537520608831, -22.803105243619683, -22.215373964330688]","[0.34294738839298716, 0.34925534087777416, 0.3492452018169726, 0.3684502245011958, 0.35032181236581234]"
989,"[0.94359444290593, 0.9431123930173712, 0.9431170532846821, 0.9411165938885236, 0.9430470774199484]","[-25.480388124072768, -24.038963375800826, -23.427299664056452, -22.678403680157118, -22.096615028332163]","[0.5727165726663286, 0.575326014389597, 0.5753241607296389, 0.5554346822698762, 0.5757141203482059]"
990,"[0.9507825757113789, 0.9499966830812833, 0.9499923113458465, 0.9445851720945508, 0.9498110535442778]","[-25.405319207175378, -23.98748899650941, -23.37574545453074, -22.710321540718336, -22.04937213867622]","[0.1581861844875339, 0.15784013681215628, 0.15783585983543383, 0.1530252489114419, 0.15783611632520905]"
991,"[0.9530146822996833, 0.9518090526251068, 0.951809146001697, 0.9450974879817627, 0.9515188428003063]","[-25.56375193347952, -24.12624666582752, -23.514575271912616, -22.785286844385734, -22.1847230917079]","[0.3065365632291172, 0.3172760391428812, 0.3172483380137918, 0.34969798034086685, 0.3192221803170488]"
992,"[0.9529879572235507, 0.9524166927837496, 0.9524275163915283, 0.9479703602731633, 0.9522967862459666]","[-25.36189657619207, -23.933652767544096, -23.32197022139799, -22.607897250854748, -21.993481943562518]","[0.3525302983149632, 0.34120674206714513, 0.34124363858547163, 0.307118696282679, 0.33846306872611465]"
993,"[0.9570362186046698, 0.9554900263752532, 0.9554886169837175, 0.9485476392286315, 0.9551536462653145]","[-25.287757004170587, -23.839660105355865, -23.228017633238164, -22.471893234746236, -21.896421095414357]","[0.4701824785795204, 0.48899571023641203, 0.4888898942273903, 0.5534556234609989, 0.4930860837526987]"
994,"[0.9579703372639995, 0.9563577753504572, 0.9563656519307993, 0.9492901887065738, 0.9560486633798151]","[-25.395296480163772, -23.959600268423483, -23.347934085241626, -22.622942891116026, -22.01836021700072]","[0.4446890924890112, 0.4247166826430948, 0.42478208838856873, 0.36494991206755567, 0.4211417808273373]"
995,"[0.9535385842842641, 0.9516903894033921, 0.951697566551207, 0.9433018640305355, 0.9513042977576837]","[-25.49710321531156, -24.066669562067787, -23.45499315538469, -22.72797323290609, -22.12599169639939]","[0.45623620013072685, 0.4687604757520765, 0.46875002907392, 0.5299957169129208, 0.4705389810100536]"
996,"[0.9543466362837446, 0.9528238291535477, 0.9528360869882386, 0.9463248014005797, 0.9525253455314352]","[-25.51121930775491, -24.095403171441465, -23.483687728369542, -22.819638414871225, -22.157576256012256]","[0.490431631723854, 0.461968552973679, 0.4620315386131013, 0.3960802788322864, 0.457212432281665]"
997,"[0.9573234441818147, 0.9565439746971608, 0.9565581883704057, 0.95122850742364, 0.9563374498760165]","[-25.247212712587505, -23.80728148262262, -23.1956267630573, -22.44513550428822, -21.86509264437555]","[0.34246975345602515, 0.3399851072622632, 0.33999805677672573, 0.3331007170857368, 0.339600280367424]"
998,"[0.956354532681019, 0.9557043093065289, 0.9556987731872432, 0.9495058063174433, 0.9555055633935373]","[-25.43739834107605, -24.016711647442893, -23.404995667143886, -22.70439250987733, -22.077658023552846]","[0.26767788523210617, 0.3109961279731432, 0.31090998940979436, 0.4284189000928931, 0.3176846556986779]"
999,"[0.9503360697675036, 0.9483018798590532, 0.9482932307293201, 0.9393742876352026, 0.9478831049351578]","[-25.82120728181812, -24.376899419441916, -23.76525281939001, -22.996675285418803, -22.433867480181494]","[0.31400008521688816, 0.3088753049203482, 0.30888327645535785, 0.2950386421520249, 0.30805658104227707]"
1000,"[0.9456943515834648, 0.9428643991054355, 0.9428606889748627, 0.9313987989489958, 0.9422729902710194]","[-25.932504532588183, -24.501571559231277, -23.889891062072493, -23.150496145033273, -22.56062818007344]","[0.3659972003256881, 0.36766247687346115, 0.3676552504083493, 0.37100119425850986, 0.3682552441792866]"
1001,"[0.9507345432544739, 0.9495548042309873, 0.9495616411673027, 0.9435952402827065, 0.9493312728675897]","[-25.731475136772133, -24.27367005961635, -23.66204011298455, -22.868481762894007, -22.328597607593146]","[0.32050617396915243, 0.31208551969496773, 0.3120809241656226, 0.3760411468151024, 0.3124906903633735]"
1002,"[0.9449220103589829, 0.9460261396542353, 0.9460199240291882, 0.9458545395531582, 0.9461435866683189]","[-25.921963928366903, -24.423314824008806, -23.811833684976246, -22.90285438042084, -22.47140010564858]","[0.19834263517345055, 0.16442810585432946, 0.16449526397175912, 0.17305341975198218, 0.16266720567808818]"
1003,"[0.9450192864938043, 0.9450657685661267, 0.9450830477287403, 0.9420513493480235, 0.9450539864721976]","[-26.09237187786321, -24.588673726841296, -23.97720810234561, -23.04867335255635, -22.635795005786953]","[0.26468557174008733, 0.293519833739713, 0.29342537198316937, 0.3643080202424338, 0.29815609876941046]"
1004,"[0.9501958676980701, 0.9495122254566092, 0.9495104694581562, 0.9445347149323989, 0.9493042730496357]","[-25.571711663983983, -24.105247587084488, -23.493674964527916, -22.67356499170939, -22.158698423730193]","[0.5396905536746307, 0.5490032223975565, 0.5489692658228306, 0.47854076126313105, 0.5482000170308885]"
1005,"[0.9490908398372663, 0.9489053765145844, 0.9489126836033519, 0.9442336075668716, 0.948736631115014]","[-25.683622063778888, -24.196288187093764, -23.584800013272147, -22.70769963061767, -22.246300543274508]","[0.3528243114729911, 0.3762880163917781, 0.37622244845875086, 0.41436740972211367, 0.3800168797870159]"
1006,"[0.9416440433084549, 0.9416206954290557, 0.9416098534286657, 0.9383883692840883, 0.9415259401746954]","[-25.85907248648977, -24.390525519884775, -23.77898687206152, -22.907897126130056, -22.442722218513882]","[0.441873043434261, 0.4208311719572774, 0.4208239431214572, 0.3907166777405863, 0.419951151874025]"
1007,"[0.9377193059013117, 0.9379505516531298, 0.9379482164759656, 0.9352938311467577, 0.937959526005999]","[-26.03931680719411, -24.54403054192866, -23.932511370962658, -23.02124945693551, -22.592396607370496]","[0.3573299582857236, 0.32715964082036525, 0.327257360560381, 0.25869477044180234, 0.3228211265402992]"
1008,"[0.9376335498071942, 0.9375941830721013, 0.9375998629495086, 0.9344569047206823, 0.9375406912645086]","[-25.838941947440695, -24.364371207917607, -23.752833736861458, -22.907225398298575, -22.416433425847703]","[0.39889283150722477, 0.38183796069334275, 0.38187322091673537, 0.3597840056889272, 0.3791909242333759]"
1009,"[0.9180684618682052, 0.9155299250061969, 0.9155416574236681, 0.910136156763415, 0.9151070969350211]","[-24.337608911131905, -22.895984993144943, -22.284408805093456, -21.32538674946954, -20.949282287330487]","[0.979179922323663, 0.9912563452254712, 0.9912062168670713, 1.0098006416361587, 0.9924461082591325]"
1010,"[0.948807139328461, 0.9472067682743982, 0.9472060426512044, 0.9404411939350933, 0.9469159038435975]","[-25.61784000567366, -24.21175989498034, -23.600007956060054, -22.920008206200464, -22.274804017502635]","[0.4061557386049411, 0.420899168368563, 0.4208592590422251, 0.33431515529699746, 0.42223089627883875]"
1011,"[0.9477892538095444, 0.9474714544375554, 0.9474589140205414, 0.9431958158139933, 0.9473631166193979]","[-25.390345118814906, -23.931293268572233, -23.31966956374341, -22.54051614125833, -21.986371817348413]","[0.42593868917444155, 0.4167203918260753, 0.41672755542564566, 0.4040194311682345, 0.41540870276944497]"
1012,"[0.940080994219723, 0.9394723827321488, 0.9394777255691595, 0.9351292475892816, 0.9393096578150952]","[-25.311729143682953, -23.84812577044764, -23.236585668783203, -22.324478230631748, -21.899985587344325]","[0.4372424370058894, 0.4509523221146377, 0.4509141044445958, 0.511000652947021, 0.45405837505581215]"
1013,"[0.9386218245961897, 0.9375426425150875, 0.9375518572476522, 0.9325352969722731, 0.9373347019780752]","[-25.99007759500025, -24.52148625035736, -23.90995118128711, -23.026151752019867, -22.573403285993734]","[0.24884199153226375, 0.24698506406853765, 0.24693863636035798, 0.30746269805440485, 0.2499819129182801]"
1014,"[0.9442624675987892, 0.9448539426749953, 0.9448437583820253, 0.9423240577134082, 0.9448499070852497]","[-25.948278648356315, -24.450376369300503, -23.83891035023259, -22.911629423125138, -22.49814450272513]","[0.4507944688486234, 0.44290517283640557, 0.44291672620138833, 0.44814475922649705, 0.44330904813784494]"
1015,"[0.942459271513102, 0.9425138617661175, 0.9425271253008036, 0.93864928155589, 0.9424291165048684]","[-25.89009810954619, -24.39220074524706, -23.780724651731468, -22.87113913048842, -22.4403565777158]","[0.3161545010938474, 0.3113196023595559, 0.31131878212886654, 0.26800645359422715, 0.30836955893471957]"
1016,"[0.9482036196367488, 0.9484077720953877, 0.9484178203619761, 0.94623513944343, 0.9483979401294923]","[-25.551319982260114, -24.08074376471622, -23.46920701334689, -22.593120774030904, -22.132619253253317]","[0.3254630484799702, 0.3083392540250023, 0.3084081690694037, 0.40624729822367284, 0.30532853093496104]"
1017,"[0.9433275435962948, 0.9432436117997193, 0.9432415155705275, 0.9396346845345281, 0.9431955725849416]","[-25.956429873884353, -24.493728437374248, -23.882158915183403, -23.01914387594983, -22.546735284139075]","[0.20776115018519478, 0.19081558811633442, 0.19086806546422252, 0.32912183163363445, 0.1877293537579424]"
1018,"[0.9420469481676853, 0.9414249848925726, 0.9414307991097665, 0.9365492171796571, 0.9412378120096938]","[-25.532697593350665, -24.068973858867253, -23.45739410072201, -22.641191863048334, -22.12281353428375]","[0.45853593463114745, 0.4496386044504939, 0.4496948355909663, 0.4103311867690186, 0.44746234452178996]"
1019,"[0.9154078600448964, 0.9156155041603756, 0.915618693878968, 0.9174830640250959, 0.9155870524515248]","[-24.937841166891943, -23.425022892904305, -22.8137142453959, -21.550960583115124, -21.462461576493748]","[0.6357234829140956, 0.6539018821150506, 0.653853784452205, 0.7304418329065003, 0.6574313526201051]"
1020,"[0.9379167216671873, 0.9366456951227843, 0.9366420199683801, 0.932480926931323, 0.9363855812210241]","[-24.715884623662365, -23.25274104412368, -22.641163312541966, -21.772301337567427, -21.305564579797355]","[0.12860141628956845, 0.13244633568859235, 0.13243488838320858, 0.14135393435503976, 0.13303245293939786]"
1021,"[0.9409772747618502, 0.9400360413863108, 0.9400420851907781, 0.9343298863033938, 0.9398192361084508]","[-25.665507467027147, -24.203477060419978, -23.59192941444699, -22.70140988121038, -22.255997339152152]","[0.3341919924207103, 0.3292114337563537, 0.3292215434725775, 0.3740700918623723, 0.32763373656205913]"
1022,"[0.947850666641795, 0.9468094640451377, 0.9468083698958284, 0.9408220626834104, 0.9465913624776219]","[-25.680339315169, -24.22342394289034, -23.611824433462154, -22.82072300428624, -22.278525162161976]","[0.33794241300449585, 0.3383689982437381, 0.33838920286669233, 0.3381632389746516, 0.3374694866391864]"
1023,"[0.9424885952124246, 0.9423568216999685, 0.9423621072851386, 0.9401392164415452, 0.942285225597579]","[-25.846687258225128, -24.361766673838453, -23.75024134062118, -22.859768389062037, -22.411750025264492]","[0.3388397299914686, 0.33415735115621265, 0.33420734591529505, 0.3062661924873488, 0.3321124319426857]"
1024,"[0.9338652384474823, 0.9346822687418902, 0.9346767736946179, 0.9330764957231308, 0.9347799860224357]","[-25.93907290843744, -24.473007976430207, -23.861440095499283, -22.994209997284425, -22.525541377490967]","[0.3518439069315651, 0.36008649347831684, 0.3600576211335614, 0.388544140588826, 0.3612750727573529]"
1025,"[0.9443188592786369, 0.9430371544217262, 0.9430437010754482, 0.9376906386968346, 0.9427936407679467]","[-25.739085767787046, -24.27525068717163, -23.663669725623908, -22.838479704869595, -22.32891050919508]","[0.255920987424541, 0.27143861662816265, 0.27138362134135413, 0.32515824829370016, 0.2744973879344377]"
1026,"[0.9339632165629099, 0.9339130438703566, 0.9339242674517326, 0.9312528167214236, 0.9338285677203233]","[-25.576355198139904, -24.16146956117311, -23.54977186363215, -22.71426942217125, -22.220503504513765]","[0.926738912932213, 0.8862100539789651, 0.8863160033389217, 0.7973374326546308, 0.8785337310112894]"
1027,"[0.9483108499278048, 0.9480514007149518, 0.9480544655007813, 0.9448326919562553, 0.9479660094327053]","[-25.827668941691286, -24.36241026206103, -23.750853975303507, -22.895712215011265, -22.415306566507986]","[0.342508302950874, 0.40645093939136284, 0.40632178645836364, 0.4691118520075584, 0.41422459633122266]"
1028,"[0.9493295382516334, 0.9481747496619689, 0.9481830228045639, 0.94125061453485, 0.9478769676524735]","[-25.287288510155282, -23.863115732016407, -23.251461305634457, -22.470777928836515, -21.922183098241426]","[0.38480294608670557, 0.39391518239238227, 0.3938812497752269, 0.4253914330959068, 0.3948363406693931]"
1029,"[0.9420412285774855, 0.9415242517261249, 0.9415223752980076, 0.9365302239173348, 0.9413347770879789]","[-25.814957337929, -24.344445287043285, -23.732895005248857, -22.883776692316438, -22.396871824689878]","[0.26207429086188616, 0.23176100915703188, 0.2318497402992029, 0.1616332118731663, 0.22677986794541544]"
1030,"[0.9420495133362681, 0.9418772454511992, 0.9418713713089749, 0.9364642780218877, 0.9416829367600317]","[-26.043866377598633, -24.53625555535003, -23.92480466925433, -22.965022821011154, -22.58226050332611]","[0.3325882378873108, 0.3213962226568914, 0.3214081406970662, 0.35202292725642076, 0.32176280615791697]"
1031,"[0.9478119482527949, 0.9463400130927454, 0.9463466153571836, 0.9397077087617856, 0.9460186624074116]","[-25.820152557009095, -24.35871808722943, -23.747143165798622, -22.925891042342883, -22.412727715955818]","[0.568980114895444, 0.6077084320355884, 0.6075929952161494, 0.6013076645048391, 0.6111424254350217]"
1032,"[0.9441555791048692, 0.9430973404015115, 0.9431123408957537, 0.9370258704922884, 0.9428417594656521]","[-25.657292445078596, -24.118134563358137, -23.50678213645512, -22.428352553794078, -22.157989332145423]","[0.5891056074091463, 0.6436010097780025, 0.6434761478784587, 0.7660511448153129, 0.6497312251573556]"
1033,"[0.9397101365925153, 0.9388421740424009, 0.9388485025873512, 0.9330496560504814, 0.9386326385349576]","[-26.126803515017567, -24.598631038285234, -23.98725217965957, -22.991558697709056, -22.64167125169549]","[0.2636702589291329, 0.2499420658280069, 0.2499991593713909, 0.230734662322883, 0.24784258333623782]"
1034,"[0.9415967335279415, 0.9418277124560516, 0.9418277518857842, 0.9391759850799032, 0.9417527328779438]","[-25.241816869528805, -23.7004339227983, -23.08908812372467, -22.02962513832776, -21.74054694915342]","[0.7108365336885898, 0.7379116244460631, 0.7378308721937957, 0.769714871657323, 0.7427562277073831]"
1035,"[0.9436108348611386, 0.9421458947927819, 0.9421478007515209, 0.9346638345893199, 0.9417787717187692]","[-25.04929654277536, -23.6058542855246, -22.99422774159717, -22.2213270145955, -21.662847768842333]","[0.1671941585357288, 0.20816432093963105, 0.20805867610811457, 0.17286179169718516, 0.21500382628814016]"
1036,"[0.9489531650071757, 0.9483338002432532, 0.9483353337670213, 0.9429141894881733, 0.9481685588446415]","[-25.693542755832066, -24.22785828718978, -23.61630026187762, -22.780489793471485, -22.281107835177373]","[0.4216123965392146, 0.43977845356052814, 0.4397068595803622, 0.5314012799159852, 0.4437802132178451]"
1037,"[0.9460654436746343, 0.9453137261705956, 0.9453130769334454, 0.939196882160382, 0.9450545063587112]","[-25.9964458839448, -24.50880688416755, -23.897306459804337, -22.990494813675912, -22.558136037477002]","[0.35788619813205874, 0.35904131212624935, 0.35905080731961847, 0.40393231897858095, 0.35901158288803464]"
1038,"[0.9416296770233454, 0.9408597256362891, 0.940862303635168, 0.9354249880413862, 0.9405936120374201]","[-25.968911498653696, -24.488612597493702, -23.87705944135115, -22.988128613745292, -22.53910393864023]","[0.22719765934504588, 0.2115929623782411, 0.21164926045773808, 0.17720751359418535, 0.207447817381492]"
1039,"[0.9431039438720069, 0.9413212891444587, 0.9413292523032911, 0.9329579143772647, 0.9409371009733873]","[-25.862889549994538, -24.411338754643936, -23.799727993289086, -22.925615324216512, -22.465335643252793]","[0.5694634201091129, 0.5222861170862036, 0.5223934995988275, 0.4085214578563324, 0.5149127204482662]"
1040,"[0.9447848536381247, 0.9443719617085395, 0.9443842703806014, 0.9385999080219946, 0.944188090813754]","[-25.866147667413443, -24.411729950958645, -23.800132270464655, -22.976460933903148, -22.466448476409916]","[0.24173802653631363, 0.24037368491704753, 0.24036383144643925, 0.24904655629961622, 0.2408008851558554]"
1041,"[0.9368659469233, 0.9373236685551466, 0.9373291597361922, 0.9355848324335648, 0.9373728835568199]","[-25.423601865879288, -23.948932145623175, -23.33740512675486, -22.423921244670943, -21.999523916029315]","[0.5222674653606892, 0.5217474690574405, 0.5216924718654781, 0.507633101280122, 0.5216839487041529]"
1042,"[0.9420294686543144, 0.9411205361784738, 0.9411364574505346, 0.9350006308237307, 0.9408747040405856]","[-25.68555096040254, -24.238274232298874, -23.626662044877996, -22.80946670416642, -22.293970159537132]","[0.1799087435314877, 0.18152055270692385, 0.18152837136308056, 0.20623053738783226, 0.1820702895610965]"
1043,"[0.934329493312286, 0.9338641998374544, 0.9338739340538955, 0.9305642140633582, 0.9337358501622374]","[-25.945019169677764, -24.484855082188954, -23.87329161175926, -22.993395811329826, -22.53780936095225]","[0.4403175780607624, 0.3648232721365547, 0.3650022894806688, 0.26032585499922845, 0.3526974326320123]"
1044,"[0.9518716738402156, 0.9516284324851968, 0.9516232755842559, 0.9483310295544126, 0.951551294634479]","[-25.41109027437951, -23.94249608670059, -23.330916230054584, -22.509699072298247, -21.99568982119827]","[0.3924690977366901, 0.4227621402228456, 0.4226621746380412, 0.3964885009297457, 0.42732951234315036]"
1045,"[0.9490952685840347, 0.9492119373639019, 0.9492215769788038, 0.9449540351489163, 0.9491861254423766]","[-25.606098182189385, -24.136535678603977, -23.524975776760073, -22.6913385863177, -22.189390992223014]","[0.3026406133591438, 0.3198146081725205, 0.31975234355557064, 0.3755047055348435, 0.3230134352794149]"
1046,"[0.9423657250967555, 0.942106852349778, 0.9421108715889208, 0.9378774967713159, 0.9420151047560609]","[-25.86840098702748, -24.40377741102307, -23.792225101124227, -22.93062738204328, -22.456625220031817]","[0.3240717316688582, 0.3130645841262166, 0.313084809771085, 0.28481255555361085, 0.31224131554363127]"
1047,"[0.9502330589815345, 0.949252301038204, 0.9492631135026403, 0.9429608742681822, 0.9489844847833869]","[-25.43664987737137, -23.9705598457233, -23.358983795700347, -22.540229807966973, -22.024088065571547]","[0.3421919012456407, 0.37301746307396255, 0.3729323035146208, 0.4566634644832737, 0.3782965103180864]"
1048,"[0.9480410089389082, 0.9484175006184167, 0.948418486972167, 0.9450901660681437, 0.9483620291981081]","[-25.740096329632447, -24.23377650378553, -23.622322240915594, -22.68633152098412, -22.280461618387744]","[0.24730547376694165, 0.2491932208887877, 0.2491935631518308, 0.26058748465276865, 0.24968617912825128]"
1049,"[0.942926361471417, 0.9419385358436363, 0.9419464256795405, 0.937008573289683, 0.9416785000196525]","[-25.598052501142252, -24.21836949128741, -23.60657601516206, -22.810910255890647, -22.28245027656644]","[0.543774685844765, 0.4837176952372792, 0.483899201067827, 0.29794317058567227, 0.47222370255037294]"
1050,"[0.9246839128501754, 0.9237413681133497, 0.9237488430696088, 0.9198366951000714, 0.9235498527638247]","[-24.210655960120842, -22.714383026350806, -22.102915321257264, -21.16145045864276, -20.76202048337795]","[0.9267150065681246, 0.9202644660002499, 0.9202657894960459, 0.8995735477754325, 0.9190809023161227]"
1051,"[0.948331534943083, 0.9465979630735919, 0.9466086077169478, 0.9389416246961196, 0.9462660012946117]","[-25.80972739950923, -24.379003930382535, -23.767312696353756, -23.028877881570992, -22.438096737862384]","[0.3409733342616739, 0.31727535482878855, 0.3173239229032343, 0.27857830032926684, 0.3137039934709321]"
1052,"[0.9477362752729934, 0.946815479287934, 0.9468234352239088, 0.9405332988315853, 0.9465909135833945]","[-25.814523992655857, -24.344206733787175, -23.732686113480952, -22.85747828866768, -22.396125638166165]","[0.31999483509366644, 0.29895933508754113, 0.29905349896230027, 0.26875359194340537, 0.29505399178654074]"
1053,"[0.9400333592637069, 0.9393289793474505, 0.9393264910385506, 0.9353623554046769, 0.9391601287020487]","[-25.695546015147993, -24.21842284758801, -23.6068758151821, -22.734542230765733, -22.269623208815844]","[0.2838763483527584, 0.3176360584597353, 0.31754557289165464, 0.3982328891442991, 0.3234877377037505]"
1054,"[0.9440534561844742, 0.9430267178683507, 0.9430298739933473, 0.9366788793150455, 0.9427943455306239]","[-25.869806224292535, -24.388311741289634, -23.776762094819208, -22.883862238070556, -22.438596766732797]","[0.5189418678871437, 0.5091105597907274, 0.5091616663650413, 0.5055928613743262, 0.5073903315631482]"
1055,"[0.9434888184984148, 0.9420388632583341, 0.9420431660091757, 0.9363853133676089, 0.9417908611463981]","[-25.567486921512394, -24.23877861163759, -23.6269953584158, -22.491779356260515, -22.301329143031367]","[0.5936372684120096, 0.5514523751189683, 0.5515640464721759, 0.7260731923988363, 0.5455008950022143]"
1056,"[0.9431808194768323, 0.9430748702337401, 0.9430766985426238, 0.93945909290994, 0.943020400288377]","[-25.8232556964596, -24.33843529503234, -23.72696209949387, -22.76675858738732, -22.38689307276588]","[0.41760931453343797, 0.4080056154939492, 0.40803637436390405, 0.4396788130444958, 0.40613935139815327]"
1057,"[0.9396678867978835, 0.9398213291189926, 0.9398163628879667, 0.9376415182633862, 0.9397655291862478]","[-25.850050644879524, -24.360455238720167, -23.748958619701938, -22.851402100627475, -22.409762831974003]","[0.49099736355641566, 0.5033302463864393, 0.5033159077029856, 0.48075579583558337, 0.5044977247563925]"
1058,"[0.9359443408872508, 0.9356683037892947, 0.9356548221643688, 0.9324119612843721, 0.9356013048603331]","[-25.75254469699549, -24.315926890163535, -23.7043037973464, -22.875953089660445, -22.372613615996435]","[0.3904711118802935, 0.34509308335098626, 0.34519763855102287, 0.26295009326806457, 0.33771604939432015]"
1059,"[0.9447905817733572, 0.9440372249503041, 0.944045317223077, 0.9388336867951125, 0.9438958851671528]","[-25.805697155615377, -24.33833908526578, -23.726829105717623, -22.67281862332652, -22.386436745568687]","[0.4325879550701939, 0.4001235565505383, 0.4002587939569805, 0.42795056057827346, 0.3954345491489264]"
1060,"[0.9504952802493556, 0.9492049953915049, 0.9492246485781656, 0.9414629446469841, 0.9489014174257278]","[-25.800071091101014, -24.338039085886017, -23.726471762995022, -22.845996081923452, -22.390750335837936]","[0.439800926722503, 0.42464996869887456, 0.42467001950494226, 0.3496703389619696, 0.4209665139278952]"
1061,"[0.9474944494739866, 0.947016311461417, 0.9470154125196776, 0.9407735433062694, 0.9468565013028005]","[-25.678436536602952, -24.239974964087367, -23.628340353239352, -22.839906620402356, -22.297232973098154]","[0.36393185335789074, 0.38353916865022514, 0.3835046167252797, 0.3602854556827892, 0.3844413340175329]"
1062,"[0.9509023907925818, 0.9498347934006266, 0.9498404540862364, 0.9425188991454695, 0.9495193678301099]","[-25.743418727169036, -24.286131766835965, -23.67454394539523, -22.868068434739257, -22.340905240888926]","[0.1976917088327036, 0.22505679806969053, 0.22487609304202796, 0.34120342221727495, 0.23381068067427702]"
1063,"[0.9467171629826537, 0.9456289306646537, 0.9456397568515901, 0.9387632078986626, 0.9453720801305215]","[-25.966769101559883, -24.49655285074943, -23.88500401793032, -23.02676774396754, -22.548820979168905]","[0.3451937333044675, 0.35000662697272794, 0.34997837974959617, 0.3695983841362531, 0.3512523482294387]"
1064,"[0.9450173697206632, 0.9435278993872718, 0.9435320594464075, 0.9362033770242747, 0.9432467409427165]","[-25.160378981387726, -23.726728674208637, -23.115053068688503, -22.39237958688101, -21.785757406073287]","[0.6833723826320977, 0.6901282286540882, 0.6901222233531062, 0.7025418947277079, 0.6908436943838218]"
1065,"[0.9462401548616007, 0.9443449462917946, 0.9443450570440242, 0.9372073857012196, 0.9440045623335339]","[-25.740605240073887, -24.290662770571846, -23.679041845726157, -22.87029813835576, -22.34620252960721]","[0.3567421603959347, 0.3739046455346003, 0.3738366004945546, 0.4227109779264254, 0.3774107395561168]"
1066,"[0.959376284269963, 0.9583232982398405, 0.9583253378379117, 0.951984806424327, 0.9580524655294874]","[-25.562600942675893, -24.112820788246207, -23.501206946097213, -22.713428059126947, -22.168810612455133]","[0.5254644919273995, 0.5605866648914696, 0.5604396574152736, 0.6235465020154767, 0.5667674357578195]"
1067,"[0.9553753741175174, 0.9540928285639478, 0.9541020131816255, 0.948915535367311, 0.9538549278509193]","[-25.32967290552385, -23.887580636969766, -23.275947695340925, -22.52732994491499, -21.94518620478796]","[0.410099279269664, 0.4176173113011639, 0.41761474649743696, 0.4372417772370497, 0.41885246149393324]"
1068,"[0.9524918352007934, 0.951229219307225, 0.9512259762042936, 0.9451685870518999, 0.9509803084771618]","[-25.42746956626247, -23.935208797390477, -23.32371618801563, -22.40527526892997, -21.983782772238857]","[0.45430323875114575, 0.4688944071146228, 0.46886392675599914, 0.5094516796664726, 0.47104357316594697]"
1069,"[0.9566499983688725, 0.9546238555644883, 0.9546297950629665, 0.9452037973568888, 0.9541956185237204]","[-25.73898972778211, -24.29941956593915, -23.687828451371345, -22.772554995054794, -22.353942619631]","[0.4307115371649148, 0.4395878155456797, 0.4395460560958413, 0.495962440891842, 0.442211211709817]"
1070,"[0.9615999066677701, 0.9606503555598717, 0.9606479265012393, 0.9543788572176315, 0.9604011688169948]","[-25.437031743050618, -23.994139151589, -23.382499507751575, -22.62694403661394, -22.051510691921866]","[0.24377303677224366, 0.265803542058906, 0.2657207832191495, 0.29725745234627715, 0.2696634986573587]"
1071,"[0.956805294701668, 0.955949549615896, 0.9559495105645072, 0.9512344212645194, 0.9557362423304564]","[-25.20213345914086, -23.746557729147085, -23.134955616665593, -22.3532171875413, -21.801994978428937]","[0.21284801927693003, 0.24086246449200993, 0.24078671702730162, 0.28804475181547823, 0.2452862119474244]"
1072,"[0.9551767885598166, 0.9538763788637329, 0.9538843338188563, 0.9460399990902592, 0.9535039408130417]","[-25.11672874691821, -23.68837116986479, -23.07669310317406, -22.382588381983325, -21.748558435040728]","[0.5046441842087751, 0.5115446911345144, 0.5115309420324146, 0.5144076631790194, 0.511833599483143]"
1073,"[0.959619184943074, 0.9587877386120802, 0.9587945060927612, 0.9529104447087977, 0.9586112343710298]","[-25.448719205560923, -24.028303326918515, -23.4165982124857, -22.705931077407637, -22.08911167193206]","[0.32119150528564594, 0.3281259482326894, 0.32811573142634276, 0.3335313130636862, 0.3285154213722473]"
1074,"[0.9266817289705205, 0.9248530328879637, 0.9248577707320212, 0.9180490887493327, 0.9245141328724548]","[-23.502140495491386, -21.938595912592657, -21.32728453014868, -20.28505793773131, -19.976905351159193]","[0.7781872576856798, 0.7829377606839829, 0.7829346006289973, 0.7954247977577991, 0.783713780012998]"
1075,"[0.9261399384249053, 0.925589313383898, 0.9255850612520075, 0.922054525610528, 0.9254508869260089]","[-25.71139216068463, -24.223876783975758, -23.612369604564545, -22.740175976193797, -22.27394559301394]","[0.18399074892832706, 0.18651043071220227, 0.18650195272842066, 0.19240192878774245, 0.1869296185844167]"
1076,"[0.9415544701634536, 0.9402679850278863, 0.9402778692607918, 0.9330465588608816, 0.9399049090042867]","[-25.84611466866013, -24.407095847539754, -23.795447067729206, -22.985448102700943, -22.463853304847568]","[0.32705050694793897, 0.3303018020409147, 0.33030106927708885, 0.356644197683514, 0.33104415826861794]"
1077,"[0.9385503828572339, 0.9371012526320694, 0.9371077669633072, 0.9308363812874676, 0.9367623002966887]","[-25.898587583771167, -24.451905701145904, -23.840266041777454, -23.037020773651193, -22.50790699843199]","[0.29536981324773465, 0.2825678694013924, 0.2826064981541015, 0.2640935019942905, 0.2808617097083676]"
1078,"[0.9402456355922039, 0.9398733489667341, 0.9398700375683774, 0.9358159295014947, 0.9397792351496034]","[-26.061578656930237, -24.628135235998453, -24.016507538704936, -23.263977599793545, -22.686681385566]","[0.2640038541924519, 0.29763695210190944, 0.29751436749238863, 0.44901589737155745, 0.30632276944312886]"
1079,"[0.9397481043766621, 0.9391273530159957, 0.9391304811033947, 0.9346898753722688, 0.938950597952115]","[-25.83207835665805, -24.389181545745704, -23.77754151261, -23.007368360776216, -22.446261425893635]","[0.21481970504752734, 0.20509565978552585, 0.20511447657726825, 0.18738427101782654, 0.20263731290366868]"
1080,"[0.9434525558959229, 0.9430644488749226, 0.9430667966272862, 0.9385390718786794, 0.9429229553670688]","[-25.828125376906705, -24.384439477171167, -23.77281356134401, -22.948636891384186, -22.44037765111498]","[0.3678572121614093, 0.33942592144932404, 0.3395408648298067, 0.29726803162370535, 0.33457474556537836]"
1081,"[0.942603120066943, 0.9411646083891063, 0.941152531129226, 0.9355851227840624, 0.9408629937630948]","[-25.8873220125284, -24.445712731929927, -23.834077674971354, -22.987755206173848, -22.501437393556454]","[0.4211200403080815, 0.4054504210160897, 0.40551396557937536, 0.3930532357369012, 0.4007076219608951]"
1082,"[0.9455225580183217, 0.9444664135422473, 0.9444641775082108, 0.9379175855110525, 0.9442065472849561]","[-25.502354879398585, -24.04181464112769, -23.43024020589711, -22.57740393094684, -22.095287934681675]","[0.4578241021612976, 0.4677548629798538, 0.4676888321480136, 0.49528192533295284, 0.46952753248155177]"
1083,"[0.9436912120535326, 0.9427586180161767, 0.9427630191165876, 0.9368815959640647, 0.9425350190101203]","[-25.85056484540344, -24.407901741817543, -23.79626979600704, -23.012617962857295, -22.464771829102247]","[0.1708263116484792, 0.16594471361951357, 0.1659508081578665, 0.15677277920933358, 0.1652621388450142]"
1084,"[0.9570465913645554, 0.9566032643607458, 0.9566004497157756, 0.9520615848508782, 0.9564631932572375]","[-25.538227120520048, -24.10354138270691, -23.491876045117536, -22.7659446353588, -22.162422043396713]","[0.3455710067497475, 0.3431835185978516, 0.3431776844386294, 0.275137147012458, 0.343235308470801]"
1085,"[0.957161807499325, 0.9560353304802273, 0.9560446692797695, 0.9490728208075029, 0.9557541277086367]","[-25.158786866001886, -23.70198458072253, -23.090391444396605, -22.261192003565913, -21.756330106907633]","[0.5072563741178232, 0.4971148113391338, 0.49715972058880536, 0.49992133466436744, 0.49527434278538374]"
1086,"[0.9599537126275806, 0.9592704938203697, 0.9592635597493849, 0.9538358230623528, 0.9590699641910032]","[-25.431810448194984, -24.0008228786915, -23.389144929688573, -22.66405505752785, -22.06013347505651]","[0.3525699341943404, 0.3631478917340861, 0.3631256491114451, 0.37784344915797724, 0.36572853381543136]"
1087,"[0.962239374639734, 0.9610063981977371, 0.9610157042577265, 0.9541734178780018, 0.9607544262702058]","[-25.39892300717961, -23.963851917316653, -23.352179763286482, -22.607163908687063, -22.02229924002754]","[0.2118496180908734, 0.22382726386443225, 0.2237880560652354, 0.2684203613363708, 0.22646316790706064]"
1088,"[0.9586383467832043, 0.9580498914314833, 0.9580575137977494, 0.9538274332626892, 0.957916619253285]","[-25.28250885457258, -23.85116407048019, -23.23948566675264, -22.50300892533983, -21.910211118234397]","[0.4658210671033028, 0.48766773846681766, 0.48771444856142415, 0.41632593817600133, 0.4863525468454731]"
1089,"[0.9600451745929551, 0.9591282376634008, 0.9591392697856015, 0.9523819128264837, 0.9588554026398614]","[-25.40909889138932, -23.972443729861915, -23.36076718945983, -22.623820303734497, -22.030882777493897]","[0.34916767724936226, 0.34260584121705073, 0.3426435788541651, 0.335147579223339, 0.34128845225645055]"
1090,"[0.9626957559097831, 0.9619830861011391, 0.961982341667445, 0.9574565320013759, 0.9617868362952682]","[-25.119664956665144, -23.680229388309307, -23.06856026002317, -22.346476547480826, -21.738613615548523]","[0.35732217712254155, 0.3512782535632441, 0.35123953360378846, 0.3383793069206169, 0.34993184592334586]"
1091,"[0.960321522691139, 0.9592598549911118, 0.9592641922280621, 0.9542231648015946, 0.9590466386950863]","[-25.256471614520283, -23.820928248479234, -23.20926113459472, -22.49210264198585, -21.879854688192314]","[0.3990974461812915, 0.43677514340357015, 0.4366180344003307, 0.4923790609316383, 0.44257576375544866]"
1092,"[0.9619567316570076, 0.9608804684902129, 0.9608895790998553, 0.9542340811390253, 0.9606322382741522]","[-25.26157181551384, -23.818724613955606, -23.207078107568673, -22.453946323820126, -21.8761476161213]","[0.39556051861842123, 0.3906178940243989, 0.39062941027403053, 0.3812854944663593, 0.39028248122575626]"
1093,"[0.9628682302155159, 0.9622240350143629, 0.9622244938594318, 0.9571867316595865, 0.9620577349134894]","[-25.08908731540349, -23.65407887843863, -23.04240778386212, -22.31954869297037, -21.71297215403396]","[0.22036203295465742, 0.24398270613583978, 0.24391952158151742, 0.32362247795056037, 0.24760976518830072]"
1094,"[0.9595846847342914, 0.9590182072985829, 0.9590175900255324, 0.9539340043346181, 0.958876419760891]","[-25.325063518119343, -23.89478545662357, -23.283090876567414, -22.57812073569866, -21.95453153542366]","[0.23178167180696763, 0.2529230391019549, 0.2526208719163515, 0.2690960972576555, 0.2513888035991269]"
1095,"[0.9616437254500172, 0.9608617239600764, 0.9608672321613672, 0.9562561863191068, 0.9606971689591648]","[-25.050383302055995, -23.61111143561721, -22.99944947506784, -22.26109526926479, -21.66922640211879]","[0.5578012701275323, 0.5268129169347273, 0.5268697975629953, 0.4764712738058489, 0.5242995494479264]"
1096,"[0.9624500693103067, 0.9617914141490835, 0.961785819434015, 0.9560621949551833, 0.9616238738786321]","[-25.138920818854096, -23.672964053800392, -23.061373768280877, -22.253764301800487, -21.726722906714727]","[0.3518951467610106, 0.3529489000026153, 0.35294094485539507, 0.3586833457184678, 0.3530992937381486]"
1097,"[0.9589858585121601, 0.9581502906111898, 0.9581519665233712, 0.9526015741856, 0.9579036514677215]","[-25.26671593279147, -23.82973694318443, -23.218088367520856, -22.481410845969183, -21.888147958385453]","[0.33342041584336324, 0.32658843962554207, 0.32657853659513936, 0.32841792331385955, 0.32601565674775723]"
1098,"[0.9612380938257586, 0.9598802955558866, 0.9598840084544339, 0.9529560163280253, 0.959606381081756]","[-24.85382898176209, -23.45986099077389, -22.848141198625637, -22.000277585958386, -21.521166716082554]","[0.28586652130483076, 0.2853804163383602, 0.28538110135211703, 0.3103929233890907, 0.2853048279122729]"
1099,"[0.9626307935985898, 0.9617899017980102, 0.9617938164245514, 0.9560264784503525, 0.9615744428695794]","[-25.319532706357354, -23.89767291339522, -23.285967413997717, -22.58701827026953, -21.958508489686853]","[0.19918280688782833, 0.23320394966398095, 0.2331472815107803, 0.2946407023725037, 0.23672120993477372]"
1100,"[0.9607677178232371, 0.9596100107506528, 0.9596173290166468, 0.9540619914535181, 0.9593805410012578]","[-24.897965568751438, -23.468590098871754, -22.856922828236442, -22.164232079626196, -21.52867863293034]","[0.5711931452944725, 0.5719710464871625, 0.5719821455767402, 0.5512103391267221, 0.571899152028004]"
1101,"[0.9637462929781454, 0.9626644678573061, 0.9626697602206009, 0.956732936899541, 0.9624126175993816]","[-24.937873314161507, -23.51137136483441, -22.899678488732622, -22.219597744117742, -21.57201028106714]","[0.4652222030113626, 0.4914391645188232, 0.49135313601843333, 0.5426783877804722, 0.4957137856325524]"
1102,"[0.9609577703708566, 0.9603747399462456, 0.960378570958172, 0.9552649478822102, 0.9601876808447666]","[-25.166267159439812, -23.72147629745948, -23.109848683482557, -22.36479926668623, -21.778851084496914]","[0.21643973097535796, 0.21698206365744913, 0.216970923750528, 0.22354348635638976, 0.21745235150188932]"
1103,"[0.9601230850776761, 0.9595909737942186, 0.9595996286176101, 0.9550719599957007, 0.9594313066608748]","[-25.21889247490303, -23.760569222571274, -23.148967963091312, -22.34848627206692, -21.815329219430662]","[0.24587382075862008, 0.2499369779358325, 0.24994380847202582, 0.3149793288268056, 0.25024405269657596]"
1104,"[0.9608578014141268, 0.9600002291627461, 0.9599994097835924, 0.953445039697865, 0.959744144449088]","[-25.08528300619256, -23.63763181076428, -23.0260087643658, -22.255330522090283, -21.694188040281176]","[0.5056157744779401, 0.507488736823963, 0.5074959060720755, 0.4788902723213277, 0.5069974894753502]"
1105,"[0.9641898732064441, 0.9636023123018722, 0.9636064367119481, 0.9587894532284582, 0.9634344144798754]","[-25.105178858583848, -23.668941755624104, -23.057275291291383, -22.322593457782208, -21.727466733514245]","[0.4384980875614256, 0.4436939013068341, 0.4437210882834596, 0.4222740932869825, 0.44158096294234583]"
1106,"[0.9571936539973344, 0.9565053675769094, 0.9565033299626294, 0.952707732837356, 0.9563554639130637]","[-25.174164112379547, -23.731969550916006, -23.120315226272176, -22.348205810047688, -21.78908699924104]","[0.2896745547198295, 0.34928699720658996, 0.3490604011158963, 0.42462514677470875, 0.36147113793473346]"
1107,"[0.9637365346519463, 0.9628562390440355, 0.9628616474607169, 0.9577561759968723, 0.9626763784650052]","[-24.950342385544385, -23.516488172340264, -22.904814863845537, -22.179691674659615, -21.57546367804511]","[0.38675296296041034, 0.422109338781748, 0.42200675748624616, 0.4455695722232276, 0.42802634128232825]"
1108,"[0.9644213515869674, 0.9631826399456584, 0.9631876336045773, 0.9570849829400335, 0.9629042973954824]","[-25.155886876611607, -23.70047714360363, -23.08887090714431, -22.3059751640773, -21.7559091056302]","[0.40136357848870136, 0.42576084765680455, 0.42571980461093856, 0.42233385202918244, 0.4290846324114789]"
1109,"[0.9652920566341162, 0.9637864801388047, 0.9637917757388914, 0.9553558983356256, 0.9634886902270813]","[-24.980674821211085, -23.551506353967035, -22.939816009378855, -22.196881303034782, -21.610691877760637]","[0.5672186662607823, 0.5278674033957241, 0.5279649528762085, 0.42947909201798157, 0.5213628685308689]"
1110,"[0.9618912004634107, 0.9612152678818967, 0.9612207695744561, 0.9564298400455647, 0.9610476464161511]","[-24.99733033989936, -23.560743732241352, -22.949078969660942, -22.21969090679691, -21.61932954739112]","[0.4261363080852952, 0.4151033794068191, 0.41513059495530164, 0.3644650539840265, 0.41329433490417955]"
1111,"[0.959935149807098, 0.9597671878441434, 0.9597703391570787, 0.9562137973315962, 0.9596894405397416]","[-24.98806771671628, -23.531306375498485, -22.919697814585597, -22.12300337841178, -21.586312934139315]","[0.48419058638407514, 0.4930645081634326, 0.4930579015421871, 0.5399460827621758, 0.49534457864566656]"
1112,"[0.9615878666174955, 0.960871324429267, 0.9608725354258597, 0.9562612945828325, 0.9606901913503813]","[-25.028101665612958, -23.604049638448206, -22.99234447636857, -22.29637125230667, -21.664695012965748]","[0.31908584697531656, 0.3283115689942186, 0.3282633808526341, 0.3942509325711976, 0.3313056233074944]"
1113,"[0.9632520488615276, 0.9625116877936103, 0.9625173359009384, 0.9574447424664866, 0.9623250772458595]","[-24.89897442947117, -23.454607800346036, -22.842955155794513, -22.09573921218245, -21.51196640254523]","[0.20736317241823507, 0.2145377156383089, 0.2145172461616163, 0.23085390982162102, 0.21569478130021752]"
1114,"[0.9612522394570456, 0.9600634097613556, 0.9600722762533688, 0.9545313148091701, 0.9598217292517682]","[-25.00229650759377, -23.56722101732244, -22.95554409520138, -22.19654470954175, -21.62541011060926]","[0.37002133992802577, 0.3542342012813777, 0.35428814525273106, 0.31593432052155207, 0.35170550499527636]"
1115,"[0.9630544517916048, 0.9614725397567748, 0.9614825914372745, 0.9531208075842235, 0.9611740723050471]","[-25.28371437628074, -23.854690823053108, -23.24300627287713, -22.47077065297367, -21.913334580480274]","[0.1352352108391191, 0.1379486279862909, 0.1379430645205274, 0.14472754574168456, 0.13842863395916272]"
1116,"[0.9643737736351136, 0.9625310257314124, 0.9625395336659986, 0.9544019465227603, 0.9621670096257288]","[-24.689846733978886, -23.28037658059809, -22.668618528113882, -22.03944472320088, -21.343879523277035]","[0.6922186519028545, 0.6683327183629716, 0.6684262545324058, 0.6148712664407205, 0.6646013355702127]"
1117,"[0.9602326924643719, 0.9590193275150348, 0.9590266047145574, 0.9524265213429913, 0.9587506081450706]","[-25.20031875960857, -23.77552580310879, -23.163831524476876, -22.466856187114814, -21.83607043434196]","[0.2393699932293948, 0.24587143351092133, 0.24584047969646503, 0.2852327304405011, 0.24771414793831728]"
1118,"[0.9619528145914686, 0.96144644094353, 0.9614476106558401, 0.9574287875539816, 0.9613014598720232]","[-24.86776789587034, -23.42310367234711, -22.811468869389845, -22.062053951283527, -21.480405460403635]","[0.47874207579194844, 0.4923095955337688, 0.4922756897150618, 0.47846157761430036, 0.49392345175071173]"
1119,"[0.9644559901773232, 0.963715638128774, 0.9637178961093036, 0.9575290237394652, 0.9635261811186518]","[-24.855690949403826, -23.398667364378802, -22.78707125554439, -22.026003435258904, -21.454338025127623]","[0.3011474126861032, 0.3006411833149794, 0.30063841067261254, 0.29990470292812266, 0.300562151121256]"
1120,"[0.9675420423418372, 0.9665287532268075, 0.9665265325135112, 0.9602297684426933, 0.9663064033442113]","[-25.025577904965097, -23.600209831510004, -22.988511434123307, -22.300486298584886, -21.6608464258258]","[0.4868587828449164, 0.48672173242562555, 0.4867373298668157, 0.5086388717842175, 0.4866539505766577]"
1121,"[0.9613692201102838, 0.9605146378249237, 0.9605131965161359, 0.9542206054786263, 0.9602570331435274]","[-24.99959142906673, -23.5151674170315, -22.903659876493723, -21.970022614616934, -21.56426097071982]","[0.3378817079084944, 0.3321440462570512, 0.33216973333956296, 0.38482080266079394, 0.33138209702915516]"
1122,"[0.963519550128106, 0.9623955446592325, 0.9624076612591751, 0.9564018456313412, 0.9621481993660421]","[-25.061260899102276, -23.645427800569195, -23.033711242921836, -22.305507268558124, -21.70643536581002]","[0.6109424809815602, 0.5984747105772087, 0.5985261741097376, 0.5467449829346506, 0.5949295437955792]"
1123,"[0.9613701267656254, 0.9606141976381005, 0.9606208022083504, 0.9553180904249673, 0.9603763393036217]","[-25.167525030678842, -23.71955161045997, -23.107899085980847, -22.349360142460668, -21.77628035520733]","[0.34851854823859546, 0.3422076771987504, 0.34220997238428363, 0.36968030817573266, 0.3410755453692507]"
1124,"[0.9537722098333881, 0.9525212925517476, 0.9525241097977133, 0.9458686667739598, 0.9522085208742939]","[-24.743499102812795, -23.289280394917984, -22.677650566439137, -21.90567879022748, -21.345047757008093]","[0.640683787801293, 0.6537510768098796, 0.6537194968310419, 0.6559272753879103, 0.6556367230351746]"
1125,"[0.9628869664823971, 0.9616051341916548, 0.9616179787084131, 0.9552220895196492, 0.9612806372106371]","[-25.415872387499682, -23.98880339823215, -23.37712981107458, -22.648710394980007, -22.04851494549254]","[0.26598089742770603, 0.26569824075629045, 0.26574006901265407, 0.2824366206235968, 0.2651801445131603]"
1126,"[0.9644587042246925, 0.963799580553577, 0.9638004796892087, 0.9579404304279725, 0.963628118731211]","[-25.00850252828361, -23.563731641984724, -22.952096930421174, -22.204829617885103, -21.621050527607665]","[0.258279105740883, 0.25549269461353963, 0.25549981912250197, 0.24904993294122335, 0.2550625674649755]"
1127,"[0.9611262698986558, 0.9601640771616731, 0.9601646359422757, 0.9545706096548554, 0.9599618599296298]","[-24.83027678537455, -23.39053314582824, -22.77888530316844, -22.004147034282987, -21.44790526224884]","[0.635971196828981, 0.6287364855360956, 0.6287995474736336, 0.588771879317111, 0.6265577467161586]"
1128,"[0.9589955811553338, 0.9585894487962175, 0.9585842449191984, 0.9548910204173987, 0.9584735443583254]","[-24.949284070271403, -23.43910938657964, -22.827674548894993, -21.882647332524893, -21.485181039372602]","[0.5640406677833202, 0.6076651861841135, 0.607559982993019, 0.6748230041483736, 0.6136928879355628]"
1129,"[0.9628204929621026, 0.9623863067796307, 0.9623855975972676, 0.9584403774985887, 0.9622639913444736]","[-25.158484194575703, -23.71872538684455, -23.107076607667743, -22.36947144005825, -21.776798848939443]","[0.4289714470094833, 0.42963331368116464, 0.4296319275873299, 0.4237103402504042, 0.42973773530750475]"
1130,"[0.9610230570046403, 0.9605872013421357, 0.9605845025743983, 0.9570500113524585, 0.9604762632663078]","[-24.947318190193638, -23.52472375803408, -22.913007092580788, -22.242435973694676, -21.585980353479265]","[0.33943188915048456, 0.35529063553028317, 0.35524993981306413, 0.3724402810635855, 0.35824472494650633]"
1131,"[0.9691289078433043, 0.9684416753488093, 0.9684414492946624, 0.96270437242633, 0.9682522186700704]","[-24.43127054435085, -22.985740292647794, -22.374082079130122, -21.65360408633663, -21.043449960115712]","[0.4882602683801693, 0.49163712577967283, 0.49162203163651863, 0.4962176132346816, 0.4921383029346375]"
1132,"[0.9620823890558653, 0.9604316814110775, 0.9604427156586287, 0.9515443302778769, 0.9600738412916152]","[-25.266486795805243, -23.83295064122465, -23.221277903027005, -22.4980140037907, -21.892001968689396]","[0.4186108120004026, 0.38995043278809666, 0.39004723934672075, 0.31468958501054844, 0.3853799566950284]"
1133,"[0.9630692516808474, 0.961861406269879, 0.9618619161070836, 0.9541929765642247, 0.9616011748548897]","[-25.278529313510763, -23.841026706272352, -23.229370393969123, -22.48993415485709, -21.89932890473149]","[0.447140217145635, 0.43385136720726697, 0.4338824519482545, 0.43033841819596524, 0.4327519022981718]"
1134,"[0.9632182509991871, 0.9618082965723324, 0.9618065848869427, 0.9557751230748375, 0.9615835070625764]","[-25.32730151404636, -23.895483563022914, -23.283788501633314, -22.570175353914898, -21.954891327235813]","[0.3673212660343909, 0.41057465630863665, 0.4104720485250848, 0.5330647817248552, 0.41762543721886103]"
1135,"[0.9632469626739426, 0.9624155694631654, 0.9624206042072396, 0.9580174716870322, 0.9622396800360045]","[-24.7914659153111, -23.35058725619517, -22.738938446940914, -22.009286098310035, -21.40867427367248]","[0.3285196694215187, 0.34866770906561595, 0.34861010241145163, 0.3916163983564094, 0.3518834205238582]"
1136,"[0.959678146856834, 0.9586822655307707, 0.9586943356213469, 0.9512204497652854, 0.9584411904560429]","[-24.773143763216456, -23.330875065889003, -22.71923812467618, -21.966510817884313, -21.388379156148734]","[0.5840855093468345, 0.5632373627389546, 0.5632979754766806, 0.4833935897193347, 0.5592192163665989]"
1137,"[0.9568588494479281, 0.9553562932036632, 0.9553589620048175, 0.9458558067550816, 0.9549420009060389]","[-25.531327030624873, -24.127484347342236, -23.51574196351497, -22.8536568472145, -22.191126806998057]","[0.21335124731279445, 0.2215950504372787, 0.2215721497053611, 0.23813423801126576, 0.2218506122402368]"
1138,"[0.9584397942484907, 0.9575777141723828, 0.9575801449392313, 0.9523834826145084, 0.9573772502628591]","[-25.483671179983588, -24.064091795850715, -23.452378555865852, -22.74636834746786, -22.125070967835267]","[0.44103504232742613, 0.4408899383511239, 0.4409100490795497, 0.46324734969265935, 0.4407067294953298]"
1139,"[0.9586177458983711, 0.9582870365010484, 0.9582870479927608, 0.9545215526678839, 0.9581581427355063]","[-25.083281791138877, -23.638876572340685, -23.02725181512627, -22.278839132005128, -21.696226385631565]","[0.5022570989281632, 0.48473589678574, 0.4847678454369008, 0.4598277770072685, 0.48170408075330295]"
1140,"[0.9576051709960396, 0.9570393747684185, 0.9570394911298661, 0.9522935182422153, 0.956853730196247]","[-25.164216368111354, -23.72041933604821, -23.108772892610865, -22.365383822787877, -21.777905255781654]","[0.4275017651091038, 0.4011167253945172, 0.40122126288201565, 0.37260904105310727, 0.39702218255965016]"
1141,"[0.9617808272827981, 0.9615599468040887, 0.9615661013791335, 0.9571649644205645, 0.9614267272381445]","[-25.012988384399126, -23.582328325007314, -22.97065882495532, -22.26656451140436, -21.64207387124024]","[0.2542482044075136, 0.2562263846906728, 0.25622296350076185, 0.2700002797012778, 0.2569553566530734]"
1142,"[0.9587041879650985, 0.9570617591786368, 0.9570686882945001, 0.9498630411145818, 0.9567422440578037]","[-24.63090624954889, -23.164983073807985, -22.553391838741092, -21.768080355569108, -21.219182051980397]","[0.1764129919171486, 0.17605786477538296, 0.17606267173801454, 0.17797324722744826, 0.1759038760142378]"
1143,"[0.9636411293989512, 0.9630637551709041, 0.9630736907417653, 0.9589749481893947, 0.9629180749138748]","[-25.1468065489727, -23.718010142497068, -23.10633094185984, -22.40001969164842, -21.77791874694093]","[0.2180382765689306, 0.2186748428791054, 0.21867516720926014, 0.21043882829850663, 0.21878720978791222]"
1144,"[0.9632291792028753, 0.9619760292621763, 0.9619810936593434, 0.9543442271963719, 0.9616798192553954]","[-25.03971907842079, -23.597142355015187, -22.985506142928955, -22.220577296267773, -21.654382041584167]","[0.3832992476396626, 0.3769397712408688, 0.3769486557135727, 0.40880767928505324, 0.37693489001472846]"
1145,"[0.9649579163899881, 0.9633916332277089, 0.9633983110568067, 0.9555213338378028, 0.9630914003689728]","[-25.34653469450344, -23.924628902663613, -23.31292596319088, -22.62469971723123, -21.985664384888928]","[0.4201333188675067, 0.4245756802832186, 0.4245559594569668, 0.44406667330833444, 0.4257242539276888]"
1146,"[0.958897567514585, 0.9583788384609652, 0.9583876791932829, 0.9548208033870973, 0.9582360070873758]","[-25.3765812824269, -23.959746244990693, -23.348019835372007, -22.642754891804426, -22.0210536835349]","[0.2843424330152738, 0.29962679870053616, 0.29964054636879983, 0.3432171424146219, 0.300987414068206]"
1147,"[0.9603513783249323, 0.9599383961237603, 0.9599300368512974, 0.9552883205992481, 0.9598048804874486]","[-25.174650052517624, -23.743020283245865, -23.13135402883031, -22.416301179081096, -21.802447380670273]","[0.37979375797400405, 0.3815204816915185, 0.3815112263358964, 0.3892335887922517, 0.3820731289368608]"
1148,"[0.962314497034273, 0.9613901123226823, 0.9614045283665175, 0.9557721974387083, 0.9611910010384769]","[-24.927030807155383, -23.507945448587435, -22.896225376343846, -22.20365806376976, -21.569227772588558]","[0.21149987086914465, 0.22001767440598807, 0.22001313440630496, 0.25783780990022453, 0.22102896406022957]"
1149,"[0.9636508575428302, 0.9629660457385947, 0.9629707088674513, 0.9575914304750937, 0.9627971425495169]","[-24.871562740901066, -23.416930200429835, -22.80530631429803, -22.035163125883464, -21.472685226391622]","[0.5164701719225747, 0.5431990532048396, 0.5431050565098676, 0.5603441816230275, 0.5468011870835241]"
1150,"[0.9623374764959408, 0.9612306425322001, 0.9612253588051556, 0.9537596385438633, 0.9609553923322375]","[-24.789180934373196, -23.362743251976486, -22.75101378290863, -22.051933080416593, -21.423024599579698]","[0.40545666825527465, 0.42901490449782453, 0.4290130963534452, 0.4681140716589736, 0.4296248219794588]"
1151,"[0.9434511552341788, 0.9420243583059483, 0.9420410309801014, 0.9332101020265356, 0.9416979551289958]","[-24.767272252568333, -23.33181443287044, -22.720152937996282, -21.96109640784924, -21.38997775863787]","[0.4759525792643415, 0.4756926105835449, 0.47567806105142163, 0.48324455174412995, 0.47574118450918096]"
1152,"[0.9064249567884806, 0.9046286544416843, 0.9046311335504753, 0.8995494210836485, 0.904357533672521]","[-23.044572469955494, -21.59781015940823, -20.986178566772224, -20.20740058275047, -19.654297112397614]","[0.1999928096590319, 0.2116690095281723, 0.211626356898916, 0.26582454140983014, 0.21413414072296758]"
