epoch,higuchi_fd,lyapunov_exponent,hurst_exponent
0,"[0.8766272001224096, 0.8749858405872799, 0.875308822444188, 0.8797305753391048, 0.8758189555086204]","[-24.717522531531383, -22.359824928054284, -21.518538374652774, -21.766166118274665, -22.767653952405364]","[0.6074214258267995, 0.4803135842442955, 0.49879582628117813, 0.5071881141448588, 0.5347331308582152]"
1,"[0.8742821294870569, 0.8721846648882297, 0.872571011544324, 0.8783548251315489, 0.8732385881858448]","[-24.454267099879427, -22.142975404720353, -21.294201451317516, -21.409575359064167, -22.52910660236441]","[0.36465126303359485, 0.41508299377749314, 0.4041044164082237, 0.3268041799185213, 0.38720792034532453]"
2,"[0.8690643028458613, 0.8675092325767914, 0.8676950047083309, 0.8736652423211761, 0.8681841121005031]","[-24.463046403804665, -22.213365553882642, -21.3563588344195, -21.27692773592682, -22.57320941659196]","[0.5099405745260662, 0.5117259338347113, 0.5190557306480589, 0.4573848426358655, 0.5174684693490291]"
3,"[0.8913789164095097, 0.8898607039539967, 0.8901722517943175, 0.8936466249659526, 0.8907097702963219]","[-25.921604797098276, -23.6343467158958, -22.777714445582852, -22.90600210391054, -24.003067030443823]","[0.20364410065983224, 0.20440652641169024, 0.20396408565706023, 0.20862356832114312, 0.20335327300724132]"
4,"[0.9021576980135205, 0.9007192971045688, 0.9010386159500707, 0.9041799482741286, 0.9015167352807646]","[-26.414884568528077, -24.12029559816248, -23.265086536273504, -23.409539656943355, -24.492814445443916]","[0.29573434841960416, 0.29099858639300563, 0.29082939103575767, 0.2784162001581584, 0.2927199877792235]"
5,"[0.8858183628011966, 0.8842629503520287, 0.8843660332474012, 0.8899217414802181, 0.8847797904320671]","[-24.476663600187724, -22.41941182490888, -21.533656521310235, -20.981386486155674, -22.691034718553404]","[0.9465146032279954, 0.8528026142305096, 0.8722928073397245, 1.0853224605900897, 0.9028677930502939]"
6,"[0.8924273539207337, 0.8905307460583445, 0.8908419475096842, 0.8956958513286305, 0.8913777021634642]","[-25.98071420520044, -23.699765761239924, -22.842156412964638, -22.951191766512483, -24.065578771749163]","[0.8442067512736737, 0.811966522527095, 0.8189086802717598, 0.8705361587002861, 0.8299612067571016]"
7,"[0.8855820619375635, 0.8840011760657033, 0.8841332583862737, 0.8888565439210864, 0.8845736129153833]","[-25.89361932434622, -23.49504177441587, -22.68278339404142, -22.591443481683417, -23.95814261865266]","[0.6077970947484798, 0.7122727607779524, 0.6922710049433056, 0.7432629463726985, 0.6573789092450478]"
8,"[0.9017893473668267, 0.9008498730078608, 0.9010433920990895, 0.9033856876691675, 0.9013265542898024]","[-25.71672778963029, -23.591823558888926, -22.71282789719069, -22.358956786348717, -23.889777953527023]","[0.6372349131599947, 0.5441820543889418, 0.5648785119155946, 0.7382368147257611, 0.5985074790691935]"
9,"[0.9007835928269717, 0.8984271104512298, 0.8988796836337957, 0.9034494897015148, 0.8996334759409139]","[-26.28627744635277, -23.969700164230858, -23.118837471476226, -23.311170682397915, -24.353713926551183]","[0.25913146994531067, 0.28129433605444376, 0.276870326291052, 0.22464404637412708, 0.26970951123914494]"
10,"[0.8968665219948121, 0.8965292519451122, 0.8966067852589278, 0.8976030320627963, 0.8967072220463865]","[-26.285437114640843, -23.961736494356263, -23.112262212528517, -23.320508027715093, -24.349441062985584]","[0.5862902112277862, 0.5962318968010016, 0.5939632135925975, 0.5664105881809659, 0.5903781744891438]"
11,"[0.8940520485122132, 0.8927341360253085, 0.8929772815259979, 0.8964628934923866, 0.8933804709856202]","[-26.402723519214916, -24.03882540711665, -23.202317802902446, -23.383075130419197, -24.455569111108673]","[0.32040333864376963, 0.31438832719767423, 0.3154963001358748, 0.3456775893676356, 0.3173406409464186]"
12,"[0.9005610426251336, 0.8991661506231984, 0.8994580876377686, 0.9022320921736786, 0.8999327170435919]","[-26.350036547753295, -24.022078352655253, -23.173828924669415, -23.382855925113624, -24.412598160102085]","[0.38124710702260556, 0.43139682617009967, 0.4209716696748333, 0.3170129785854819, 0.40433696116329554]"
13,"[0.8774813094623135, 0.8753931728440039, 0.8757154988591984, 0.8812757145132385, 0.8763814501784238]","[-24.698667904859867, -22.779985811868443, -21.85446077653566, -21.183549071381695, -22.960329947002926]","[0.825870389489481, 0.7395869490823025, 0.7590381653997381, 0.9295038388308511, 0.7881420385176312]"
14,"[0.8967852928954387, 0.895256418385182, 0.8955555399288829, 0.8995345128653673, 0.8960877470015957]","[-25.708156349740257, -23.643347604129954, -22.757036125304342, -22.240416337109018, -23.916032982141083]","[0.1885908095310547, 0.21595823144499368, 0.20786458762469653, 0.2035836288696373, 0.1966673335387313]"
15,"[0.8891182255823133, 0.887690359284464, 0.8879130636996935, 0.8921825242607025, 0.8883588889767469]","[-25.149332626339184, -23.031996876914004, -22.150803195951898, -21.79210675326025, -23.32490219357987]","[0.7160017481849743, 0.6692686889934181, 0.6777708769531623, 0.7675251993484933, 0.6943245369002359]"
16,"[0.9073090891483863, 0.9070583484070656, 0.9071110075940544, 0.9069230455216932, 0.907229672981077]","[-26.590022567245306, -24.280335243786112, -23.42820212414857, -23.603832417167325, -24.660887429348858]","[0.37144721524636026, 0.358202391100617, 0.361325316827929, 0.3826835656762672, 0.36575632056815643]"
17,"[0.9041106472567647, 0.9030049721267932, 0.9032776469677948, 0.905006890097676, 0.9036894884577363]","[-26.009070439235494, -23.769981176186384, -22.90402350122126, -22.924535293683046, -24.11377519310021]","[0.46995098041340144, 0.43769440479374583, 0.4448794514977613, 0.5062234565952857, 0.4558761927819485]"
18,"[0.8878446623017501, 0.8859679460714385, 0.8864346533182225, 0.8900082704770231, 0.8870794385554694]","[-25.526963755749843, -23.345183362843645, -22.46787293009305, -22.36620157541053, -23.65892639728842]","[0.25670781059516135, 0.24371452862471354, 0.24649421789074638, 0.2720858356186223, 0.2508066640256064]"
19,"[0.9055014240654614, 0.9050940797655479, 0.9051463472039586, 0.9052383202583513, 0.9053115052319305]","[-26.426059251588438, -24.155265043118362, -23.295415125027738, -23.387265567264677, -24.515420137531894]","[0.4022711080484808, 0.4105695547413863, 0.4093107270558633, 0.4080634164344989, 0.4064971900776088]"
20,"[0.9006691026490716, 0.8991095215658172, 0.8993835474366036, 0.9031028779767079, 0.8999089712070156]","[-26.144369096811083, -23.90916814677768, -23.042930383460675, -23.045892703872425, -24.251698831515174]","[0.5964877761337335, 0.5407880895319777, 0.5533211381026232, 0.6424134681584054, 0.572112797109896]"
21,"[0.8846685059728785, 0.8828290074505618, 0.8831633161815359, 0.887637980119163, 0.8837644725029586]","[-25.686121868615746, -23.57796833994677, -22.689945478518727, -22.38035649321258, -23.85868788535674]","[0.26355024376445424, 0.261944196559315, 0.26211675772037135, 0.2725154492984465, 0.2625600087625611]"
22,"[0.8912173244709376, 0.8894855856322925, 0.8898613792115317, 0.8936887034602408, 0.8904223905296745]","[-26.295112476272127, -23.958850694397817, -23.11116689595996, -23.362489048039123, -24.352026762110405]","[0.3232796850789458, 0.32929681452968657, 0.3272306737258233, 0.3281138939383904, 0.32403089144113495]"
23,"[0.8917736757032406, 0.8903101031086611, 0.890681513298242, 0.8935022970548268, 0.8912005824355326]","[-26.3704624315714, -24.055223946416987, -23.20420557742206, -23.391303104214785, -24.438704396669877]","[0.22342222008070803, 0.2128478530332385, 0.2151960918089511, 0.22568570127057297, 0.21882442881102496]"
24,"[0.873199937249784, 0.8720920726561818, 0.8723084997217708, 0.8755739638866398, 0.872659590700997]","[-24.609202609758135, -22.708010964696495, -21.780675197921262, -21.061954518402047, -22.881301866410087]","[0.8246497927320003, 0.8249227401433663, 0.8233774125701564, 0.8293415490431982, 0.8215250831259323]"
25,"[0.8793896704821336, 0.8775060106986735, 0.8778938554097374, 0.8828424485588717, 0.8784823979638922]","[-25.417813500188956, -23.269484155042257, -22.38629353792363, -22.20284596666701, -23.566762401515927]","[0.4513959876620467, 0.41801631209961765, 0.42654945808212086, 0.40976825688480245, 0.4426988503557385]"
26,"[0.9074049978848632, 0.9069723672672946, 0.9070847763801486, 0.9078945343662108, 0.9072524444237563]","[-26.527213757641853, -24.250145548745106, -23.391718845616648, -23.493144532830488, -24.61385916188723]","[0.31847701066037226, 0.2869858526021396, 0.2938634494962561, 0.35328519731105895, 0.30458653612993797]"
27,"[0.9075648922012645, 0.9075476062035818, 0.9075509415630324, 0.9070497054416493, 0.9075494208995198]","[-26.443970419289574, -24.20522341532842, -23.342203129842954, -23.307617801179692, -24.55339255849445]","[0.3359968020567458, 0.31561324941486635, 0.3183002947572259, 0.35081612414145324, 0.32248623472709187]"
28,"[0.9062162751656022, 0.9040002214052063, 0.9044655025254382, 0.9085274442654309, 0.9052324826831163]","[-24.110474795703304, -22.237421326508162, -21.289792614046018, -20.660970527836312, -22.375835919275374]","[0.680142212528683, 0.638909303108387, 0.6473170143214143, 0.7153507309319435, 0.6608714891930609]"
29,"[0.8769087878721614, 0.8749683290709752, 0.8752519016591718, 0.8810192942741579, 0.8758442330152109]","[-24.61497927162124, -22.567339753894935, -21.674549880186024, -21.162469578676316, -22.826429415582254]","[0.23766880230046697, 0.2559978501800839, 0.24843360407628082, 0.24397475535742683, 0.2410842698072065]"
30,"[0.8743545732971308, 0.8730246378249005, 0.8732464597123485, 0.87597231078326, 0.8736680917584582]","[-25.244910319464946, -23.008332849788054, -22.146815646155467, -22.074687509783043, -23.358338125936612]","[0.22693371283754554, 0.22608928415168672, 0.22477535611505006, 0.24012993094629181, 0.22365724390055075]"
31,"[0.9024988615686658, 0.9026630028369309, 0.9026471825203919, 0.9022995376799186, 0.9025806660980227]","[-26.45408475332115, -24.148420863592285, -23.295344112540647, -23.465231646408405, -24.52666388901083]","[0.4082731534366643, 0.4121495937326277, 0.41191479446298157, 0.4050024999731645, 0.411159626432971]"
32,"[0.9058739521965972, 0.9052598449846071, 0.9054095216918411, 0.906321320124465, 0.9055816514188293]","[-26.47814328273019, -24.20493859744707, -23.34587372757548, -23.43641526816423, -24.566811189839395]","[0.2030145296537415, 0.21574763907762232, 0.21313012381747126, 0.19417338088851, 0.20891067384655448]"
33,"[0.8870155030800578, 0.8857880023514192, 0.8859005249552274, 0.8900924130651001, 0.8862801329559199]","[-25.437263923034564, -23.125536333939685, -22.278733108996704, -22.357541491590034, -23.514852164711705]","[0.749967036343283, 0.6967321039809841, 0.7050306150010625, 0.8432898397886237, 0.7218534105319453]"
34,"[0.8713384523510288, 0.8702329681031185, 0.8703358259749285, 0.8753529688559484, 0.8705966880000098]","[-23.486696644678254, -21.227294856077293, -20.37000866464536, -20.34777618976698, -21.588874122398593]","[0.9102789140036651, 0.9073925622846444, 0.9078588677940257, 0.9670051270754787, 0.908476488216825]"
35,"[0.8618240234752056, 0.8600147570732979, 0.8603058678456648, 0.8660550464842898, 0.860802372366861]","[-23.633386589213824, -21.5481430705332, -20.654255775744737, -20.31723358012848, -21.814831059719374]","[0.7799292319064773, 0.8031731216854483, 0.8262599544332515, 0.7070308230236464, 0.8333437756487994]"
36,"[0.8748016740147434, 0.8729620215307308, 0.8732679856033764, 0.8784612109207321, 0.8738163183613612]","[-25.45837485559153, -23.358387733577665, -22.47134942252105, -22.111381386239813, -23.63857346357519]","[0.15755540712774627, 0.18660890858817078, 0.17822554574444135, 0.14462863422277242, 0.1674560113750827]"
37,"[0.8748740641573438, 0.8744439166496327, 0.874508549114258, 0.8765665391467939, 0.874623127402906]","[-26.231630989216498, -23.884480985051574, -23.038964182436697, -23.313887736995714, -24.283388260071813]","[0.3823136905875844, 0.4022743122595702, 0.39836456555335825, 0.35898952604818957, 0.39194335653749396]"
38,"[0.8773811539859214, 0.8756965930867752, 0.8759982967695151, 0.8806932581540295, 0.8764942078722646]","[-23.58080801328272, -21.45894478906562, -20.57348829644502, -20.293040708725943, -21.746667738201012]","[1.1618452574073599, 1.1323764420546736, 1.1378261142736852, 1.2540695656162402, 1.1460942249291597]"
39,"[0.8847235095286388, 0.8843542197071177, 0.8842498971453654, 0.8890087082035347, 0.8843366854645205]","[-22.684389864640927, -20.46192463923396, -19.608763197177623, -19.3384431351146, -20.82148052703163]","[1.016770768521403, 1.035643823766989, 1.0325521301033644, 1.064313731018033, 1.0252203684873518]"
40,"[0.8984886004507133, 0.8983006545774949, 0.898365588290886, 0.8997564432223513, 0.8984016523815197]","[-26.58206611688513, -24.253175688330533, -23.41393930681482, -23.445287723878458, -24.658090260756975]","[0.2909768600991636, 0.23481429839982806, 0.24004248620183322, 0.2166748010759822, 0.257376549257368]"
41,"[0.9011358485171302, 0.9008012558860639, 0.9008745656771856, 0.9017646934902646, 0.9009783265223027]","[-26.556808103972816, -24.250719501363918, -23.400055565925868, -23.522155042605384, -24.632757850331025]","[0.30776523638620235, 0.3195541408539424, 0.31741476098596727, 0.37135128436462495, 0.3135732624013209]"
42,"[0.903585125581807, 0.9040540422261905, 0.903962701830939, 0.9032342799008604, 0.9038424811030609]","[-26.584494973173225, -24.297230462089715, -23.442479043264886, -23.533171791168137, -24.668860361769955]","[0.21558347014240115, 0.26181352637589594, 0.2532927520332963, 0.2141177814519362, 0.2392600559638664]"
43,"[0.9098952389588173, 0.9092697117562293, 0.9093962032435164, 0.9110858592973561, 0.909590625009608]","[-26.59326955798116, -24.295176886411948, -23.441885771355448, -23.568261601953907, -24.671433848868027]","[0.3837007626384192, 0.39393453756807945, 0.392419340379038, 0.3464473417077225, 0.38904944323427004]"
44,"[0.9115950818201166, 0.9102720839914507, 0.9106224102373166, 0.9122658999390704, 0.9110868176434559]","[-26.208121390139365, -23.929550981436545, -23.07130661647943, -23.178443426576035, -24.293867849981705]","[0.35329543926992163, 0.34899837115021326, 0.3499847733502241, 0.3444378472962279, 0.35193813630899573]"
45,"[0.9157272176707549, 0.9146801988271559, 0.9148971165627555, 0.9168503968550406, 0.9152755319543612]","[-26.063627452853087, -23.763022762223112, -22.908895064222634, -23.068857672548962, -24.138521798902882]","[0.24207193355013076, 0.23276765402494956, 0.23462154847537597, 0.2597689484823202, 0.2376216135468824]"
46,"[0.9098441442009595, 0.9093606399449005, 0.9094532368094866, 0.9098736614035613, 0.9096709858242971]","[-25.922687172443858, -23.61922597901892, -22.76574000413919, -22.930067960783212, -23.99634169720649]","[0.2428369047089166, 0.24104352136527882, 0.24138840383254312, 0.2760410344658786, 0.24196569940132612]"
47,"[0.916185298079592, 0.9161451711330392, 0.9162101638905156, 0.9153538081156039, 0.9162573357338482]","[-25.68086328091078, -23.3823244810067, -22.527213981341497, -22.694904171170492, -23.755852288168796]","[0.4532512390699374, 0.47606278605553604, 0.47896252833118813, 0.414591836217786, 0.47227959618989374]"
48,"[0.9102644862521971, 0.9086516274793616, 0.9089223709122138, 0.9127374880791994, 0.9094393190650146]","[-25.87068123243098, -23.58097200679934, -22.724647548137508, -22.861665711368293, -23.950695260180037]","[0.34454995100562497, 0.3340572788849799, 0.33555665130591605, 0.3656564935191611, 0.33867551242902866]"
49,"[0.9304191781554095, 0.930154820839152, 0.9302396399812122, 0.9298967591920362, 0.9303562629443413]","[-24.973756225023138, -22.65127761991989, -21.800417474992294, -22.031809461019392, -23.03654887172576]","[0.24450119648147453, 0.2585584217919432, 0.25657487818429453, 0.22307563625534074, 0.25225573863447714]"
50,"[0.9015513420669866, 0.9005774122622463, 0.9007794844655688, 0.9027933431883561, 0.9011034462736279]","[-25.959217955555083, -23.667788890109584, -22.812809972971227, -22.932658432291877, -24.039968237104457]","[0.45757448268959133, 0.44278056201839955, 0.4489895595481683, 0.47684629855313576, 0.4566799789952254]"
51,"[0.9366289984175459, 0.9348921591308404, 0.9352642453238579, 0.9380118121501578, 0.9358221903173749]","[-25.1262824224754, -22.81583773289404, -21.962647269843796, -22.165953081032935, -23.19490704075329]","[0.5455496831527438, 0.5083341591915069, 0.5181547521887415, 0.5995872069159313, 0.5319486838164591]"
52,"[0.9340350126582923, 0.9337634170967791, 0.9338612596575403, 0.9343056782058958, 0.9339396988032493]","[-24.99834385350988, -22.694990192688696, -21.84036006572831, -22.028815806911354, -23.070289005352755]","[0.31299710853035945, 0.3120136675770466, 0.3116039869061033, 0.3088809212971183, 0.311905331576078]"
53,"[0.9430023761303121, 0.9429488732324398, 0.9429786428493496, 0.9429433545036696, 0.9429916230452897]","[-25.00664503359434, -22.696879800428583, -21.84346554286966, -22.04711918192495, -23.075445759137644]","[0.39422043088539066, 0.41574347482307167, 0.41151003527784746, 0.3866769382089544, 0.4045311968304986]"
54,"[0.9323118302760852, 0.931894204228367, 0.9319926928085478, 0.9328156507737401, 0.9321406679640564]","[-25.131999738655132, -22.817508535141748, -21.965255240231016, -22.174455937237823, -23.198900760860607]","[0.46075028647564403, 0.47142226788878777, 0.4693081499944578, 0.44142894809336675, 0.4658430008404089]"
55,"[0.9488989651703932, 0.9486328280779956, 0.9486931621679838, 0.9491808969883986, 0.9488081845198562]","[-24.73280202943789, -22.416146107070176, -21.563941933039523, -21.78654277583018, -22.798081531176052]","[0.30380532634557794, 0.32349851671084323, 0.3214668218364946, 0.2815192945147088, 0.31559966453450705]"
56,"[0.9361551687561372, 0.9357991563910792, 0.9359117728746371, 0.9360645995702123, 0.936038012843518]","[-24.902426489969812, -22.61346733107751, -21.75600983866756, -21.912068995004297, -22.98128433602227]","[0.28257605642376893, 0.28714740735583594, 0.2864177305518681, 0.2727325811256867, 0.2851213856500204]"
57,"[0.9339532848281182, 0.9329562549173541, 0.9332079526673234, 0.934294745007578, 0.9335874873322605]","[-25.457470361625433, -23.171846415373118, -22.314397807288035, -22.449199045414982, -23.538955912453158]","[0.4683033478446077, 0.43522580027749397, 0.4426047795606523, 0.5162482902853877, 0.45400363432151297]"
58,"[0.9042283757513103, 0.9034143524872879, 0.9035617558532129, 0.905089995072847, 0.9038265199043669]","[-25.72467045135674, -23.470054486813016, -22.60684494684072, -22.66679727617224, -23.821489649166068]","[0.20740735549928743, 0.22341366124689002, 0.22033053964132707, 0.1881253550714519, 0.21490897844336515]"
59,"[0.9097178577287789, 0.9092436732247607, 0.9093451133485252, 0.9095843056197233, 0.9094977699959486]","[-25.612119519913968, -23.336757942126663, -22.477224763328653, -22.59067794390286, -23.698410563705046]","[0.34464562906467267, 0.3349741750347089, 0.3368866993721355, 0.36757614916228654, 0.34005539212986136]"
60,"[0.9357058322959452, 0.9343942133098457, 0.9346437437128106, 0.9374196033412553, 0.9350908400259222]","[-25.07155554087629, -22.76378240735713, -21.91001897361233, -22.108477386038214, -23.141391654073715]","[0.3739613286899701, 0.3951097015001667, 0.38979168241795187, 0.34518155151174673, 0.383738035904863]"
61,"[0.9415874792841409, 0.9413090400088286, 0.9413611275477782, 0.9420808411982889, 0.9414251970901286]","[-24.69758075750714, -22.3906074560519, -21.53682463725417, -21.73014609520792, -22.76802436137902]","[0.3360006292671287, 0.32937479073498027, 0.3311594094152558, 0.29849248254166716, 0.33377494185614187]"
62,"[0.9306895968026837, 0.9304974751555871, 0.9305284488206977, 0.9308547124022043, 0.9305758019505502]","[-25.43343834216222, -23.184617450394992, -22.31978866782115, -22.376081211331538, -23.532282394097194]","[0.24805242111857007, 0.25085054447819494, 0.25023145340072067, 0.24535565069523493, 0.24928228393521962]"
63,"[0.9507701962339069, 0.9508949792113787, 0.9508850080676101, 0.9503537943811218, 0.9508408808791149]","[-24.52709076720828, -22.2262373840948, -21.370905867737104, -21.55832613597357, -22.59990127081219]","[0.40864965728041924, 0.4501644862317584, 0.44276539545075977, 0.3450067460002911, 0.42960329595639196]"
64,"[0.9332388145520679, 0.9323425988687679, 0.9325162557095225, 0.934408509192811, 0.9328009504677615]","[-24.571940965006167, -22.326281559335, -21.459865289852743, -21.5277886653581, -22.670842887081058]","[0.4623814302282049, 0.46425445376333047, 0.4639183525750683, 0.45964909991191366, 0.46339519461692047]"
65,"[0.9470772686309322, 0.9465596034910453, 0.9466565787010677, 0.9470124913189343, 0.9467983792204299]","[-24.370788714457127, -22.08794643359164, -21.228905621536864, -21.379247562972633, -22.451983384737858]","[0.5886021682739121, 0.5750872844791445, 0.5778601397781802, 0.5995445159780313, 0.5823624054644316]"
66,"[0.9417033018216295, 0.9411952300574735, 0.9413583049359616, 0.9413188505855649, 0.9415452569783481]","[-24.559151325513923, -22.28642742656988, -21.425239286165766, -21.555977011092697, -22.644948135722895]","[0.17207735101358487, 0.1665380967632232, 0.16764670902270243, 0.17993923932449815, 0.1694613885092411]"
67,"[0.9122057072345188, 0.9119189882730312, 0.9119877359707168, 0.9122165838200721, 0.9121474757001178]","[-25.391110516634345, -23.133316249731074, -22.270558104852164, -22.340948878600077, -23.486143230018882]","[0.23218292984036284, 0.23302404592391385, 0.23290745875065103, 0.23156545882012905, 0.2328348034910702]"
68,"[0.912232437579826, 0.911410557080197, 0.9116464714564326, 0.9133840379386721, 0.9119461587168065]","[-25.83130118785721, -23.569764876354153, -22.70769499720148, -22.787140116922544, -23.92446871275489]","[0.14969531948310572, 0.15413570551157835, 0.15322702082631268, 0.1436670363013145, 0.1517625540232451]"
69,"[0.9400122290933747, 0.9395824962193995, 0.9396876545821342, 0.9404521538581176, 0.939849440544273]","[-24.934387097634396, -22.66000200029246, -21.79961108117921, -21.92442581524932, -23.02010127857173]","[0.43466028510347815, 0.44043085935823645, 0.43927861184552897, 0.42040740303184926, 0.43742388955890127]"
70,"[0.9559978270376672, 0.9559616381864612, 0.9560073991344976, 0.9554904165367255, 0.9560504875032569]","[-24.259274738219503, -21.966901758479295, -21.109848055724036, -21.279287126622698, -22.33607808684608]","[0.16905543330400405, 0.15154979191553214, 0.15517419436043547, 0.19633041867253662, 0.16078251823178508]"
71,"[0.9443423782572345, 0.9439552428966544, 0.9440175450231099, 0.9443097609479276, 0.9441529885300486]","[-24.652476113877817, -22.367554022986432, -21.509152870173224, -21.659382996091363, -22.7330210286606]","[0.37510911767010885, 0.38333502082070364, 0.3825696980332127, 0.35101453741114536, 0.37982847168094214]"
72,"[0.9424313244749237, 0.9421972208454111, 0.9422909959807173, 0.9427639306358793, 0.9423601674016716]","[-24.546249312460983, -22.27572665418156, -21.414522291405046, -21.531942741213104, -22.63373950620534]","[0.3696052992958534, 0.3903122235628146, 0.38582271823635006, 0.3583720364542543, 0.37868425230919495]"
73,"[0.9491868837250145, 0.9487448736626898, 0.9488394526728697, 0.9492770807823815, 0.9489958447494992]","[-24.6196453479308, -22.342521075554977, -21.482620858484502, -21.614749089532364, -22.70399406948908]","[0.30048735531945936, 0.2938816757428878, 0.29677074807991116, 0.29813194635071216, 0.30142058559181656]"
74,"[0.9540691092762662, 0.9541417569438796, 0.9541529688102491, 0.9537021706749615, 0.9541239121112371]","[-24.23724219457417, -21.97271898742069, -21.10991180920063, -21.222209828061374, -22.32694935171781]","[0.2939343530770374, 0.2974135482951022, 0.29643096368400274, 0.2924843681453462, 0.29632594301798765]"
75,"[0.9517430537440057, 0.9511540291045083, 0.9512602747429477, 0.9516928649062616, 0.9514905875442345]","[-24.21840518987449, -21.974142998843636, -21.107793222264906, -21.166179705778713, -22.31848929463481]","[0.5260668767549682, 0.48728679856601054, 0.49574543451603054, 0.5737719812095252, 0.5084552829998423]"
76,"[0.9501296355463776, 0.9500709852371716, 0.9501151625330096, 0.9492506485119686, 0.950176538790878]","[-24.666764395191528, -22.353061248428737, -21.500459662658397, -21.712278243471538, -22.733742982727172]","[0.4765981238479371, 0.45998301299923416, 0.4632972704311861, 0.5007218003059793, 0.4687301118859068]"
77,"[0.9550046185087426, 0.9543528866719085, 0.9544899019253149, 0.9552560564598619, 0.9547173582244637]","[-23.952712578126317, -21.679185768774214, -20.81857284866365, -20.942549918180692, -22.03876551405051]","[0.15961051754689304, 0.14444074497862636, 0.1475478539790347, 0.17946959063902473, 0.15252790684775178]"
78,"[0.9548645560912785, 0.9546086714649995, 0.95474930699526, 0.9546491499900733, 0.9548912146994517]","[-24.325710851128793, -22.049920148325892, -21.189939349631768, -21.315114633849262, -22.410960775621643]","[0.2196219440567674, 0.18358580380261658, 0.19130376313821743, 0.28835605629625116, 0.20305432500799586]"
79,"[0.9564815401029106, 0.9564614333552294, 0.9564856298745193, 0.9561216675547873, 0.956510741576233]","[-24.08904714900703, -21.828571403533108, -20.965193552820427, -21.064035820538386, -22.181042370650093]","[0.5506024849876116, 0.5141691054926905, 0.5215798051832634, 0.598781985830159, 0.5334893540612203]"
80,"[0.9562664255248766, 0.9562404419994194, 0.9562699234527599, 0.9563835415393473, 0.9562542520640057]","[-24.04355009029094, -21.822727205783263, -20.95156272244892, -20.961597642311883, -22.154548871030883]","[0.33002371324600166, 0.31773653669805446, 0.32123181604491463, 0.33932332949489874, 0.32644685806043483]"
81,"[0.9544170996440009, 0.95470301683319, 0.9546640065652382, 0.9542541299239077, 0.9545433454713823]","[-24.15931204134956, -21.889537736493324, -21.028180101003723, -21.143909444729108, -22.247148328492656]","[0.4210276828948863, 0.40056008999012677, 0.40477689803818695, 0.44443258357021975, 0.41143294638024036]"
82,"[0.9578880465585234, 0.9574748256769062, 0.957557520358918, 0.9581942874330929, 0.9576845577008758]","[-23.90788779650233, -21.64046995493218, -20.779611003415543, -20.870752785276952, -21.998336946711927]","[0.47951759048515386, 0.4762232443334798, 0.4774214949034458, 0.47995230162710045, 0.47878699815391906]"
83,"[0.9616450048013945, 0.961133039575826, 0.9612799136786692, 0.9612025185524801, 0.9614490693802922]","[-23.734788213479053, -21.540085637847156, -20.663429708474833, -20.621833986147667, -21.857753407212012]","[0.6870476745165571, 0.6655894069187688, 0.6706018983311876, 0.7026144568393631, 0.6784409932085677]"
84,"[0.9611637755920653, 0.9607264234939877, 0.9608465520217564, 0.9610131102155757, 0.9609974854434175]","[-23.737924101529103, -21.474723903474473, -20.612262516453264, -20.709403196871985, -21.8292105959341]","[0.2411116129038837, 0.23741403136640418, 0.23623246381072122, 0.2618583771602696, 0.2345294767980585]"
85,"[0.9598613776607008, 0.9591136717835768, 0.9593020326700695, 0.9601352000490706, 0.9596192811004781]","[-23.85909933003818, -21.624606342271957, -20.756583636197885, -20.788443360383464, -21.96424431754124]","[0.6771279921280422, 0.6251160636722217, 0.6344941198426794, 0.7414683941429153, 0.6517147728795292]"
86,"[0.96060847141353, 0.959522120750919, 0.9597259800264617, 0.9612420256366234, 0.9600895491064223]","[-23.643347623836608, -21.448979117419814, -20.572989826687706, -20.518043455035905, -21.767562873992247]","[0.15038627937021118, 0.16112017137302373, 0.15854148487458997, 0.14810451509723255, 0.15461040417760366]"
87,"[0.9630669284492499, 0.9617693012560935, 0.9620715466366524, 0.9640708350087162, 0.9625116462017377]","[-23.47706232459433, -21.245376350869478, -20.377264891921424, -20.394374858563175, -21.584259686434827]","[0.4874123908523784, 0.48053738308654115, 0.4833242830258134, 0.4975392199224709, 0.48778454736359905]"
88,"[0.9620672465026711, 0.961019643432376, 0.9612706729655901, 0.9627539718740414, 0.9616383103995237]","[-23.397144459878355, -21.199883914642044, -20.323983241038057, -20.283709428205245, -21.51925021800511]","[0.3557184802596081, 0.3493727927214232, 0.3503958147104096, 0.3693594737169967, 0.35229611837920266]"
89,"[0.9596835236794101, 0.9591163984683804, 0.9592502604902999, 0.959644521287387, 0.9594453113476366]","[-23.645505805340445, -21.411048428766936, -20.54256828061988, -20.582827442558553, -21.749980760775884]","[0.29475747833154103, 0.29904456028561616, 0.2981341351510888, 0.2880816555387844, 0.29671857004342783]"
90,"[0.9635363131253678, 0.9624157265281978, 0.9626765003275966, 0.9645864321802086, 0.9630469699148153]","[-23.396123366709734, -21.21336334585222, -20.33393742124145, -20.273262398430894, -21.524162073498218]","[0.3542093390057703, 0.3241879241829215, 0.33058462752816126, 0.4013005188739082, 0.3404304896586072]"
91,"[0.9610998430662884, 0.9597028012074383, 0.9599943456671202, 0.9628342823223353, 0.960404652327729]","[-23.66058430344932, -21.475418108184407, -20.598097476919317, -20.515027355166517, -21.7899063903473]","[0.5378939941467543, 0.5074383918194284, 0.5137172722805853, 0.5819521006672329, 0.5236025675011972]"
92,"[0.9625325404339964, 0.9614490757087295, 0.961693837430013, 0.9635845615524685, 0.9620692512307959]","[-23.33009772588793, -21.15147498301019, -20.27138877240521, -20.19895490013595, -21.460347426249005]","[0.4910391732562624, 0.4723530822790226, 0.4762132520258832, 0.5154732439952796, 0.4823912506272871]"
93,"[0.9626403796520469, 0.9619287125861914, 0.9621026918519239, 0.9629520419427874, 0.9623322637398873]","[-23.659848197902175, -21.448238769705178, -20.575231365787378, -20.565333794714242, -21.775212078417585]","[0.32930687725011637, 0.3283791254349029, 0.3286304990306449, 0.30891555273342314, 0.32904421107874676]"
94,"[0.9666605703064242, 0.9656402277785203, 0.9658582204383817, 0.9677100251857995, 0.966203697795051]","[-23.12204045443112, -20.958552328590645, -20.07543887240151, -19.970435021854687, -21.259441940839356]","[0.4056219742467425, 0.40921338594257833, 0.4087092194533801, 0.40887271583021545, 0.40752551394195224]"
95,"[0.9646105442101184, 0.9641563773460803, 0.9642968911738276, 0.9641219617827101, 0.9644874734236437]","[-23.43244222685618, -21.1707789594735, -20.30829662598418, -20.39657241894062, -21.52488445316831]","[0.1545556055346464, 0.16974643683785598, 0.16657632016680202, 0.13761464165906942, 0.16156576573801723]"
96,"[0.9643810547142149, 0.9632981727260501, 0.9635412355766652, 0.9656071618586645, 0.9638871851219871]","[-23.643058912764456, -21.398612535453474, -20.532731071300514, -20.58305566479377, -21.74371732807532]","[0.4169867616785536, 0.41404183805968836, 0.41524150208358573, 0.4194341993456892, 0.4170221389161524]"
97,"[0.9637405821519907, 0.9627812625122091, 0.9629766723394252, 0.9646943602231745, 0.9632946384395369]","[-23.188669158610974, -21.042276043771658, -20.15575786530412, -20.014045762499777, -21.33418377092802]","[0.34579776915516486, 0.32847608275963586, 0.33201154591887166, 0.3609454267520391, 0.3377878035432761]"
98,"[0.9642623471665158, 0.9631745057592063, 0.9634491952574459, 0.9651947964156216, 0.9638093519405768]","[-23.344749533650678, -21.169626444203708, -20.28898806148371, -20.206544640898734, -21.476877610665685]","[0.40916026400375577, 0.41189989118046694, 0.4124735734142924, 0.3979680744533062, 0.4124891928116709]"
99,"[0.962975451888097, 0.9622420015521083, 0.9624315299481102, 0.9637658597918521, 0.9626752713410222]","[-23.22409062503138, -21.040648328750333, -20.16163048640643, -20.09776076859105, -21.352215886102805]","[0.2323549221668372, 0.2084715640106005, 0.2131786773590089, 0.26065408729048944, 0.22102713944285685]"
100,"[0.9656396999223922, 0.9639400044142536, 0.9643861867195845, 0.9661443311308539, 0.965001606896968]","[-23.47332884258986, -21.276793043758296, -20.40073666999765, -20.359087489425477, -21.595768678583763]","[0.39473909898768617, 0.39685690300332327, 0.39637011974495506, 0.3867131670635509, 0.3957154610380938]"
101,"[0.9670730258566326, 0.9654777439358972, 0.9658077292088902, 0.9685927551701142, 0.9663817715383513]","[-23.140139926537618, -20.9860402402242, -20.101358463053046, -19.971325749349074, -21.28244837875441]","[0.257436019827121, 0.24110762150188647, 0.24447928399034796, 0.2813250248286589, 0.24990017430876554]"
102,"[0.9700203739581531, 0.9689997497677223, 0.9692343174038829, 0.9708087828411296, 0.969578918886574]","[-23.301722791834123, -21.080211229933173, -20.20926388756088, -20.21936772226682, -21.412516076040855]","[0.25611391198889827, 0.2739788593090745, 0.27012779389685887, 0.2426267278835332, 0.26417265064236684]"
103,"[0.9616865321974635, 0.960458407616027, 0.9607028872994167, 0.9632109852032845, 0.9611201202496751]","[-23.307392507616132, -21.130730344195253, -20.250748112663103, -20.165731980766, -21.439308695031894]","[0.37120072359803874, 0.3484674075344946, 0.35327848089406183, 0.3996819905183504, 0.3607636645880795]"
104,"[0.9679183635364373, 0.9663827453827231, 0.96672362389841, 0.9693188426086333, 0.9672206823043993]","[-22.984741476106525, -20.81762267002726, -19.935101431645094, -19.840174503699142, -21.120233411789396]","[0.2875298466924401, 0.30332715785004705, 0.29710753480199603, 0.2823199631367546, 0.2919176736536686]"
105,"[0.9687359755037567, 0.9672952374388404, 0.9675791791087749, 0.9695053436375358, 0.9681095910962181]","[-23.123939852715306, -20.937810783838472, -20.059128944042442, -20.0044986658935, -21.2504851957425]","[0.32337891074336345, 0.28878175998080924, 0.2958745303960402, 0.3782757528088862, 0.3070960056500336]"
106,"[0.9665665281506227, 0.9652275164135858, 0.9655280101468828, 0.9674695692461591, 0.9659814550691336]","[-23.301231302398083, -21.11487457110612, -20.23667580119678, -20.175063676723695, -21.428329048352673]","[0.32936056112154527, 0.31472981201108874, 0.3180863909406836, 0.34352348980852604, 0.3230462450839962]"
107,"[0.9666053494407857, 0.9650585703549935, 0.9654022274744355, 0.9678856042032155, 0.9659165215190572]","[-23.530493560702265, -21.280783864804633, -20.41623806272197, -20.472503872840264, -21.62909540642056]","[0.31262860326020264, 0.32119305932306513, 0.3177326951441259, 0.3498658679195394, 0.31434873766937155]"
108,"[0.9656587357014832, 0.9637830178551305, 0.9641877697264063, 0.9677106574713193, 0.9648224681256335]","[-23.336244915210234, -21.193525754379582, -20.306403356020237, -20.15480020246948, -21.483692609580974]","[0.3603613488903639, 0.3416648143137212, 0.34558253406005357, 0.3836216378874821, 0.35176197371916273]"
109,"[0.9688706538720904, 0.9672150561814813, 0.9676018529996031, 0.9698602583334556, 0.9681704617777771]","[-22.917290010941016, -20.7712722596948, -19.884453940613437, -19.74555160092318, -21.062649245115107]","[0.4367288928932642, 0.4235156235296382, 0.4263481949818499, 0.4475091147840117, 0.4308118626320553]"
110,"[0.9678130993884452, 0.965712437028083, 0.9661299029796879, 0.9698330569194663, 0.9668187137026081]","[-23.203311396632117, -21.052565316226826, -20.167133053635077, -20.031257642007173, -21.34708505504757]","[0.34117078674175255, 0.33497490355291887, 0.3362608576380047, 0.35280765155155025, 0.33831031126662253]"
111,"[0.9638419271238258, 0.9627852957568019, 0.9630263908787388, 0.965013800488349, 0.9633764056892072]","[-23.35777902785107, -21.16271211884782, -20.28628735925502, -20.242749928948356, -21.480806857735608]","[0.3710212529417487, 0.36947253397732216, 0.3698615974120661, 0.3660029846328621, 0.37041579057926793]"
112,"[0.9666323736672595, 0.9654029308005316, 0.9656447015858886, 0.9677158980582091, 0.9660320909570007]","[-23.66607241226249, -21.47968074197739, -20.603413154562624, -20.509293839282755, -21.796032456221248]","[0.18153457936083275, 0.21009816698404726, 0.2039357534971517, 0.14614964006380612, 0.1942180191944335]"
113,"[0.9664536790409983, 0.9651639206985871, 0.9654313330267231, 0.9670656689817931, 0.9658398253817438]","[-23.1777349805712, -21.024871925407258, -20.13942403951856, -20.015079814686967, -21.31985922798575]","[0.4494190529960592, 0.4361694376311874, 0.4389638638742472, 0.4669973898768361, 0.4433411473958541]"
114,"[0.9667332560039481, 0.965846449139178, 0.9660341299953752, 0.9673636214148882, 0.9663072581440235]","[-23.16423050521636, -21.034694644102718, -20.1447298414388, -19.968439797291033, -21.31760535795447]","[0.246325667074078, 0.2535809881681406, 0.25198526733888893, 0.2460817616496052, 0.24957873515912662]"
115,"[0.9665877888473684, 0.965679364826355, 0.9658807090383477, 0.9673589844453041, 0.9661624347048681]","[-23.29485765213437, -21.11774707220154, -20.237715169595614, -20.155958674600043, -21.42635513898875]","[0.22813259774323622, 0.23744840833675535, 0.23523606596282912, 0.21937636129426125, 0.23205643953378693]"
116,"[0.9669840065323417, 0.9653500350209061, 0.9656728941425038, 0.9681776060336603, 0.9662539391757429]","[-23.110859982373672, -20.953372814279142, -20.06865172464102, -19.957518495116652, -21.25050348336273]","[0.6567188529922298, 0.608941823250458, 0.6188395070829655, 0.6925386749073555, 0.6347466779421063]"
117,"[0.9676996281609817, 0.9663039619257691, 0.9666720208149296, 0.9689415297358356, 0.9672136189211975]","[-23.202237209454964, -21.027983618862944, -20.14757687778637, -20.0564093489927, -21.335375194898955]","[0.29697680621137607, 0.3028393722221443, 0.3008953287762015, 0.29588752716880434, 0.2984071758726721]"
118,"[0.9677216161108918, 0.9668260990281272, 0.9670787671571655, 0.9680913139287206, 0.9673808319781227]","[-23.506946746580045, -21.30071192285105, -20.42716750406015, -20.396271461483796, -21.62565651683804]","[0.3208936426308413, 0.2918178225836752, 0.29800804011277543, 0.35750381666910397, 0.3076520754999208]"
119,"[0.9712202601405083, 0.9687324609802773, 0.9692179225619494, 0.97385176503905, 0.9699458505721126]","[-22.783138887238216, -20.64659260514257, -19.75793411248618, -19.59799242002946, -20.93306192609169]","[0.1878552249177726, 0.19403992160480196, 0.19263648877418169, 0.18462232768741266, 0.1905448814127769]"
120,"[0.9682310362690238, 0.9669213245567329, 0.9671847443308338, 0.9691778188405962, 0.9676252577915204]","[-23.553712768130836, -21.328366626212556, -20.458815747576686, -20.465579304089474, -21.663639046975533]","[0.35237305747687886, 0.3561476872491846, 0.35438263988728164, 0.35698750042567856, 0.3523488172087283]"
121,"[0.9685579784898799, 0.967356357610782, 0.9676468985696925, 0.9694606404912252, 0.9680935240460479]","[-23.094419189464475, -20.91549206607887, -20.03564292263397, -19.960911515404234, -21.224783618849223]","[0.36346804451500087, 0.39722492096217776, 0.38815964167490136, 0.34915811250927176, 0.3761427894632344]"
122,"[0.9655444722049725, 0.9643532554067099, 0.9645892487197226, 0.9668195161184665, 0.9649549137631893]","[-23.06970079108273, -20.862899664709214, -19.988423808482896, -19.977244222189615, -21.186574971441047]","[0.2619950425569742, 0.24902430251606666, 0.25151546580679207, 0.2781611927124847, 0.2560072926848543]"
123,"[0.9679364565991793, 0.966640549403316, 0.966922971721513, 0.9698865002815792, 0.9673418184652905]","[-22.79053214390471, -20.628721238658073, -19.745350436593583, -19.63553123004422, -20.928849351976115]","[0.18240632509949486, 0.184135314122004, 0.18373719842189376, 0.18078985120958407, 0.18313341975238462]"
124,"[0.9688232430420636, 0.9670324501847168, 0.9674222992554952, 0.9704032921338352, 0.9679639772440155]","[-23.26709558216046, -21.080998522957195, -20.202649073333685, -20.142140013951224, -21.394167735677527]","[0.42758032259426665, 0.4161759857125506, 0.41863629133650576, 0.44878499699077645, 0.4223465572293314]"
125,"[0.969165430838256, 0.9678468136837592, 0.9681129857072422, 0.9699972197440493, 0.9685801756827394]","[-23.174973589853014, -21.006824305544146, -20.124593724683745, -20.030476883173435, -21.31010257414341]","[0.392739478500494, 0.3670718084655874, 0.3715762335980919, 0.42991288194644117, 0.38002443749469056]"
126,"[0.9671824068128252, 0.9659503803861773, 0.9662623956239841, 0.9684403808804619, 0.9666304817194918]","[-23.191636353846356, -20.99500282623862, -20.119284414423518, -20.072309327280667, -21.31451233877882]","[0.3432451117337455, 0.30717086222923773, 0.31491139096056, 0.39249352629999434, 0.32737653834779246]"
127,"[0.9681405237828907, 0.9664805063315048, 0.9668139585381628, 0.9701587817754149, 0.9673362341730984]","[-23.06810186399956, -20.893663474246527, -20.012868300631823, -19.929237268851235, -21.200525321228213]","[0.3546445914407882, 0.34267514913286506, 0.3438803419717866, 0.38716512122419483, 0.3457721268277763]"
128,"[0.9683260261415343, 0.9677788352995378, 0.9679308170272481, 0.9684676526479947, 0.9681469309140697]","[-23.38612037225097, -21.176818498247446, -20.303530741756727, -20.285433516097285, -21.502840665577985]","[0.5174706647019821, 0.4950825491306219, 0.4996047673018425, 0.5192681305567566, 0.5069431196129577]"
129,"[0.9721062604903837, 0.9703508177324861, 0.9707626316337571, 0.9736074447851224, 0.9713877811571446]","[-23.066318050296573, -20.8630238011337, -19.98810363699687, -19.964799906432503, -21.185232824769276]","[0.5065546790871807, 0.4895475356734823, 0.4930357182802482, 0.530700304315129, 0.49814860299808256]"
130,"[0.9694686604816072, 0.9678062654157648, 0.9681967979401295, 0.9710275925176077, 0.9687786195430884]","[-23.118590416765677, -20.91353086411631, -20.039205143167333, -20.015374656909994, -21.237034454623426]","[0.18445290913394846, 0.18726705712440792, 0.18640459178594881, 0.18735053888224673, 0.18518288391787188]"
131,"[0.9674060387083392, 0.9662977887811166, 0.9665044182764264, 0.9689115815776081, 0.9668736224453177]","[-23.06704319007685, -20.90527499576652, -20.022444532825435, -19.903569814240935, -21.206194383120597]","[0.4713827594629119, 0.48539827155593374, 0.4824835954606241, 0.4483838409183517, 0.478103286883664]"
132,"[0.9655586076081821, 0.9644306679446163, 0.9646651385305157, 0.966962816445402, 0.9650356693912707]","[-23.38089463355898, -21.140735465922763, -20.273423822625475, -20.325576589746394, -21.482707295118384]","[0.40260405516850767, 0.4017868020417014, 0.4021290859457309, 0.40005730118823507, 0.4023290406226026]"
133,"[0.9693209581645208, 0.9673957661330883, 0.9678384636434144, 0.9712093915216748, 0.9684698463951382]","[-22.911668512277966, -20.790718502874824, -19.898119077986625, -19.717574044985433, -21.067757015419414]","[0.3550521007427324, 0.31688561543729704, 0.32509908348184446, 0.39283958308145533, 0.3380775341359289]"
134,"[0.9679535156986392, 0.9668834551385063, 0.9671804329644044, 0.9690057746789149, 0.9675637662190396]","[-23.249202948681933, -21.090012332735675, -20.206546977398556, -20.084186645074308, -21.389394109366258]","[0.6738463051565546, 0.6634759042251278, 0.6665618402224767, 0.664318590934946, 0.6699158236062882]"
135,"[0.9719054482584338, 0.9706357421200685, 0.9708683984826882, 0.9727208573133357, 0.9712652274215745]","[-23.19669598245275, -21.003185841367205, -20.127599375058992, -20.060944773313928, -21.322173364401262]","[0.37230737406998365, 0.33565626058935927, 0.343688363434132, 0.41364651684630827, 0.3562194390769291]"
136,"[0.967395097173689, 0.9658840836271754, 0.966177680585199, 0.96869672068863, 0.9666793085513938]","[-23.203066020389265, -21.0066183060638, -20.130354039731206, -20.091864140916897, -21.325263993233865]","[0.5794844259343648, 0.551609746633259, 0.556712414885154, 0.6142585761261309, 0.5654572296682976]"
137,"[0.9682396208052679, 0.9671014118952738, 0.9673223460882321, 0.9696844762679071, 0.9676885651134584]","[-23.127111206734874, -20.90017851408551, -20.02977919570728, -20.061484847151522, -21.23451798237503]","[0.1975099993794364, 0.19175988883157355, 0.19284508680515658, 0.20783259361681095, 0.19460898654140324]"
138,"[0.963657004888577, 0.9632494033105465, 0.9633394019768969, 0.9638317509785559, 0.9634908463832628]","[-23.592734859104034, -21.37370197679276, -20.502870816077394, -20.49643754616439, -21.7056253166936]","[0.32327542692857875, 0.33460509451244186, 0.3319368385913285, 0.28765018110651497, 0.3284943902535645]"
139,"[0.9678246464851039, 0.9666659662651047, 0.9669427157410839, 0.9688391693949997, 0.9673403417865795]","[-23.073729657020863, -20.909911219259932, -20.02707491107961, -19.91940278993663, -21.211290347580942]","[0.4201939410547145, 0.4236918981640817, 0.42289922052626144, 0.4178841622977474, 0.4218414526755891]"
140,"[0.9692612742038568, 0.966522751098066, 0.9671071173601218, 0.9713292209993347, 0.9680426155630857]","[-23.103538682346876, -20.883521569615354, -20.01189572581392, -20.02559031622415, -21.214461015066878]","[0.5820296536178438, 0.5690438901649497, 0.5718675602154653, 0.5991249127264762, 0.5759986612827397]"
141,"[0.968178588532104, 0.9668173032220355, 0.9670917032778666, 0.9691507987928649, 0.9675886277030351]","[-23.080738333722575, -20.88474391843973, -20.007899008866282, -19.977013064511493, -21.202413663556772]","[0.33651419040904623, 0.3353619938849573, 0.33552359841886076, 0.33593703470143693, 0.3357874912789514]"
142,"[0.969690648082693, 0.9684398584777153, 0.96870902562867, 0.9704782581711681, 0.9691705574261511]","[-23.27934829854702, -21.074427546963225, -20.200275792955395, -20.172701479976766, -21.39815920300921]","[0.3483342768032515, 0.33763890319039547, 0.3392077190836119, 0.3511480921161799, 0.3424671395213271]"
143,"[0.9675286687722787, 0.9661973910871081, 0.9664327169031156, 0.9691085082036609, 0.9668788854849291]","[-23.092279841533557, -20.867007573464996, -19.996666457863565, -20.01751235690472, -21.201070348373033]","[0.2666895997462707, 0.2710430026068433, 0.2693365863292473, 0.2672343515808105, 0.26710149546052425]"
144,"[0.9679555257587815, 0.9665687925845101, 0.9668498340178963, 0.9683911356598761, 0.9673080469812106]","[-23.280217372336093, -21.080108748294435, -20.20465755074014, -20.172645964715468, -21.40080233039343]","[0.34216730062432604, 0.33107411463747793, 0.333332542096053, 0.35453270584315544, 0.33717921311165794]"
145,"[0.9679861874722103, 0.9670238450334313, 0.9672274758486031, 0.968788539077991, 0.9675621317889417]","[-23.194414199592025, -20.999085377679034, -20.123295146655813, -20.070166751924738, -21.318183345770414]","[0.39773744393009075, 0.4099210462328391, 0.4079856593439643, 0.39443961725721993, 0.40440515902434154]"
146,"[0.9700634308657511, 0.9683686711142035, 0.9687170759184583, 0.9716354466767958, 0.9692689005252338]","[-23.127602188380315, -20.931291794365116, -20.055306385076666, -20.011148481403005, -21.25032055840611]","[0.36696356541538355, 0.3334584040713818, 0.34069965081598147, 0.4076691810210327, 0.3528103811941626]"
147,"[0.9701092165571816, 0.9676932100836854, 0.9682174201738943, 0.9719302674225526, 0.9690503671147541]","[-22.873566345442487, -20.73095651039079, -19.84309600624278, -19.702636404629395, -21.02000856763734]","[0.34631980175495375, 0.355890609529663, 0.35474199179860527, 0.338086767882433, 0.35127002740527424]"
148,"[0.9693271716246598, 0.9676595435646839, 0.9680759936921178, 0.9701946303258926, 0.9686717634492601]","[-22.998626858505645, -20.811136415013397, -19.932931395718956, -19.877762913627016, -21.124838816775913]","[0.32142049976600373, 0.26949715128734053, 0.2720057692651075, 0.39235854341937926, 0.2892820674298899]"
149,"[0.9697578936025919, 0.9684583716947058, 0.9687984622438135, 0.9707890092800602, 0.9693232859471288]","[-23.10488598053282, -20.90797192984429, -20.031538084663403, -19.998648329406613, -21.22646785453894]","[0.2308941755215708, 0.23184896405901756, 0.23140749750881573, 0.23113988009919842, 0.23108871399241065]"
150,"[0.9684707364773373, 0.9670121413837696, 0.9673092175104157, 0.9696456958456028, 0.9678200542125809]","[-23.09060567299278, -20.92939033477157, -20.04584448732074, -19.935699688097028, -21.229118699713496]","[0.4139559862816407, 0.4019907014991392, 0.40467738176490387, 0.43874090137191707, 0.40872028357252077]"
151,"[0.9680376437251627, 0.9659191628322524, 0.9663505906720307, 0.9697219327845928, 0.967078528677226]","[-23.212723755304033, -21.062405378454553, -20.176550332938344, -20.04517728313513, -21.356202219400647]","[0.1925779477489613, 0.19979230471735476, 0.19869837047681818, 0.1853868034147658, 0.19677471253383766]"
152,"[0.9673762508144306, 0.9661762384067207, 0.9664967668294095, 0.9685980489299989, 0.9668966060875189]","[-23.13206159698012, -20.966444879715972, -20.0837971075184, -19.982782723500904, -21.268524206381507]","[0.31865508439195595, 0.3229122815107856, 0.3219738434620493, 0.3141283811368063, 0.3205487054782972]"
153,"[0.9710238949819144, 0.969886461981056, 0.9702047447180939, 0.9714728650430824, 0.9706378210509856]","[-23.088675081239455, -20.902687794387244, -20.02420503701099, -19.965363143909713, -21.21562890011839]","[0.41925256828670654, 0.43174345618896176, 0.4292870710433558, 0.4084395572827255, 0.4251415580310452]"
154,"[0.971550100914899, 0.9699311889871375, 0.9703319956623412, 0.9723553517510193, 0.9708563972881014]","[-22.953688452814575, -20.774076977172925, -19.89401945621392, -19.82654342737864, -21.083219189346284]","[0.4816395310351986, 0.457854944112456, 0.46282031606887714, 0.5264619628443922, 0.4706691420995188]"
155,"[0.9674559640725271, 0.9658038806687749, 0.9661897423249598, 0.9686567203521181, 0.9667780508398168]","[-23.066064299257995, -20.912318879505218, -20.027463757227274, -19.89831021237641, -21.20839420015035]","[0.3597700907250292, 0.37283361711422236, 0.3701751170787009, 0.35255440653147535, 0.36587667384173594]"
156,"[0.9675735279258231, 0.9656546571022453, 0.9660716512975946, 0.9696258274723518, 0.9667243090091097]","[-22.793540056728457, -20.625228021524077, -19.74240466014803, -19.65904435413012, -20.92766844884369]","[0.38935470568378505, 0.36524817339750165, 0.3700593902908728, 0.42671686343616994, 0.37787141765988563]"
157,"[0.9650234481704839, 0.9623006398529587, 0.9628040165901988, 0.9686987307931764, 0.963684839851375]","[-22.798593687774183, -20.658762838996815, -19.770117003606263, -19.627317425636598, -20.946009988426287]","[0.49782847842609135, 0.4773441474141348, 0.4795575094257822, 0.5024380497881894, 0.48721943571281423]"
158,"[0.9665420122177508, 0.9653191719114885, 0.9655827894788335, 0.9675788013563769, 0.9659743099816329]","[-23.28047863645289, -21.076815870295057, -20.202589260917385, -20.169102185379035, -21.400148490778975]","[0.3596253067713927, 0.37231624532694835, 0.36696536941866387, 0.3499631537613668, 0.36373029681801455]"
159,"[0.9363435892180153, 0.9340722107197746, 0.9345404467869741, 0.9409561178918974, 0.9352524370769599]","[-23.175161748155297, -21.036908261865875, -20.161424539047932, -19.820568719728463, -21.34322547026028]","[0.49057015549579397, 0.43103606737848704, 0.4267992145751583, 0.592789904969617, 0.44998698196092835]"
160,"[0.9435626157108994, 0.9431916725217298, 0.9432698726099069, 0.9437451041709948, 0.9434007340814233]","[-23.934395231344247, -21.667441908470725, -20.805372444831363, -20.917849349528083, -22.02333772601922]","[0.2685095681968104, 0.26310633802663186, 0.2634479883242873, 0.2659552479398221, 0.2643431980198665]"
161,"[0.936312330554752, 0.9355747235247486, 0.9357374445888147, 0.9366788441234153, 0.9359861271344484]","[-24.030625318933804, -21.759676082969897, -20.898735744760124, -21.013244878570415, -22.11818674160287]","[0.5295131760755165, 0.5499457086965311, 0.5458130737661491, 0.49817494677554464, 0.5391270410613844]"
162,"[0.941846912490465, 0.9418875122305999, 0.9419490097194674, 0.9411380875558829, 0.9420123989651727]","[-24.648655423457495, -22.385503271752135, -21.52271307303919, -21.626126354840885, -22.73946608050729]","[0.30305113728029043, 0.3146103493956339, 0.3121597341749587, 0.2886763608677601, 0.3083858353557436]"
163,"[0.9445973108081123, 0.9446229608658996, 0.9446218778317913, 0.9446110770840777, 0.9446388158354128]","[-24.340286450468184, -22.116233072874127, -21.245747735537474, -21.2621091350931, -22.449804314884283]","[0.642050383301935, 0.6196869318225962, 0.6247542049232974, 0.6434882500818123, 0.6328394194566948]"
164,"[0.9516501766784848, 0.9517648053417976, 0.9517797009637403, 0.9507888676233994, 0.9517688820564876]","[-24.435706839322, -22.16995779945229, -21.30805508352671, -21.409901864804663, -22.525854003437615]","[0.45201772025858633, 0.4358255806493719, 0.4390808164009091, 0.4792132161625049, 0.44437263298443397]"
165,"[0.947886065291534, 0.9473454960550954, 0.9474917366048573, 0.9472276636628122, 0.9478042843027863]","[-23.71162095439496, -21.456955403856394, -20.592088616437685, -20.68462451904641, -21.80586795208033]","[0.31390056426687984, 0.33261897871539226, 0.32840259900202556, 0.29140222388024317, 0.3222974287136972]"
166,"[0.9532030668011591, 0.9529945832037893, 0.9530461909375657, 0.9528251626446651, 0.9531476228461156]","[-24.757924291344846, -22.498130298034468, -21.635137105819762, -21.72192611412544, -22.851047608554378]","[0.225725734170594, 0.21644048707278024, 0.22030917609020115, 0.21974321189266663, 0.22530777097850382]"
167,"[0.950176715681033, 0.9499473217159186, 0.9500295994020048, 0.9502375469612585, 0.9501096005519911]","[-24.001187133445473, -21.771360255522282, -20.902079728472305, -20.930013358364043, -22.108043600476382]","[0.5453155183424082, 0.5437341569012536, 0.5439638356753282, 0.5481738652878337, 0.5444683223351822]"
168,"[0.9501020457857746, 0.9503791856275569, 0.9503567836529788, 0.9492597398605506, 0.9503020072828207]","[-24.484551777749438, -22.17367922186778, -21.320570503890686, -21.524784188705006, -22.552967945581507]","[0.30773704835664384, 0.32327853385349353, 0.32095142706290425, 0.27819493578032606, 0.31676421555910644]"
169,"[0.9509680976459467, 0.9508445239009885, 0.9509187344980844, 0.9506185515897895, 0.9509842302371302]","[-24.127677352787558, -21.853151124006114, -20.99287419640281, -21.116056117604572, -22.213468237840296]","[0.3977068861141465, 0.36832006661743216, 0.37435792822728786, 0.4383401625642348, 0.38408694990180786]"
170,"[0.9486256611485582, 0.9481623851753468, 0.9482309699897009, 0.9487497197378443, 0.9483570619058377]","[-24.84515328933974, -22.591382807820644, -21.727260690693544, -21.799761557386432, -22.941234005552392]","[0.39831419543742425, 0.41345452296003427, 0.41267199660393117, 0.3486598137646485, 0.4093373903497646]"
171,"[0.946463107155437, 0.9471259969984708, 0.9470066620730552, 0.9448928002470821, 0.9468111837027573]","[-24.2300535901456, -21.975463521824892, -21.110942304839526, -21.1962751902671, -22.3248813507102]","[0.38932089784315355, 0.4144748920386327, 0.4108119041427895, 0.33802194768569693, 0.40318384203442903]"
172,"[0.9557262560161366, 0.9554432160592103, 0.9556365785144617, 0.9548171813530778, 0.9557913982350404]","[-24.413973815494572, -22.130387874426656, -21.271657968219607, -21.42023468691157, -22.495062630461483]","[0.33983371387149414, 0.3151367514870237, 0.3198167741438794, 0.38943296864052224, 0.32768196158557805]"
173,"[0.9480441461682617, 0.9480467433795507, 0.9480432896193213, 0.9470864514097876, 0.9480897906223194]","[-24.462386283946163, -22.15657402034538, -21.302929925559276, -21.486027314214308, -22.533934866066446]","[0.39457559915440626, 0.4001268313283672, 0.3975139193821707, 0.38149918692216406, 0.39380441853557563]"
174,"[0.9540608851606451, 0.9543200227706485, 0.9543091629864494, 0.9532852305662064, 0.9542369301226106]","[-23.951023041548428, -21.66703311110483, -20.80821405813717, -20.961103039443984, -22.031655923000073]","[0.5773675967233547, 0.574718697118609, 0.575157142516059, 0.5798465206071814, 0.5757954686933529]"
175,"[0.9539276643859144, 0.954181098717591, 0.9541874551172171, 0.9525570204597712, 0.9541238465727756]","[-24.54690829751163, -22.264825290145637, -21.40583508399628, -21.55014417634448, -22.628772025689255]","[0.5684378674386413, 0.5459257100929894, 0.5499664096689943, 0.5609758228030932, 0.5569921501416655]"
176,"[0.9459510701051967, 0.9459746645581807, 0.9460014740598943, 0.9454187680726619, 0.9460306325584731]","[-24.296868500496156, -22.022277642464918, -21.16194815718169, -21.28676888462915, -22.382524353561003]","[0.31603788241986774, 0.3239063563564261, 0.3222316011907303, 0.3030423331491121, 0.31962889107596787]"
177,"[0.9523563601282363, 0.9522005554778276, 0.9522286998154279, 0.9516537624288852, 0.9522774686491811]","[-24.305434939795518, -22.03844548817531, -21.17662496181387, -21.284397703527254, -22.394737138542716]","[0.5829826149192668, 0.5735129786789549, 0.5756269385429751, 0.5913029748927023, 0.579476191635178]"
178,"[0.9567445022330432, 0.9570413982406011, 0.9569968373623726, 0.9562713882184548, 0.9568653667915119]","[-24.022317177809832, -21.746181868145193, -20.885946350229712, -21.018522135065606, -22.106917399061903]","[0.49114322123207504, 0.4783305394266269, 0.48129971859993054, 0.5045677910217439, 0.48595416206182557]"
179,"[0.9488074812378712, 0.9485231238290255, 0.9486133517293877, 0.948258758067633, 0.9487336452931221]","[-24.432409210411297, -22.188884446717175, -21.322256206981752, -21.381595638659476, -22.532641785466012]","[0.5866601614005205, 0.6112380376123424, 0.6071089988187308, 0.5585958456334114, 0.5984662672756791]"
180,"[0.9479903435016752, 0.9485828573686506, 0.9485212239626374, 0.9466127143626557, 0.9483071952935871]","[-24.835655680066704, -22.557633350629906, -21.698419071771273, -21.821826518718474, -22.92034341710757]","[0.11543745496663854, 0.12782406233501936, 0.12511862278276842, 0.11805603874478766, 0.12070196489279894]"
181,"[0.9392390435836178, 0.9394954474076509, 0.9394918938998327, 0.9383734926529907, 0.9394446937805679]","[-24.779605151582825, -22.531949989490588, -21.666328966837664, -21.730972035058937, -22.878157296624895]","[0.46150494858964575, 0.5027969649987314, 0.49346063983346167, 0.41785124230720366, 0.4795183103055354]"
182,"[0.9186095688282959, 0.9184170878001872, 0.918475756218461, 0.9187034579534853, 0.9185317206001293]","[-25.740320891359477, -23.51411094212646, -22.64662944780361, -22.62099428511854, -23.852725879613455]","[0.2796599511472637, 0.2914065175630427, 0.2849334742237582, 0.31518515537004715, 0.28155219751108507]"
183,"[0.9490216590277797, 0.9488656986653757, 0.9489122495410787, 0.9483084734204379, 0.9489815877373337]","[-25.00710831441541, -22.71834613114882, -21.861456881296395, -22.004209990230578, -23.08700433149235]","[0.44541348608663667, 0.4282677175518768, 0.432129944815845, 0.45184125030304195, 0.4380969386328478]"
184,"[0.9463477042913259, 0.947181903205523, 0.9470066997225492, 0.9449945907734275, 0.9467409034060099]","[-24.6766905565643, -22.381078063446186, -21.525156588363622, -21.691277087357545, -22.752701699666904]","[0.2281509137780858, 0.22671447625055308, 0.22701826492308533, 0.23718615326957512, 0.2275126442440928]"
185,"[0.9370056267674028, 0.9369498782330723, 0.9369804343283099, 0.9358836977713924, 0.9370656565049535]","[-25.313637329777798, -23.045107875233672, -22.184570867568258, -22.276321329681767, -23.40370983108883]","[0.3678153925639417, 0.37416289096097527, 0.3727828124665264, 0.3513451757374171, 0.3706877769967032]"
186,"[0.9528290814543763, 0.9529096888359131, 0.9529339657066636, 0.9518821639357984, 0.952908702440614]","[-24.881581493169683, -22.60472559905463, -21.745044307699224, -21.87088137863136, -22.966463977003688]","[0.12604943693296491, 0.13192036788149492, 0.13071613971506124, 0.12276894207284009, 0.12879510418630008]"
187,"[0.9399164393575603, 0.9392623859860537, 0.9394332339940802, 0.9393746037881194, 0.939735456957167]","[-24.67128891199597, -22.443395582668213, -21.57395187012878, -21.59335616511689, -22.779404350020233]","[0.4394290652947352, 0.43618932869244814, 0.4368348577983856, 0.4335829759966649, 0.4380093999445705]"
188,"[0.9453290358465705, 0.9455064424202867, 0.9455526580246514, 0.9445928584524156, 0.9455418077625156]","[-25.071291168026463, -22.785005845870202, -21.927779585951672, -22.06204676543829, -23.15260904284916]","[0.48082996276159906, 0.4910656467512668, 0.4892903897372874, 0.44923201191435996, 0.4864755819087342]"
189,"[0.9484517641853224, 0.9484111306400154, 0.9484457013647317, 0.9479691898708372, 0.9484436819389251]","[-24.671737111098643, -22.39575833114159, -21.535663699375274, -21.66459054316739, -22.756657449586935]","[0.2720983648358906, 0.254105833828137, 0.25802390153726423, 0.29453121436941254, 0.2637894490546317]"
190,"[0.9400139280392532, 0.939699869155729, 0.939728113917275, 0.9398072543220505, 0.9398249269384918]","[-25.244867655238398, -22.99001749229849, -22.126519708663885, -22.193716282197197, -23.341060972656916]","[0.452778771966333, 0.4592149089444818, 0.45824123001666545, 0.4175928073900971, 0.4563005815333282]"
191,"[0.9438341441235948, 0.9438433320776067, 0.9438231214695285, 0.9432535242841529, 0.9438469488278406]","[-25.058298698349223, -22.786653554667947, -21.92638026674492, -22.031899581425094, -23.146343225964387]","[0.15652030423079863, 0.1489249497629961, 0.15030549726457387, 0.17640820113368327, 0.1525137104451721]"
192,"[0.8855627223242488, 0.8833245153217268, 0.8836231061281182, 0.8903695799984034, 0.8842124167159671]","[-23.908022541584632, -21.629406157312758, -20.78153659984688, -20.698524785355612, -22.009795451215695]","[0.7025048048034156, 0.6560429023770983, 0.6664379314775417, 0.7655372642609867, 0.6816404357137094]"
193,"[0.9069418461761898, 0.9053471303988067, 0.9057135657484642, 0.9094009278781613, 0.9062319083722425]","[-26.11355200447408, -23.897529952165936, -23.050220381635835, -22.67353093079365, -24.264530533950982]","[0.14801241117885006, 0.11684405718704652, 0.09719241449126867, 0.2317387318548374, 0.0946224238129109]"
194,"[0.9172485001299496, 0.91663262518821, 0.9167541229744343, 0.9178923022246662, 0.916922835574055]","[-26.037895035448017, -23.815346312478436, -22.946373304032473, -22.926741883758755, -24.150866705348342]","[0.36271813979573386, 0.3189521008010948, 0.32584950733792745, 0.3904765112164426, 0.34099926502146183]"
195,"[0.9486621432987363, 0.9486049926166793, 0.9486835777364634, 0.948515631570471, 0.9486986481833511]","[-24.772784839836305, -22.508357542738878, -21.645758685312142, -21.753307918338948, -22.86289636769291]","[0.40900347963337874, 0.40940722323376033, 0.4095456861829795, 0.3986636970746956, 0.4101716039974848]"
196,"[0.9425828440774666, 0.9425616300213371, 0.9426076719762456, 0.942421394540511, 0.9426577524193477]","[-25.178945710995283, -22.91510546821284, -22.053112958251976, -22.144960881453326, -23.270431375185872]","[0.6337435552500332, 0.5978900956736175, 0.6059605729008386, 0.6444900617143587, 0.617814903873762]"
197,"[0.9315129039444986, 0.9316664067885994, 0.9316526729084345, 0.9307911517119815, 0.9316113617072654]","[-24.79078023873026, -22.51665374465471, -21.656298224877165, -21.778762733931426, -22.876762274044932]","[0.5895588652710917, 0.5901236069719793, 0.5909349473835224, 0.5754664540206321, 0.5916850484354216]"
198,"[0.9141018092844452, 0.9111638948462933, 0.9117030674776654, 0.9195540185417055, 0.9126675484486141]","[-24.618655907868646, -22.76279714282924, -21.831766013159598, -20.986858212973246, -22.918978122371556]","[0.5698740872547587, 0.4505325260952837, 0.47602183200224485, 0.7016352894419973, 0.5152150250696915]"
199,"[0.9126641492199895, 0.9130044785522182, 0.9129002142760203, 0.9118639030943704, 0.9127878660570798]","[-25.922319031334034, -23.62262439117692, -22.777498062552336, -22.7577855770581, -24.01191906454504]","[0.24853089164881217, 0.2765909291484007, 0.3400902766949107, 0.16033370754992882, 0.2911964569395851]"
200,"[0.9337761193522953, 0.9338397484343901, 0.9338957586126524, 0.9328457258750368, 0.9338998864895086]","[-25.25949128058558, -22.99351427989721, -22.131649626053907, -22.233972090967416, -23.34950450085343]","[0.5142052655308336, 0.4924276789318722, 0.49607792070053347, 0.5141827822301958, 0.5024461528283048]"
201,"[0.9409387770490827, 0.9410232472193376, 0.9410364692595005, 0.9400609312359419, 0.9410339886391031]","[-25.478047862964992, -23.215083507202117, -22.353228080368705, -22.43719628129212, -23.570424609906915]","[0.37738216015956055, 0.40354799215093556, 0.3989528485472811, 0.3430252150918704, 0.39164301291462034]"
202,"[0.948849959577528, 0.9485449290612171, 0.9486324049914119, 0.9487308739952585, 0.9487313866384612]","[-25.122860819955193, -22.861618823368584, -21.999074763830887, -22.086022992486402, -23.2155227246093]","[0.460663042585703, 0.4926309968430488, 0.48666827704198196, 0.41967020707759184, 0.47613889895678746]"
203,"[0.9433619511873744, 0.9442909570872967, 0.9441516277105452, 0.9418600947788017, 0.9438805562897429]","[-24.756062591872094, -22.47788174380938, -21.618204206401835, -21.752060436782273, -22.839923460039373]","[0.6884058949425834, 0.6632929410008667, 0.668199725785558, 0.7256148075530475, 0.6759756021190928]"
204,"[0.9470998400617098, 0.9469285783795964, 0.9469754486067109, 0.946372332851488, 0.947027465618115]","[-25.099528896542676, -22.8513145766744, -21.985424914953434, -22.05858269895914, -23.19725776019822]","[0.4312425768337813, 0.40758051783407556, 0.4124491957087948, 0.46342512958583465, 0.4202154699393771]"
205,"[0.9511228085176217, 0.9513143939067938, 0.951326447647167, 0.9503492803731401, 0.9512760718637076]","[-24.905579052327614, -22.629950110397946, -21.769554801250685, -21.90221139196131, -22.990334323667756]","[0.419038501835519, 0.41839201926422925, 0.4190681151866765, 0.4237351114034923, 0.4197185558093251]"
206,"[0.9465833947176778, 0.9469252463224095, 0.9468506362729943, 0.9462264028232898, 0.9467059361854148]","[-24.952218490089006, -22.707274712300176, -21.841047947469978, -21.901010522723546, -23.051962376385596]","[0.33097265345251087, 0.32995660904368057, 0.3303520075411272, 0.32862786726639726, 0.33099438595268477]"
207,"[0.9532206707666695, 0.9527852477779134, 0.9529437784492278, 0.9527796334709377, 0.9531192186790554]","[-24.620415229383234, -22.349143939552686, -21.488011357800463, -21.60859788162336, -22.707422415546226]","[0.47783154043130177, 0.4655460436234297, 0.46808890857134516, 0.4993813638806216, 0.4720798430729809]"
208,"[0.9543927025901823, 0.954778044930181, 0.9547177139370677, 0.9535017219624946, 0.9546086055456705]","[-24.984036497634126, -22.73076618618437, -21.866142306434845, -21.94535656137097, -23.079770530500266]","[0.21864921759362796, 0.2080479082585406, 0.21001945937545471, 0.233481374997169, 0.2132413502394291]"
209,"[0.952792895538101, 0.9521135964406016, 0.9523290502336544, 0.9528858119650118, 0.9525575768906629]","[-24.609719780701607, -22.323446468657192, -21.4652744862326, -21.619339638244803, -22.689570263951225]","[0.5297730676280019, 0.549123313188395, 0.5454478925853181, 0.49222364809265384, 0.5391994406094209]"
210,"[0.9554855677659151, 0.9557115780892744, 0.9557471723376584, 0.9545404188780598, 0.9557280779494485]","[-24.295721551728743, -22.053776384065166, -21.186520514413445, -21.24819365743475, -22.396229627937142]","[0.6017455612775398, 0.585390717345475, 0.5894522823607337, 0.6040919133088198, 0.5952686562528411]"
211,"[0.9533135853485702, 0.953252941807054, 0.9532877351118012, 0.9530801188843049, 0.9533167202956188]","[-24.601191270239656, -22.367270095645186, -21.498544866632283, -21.540173174826162, -22.70570460419258]","[0.6478917266659974, 0.6497642443618964, 0.6495896036561208, 0.63948721510545, 0.6493094404661537]"
212,"[0.9554351702781525, 0.9549645721271589, 0.9550914302166605, 0.9550231018390085, 0.955299384553324]","[-24.232826365434565, -22.010229889604258, -21.139009571949448, -21.160412991226806, -22.34236032140115]","[0.5756287909452411, 0.5375478429465688, 0.5451970296366322, 0.6279808929352084, 0.5575816319746891]"
213,"[0.956781754977111, 0.9568071831226328, 0.9568106037727311, 0.9563864894119233, 0.956819018832119]","[-24.25610911511706, -22.03211863712535, -21.161474811663254, -21.180501212400802, -22.365434535361278]","[0.47044262394163167, 0.46422418762810846, 0.4667212626020391, 0.4926773384253008, 0.4681799909122117]"
214,"[0.9535472927365857, 0.9532707020921081, 0.9533752700949126, 0.952898044518956, 0.9534950298537541]","[-24.879427813341273, -22.619389184148176, -21.75640467352812, -21.844556149184726, -22.972379136504248]","[0.378263988833677, 0.37043083624717427, 0.3723298854784178, 0.37557159995075395, 0.37497311273146233]"
215,"[0.9589650508790517, 0.9583654295001883, 0.9585481993877786, 0.9584255674802123, 0.9588156264061801]","[-24.210569961900838, -21.960676021234832, -21.095166293196876, -21.171134370162367, -22.30755161100442]","[0.3198199695485077, 0.3025863374575726, 0.306058467671806, 0.34813593944939436, 0.31171020991726023]"
216,"[0.9579208185430389, 0.9576370809992233, 0.9577430335503128, 0.9576802278746078, 0.9578089759120856]","[-24.2320020510955, -21.99170282617236, -21.124045377329825, -21.183633711628744, -22.333186541715556]","[0.381517264720892, 0.3861587997123292, 0.3851811079383641, 0.3787255551611429, 0.38405792119974513]"
217,"[0.9585265486311114, 0.9585106489802175, 0.9585166047448318, 0.9576959016708597, 0.9585508616405105]","[-24.538508256975664, -22.275153483674835, -21.412504691475437, -21.514443498039178, -22.629367633363728]","[0.23980291288987787, 0.2177880231589319, 0.22223597760570793, 0.27111073958509396, 0.2294272096614181]"
218,"[0.9618024921505909, 0.9610890257377548, 0.9612799779219924, 0.9615586330313054, 0.9615817566839735]","[-23.65293966480175, -21.449679586194055, -20.574771173707834, -20.551024125266167, -21.77190108549287]","[0.6393143804078143, 0.6255626716221625, 0.6284422319999399, 0.6591072566018807, 0.6330203910712163]"
219,"[0.9549190367312484, 0.9551174919393464, 0.9551668848296124, 0.9540993211695941, 0.9551043280349347]","[-24.819371655988462, -22.581822809075558, -21.713617884915987, -21.76718310864517, -22.92185168536106]","[0.30995019480554037, 0.29535015504592277, 0.29744640293785474, 0.32827634852299026, 0.3023100075923321]"
220,"[0.9568272285398379, 0.9565267595705433, 0.9566118554332848, 0.9564238224896425, 0.9567351137328017]","[-24.263555886774146, -22.00568270463496, -21.141900637972313, -21.232499736379932, -22.35696434084159]","[0.5633941375835294, 0.558478399106591, 0.5583372486409982, 0.5541789656751043, 0.5597053896130882]"
221,"[0.9609070668585871, 0.9604831117933667, 0.9605965854464639, 0.9605348373307864, 0.960711976140557]","[-23.955145679346362, -21.692458568252995, -20.829199444311108, -20.939296370203937, -22.045597405886912]","[0.5174562048725156, 0.4845888099014379, 0.49092328278184244, 0.5609846170112815, 0.5019188845170939]"
222,"[0.9604307977680734, 0.9601830531608071, 0.9602701646973095, 0.9597939015479792, 0.9603916685156815]","[-24.211673392488255, -21.94880649538334, -21.085711060130066, -21.193526694345568, -22.302234804562822]","[0.5806325229725127, 0.5675767166079319, 0.5713935464029357, 0.5597682313490209, 0.5775486943619236]"
223,"[0.9599977759244632, 0.9597554661618108, 0.9598261045303264, 0.9598228274270086, 0.9599010516910803]","[-23.913503600684333, -21.660783029537402, -20.79598599037911, -20.875157234317008, -22.00936572477508]","[0.5313834792914054, 0.48645754543811215, 0.4956877015343045, 0.6007744852131783, 0.5101762269521536]"
224,"[0.9579449574857828, 0.9576890446139665, 0.9578037423382034, 0.9575692994342849, 0.9579086467570944]","[-24.172817441041076, -21.954348623045593, -21.081936760660803, -21.101058940865915, -22.283760099162112]","[0.2587544962083929, 0.26046274023392435, 0.2613192773380651, 0.24415109162920065, 0.2623383685870685]"
225,"[0.9607121259804315, 0.9601884417648636, 0.9603176185714011, 0.9612113010398596, 0.9604502868062637]","[-23.561401390730936, -21.330327422395293, -20.460828326240406, -20.500116210893047, -21.666962033373927]","[0.32243641464490863, 0.30323562151736133, 0.30722104815334844, 0.3472940580266129, 0.3135491510543592]"
226,"[0.9620046157283998, 0.9613614507644087, 0.9615219830309913, 0.9621668556485687, 0.9617303807780495]","[-23.81525898018729, -21.62117757555257, -20.744312857260685, -20.70297844897188, -21.93838911988511]","[0.2886980744805262, 0.28903616723759473, 0.2887915905660373, 0.28999676531626534, 0.28860967591486597]"
227,"[0.959142189328454, 0.9588029703949701, 0.9588721938873458, 0.9591726107073242, 0.9589927312006283]","[-24.06438081783058, -21.843567556515705, -20.972681033056233, -20.97758560429637, -22.175809676959776]","[0.4542033848156607, 0.425805796823082, 0.43103199545397003, 0.5060334457196943, 0.43991014446535587]"
228,"[0.9654703064514638, 0.9648019565682046, 0.9649912403893259, 0.965629645222705, 0.9651854262469426]","[-23.460276674416086, -21.2543670472645, -20.379556400232207, -20.369333860457616, -21.57733344207295]","[0.5642884463922508, 0.5576038824622133, 0.5589598333272433, 0.5734773257053142, 0.5611279996261871]"
229,"[0.9635829551941096, 0.9625799820089741, 0.9628532034476006, 0.9639409476415146, 0.9632431568786608]","[-23.704108076214975, -21.46552165670288, -20.59785652272544, -20.647285505631515, -21.806608434758108]","[0.4509593665101803, 0.443710252181397, 0.4421124451327919, 0.47570950709235515, 0.44078267831180923]"
230,"[0.9646538722958717, 0.9638910219133732, 0.9640175303079773, 0.9649360179677919, 0.9642442902867319]","[-23.281573070726818, -21.122159597839577, -20.237821097420397, -20.13092654273787, -21.420296551741014]","[0.5434040639921046, 0.5372707263244781, 0.5384799143033305, 0.5579647557874247, 0.5404972994489753]"
231,"[0.966508120277587, 0.9655110326905892, 0.9657718908747148, 0.9673512997997793, 0.9660762787985517]","[-23.50907415106758, -21.312654277745285, -20.436417766025432, -20.3972780284965, -21.631330923319876]","[0.4240825438858973, 0.3906620865728941, 0.3976111931035205, 0.4740521215309871, 0.40862996591386924]"
232,"[0.9653928398350126, 0.9640295450260037, 0.9643611610964403, 0.965847375201719, 0.9648626322929441]","[-23.34845777380812, -21.20190430777026, -20.314701879429204, -20.184818396395187, -21.49284248132902]","[0.4344803871834132, 0.4265038466046347, 0.4282193579755438, 0.4421040349335622, 0.43089988709083066]"
233,"[0.9522846201120742, 0.9511876621578338, 0.9514510291728288, 0.9528158362867787, 0.9518698752684581]","[-23.31170458509806, -21.119948453001946, -20.24204481908956, -20.20567336107317, -21.435066030111383]","[0.6306422673867838, 0.6228099601390842, 0.6259534793323798, 0.6276953940056176, 0.6307815118610722]"
234,"[0.9466646752974985, 0.9474283168947761, 0.947303968922403, 0.9449209562635024, 0.947076853851045]","[-23.87997180820086, -21.626383311872498, -20.761462170046794, -20.848414517387784, -21.974981568828188]","[0.6638363138901716, 0.6590090644236439, 0.660026156965021, 0.6649750078389661, 0.6616293431263282]"
235,"[0.9458841777544132, 0.9451021855100894, 0.9453506458620605, 0.9452708574559516, 0.9456271055657731]","[-24.889615047147416, -22.6286956072598, -21.765507629568607, -21.86316900599032, -22.981558379321925]","[0.36640938958616015, 0.3777829234550396, 0.37707267992194704, 0.34218212378690366, 0.3740867492332048]"
236,"[0.9532568905247849, 0.9533609519275779, 0.9534079071896324, 0.9525349266066698, 0.9533930270962181]","[-24.7739570334292, -22.49764383986959, -21.637574065347927, -21.768031637566885, -22.858655958668507]","[0.41749606257705674, 0.4268365521196823, 0.4249038746002058, 0.40523133209840345, 0.42182810661709297]"
237,"[0.9568658370590283, 0.9566726147398967, 0.9567023513595295, 0.9565292403201533, 0.9567504694360212]","[-24.242484310805846, -22.000884252794183, -21.133589746860036, -21.1939080323514, -22.34321215113397]","[0.5415028079449078, 0.5155098407209928, 0.5212023130324593, 0.5520418701474256, 0.5308586047318531]"
238,"[0.958235476897609, 0.9570940393517954, 0.9573716527096392, 0.9584555458176015, 0.9577905614019132]","[-24.168247351962407, -21.950618101419355, -21.078287901740822, -21.091129140084394, -22.279952931723518]","[0.4760777251086024, 0.46491080975400745, 0.4672940670621832, 0.49001283680953994, 0.47102241415172186]"
239,"[0.9560608993452334, 0.9558688800451224, 0.9559963015523189, 0.9557879152244284, 0.9561074217059422]","[-24.21482662306215, -21.961226371986033, -21.096631296541226, -21.177172650700566, -22.310325533604377]","[0.5028797633103818, 0.5014639751251447, 0.5015667404392888, 0.5053010220657194, 0.5016969793241327]"
240,"[0.9395563832722461, 0.9391098569422717, 0.9392274400792415, 0.9395927090535218, 0.9394026931209736]","[-23.911071881324432, -21.661306651368204, -20.79833035609029, -20.825147094458362, -22.012033912256978]","[0.47524111033823585, 0.4714273808195324, 0.4704715203157362, 0.4202240920419099, 0.4710800556195163]"
241,"[0.9522409241960794, 0.9514894537313675, 0.9516618238154625, 0.9518494685104736, 0.9519611731174604]","[-24.31876192887015, -22.065121228414796, -21.20040608403575, -21.28354040597965, -22.41404030740225]","[0.3733394321387267, 0.35377346474572763, 0.3572847071103474, 0.40855582631291343, 0.3634924443160413]"
242,"[0.9530981196667745, 0.9530174213534425, 0.9530304949283274, 0.9529563631918441, 0.9530792295528526]","[-24.61324660532525, -22.340152115180317, -21.479188252659604, -21.607464300020133, -22.69909880618007]","[0.3841734711454293, 0.4021210835105017, 0.3980847128031188, 0.3697839119601568, 0.39115499328332176]"
243,"[0.9532005665902061, 0.9533727675455044, 0.9533958457966348, 0.9523983916775535, 0.953315154233327]","[-23.911080259241444, -21.638364253637416, -20.777313328026967, -20.905142384166638, -21.997089544128755]","[0.552628469226599, 0.6012879407283336, 0.5911419324521866, 0.49719892752513617, 0.5750946365392718]"
244,"[0.9512858241500795, 0.9511042849647444, 0.951173515260188, 0.9509648699958058, 0.9512482242085407]","[-24.823205971616506, -22.571692872258026, -21.706922592322726, -21.778286900582216, -22.920063271936712]","[0.41303513857974794, 0.4073864853636046, 0.40869061993717315, 0.3990629540206611, 0.4110587938538006]"
245,"[0.9575959336412576, 0.9573004660834293, 0.9574475892526431, 0.9574420338742929, 0.9575561239594831]","[-24.141624198224207, -21.909973893828685, -21.040240407290312, -21.0874567072676, -22.24638271158632]","[0.3882788889906723, 0.39125057662071544, 0.3906211834416389, 0.3847081074608226, 0.3896463800677924]"
246,"[0.9561245987612662, 0.9561327510932516, 0.9561974833450746, 0.955373647748099, 0.9561985603180789]","[-24.605142552941512, -22.359069407467093, -21.492934783645712, -21.55766355984056, -22.704153411602324]","[0.2529461512614299, 0.25780916619523797, 0.2568186388906531, 0.24327304973583988, 0.2552178244622528]"
247,"[0.949916097193209, 0.949272099144002, 0.9494800355748644, 0.9502694718868236, 0.9497012616846768]","[-23.844999315277242, -21.619511491981015, -20.750029196464524, -20.756308574097723, -21.95492327382369]","[0.5810516531371586, 0.554303783688867, 0.5599541774957633, 0.6142484972007244, 0.5687060715287914]"
248,"[0.9561826876060225, 0.9559147343171209, 0.9560065776763207, 0.9554723293496616, 0.956128281893447]","[-24.123461514828218, -21.876849763159328, -21.010566236966397, -21.08172746932516, -22.221823756010874]","[0.396395785844979, 0.4081107926914504, 0.40539345352450146, 0.38047424154447274, 0.40136498607307763]"
249,"[0.9561438166293108, 0.9555006748012489, 0.955661750157248, 0.9559486589658751, 0.9559102224500547]","[-24.21412846049358, -21.963348680034258, -21.098054742027337, -21.175141921273156, -22.310751339815074]","[0.26343348762929647, 0.2657279185036724, 0.2653392571752388, 0.2631750144539503, 0.2641899997226159]"
250,"[0.9586573842902969, 0.9582920788305577, 0.9583790593630598, 0.9585369919504311, 0.9585215899344416]","[-24.235252099134556, -21.997619644545324, -21.12966162163616, -21.178998623659083, -22.33805393579062]","[0.4532210216152331, 0.44872028854267426, 0.44939349113718097, 0.4618770200495221, 0.4507095776355212]"
251,"[0.9592900467608853, 0.9587380296564879, 0.9589067655433131, 0.9589755610425471, 0.9590825590621216]","[-23.975814520543558, -21.739183950569863, -20.870774568168034, -20.922747554730613, -22.078706892241616]","[0.1973461490215767, 0.19577844806838546, 0.19609688314011384, 0.1993819728304029, 0.19661166603030988]"
252,"[0.9593603607151695, 0.9587595881041242, 0.9589404353033467, 0.9594976052002898, 0.9591574884630022]","[-23.793366169937592, -21.54246134212959, -20.676807965252443, -20.76167647115603, -21.889343759323943]","[0.5074763709121608, 0.5156109293623011, 0.5126341420684297, 0.5066053508591121, 0.5081353940017491]"
253,"[0.96331981862899, 0.962939032600686, 0.9630722118620466, 0.9628983296571707, 0.9632280605976347]","[-23.485478380799147, -21.30675180323999, -20.42650187302946, -20.357461559905303, -21.615399907766616]","[0.49479770726279537, 0.469733741367148, 0.47489135838081875, 0.5330824968362827, 0.48330800524917633]"
254,"[0.9596243311154408, 0.9592231961409969, 0.9593992893207167, 0.9596643714557904, 0.9595399870250393]","[-23.681688476158264, -21.480222560241486, -20.60490619553242, -20.578134723106913, -21.801426932095595]","[0.3771570642520226, 0.39815924483638115, 0.39223637962368146, 0.3765077817227374, 0.3827488760949749]"
255,"[0.9629002700522432, 0.9624941473503986, 0.9626710772477265, 0.9626249246930199, 0.9628077506562172]","[-23.609997851309398, -21.390802633498645, -20.519035910476198, -20.5305242571863, -21.721346603396142]","[0.20463307068139086, 0.20694460044158344, 0.2064522748642136, 0.2034540352854335, 0.2056796364631977]"
256,"[0.9586767991285199, 0.9590701115109102, 0.9590176336718514, 0.9574373507847862, 0.9589140478060614]","[-24.034332642726895, -21.809520615423235, -20.939135840252675, -20.957991823259118, -22.14340943336733]","[0.2592544454102161, 0.2476766330883673, 0.2500411976444836, 0.28070896560627967, 0.2538373158911635]"
257,"[0.9614740984136554, 0.9608407024657448, 0.9610218359914465, 0.9614989472059261, 0.9612492161048216]","[-23.5956747273682, -21.436784272266678, -20.55328317059239, -20.429830688884515, -21.736043561714936]","[0.6635188902842828, 0.6284651456006544, 0.6362269437959979, 0.7070401506787395, 0.6478871043504487]"
258,"[0.9638301422339016, 0.9634023802762293, 0.963561137603664, 0.963556004060584, 0.9637365301807442]","[-23.37980317824093, -21.167462295489955, -20.293914203485954, -20.298117737225642, -21.493773028956934]","[0.7067771859182912, 0.6686069335126252, 0.6779931757208664, 0.7472758593983451, 0.6901214509138158]"
259,"[0.9013079426288515, 0.8998742759356121, 0.9000607771653781, 0.9049461630507356, 0.9004277108676306]","[-23.94530017488386, -21.71028147559919, -20.881107067041388, -20.359872389452715, -22.109687400066495]","[0.4864093242456515, 0.5069697333578286, 0.5010769701062365, 0.4924046057365274, 0.4912664818344529]"
260,"[0.8858996191693019, 0.8852033453653689, 0.8852829026173061, 0.8878310733695316, 0.8855213739225232]","[-24.336827402125135, -21.92165246764913, -21.092586343040402, -21.43748226914804, -22.36098249585801]","[0.13157723818476363, 0.11696168457174434, 0.11714863702234155, 0.17544105111904884, 0.11747437387006489]"
261,"[0.9350051306528432, 0.9348881235838573, 0.934972941862205, 0.9338845135661035, 0.9350538754367483]","[-25.554441678152866, -23.28327333404383, -22.423298749063733, -22.519543082450458, -23.64331168979529]","[0.4599221361323008, 0.4382176933405215, 0.4438664505880709, 0.43994226607715475, 0.450628220238467]"
262,"[0.9220156403352611, 0.9230954795640928, 0.9228632154368116, 0.9208732704802378, 0.9224907618552726]","[-25.41704315528513, -23.139085164033993, -22.28033307775485, -22.394206200582875, -23.50248704314439]","[0.3508401620418111, 0.3535129326032672, 0.35303784994143544, 0.34529610074462214, 0.3521808383848779]"
263,"[0.9469856364931118, 0.9469947909019362, 0.946995554083698, 0.9466210254803289, 0.9470091296972001]","[-24.701600594488113, -22.468513231382836, -21.599808961406723, -21.63607558367401, -22.80679512695058]","[0.3575002983668371, 0.37119777950087024, 0.36838569562263, 0.33931670048387835, 0.3638526963899997]"
264,"[0.9349506887157036, 0.9355222176746376, 0.9354250559093806, 0.9326377086736228, 0.9352830038727341]","[-25.090735352034084, -22.832749760644457, -21.969021824697514, -22.059311599767362, -23.18413904854326]","[0.3263229385039532, 0.3495041617073817, 0.3446207183838198, 0.2984310983138943, 0.33692826642469476]"
265,"[0.9519996079142857, 0.9511538009530635, 0.9513239297163052, 0.9524843434217319, 0.9516052728207087]","[-24.749861035319235, -22.486732131497078, -21.623985893504884, -21.72654542003025, -22.840771510322483]","[0.5221472517560019, 0.575577256854825, 0.5647246265749636, 0.46083313488658706, 0.5465723638816137]"
266,"[0.9544502223388113, 0.9547651797604872, 0.9547618620043445, 0.9538381743452472, 0.9546804270116888]","[-24.942786701486785, -22.67066552571684, -21.81012934766609, -21.923823827808878, -23.030048236524422]","[0.32068719582294364, 0.3117912700802754, 0.31458619981282016, 0.3380166923199719, 0.31802608059809323]"
267,"[0.9550790523430298, 0.9552229633438537, 0.9552510952226401, 0.9539083705176035, 0.955242452356377]","[-24.895647873572702, -22.606842572823773, -21.749470421442698, -21.90253932582438, -22.97474678486675]","[0.4573336038101108, 0.4422383207022615, 0.4446781205957323, 0.4721212781714406, 0.44768182456530287]"
268,"[0.9496676074968398, 0.9503688493315214, 0.9502023096222982, 0.9484041032451705, 0.9499691359383078]","[-24.901862359034375, -22.62170865627377, -21.762936758512836, -21.890444203211977, -22.985579478395437]","[0.2856995811475322, 0.28815766644215896, 0.287675236770476, 0.28273196274187257, 0.2869083364260314]"
269,"[0.9588890102209302, 0.9589595072998534, 0.9590000956413388, 0.9582392515810589, 0.959000788501797]","[-23.982853425880105, -21.72454554557797, -20.860416549521815, -20.9608048440092, -22.07538998799965]","[0.7873379354170948, 0.7871689971055352, 0.7871435857516, 0.7849804601201915, 0.787173685212724]"
270,"[0.949521214488509, 0.9510462540394871, 0.9508089824890557, 0.9465118311767111, 0.9503573769579027]","[-24.30984783197756, -22.041950533273376, -21.179792591990402, -21.299963594600378, -22.39792230687522]","[0.5289465753617301, 0.5536116329655154, 0.5519816083682344, 0.4885110015525381, 0.544457652036722]"
271,"[0.9326483983297871, 0.9334568851055514, 0.9333881747217452, 0.9301465503892705, 0.9331618017739346]","[-24.845605321153464, -22.577861507976756, -21.715889950695367, -21.83134018772903, -22.934091313978893]","[0.3965513272653821, 0.3825950914940155, 0.385481169122772, 0.4146552752981152, 0.39008168533343424]"
272,"[0.9097203289474044, 0.9092573154381899, 0.90932212840279, 0.910564613645026, 0.9094736191746108]","[-25.039446866888508, -22.69133763499993, -21.84592101534789, -22.12527163215296, -23.090611415133463]","[0.38815803749179917, 0.4166118108243292, 0.41075360208793144, 0.3512429413931773, 0.40137430291778925]"
273,"[0.9032300519949362, 0.9014182555904978, 0.9018801672071302, 0.9057969734520576, 0.9023683512853812]","[-25.49779847025186, -23.177003009352987, -22.326919207727304, -22.529567938029082, -23.56315218290409]","[0.27526394933363235, 0.2722924077798395, 0.27290458184542726, 0.2800748025702542, 0.27388220087625437]"
274,"[0.9364456909293206, 0.9363494770989361, 0.9364656705614334, 0.9357076382912601, 0.9365565407764023]","[-25.422057435245033, -23.15437541651205, -22.293356558935248, -22.38941127210342, -23.512070520652074]","[0.40431415012493804, 0.41538757207051635, 0.4131643383283111, 0.3908749048135999, 0.4098141093125336]"
275,"[0.9539050297009096, 0.9540938410515248, 0.9540848810654831, 0.9530606926649238, 0.9540756681537945]","[-24.556948326584347, -22.284229429965976, -21.42331950974764, -21.548313274062853, -22.64317872877479]","[0.44293300641418876, 0.43221716096890694, 0.43378404421987876, 0.44354752155165755, 0.4376798879443646]"
276,"[0.9566511663888092, 0.9566318655220857, 0.956700013693294, 0.9556145184748662, 0.9567392179420688]","[-24.549072523071857, -22.27715925223859, -21.415831122505757, -21.544351838912593, -22.63528091766472]","[0.3781552071550593, 0.37312282273018565, 0.37611774665349523, 0.3805395058079339, 0.37709651316039244]"
277,"[0.9513990190274941, 0.9521263220207837, 0.9520197941329064, 0.9497554436514485, 0.9517896988900578]","[-24.85454896635086, -22.561939616105104, -21.705469189808284, -21.864134707149976, -22.932065298979023]","[0.5059028213869456, 0.5066276032505754, 0.5074262322316203, 0.5086273088463646, 0.5073265640133119]"
278,"[0.9543133840543441, 0.9544786051210311, 0.954516994135623, 0.9529349345426268, 0.9544840217329121]","[-24.802373796698248, -22.525447663878683, -21.66534227024472, -21.800336400854928, -22.886546067282456]","[0.394296558818174, 0.42228536907108566, 0.4162696882587335, 0.3610025035572538, 0.40695004657860606]"
279,"[0.951811239656474, 0.952767405849649, 0.9526236990362577, 0.9495826882255329, 0.9523583171792376]","[-24.321708251506834, -22.051675316446207, -21.189990541308127, -21.313957723565053, -22.408842248916073]","[0.5420096284114898, 0.5244870817860041, 0.5280258979965634, 0.5668477912086323, 0.5337421137295374]"
280,"[0.9559395726391269, 0.955856661071534, 0.955899193510677, 0.9551713948482856, 0.9559200935124189]","[-24.454091584782397, -22.168645829301163, -21.30998238486801, -21.46889747516141, -22.53383269189273]","[0.32960989560644016, 0.3534567009368697, 0.3483207966683361, 0.3074823679128981, 0.34034953849166993]"
281,"[0.9558154037671, 0.9561611234244608, 0.9561211393159239, 0.9546014767773672, 0.955991206705757]","[-24.702285850620527, -22.429526907477996, -21.568686101678107, -21.692441418471454, -22.78858793203824]","[0.2515760151454623, 0.2180740503853674, 0.22501767936148317, 0.3035845718455595, 0.2359190249350203]"
282,"[0.9595119396086899, 0.9596033752514543, 0.9596466037994064, 0.9582759984493576, 0.9596562390061253]","[-24.49485962965504, -22.21444552967202, -21.354822487403126, -21.501629475196644, -22.577062494609002]","[0.23224767840950306, 0.2424970227468665, 0.24058704724379526, 0.2231206686141, 0.23740129234647678]"
283,"[0.9586696921750256, 0.9586666744923132, 0.9586935469721087, 0.9577470024221093, 0.9586955392387254]","[-24.559512260655886, -22.293849665167254, -21.431542027837615, -21.540817130960423, -22.649098324520164]","[0.37168388056648555, 0.3569376653854946, 0.35959241925153723, 0.3939485024474232, 0.36375860597905646]"
284,"[0.9559875256268303, 0.9563147141363, 0.956293420984322, 0.9549301125266303, 0.9561844813331987]","[-24.246368750709053, -22.005263586008205, -21.13803105084943, -21.19419924641942, -22.347574324611085]","[0.24024800215625047, 0.24459311826600885, 0.24406246991130406, 0.2402735430134089, 0.24319105128716262]"
285,"[0.9593414772005899, 0.9596241466989139, 0.9596468090291462, 0.9583297171148831, 0.9596015082599402]","[-24.268353687181083, -21.996718565934362, -21.135261295864574, -21.264573043845207, -22.354580293926745]","[0.47053105460609, 0.4625410490416876, 0.46420744918979445, 0.4796805333382546, 0.4668484553269236]"
286,"[0.9549085546176018, 0.9552180401563617, 0.9551903517048705, 0.9537672449118223, 0.9550975373053354]","[-24.628822045329798, -22.354006328196483, -21.493528276586776, -21.622914961062694, -22.714069880543406]","[0.5712184934768373, 0.5667507788779275, 0.5675485299307336, 0.5971572309275542, 0.5689813519420113]"
287,"[0.9602512277955064, 0.9606085146857477, 0.9606095396374658, 0.9590014878577535, 0.9605059086647774]","[-24.269718644573523, -22.004531105670818, -21.141724734098645, -21.258098486659357, -22.358928657957975]","[0.4203755108025878, 0.4315977961867669, 0.4291956000615361, 0.40765501751042726, 0.42546911981374597]"
288,"[0.9588684970143251, 0.9585653324643008, 0.9586773349037802, 0.9587364781147075, 0.95881583153106]","[-24.01604820435036, -21.778542639313173, -20.90998160769088, -20.97006621345138, -22.118027963296623]","[0.41080666408062255, 0.4051797575641141, 0.4063891478706466, 0.42318893982977485, 0.408380341276471]"
289,"[0.9626395582310096, 0.9622448504225249, 0.9624078313168086, 0.9618501157122434, 0.9625917181596253]","[-24.205370834134065, -21.940688222751362, -21.078070625085015, -21.18755803078491, -22.29524934767147]","[0.3083099547594944, 0.2747933658203713, 0.2818973719138877, 0.350075135577271, 0.29308473187637024]"
290,"[0.9618146889101479, 0.9616706240971935, 0.9617502319219124, 0.9612242329977235, 0.961785634600477]","[-24.189296975682822, -21.937886548709784, -21.07254590355669, -21.154461855317624, -22.285354261109582]","[0.6286303599046249, 0.6243469819802284, 0.6243313528020461, 0.6414327138629701, 0.6240657493882413]"
291,"[0.9618531561512802, 0.9618287273627704, 0.9619326599893895, 0.9605668726493969, 0.9619909660164273]","[-24.189068808141563, -21.907278049049857, -21.04838037947619, -21.188968312985562, -22.271303683168842]","[0.4463347144145896, 0.4663367972061648, 0.4621058188502661, 0.4234079411982157, 0.4554575172941956]"
292,"[0.9615692266444298, 0.9611416900831566, 0.9612473507236311, 0.9614297084637192, 0.9614092489123793]","[-24.125192635896298, -21.85929389653464, -20.99698148930101, -21.10786254420409, -22.214595874916025]","[0.34356956030853014, 0.38404434307255947, 0.3785980076232178, 0.3022702084839513, 0.3674146196945802]"
293,"[0.9622855488402599, 0.9622288347220949, 0.9623129665118983, 0.9618070540881254, 0.9623616684674565]","[-24.411536938254756, -22.131022961530654, -21.27156998018295, -21.415750766710246, -22.49390690800789]","[0.38296541321264044, 0.3784547077545563, 0.3806777024995102, 0.38174106259131496, 0.38164201994684294]"
294,"[0.9627828897156672, 0.9620377127715349, 0.9622086656821834, 0.9624821430520228, 0.9624744837399293]","[-23.953237505048243, -21.71366861909724, -20.84584720957005, -20.904177398585986, -22.05473859155097]","[0.797926725013215, 0.7836448973553638, 0.7865300878480308, 0.7987957253616353, 0.7913375491490754]"
295,"[0.9615100796533946, 0.9612701165852738, 0.9613736052410322, 0.9614509127682154, 0.9614878024823623]","[-24.086477737070094, -21.82458493036139, -20.96142037084839, -21.064551672139117, -22.177701094262943]","[0.5269944382821865, 0.49498679844038657, 0.5015753279297822, 0.5717797614262832, 0.5120902380296624]"
296,"[0.9660762298743982, 0.9656711074993858, 0.9657992806914409, 0.9652288064774978, 0.9660022548474472]","[-23.90926621860708, -21.67108328815313, -20.803270535224236, -20.853056279102763, -22.011868584593085]","[0.2136059081104945, 0.19337633800806817, 0.19822690404685023, 0.2395823643466971, 0.20402644640207868]"
297,"[0.9635232139246511, 0.9634162379574445, 0.9634801492341994, 0.9631181704885157, 0.963540529461721]","[-23.722916080535814, -21.510552961438922, -20.63765187010437, -20.63022953235092, -21.837850949557055]","[0.3899424621957721, 0.3706729974624188, 0.37470124581091346, 0.4079998464942778, 0.3810279208537676]"
298,"[0.9657038665989566, 0.9649672738074511, 0.9652522567057631, 0.9651503967930241, 0.965561440648244]","[-23.4400347064617, -21.2838986208516, -20.39881155769357, -20.28631363462788, -21.580181859558845]","[0.4213571434844444, 0.42942779140338244, 0.42723819041010824, 0.4224157930295691, 0.4240696921618266]"
299,"[0.9593218222141262, 0.9590609334988579, 0.9591338672137097, 0.9595676795942242, 0.9591988664537492]","[-23.860177132887674, -21.63584841941414, -20.76531035853013, -20.784278496936516, -21.969398055027153]","[0.4994386204640302, 0.4837810565042836, 0.48611783361219124, 0.5323141220884545, 0.4908080325168057]"
300,"[0.9645661851016017, 0.9633508841100791, 0.963638824753023, 0.9651058744528102, 0.9640616750666963]","[-23.48494906635789, -21.28158385335062, -20.406257430377067, -20.390596490901032, -21.60320416421524]","[0.21572230818307878, 0.22161735714397893, 0.22126548668346455, 0.20669388834484104, 0.2203653971838509]"
301,"[0.9672952782035824, 0.9665179642098038, 0.9667478178714424, 0.9670251193349634, 0.9670421943833214]","[-23.65958390348783, -21.43578637040281, -20.56458579347869, -20.592740316009333, -21.768218530375847]","[0.2566977072646109, 0.2514358277730445, 0.25254744004940494, 0.26300923218074346, 0.2542998350938939]"
302,"[0.9632308259501219, 0.9626633479231061, 0.9627937133799336, 0.9633781449805363, 0.9630330499308303]","[-23.595461462267153, -21.40483240484925, -20.527363971868404, -20.476976892016808, -21.72034764255253]","[0.31500891039943363, 0.30968372928117477, 0.3109685468824329, 0.31848678863171775, 0.3127949480032887]"
303,"[0.9648330148486269, 0.9642414936073386, 0.9644062343580224, 0.9653906014862688, 0.9646103313302483]","[-23.378400860463334, -21.210829477010382, -20.328513132037124, -20.232573373472665, -21.513845733317805]","[0.3811473502765047, 0.36805345253134913, 0.37178533479014914, 0.3857515950560345, 0.3779238579166254]"
304,"[0.9646342757513742, 0.9635653784489475, 0.9637713798519312, 0.9652903153190958, 0.9641491515254758]","[-23.470234665471967, -21.298620057029066, -20.417140035552528, -20.32946734958917, -21.603806982176604]","[0.3744015541799585, 0.4034048950213333, 0.39720473235847825, 0.34176789306400973, 0.3875452903728933]"
305,"[0.96666387831195, 0.9648164036712438, 0.9652273149589619, 0.967849233812926, 0.9658791469970075]","[-23.26924535409036, -21.08077693851759, -20.202481717917983, -20.154347888221274, -21.39456766392634]","[0.11559667522197925, 0.12493854696589972, 0.12294828417666785, 0.10462556798769607, 0.11984291773411039]"
306,"[0.9665999655813494, 0.9654225091727673, 0.965703977968065, 0.9671236361823075, 0.966141765031303]","[-23.11367715916545, -20.95254372945463, -20.068259268949657, -19.969853211225036, -21.251157966265033]","[0.5906356972357161, 0.59522458270333, 0.5943727424619245, 0.5873963125985957, 0.5925217558209562]"
307,"[0.9695098589829407, 0.9680482895166352, 0.9683961079731772, 0.9701985416689932, 0.9689258221130713]","[-23.245300897626112, -21.013801777536845, -20.144535647848887, -20.182079906639682, -21.350882562765293]","[0.3114264794086717, 0.31862592191842504, 0.31675423221344673, 0.3179244626532031, 0.3138617020288121]"
308,"[0.9665660023573781, 0.9650721440381026, 0.9653575697778637, 0.9676004310500327, 0.9658698253233885]","[-23.47806907678181, -21.3039487596165, -20.423071696393972, -20.33916783240421, -21.61061799672206]","[0.3930056742890072, 0.3947425082824401, 0.39429326388858915, 0.3933872388340425, 0.3936729478297332]"
309,"[0.9657303930384752, 0.9650302992465073, 0.9652110606991323, 0.9662075438320359, 0.9654395169828521]","[-23.355403563643474, -21.190550314962973, -20.307810009317812, -20.2041247395325, -21.49231886570487]","[0.46225437710426404, 0.4576198899240456, 0.45836744870653345, 0.47359469882547744, 0.4597360196564086]"
310,"[0.9663266211070785, 0.9652175171059741, 0.9655165512192053, 0.9665738112910802, 0.9659251118371808]","[-23.444137109552734, -21.222973533870732, -20.351446431061213, -20.37012131826381, -21.554321629960814]","[0.35650698553196525, 0.3598084445946114, 0.3590415292077805, 0.35505646224861886, 0.35789210804209437]"
311,"[0.9668066693382217, 0.9653303878219829, 0.9656171130311455, 0.9681280345286107, 0.9661248047248698]","[-23.08096750588275, -20.873444391016932, -19.998948684626704, -19.992342007670516, -21.197247337223]","[0.18078272047146157, 0.1771998519252086, 0.17796743381721963, 0.18525148959104798, 0.17915849009277088]"
312,"[0.9670999654144087, 0.966050568303425, 0.9663223661365848, 0.9671105115077818, 0.9666999960093301]","[-23.145481022297396, -20.937650226648554, -20.06307022284183, -20.05987589407826, -21.261397138155584]","[0.1845774563340492, 0.18237452039007412, 0.18281837210480784, 0.18758282433234857, 0.18355596757470666]"
313,"[0.9649802718668328, 0.9641115793983824, 0.9643581463010888, 0.9658826590662982, 0.9646582295225534]","[-23.30936109072864, -21.131689973213458, -20.251382662412073, -20.177400444299774, -21.440011411221434]","[0.32650412540193197, 0.3074456724745528, 0.3117394756235113, 0.3487521164094412, 0.31802438415647527]"
314,"[0.9682067475191873, 0.9674532223587086, 0.967638819487367, 0.9686688664932491, 0.9678841971931291]","[-23.315172100233617, -21.130449655424965, -20.25169918487291, -20.190379649757816, -21.442703561976966]","[0.6077416023110966, 0.5939891410719214, 0.5986784995109194, 0.6092144845781379, 0.6022075484845067]"
315,"[0.9671980414417982, 0.9665770355313289, 0.9667111789550247, 0.9673258913272388, 0.96691714248257]","[-23.320164078768094, -21.11676101695761, -20.241514302767627, -20.224619346973515, -21.43850953113361]","[0.493270508623086, 0.49647187565234746, 0.49606111242690104, 0.48296137082521556, 0.49523196354459087]"
316,"[0.967013201842405, 0.9654490085828737, 0.9657281042125009, 0.9681490849555647, 0.9662552650007159]","[-23.182193741731687, -21.016487006683786, -20.13393186623606, -20.03179746024878, -21.31872820903159]","[0.38060350156835315, 0.3960453795400237, 0.39304606741535125, 0.3618962850581058, 0.38827393256561343]"
317,"[0.965428861208088, 0.963980674490723, 0.9642966530415503, 0.9660913092700869, 0.964770346021064]","[-23.316439313990873, -21.14775516514326, -20.2653203137115, -20.1774857491813, -21.450853656822233]","[0.5026688247826715, 0.4724722787989764, 0.4786458902092628, 0.5419101646195342, 0.4885234513209798]"
318,"[0.9685402163569534, 0.9678392289501984, 0.9680132345550394, 0.9688179069828617, 0.9682736343538014]","[-23.112980855248598, -20.93083230766688, -20.050863612072817, -19.99608663517528, -21.24068322153052]","[0.4224638951136759, 0.39761782811837243, 0.4020654988604622, 0.4540486144105352, 0.4100087987976444]"
319,"[0.9681822691693415, 0.9670054365495878, 0.967297541786086, 0.9689235770102499, 0.9677085806711592]","[-23.075765515961262, -20.916482985544633, -20.031797279614356, -19.929852148777503, -21.21408327830483]","[0.3727312449426154, 0.3825491890242676, 0.3811804349178026, 0.3577232977538059, 0.3779383982855505]"
320,"[0.9713183233213719, 0.9704429759818162, 0.9706969614438027, 0.9711278973062504, 0.9710070048991605]","[-23.047908830722314, -20.879761411054766, -19.99688873661611, -19.91347013603651, -21.182082309873703]","[0.49855414515121566, 0.4736689429620976, 0.47659564475786254, 0.5337207335631263, 0.485408401972416]"
321,"[0.960822835019218, 0.9590025418912483, 0.9594057115509135, 0.9619799070041417, 0.960016280876331]","[-23.284703672775425, -21.10441824737879, -20.224608160773144, -20.156728389171697, -21.414074902183685]","[0.47084873939241484, 0.49377732415806724, 0.48819374829972983, 0.4594470432772571, 0.48079490513637957]"
322,"[0.9572389330157206, 0.9566564571720274, 0.9567529130026412, 0.9569577368510396, 0.9569387408900264]","[-24.112040040106034, -21.887150429344942, -21.016585079330092, -21.03937441225686, -22.22078511102014]","[0.3761941142003561, 0.3803983514116907, 0.3796085772010764, 0.3679274886412232, 0.37810502599893037]"
323,"[0.9520893939880105, 0.9523221938568817, 0.9522765729640279, 0.9507951239005024, 0.9522268365650233]","[-23.764347833010415, -21.48612763176741, -20.62618900093985, -20.765852493029282, -21.847768565475384]","[0.28358451525641726, 0.2763277955413715, 0.2777241146031041, 0.30653788130261433, 0.28004476971555475]"
324,"[0.9507432183230016, 0.9506932168297642, 0.9507398939718336, 0.9498556515097599, 0.9507910888436414]","[-24.178545218653124, -21.949743038216273, -21.079659763187944, -21.116587904347057, -22.284984067031576]","[0.23012591751303113, 0.21321906412273953, 0.2166926415677573, 0.24711399885491525, 0.22224655131407714]"
325,"[0.9518245184436251, 0.9519147897345817, 0.9519534972766243, 0.951364470999318, 0.9519412116919211]","[-23.980121043927564, -21.76392449196273, -20.891439329364605, -20.898657912652673, -22.09271474546861]","[0.531752973254227, 0.5105955148025126, 0.5148499556252072, 0.5570667899734837, 0.5217809813596911]"
326,"[0.9618913969282105, 0.9611778763919642, 0.9614004376106394, 0.9616751164871911, 0.9616812765636428]","[-24.075408097128523, -21.822517200999915, -20.95726264777434, -21.046512506727783, -22.170441539707987]","[0.4966683436367614, 0.4937936555892006, 0.494737284789584, 0.5049994341473928, 0.49493835668390823]"
327,"[0.95598982277562, 0.9559976510811379, 0.9560221508985792, 0.9551314769036684, 0.9560385324635945]","[-24.17418873925407, -21.929979189274732, -21.0630620936617, -21.13184428741911, -22.273460128116128]","[0.73592844736254, 0.7543652023886827, 0.7542095064438213, 0.6906761540373032, 0.7483766738588807]"
328,"[0.9553462978761809, 0.9553830145823101, 0.9554304704778077, 0.9541023577907908, 0.9554549290857703]","[-24.13880572630983, -21.909527978660396, -21.039378803706594, -21.08023478435938, -22.244777848391543]","[0.5751456742731161, 0.5847136090190683, 0.5827435526707937, 0.5496262000500575, 0.5795896043251294]"
329,"[0.957546172002382, 0.9574392388944175, 0.9575168368023699, 0.9570562397303713, 0.9575872358104689]","[-24.089687330917073, -21.841337948866457, -20.975428381134204, -21.049837545895983, -22.187278906085925]","[0.5512060438647213, 0.5463891224287039, 0.5471753837669562, 0.5267659667538861, 0.5486942527755023]"
330,"[0.9585475918479726, 0.9586478801015219, 0.9586870261445427, 0.9572202639532509, 0.9586861819406037]","[-24.12295935526257, -21.888839375422812, -21.019928183021875, -21.06627725711373, -22.227047169805207]","[0.25871271569261056, 0.2534663926832372, 0.2545338831646379, 0.27941207797666345, 0.25627316714497606]"
331,"[0.9581258016715333, 0.9580391016610305, 0.9580906193939182, 0.9572383119478012, 0.9581313041726348]","[-24.34423468902841, -22.09261627928122, -21.227712764958802, -21.30231091215512, -22.4408006879277]","[0.39164502226219033, 0.3659725677177021, 0.37153270733651966, 0.42099738007777454, 0.3805450034690229]"
332,"[0.9602802796300259, 0.9607682210289429, 0.960671651531134, 0.9588527474285077, 0.9605447563018509]","[-23.876968955882305, -21.580948749068792, -20.724270518475713, -20.9092200876357, -21.951494778078715]","[0.5638042608593811, 0.5753284464892171, 0.5729332128766057, 0.5490550619861928, 0.5691358838849716]"
333,"[0.9512147841508055, 0.9509993430696531, 0.9510703505258561, 0.9504070402435071, 0.9512063097959726]","[-24.436986675060414, -22.138145493181575, -21.282468853650037, -21.46418377786744, -22.510854108765127]","[0.43117340690809236, 0.4055943033425296, 0.4102453821089046, 0.4511088748755317, 0.41838627457629135]"
334,"[0.9551576806654759, 0.9553886461341778, 0.9553622847935911, 0.9541144370461124, 0.9552803026855229]","[-24.345777653183074, -22.050538380225742, -21.193981237603563, -21.37112964432676, -22.42109789810432]","[0.3823653447825729, 0.3693136584573971, 0.3714275625321531, 0.39847185187533185, 0.37615856618686455]"
335,"[0.948309635823464, 0.9488704989458617, 0.9488047053034024, 0.9471840024803214, 0.9486564888050708]","[-25.04682736366804, -22.776293249823055, -21.91546135947089, -22.025354440539267, -23.134884394047038]","[0.4847242930890823, 0.48641272849463, 0.48802401609893353, 0.47666965031791947, 0.4881043628596313]"
336,"[0.9446183854851303, 0.945096609090642, 0.945050267224404, 0.9430291810578262, 0.9448900143692949]","[-25.299207667750963, -23.03101500796084, -22.170005040567798, -22.268950181499637, -23.38881035203231]","[0.2990182660095297, 0.307951943670637, 0.3059895044839788, 0.29748671201781635, 0.3032155841216595]"
337,"[0.9373312095206772, 0.9372803960650271, 0.9373239041805023, 0.9367754517660025, 0.9373678733760596]","[-25.75240111694527, -23.491998901347586, -22.629695672507463, -22.70687336685045, -23.846104170632177]","[0.3622622266791912, 0.341926993446416, 0.3480699795027689, 0.3800097599751025, 0.3544575629644097]"
338,"[0.937493432618662, 0.9374629694110266, 0.9374787173683575, 0.9366569890981487, 0.937468198596969]","[-25.63554990296788, -23.37993762223054, -22.517224851659346, -22.573434628649522, -23.732366799848663]","[0.20973895773122386, 0.21644164322872547, 0.21467327180653575, 0.22540047371776914, 0.2118413080482184]"
339,"[0.9392948051734612, 0.9387812570495931, 0.9388835093729764, 0.9400279722687336, 0.9390102772197085]","[-25.712612575347396, -23.435549465210293, -22.577224101986467, -22.676566994416586, -23.799442107348508]","[0.39701234454264345, 0.40526954510562446, 0.40050736159262684, 0.39230241404381627, 0.3970381341232668]"
340,"[0.934124987322769, 0.9343988347978212, 0.9343382703061236, 0.9336015118757712, 0.93425149985382]","[-25.55385099018174, -23.317199602886404, -22.45021078294157, -22.47540424967959, -23.658886873815067]","[0.3138551306713131, 0.32741296715273854, 0.3210255596531597, 0.3078967528558139, 0.3166389305572344]"
341,"[0.9141526026445588, 0.9143247389000057, 0.9137741389154508, 0.9176400890569069, 0.9137657138792106]","[-23.225417296740297, -20.921964318859736, -20.087282636043167, -19.912981212416305, -21.328462050594865]","[1.1511577600519083, 1.1896840553386572, 1.1785787078407306, 1.1588140017584505, 1.1620792394469583]"
342,"[0.9395220277229906, 0.9381696589281013, 0.9384716343064944, 0.9402630995398724, 0.9389802590858822]","[-25.880223241969556, -23.651888166906005, -22.78380030042595, -22.781154551952067, -23.990044650616746]","[0.49763463517025797, 0.5386233392187181, 0.5289785123004942, 0.46316701778014224, 0.5134164958424516]"
343,"[0.9285889634305355, 0.9287414833922882, 0.928721436881419, 0.9282614517897985, 0.9286623734765969]","[-25.98802130434857, -23.77268219574849, -22.902282717575087, -22.86715129442294, -24.104421200510544]","[0.3549707434333401, 0.346610810918966, 0.352131347459587, 0.35690925828140485, 0.35801797599455487]"
344,"[0.9331222033230103, 0.9332144881454485, 0.9331256798186502, 0.9321769088220072, 0.9330956540636542]","[-25.830406586931737, -23.626875954258466, -22.75408672341859, -22.69485517864701, -23.95234373915121]","[0.3372924218023733, 0.3036875076754496, 0.3108880971888061, 0.3720968876597033, 0.32177999506477634]"
345,"[0.9304462009222866, 0.9298673052577744, 0.9299493386294025, 0.9305603068466035, 0.9301158251561638]","[-25.965834692859286, -23.704958257847313, -22.84433698927713, -22.891926935640072, -24.06173520418616]","[0.17494562318825682, 0.20147974654142006, 0.19574858133260373, 0.1646875548410252, 0.186838167286231]"
346,"[0.9353586701783861, 0.9341368521279019, 0.9343886660387363, 0.9359668384421531, 0.9348095686351016]","[-25.953980386936884, -23.736377333104716, -22.86678364835468, -22.83028062045163, -24.06985459875425]","[0.2757480429768078, 0.3009811122515582, 0.29391426601576826, 0.2527248767168705, 0.28230383730802455]"
347,"[0.9328876438439422, 0.9326496292686496, 0.9327361227531598, 0.9321178564665069, 0.93281953198845]","[-25.953841491222114, -23.726192954854525, -22.859390964171077, -22.829717146599087, -24.06617314052132]","[0.32553494583122816, 0.3132988145057463, 0.31650728503357106, 0.35422537718312086, 0.31900944458051805]"
348,"[0.928619143742854, 0.9281385415953702, 0.9283198783003481, 0.9284513898559212, 0.9285851406678189]","[-25.82496163777085, -23.599663754438403, -22.731197557529534, -22.71776108523695, -23.93658203796862]","[0.3345567308899304, 0.3117761570312988, 0.3165280584249074, 0.37041220357763877, 0.3238654551558116]"
349,"[0.9172525313391332, 0.9159065965628979, 0.916202369828768, 0.9198390164657392, 0.9166549966613627]","[-24.52180065368675, -22.470864178412654, -21.567577962380675, -21.195958945804637, -22.715713413658055]","[0.7258427964263736, 0.6593586658603281, 0.6708798576681989, 0.786708569222468, 0.6931550918980469]"
350,"[0.9369487480378679, 0.9369740770052347, 0.9369895233834441, 0.935625476610167, 0.9369851425521739]","[-26.03592802886231, -23.76409618858525, -22.90675486615749, -22.955783913175893, -24.128354463278324]","[0.31140221185918443, 0.2964076990009875, 0.29966627322777356, 0.34942806741444693, 0.3046119657637736]"
351,"[0.9360729108363431, 0.9367161112913263, 0.9366925879086883, 0.9342731506903085, 0.9365195252431773]","[-25.906699579946064, -23.643150368666774, -22.782427230826272, -22.84769743219769, -24.00036667906139]","[0.3482310827177901, 0.34910694771568535, 0.35025022972320496, 0.3321535691188184, 0.35111488863490137]"
352,"[0.9390264044793082, 0.9392792644235459, 0.9393333501980651, 0.9381756928866692, 0.9392446715631961]","[-25.740719655817824, -23.500842633478253, -22.635067665763223, -22.656508842345378, -23.845105231983734]","[0.39875838476195224, 0.39282873498087, 0.39461681235897933, 0.4055278021400336, 0.3967086916934708]"
353,"[0.9276614305171259, 0.9271032396310639, 0.9271879022515235, 0.9283508434395593, 0.9273554058814175]","[-25.854192526154254, -23.590863370187495, -22.730036304497553, -22.795950443193306, -23.947886170444697]","[0.215497629968727, 0.26235113504542973, 0.2535950158722507, 0.20559933079986148, 0.23889773358846508]"
354,"[0.9347375881260876, 0.9340912343927951, 0.9342529395540701, 0.9339057898181563, 0.9345089160567129]","[-25.86990109416864, -23.62226191054021, -22.758345386755074, -22.790304579574407, -23.971081447223746]","[0.4100946003986145, 0.3853245597784418, 0.39086587933080613, 0.4144524835622745, 0.3994279946228647]"
355,"[0.9336964748291915, 0.9330988423315466, 0.9332481154021237, 0.9330019528039413, 0.9334902270366388]","[-26.19002657476409, -23.953152153869162, -23.08853148724136, -23.07156293198972, -24.29850428774346]","[0.21581820592998613, 0.23934528031471597, 0.23845784420563887, 0.22374238542944289, 0.2292629068991141]"
356,"[0.9298217791912197, 0.9289043567017139, 0.9291614344159638, 0.930004936519589, 0.9295434241036671]","[-25.851844033322305, -23.610534970265572, -22.74559790876048, -22.75978677484342, -23.95638855510722]","[0.13321123700121615, 0.1304264740958855, 0.13102563791017055, 0.1361110646762338, 0.13196388940206435]"
357,"[0.9178033478387417, 0.9172036753961613, 0.9171356251642859, 0.9219962346748908, 0.9171060864764541]","[-24.91664438232271, -22.104600785407364, -21.36547041730365, -21.85049065698241, -22.774836156466417]","[1.0657736352790843, 1.1780082466340998, 1.1574530690481881, 0.9583717707832787, 1.1220853601631586]"
358,"[0.9306069578093892, 0.9290857511507963, 0.9292277122240646, 0.9332336745325169, 0.9296604414383357]","[-25.26109929210609, -22.880960344411474, -22.06406691412412, -21.963269798219223, -23.33258311739838]","[0.41670106839911397, 0.5286368407152654, 0.5072543965858813, 0.3727826659228278, 0.4719101488707362]"
359,"[0.9292410865195795, 0.9294104198067034, 0.9294040245130641, 0.9282220154478303, 0.9292955097058222]","[-26.105950515233317, -23.84365190205358, -22.98542279712451, -22.996039136206107, -24.20440388522189]","[0.3366001899923756, 0.30975384886141355, 0.3106848038183781, 0.20670424802121262, 0.3157296871996321]"
360,"[0.9365233531224699, 0.9358288490581238, 0.9360001993747868, 0.9364638201735817, 0.9363037877378136]","[-25.955643228449524, -23.730320332485213, -22.86162417129321, -22.85270207366959, -24.066881911631647]","[0.397147002345649, 0.43800213167608015, 0.43087565767914837, 0.3439767490766518, 0.41893521655512034]"
361,"[0.9099821032540633, 0.9080103178007136, 0.9084382032364121, 0.9126023273164172, 0.9090899144530885]","[-24.77316702751339, -22.865803203411822, -21.930166979045453, -21.316631383273762, -23.029384670796837]","[0.889342831575547, 0.8002049151077401, 0.8211598174242, 0.9730971657498036, 0.8513982169337823]"
362,"[0.9223426417140365, 0.9213469670635203, 0.921609643607006, 0.9226746089441338, 0.9219738539718982]","[-25.538461420449973, -23.34758526268722, -22.49652877275047, -22.06619170604304, -23.702973420934256]","[0.5337223664172503, 0.5988406656114214, 0.5801971410676846, 0.5177084254774413, 0.5567318251267943]"
363,"[0.9280680450100525, 0.9279860092774106, 0.9279999384474532, 0.9280832319223543, 0.9280382475867035]","[-25.988573168240375, -23.75713862910062, -22.891215920544578, -22.867087741513256, -24.099274272703134]","[0.5236946231638065, 0.5454629937705943, 0.555759132007268, 0.35983256454578877, 0.5562635157957266]"
364,"[0.9429447618944293, 0.9431954863562957, 0.9432209411094276, 0.9419389497864841, 0.9431142948954421]","[-25.577840042999373, -23.36732784091225, -22.495861671945207, -22.45248526099593, -23.696378011499274]","[0.27253689154292604, 0.2811483540940458, 0.2792306664076831, 0.2758695154378704, 0.2761971438132171]"
365,"[0.9302408932905456, 0.9305540087153856, 0.9305356620470704, 0.9305080339689605, 0.9304090699958091]","[-25.386840787745985, -23.09729077358787, -22.242649116195892, -22.344398211029493, -23.46957673072012]","[0.4527444270772143, 0.4436984242455263, 0.44574239882411376, 0.46540407112946675, 0.448427120789489]"
366,"[0.9360597787699505, 0.9355693826820747, 0.9357496698888803, 0.9358776827604389, 0.9359523273210353]","[-25.683897458250783, -23.455334040074643, -22.586848256939433, -22.592835714778307, -23.792951891051185]","[0.2809046812558627, 0.2396417624532372, 0.2476780805780558, 0.3253613084277808, 0.2609981804357561]"
367,"[0.9458735209847985, 0.9457220078129984, 0.945763546847299, 0.9455065799316819, 0.9458222675464668]","[-25.421842714182237, -23.186608937696676, -22.319604596491356, -22.336884964576672, -23.52795388777381]","[0.41511134831628993, 0.4429345444419884, 0.43607961863925154, 0.42678078350278653, 0.4250379616692744]"
368,"[0.9399868561306977, 0.9396193571097115, 0.9397376588529948, 0.9397048423037615, 0.9399018288732539]","[-25.651762254133054, -23.409963120031357, -22.544149071973383, -22.577536099524092, -23.75458747017942]","[0.29171835281141884, 0.3143326418295664, 0.3092380793534146, 0.2793015171682442, 0.3013459898206946]"
369,"[0.9410364635908455, 0.9403623172644509, 0.940467384981455, 0.9407504913399157, 0.9407108044613635]","[-25.806347878568722, -23.59261656073417, -22.72183672995335, -22.684461798900628, -23.92340463257328]","[0.14894835332711248, 0.15807822647404163, 0.15526270132447964, 0.15507111683985414, 0.15110804950175627]"
370,"[0.9362328100333627, 0.9366053244819539, 0.9365441629478923, 0.9353354377354323, 0.9363825720546531]","[-25.657311223231382, -23.428226813758677, -22.56056854748053, -22.554323238110968, -23.76721930807514]","[0.31806430116991036, 0.3407283036917811, 0.33553078921194723, 0.2944213052467536, 0.32790286842811434]"
371,"[0.9363755294581876, 0.9353105705651945, 0.9356249460753612, 0.936238629189182, 0.9360453017096231]","[-25.785263450971343, -23.540437948681657, -22.676232196855196, -22.69758332988581, -23.888187912493255]","[0.174313753159443, 0.18512541612865138, 0.18223006969751654, 0.16719739772779335, 0.17880632181334496]"
372,"[0.9436326933233083, 0.9447227445213116, 0.9446035088868918, 0.941819248433056, 0.9442869779143349]","[-25.462887815442954, -23.211290476529527, -22.34768627712472, -22.397406677567353, -23.561445612159524]","[0.4280854972654008, 0.4388880039967261, 0.4365121064401067, 0.40448031910534066, 0.4343520653741713]"
373,"[0.9397484646628695, 0.9395413350463349, 0.9395876966437948, 0.9393490648935703, 0.9396975325521788]","[-25.40301636150432, -23.185729401185704, -22.314460791805825, -22.30569361503792, -23.516613301643602]","[0.22083298402201362, 0.24133984121177374, 0.23561882412866234, 0.2218600636401478, 0.22700534069215833]"
374,"[0.9286301710213756, 0.9283733679216392, 0.9284618180520033, 0.9281887633009716, 0.9285991237604198]","[-25.588766560445166, -23.385265652029606, -22.512889863838087, -22.446447686488423, -23.711338057637388]","[0.29996953795497633, 0.32135033503076915, 0.31392800035973817, 0.31194705777366294, 0.30236917367425103]"
375,"[0.9414217070782804, 0.9420446725440018, 0.9419846528970462, 0.9400441692265309, 0.941813061949433]","[-24.990930416554093, -22.747729509872865, -21.881233361363382, -21.936000057006602, -23.091620558502868]","[0.5474391255806599, 0.5205447673284954, 0.5341299494766437, 0.4434879789331899, 0.5567076595205138]"
376,"[0.9207120207015933, 0.9191984252842491, 0.9195123074959024, 0.9228036763215394, 0.9200326933546765]","[-25.11676237519849, -23.01216784574881, -22.12210955090376, -21.823591842319946, -23.289071983245194]","[0.3557710250585875, 0.3369248067859047, 0.3392218335692272, 0.3903170371879845, 0.3453252393094896]"
377,"[0.945108520810619, 0.9453314153196836, 0.9453563371722059, 0.9444616194272931, 0.9453406431579237]","[-25.165890391789105, -22.92681157499535, -22.05959049676753, -22.10296390786178, -23.2686931865691]","[0.27047553254612444, 0.2895244736660591, 0.2854426971159341, 0.2596749696533072, 0.2791230570287887]"
378,"[0.9546340272111743, 0.9550625733104854, 0.9550167610600583, 0.9535722492574352, 0.9548967323895768]","[-24.487076118939374, -22.22412414292831, -21.360884261888895, -21.472132986866196, -22.57735016681432]","[0.41166189914626866, 0.4345617278060734, 0.43019255929392874, 0.3756975696318566, 0.42318576716407685]"
379,"[0.9473225606608443, 0.946975684681005, 0.9470819674327693, 0.9470982833091655, 0.9472131603722211]","[-25.168677913842128, -22.920592394157932, -22.054992340116808, -22.121933286348277, -23.266938361662252]","[0.1736185704027837, 0.1775519277992711, 0.1767248760526104, 0.17200716031437227, 0.17541696892799524]"
380,"[0.9321204784655748, 0.9312533852412295, 0.9315418234726232, 0.9322907848497205, 0.9318127878389387]","[-25.779937170853685, -23.545672398865708, -22.678672251756772, -22.690366745670033, -23.88681041994559]","[0.31367602197314387, 0.3116787758767214, 0.31160902955657355, 0.32944728880955865, 0.312602338156774]"
381,"[0.9483591879056992, 0.9486221826330802, 0.9486409549643289, 0.9473428270291098, 0.9486182177651419]","[-24.87229394078768, -22.602055499616736, -21.740667795787648, -21.859818825308647, -22.95972538943415]","[0.2939811059838049, 0.280721257775184, 0.28331032384307564, 0.31359055997210833, 0.28760908196640383]"
382,"[0.9074871011076123, 0.904947476903024, 0.905180705868077, 0.9136887574012952, 0.9058408805010247]","[-22.615584254586793, -20.284903122207673, -19.450023076395684, -19.411942984977937, -20.697075011719736]","[0.8982620764402272, 0.9082144677608014, 0.8867282914480104, 0.9512841146510095, 0.8839775661130395]"
383,"[0.9382208380849811, 0.9368337164204209, 0.9370875444371448, 0.9387481650697549, 0.9375221153807611]","[-25.613117690861316, -23.40062933625676, -22.529706874000308, -22.488018314399607, -23.730942968604047]","[0.3014128769911239, 0.3139610229254264, 0.31101807847571505, 0.29313913498422867, 0.30714276111998057]"
384,"[0.9513541285039503, 0.9509866100916567, 0.9511171626679055, 0.9509987962358669, 0.9512591186903938]","[-24.821015832389335, -22.575344509583093, -21.709647165380048, -21.763832564912075, -22.920996280052677]","[0.4783715896939742, 0.471521747537044, 0.4755280453388082, 0.47789592379893187, 0.4785109537961115]"
385,"[0.946384860601926, 0.9458750077509449, 0.9460118578163466, 0.9463867382457724, 0.9462169033758588]","[-25.308637108704577, -23.091041806018062, -22.220083638228882, -22.20775424934574, -23.422445168450455]","[0.1756601031628279, 0.18210470583741215, 0.1807195896730754, 0.18471153240127175, 0.1784702456017416]"
386,"[0.9511139260885942, 0.9508599108654755, 0.9509785540939031, 0.9498536710817597, 0.9511148629254631]","[-25.257694847696246, -23.015485884482096, -22.14884566353304, -22.200498289063532, -23.358947027357484]","[0.28478916611509353, 0.284862924881433, 0.28474011185665926, 0.29245165315294697, 0.28453038877542863]"
387,"[0.9452068558890401, 0.9449128451971417, 0.9450244321330479, 0.9447803305689324, 0.9450624804548343]","[-25.406835740888077, -23.20365665602098, -22.32984315839335, -22.28646818364458, -23.52750658976611]","[0.23863861387185561, 0.22477675247872222, 0.22706493347743906, 0.27405822711335714, 0.2314269118273561]"
388,"[0.9493097009839583, 0.9483966573999038, 0.9485709435647733, 0.949157419625893, 0.9489114619209756]","[-24.97505322589913, -22.727010343316124, -21.861490294285304, -21.926550379217577, -23.0734567678465]","[0.41972358635751017, 0.4232195532761808, 0.42211846604146414, 0.4122917561312656, 0.42159553527769267]"
389,"[0.9516644370898504, 0.9511442574006536, 0.9512859441738908, 0.9512012811582644, 0.9514909179171182]","[-24.909697546006367, -22.71073433256733, -21.83509272208555, -21.80001830320125, -23.03088391452726]","[0.13305848959515756, 0.1280552846757143, 0.12913425868365294, 0.1358911578425432, 0.13083541740543359]"
390,"[0.9465204991087605, 0.9460865904486165, 0.9462545384309616, 0.9463509248269472, 0.9464451194982193]","[-25.251163990240336, -23.021648141118348, -22.15330265350084, -22.162006082990754, -23.359683337327798]","[0.3270182860416737, 0.3185462226898512, 0.32045909995532873, 0.3496625708141132, 0.32266343108241025]"
391,"[0.9555290024427765, 0.9552706582836294, 0.9554047498178834, 0.9547333562900769, 0.9554885178590004]","[-24.813509153249992, -22.541169354321283, -21.68073176318376, -21.79368943313864, -22.900766388338532]","[0.17809739960961424, 0.19710262748689739, 0.19318723375732003, 0.16507299407445344, 0.1865071460213184]"
392,"[0.950426779463139, 0.949645898264252, 0.9498507521972293, 0.9500945475857587, 0.9501508021134594]","[-25.049249370216785, -22.82273535447667, -21.953231506837966, -21.965813362918016, -23.158340621854872]","[0.33833386127770526, 0.340688925804846, 0.340213412385931, 0.3369531495926236, 0.3394334781495214]"
393,"[0.9512235317953738, 0.9506083653492754, 0.9508055501772938, 0.9508135861803222, 0.9510152439791133]","[-25.141755836206418, -22.91260386519511, -22.043472765026696, -22.0646896338573, -23.249360257245943]","[0.2637167008752689, 0.24402675191430942, 0.24799338893888276, 0.2903275603614035, 0.25452133175212216]"
394,"[0.9575003749855927, 0.9577177780550522, 0.9577653212946573, 0.9559914675786698, 0.9576563481889304]","[-24.386705818052242, -22.177477473596504, -21.30388909532187, -21.29078102458366, -22.50302717815363]","[0.40175468839929945, 0.408999148004981, 0.4052916525647894, 0.4073436100318122, 0.4009067873988521]"
395,"[0.9518258540813727, 0.9520075540852824, 0.9520472365788919, 0.9506204948137204, 0.9519374602526341]","[-25.213315440827458, -22.96108817110188, -22.09684892646712, -22.162335035915355, -23.31043415373309]","[0.31286322288906077, 0.3228556409176606, 0.31951379731820767, 0.30632716311982416, 0.3152158934192493]"
396,"[0.949935872153348, 0.9492765466756397, 0.949442580537982, 0.9501972066837399, 0.9496788351578803]","[-25.33170335153519, -23.104559987237653, -22.23574831122751, -22.239260603551877, -23.441371677459323]","[0.39008588091110497, 0.4052084180164645, 0.40228369606050585, 0.3645030478020455, 0.39721405114376823]"
397,"[0.9511118240045425, 0.9502547324868635, 0.950483764162674, 0.9509877733251199, 0.9508363817375678]","[-23.971792575462402, -21.73398757891915, -20.865780741912417, -20.9209111198482, -22.07407879928688]","[0.48513927996087425, 0.44692796802806517, 0.45462329536432106, 0.5376758657618804, 0.4669483506604024]"
398,"[0.9492565036442214, 0.9498277348166796, 0.9497747530976207, 0.9473770136806472, 0.9496454338460543]","[-24.77892375694044, -22.52473885678375, -21.66095448844828, -21.729372525293616, -22.875208005799443]","[0.14889613265911472, 0.15804892782038044, 0.1561736413400811, 0.1514397388109843, 0.15316993073200774]"
399,"[0.9178732837412105, 0.915680310065187, 0.9159924207053366, 0.9237529036546972, 0.9165126713210779]","[-23.024642857972907, -20.911604767458172, -20.030841935062732, -19.647763904449, -21.204118059478755]","[0.9478462984956053, 0.9740114226590255, 0.9684778938339783, 0.9541284382653055, 0.9596709654635287]"
400,"[0.9179968617739606, 0.9172020771690249, 0.9173713546599728, 0.91964195093341, 0.9175724301590896]","[-26.015293068402773, -23.76988988885047, -22.90566712793578, -22.93029395254335, -24.11773553365598]","[0.38770582735693815, 0.40413885744823824, 0.40081910383745634, 0.37034994163581436, 0.3954407057408719]"
401,"[0.9300061460070839, 0.9297282442781022, 0.9297662148603675, 0.9295516213960477, 0.9298421938424848]","[-25.359217467686534, -23.10070069578812, -22.237955499896696, -22.312556088933512, -23.453706116487773]","[0.26961926567505434, 0.24881952287485623, 0.25189253604859413, 0.31011431807929457, 0.2570342283904286]"
402,"[0.9119144668220185, 0.9128418397571217, 0.9125231705975967, 0.9131682270308404, 0.9121486518837434]","[-24.304633665458606, -21.861027922287235, -21.080038881348326, -20.7130552596758, -22.385429274259184]","[0.6940486968087141, 0.6578955358901412, 0.6642532335799214, 0.7651649121662929, 0.6768473582425253]"
403,"[0.9057071367610436, 0.9041848212529694, 0.9043657875294474, 0.9111335072684001, 0.9045914890436183]","[-23.18033561103392, -21.03548404853713, -20.163777370321334, -19.80245055852428, -21.34896646271099]","[0.2617899211281517, 0.25542909451869655, 0.2438861909844663, 0.2855404698664334, 0.24819422890052284]"
404,"[0.9349822387985215, 0.9334252031258612, 0.9338188582952531, 0.9362776138718878, 0.9343441162824264]","[-25.534979779564445, -23.308600392386797, -22.43987447901755, -22.43743215040651, -23.645345892818852]","[0.33873681094671887, 0.3558528213937213, 0.35187201901099, 0.348556171314393, 0.3439356087411589]"
405,"[0.9296963191287619, 0.9298808306903688, 0.9298772343268741, 0.9285085390229205, 0.9298377395617063]","[-25.331379607468037, -23.085224280427664, -22.220002186178892, -22.26811455047875, -23.431731915820492]","[0.42399878563962773, 0.41543682351424743, 0.4179074747623862, 0.4135394030535079, 0.42180763472403554]"
406,"[0.9340770486898594, 0.9339638986605121, 0.9339684335478005, 0.9340628756368765, 0.9339856505316293]","[-25.582036309198838, -23.374985989968916, -22.50198401043439, -22.466229537916053, -23.70092622523037]","[0.2105304718943937, 0.2202314863576531, 0.2182960770274294, 0.21479230603478097, 0.21472188303539433]"
407,"[0.938469287809174, 0.9390357441024646, 0.9389791408368595, 0.9373954236138099, 0.9388537908158869]","[-25.039150361811103, -22.813965862275783, -21.943896635870768, -21.959181340835677, -23.1484318175785]","[0.6052219047780353, 0.5884971443451811, 0.5935423184437119, 0.5883445930174029, 0.6010881342495018]"
408,"[0.9447439687965768, 0.9445560026586545, 0.944637177666315, 0.9439589716615653, 0.9447708842120531]","[-25.182022063129967, -22.950851088359492, -22.082258769569346, -22.10527845497168, -23.288871301070017]","[0.38668944527613813, 0.3560520644546234, 0.36134086225895096, 0.42510647429795206, 0.3715432529970579]"
409,"[0.9477588932453944, 0.9469055879697411, 0.94711674656501, 0.9474344096815849, 0.9474662777254066]","[-25.561638886036388, -23.31461314123524, -22.449750368618773, -22.496047677762338, -23.66184803024704]","[0.24234269697311928, 0.22759003915457723, 0.2306119776967767, 0.26197476762965594, 0.23542805342075362]"
410,"[0.9516948590932459, 0.9519935044194303, 0.9519676958304046, 0.9509610360718407, 0.9518578362871775]","[-24.734971827121786, -22.470802665595933, -21.608433293299385, -21.70962046068699, -22.825636907349704]","[0.537532518960065, 0.5139350137930964, 0.5191011152548249, 0.5598587505344557, 0.5270917229257202]"
411,"[0.9495345070204932, 0.9494095692430693, 0.949434119299945, 0.9488114232020325, 0.9494745730145482]","[-25.078110018653998, -22.81455100255613, -21.952184177493034, -22.049561558039077, -23.16926807393153]","[0.20194553302853896, 0.19017646227638543, 0.19157357385713228, 0.23699659015466507, 0.19600440914522918]"
412,"[0.9523488098597526, 0.9518442244683447, 0.9520168059139592, 0.9512245029649248, 0.9522269902217875]","[-25.084238867630187, -22.82772234014219, -21.96363573452057, -22.051829998437555, -23.17823814078653]","[0.47089168513717466, 0.46672196488445233, 0.4675341122852841, 0.4531384277699192, 0.4688855517792124]"
413,"[0.9551781687086313, 0.9543555677153929, 0.9546169406143974, 0.9549036807574628, 0.9549351896480687]","[-24.74556467430842, -22.49896452847859, -21.632874863082996, -21.70026260609704, -22.844242386130805]","[0.46867212625778126, 0.48370875129640684, 0.4805523568761141, 0.43714069675407163, 0.47551085341945093]"
414,"[0.9531771642859989, 0.9535228518838194, 0.953601082983264, 0.951366087497244, 0.9535525533727333]","[-24.65398462508528, -22.392744283294856, -21.52953169288843, -21.629620215039672, -22.745638792499836]","[0.49719840123834924, 0.5181381494530088, 0.5154306409061102, 0.46435137585727276, 0.5121444657783992]"
415,"[0.9546695415273695, 0.9544954398986878, 0.9545496083246789, 0.9535481986355296, 0.95462997799143]","[-24.873729015119416, -22.586279551222205, -21.728824161606873, -21.875160159467036, -22.95376685557862]","[0.2696345701031003, 0.27691047183088935, 0.27489469167408864, 0.26074494329171044, 0.27222448644764835]"
416,"[0.9538260744933483, 0.9534562272658252, 0.9535883218382211, 0.9534709753035125, 0.953743273854082]","[-24.617854201126185, -22.390661925474795, -21.520840079336462, -21.543326338537284, -22.725946550837413]","[0.4091792361414738, 0.40784102673650496, 0.40728112307524195, 0.419876304011753, 0.4065533302668777]"
417,"[0.9571952985913362, 0.9572920066856913, 0.9573006589135727, 0.9562064880221243, 0.9572919033501962]","[-24.119694017969685, -21.886590907102946, -21.018168656948475, -21.049359810292717, -22.2252993098167]","[0.3655419644265304, 0.3524361578182341, 0.3547624395121644, 0.38449070461440393, 0.3586698845307103]"
418,"[0.9536294376381321, 0.9536468020549148, 0.9537683634828191, 0.9531339183192054, 0.9538019837546864]","[-24.957122548743012, -22.70156854824951, -21.83821583709202, -21.906424459436064, -23.053009470665387]","[0.3763653017848156, 0.3674698805515928, 0.3712809633092336, 0.3730167892072731, 0.37383032930197985]"
419,"[0.9532953729755639, 0.9525084795955572, 0.9527616223003271, 0.952842995524484, 0.9530522070992817]","[-24.809098886551006, -22.588241961510864, -21.717337529973275, -21.7227942943544, -22.92046840717208]","[0.3269408799565097, 0.2942310699597775, 0.30251054943991607, 0.3623222826352346, 0.31296648148722633]"
420,"[0.9559501395075783, 0.955773719237094, 0.9558630846589269, 0.9552183112578474, 0.9559419990320799]","[-24.567239409207055, -22.311061425368468, -21.447203548796267, -21.52901096663395, -22.661850785143166]","[0.6680833808143567, 0.6564485209389701, 0.6595132988006522, 0.6340373123153242, 0.6645538105907931]"
421,"[0.9593504017674018, 0.9589009607567727, 0.9589939543434884, 0.9590116098177357, 0.9591730904291021]","[-23.988003454037276, -21.72382701464165, -20.86135944679802, -20.96460810001213, -22.078516221437216]","[0.5413889007531345, 0.5234554990860304, 0.5271964334703728, 0.5613144446737071, 0.5330987477753721]"
422,"[0.9364647144989245, 0.9368441370539363, 0.9368046408249293, 0.9347157418496533, 0.9366677090793571]","[-24.691967508413335, -22.458117525142065, -21.589454181804125, -21.629541663438296, -22.796634199218115]","[0.28836275787099563, 0.26338593846579395, 0.2671400021738076, 0.3217152461096902, 0.275841854490357]"
423,"[0.9384609522997395, 0.9382683250888122, 0.9383912504909511, 0.9379277572723882, 0.9384194882067831]","[-24.866821335302046, -22.625916049975217, -21.75864064982059, -21.814255065888503, -22.968111794414515]","[0.6778714792665317, 0.674167679958305, 0.6750415485507153, 0.6794123859121974, 0.6762524262189605]"
424,"[0.9533804320045032, 0.9536678388532702, 0.9536371335297251, 0.9526116716438345, 0.9535468518494448]","[-24.65818370848248, -22.412891688384043, -21.546453347748795, -21.612693191180842, -22.75733742134642]","[0.6388916327300896, 0.6264672240253815, 0.6289544588070797, 0.653178066494799, 0.6329987992494559]"
425,"[0.9528676936301679, 0.9528029962968969, 0.9528980618763678, 0.9522115056762673, 0.9529231112450545]","[-24.88309337855211, -22.6243728187118, -21.76110247446688, -21.84690234383243, -22.976636488226443]","[0.30955968243660875, 0.2939805127674074, 0.29738193805135543, 0.3290088322132974, 0.30235937070972674]"
426,"[0.9522296886144901, 0.9518702851148992, 0.9520539935754496, 0.9512025874166489, 0.9522582299157479]","[-25.205696182629254, -22.970913563164686, -22.103268688312557, -22.129838991496005, -23.31117721192497]","[0.3490130242829864, 0.37888582414972766, 0.37115841927791243, 0.33507541854445994, 0.3591500792568253]"
427,"[0.9561771588344715, 0.956542408522393, 0.9565429443071204, 0.9545771710976929, 0.9564017770744099]","[-24.736152818402303, -22.479553504605175, -21.61586131884812, -21.697255694027554, -22.83069431687298]","[0.28419991417916085, 0.30770517693955624, 0.30054058312273974, 0.2753162296945594, 0.2903285914833069]"
428,"[0.9573325034659669, 0.9574399174937234, 0.9575384674889682, 0.9560900426235049, 0.9575676822551233]","[-24.66500415673233, -22.418979201955864, -21.55289368547982, -21.616556479533276, -22.764122813618982]","[0.20963280051792438, 0.20408530114266593, 0.20518320531889747, 0.2294989403897622, 0.20685599976450642]"
429,"[0.954046119658739, 0.9536310377734264, 0.9537420154694874, 0.9535119952211385, 0.9538851833377411]","[-24.88872282701662, -22.64945906739637, -21.782484119849514, -21.822799635847364, -22.99174383107779]","[0.4903306400952883, 0.46533760663145385, 0.47057350334628617, 0.519579434511788, 0.47905514999129184]"
430,"[0.9592023701406945, 0.9591282713081444, 0.9592050647948467, 0.9576338379577828, 0.9592957867508025]","[-24.554732633520576, -22.288969631303743, -21.42679365022984, -21.5340591521294, -22.644440797340188]","[0.42151851569464877, 0.4435322633581356, 0.4395218122530497, 0.382254006797858, 0.4331055113852438]"
431,"[0.9580622313341443, 0.957923974717691, 0.9579882467343406, 0.9574493059522334, 0.9580464878869648]","[-24.292701409154756, -22.053052805970616, -21.185635419202406, -21.236652556264165, -22.39474689999713]","[0.3338883152108577, 0.348863360364494, 0.34580397725409495, 0.33729116836465517, 0.3408943629666503]"
432,"[0.9595735421403339, 0.9598673594206037, 0.9598628558246551, 0.9584417681756262, 0.9597346913413468]","[-24.050052983338755, -21.83076745881257, -20.959244755305182, -20.96687808124068, -22.161696270594916]","[0.5790750812196547, 0.5802287119161634, 0.5792597783443738, 0.57830111785919, 0.5771790595218786]"
433,"[0.956985185154321, 0.9569264067868881, 0.9569235194239649, 0.9567652204776211, 0.9569614091561565]","[-24.733022311792997, -22.462275919225878, -21.60160498379225, -21.709448140734253, -22.821161186767796]","[0.38397955184665694, 0.3218376345165699, 0.3343176382689259, 0.4285173386019032, 0.3537240852351843]"
434,"[0.9572719851519795, 0.9567911107594121, 0.9569595245769688, 0.9567625731469874, 0.9571225658999866]","[-24.43013332173855, -22.16814743088053, -21.305035084999364, -21.407679839458, -22.521349872266406]","[0.44960241787839883, 0.44577192083073014, 0.44554607879175184, 0.41808980597409023, 0.44659369350155526]"
435,"[0.9586167245891308, 0.9585283169496592, 0.9586051753289988, 0.9580983308559597, 0.958655400888731]","[-24.06037132318665, -21.86861244620748, -20.99148613862316, -20.941414382100188, -22.184899615673867]","[0.4393034350006881, 0.39190283796306186, 0.40148059037054806, 0.5064179039119078, 0.4169600587077687]"
436,"[0.9601598710334383, 0.9598999054617773, 0.9600163952758164, 0.9597714737809083, 0.9601293198565992]","[-24.02979036015739, -21.821578872730168, -20.947961330560183, -20.9296240198434, -22.14686248723239]","[0.5008017656735615, 0.4823279754620646, 0.4863783245287576, 0.521948754603445, 0.49262691785201107]"
437,"[0.9591098010244034, 0.9586541198412893, 0.9588794976956709, 0.9588712655303767, 0.9590923671783459]","[-24.39183565511171, -22.160428915975952, -21.291427496346977, -21.323394315057325, -22.497888052078093]","[0.17373273649686227, 0.1726190715392488, 0.17283719263149688, 0.1771950069591593, 0.1731941956122664]"
438,"[0.9553545638119815, 0.9554830335698032, 0.9554962672997167, 0.9544912773277167, 0.9554469112372711]","[-24.579040027150366, -22.30891569384961, -21.44798055812862, -21.55731131266479, -22.667248682333096]","[0.3095362978783052, 0.3500511700965621, 0.34167275862146734, 0.2564912490730896, 0.32832636987511854]"
439,"[0.9615911528109707, 0.9612607857602429, 0.961402590310679, 0.9607693978698859, 0.9615340526297849]","[-24.018930148803253, -21.832683516705668, -20.954240377962027, -20.896220470604458, -22.14574058300131]","[0.48000414841013744, 0.4525246277583743, 0.45816303710220235, 0.5095095724891586, 0.4671870870130483]"
440,"[0.9599541330171242, 0.959450766101242, 0.9596031312532127, 0.9594466187040401, 0.9598893618423391]","[-23.540329753156087, -21.36349907192851, -20.483114076635214, -20.405787485508387, -21.671513010297808]","[0.3935443354018082, 0.38860010893197544, 0.38913784515472116, 0.41181234367629665, 0.39020469529227225]"
441,"[0.9621227008572568, 0.961767924455042, 0.9618833711389438, 0.9616119442840708, 0.9620289488971533]","[-23.921253421440362, -21.68581203437887, -20.81741514303781, -20.861939427289602, -22.025092289337234]","[0.36657511675911786, 0.37385976540945043, 0.37240896287888875, 0.35373449851794553, 0.3700799613820157]"
442,"[0.9568114865922945, 0.956558734886086, 0.9566358036222058, 0.9565656158957282, 0.9567824619779002]","[-24.64029069757249, -22.429207213158293, -21.55654049069095, -21.537501476293276, -22.75657231228538]","[0.5699494526050964, 0.5325143838949548, 0.5404357177765192, 0.5978332832093506, 0.5528797573253652]"
443,"[0.9591816950953653, 0.9583512513486393, 0.9585656696440945, 0.9592993562924421, 0.9588887280618851]","[-23.696254795523362, -21.522175107798518, -20.6409053111103, -20.563299133261513, -21.82823924837448]","[0.448508675580748, 0.4497439584894378, 0.44948500328063234, 0.4373092312062448, 0.4490874373600302]"
444,"[0.9570280304624607, 0.9568273339292677, 0.9569489166749221, 0.9564141592535377, 0.9570466293009394]","[-24.178258558816253, -21.99347458969457, -21.114705926103934, -21.05410407735249, -22.305717327738368]","[0.4312943857675368, 0.4363377043149831, 0.434545961038782, 0.4222994527383386, 0.43325772346966734]"
445,"[0.9586179695273579, 0.9577534902086441, 0.9580088551448298, 0.9587971811819632, 0.9583136921619577]","[-23.892950332955742, -21.69140935983007, -20.8170469780985, -20.774068197183954, -22.01405589530217]","[0.6059652962683433, 0.6036202568511946, 0.6046698619846279, 0.5939087165815421, 0.6060661227351644]"
446,"[0.9620645989950086, 0.9621968558067676, 0.9622010686574548, 0.9611616340539337, 0.9621637578255948]","[-23.772306244924927, -21.56834214496118, -20.693670741248102, -20.66976808358582, -21.89107666151782]","[0.5917622989774395, 0.6020135287593836, 0.5985947622287359, 0.6145994149259868, 0.5931571471531711]"
447,"[0.9608716112463499, 0.9599195453068028, 0.9601657627971886, 0.9610847554100415, 0.9605004682326397]","[-24.143679910239058, -21.942082084003754, -21.06688147034337, -21.038891488030774, -22.263481480212754]","[0.230594328131053, 0.26404140262144526, 0.2566218798298449, 0.19672888551595547, 0.24546283894024185]"
448,"[0.9634815917064863, 0.9627287048473467, 0.9629293865042461, 0.9632185391163024, 0.9632163410199969]","[-23.753070747901443, -21.540631770510615, -20.667216303139956, -20.66950660854726, -21.86716830965296]","[0.4895236895678142, 0.48893507305594913, 0.48905681242293436, 0.5015909555602374, 0.48924394020268086]"
449,"[0.9566802071079386, 0.9568178643729394, 0.9568140879177598, 0.9555681766988129, 0.9568047014795295]","[-23.258517701818242, -21.00029649127867, -20.136070991370104, -20.237839241244206, -21.350973432881773]","[0.576570791815234, 0.5828296795940023, 0.5817932241446993, 0.5574530209492737, 0.5800812572524231]"
450,"[0.9552943704674518, 0.9555856994618215, 0.955597869463137, 0.954306361477244, 0.9555125002160308]","[-24.49242072254201, -22.271705540360426, -21.400841221090985, -21.404687007385157, -22.603960542129023]","[0.42936571435868753, 0.4192189275761894, 0.42135832995202777, 0.44377732114744056, 0.42475289722570325]"
451,"[0.9536586997078614, 0.9533654157993723, 0.9535026909836848, 0.9537304478036626, 0.9536518276791771]","[-24.004888767496087, -21.7836459755721, -20.91228320853204, -20.92840145002101, -22.11526120684521]","[0.41789610340453237, 0.3955501199130088, 0.4025725131263046, 0.4410844979666432, 0.40903299914688307]"
452,"[0.9574628545945787, 0.9572374792246446, 0.9572854823867722, 0.9568936572112058, 0.957354561343682]","[-24.4654498958948, -22.177778147459357, -21.320406041059275, -21.46645372528784, -22.545448857489003]","[0.34931575093894873, 0.38662831660804986, 0.3789993937609516, 0.3197663450820644, 0.36677707745478944]"
453,"[0.9553384198909449, 0.9552479809231172, 0.9552747341519425, 0.9548785341662136, 0.9552906573470885]","[-24.24775114778359, -21.990103862970003, -21.126422097434087, -21.213751151070763, -22.341487479588103]","[0.467015026656591, 0.4889425912160041, 0.48432464705601175, 0.4385908937883059, 0.4770796435280809]"
454,"[0.9559706192144971, 0.95484449396955, 0.9550712395188645, 0.9562431658836249, 0.9554561785970866]","[-23.815344435674145, -21.639607343646443, -20.759002403784816, -20.67934685444908, -21.947045420793277]","[0.7624441596554096, 0.7509034334583363, 0.7536079279516281, 0.7891258565747541, 0.7579347370677567]"
455,"[0.9586871362708944, 0.9587712725529169, 0.9588303806670992, 0.957893358192014, 0.9587950870376146]","[-24.156753538861903, -21.929011501166325, -21.05878012876248, -21.092134551623715, -22.26380278611267]","[0.39618332051449123, 0.3625044202799033, 0.36912847209924754, 0.4446612713189142, 0.38003040249527725]"
456,"[0.9583714915201158, 0.958298887813591, 0.9583349885023112, 0.957821425209701, 0.958351549580693]","[-24.324231225002567, -22.089215880152427, -21.221877363789428, -21.243963566094653, -22.43001772846731]","[0.3458670554891907, 0.3647840710646359, 0.36194041088228446, 0.3139631705398423, 0.35727038447424425]"
457,"[0.9602853027423812, 0.9601142450092363, 0.9601773971133624, 0.9599920478761601, 0.9602536159710423]","[-24.079165838503545, -21.833833983854817, -20.967259078483746, -21.036270898824444, -22.178069038278803]","[0.30573487391688015, 0.3182987426972873, 0.3154706136155235, 0.29436873314296236, 0.31123060073502173]"
458,"[0.9593543210263422, 0.960016882371891, 0.9600022770955629, 0.9577931263706984, 0.9597985837203298]","[-23.952185760348744, -21.741204295171443, -20.86765862674949, -20.863886336465193, -22.067219705184034]","[0.22553698270441527, 0.2274979261687347, 0.22715086478181204, 0.2178781270441349, 0.22655657246206617]"
459,"[0.9588935947931504, 0.9582012138534538, 0.9583978680878344, 0.958999739840464, 0.9586628750598507]","[-24.2046063281483, -21.988512253434443, -21.117101570998447, -21.10436063549884, -22.318896969204904]","[0.41362473269763794, 0.3950637143463763, 0.40177796931748283, 0.4132725348757036, 0.4089730295020674]"
460,"[0.9622854929030428, 0.961843071984863, 0.961972804635021, 0.9622098028915007, 0.9621403532002876]","[-23.524994866491436, -21.329916873460743, -20.454248128874028, -20.397642787081022, -21.649142334207486]","[0.38470090375328625, 0.3907173441980502, 0.3893416394731231, 0.3864315536427044, 0.3870678792268776]"
461,"[0.9619957005649431, 0.9616510079057923, 0.9617799895283751, 0.9614948505148547, 0.9618821985960259]","[-23.777840548857117, -21.564603541358128, -20.691900656459207, -20.685929779331914, -21.89239334137529]","[0.21798368155706657, 0.2128935260489844, 0.21372420746595916, 0.22612898240617754, 0.21537571465179303]"
462,"[0.9605549996783057, 0.9598507616783502, 0.9600361727804146, 0.961039943648597, 0.9602630143047999]","[-23.825478369186293, -21.635621979859717, -20.758664548701155, -20.695223988295297, -21.951721070793457]","[0.464380284007318, 0.43459405802202333, 0.43987461757875834, 0.5123214370814605, 0.4494340842875245]"
463,"[0.9611379454579, 0.9606529200842638, 0.9608228629629836, 0.9614453027731126, 0.9609808512854041]","[-23.416721409507375, -21.266567515919064, -20.380724293157318, -20.24826225953291, -21.56034767212607]","[0.5434601680241539, 0.5090707179910039, 0.5173063915279008, 0.5843056141563558, 0.5300603983103221]"
464,"[0.9621994745351822, 0.9618782304278867, 0.9620187151397114, 0.961591039262679, 0.9621733352186187]","[-23.676900152857367, -21.457975382336464, -20.58660775839365, -20.589342891796832, -21.789060632312832]","[0.42669150184469234, 0.41393635070422324, 0.41715177394677755, 0.44312841169728456, 0.4210946819961104]"
465,"[0.9619221175139392, 0.961907325168485, 0.9618756810496513, 0.961774091138083, 0.961826777966271]","[-24.018357218841732, -21.766089213683273, -20.902084560416895, -20.963352291799456, -22.115790051005796]","[0.2064830846661236, 0.25446826350486523, 0.24525616975887854, 0.18060638868407997, 0.2291125655726366]"
466,"[0.9625932807418802, 0.9623490221593681, 0.9623912759141693, 0.9629014620935711, 0.9624380394882786]","[-23.522743628888602, -21.344468737422684, -20.464345565735115, -20.390519728587204, -21.653209042374655]","[0.37075115944010867, 0.38454701206208897, 0.38259097128167274, 0.35792356998702934, 0.3775079725972786]"
467,"[0.9631396101557478, 0.96213692671053, 0.9623730801566871, 0.9640899984676297, 0.9626791852692546]","[-23.430424701977277, -21.273946090347383, -20.389127401366355, -20.274140468323203, -21.570696779726255]","[0.3111566202671887, 0.30460463928176773, 0.3052907923552962, 0.3185858985295459, 0.30817989423975]"
468,"[0.9654175423282372, 0.96430783574907, 0.9646241973813401, 0.9666519977833655, 0.9650299454594172]","[-23.109368039432876, -20.91143198528722, -20.035191254791876, -20.004690574220355, -21.230447667430305]","[0.5113281686058873, 0.506051605214616, 0.5060846131440702, 0.5185656188420772, 0.5064979881833115]"
469,"[0.9246778214007318, 0.9228925669423326, 0.9232403970453253, 0.9262312599367878, 0.9237909490322613]","[-23.521496077512946, -21.238962522194214, -20.38035726363889, -20.51950788005757, -21.603601053770223]","[0.169882820391245, 0.17244224852635467, 0.1718915898437287, 0.17301758922651125, 0.17103315755053514]"
470,"[0.8983475354706896, 0.8938174884796156, 0.894040397279109, 0.9106308278496403, 0.8948918297677554]","[-23.654885283959448, -21.360342102552224, -20.552099061706397, -20.002258901166947, -21.806635607236313]","[0.38801433192474777, 0.490934135049067, 0.46970949943866774, 0.3931574018135166, 0.435149814371543]"
471,"[0.92956376492339, 0.9278554527622134, 0.9281836813920813, 0.9318191034013467, 0.9287482082633792]","[-25.52870918929914, -23.285806409846032, -22.420965894436076, -22.442878641199144, -23.632147428997857]","[0.3420373167583719, 0.3423318419851098, 0.3423673126352775, 0.3448006454654377, 0.3424745008726271]"
472,"[0.9444104266806053, 0.9440055243607998, 0.9441030140020406, 0.9437163772516994, 0.9442454700479886]","[-24.572313628483847, -22.39177677641133, -21.51232379935434, -21.439619778881227, -22.702027491028293]","[0.36268228570362393, 0.3309449899350393, 0.3375140517764674, 0.3998445264584082, 0.34799120028736996]"
473,"[0.9477304102312399, 0.9487219776369391, 0.9485665175589727, 0.9461063733463144, 0.9482677456867301]","[-24.57524961684108, -22.319947293125438, -21.456593996844642, -21.523368655531943, -22.671324485784794]","[0.4937205275058157, 0.5152232213491562, 0.5104563260439976, 0.4660908008013778, 0.4999005092683829]"
474,"[0.9532302830186642, 0.953254892096934, 0.9532954517243496, 0.9514347665828682, 0.9533632516568272]","[-24.398504659948355, -22.152675610855486, -21.286910622460784, -21.343369824983636, -22.49827321636222]","[0.38544709332791893, 0.39144527342119323, 0.3904567426187296, 0.38857589900893696, 0.38874930728720547]"
475,"[0.9436432040430852, 0.9445787151957871, 0.9444791519422098, 0.9415098508810735, 0.9441571824404862]","[-24.65390814896044, -22.430330622412026, -21.55978194323814, -21.574574093047246, -22.763694349981016]","[0.7580967761060791, 0.7373388752692728, 0.7438812923606668, 0.7478081323798511, 0.7537889520654768]"
476,"[0.9427639699006546, 0.9433633187842553, 0.9433474272155404, 0.9405612065943257, 0.9432243900362098]","[-24.742168870483454, -22.50623990365481, -21.638294689183912, -21.677157944146405, -22.84631027845646]","[0.31532480368557564, 0.3283055807254716, 0.32748155965551073, 0.3129263496955665, 0.3199569411594788]"
477,"[0.9363748197917827, 0.9366688946375357, 0.9366261925611654, 0.9351696184343743, 0.9365888399881044]","[-25.192381928397342, -22.940564326248595, -22.076850909443245, -22.12979138164346, -23.290606651963127]","[0.4372309021617013, 0.40146910382163203, 0.40847155112701794, 0.4795109917398025, 0.4200511676885696]"
478,"[0.9463641903047583, 0.946975051144847, 0.9468689239418447, 0.9450608095996693, 0.9466783331454178]","[-24.949543620957538, -22.67405663886181, -21.814815693368047, -21.923114434715625, -23.036187345254227]","[0.47498538875177393, 0.5082629390435192, 0.5015401617573062, 0.43462688023451784, 0.4907042445893694]"
479,"[0.9489269376815086, 0.949420315117222, 0.9493827284290322, 0.9478352994076754, 0.9492425808422651]","[-24.612455394607466, -22.363621766412976, -21.49874680323102, -21.555967421190104, -22.711243579724975]","[0.15106199441991675, 0.16462192306045603, 0.1618703569156311, 0.13569719750684953, 0.15743508596498193]"
480,"[0.9368054562835056, 0.9373117347746522, 0.9372954933640316, 0.9358869707534958, 0.937162634025097]","[-25.217627002584308, -22.94877335562155, -22.088227645054467, -22.181986025866582, -23.30741609497327]","[0.3364699478329583, 0.3271592772648709, 0.3290955937718732, 0.3322354784480289, 0.3337430543431653]"
481,"[0.9423196303175491, 0.9420485703712661, 0.9421622557316304, 0.9423247805081869, 0.9423255578243303]","[-24.254447941990573, -21.96894017269653, -21.114282583665073, -21.19218501322381, -22.34033018729977]","[0.4475469563445736, 0.41796854968157304, 0.4241466791009534, 0.4762716422530028, 0.43415084371886475]"
482,"[0.9231887237664373, 0.9232944786892974, 0.9232344480614114, 0.9228046032444586, 0.9232237944205967]","[-25.319795558073828, -22.97389754220713, -22.131366300271747, -22.330019189853015, -23.37724905765871]","[0.23030054829725036, 0.18803366063217827, 0.1954485500424128, 0.32675266648856915, 0.20853359123469584]"
483,"[0.9404967127891276, 0.940558452074184, 0.9406206325306524, 0.9391610105732752, 0.9406854060402746]","[-24.91814251205445, -22.632699425951117, -21.774622881809744, -21.921220678469624, -22.998790455079888]","[0.41602487615516054, 0.44567287257007954, 0.44530842732218606, 0.3721354250145448, 0.43409774808468526]"
484,"[0.9507889569843759, 0.9511007980612436, 0.9510441433795274, 0.949733346706388, 0.950970990599738]","[-24.711431134847732, -22.437425486298014, -21.577174959628966, -21.696756230446322, -22.797665073617082]","[0.4197193578341745, 0.44610060722287487, 0.44079082530581165, 0.3756704534940408, 0.4322196547920762]"
485,"[0.9466813921263973, 0.9472818883646562, 0.94721401826069, 0.9449803030470157, 0.9470398369059907]","[-24.71813209261612, -22.448360422301352, -21.58783294986062, -21.686701085634642, -22.80724504539996]","[0.08324248569591909, 0.08819829434661428, 0.08693974399438228, 0.08651093054069489, 0.08548511139451666]"
486,"[0.9255294386528289, 0.9257971975753894, 0.9257490323665257, 0.9245039708859458, 0.9256092432762779]","[-24.867490769305327, -22.546767227686594, -21.69566519165169, -21.920644332638137, -22.93129582824206]","[0.4275161430650471, 0.44337853103868746, 0.44008928900136574, 0.4055212088225707, 0.4348791899787007]"
487,"[0.9359380055148572, 0.9365499403341528, 0.9364659398118977, 0.9348030524478211, 0.9362649979416497]","[-25.099670435613337, -22.811147014401698, -21.953955067451183, -22.10170480429519, -23.179253380438144]","[0.5526177158652126, 0.5295259705581213, 0.5338002548825435, 0.5941406341429911, 0.5408154095229017]"
488,"[0.909996226609942, 0.9102306939224564, 0.9099931114786561, 0.9109680425471277, 0.9098406589358815]","[-23.000084810591805, -20.72717654485299, -19.87869069375294, -19.776875584963907, -21.10534107139952]","[0.8568823110827133, 0.8667970232948101, 0.8627878915136128, 0.8593763926827761, 0.8602677629004206]"
489,"[0.910959411163096, 0.9108596794823025, 0.9108889876989821, 0.9110204703276168, 0.9109118655594979]","[-24.710641799587403, -22.522760874525364, -21.652162767129386, -21.47516495126826, -22.847960452043715]","[0.20966656920247426, 0.22380325051908484, 0.22057768307615536, 0.19685408419365888, 0.21574320436016767]"
490,"[0.9385935491602305, 0.9386433699553647, 0.9386621707880153, 0.9375843117174238, 0.9386480634519115]","[-25.224126325906607, -22.930511677225876, -22.074681207390288, -22.2262179230581, -23.30184014681189]","[0.4548443861632659, 0.48299618524520826, 0.4775054964483495, 0.4082403006245851, 0.46842763686132427]"
491,"[0.9446260438432497, 0.9449834265290852, 0.9449705760246906, 0.9435989140570956, 0.9449113315606835]","[-25.007173219909888, -22.746228163265155, -21.883848746519337, -21.965617189523748, -23.10034395355287]","[0.3227111744205127, 0.3446243318406633, 0.3402050203738972, 0.34155934353145767, 0.33308963840656314]"
492,"[0.9523933811048256, 0.952612797755764, 0.9526184384359384, 0.9504633152117252, 0.9525907829950263]","[-24.500960403701104, -22.191466387027894, -21.338250979350267, -21.53592944461912, -22.5702847487788]","[0.2861555623608366, 0.28697258163266487, 0.2873261393169994, 0.2836243613238724, 0.28754424946037044]"
493,"[0.945383890396245, 0.945214043439891, 0.9452759690019077, 0.9450733734906787, 0.9453400006133458]","[-24.610877663322434, -22.31299016474814, -21.457565425550786, -21.627752338083205, -22.685882007171838]","[0.4574525367260125, 0.4372593501482136, 0.441578242285618, 0.47314250413186537, 0.44793012821634215]"
494,"[0.9509905684059861, 0.9507695024943251, 0.9508298352589984, 0.9509030330900695, 0.9508939651156992]","[-24.59251007436026, -22.33092611488076, -21.468197482790877, -21.56072387538477, -22.684629146713327]","[0.39648592419177786, 0.39487435095466183, 0.39571854050328803, 0.4079065156345758, 0.39750244637447296]"
495,"[0.9492582434724816, 0.949109707283856, 0.9491769648091192, 0.9484723942326847, 0.949205226571794]","[-24.975959861691845, -22.6666394019163, -21.814166878245594, -21.994366371467777, -23.04658739295899]","[0.1485476068202612, 0.17704464308752516, 0.17129490154324103, 0.1329271728724073, 0.1618197406894383]"
496,"[0.9544850662514912, 0.9547132438277797, 0.9546899793677394, 0.9531519070348184, 0.9546378936939425]","[-24.450235564332274, -22.169455478013205, -21.310143025712467, -21.45295849713946, -22.53261485405026]","[0.588983250406956, 0.5921741922729109, 0.5936147212004801, 0.5689824381191889, 0.5921395106277155]"
497,"[0.9539326504051825, 0.95381348847178, 0.9538677774123419, 0.9532675509124758, 0.9539425052418258]","[-24.770141056522867, -22.4659644664577, -21.611659227560445, -21.798313854075555, -22.841950207739846]","[0.39193517851867726, 0.3690095178882425, 0.37451054760553376, 0.3427323189339279, 0.38399351121675557]"
498,"[0.9557982557215797, 0.9563434175303314, 0.9562652294997203, 0.9542656021588543, 0.9560748529779944]","[-24.44688768059076, -22.14900834167691, -21.2931097270087, -21.473519831860862, -22.521150973317]","[0.27261802861030343, 0.2569900013596176, 0.2598327808230835, 0.2887893650418286, 0.26481952589925706]"
499,"[0.9343637831160819, 0.9349537848537899, 0.9348504482456577, 0.9334243724527422, 0.9346401055146294]","[-25.044126494883155, -22.745106555218705, -21.889900090207007, -22.062804236561742, -23.118580671437773]","[0.229224490129012, 0.2207440760430854, 0.22243808615019814, 0.24215106749803902, 0.22514897328431016]"
500,"[0.9444751816278903, 0.9442837024135317, 0.944374909365603, 0.9440228592260835, 0.9444767660265033]","[-25.133415458119266, -22.865877963451204, -22.004487089043536, -22.106958292471305, -23.22295029736408]","[0.24574267215628906, 0.2500087755099635, 0.24889123998614687, 0.2492745561384259, 0.24714555769588703]"
501,"[0.9488822775376167, 0.9492314398339173, 0.9491895645981827, 0.9480021500213142, 0.9490766230376837]","[-24.89007541827076, -22.612176010669806, -21.75315520809099, -21.871836422275756, -22.975165006310707]","[0.2739964306292298, 0.264296976853672, 0.2627747575334106, 0.23690737537443365, 0.2653473590875373]"
502,"[0.9559557189578787, 0.9563841344228283, 0.9563331169158642, 0.9550671862624085, 0.9562214221935342]","[-24.417308206211604, -22.112377734950325, -21.257805558877255, -21.455239106407657, -22.48811163740196]","[0.4968053840956219, 0.46641553541982594, 0.47174713698168036, 0.5279940942582092, 0.48116651876385924]"
503,"[0.9428388647851829, 0.9432334824512817, 0.9432688261079745, 0.9413494802634864, 0.9431885123558584]","[-24.713230855960443, -22.39393274519209, -21.542449627691717, -21.76636230299631, -22.777561789226926]","[0.40652351894177335, 0.4213201030406576, 0.4202782759807386, 0.3720246395390773, 0.4172315020652019]"
504,"[0.9376806990642089, 0.9371832238193415, 0.9373089270478644, 0.9375732402257569, 0.9374956522935006]","[-25.151826405269617, -22.853260199531203, -21.99819566814932, -22.164971744668744, -23.226849140478148]","[0.3183533254105372, 0.3132481665019406, 0.31425264636340394, 0.32665137062124855, 0.3158913918815623]"
505,"[0.943489101153865, 0.9421826060753412, 0.9424329509752803, 0.9441719325007957, 0.9428854837145614]","[-24.87424970784849, -22.630708025076157, -21.764244898520275, -21.82035837807809, -22.974720534859653]","[0.48579268768747047, 0.47681199008428804, 0.4784675986636239, 0.5070785561983187, 0.4813210899732647]"
506,"[0.9450629142755822, 0.9449276585373273, 0.9450197986488194, 0.9437793177217112, 0.9450917814827624]","[-25.31925259195588, -23.005870053807982, -22.153927312534353, -22.3491170481311, -23.38751922559473]","[0.4987073204065391, 0.5237131083730302, 0.5198060253749811, 0.4492183171473735, 0.5130350817749036]"
507,"[0.9395269890332413, 0.9402797493125529, 0.9401817668242844, 0.9378817740445511, 0.9399528203780441]","[-25.011839752927056, -22.701831746812505, -21.848887712276653, -22.043934301709807, -23.081191918156986]","[0.5366897496708317, 0.5749623560426614, 0.567155263145478, 0.4809715686888922, 0.5546346392973476]"
508,"[0.942305813052512, 0.9421318452375299, 0.9422010880254055, 0.941990658737933, 0.9423027315173762]","[-25.42685564989477, -23.13206542787697, -22.276931036898187, -22.421352635903116, -23.504746767527813]","[0.24350319203167572, 0.2774742649226352, 0.27064501651705447, 0.2152888651962978, 0.25949050216712394]"
509,"[0.9107163295299504, 0.9096174886038937, 0.9098157466869076, 0.9126666657327461, 0.9101787407651913]","[-25.031958146275127, -22.663502441465344, -21.82261449517078, -22.134118775226366, -23.07421172215388]","[0.5762468865930661, 0.5852212204373807, 0.5840058971236952, 0.5630470378586521, 0.5808367240294315]"
510,"[0.9386991792068725, 0.9379380921725464, 0.9381830908475871, 0.9388183611638248, 0.9385006665418425]","[-25.70029860306095, -23.420835737554796, -22.56305641157046, -22.666466242588022, -23.786102020365366]","[0.3022259938104821, 0.3823598051536723, 0.37022006420781584, 0.20514743883006348, 0.3476636869485918]"
511,"[0.9346080608366305, 0.9345368807522296, 0.9346077656065288, 0.9338490395778208, 0.9346668253431706]","[-25.652958338680865, -23.3352275150053, -22.48546495491396, -22.661515887830333, -23.721203605968796]","[0.5908430254045515, 0.5841387562540243, 0.585130888086802, 0.5612374141986674, 0.5872869051830218]"
512,"[0.9278559891678397, 0.92811506606043, 0.9280586128189319, 0.9271594263824771, 0.9279944626799586]","[-25.568248755126113, -23.29158518351242, -22.432892137644924, -22.537266718476047, -23.65481790081891]","[0.49922014662122344, 0.48369267111202174, 0.4871105142530054, 0.47467367557566315, 0.4925919553273822]"
513,"[0.9326606281233256, 0.9322875232109391, 0.9323626109990161, 0.933240466634023, 0.9324640193437534]","[-25.33611573573013, -23.017395737450514, -22.16703588830715, -22.362442009483345, -23.40266695703646]","[0.17396472397502843, 0.1792569868262569, 0.17816569160274823, 0.16820148981752653, 0.17645733782553405]"
514,"[0.932104672528867, 0.9317729249099278, 0.9318089666006008, 0.9322475673527064, 0.9318742657669656]","[-25.314401046252662, -23.020123697529097, -22.164428748788303, -22.31709542022843, -23.39182060098673]","[0.5628454588350776, 0.5510379522646416, 0.5530755373133367, 0.5780234151608004, 0.556476459604065]"
515,"[0.9300536424915209, 0.9305495373502402, 0.9305695620847335, 0.9286059116793894, 0.930442998193384]","[-25.719111358346964, -23.418104336985515, -22.565088356351065, -22.70432957826265, -23.795404028780744]","[0.5328710832100744, 0.5396920118133739, 0.5395125590049354, 0.5016772931365049, 0.5390854194942309]"
516,"[0.9377258062573718, 0.9373479280490619, 0.9374150007692307, 0.9368420503404203, 0.9375346211826802]","[-25.59933672325695, -23.303567422102237, -22.44902619830048, -22.587406792934374, -23.67736555223754]","[0.44928645864572236, 0.4799754523503469, 0.4732840686589059, 0.4255863314871219, 0.46215248774034484]"
517,"[0.9327014670277778, 0.932573964398051, 0.9326286088445226, 0.932137115464719, 0.9327041891402245]","[-25.78974312483147, -23.52008380244941, -22.660550458288196, -22.739083522129494, -23.880461764244703]","[0.2197356705387635, 0.24471636028310023, 0.23984897466679037, 0.20311376162857855, 0.23194083332777468]"
518,"[0.9344474632031138, 0.9341885071338069, 0.9343723087374384, 0.9337171237479059, 0.9344804772025092]","[-25.766549683227773, -23.486241667571775, -22.628641874927848, -22.733240506397753, -23.851972664692394]","[0.3102423599451235, 0.2929722853528034, 0.29635840950677134, 0.30074307229484526, 0.3043470184591014]"
519,"[0.9339117355819532, 0.933637495656269, 0.9336715277870028, 0.933762272329384, 0.9337114021709642]","[-25.6320906807338, -23.369608646871836, -22.508543469202166, -22.57377286465056, -23.726077886422352]","[0.4922549827405996, 0.5197223860080059, 0.5138738890141941, 0.4644541313599008, 0.5048965500062352]"
520,"[0.9020357070310251, 0.8996923856469, 0.9001264291092671, 0.9071233830910698, 0.9008349635858933]","[-23.518753933568718, -21.51298958802926, -20.607605078745415, -20.067303343170245, -21.743683619983262]","[0.6609895931881564, 0.5642614362682901, 0.5844059211826871, 0.7868294994491383, 0.6164678449825785]"
521,"[0.9250391147524579, 0.9224082010865317, 0.9228489046884956, 0.9291690892243223, 0.9238214434483829]","[-24.594843766850012, -22.84324340241674, -21.985787462701897, -20.4293160286726, -23.067503918569958]","[0.24965533545529003, 0.27968932716674877, 0.28755633266842284, 0.18218566916299342, 0.28058882894299775]"
522,"[0.9299908856742457, 0.9300017382119972, 0.93003651319911, 0.929396977279223, 0.9300453164655665]","[-25.904975906021598, -23.638767550695395, -22.77935550729085, -22.835365646004036, -23.998588723262177]","[0.6147284839682894, 0.6439759180495401, 0.6388410950676305, 0.5592002449721459, 0.6303415675481759]"
523,"[0.9295555699249402, 0.9291889149469678, 0.9293207942981941, 0.9293714355450899, 0.9293986749520686]","[-25.951041703722534, -23.722141044635734, -22.856679839595927, -22.810583241327702, -24.06442131661913]","[0.3256415319342992, 0.33630793639130774, 0.33437042458095767, 0.3494158426291603, 0.33154027309334894]"
524,"[0.9295565700196948, 0.9306402445634656, 0.9303946422207423, 0.9283606588429262, 0.9300297706259719]","[-25.592648649734766, -23.3059082853209, -22.451034069969264, -22.540592779475165, -23.67721322723012]","[0.48208811206800173, 0.4981962656355241, 0.49541722642378905, 0.4615069314830944, 0.4908323523653508]"
525,"[0.9349819492193386, 0.9356176464308189, 0.9355037150526337, 0.9338086009400892, 0.9352939200448117]","[-25.68620776026474, -23.38273215415023, -22.530567142108925, -22.667242181291375, -23.76188627675599]","[0.6435588691822904, 0.7225886040038728, 0.7063678494716539, 0.5403663472867695, 0.6803751306492148]"
526,"[0.9320570587396333, 0.9309605651010612, 0.9312017120512841, 0.9323336699757278, 0.9316282271806074]","[-25.897095649556803, -23.661542317908008, -22.796093713978852, -22.786849420576125, -24.005329881404045]","[0.5079096589159955, 0.5334002736531976, 0.5282876833042973, 0.4742931913796464, 0.5199031448558696]"
527,"[0.9250940145218326, 0.9246753211454892, 0.9247466554342353, 0.9254208734052791, 0.9248356893265882]","[-25.81213054516356, -23.533842865150834, -22.67677340593014, -22.75885690888728, -23.899912781390718]","[0.5100112410258654, 0.5520300077449507, 0.5476782447152827, 0.43884943254236314, 0.5401424704607538]"
528,"[0.92480150236628, 0.9252118220896243, 0.925021865878616, 0.9244399687885526, 0.9248784893673794]","[-25.976319355347023, -23.75321354861606, -22.885235334607696, -22.85088808606852, -24.09035865117713]","[0.5174321407535319, 0.5509656044788258, 0.5435763951800867, 0.4795992055578707, 0.5319343585145591]"
529,"[0.932916635653519, 0.9321919904563873, 0.9323982799406814, 0.9332606473000372, 0.9326260338854253]","[-25.753349861155762, -23.492703122854696, -22.632072644695178, -22.678315749527325, -23.849432562914505]","[0.35142266096746266, 0.40427293503406075, 0.39413372690179294, 0.29763384250925273, 0.37719131593046573]"
530,"[0.9276688083681566, 0.9274266862174111, 0.9274448177377227, 0.9273160025623793, 0.9274447174621725]","[-26.103584548747165, -23.87930676627063, -23.012185007762415, -22.96953167504444, -24.21802497375996]","[0.4284211872317087, 0.44632802338298283, 0.44298634210430854, 0.40090600247681085, 0.43718576950859556]"
531,"[0.9208871798782055, 0.9195478079144245, 0.9197945045572805, 0.922180828528744, 0.9202422442494674]","[-25.532072175675076, -23.429594489332466, -22.53955788299807, -22.23078583127338, -23.705991205274582]","[0.3841296154755961, 0.32835027899477465, 0.33798272976341254, 0.4739080311699431, 0.3557039049459298]"
532,"[0.9308875146976304, 0.9305489829972354, 0.9306609003073526, 0.9309837153116807, 0.9307954699862221]","[-25.94825149072082, -23.73429936764609, -22.8652236233319, -22.799584857075537, -24.067724654704985]","[0.5217950436620368, 0.579391161541365, 0.5673644940887327, 0.4497630911522828, 0.5478058508578331]"
533,"[0.9321293718350787, 0.9294772571590282, 0.9300799405326509, 0.9339817353820179, 0.9310128974002015]","[-25.992402002971087, -23.787722071924083, -22.916600026530915, -22.83546929461632, -24.115957976889458]","[0.17573380285788298, 0.1777766117784478, 0.17735770986016197, 0.17664198722461344, 0.17667968582727778]"
534,"[0.9287745694452811, 0.9277359122861392, 0.9280322717472902, 0.9290877294764063, 0.9283573955614239]","[-25.59234893631881, -23.31194486078143, -22.454470814262528, -22.557558847767915, -23.677851086002168]","[0.4809210077534988, 0.4908257465264789, 0.48883484873822747, 0.46649455371004866, 0.48561238624780645]"
535,"[0.9279775713497816, 0.927604547949003, 0.9276796597425632, 0.9285539418461265, 0.9278577825911337]","[-25.95358551344706, -23.74683364306159, -22.87599486035101, -22.801215846401604, -24.075981544835262]","[0.32869685648408936, 0.375937738916647, 0.3665277387790666, 0.27827246130048344, 0.3518762715420938]"
536,"[0.9300389517614432, 0.9295218488590546, 0.9295650835282596, 0.9310551151025471, 0.9297625813768952]","[-25.596519110634976, -23.333827118234833, -22.4727106175381, -22.540434546043446, -23.690275901656655]","[0.4787758762218231, 0.5030387629326365, 0.49807531422464624, 0.4554140219589284, 0.4902442819711524]"
537,"[0.930556947289824, 0.9299451184348883, 0.9300683545008567, 0.9314735862908758, 0.9302937195890515]","[-25.864726699004077, -23.649501111802962, -22.780360121888727, -22.722706862809385, -23.983111678934243]","[0.38882738821898044, 0.3929643003379916, 0.39216738642261634, 0.3774033901041193, 0.3908684076667255]"
538,"[0.9297200956602821, 0.929871776743333, 0.9298996737495079, 0.9296043670229425, 0.9298355024709787]","[-25.995559209421998, -23.777808978087027, -22.90983169583523, -22.84617249299993, -24.113747446941503]","[0.34278818766789065, 0.39322419466340475, 0.38114685481945676, 0.29188120822555547, 0.36157088192777587]"
539,"[0.929990389866091, 0.9298648630665456, 0.9298985814064574, 0.9297731630023313, 0.9298971251454555]","[-25.781102013402446, -23.532246684775775, -22.669295845412968, -22.69023316021139, -23.882799113554206]","[0.13709389623474458, 0.13894336474032307, 0.1374138444563443, 0.1369580625085042, 0.1371660308604658]"
540,"[0.9381741912951796, 0.9383547811646727, 0.9383671366892694, 0.9377312693587483, 0.9382524631317253]","[-25.540394676708278, -23.276903844519815, -22.41609910166175, -22.48262894543745, -23.63397586782189]","[0.43595024208262534, 0.48224899382660663, 0.4723527336692539, 0.4080355872933735, 0.456230997437247]"
541,"[0.9332513243051566, 0.9335669289743702, 0.9335781397400635, 0.9321229072935591, 0.9335766347055356]","[-25.753841692785187, -23.511735505485603, -22.647308099394998, -22.656810585613282, -23.85854282290474]","[0.7353723704291749, 0.737461640809876, 0.7377362533479256, 0.7090355339730038, 0.7369177644321553]"
542,"[0.9328881475598123, 0.9323751798873032, 0.9324954363282387, 0.9333817994265412, 0.9326636792687596]","[-26.01513839037773, -23.784077468332473, -22.91786971926394, -22.89666363448285, -24.12570372742608]","[0.2792031459461078, 0.276576160341025, 0.27626434431265906, 0.28805422728553864, 0.27727121431958246]"
543,"[0.932191763207358, 0.932026242881042, 0.9320776806331303, 0.9322259700913709, 0.9320380579994322]","[-26.006424368007277, -23.812682994470315, -22.938911762376666, -22.842834355576603, -24.134451651664907]","[0.37810214446176627, 0.33903301164895844, 0.347060222011088, 0.384755331169785, 0.36078998959787617]"
544,"[0.9346801265826193, 0.9341963367711732, 0.9343839065507633, 0.9341258384326249, 0.9345695813946595]","[-25.88719214125538, -23.66939420381174, -22.799562658654246, -22.76818206356584, -24.002556197756245]","[0.43730125125958724, 0.4288819155707974, 0.4319295882452271, 0.4388107832583429, 0.43577705147925283]"
545,"[0.9212550433387849, 0.9205466597538008, 0.9206293454479237, 0.9224136216367929, 0.9209080873517245]","[-25.608942779960522, -23.406105440140553, -22.533653788581027, -22.46499242629877, -23.731924158388946]","[0.44296021276991093, 0.495276366240197, 0.48867884386557153, 0.3498986752720595, 0.4751849156267696]"
546,"[0.9260408910449358, 0.9247512775037613, 0.925003467188923, 0.927009809886242, 0.9254404657413634]","[-25.825696435875873, -23.601329040417188, -22.73355565848946, -22.702782188608847, -23.939077895904475]","[0.25061110558123556, 0.20830815161667737, 0.22085713724468678, 0.26929683574167496, 0.24106325237430115]"
547,"[0.9411730217031041, 0.9407257357305238, 0.9408271453258144, 0.9408910541518661, 0.9409886353275118]","[-25.731779977404468, -23.50674329014108, -22.63801375237327, -22.627892395503476, -23.84320272664597]","[0.3257844195241707, 0.3364268235223697, 0.3342197457030005, 0.3214960676474256, 0.3307071042401041]"
548,"[0.9338116154212266, 0.9342072578653122, 0.934260604685054, 0.9326713909527223, 0.9341522635675866]","[-25.941858880230395, -23.72464530542657, -22.85473135330287, -22.82194338835488, -24.057544570008655]","[0.3831171439000679, 0.35214107919723325, 0.3598241754308712, 0.37949889098418593, 0.37234267424491063]"
549,"[0.921866834272215, 0.9214151602747449, 0.921596492852838, 0.9219534263477895, 0.9217989547627214]","[-26.014095358556492, -23.806558836441972, -22.935627495982377, -22.866729488557993, -24.13570281268028]","[0.33986014518311053, 0.3223612704649094, 0.3254208090801618, 0.3749314011014885, 0.3313684056775378]"
550,"[0.905983513674703, 0.9063250442522398, 0.9062123888233045, 0.9088384149160033, 0.9060571669172188]","[-22.96676315671525, -20.695076011927927, -19.845334840739316, -19.758145088395953, -21.071032506553586]","[1.0992690878489422, 1.1107100475379228, 1.1066693202076392, 1.1361446441855145, 1.1008172521837778]"
551,"[0.9331063609451776, 0.9324061453376157, 0.932610921970172, 0.9333471195390937, 0.9328531135412268]","[-25.16021702525928, -22.707064321241063, -21.88335878660445, -22.36325207654568, -23.162817442750374]","[0.6151498482140128, 0.6133035192651264, 0.6135794987178801, 0.583856372218314, 0.6141550139524505]"
552,"[0.9409953562115392, 0.9403890381620029, 0.9405255670883576, 0.9407011592348368, 0.9407769029499726]","[-25.433735132765005, -23.144027869272488, -22.287861303128683, -22.42193727334142, -23.513993560754532]","[0.31293356504878267, 0.3483959356928771, 0.34198119934077886, 0.2650065136716286, 0.3311057104973791]"
553,"[0.9434762997643024, 0.9430174246583946, 0.9432003367745547, 0.9431738663506052, 0.9433974920987755]","[-25.01168525152466, -22.68430717046596, -21.83489233738727, -22.066427979655863, -23.072894571537834]","[0.48727568168370344, 0.502848427392808, 0.5001402416168237, 0.46423002325169593, 0.4950428597503241]"
554,"[0.9330760107761463, 0.9324927848745148, 0.9326442977937711, 0.9336357820185504, 0.9328339770902748]","[-25.318629993949763, -22.995077436748847, -22.145804559227408, -22.348424905095705, -23.38306538324658]","[0.3846411931576844, 0.3852233793475384, 0.38536010201621984, 0.3828782592668238, 0.3851114042555931]"
555,"[0.9444879734588278, 0.9443785216681931, 0.9444231799886569, 0.9437927958855485, 0.9444767227421802]","[-25.23441949478372, -22.96686937700131, -22.105631838084175, -22.205051403915053, -23.324187328001063]","[0.2573903075077376, 0.2757062132672352, 0.2720022640821783, 0.23151066276407323, 0.2660303893674613]"
556,"[0.933250879072878, 0.9327088267406601, 0.9329019508228819, 0.9341186268816263, 0.9331302725694728]","[-25.506138894504417, -23.208431988827762, -22.35357158956228, -22.51040785111834, -23.582168445024255]","[0.5167430786123797, 0.4922094090834382, 0.4978827445316471, 0.49165182298026056, 0.5077546062595134]"
557,"[0.9358414882198512, 0.9356999466097554, 0.935774979812933, 0.9356574346989244, 0.9359086942948699]","[-25.369574157442308, -23.055213969472014, -22.203086755510963, -22.408632864931892, -23.43677178080896]","[0.3094778652225923, 0.30859200814656007, 0.30819146934198116, 0.31326224703912914, 0.3082584207434538]"
558,"[0.9266608810495213, 0.926353061506989, 0.9264625510413866, 0.9260654424938518, 0.9266370538825879]","[-25.376891614065975, -23.093322614977552, -22.23545998388117, -22.365613590160986, -23.459329428698968]","[0.4212906775185858, 0.40583295405186176, 0.40806571493728, 0.42350517174940827, 0.4123444760081438]"
559,"[0.9434316486250038, 0.943181762450697, 0.9432993488146021, 0.9423922013118647, 0.9433958913425086]","[-25.331930881123053, -23.057570926467445, -22.198070844650246, -22.304853228866843, -23.419032963767442]","[0.42674353732585196, 0.428868527660495, 0.4288191817566004, 0.42383251237395914, 0.4279104921412541]"
560,"[0.9323011213447402, 0.9319345658751103, 0.9319929282669527, 0.93276668991925, 0.9320748712866562]","[-25.00688453614497, -22.656000803223186, -21.812009696298283, -22.076810687258565, -23.058108027718117]","[0.46872304714644647, 0.5317361252333, 0.520741197627419, 0.4050158045730852, 0.500504559980121]"
561,"[0.9314382242560438, 0.9313469277431518, 0.9313467300962593, 0.9319667027959115, 0.9313276514447502]","[-24.908861841117446, -22.664460322616634, -21.79899363138652, -21.841028928521002, -23.01019902866701]","[0.6231883617766639, 0.5904430462253634, 0.5948297000555756, 0.6450130287641274, 0.605357578346659]"
562,"[0.9504406345108984, 0.9505013328651601, 0.9505427267546162, 0.9497008176154472, 0.9505820110402581]","[-24.449204845484314, -22.181586580955596, -21.320999344091124, -21.407909831021282, -22.53991800532478]","[0.532904636662662, 0.49366889468035346, 0.5022004287305377, 0.5777753065545709, 0.5158416794568197]"
563,"[0.9409373615081431, 0.9401083006836306, 0.9402803513442778, 0.9412537825398266, 0.9405680023808297]","[-25.12203899445991, -22.82745771580516, -21.97180340677675, -22.125571945129998, -23.19927085777096]","[0.4162413367081596, 0.39617197302396306, 0.4010209453838159, 0.44042735974034386, 0.40906612841312284]"
564,"[0.9515280807028612, 0.9513988394466631, 0.9515182377136124, 0.9508981767101627, 0.9515607324240248]","[-24.667559793429604, -22.375371714287024, -21.518550431398076, -21.681684961619066, -22.744862965855454]","[0.3541085213297403, 0.3735868394036891, 0.36812017159405963, 0.3549260890674862, 0.3599273791089372]"
565,"[0.9418966663408526, 0.9411525301203713, 0.9413757222981121, 0.9422931965018037, 0.9416331630534812]","[-25.2653479237264, -22.989856551743184, -22.130179595116104, -22.24740036175118, -23.351305898660762]","[0.5275980779884171, 0.4836728649511999, 0.49009744867980104, 0.5717335519894148, 0.5045342422977316]"
566,"[0.9451884802921291, 0.9440129335172547, 0.9443631424472501, 0.944786878203311, 0.9448471196013396]","[-24.968607355594422, -22.67854763470383, -21.82147887985527, -21.97618364099327, -23.047199213254697]","[0.4737253556484606, 0.3998617392950119, 0.4130108613825128, 0.5457119937022271, 0.4365908237014435]"
567,"[0.9432663942353869, 0.9429476764025655, 0.943106801837876, 0.942871395595578, 0.9432120849335695]","[-25.259218635684284, -22.95538027159585, -22.101748035025736, -22.271789409371625, -23.332338026573908]","[0.25847375195039146, 0.2715599413419905, 0.26878364354136036, 0.2403244050053803, 0.26425929657890723]"
568,"[0.939958024332401, 0.9392726039752387, 0.9394541204060237, 0.9396184807336057, 0.9396949758315897]","[-25.171001229300533, -22.87736544926998, -22.02131715304211, -22.177301071981745, -23.24836700718547]","[0.4440524806945454, 0.4268831168395735, 0.4301811986942281, 0.4735223719607674, 0.43561325829510883]"
569,"[0.9449826996724392, 0.9445609009757993, 0.9446930474435531, 0.9449997484022769, 0.9448486628144142]","[-24.770296954839694, -22.515480913439113, -21.65122312935064, -21.73267750356648, -22.865367437632795]","[0.28251222927911596, 0.24795515182693995, 0.2526453636880169, 0.33422059827288825, 0.2649201389639422]"
570,"[0.9450293862283409, 0.9443260624066382, 0.9445529393590273, 0.9440912227886418, 0.944859913381874]","[-25.31565486265333, -23.019207608924994, -22.164282792716932, -22.314617859251747, -23.392558523778963]","[0.5619881304853028, 0.5387730617989904, 0.5449665789484534, 0.5824945422966419, 0.5550229384615027]"
571,"[0.9432584138334367, 0.9433175833198892, 0.9433047065125292, 0.9430384493187142, 0.9433073864767549]","[-24.830531143744125, -22.55470244229807, -21.695686064152277, -21.801566506691152, -22.91725434763378]","[0.5736119072677287, 0.5425451549006279, 0.5487016699072732, 0.6147446362585514, 0.5587733764447541]"
572,"[0.9502095661053663, 0.9493569183532751, 0.9495951023038761, 0.9502955496476624, 0.949910337399014]","[-25.046834527678403, -22.79214574958967, -21.92800719912604, -22.00638245209836, -23.142181215732904]","[0.22750938866327525, 0.23663358251299732, 0.2343435714549817, 0.22561503244715497, 0.23075985837975888]"
573,"[0.9498754304572998, 0.9493230931972342, 0.9494880125245243, 0.9495090724278603, 0.9496766072530709]","[-25.085755085664196, -22.814803485206358, -21.954346923815866, -22.05904275919701, -23.174045697652332]","[0.5117932580903866, 0.5030974600256791, 0.5041563721765853, 0.4986885489690373, 0.5098237775978939]"
574,"[0.942370108836484, 0.9414839835503234, 0.9416893491456922, 0.9428529913602418, 0.9419716628271864]","[-25.3086598354365, -23.0230927136749, -22.16623766509513, -22.288379031032665, -23.391098328426565]","[0.35808795646365005, 0.31475275451033286, 0.32488114630883336, 0.3374555708531337, 0.34036889451467406]"
575,"[0.9458958498093412, 0.9451740697114066, 0.9453743885331026, 0.9463212190952449, 0.9456288942740001]","[-24.97822701665197, -22.703771508923978, -21.844047488763675, -21.955799336134717, -23.06490574010394]","[0.12395819897426379, 0.14653251169489914, 0.14253477569632836, 0.11611154704678443, 0.13350980296325812]"
576,"[0.9478517995231024, 0.9478453794942708, 0.9478723526536315, 0.9471197075748774, 0.9479035399546536]","[-25.268062038339185, -22.99116089221148, -22.13223916037763, -22.242548436547118, -23.354083385436525]","[0.49387644065117825, 0.5183117732458683, 0.5134495728414433, 0.46176040641645116, 0.505367041034879]"
577,"[0.9502092243081235, 0.9501031322910846, 0.9501848129887994, 0.9493305811316787, 0.9502714819458972]","[-24.882361107394157, -22.62009493350694, -21.75759033584111, -21.84983616205963, -22.974303464468324]","[0.31602311679749956, 0.29397217742734355, 0.2943918457329376, 0.3628748153830024, 0.29504982215323616]"
578,"[0.9452195039279131, 0.9449375111439083, 0.9450407776592742, 0.9447402546694774, 0.9451339016396106]","[-25.217710321924145, -22.946248869759227, -22.08630692197313, -22.183896251507445, -23.30641275813259]","[0.3329701828114138, 0.3328930516173649, 0.3329533861140431, 0.34185198160198854, 0.3328642705557705]"
579,"[0.9479824722435714, 0.9475931940501303, 0.9477209157661406, 0.9479377753846354, 0.9478245252461287]","[-24.86449198807147, -22.57000278476846, -21.713920092821727, -21.876386832146853, -22.941136599370903]","[0.5035003461337736, 0.4953433958148755, 0.49620723779382403, 0.4858985675302249, 0.49810327326769666]"
580,"[0.9499004863913676, 0.9498711718763023, 0.9498967461656067, 0.9491212310493847, 0.9499223714311108]","[-24.945331981866122, -22.687007739732366, -21.824099084413444, -21.900640113721913, -23.039730741409354]","[0.25787145188982147, 0.26319312177012844, 0.2610625283278007, 0.2607466363417698, 0.2597823857416626]"
581,"[0.9485844072327669, 0.9484136398103833, 0.9485103596837837, 0.9482353722856062, 0.9485698503563074]","[-24.728254282536277, -22.483944055019254, -21.617552803824562, -21.67706583126406, -22.828238166575797]","[0.5593521240734601, 0.5851821721439918, 0.5781277551701729, 0.5445392007598147, 0.5660990089502259]"
582,"[0.9506755003388787, 0.9502888927624746, 0.9503939295906946, 0.9507944243460559, 0.9505234588531545]","[-24.5911713203729, -22.324826836548482, -21.46265717368418, -21.573471809192046, -22.68044021615796]","[0.17602756023157962, 0.1798621930051791, 0.17914102078850164, 0.17036168363129137, 0.1779166606974514]"
583,"[0.9480352343012042, 0.9474478087567337, 0.9476097505043375, 0.9477773054845913, 0.9478374759580903]","[-24.72585894415789, -22.457759360337164, -21.596358651634667, -21.70259056185265, -22.8149378965496]","[0.7017812331568241, 0.6772192587817315, 0.6819091770600386, 0.7231436331439978, 0.689791940155981]"
584,"[0.9492541863249067, 0.9493030591299481, 0.9493281824204785, 0.9488286133988294, 0.9493077187870113]","[-24.733083137584018, -22.478413561415714, -21.61461076352793, -21.686152813410473, -22.82895914185287]","[0.41176402808443435, 0.39708122620575753, 0.39678031374971845, 0.43727300910866074, 0.40087070391503055]"
585,"[0.9480604376805472, 0.9469820674166354, 0.9472625273938885, 0.9484613101444552, 0.9476051755812643]","[-24.882297963053464, -22.6289951101675, -21.764505948790386, -21.84102289284198, -22.978178568360615]","[0.525262832708946, 0.538564343696586, 0.5356044616180181, 0.5043437995371368, 0.5311571583830557]"
586,"[0.9546221520042866, 0.9543328565389451, 0.9544109482662642, 0.9542691134140284, 0.9545339517029217]","[-24.42695104408982, -22.176534756059507, -21.31157706429433, -21.380043624832314, -22.52436474750469]","[0.6266620302283311, 0.5807886186481278, 0.5883519332586302, 0.6848113380564151, 0.6041428493066677]"
587,"[0.950440020021345, 0.9505299957198661, 0.9505732685950717, 0.9495133304053857, 0.9505701084421635]","[-25.057374379388694, -22.789250620901786, -21.928393241986324, -22.023685209940712, -23.14726005327696]","[0.3257831735710776, 0.3274842308559, 0.32713034307699845, 0.32508335109413716, 0.32655642053957235]"
588,"[0.9526201267262394, 0.9524525608607368, 0.9525121225921028, 0.952043567438951, 0.9525788235610999]","[-24.460400451123363, -22.245203970186157, -21.373287137820675, -21.3644850703712, -22.574609642584548]","[0.5575913131361897, 0.5412362561915618, 0.5447908749736956, 0.5662043168046377, 0.5500091881971485]"
589,"[0.9538384909205484, 0.9540050246616576, 0.954022832332688, 0.9530674600741771, 0.954037496073181]","[-24.62054499601151, -22.37528876756423, -21.509262749964872, -21.567264646884237, -22.72034554512271]","[0.43674839602316917, 0.43302301582504166, 0.43382909398949765, 0.4412619750042022, 0.4350579119164266]"
590,"[0.9536257401357874, 0.9525374725496045, 0.9528743223580183, 0.9537720253593631, 0.9533092618930065]","[-24.716642536846976, -22.473803425263004, -21.60816928898677, -21.644436216118784, -22.818936841672084]","[0.2804016098432646, 0.28257451691788854, 0.28191106898448853, 0.28238457445022425, 0.28119913389131584]"
591,"[0.9516584858049328, 0.9505561783374651, 0.9508032163710889, 0.952126531381982, 0.9511876820759527]","[-24.501899316481374, -22.307191815625554, -21.43132668575182, -21.37616010213313, -22.626044053722808]","[0.5231333273139435, 0.5199814268958227, 0.5207073585416525, 0.5175219172287727, 0.5217814950632874]"
592,"[0.9543170062689842, 0.9544087422455473, 0.9544249584617344, 0.9533903223808018, 0.9544309089958136]","[-24.38419195360297, -22.104088461968143, -21.245001623167497, -21.379047663344682, -22.467443988093]","[0.5618866196013609, 0.5478743399780559, 0.5498802170370178, 0.5844587161696502, 0.552005618807205]"
593,"[0.9549957225112222, 0.9552563384730498, 0.9552439740306745, 0.9543402871486463, 0.9551640608396774]","[-24.29935299278511, -21.996509092465672, -21.14199629672624, -21.324626080786995, -22.37188420394946]","[0.3479963061837324, 0.37414432662189273, 0.36821953219800885, 0.3195868823209348, 0.35860078711157406]"
594,"[0.95808760601738, 0.9578226364315442, 0.9579827474707897, 0.9569970576505226, 0.9581059008063971]","[-24.471594111318073, -22.241633239437398, -21.37265642471128, -21.39572360517627, -22.578814316112407]","[0.4089834226252069, 0.38872185120690717, 0.3924929444376995, 0.43418095274483065, 0.3992872624204282]"
595,"[0.9577312169578357, 0.9572589824045911, 0.9574477907382734, 0.9571703467106278, 0.9576613559535094]","[-23.962477879018888, -21.765558951922035, -20.889417301882048, -20.851319066251534, -22.084494565678998]","[0.574442708010481, 0.563394583420257, 0.5656356828101122, 0.5887238858192562, 0.569354733613703]"
596,"[0.9561315383419019, 0.9557013422003291, 0.9558265378828965, 0.9552305270645131, 0.9559743842330456]","[-24.42786249520419, -22.174432112297303, -21.309983128397434, -21.386625097627217, -22.52372052329665]","[0.5232934690568176, 0.5011980752298525, 0.5072756527195494, 0.5403674740532601, 0.5155101869797456]"
597,"[0.9613223564384906, 0.9608031814412474, 0.9609684086061911, 0.9614764949914321, 0.9611410099424644]","[-23.904468403898846, -21.6663463704386, -20.798622829423138, -20.84642165262689, -22.007246696057774]","[0.31177500946950754, 0.2870082143718445, 0.28825338739616635, 0.35681001657834877, 0.2952731204676897]"
598,"[0.9545242457344555, 0.9540849769557405, 0.9542678181238144, 0.9543796365217048, 0.9544254660430562]","[-24.31442051676305, -22.114718863728857, -21.240258101258977, -21.18862524037747, -22.436807346963775]","[0.5313544676009695, 0.4279221103950774, 0.4475785259987408, 0.6425180829850135, 0.4804296172079971]"
599,"[0.957440695689775, 0.9576493632540212, 0.95766547316621, 0.9564163927577198, 0.9576360245319929]","[-23.999808979153308, -21.762602804839656, -20.894736640100483, -20.939738334268597, -22.103081826813924]","[0.45589574764718904, 0.46590341367233573, 0.46418061763141505, 0.4478718978998953, 0.46157468924435363]"
600,"[0.9569588900519623, 0.9554274943926762, 0.9557761306929495, 0.9584669642048802, 0.9563067988408464]","[-24.17273919106527, -21.97210991991898, -21.09767584568944, -21.0508117776132, -22.29444572327958]","[0.3878079977235081, 0.3683647615497131, 0.3705708955068992, 0.41004692927150016, 0.3738998052863125]"
601,"[0.9569883072752303, 0.9569644942392467, 0.9570225630727097, 0.9562780217577763, 0.9570636849040872]","[-24.484248051324915, -22.232145170982115, -21.367441897964657, -21.441153180286992, -22.580735614132998]","[0.22199269716984674, 0.1933819766032693, 0.19812477612512236, 0.2520602310344312, 0.20906318800783386]"
602,"[0.9598740841051906, 0.9591672333191877, 0.9593255729932317, 0.9602091200546238, 0.9595407100186739]","[-23.755937985348503, -21.54252079869559, -20.670221720842303, -20.658009631258494, -21.870960252056058]","[0.49950510210345583, 0.4888010344882778, 0.49105947647707066, 0.5055850542030584, 0.49481269734864836]"
603,"[0.9589669608650513, 0.9583103429457365, 0.9584435122239321, 0.9592029736955365, 0.9586819174914317]","[-23.97119893832828, -21.76888979801031, -20.89431946153895, -20.85911409613642, -22.091399037293183]","[0.545714640540872, 0.5398345499315097, 0.5413835403617882, 0.5794557963615509, 0.5425550952154178]"
604,"[0.9618137435168642, 0.9606028328733857, 0.9609402773133446, 0.9625160018581457, 0.9613790706605977]","[-23.537255612667433, -21.39855630546717, -20.511079758027883, -20.343962963595377, -21.68727031870446]","[0.5284706734401207, 0.4878367479299285, 0.4922826889625583, 0.5906123612140989, 0.5068046580112469]"
605,"[0.9596120512759789, 0.959329512171822, 0.9594296025634266, 0.9589373416074766, 0.959530568362626]","[-24.2544494024623, -22.031666749683367, -21.161772641417, -21.159811382647042, -22.36584176766668]","[0.5075523968050134, 0.4717559586913122, 0.47858895003287166, 0.54550031704621, 0.48895529748246097]"
606,"[0.9598133463404981, 0.9590607517815404, 0.959270049691468, 0.9597554203190716, 0.9596180714464474]","[-23.91809400162527, -21.65942166535827, -20.79603054173831, -20.883954791894087, -22.011478446072744]","[0.4747440588945159, 0.4657051883128961, 0.4677351788778738, 0.4809434733813828, 0.470582501728291]"
607,"[0.9618553861710188, 0.9613620519977873, 0.9615131313948182, 0.9620928627231882, 0.961721823279728]","[-23.55026179947975, -21.326976589568353, -20.456788518494733, -20.463161722498715, -21.660823297475286]","[0.1782586668336625, 0.1798957772548129, 0.179163658813406, 0.17345593016966152, 0.1783637806222704]"
608,"[0.9500119315077621, 0.9488434930184801, 0.9490535879352346, 0.9501315016421301, 0.949491256843899]","[-23.755137432036364, -21.547977152334557, -20.67481346859786, -20.642380411323913, -21.873705457441655]","[0.4741913568815296, 0.5022475308059986, 0.49674522641253, 0.4378566203851173, 0.48802553877452143]"
609,"[0.9518043510001805, 0.9507371662120611, 0.9509403554280773, 0.9523346054594902, 0.9512812113711041]","[-24.361061713249292, -22.055801907199147, -21.203123886472422, -21.362148284509978, -22.434547357587718]","[0.29887481181963027, 0.28810813773110033, 0.2902511485709943, 0.32040187210034665, 0.29371877208868763]"
610,"[0.9557676682790504, 0.9547473013640089, 0.9549932680399221, 0.9561599859464345, 0.9553202870655905]","[-23.97686364355973, -21.743817286792517, -20.87619449506368, -20.89219860739454, -22.083739912442848]","[0.5716965648223259, 0.4854621444532883, 0.5031362117002303, 0.6769442200175322, 0.5317713415690498]"
611,"[0.9546613348314873, 0.954724655168433, 0.9547712515596661, 0.9536908267707085, 0.9547879666410056]","[-24.555675691597184, -22.240447101609877, -21.389268597527035, -21.579898463986353, -22.62368609100447]","[0.4716316570655449, 0.43751783968270813, 0.4440924076345772, 0.519498670245947, 0.45533262681796116]"
612,"[0.9563847732398646, 0.9553551131360903, 0.9556559807160028, 0.9563888163840032, 0.9559623876517432]","[-24.247596504532495, -21.988053491674755, -21.125837273875803, -21.1959963833925, -22.342107180732697]","[0.25506327836949655, 0.28095228124118427, 0.27935811097094754, 0.23696005343447252, 0.2683146062901831]"
613,"[0.9546729498833916, 0.9542941262591905, 0.9543577502449885, 0.954274122363305, 0.9544762548767908]","[-24.20898321039969, -21.93899318304273, -21.07876408583664, -21.17302845304766, -22.298382993568488]","[0.4689799604764149, 0.4516217766147229, 0.454305315066751, 0.49663647714452935, 0.4594645875600639]"
614,"[0.9593206822862848, 0.9575794475233226, 0.9578953888712388, 0.9599319749556908, 0.9584596122894246]","[-23.694453232907506, -21.529038281585958, -20.646509516657478, -20.542424308567643, -21.831248098295237]","[0.5894399306128425, 0.5821914018537545, 0.5837617258374507, 0.5945082283051835, 0.5861722557545894]"
615,"[0.9576735588350205, 0.957018814701017, 0.9572320113313664, 0.9577243687551384, 0.957488727378803]","[-23.593492356449328, -21.367932936033295, -20.497537769977356, -20.521046097770146, -21.701980315490516]","[0.414329548563091, 0.4270165015582969, 0.4236229823252612, 0.4032307242144042, 0.4192425405242984]"
616,"[0.9609354115691519, 0.9599816773238738, 0.9602421646756866, 0.9610312532473292, 0.960563804651129]","[-23.961000574332438, -21.730440367212445, -20.861820529523868, -20.88162025649265, -22.068294616920987]","[0.4646686143320286, 0.49376585971205067, 0.4873565328477167, 0.43119387855525376, 0.4777207206992131]"
617,"[0.9605505313823868, 0.9595369203889726, 0.9598061289679597, 0.9607684024681507, 0.9601694398984265]","[-23.661330336236553, -21.44946192856807, -20.576387324812618, -20.569259122301318, -21.77638946301357]","[0.344337348074706, 0.336686755028599, 0.3422604740779993, 0.31371056601476743, 0.34704924680819]"
618,"[0.9600488185309274, 0.9596850598362778, 0.9598254534235615, 0.9598993968137977, 0.9600097035365239]","[-23.95358261791279, -21.701719941453007, -20.837465181510932, -20.900904363603136, -22.050957245435928]","[0.42591208125618807, 0.4251907237567375, 0.42546405301814605, 0.4267601572580289, 0.42601839674967473]"
619,"[0.9610006302791653, 0.9604241844146909, 0.9605925805096507, 0.9611552802712591, 0.9607886980104999]","[-23.453353895366817, -21.26983427078347, -20.391256743377742, -20.32027639574513, -21.58207303554777]","[0.2786571171205028, 0.29865998583240416, 0.29143796801697214, 0.29282891177158443, 0.28241929101439933]"
620,"[0.9593445694363506, 0.9585765793554359, 0.958780590020346, 0.9592602305782465, 0.9590439939415892]","[-23.89561668202134, -21.642607931060223, -20.778540886764052, -20.8453901851598, -21.99238803545862]","[0.50273895156182, 0.5051621621888996, 0.5047730514002666, 0.49933152726357327, 0.5040455774256305]"
621,"[0.9607325426348075, 0.9599070184988139, 0.9601706601365155, 0.9611130342810217, 0.9604271840746618]","[-23.71244926506833, -21.458742381109175, -20.595324814948636, -20.653709801697836, -21.809653407919757]","[0.3664297388132112, 0.37256675476839585, 0.3712840708543219, 0.3519625718567726, 0.3691700492198812]"
622,"[0.961011513097601, 0.9601753663680013, 0.9604269632592096, 0.9610558608993014, 0.9607599008043045]","[-23.42788476482981, -21.218186349165006, -20.34486780741332, -20.329579142623736, -21.5442564502713]","[0.6842424775179435, 0.6408816518784511, 0.6504975493417077, 0.723023337820434, 0.6667662850614796]"
623,"[0.9613253343191581, 0.960017805871558, 0.96030697946454, 0.9617522439108673, 0.9607538518056729]","[-23.70249332685462, -21.475473020580104, -20.60687247134424, -20.605913021203328, -21.812566663000364]","[0.39942264474176264, 0.3926139768388252, 0.393752872506267, 0.41549342347901075, 0.39558445634662726]"
624,"[0.9625067165629765, 0.9617174084974268, 0.9619151056081313, 0.9625797121019652, 0.9622290450432207]","[-23.350514398106988, -21.12372559481177, -20.253537641510114, -20.28046587336356, -21.458360088144005]","[0.39969629695923525, 0.4132562116306064, 0.41051227346536456, 0.400233430838947, 0.4060841144121101]"
625,"[0.9649995497779957, 0.9631272421086221, 0.9635185331817419, 0.965794817442231, 0.9641404764066566]","[-23.000760694105534, -20.86959184019742, -19.97943892570054, -19.814494135646214, -21.152615210161894]","[0.4682636087782018, 0.45067582841755777, 0.45429785652806604, 0.493664963660889, 0.45998838561788535]"
626,"[0.9629882238686925, 0.9621840370678173, 0.9624466150416162, 0.9629493328640962, 0.9627284712313022]","[-23.309269523043803, -21.104578255641172, -20.229973450028904, -20.208976429176523, -21.42757986982604]","[0.3424436168376635, 0.3493535995223115, 0.3506163290127631, 0.31917738762555303, 0.35075632600625084]"
627,"[0.9666443912844481, 0.965407969498198, 0.9657000088128089, 0.9665532948335848, 0.9661228015926749]","[-23.311638096630816, -21.08038029432091, -20.212258220797494, -20.227119960611116, -21.4191388126212]","[0.501416908773499, 0.5432499294374064, 0.5366522520998058, 0.48220783439745274, 0.521905373539132]"
628,"[0.9605223786114203, 0.9597429753903614, 0.9599669465789942, 0.9606778574310662, 0.9602484759175444]","[-23.94035776597706, -21.70233371724037, -20.836002376931383, -20.857027947037828, -22.045330398770737]","[0.2868340125068165, 0.30049889637770005, 0.2973372614729079, 0.2806192617930191, 0.292681209042758]"
629,"[0.9619167786459344, 0.960382586562102, 0.9607072056444398, 0.9630544149473885, 0.9612014513238091]","[-23.57118290091958, -21.32214371231667, -20.456723243232197, -20.52576360294589, -21.668975565544645]","[0.3333230482916797, 0.30669142243783043, 0.3116494526252188, 0.3279619998359814, 0.32039123553625326]"
630,"[0.9467050491219535, 0.9455486432580678, 0.9458075190484919, 0.9482942879631594, 0.9462317992682004]","[-23.508440438532688, -21.287463330231255, -20.416855288667872, -20.417590970179273, -21.620156697259002]","[0.2712428548783095, 0.30547446733106204, 0.29833840447418725, 0.24163344066127732, 0.2870079757383264]"
631,"[0.897895969703532, 0.8969841447502473, 0.8969243112240206, 0.9023320901208988, 0.8971547694271605]","[-23.572115669190477, -20.938621098638276, -20.158140423752123, -20.705254510164163, -21.50223681438326]","[0.4550367898240375, 0.4713708326918287, 0.4671042793366133, 0.4552168744815965, 0.4608010653309707]"
632,"[0.8970764608487739, 0.8966031475380927, 0.896684066562945, 0.90025126633154, 0.8968059047636688]","[-24.10163284137394, -21.90818493322023, -21.04033818415112, -20.84883420636398, -22.238795081494704]","[0.3014539739440964, 0.3201295929648641, 0.31551092739151704, 0.302011448614985, 0.30907073444030775]"
633,"[0.9119145039093428, 0.9105662563699927, 0.9108112398200051, 0.913747205333815, 0.9112522038662474]","[-25.20102546373375, -22.87557229091855, -22.026709836411953, -22.23304103388009, -23.26460313721865]","[0.4835506614117363, 0.5038732792876782, 0.5041204567573665, 0.4488900505701634, 0.5005417038450698]"
634,"[0.9189855776053286, 0.9177131805765176, 0.9180048579916815, 0.9195248648701516, 0.9184425197489933]","[-24.638948680393376, -22.292183547962793, -21.451243840136236, -21.621079661668066, -22.698236090919362]","[0.23249121440926765, 0.28065931855156906, 0.26980850123713596, 0.21489481102431654, 0.2541607907079921]"
635,"[0.9343978633753259, 0.9335639787947954, 0.9337679697307131, 0.9346001217934458, 0.9340700251802282]","[-24.858542814726242, -22.56154525553265, -21.70721482494155, -21.848566505399184, -22.935939332134456]","[0.556680852538907, 0.5671121005291981, 0.5669345057978004, 0.5280347405517478, 0.5658094423652061]"
636,"[0.9268533232424102, 0.9262803195447192, 0.9264625852411688, 0.9270069475717106, 0.9266617364883489]","[-25.435174038789604, -23.120372723161758, -22.269640484254772, -22.447726744461168, -23.50419907011757]","[0.5114244047889988, 0.5420055510515729, 0.5342529397127911, 0.4686949866818327, 0.5246150897431028]"
637,"[0.9481460193248843, 0.9472113592775453, 0.9475650955596042, 0.947642494158536, 0.9479434380006869]","[-24.389102059151202, -22.11938838021007, -21.25835981541131, -21.367040028608393, -22.477487820791534]","[0.6236301331403399, 0.6094232722492543, 0.6123154427582509, 0.6702822971496976, 0.6167078659330174]"
638,"[0.9389303917830851, 0.9391857317281069, 0.9391768147235492, 0.9377406716552602, 0.9390960132391879]","[-24.668071101338565, -22.364094452092093, -21.50965340253669, -21.69812344621396, -22.739830234667014]","[0.4003788392258615, 0.37827704408161317, 0.3823695727703428, 0.42928682550924696, 0.38938062644740695]"
639,"[0.9481990872204217, 0.9476567315506085, 0.947900392318998, 0.9476842008967918, 0.9481472531178988]","[-24.824364371356612, -22.543943720344682, -21.685991853915663, -21.798675665567238, -22.90913474164535]","[0.5248198192829052, 0.5266615846163993, 0.526291904100987, 0.4912595895582343, 0.5257594827782017]"
640,"[0.9473266418846125, 0.9473446109025153, 0.9473467627602349, 0.9463654693984807, 0.9473655778663941]","[-24.91827233809009, -22.629562761725285, -21.77269605789883, -21.914879908850743, -22.998222572907046]","[0.42624611493091646, 0.414777951405692, 0.4173389045361823, 0.4567716749168453, 0.42114606607607413]"
641,"[0.9523242682888584, 0.9518394970952143, 0.9519720348271576, 0.9524281086641921, 0.952137083309619]","[-24.788865534065902, -22.50777320355691, -21.64978502308329, -21.767408549634602, -22.873043651205602]","[0.5241363502804447, 0.5471069165621388, 0.5422654516825832, 0.5419624564025436, 0.534448117619118]"
642,"[0.9545932534377508, 0.9542696512903945, 0.9544618662857519, 0.9540805174857038, 0.9546562130682996]","[-24.3205191628619, -22.06773055362939, -21.203064690347425, -21.280139606017336, -22.416543785363093]","[0.4512850047404802, 0.45181658194513497, 0.45197064454362484, 0.44961147239915905, 0.4513640564603943]"
643,"[0.9486276260734872, 0.9481345741350039, 0.9483326210803834, 0.9480725393818115, 0.9484770908694354]","[-24.816471119424353, -22.49986293260985, -21.649106077026335, -21.839498560453542, -22.884051854540598]","[0.29573041032824887, 0.3013908762367555, 0.3006280370791863, 0.2911600873888101, 0.2988443389239206]"
644,"[0.9495030303417702, 0.9496311757379206, 0.9496914985170892, 0.9483721952443719, 0.9497021817430126]","[-24.648259865191513, -22.380480999050107, -21.519123269501943, -21.62238204027522, -22.737666066450696]","[0.4919088428866443, 0.5366400035569693, 0.5312666274861917, 0.4562093490499768, 0.5162719197814866]"
645,"[0.9489850130920773, 0.9500125991616333, 0.9499058617605673, 0.9467403552088008, 0.9495987309186172]","[-24.698047931838932, -22.41741354579408, -21.558368384642872, -21.694745076645525, -22.78094878628405]","[0.2628670398832961, 0.2552271406235834, 0.2569419066896237, 0.2731698026626873, 0.25959249287184394]"
646,"[0.950057199263181, 0.9492496020628977, 0.9495331091992308, 0.9497011371432923, 0.9498653130171157]","[-24.7887727417674, -22.50900424219301, -21.650038648879278, -21.779238712571274, -22.87248488200561]","[0.4369162645152829, 0.4511867856956082, 0.44875499609939334, 0.42764578284105415, 0.44449717329402627]"
647,"[0.9495319589708823, 0.9485760092594395, 0.9488584403626715, 0.9489750110786104, 0.949183521963998]","[-24.90719943053503, -22.655688706488206, -21.791233106895586, -21.856554823874458, -23.004532127356015]","[0.34687412974517773, 0.3343334252113757, 0.33686146562049407, 0.36452435423712326, 0.3409443792074682]"
648,"[0.953491493694302, 0.9524039928334769, 0.9527103529171771, 0.953883810037366, 0.9530654921897896]","[-24.70496184146731, -22.415126384339036, -21.558788158088912, -21.697010955529656, -22.78486175538039]","[0.5014411345065062, 0.4692803347531271, 0.4773594442255977, 0.5155883461818471, 0.48706591992601134]"
649,"[0.9459991296334961, 0.9460451508932624, 0.9461766179139236, 0.9441220086847244, 0.9462270269716127]","[-24.880256301348826, -22.593997226005353, -21.73779133327864, -21.851244795872134, -22.963139856075966]","[0.4081217691469391, 0.4315613347846836, 0.42519895016076426, 0.42669284304544175, 0.415851608177182]"
650,"[0.9528561913930462, 0.9527169213674677, 0.9527616452232108, 0.9519172459775334, 0.9527942598072273]","[-24.6433100402795, -22.354752127036605, -21.498074989143113, -21.635369607430952, -22.723672968629625]","[0.4523632352690591, 0.476987794297865, 0.4717673733968541, 0.42610754458853606, 0.46358739483471095]"
651,"[0.9526758799546055, 0.9521857062946311, 0.9522995633574709, 0.9521401068749383, 0.9524919415466392]","[-24.51426123094761, -22.247519623908357, -21.38591203001097, -21.487834103442395, -22.604082647664605]","[0.6158886597050386, 0.5969430588026339, 0.6008908219418698, 0.6555828983423504, 0.6071054899584387]"
652,"[0.9523113525212475, 0.9514525958550096, 0.9517367319707327, 0.9519511915053305, 0.9521003841111206]","[-24.745377111356756, -22.46997690970641, -21.61095445640342, -21.71443598317361, -22.83241545079681]","[0.587925725842756, 0.5816850834997965, 0.5833777114962788, 0.5793685282042764, 0.5858643652323109]"
653,"[0.9528232342991882, 0.952088383356516, 0.9522123996975794, 0.9524979924451714, 0.9524707475844327]","[-24.62086958252492, -22.371609475288437, -21.50653197636493, -21.570294991392483, -22.719010160144503]","[0.4307270329996964, 0.42533089546180625, 0.4254599040834014, 0.4224652155826285, 0.42751281590717516]"
654,"[0.9549920906994329, 0.954565830819229, 0.9547645818923075, 0.9544960136426991, 0.9549031699966407]","[-24.684053916285244, -22.41170800562166, -21.552324774252742, -21.644222477895, -22.77292879769842]","[0.4726987580326592, 0.49869186756922873, 0.4942496482424888, 0.44619892418294904, 0.4855083347300706]"
655,"[0.9481575840980271, 0.9478421514506264, 0.9480148533752987, 0.9478917538530492, 0.9481040369538113]","[-24.734642561252027, -22.47264007818187, -21.611309503376418, -21.678995654316388, -22.828583105576524]","[0.48250590341996313, 0.5275649350597106, 0.5193896702254629, 0.42849060454189425, 0.5069793166083212]"
656,"[0.955964086930964, 0.9558053963714094, 0.9558938026313455, 0.9549585026267087, 0.9559653110267393]","[-24.632906541077098, -22.292679937102427, -21.446271532639187, -21.695308421476852, -22.688711889217767]","[0.383313693226842, 0.39901049629623664, 0.4002406065800304, 0.3520947421196409, 0.39432946336500996]"
657,"[0.9515460242077088, 0.9509726830194137, 0.951220949060028, 0.9512452669654768, 0.9514542133481529]","[-24.632067839522044, -22.353338845740655, -21.49531698459694, -21.599077516994857, -22.71805000185779]","[0.6917448912375146, 0.6873899584080502, 0.6909044339185707, 0.6811585103305923, 0.695198522048621]"
658,"[0.9527907269734261, 0.9523152674971307, 0.9524976076089686, 0.951960656821209, 0.9526815491624183]","[-24.51835784012773, -22.24554827928663, -21.385774169922506, -21.48822935352786, -22.606262171472583]","[0.4917080336344604, 0.4610184338136364, 0.4671514261101002, 0.5423361314942732, 0.47708335843551625]"
659,"[0.9569434965402495, 0.9567481317950592, 0.9568411079028305, 0.9567583036044164, 0.9569584680312817]","[-24.379494225713028, -22.104064459407017, -21.24483716573038, -21.35245814767869, -22.466200811439606]","[0.36858685614804776, 0.37098459109821136, 0.37148617201085327, 0.3675238457365187, 0.37198349162847516]"
660,"[0.9547097514803933, 0.9542993443570519, 0.9545068995029518, 0.9536735545538663, 0.9546788809698132]","[-24.853097786197132, -22.55027141260509, -21.696847297324364, -21.856077482474003, -22.92733648646858]","[0.5386385691442059, 0.5553910595622995, 0.5499070158201715, 0.5199984205505708, 0.5458954557502274]"
661,"[0.9547091858206622, 0.9545662916397324, 0.9546361157830088, 0.9539677250527939, 0.9547000229349022]","[-24.659627044496045, -22.347853319719917, -21.495695645237454, -21.685023981035254, -22.72881387127364]","[0.3608950335508609, 0.3503691094665866, 0.35206910135095865, 0.39122417859883196, 0.35476047071026273]"
662,"[0.9534441904028925, 0.9531168596512322, 0.9532374045414151, 0.9528591144687486, 0.9534101260338246]","[-24.909788171614448, -22.63090499792465, -21.773551555403305, -21.86497123370059, -22.9966741887337]","[0.29879870259884483, 0.28335432100835656, 0.28626564075884386, 0.3293392955208333, 0.2911083987149216]"
663,"[0.9587763241174763, 0.9584413052228301, 0.958544567502248, 0.9583480604693996, 0.9586789336449411]","[-24.020017481697334, -21.78501592288679, -20.916791321079664, -20.955538550928317, -22.124454485874946]","[0.5749729186298631, 0.5595109851049588, 0.5636352871968672, 0.5780671515037265, 0.5702131414410725]"
664,"[0.9529190061567843, 0.9528901291653536, 0.9529506602759672, 0.9513841932378252, 0.9529954623853533]","[-24.61200030247535, -22.326127439507992, -21.46871529388297, -21.604280469312766, -22.693337637218068]","[0.41656711363295695, 0.4274890836776279, 0.4257290033251063, 0.39206250000130477, 0.4225828947665532]"
665,"[0.9526195272229695, 0.951649133792603, 0.9518624000284801, 0.9530058147977234, 0.9521397212704695]","[-24.144905019157875, -21.929992499753215, -21.057589561527028, -21.055848693302227, -22.258619808944587]","[0.5787707467228063, 0.5546451518402932, 0.5597420411064684, 0.5962320554559315, 0.5686787722432279]"
666,"[0.9526331240357769, 0.9524898912406896, 0.9525765496672168, 0.9515293590371766, 0.9527157797661783]","[-24.790869722966235, -22.48319046411223, -21.63026807618982, -21.809703194303346, -22.862095539028584]","[0.30820879339212254, 0.2999572451190997, 0.29890979788211236, 0.31421098942355075, 0.3008068702595991]"
667,"[0.9552552949823647, 0.9550260953562285, 0.9551785913454566, 0.9540224082528195, 0.9553230707155799]","[-24.729073633960176, -22.448260216986917, -21.59044455618986, -21.70269675404101, -22.813732798001855]","[0.29093863664581576, 0.3421326085098087, 0.3311761812807658, 0.27121137560471337, 0.3135725369730565]"
668,"[0.9551687050110756, 0.9542606073525055, 0.9544992062022378, 0.954485424509906, 0.9548653136867105]","[-24.533606167263443, -22.3002783437211, -21.432388609322224, -21.454871117257813, -22.63985860574217]","[0.4250674064145804, 0.3698267737498205, 0.3821432207195663, 0.4940426239836245, 0.40106584205546403]"
669,"[0.9560073372180447, 0.9561950557981567, 0.9561815564970544, 0.9552734526498824, 0.9561513955793162]","[-24.37396406923872, -22.101226459310293, -21.240870000160047, -21.354780138525715, -22.461022698001425]","[0.5921585731731115, 0.5803328414822863, 0.5827824433768833, 0.5949128130796544, 0.5868376428294357]"
670,"[0.9580294102580997, 0.9577923564928279, 0.9579241514561772, 0.9577713271829517, 0.9580545317898143]","[-24.16670539436552, -21.931140638549852, -21.063989907265917, -21.08595895200533, -22.272340918916075]","[0.6221915746576889, 0.605000861520189, 0.611329285597466, 0.618765746372792, 0.618053393959904]"
671,"[0.9553660145956954, 0.954264910736541, 0.9545445423117256, 0.9547566867383361, 0.9549795889332549]","[-24.442402103905504, -22.121987803873083, -21.271316763610336, -21.48477246689431, -22.507128117714185]","[0.4322842216516391, 0.4524997721363322, 0.45071485482770696, 0.4106981556778068, 0.4435289858795496]"
672,"[0.9552544528502973, 0.9542927029307618, 0.9545148991967594, 0.9546364568159259, 0.9548311521248696]","[-24.68146585095226, -22.406960787244415, -21.547998164164383, -21.64465628509426, -22.76929359428085]","[0.49036924433028395, 0.471514360899439, 0.4754002230920471, 0.4883814314925529, 0.48161578807156563]"
673,"[0.953350044785362, 0.9525560073122503, 0.9527102162560339, 0.9527560915570337, 0.9529642137518204]","[-24.404137655964668, -22.170502077999853, -21.30215104362713, -21.33522912439174, -22.509446541782864]","[0.6598500944786353, 0.5667784884020369, 0.5843407952660968, 0.7475012070123209, 0.6139077232898319]"
674,"[0.9582483390732106, 0.9572479494718705, 0.95755313898233, 0.9579265381753034, 0.9578945859746727]","[-24.42974954357111, -22.1214832919217, -21.26847937909909, -21.453664784444317, -22.500366315704248]","[0.28844251596441395, 0.29808238761693234, 0.29451232673700367, 0.28364798931506907, 0.2911398426403705]"
675,"[0.9589143757637544, 0.9584745223317477, 0.9586118889330201, 0.9580580141183965, 0.9588178273342491]","[-24.0446899786985, -21.775066730374487, -20.914565574438548, -21.012152856153886, -22.13396218516874]","[0.5275064872254053, 0.5380083157573283, 0.53554618179634, 0.48569922429411344, 0.5321725360008955]"
676,"[0.9392296422760782, 0.9400040278814454, 0.9398778872705409, 0.9383989505142506, 0.9396714985525717]","[-24.09264312461008, -21.795084902857155, -20.93987295325708, -21.103218523687023, -22.168233986253185]","[0.4179884414541785, 0.3802803575611097, 0.3879152873942817, 0.46282810631904897, 0.4006663300179051]"
677,"[0.9480834201609846, 0.9472640325158522, 0.947476341951818, 0.9475880742917727, 0.9477764711890002]","[-24.831057638014773, -22.540262866508073, -21.68443690964563, -21.817821493387054, -22.910992595713168]","[0.24225829759553047, 0.2514770194639164, 0.24961009355245872, 0.23837543201028663, 0.24658634583115027]"
678,"[0.952961612935314, 0.9527154578106256, 0.9527390285836246, 0.9522415428968926, 0.9528368102691919]","[-24.503251250351994, -22.214726101927173, -21.357630941654126, -21.50333476842315, -22.58299926519363]","[0.5354360009007725, 0.5177562912763543, 0.5214177119678624, 0.5816283946792001, 0.5264851932889473]"
679,"[0.8749531095462256, 0.8751299207389154, 0.8749579214137054, 0.8771672642118852, 0.874821129164775]","[-22.905618276284642, -20.631185918635914, -19.774725486577623, -19.822332389353882, -20.997360844795153]","[0.7966414188981867, 0.7971732842722449, 0.7971747571708903, 0.7852978651694432, 0.7970578590955643]"
680,"[0.910296867154801, 0.9095354697346608, 0.909690219983962, 0.9118504524128838, 0.9099551571180635]","[-25.009846347805837, -22.740178371714634, -21.881740156192908, -21.93919828943888, -23.10225171186868]","[0.3882706205116355, 0.360379311274432, 0.36611451256013794, 0.42313857757615303, 0.3752959457134098]"
681,"[0.9196411217519739, 0.9190111613870254, 0.9192194880845947, 0.9203134371907985, 0.9195188948099402]","[-25.328427606566965, -23.01693724322624, -22.167896597107337, -22.29005595078768, -23.402693833612297]","[0.4775012273661217, 0.48884247408415227, 0.4902308669266886, 0.4518281957596306, 0.4879388291080301]"
682,"[0.9231301016469475, 0.9221351738139077, 0.9223275584484635, 0.9237753874711269, 0.9226338296985594]","[-25.209784747492478, -22.877096930053565, -22.030311967667387, -22.237612312816122, -23.270939022955623]","[0.667791531083515, 0.7031465682756507, 0.6970719549379087, 0.6013110555276673, 0.6870989301338873]"
683,"[0.9329687919853159, 0.9319394703526197, 0.9321913419901419, 0.9335795093818402, 0.9325395289897274]","[-24.792149484861923, -22.472619084532415, -21.622301591187398, -21.821791530864818, -22.858119642056142]","[0.5274859072799218, 0.5431785297884182, 0.5394938415142477, 0.515472715468463, 0.534664113929255]"
684,"[0.9262950817514497, 0.9260118615041766, 0.9261954457297276, 0.9260170491103223, 0.9262963210613091]","[-24.77917131362398, -22.483325677488647, -21.628181545045532, -21.779231132669548, -22.856206857799013]","[0.4101822275174452, 0.39997091743244984, 0.40199237784181524, 0.427842117968132, 0.405279849892258]"
685,"[0.9296421812596576, 0.9293605942152428, 0.9294437122337804, 0.9294379277721774, 0.9295648310623232]","[-25.162562275042056, -22.867308717859004, -22.01324820295981, -22.138090837730743, -23.241750641333844]","[0.34519686513917774, 0.34042544992877793, 0.34143460904291145, 0.35696870902960665, 0.34298554505498524]"
686,"[0.915120190157612, 0.9152203786212358, 0.9151601961411607, 0.9153407173696945, 0.9150989872252543]","[-25.257539263669912, -22.939106804351855, -22.090674071523797, -22.242905506545007, -23.327330602965944]","[0.35471032530910784, 0.38078031499444703, 0.37510506578045427, 0.3420574320675758, 0.3665521977496661]"
687,"[0.8895326891779063, 0.8871390181637396, 0.8873743945760401, 0.8981413746316608, 0.8880055173193748]","[-23.261523548371038, -21.107414048398358, -20.260569496573087, -19.648115221731057, -21.46033740971572]","[0.7658018071219904, 0.7642798754185381, 0.7578706287167458, 0.8582784097138901, 0.7558318053694084]"
688,"[0.9150823305093484, 0.9135518276780203, 0.9137794600506434, 0.9170709948369975, 0.9142250542024876]","[-26.11579906011323, -23.887737565330106, -23.021189092041705, -22.98951893242549, -24.228159076756967]","[0.5396919876724029, 0.5226542644535515, 0.5259782037032339, 0.4295289609971773, 0.5328693381891821]"
689,"[0.9259434138615958, 0.925128608030564, 0.925340270622396, 0.9264629428861826, 0.9256207633508465]","[-25.67326581145381, -23.4229042518973, -22.5600014092025, -22.589177428173553, -23.773841961178817]","[0.5421097913451851, 0.5497119258802359, 0.5489626115538074, 0.5173331357597157, 0.5475283852992198]"
690,"[0.9342593174578276, 0.9338620954440482, 0.9339260790625357, 0.9338909631300458, 0.934064163368858]","[-24.93280391154083, -22.69972966994417, -21.832026826166107, -21.849667870099488, -23.039535848215674]","[0.42246413695097146, 0.41229347280439965, 0.4183588177237266, 0.42194761525537483, 0.42166952012993747]"
691,"[0.9410269622271676, 0.9407995210406657, 0.9408799265599685, 0.9409656149787263, 0.9409053107609463]","[-24.83271152958171, -22.54956978124344, -21.692296977833692, -21.807940147790045, -22.916396276353716]","[0.2817865855787092, 0.278138814449767, 0.2789851123628315, 0.2846798931224837, 0.2802271280198171]"
692,"[0.9463502206405068, 0.9465611437698821, 0.9465553044229352, 0.9450129808192402, 0.9465402865348549]","[-24.753067092135964, -22.485086704241997, -21.62350397400246, -21.732411169711526, -22.841959757831198]","[0.41060196236578317, 0.4324398087647698, 0.42835866428572267, 0.3803970178426956, 0.42156491542842695]"
693,"[0.9338405945112375, 0.9343351462417381, 0.934275810600915, 0.9327298159477007, 0.9341316096743594]","[-25.12120159229834, -22.852630941285486, -21.992108078065385, -22.08369109373408, -23.21125473231187]","[0.1934951033945546, 0.19985608048622722, 0.19852345473533684, 0.18551399302773028, 0.19641815745627794]"
694,"[0.9511150920641648, 0.9510966272758082, 0.9511622581240579, 0.9497733526713196, 0.95126087278089]","[-24.906823745238377, -22.629314989956004, -21.770229712698274, -21.8878503438679, -22.99210371488921]","[0.20874522786862199, 0.2399363935778616, 0.23289118684989416, 0.1739816242171964, 0.2224858029701506]"
695,"[0.9479011176425223, 0.9477787695170826, 0.9478131027016189, 0.9478417978248115, 0.947827468626465]","[-24.86982588338133, -22.59307613555545, -21.733899283017497, -21.848826280308852, -22.955570608308843]","[0.27544752538184547, 0.2333779569596108, 0.24106886544818856, 0.34812016554414577, 0.25413045440284676]"
696,"[0.9469408554266352, 0.9465423914519714, 0.9466315255957113, 0.9462220233669749, 0.9467599904138603]","[-24.981104191299803, -22.774199784867882, -21.90099981699449, -21.86769730734041, -23.09983789929984]","[0.48388554162496633, 0.47585689402373593, 0.4776294120718213, 0.4789519211669419, 0.4807968878618386]"
697,"[0.939107053003664, 0.938975457640137, 0.9390987651878994, 0.9385209319145108, 0.9391566100950779]","[-25.395609293686103, -23.109978538714365, -22.252509306015597, -22.38783755935306, -23.477043986076357]","[0.3099045213327373, 0.3018033035822533, 0.303391830528174, 0.32214039462046123, 0.3060189042815986]"
698,"[0.939475690129481, 0.9387795136837944, 0.9389375755670047, 0.9392728889359008, 0.9392180107202538]","[-25.22720462752189, -22.967096218235966, -22.105453926252817, -22.167902881073605, -23.322144271544538]","[0.4305334885954045, 0.48023518680563587, 0.4695222898837084, 0.37587619110469883, 0.4527356307325195]"
699,"[0.9302789344443323, 0.928021618712944, 0.9283929789236564, 0.9330221537219326, 0.9290840582830029]","[-24.853228372156234, -22.85274262130079, -21.951934110205315, -21.34217707350826, -23.088578723325607]","[0.819358451321222, 0.791742519353937, 0.7970795611369468, 0.804433765323901, 0.8077137613282317]"
700,"[0.9317025959109817, 0.93129172402484, 0.9313687450599878, 0.9325909521757522, 0.9315035664662924]","[-25.728150755599835, -23.48470540880336, -22.620392031243757, -22.63530652911746, -23.831975752109614]","[0.4558282591329286, 0.4508726665788839, 0.45273363488968443, 0.41574526599391964, 0.4554701172263025]"
701,"[0.9380863189933374, 0.9384348493672788, 0.9384743433436546, 0.9362251817070201, 0.9384055460922774]","[-25.6950442133693, -23.448239037827868, -22.585082735378062, -22.598280039780114, -23.79803230928403]","[0.40402741241599865, 0.40527873952000504, 0.40572004069158085, 0.3963423610558416, 0.4063070731130764]"
702,"[0.9404419036075513, 0.9396046959104477, 0.9398249003990166, 0.9399832748423307, 0.9401423954530052]","[-25.622372678954534, -23.383155670394117, -22.517905187045837, -22.52574984623981, -23.728078934806554]","[0.47805329309058275, 0.4687736021049076, 0.4713585438807684, 0.4664508769528568, 0.47543204236496656]"
703,"[0.944438516775804, 0.9434859316599723, 0.9437908618892419, 0.9444809121774586, 0.9441242619907372]","[-25.520307603102975, -23.318563597119397, -22.445097643524647, -22.38781556549531, -23.6426305729866]","[0.6519640079395914, 0.6411820481163482, 0.6439413213368543, 0.6554329032408969, 0.6479350567061192]"
704,"[0.9321049660740109, 0.9310501750429264, 0.9313477844694262, 0.9338438851492181, 0.931642680589313]","[-25.80811998868982, -23.592643761698692, -22.724418117514883, -22.652478983148203, -23.92770264649219]","[0.3597575127871133, 0.3335393073708438, 0.3406963657128157, 0.35988731940646934, 0.3492720114931856]"
705,"[0.9306874230168264, 0.9296316588157716, 0.9298164921847104, 0.9314965440565511, 0.9301723654878925]","[-25.72102959346068, -23.451454772027553, -22.59278327526366, -22.654174061469853, -23.813149418313515]","[0.24996969074278927, 0.24990937520742995, 0.2488165012514261, 0.25335686435133226, 0.25010117094355305]"
706,"[0.9337381097872732, 0.9319623282080745, 0.9323880654506078, 0.9353136518999897, 0.9330562849151955]","[-25.835694718070954, -23.595971760287075, -22.732396226511117, -22.712723583079942, -23.943535801375653]","[0.2795595558713919, 0.3172716392708406, 0.30934073246766863, 0.2677162983711411, 0.29646955255963653]"
707,"[0.9352666054654717, 0.9341076603672166, 0.9343981222407058, 0.9353694456976269, 0.9347861949124824]","[-25.52367051482051, -23.23578115790308, -22.380622202712022, -22.48240659006285, -23.606921820077034]","[0.5416034094368576, 0.555573472472848, 0.5516521972955813, 0.549117493093833, 0.5457088322449856]"
708,"[0.9344717583305622, 0.9334169400931054, 0.9336291832557041, 0.934578292742395, 0.9340203392789278]","[-25.751500777617686, -23.50341839921952, -22.640440361712052, -22.6572519255742, -23.853778577219902]","[0.4284247291462735, 0.42780768278139875, 0.42897033811988444, 0.42591197295795746, 0.42871307426069577]"
709,"[0.9301882318871955, 0.9308683503804324, 0.9307281516542724, 0.9290167792572879, 0.9305226362844883]","[-25.710577170043493, -23.497220343779635, -22.634649966797827, -22.460552100003756, -23.84036028700934]","[0.41696018868385604, 0.32042147095765133, 0.32135760223132, 0.5615916017792246, 0.35012030866634025]"
710,"[0.919296395224218, 0.9182377328413538, 0.9184679903857847, 0.9197428991253601, 0.9187916386457465]","[-25.728222008700794, -23.51038954837019, -22.64101609716161, -22.601677611961776, -23.84424743907789]","[0.35419209323712186, 0.37302709543256074, 0.36850036787027657, 0.326055524556831, 0.36337917874624975]"
711,"[0.930033159263813, 0.9293954283983739, 0.9295434994731939, 0.9304872940003345, 0.9297817551849634]","[-25.733206021666984, -23.380659230054302, -22.53975952525551, -22.74487113603197, -23.78800140356724]","[0.35582716120068664, 0.3769074034058444, 0.3747322019310099, 0.315677531473443, 0.3711265233572918]"
712,"[0.9305696167385666, 0.930022605183073, 0.9301401331871038, 0.9319691630706262, 0.9303078071879733]","[-25.85268694209695, -23.571766673865415, -22.71654525383308, -22.778332404990845, -23.94126611668841]","[0.3503651087448626, 0.357952609312755, 0.3564300116998635, 0.3569045511278668, 0.3528547577306345]"
713,"[0.9249947154084299, 0.9251501149103913, 0.9251546026099442, 0.9240926850514334, 0.9251134607175491]","[-26.165258285718437, -23.94644122888811, -23.080887253122064, -22.982105362574043, -24.286295413979936]","[0.3764940380032198, 0.3744054449512217, 0.3819515053130119, 0.3208186733225738, 0.3881306620262608]"
714,"[0.9229206216305084, 0.9237248764300878, 0.9236036472223382, 0.9217651173290164, 0.923361893956951]","[-25.96921206402409, -23.705891077399926, -22.84678798267551, -22.87986698107768, -24.065516814193376]","[0.32517253127069096, 0.30703421173270806, 0.31237979911094915, 0.32312900365080555, 0.3199954214623775]"
715,"[0.8977757803604633, 0.8944048505626934, 0.8949460326739223, 0.9033324877167122, 0.8959461481791037]","[-24.509003805576867, -22.273905857160397, -21.41201166135931, -21.33810820299891, -22.623005018224173]","[1.0123890047173303, 0.9369365890477341, 0.955211463580125, 1.0354114385048643, 0.9841402092843891]"
716,"[0.9258912484361141, 0.9250958000603556, 0.9253040275769615, 0.9258956637869533, 0.9256126044238493]","[-25.849434349338786, -23.592331442536132, -22.730691196021642, -22.77554811165657, -23.94671655088247]","[0.43160799515396375, 0.4356162131177234, 0.4365969630319483, 0.40881357199590995, 0.43722672263155193]"
717,"[0.9287010543317356, 0.9274177482403796, 0.9277279120443696, 0.9301225719571107, 0.9281957358260917]","[-25.87926803099884, -23.594871562638893, -22.739320479391576, -22.82805969997958, -23.964634952424735]","[0.3022832495979285, 0.2816718058794981, 0.2855784496033995, 0.31753504472014576, 0.2920307911306693]"
718,"[0.9296160700052534, 0.9295138774709202, 0.9296335464335391, 0.9290790216658056, 0.9297308740537431]","[-26.128965909475436, -23.868621250404455, -23.008622353682373, -23.041200872214453, -24.226238902159967]","[0.2680099610311573, 0.24166128652659552, 0.2435043258130213, 0.3550367984843799, 0.24995043761409866]"
719,"[0.9238513829052033, 0.923187407898347, 0.9233366037183971, 0.924034752145769, 0.9235616569878152]","[-25.998016725685986, -23.692356819169106, -22.841903740172786, -22.956989563395954, -24.07467035348922]","[0.3103997921113161, 0.2838615426843685, 0.2898805515747457, 0.3513284954809621, 0.29968488498750406]"
720,"[0.9243483681864263, 0.9223593470581686, 0.9227562716022212, 0.9269096873907039, 0.9234606480556747]","[-25.765023176202693, -23.45363823702367, -22.603914210021582, -22.7394072186703, -23.838323559829732]","[0.37350522361662575, 0.41231161210443285, 0.4036826535027439, 0.37444567758630626, 0.39017023819861546]"
721,"[0.9276672159886549, 0.9272441888012053, 0.927286907504829, 0.9283248341905731, 0.9274073118344416]","[-26.118228414866856, -23.847672692838817, -22.99019581213029, -23.034436268423324, -24.211437102064785]","[0.3857761534182384, 0.35704773690457564, 0.3644554018576145, 0.39915316839424075, 0.37667033449522136]"
722,"[0.9232881873080102, 0.9229157238204665, 0.9230515471430916, 0.9226832412659451, 0.923190556427695]","[-25.97697202557371, -23.71184437523215, -22.854508793063815, -22.864856306333596, -24.074622229433643]","[0.6780600298688578, 0.554593601632019, 0.5983278462095449, 0.48186278850115216, 0.6578948416548036]"
723,"[0.9335848318237626, 0.932571289985219, 0.9327602041141496, 0.9336903381270085, 0.9331267737527859]","[-26.179367251637782, -23.903574861143497, -23.047318056775268, -23.09889671172107, -24.270362170314478]","[0.2720800216603669, 0.22969572029396876, 0.2383795118360027, 0.3342907739839208, 0.2522043696667909]"
724,"[0.9347767782324324, 0.9340996587159255, 0.9342964512318642, 0.9341637334947658, 0.9345958589722566]","[-26.013277847461403, -23.724946418299456, -22.87067023640609, -22.957992528396996, -24.09751490171662]","[0.34088391239485316, 0.3338325358134441, 0.3353113973605408, 0.3546959199804575, 0.3383878962070539]"
725,"[0.9332036498432221, 0.9323214421246822, 0.9325033243375438, 0.9329879934682086, 0.932859488984251]","[-25.82288992561935, -23.551488497904817, -22.69394951000406, -22.744299541975014, -23.91534711792683]","[0.4165688449458807, 0.4340855855334661, 0.4289749003701047, 0.38898744796609497, 0.42042803974007914]"
726,"[0.9357129083698678, 0.9340724533518187, 0.9344305262413553, 0.9372011105837504, 0.9349844154595117]","[-25.93717487763498, -23.68009507247511, -22.81879133735688, -22.856910690718774, -24.034986439034906]","[0.3168469474351294, 0.3059144038415052, 0.30784669626684086, 0.3359591710475033, 0.31177542432878225]"
727,"[0.9217050269490598, 0.9231465870904586, 0.9229083387217221, 0.9199944785119931, 0.9224560233883795]","[-25.9685133873394, -23.663064182419703, -22.811466485321823, -22.948903046835635, -24.04353640106805]","[0.28899564150644147, 0.28644331155235947, 0.28681621814214, 0.30860459480459895, 0.28760302814586064]"
728,"[0.9103817972698637, 0.9092630203753982, 0.9094322944676378, 0.9131098423803551, 0.9096692040008159]","[-25.36496889705853, -23.055395220845632, -22.21347142684063, -22.189182520678482, -23.45189716504742]","[0.6536205173186771, 0.6461214081206252, 0.6471797689354523, 0.6609582471495669, 0.6491952425679496]"
729,"[0.9348117753380277, 0.933813121271392, 0.934005012455055, 0.9354919988496749, 0.9344094232749843]","[-26.09107637274889, -23.863592890510514, -22.997798459989887, -22.949519052003478, -24.205041205180528]","[0.4214983198292193, 0.43517100710921613, 0.4324072003370361, 0.3874393517812939, 0.42833980521204607]"
730,"[0.9342974554626347, 0.9339720776250889, 0.9341146282673359, 0.9338446140592062, 0.934149014017842]","[-25.951764059181553, -23.68544907448752, -22.826585536585537, -22.872318240955746, -24.046126962636748]","[0.5028718965748713, 0.5891669232793565, 0.5799593055980699, 0.3475231266910642, 0.5532926802148833]"
731,"[0.9377729647285936, 0.9370210750633988, 0.9371961479295932, 0.9376977160512072, 0.937420275520485]","[-25.945743621942487, -23.64975549836226, -22.796779066992045, -22.9041893765359, -24.026033727782306]","[0.3625989167110571, 0.34671329585504074, 0.3499690825034788, 0.3794151571732801, 0.3551876706591927]"
732,"[0.9290033172609594, 0.9286498503652986, 0.9287014435037477, 0.9299936503748987, 0.9287376592023612]","[-25.758512417580544, -23.44054435379554, -22.59116289791603, -22.760739207649113, -23.827177197241795]","[0.2676329889028775, 0.25506167924828654, 0.25683987630125693, 0.29167479563123866, 0.2606409921704353]"
733,"[0.9253562085540828, 0.9237418563081, 0.9240381784076817, 0.9271034650029301, 0.9245549048192342]","[-26.106490287008334, -23.822602955391154, -22.968768616846468, -23.020633086672564, -24.19492411068431]","[0.4672651097571912, 0.4167019948043539, 0.4284107091471199, 0.4858437469577953, 0.4500511816529544]"
734,"[0.9365568940611726, 0.9353826343666485, 0.9356602136372878, 0.9362892758185031, 0.9361048379012603]","[-25.890149275158656, -23.65637924185887, -22.790250405008486, -22.783186605005785, -23.998731316611675]","[0.2817443840365962, 0.28650191181928975, 0.28544806649942867, 0.2922691675865091, 0.28384640817512546]"
735,"[0.9269959640552891, 0.9276702506001869, 0.9275095652030166, 0.9263410311801153, 0.9272260942004643]","[-26.081983080268014, -23.78569458276256, -22.933224561101348, -23.032468956937947, -24.162827445872637]","[0.35811581128728653, 0.3427331684293037, 0.34723517688232763, 0.4165929069288074, 0.35231545538653597]"
736,"[0.9334782302426647, 0.9310747791744437, 0.9315959035842146, 0.9354160036150513, 0.9323746978046418]","[-25.924522742753247, -23.674670143549644, -22.81234823052137, -22.827529674737967, -24.026386836628422]","[0.3938224282615938, 0.39388676481225593, 0.39490488282539155, 0.38819556021760937, 0.3952157248726883]"
737,"[0.9242395247713168, 0.9238639805126544, 0.9239307754857925, 0.9242089256931764, 0.9239911256249735]","[-25.822681576321912, -23.505482247570043, -22.657311493188292, -22.7963366798217, -23.893826048982483]","[0.5149380856327278, 0.544259966283719, 0.5395467495345587, 0.4220949153879201, 0.5302390904623759]"
738,"[0.9314621215065277, 0.9304978837216832, 0.9305846658290859, 0.9325294682619784, 0.9309299270566301]","[-25.939945549825165, -23.62186194256323, -22.77292965626805, -22.933391181366094, -24.009230474954183]","[0.40428675694407706, 0.3863329109066497, 0.38935492818113887, 0.4232451384081108, 0.3949913016128573]"
739,"[0.9254212226600126, 0.9248878949140508, 0.925021880957129, 0.9268367488623521, 0.9251769522158089]","[-24.90837950844878, -22.63685826400973, -21.77713387367728, -21.87097861324687, -22.997362044363847]","[0.49824075272173063, 0.5061018432741792, 0.5044463493011253, 0.4886593270698383, 0.5018624510382584]"
740,"[0.914260713507145, 0.912946714500188, 0.9132136020275653, 0.9163823843408039, 0.9136762378957425]","[-24.574081731533077, -22.257226408525216, -21.407531926982784, -21.576429689825456, -22.643125521532948]","[0.5335389427818975, 0.517227266744293, 0.5225771174458039, 0.5553282404785722, 0.5269565269788214]"
741,"[0.9204240479641577, 0.91908160113741, 0.9193037046447526, 0.9219007607027698, 0.9197141894088987]","[-25.411640623085958, -22.967193673420244, -22.14538327328665, -22.50965059438349, -23.424274283197676]","[0.0907336139212677, 0.08689746158478685, 0.0874346629792452, 0.13781863418796558, 0.08838437767187106]"
742,"[0.9477845393538235, 0.9480061758698026, 0.9480484917448844, 0.9468128577564815, 0.9479526293838075]","[-25.31656940931362, -23.040344700067347, -22.18149410524546, -22.286457789441904, -23.40322892347145]","[0.2818935063629929, 0.2732050739641989, 0.2763184399453722, 0.28198409555377507, 0.2792075238831528]"
743,"[0.9409468527539262, 0.9402522219806206, 0.9404059072486056, 0.9406211739973093, 0.9406391794958582]","[-25.533315229284018, -23.275627006133263, -22.413446911855242, -22.471879709362444, -23.629327880277078]","[0.29850790136082345, 0.3270212802553299, 0.32112762071979506, 0.27592054596783455, 0.31167192573674335]"
744,"[0.9368848770079048, 0.9351342070488481, 0.9355444339851459, 0.9375793498029639, 0.9361665817772572]","[-25.67849213021044, -23.42846322939399, -22.56557658666368, -22.59249276054666, -23.779394852224396]","[0.41933140742703906, 0.4502070177573522, 0.4453267042992467, 0.3413928900728927, 0.43616382487137045]"
745,"[0.9291606195936831, 0.9285367797592706, 0.9286799429279239, 0.9294017858876947, 0.928907251453316]","[-25.879945230982823, -23.64516271717939, -22.77929073687026, -22.77344918615463, -23.9881247443426]","[0.26610135601514645, 0.2469274133075109, 0.24689310128035735, 0.29748038977278374, 0.2541410935750062]"
746,"[0.9357800768767401, 0.9350494598932495, 0.9351869087930363, 0.935932470681989, 0.9354388285712896]","[-25.14602582384016, -22.90723380190891, -22.041101707538832, -22.063042763143528, -23.250692282942317]","[0.2921855092059517, 0.29606794498406863, 0.2953853456866809, 0.2833322146316642, 0.2940756768156787]"
747,"[0.9356340545185519, 0.9354364323019722, 0.9355032289846157, 0.9360070280166808, 0.9355917580914691]","[-25.423066510306896, -23.1207147025276, -22.268000231411396, -22.409347114883655, -23.49878821213867]","[0.34541830834245063, 0.4301505953133564, 0.41292064816992097, 0.296680381257603, 0.3846201839365437]"
748,"[0.9336968502648073, 0.9334042109687694, 0.9336805971508279, 0.9326022403657922, 0.9339283342276655]","[-25.590388911059332, -23.339875593798602, -22.47615661268952, -22.52110826999134, -23.689647183877163]","[0.17823777027872453, 0.2006620666211158, 0.19611129206995337, 0.14244104101096805, 0.1887854788494403]"
749,"[0.8985059405341368, 0.895826921703375, 0.8961635362693668, 0.9046217304755442, 0.8968797493980317]","[-24.012256615416483, -21.7988184402543, -20.939386231015824, -20.718127219984773, -22.146747321634827]","[0.5785815217535267, 0.5849261390700558, 0.5829342070938002, 0.6118783526093515, 0.5774371905103075]"
750,"[0.92775143342707, 0.9267673588834989, 0.9269375226728374, 0.9288952180061885, 0.9272918345978173]","[-25.687139166563234, -23.42246643784819, -22.562470861125373, -22.620360905570053, -23.781051703609975]","[0.18012149338599934, 0.18033286739388507, 0.18004300260254594, 0.23313230077179234, 0.17950840009786662]"
751,"[0.945513806727006, 0.9448810876003162, 0.9451243216247622, 0.9450943305806309, 0.9453739522478813]","[-25.112608140615198, -22.854260585054426, -21.99132650984658, -22.06809003338667, -23.206959381169597]","[0.3087312033182997, 0.30862276614215695, 0.30867412852870624, 0.3084584451172956, 0.30901237170335466]"
752,"[0.9443526193388248, 0.9440842330004032, 0.9441853030973667, 0.9434937264941118, 0.9442655736116286]","[-24.98938096702209, -22.71634247415574, -21.856282535721295, -21.966024781147166, -23.076660853433406]","[0.22193208397915717, 0.24674988216000698, 0.24215574324341285, 0.21106117478690928, 0.23419387288217014]"
753,"[0.9225314226685138, 0.921635190981083, 0.9218614541642132, 0.9235519615798233, 0.9221924214333751]","[-25.147486918875956, -22.89588240818504, -22.032408939554237, -22.079267974347324, -23.246246335105617]","[0.4808986408274087, 0.4584628167722676, 0.46373983494792737, 0.49226078246223975, 0.4715414169334444]"
754,"[0.917039823479272, 0.9138349920476992, 0.9143930285868476, 0.9216571446348232, 0.9153990984075974]","[-24.241975517545654, -22.21274038804556, -21.30809236611645, -20.85706358111495, -22.450328548177744]","[0.7929786138970293, 0.7970960200512878, 0.7960777932829042, 0.7847019436612631, 0.7947616375973233]"
755,"[0.9337174403011499, 0.932763379994737, 0.9329684270407873, 0.9346810735771305, 0.933267619285553]","[-25.430284956186764, -23.153091610933725, -22.29544647984031, -22.382258190945745, -23.518063286602786]","[0.27965112508321505, 0.29522888188732305, 0.28813891536261954, 0.26993782018206636, 0.28329203576469314]"
756,"[0.9492609801868302, 0.9485816493387175, 0.9487957501233358, 0.9489547088825827, 0.9490794195343053]","[-25.049016191686853, -22.782564596719588, -21.921284363818778, -22.0147492730728, -23.139568382190053]","[0.41313360110644964, 0.36994831350331914, 0.37576993343108406, 0.42041389224056924, 0.3906986061968708]"
757,"[0.9408771580846021, 0.9405071973718125, 0.9406374182893472, 0.9411312191768211, 0.9407175485984046]","[-25.207043708098638, -22.945721310565425, -22.083676306032654, -22.161237060780838, -23.30041542605153]","[0.20074909426506002, 0.1931952763849202, 0.19427611736067232, 0.227009268697629, 0.1960837503768944]"
758,"[0.9340438710836144, 0.9334005261147328, 0.9335771646439587, 0.934725891789357, 0.9338200247392788]","[-25.389652845623033, -23.112957315441133, -22.254669608700848, -22.3514484274996, -23.47680566417145]","[0.36957313746758264, 0.31994858093318007, 0.32562089143287465, 0.4418331481513381, 0.3437715999975246]"
759,"[0.9502288817115004, 0.949551399535625, 0.9497283451289878, 0.9500013161121414, 0.9499850436269476]","[-24.880082896662717, -22.627959100645334, -21.76323333130205, -21.837331787966452, -22.976528538997233]","[0.21981898845063358, 0.20481240063077374, 0.20750652951523077, 0.24971448739043972, 0.21232576265050987]"
760,"[0.9492837548379236, 0.9488715976549718, 0.9489650871789971, 0.9491782295934056, 0.9491260009787765]","[-25.05713197495146, -22.80193436028895, -21.938507414081105, -22.006087514577334, -23.153165784265433]","[0.35430827175216484, 0.3335319858223216, 0.33793763529162035, 0.36889324009641067, 0.34421272352804516]"
761,"[0.9451927889555591, 0.9442043287845681, 0.9444430896244815, 0.9454204969412366, 0.9448072387959138]","[-25.284176369828526, -23.03475576800609, -22.171082482246966, -22.20898786391319, -23.384345108864995]","[0.40639190510068723, 0.40404990420571596, 0.4058874893747875, 0.36529078831405226, 0.40751759301835105]"
762,"[0.9277891235804812, 0.9250097757377173, 0.9256176475292435, 0.9302835586723777, 0.9265800993117378]","[-24.761574482455863, -22.48120175408109, -21.6247194503015, -21.70774087294148, -22.848636174739234]","[0.543356961009393, 0.58569368076915, 0.5778922889179592, 0.4788340879079815, 0.5658035876657674]"
763,"[0.9197727916055739, 0.9173390833364794, 0.9178116823994995, 0.9223415033356577, 0.9186323471283131]","[-25.256968616953337, -23.080331341599152, -22.20380445909864, -22.062121933202125, -23.394076195939398]","[0.5457002366363364, 0.526200496198222, 0.5299885578543795, 0.5832507049479664, 0.53630576354181]"
764,"[0.9440044071476715, 0.9431858417661944, 0.9434000670186581, 0.9436815865156318, 0.9437532405286803]","[-25.30202544950711, -23.02708727032601, -22.168002738996456, -22.26985587688271, -23.389326457587956]","[0.2282751010464929, 0.20667527777826525, 0.2065457653269949, 0.2909808759359474, 0.21392690998753752]"
765,"[0.9474686816970866, 0.946888336002358, 0.9470180053608029, 0.9472409025127303, 0.9472117174877809]","[-25.26349120688863, -23.020254987957443, -22.15489483205725, -22.188221356705046, -23.365895296587105]","[0.39497908422546013, 0.39794973308508075, 0.39747511082550274, 0.3831556869413761, 0.3968605620032371]"
766,"[0.9508441017299252, 0.9502226083246683, 0.9504046848255872, 0.9508068985972173, 0.9506727459971652]","[-24.702923983345485, -22.42226294390106, -21.563606995652275, -21.692101604601152, -22.78640653440489]","[0.503334149936416, 0.4903597830955839, 0.4926173765927089, 0.5031011369003355, 0.49560020884751765]"
767,"[0.946399456948636, 0.9460013818415663, 0.9461935220039235, 0.9462652707714386, 0.9463520419660715]","[-25.150314822275675, -22.88823019616734, -22.026659298475344, -22.099589083845515, -23.243828601983424]","[0.3834546602654468, 0.3984766603400158, 0.39512192007518493, 0.3827910014699568, 0.39056370422390185]"
768,"[0.9447997383536852, 0.9439700889415001, 0.9442092340195342, 0.9450487717195722, 0.9445524747517199]","[-25.09358080091081, -22.807916118336333, -21.95098564351468, -22.075377641311096, -23.175818018145456]","[0.4702976814962207, 0.43551223786933296, 0.4419430006068785, 0.50059884269119, 0.4527810516582689]"
769,"[0.9451489428197205, 0.9445270429548194, 0.9447492425170124, 0.9446755128393856, 0.9449648944455982]","[-25.1397875579313, -22.87602181844698, -22.014140772025844, -22.103222895526056, -23.231503667094653]","[0.4797943560869161, 0.49383770281232525, 0.4904418263441197, 0.4861897895705142, 0.4852297242596961]"
770,"[0.9481567188488362, 0.9475903144813554, 0.9477538955069432, 0.9481743182805755, 0.9479819473058472]","[-25.10976382288823, -22.861540493247716, -21.996427443620448, -22.05467861373333, -23.208646505426977]","[0.2720634480668269, 0.2777099936449117, 0.27654534905372197, 0.2668395698799839, 0.27465747311556693]"
771,"[0.9392896570447256, 0.9384547773917417, 0.9386175692266965, 0.9391798358328799, 0.9389767024759962]","[-25.432698373377907, -23.193819550661036, -22.32821786137901, -22.34064608034659, -23.53811348968835]","[0.34273320770442206, 0.36258601584249966, 0.3553186121909614, 0.358421440804938, 0.3486325660753291]"
772,"[0.9473174813919996, 0.9462011102438279, 0.9464309368354994, 0.9476155120565195, 0.9468319571781806]","[-24.804986283176124, -22.549815025505207, -21.686057132164198, -21.75962628747004, -22.90052849841376]","[0.4161354847469806, 0.4255579063225403, 0.4233689313315218, 0.40099275178380156, 0.4204433805960478]"
773,"[0.9450799107608497, 0.9435286740737665, 0.9439026916590645, 0.946340912822993, 0.9444265946776154]","[-25.333148091572532, -23.076825227517592, -22.21443719688801, -22.268658916321744, -23.429896130185377]","[0.48726788372623864, 0.46507621652639103, 0.4697100671041758, 0.46885933176544686, 0.47630625275377236]"
774,"[0.9438952658668402, 0.9427446684405654, 0.9430724342833241, 0.9440787975720264, 0.9434691481827437]","[-25.01171395297163, -22.763528126898773, -21.898505157361168, -21.954841906757515, -23.11075356835843]","[0.4400540270978871, 0.4320411314835997, 0.4332639601339663, 0.43789332450068513, 0.43657617331640974]"
775,"[0.9437845730699477, 0.9428432988295774, 0.9430905257449309, 0.9442050949678855, 0.9434259832021852]","[-25.07046451333258, -22.791543216788906, -21.932883622473707, -22.050523703316102, -23.155298260700715]","[0.3793176860728942, 0.4136429319795773, 0.4062896381163672, 0.3341238418664893, 0.3942265364972273]"
776,"[0.9447084895925593, 0.9446223639408109, 0.9447031642286214, 0.9440097296399976, 0.9447930510363779]","[-25.143477886128142, -22.87089303909339, -22.01177250632508, -22.099965744933716, -23.23255457788969]","[0.3588022473837027, 0.37789663878525825, 0.3739849733228815, 0.3342213328397073, 0.36755158523335196]"
777,"[0.9521966322970172, 0.9517398320838939, 0.951911258580566, 0.9523403608879013, 0.9520512486279614]","[-24.797389815219717, -22.5401987938169, -21.676594543626102, -21.759705352746405, -22.89160738349544]","[0.3593391159817393, 0.38700758241870453, 0.3815178577388067, 0.32497171239209927, 0.37104703500184744]"
778,"[0.9384441435451039, 0.9380796131915848, 0.938156752624774, 0.9388075149804115, 0.938291394439825]","[-24.38542450768025, -22.114249252636032, -21.254168541290902, -21.352818831175135, -22.47413288009164]","[0.6787046452588077, 0.6970964048036157, 0.6954109169529298, 0.651624564569084, 0.6891241703522938]"
779,"[0.9421254687213, 0.9404691731768874, 0.9408614133999829, 0.9431435685076952, 0.9414705581056737]","[-25.25379069880389, -23.010835818489262, -22.145179235225832, -22.182444457710726, -23.35595530706855]","[0.29790263316370175, 0.28693909951996105, 0.28874107813417677, 0.3139897117771436, 0.29221051279637655]"
780,"[0.9257711911912012, 0.9247693778920145, 0.9249889491990647, 0.9261991973029317, 0.9253226012227986]","[-25.244179270809934, -23.0160710060035, -22.148031908631154, -22.143222007689314, -23.354244136037185]","[0.29027976321522936, 0.2858168260198662, 0.28521038005675686, 0.3123640336422761, 0.2842792770927945]"
781,"[0.9477611337366233, 0.9467376674776683, 0.9469673582592352, 0.9480853908943596, 0.9473386631974663]","[-25.104594767476957, -22.845333305502937, -21.98269875435557, -22.05936091237319, -23.198678906325714]","[0.4111142276719253, 0.40408595345514936, 0.40624810601923456, 0.4204069543209669, 0.4087321544877661]"
782,"[0.9502928756706761, 0.9488600687742087, 0.9492295182840833, 0.9508753612022602, 0.9497006896398408]","[-24.888171277420646, -22.63854993338753, -21.773908003451545, -21.83148298441134, -22.986702916682095]","[0.5654422596734187, 0.5755543162533203, 0.5743734118312954, 0.5351383411300221, 0.571862026664982]"
783,"[0.9444113237527504, 0.9438912694154808, 0.9440303043979714, 0.9439300639406508, 0.944181376491557]","[-25.285462360559638, -23.023895105394566, -22.16228116548337, -22.2329164366504, -23.379315250517553]","[0.34367092854405956, 0.3371055846690199, 0.33915903703997513, 0.3431376252759699, 0.34147578424765734]"
784,"[0.9510934853791804, 0.9506941561157991, 0.9508113461924397, 0.9509941064946058, 0.9509483487606283]","[-24.787911165687206, -22.541460434294272, -21.676239593192413, -21.7261796954411, -22.888021944533797]","[0.2029155443994107, 0.21071477295477836, 0.20919734950360264, 0.18917334991241655, 0.20607020502171886]"
785,"[0.9453894748086207, 0.9450184829158658, 0.9451797589185605, 0.9438528837234951, 0.9454141766926316]","[-25.081034177213265, -22.818177388495258, -21.95748526341068, -22.017784283436278, -23.175284187924778]","[0.2933215710425893, 0.3072386850576767, 0.30449646998375646, 0.2916463660446318, 0.29853078203770766]"
786,"[0.9502082954981891, 0.9498537888895326, 0.9499946582461108, 0.9493152109431817, 0.9501400535461365]","[-24.48219277114539, -22.08198574660468, -21.24846702490516, -21.600473172429787, -22.511050225808027]","[0.7058063639175599, 0.7563678712647841, 0.7469444599551296, 0.6088707100999999, 0.7307256524180771]"
787,"[0.9501521055382056, 0.9497130835521442, 0.9498241708358901, 0.9502559166390557, 0.9499771068188736]","[-24.869138225987406, -22.58340380596152, -21.72659845833799, -21.848794732671685, -22.951531557515327]","[0.3640215061847964, 0.3752942721394371, 0.37016352269536196, 0.37508437407981193, 0.3648837368382692]"
788,"[0.9483522770439499, 0.9475466450602856, 0.947769895120238, 0.9484881115791001, 0.9480612658291879]","[-24.893354925393627, -22.657357383918928, -21.79019498312351, -21.814825888651573, -22.998641364990966]","[0.4739972254161734, 0.4484398857473505, 0.45370521136569253, 0.48585487406010774, 0.46229781545032606]"
789,"[0.9448776282639851, 0.9435242429245168, 0.9438084901271947, 0.9453894841237336, 0.9442797937505398]","[-25.27106302758002, -23.018241784779796, -22.15539856851101, -22.19761993998532, -23.36985290113654]","[0.35690736689180314, 0.386758248274434, 0.3794472161338706, 0.33159274098477315, 0.36859163089799435]"
790,"[0.9440430133492741, 0.9435580665850062, 0.9437429759997438, 0.944327820344061, 0.9439416173858769]","[-25.05796294587362, -22.77427622427056, -21.91736075143772, -22.02927418667967, -23.141774696602415]","[0.2509982314597969, 0.24932594328016666, 0.24966617204458688, 0.2578171317075839, 0.25027698233610157]"
791,"[0.9184967421902871, 0.9167810790910503, 0.917172073624964, 0.9200828199604317, 0.9177056126802773]","[-25.45213654684438, -23.156542621842338, -22.302374774559254, -22.4316560552105, -23.530886037718798]","[0.5542319681715446, 0.5494046887819313, 0.5506270584532765, 0.5339328826711055, 0.5522114119767815]"
792,"[0.9459865111869827, 0.9455577707300346, 0.9456898789645035, 0.9456489519897643, 0.9458559883293631]","[-25.11219770684444, -22.856417182926297, -21.993234817040303, -22.059478735960557, -23.208159752809262]","[0.20944010702836646, 0.19752950934163027, 0.20083389962059642, 0.2417605202382715, 0.20422350574796777]"
793,"[0.9483966678710272, 0.9477679396157102, 0.9479239447170079, 0.9485100581189045, 0.9481616860678295]","[-24.916837880978193, -22.689964202028584, -21.820730284899334, -21.830481047130252, -23.02606034280793]","[0.4819949253925041, 0.45133826178806885, 0.45766044951356877, 0.5369385121405613, 0.4676298356169017]"
794,"[0.9501871779986805, 0.9492769052244288, 0.9494764458155147, 0.9501747275628435, 0.949808202037526]","[-24.901223469268235, -22.639396513562968, -21.777642428105185, -21.852575433399167, -22.99465133813803]","[0.5297803419469943, 0.5214785509054349, 0.5217998759522694, 0.5336733033866672, 0.5217112428811331]"
795,"[0.9462424180662881, 0.9449099423563709, 0.945259153789515, 0.9466369702506628, 0.9457780388346922]","[-25.015605859961735, -22.794880050658307, -21.92492237117629, -21.91248467708663, -23.128499744691386]","[0.39423144916404884, 0.33757279531078155, 0.3489622400468807, 0.46767392609419367, 0.36781681239381714]"
796,"[0.9491664857622873, 0.9486757239079068, 0.9488117895768678, 0.9488283549050596, 0.9490418496417544]","[-24.744230449734925, -22.475716358307125, -21.614924224182694, -21.711419860373574, -22.83391736239927]","[0.282908337265794, 0.3033595796259152, 0.2990680618038088, 0.2531522691959307, 0.2927994459449]"
797,"[0.9492942592906958, 0.948221282621134, 0.9485266728182468, 0.9497962665943214, 0.9489273699889763]","[-24.87173583728414, -22.649717279875336, -21.77966823248741, -21.776312572787454, -22.983486850937627]","[0.6438987275885524, 0.6553945055781412, 0.6531545887751548, 0.6103128267741695, 0.6495780894289023]"
798,"[0.9520625651122333, 0.9517326379498693, 0.9518359238607539, 0.9516349447562019, 0.9519655185672152]","[-24.728222470936018, -22.47131905066225, -21.607936152354853, -21.684915635078863, -22.823002543006538]","[0.3751344866315528, 0.39681452305733517, 0.3924385373795458, 0.35447931049251324, 0.38544344534353703]"
799,"[0.9503807678353465, 0.949377997781519, 0.94966895868034, 0.9500344441597061, 0.9500746579937607]","[-25.132654930995876, -22.852816849799023, -21.99545545954507, -22.092764581242164, -23.2187862559918]","[0.24087940703283417, 0.22624462795603362, 0.22617102703830502, 0.27081447321600355, 0.23089756631262218]"
800,"[0.9513607755021426, 0.950922346432284, 0.9510693175096427, 0.9514304398923754, 0.9512423683256972]","[-24.886184994714267, -22.642722312612893, -21.777016056140976, -21.8180436274341, -22.987886972500025]","[0.4263042875088484, 0.37046099939735927, 0.38246026403677386, 0.4965118182796397, 0.4009826568699119]"
801,"[0.9466893011608669, 0.9464502855905292, 0.9465179901983254, 0.9467526604404665, 0.9465892077796095]","[-24.68219899923975, -22.417456167615036, -21.55536276379182, -21.654876091031923, -22.77283397288942]","[0.49945768897168813, 0.463618330704514, 0.47096863392479, 0.5303393903085912, 0.48286496139427554]"
802,"[0.9506784595698708, 0.9500536697841266, 0.9503199551885637, 0.9494836960216149, 0.9506376032267936]","[-24.726876956292124, -22.43976218214101, -21.58274889478767, -21.717977448681783, -22.807848298457635]","[0.33299704545750003, 0.32352876941475905, 0.32378146061149965, 0.35546584972190237, 0.32414533815329394]"
803,"[0.9481891470178229, 0.9460762934806417, 0.946664392661159, 0.9491759015655484, 0.9473777759061675]","[-24.773252581953916, -22.56472681116454, -21.691765505547007, -21.663393330340984, -22.891066690779645]","[0.2608136655676739, 0.25680007399331, 0.25770703882994767, 0.2752413222570229, 0.2590752576892577]"
804,"[0.9442558995740654, 0.9427770438984936, 0.9431651519524831, 0.9449313152114113, 0.9436912485651255]","[-24.869765927812583, -22.63117764901391, -21.76437992413565, -21.79726247938759, -22.973586035262084]","[0.46383263351181675, 0.4322442309691127, 0.4411097404783021, 0.4943686554505705, 0.45366170415409607]"
805,"[0.9498487043980517, 0.9491523960064835, 0.9493471990613193, 0.9499297909631104, 0.9496012683287032]","[-25.08487022861874, -22.814876086743695, -21.954865576355175, -22.04501830949234, -23.174599925450593]","[0.45762891152751967, 0.5051797119097124, 0.5000286271237109, 0.4183483924123215, 0.48350488911359607]"
806,"[0.9520647224090363, 0.9517680984581552, 0.9518621383514995, 0.9517311687817601, 0.9520063405728331]","[-24.916212832192073, -22.653393381943335, -21.79152031633715, -21.87459681316033, -23.008691828160423]","[0.3220052671317576, 0.32376865972035224, 0.32305571173173425, 0.3234532388555147, 0.32191885076742716]"
807,"[0.9489887653103547, 0.9488197497092107, 0.9489497924470853, 0.948463127861601, 0.9490499651274907]","[-24.72507106404019, -22.515831965933327, -21.64279905622342, -21.61985263366183, -22.84222061903493]","[0.5109576518734789, 0.5165116929415757, 0.515799601772829, 0.5137869936669435, 0.513618012626879]"
808,"[0.952865541565924, 0.9517287134616006, 0.952010748120111, 0.953174166804126, 0.9524392653053028]","[-24.406193853671798, -22.171566171182498, -21.303603265102577, -21.335173001336685, -22.51132574075323]","[0.44334701434731216, 0.40625119716827107, 0.4135882516062945, 0.4975364877769501, 0.4254234867559862]"
809,"[0.9485123573557024, 0.9483574325130569, 0.9484949938456531, 0.94810158776268, 0.9485760456841971]","[-25.056156804084683, -22.78556983951831, -21.92576433250033, -22.01556004097832, -23.145744590258104]","[0.5003878951586949, 0.558830117157377, 0.5479227805913304, 0.42622817322050677, 0.5295150185146261]"
810,"[0.951655936173381, 0.9505490908726907, 0.9508242778300583, 0.9516954989553832, 0.9512254095012334]","[-24.711260078641114, -22.466545238235597, -21.600589701077286, -21.65404272637559, -22.81159320266644]","[0.5751628952223204, 0.5230380697984095, 0.5336929386606032, 0.6361008813021308, 0.5509964917252149]"
811,"[0.9541741458984211, 0.953405035747525, 0.9535951996588392, 0.9542652141278146, 0.9538653011855441]","[-24.58426192289937, -22.336778600339336, -21.471067778791824, -21.536512345478158, -22.68280810605126]","[0.42057118615762845, 0.40223560388328294, 0.4060434561678244, 0.43839146316308497, 0.41231590980905514]"
812,"[0.951382311731487, 0.9507842705887671, 0.9509079932976023, 0.95180794489331, 0.9511512460909906]","[-24.489908864899636, -22.243819140596386, -21.37825534011091, -21.432271754271003, -22.58977883942615]","[0.52356696124828, 0.5241097207405038, 0.5239559009908371, 0.5231871619735751, 0.5237557646723201]"
813,"[0.9482707295329084, 0.9470656298116465, 0.9473742449028026, 0.9487637702351693, 0.9478262345075099]","[-24.53029573586324, -22.37074509792822, -21.48820485186803, -21.35279253359337, -22.67157468513777]","[0.4014506984481619, 0.4054867041491935, 0.4048073095406595, 0.39629109207871954, 0.40351848011941355]"
814,"[0.9528625487936795, 0.9521644886813362, 0.9523449285814235, 0.9525182346348389, 0.9526012093883591]","[-24.561351786759737, -22.34434113997115, -21.472761969919567, -21.468244879923468, -22.674675514671353]","[0.5179551623456389, 0.48781234368888937, 0.49426607550809354, 0.5445821559377944, 0.5039240098982447]"
815,"[0.9512920071550012, 0.9509031614367671, 0.9509710677452246, 0.9509157925744348, 0.9511316093242668]","[-24.657543322179716, -22.39557462307008, -21.532864125412306, -21.627530499978093, -22.749403931469104]","[0.060389428757167254, 0.058863623057765296, 0.05918030748895252, 0.06237221230337412, 0.05968194167708783]"
816,"[0.9528538143875904, 0.9524443877178544, 0.9525927373072086, 0.9524878172709615, 0.9527364286458898]","[-24.38903087368988, -22.18892984242834, -21.313931267452837, -21.274009027027308, -22.51029837442233]","[0.4133686308817315, 0.3965535895983762, 0.40052090875793095, 0.4325028993081762, 0.4069071120641583]"
817,"[0.9568811690657366, 0.9564024141887784, 0.9565655427880774, 0.9565060285045957, 0.9567655180794364]","[-24.19864229270246, -21.9837190055015, -21.11090274064069, -21.11687245756811, -22.3117152642766]","[0.5636658052021458, 0.5326736511746397, 0.5393795226759507, 0.5902318458677277, 0.5502302764615309]"
818,"[0.9547352838344527, 0.9541722521155858, 0.9543305555523675, 0.9550380221446854, 0.9545141417639376]","[-24.63661472195991, -22.42783976072697, -21.554980056617907, -21.526205189299297, -22.75438950877537]","[0.2699163710081404, 0.2506044315217376, 0.25322430456954625, 0.2849959341972918, 0.2588203401154141]"
819,"[0.9573473150221226, 0.9569426859248604, 0.9570191463311093, 0.9574054927523696, 0.9571171804184471]","[-23.936858938523443, -21.692245932222693, -20.825408957517165, -20.895212846189743, -22.03592657893123]","[0.6692916786832659, 0.6635394068578349, 0.6646462357301229, 0.6777587154270978, 0.6664981433928354]"
820,"[0.9545300167888006, 0.9536828840453708, 0.9538699880555479, 0.9546658951828483, 0.9541606457597738]","[-24.53068799533361, -22.268897669001092, -21.407026759860408, -21.48407646786672, -22.623968424584312]","[0.44598698731508174, 0.46629888182234325, 0.46283503300762596, 0.4337186497906068, 0.45657766505633346]"
821,"[0.9534338302895297, 0.9530852124555756, 0.953204521408838, 0.9531628508703545, 0.9533012215784279]","[-24.39163883838628, -22.188204795510348, -21.31413838029831, -21.276478731418106, -22.511727284855805]","[0.4795617264903261, 0.44129525130666775, 0.447531690799508, 0.5639928946169095, 0.4575109607758859]"
822,"[0.9547591487748632, 0.9533745811980245, 0.9537161689311174, 0.955809180998432, 0.9541609094984622]","[-24.124436575209277, -21.90350818469186, -21.032025115330217, -21.048525968817916, -22.2348767109364]","[0.7032082473521329, 0.7107399818544161, 0.7096705128902916, 0.6929711325555753, 0.7071309958030172]"
823,"[0.9547116715951709, 0.9537246861887225, 0.953981611001779, 0.9557551803275394, 0.9543452267047683]","[-24.049242043776626, -21.84149417457459, -20.967603508571592, -20.95131251404644, -22.166257735504743]","[0.702735430412788, 0.6398221285856767, 0.6523504583106731, 0.7336668328615537, 0.6731072836752512]"
824,"[0.9574938012657607, 0.956237883533185, 0.9565807293339216, 0.9580235543640564, 0.9570884476403042]","[-24.106742480191453, -21.8863760521309, -21.01547818329838, -21.01801330022335, -22.218491841715192]","[0.22188065033385385, 0.251364181979796, 0.24492981747641654, 0.18911076723270262, 0.2347171341356086]"
825,"[0.956489912575818, 0.9556567678641585, 0.9558807902074465, 0.956769870353429, 0.9561787535989069]","[-24.326246656981294, -22.115722469628462, -21.242878051709305, -21.223707905173878, -22.44269063929222]","[0.3881930059039101, 0.361605774477431, 0.3675543220287225, 0.39704114655056294, 0.3766290890419398]"
826,"[0.9576476349584517, 0.9564207849785585, 0.956732384210737, 0.9581068186928586, 0.9571928861618851]","[-23.448043640256902, -21.309973854729154, -20.421158585346348, -20.271703817324347, -21.59656962112136]","[0.702328318859877, 0.686921929522349, 0.6915612724543968, 0.7133686977286182, 0.6983674491518967]"
827,"[0.9546970131799305, 0.9539679408301827, 0.954173963934562, 0.9550015739501095, 0.9544237283028979]","[-24.415785286501983, -22.146220227973732, -21.28561245395499, -21.384926060147478, -22.50494017736144]","[0.4218612235968197, 0.4288993896348635, 0.42854364500924963, 0.4244641411789937, 0.42664562186752925]"
828,"[0.9594831649262243, 0.9581644972367156, 0.9584725815747357, 0.9596187233261416, 0.958944211418031]","[-23.96778790330845, -21.771283640465224, -20.89518299255066, -20.854251066335276, -22.090182796492773]","[0.3817909651866714, 0.36747849181262243, 0.3717007320843356, 0.4103247333212786, 0.376229860430328]"
829,"[0.9585500590393916, 0.9568579314288905, 0.9573043916934366, 0.9590000132051524, 0.9579072789350156]","[-24.038942296367477, -21.831239771614047, -20.958065862613864, -20.92895272336335, -22.157068061181185]","[0.5151372044677627, 0.4736296266200334, 0.4785924769933837, 0.6178180211674277, 0.4893252101857216]"
830,"[0.9573261631631682, 0.9559682677183192, 0.9563250765959023, 0.9586721395507732, 0.9567284734630881]","[-24.343102541354643, -22.164979879198885, -21.28584865356579, -21.194644607883443, -22.475162569187457]","[0.41747571590575205, 0.44452954527643945, 0.4382302619773751, 0.39178564619271306, 0.4288759630283303]"
831,"[0.9565167085501963, 0.9558649859550096, 0.9561026251307995, 0.9565699936476469, 0.9563418735939759]","[-24.18718437703987, -21.932279339531803, -21.068112798928397, -21.148279583316114, -22.282316662421874]","[0.24667782873569247, 0.2617403763825664, 0.2584301224008557, 0.23462128708413735, 0.2534122316188283]"
832,"[0.9595644194462251, 0.958605160502931, 0.9588075606112768, 0.9600329616032793, 0.9591278650650604]","[-23.748618403324414, -21.54544385102381, -20.67072559725063, -20.64324246233594, -21.867931796117634]","[0.4875999612412876, 0.47031295119466016, 0.47395204877286473, 0.5089441863650181, 0.47968818643346095]"
833,"[0.9572375270177992, 0.9563919598459123, 0.9566575759674425, 0.9571308812073754, 0.9569201283905765]","[-23.87507663275216, -21.69966516417295, -20.81903834297789, -20.737905964457095, -22.006998147249345]","[0.35274044717738495, 0.36950973612324867, 0.366332024027825, 0.3552101381955538, 0.36064480736718263]"
834,"[0.9564159803838164, 0.9552350818940305, 0.9555813173829085, 0.956867068790777, 0.9560123564034926]","[-24.04296935516207, -21.81601895888482, -20.946211332164964, -20.96695825180343, -22.151255976608045]","[0.30762937326669804, 0.308927434666479, 0.3087715862211963, 0.3179337601634991, 0.3083552899147826]"
835,"[0.958744596589496, 0.9571753782782977, 0.9575544361284365, 0.9586928735380715, 0.9580943271691043]","[-23.859574153026603, -21.64209585329284, -20.769862376103564, -20.780032050981493, -21.97154767422208]","[0.17980412668625428, 0.1812721579213205, 0.18096130502705057, 0.1780578892709096, 0.1804768689269152]"
836,"[0.9582504817572991, 0.9565997665965503, 0.9569575364741487, 0.9596360152264755, 0.9574851900991385]","[-23.573985708550026, -21.388334553089752, -20.509539586689932, -20.454314593835218, -21.7007385628209]","[0.170294511386634, 0.16634652995103244, 0.16620088814007183, 0.1798583580115117, 0.16667498108407366]"
837,"[0.961182200719376, 0.9599142504654116, 0.9602120469335396, 0.9614194865745612, 0.9606898298183845]","[-23.63939925658787, -21.46587460519242, -20.584520458624954, -20.50532045247668, -21.771686112007973]","[0.4075760327057462, 0.3826351607034047, 0.38786388875293826, 0.4392017217544032, 0.39609820717057653]"
838,"[0.9580353517297288, 0.9560063924269653, 0.9565002479999664, 0.9594029354853643, 0.9571903892055152]","[-23.95202188691633, -21.779533167000487, -20.89908385640472, -20.7991534635622, -22.086464719642663]","[0.45283542427108975, 0.4449577861473502, 0.446630466684902, 0.46686075355198486, 0.44922204036076296]"
839,"[0.954557062518323, 0.953250416879193, 0.953572946871614, 0.9550379083402242, 0.9540066010467777]","[-23.459216412594262, -21.279140285166687, -20.399921650559442, -20.32082935982805, -21.58963727752553]","[0.4618179736178175, 0.41439056958671394, 0.4242203677270097, 0.5208879319652864, 0.43993228911203747]"
840,"[0.9550720462191727, 0.9537721067751913, 0.9541121871446527, 0.9562242476569233, 0.9545880184518084]","[-24.386538882927027, -22.150168277658544, -21.28224919771077, -21.32323014166978, -22.490376992696394]","[0.4240198997696846, 0.3989338701456716, 0.4040323594626582, 0.4580588057899911, 0.41228086522211027]"
841,"[0.9571245086315254, 0.9555108057153273, 0.9558939663788112, 0.9576816306985507, 0.9564448507256843]","[-24.03622600676675, -21.797006852864655, -20.92979007616589, -20.974437805331306, -22.13891824531798]","[0.5586209810543182, 0.5927597313452075, 0.5854963806787836, 0.5201088203430897, 0.5739741432105947]"
842,"[0.9590420547019151, 0.9582399954157216, 0.9584940845036879, 0.9588581534492665, 0.9588236736101713]","[-24.03852044984801, -21.823899963647953, -20.95164565171517, -20.94563004828666, -22.152680414346506]","[0.42503176768666034, 0.41066741886818503, 0.4138218216152486, 0.44077451412793084, 0.41871379028324196]"
843,"[0.959696369200611, 0.957268370029292, 0.9577825257432061, 0.9614133194514448, 0.9585848878681755]","[-23.27151549901028, -21.098082798523137, -20.21713853352087, -20.13043771329296, -21.404490501022984]","[0.23470272683213508, 0.225403060001728, 0.22740009874443698, 0.24004154912875889, 0.2304987798234976]"
844,"[0.9577653774383065, 0.9568998611150898, 0.9571740885574408, 0.9575566752739948, 0.9575113055239153]","[-23.914241621516386, -21.709466896240777, -20.834929620421423, -20.81323721688537, -22.032586345481825]","[0.3098749536242117, 0.3007087553826156, 0.3011655683290807, 0.3330829814681972, 0.30189206397166596]"
845,"[0.9582012227804948, 0.9571021007385532, 0.9573882339638576, 0.958400938544083, 0.9577986909676246]","[-23.7869950052136, -21.590055588372508, -20.713872864792496, -20.676673018968618, -21.908927385094774]","[0.39468590557494865, 0.3744879328026718, 0.3785556545475055, 0.4200831121843998, 0.38511625573750435]"
846,"[0.9565775551911234, 0.9559363274772281, 0.9560824159848781, 0.9568399220555897, 0.9563108971669485]","[-24.10380768511287, -21.85852302275801, -20.99278020864816, -21.045597668859703, -22.20402645496198]","[0.44807546115784913, 0.4724495833807926, 0.4697539950974788, 0.42932208285464235, 0.4619745092615604]"
847,"[0.9490673842645212, 0.9470770100712452, 0.947565003456117, 0.9496884403143463, 0.9483110196790089]","[-23.724085925706042, -21.543572076590593, -20.663984386609176, -20.593548903133094, -21.853618585615497]","[0.42641555816126875, 0.41781223456316513, 0.419352195963778, 0.43937883175790654, 0.42212969733944955]"
848,"[0.9526209067609318, 0.9519944612073908, 0.9522040861786248, 0.9526571337263556, 0.9524024150902695]","[-24.506362257519548, -22.24596630266731, -21.382946429259018, -21.474057559224136, -22.598963778385983]","[0.4361190740627863, 0.4397483490390074, 0.43820172338396335, 0.4316405453788221, 0.43584213177142833]"
849,"[0.9557499557131043, 0.9549698719872293, 0.9552196312236229, 0.9561094394460291, 0.9554835124516404]","[-24.13441072954109, -21.890882859376738, -21.02415780214325, -21.085231352624255, -22.234505319943764]","[0.5424368693592186, 0.5451381094843801, 0.5445842527798108, 0.5390490858219705, 0.5436676621778173]"
850,"[0.9547939863376915, 0.9540783280074627, 0.9542945811443974, 0.9548694914602912, 0.954508361588652]","[-24.044029492792433, -21.83323784214435, -20.959971716686287, -20.950025030651464, -22.15962949992854]","[0.2883281331122542, 0.29394822669889037, 0.2928021494198005, 0.29017757089232993, 0.29097894351776965]"
851,"[0.9499091819880159, 0.9491520509034298, 0.9494002058806497, 0.9503720421307421, 0.9497106281740106]","[-24.176928268119998, -21.96765441006387, -21.09466172687061, -21.071152310489207, -22.29411928130128]","[0.6323142636159762, 0.6313321813604976, 0.632678849689564, 0.5880400043917298, 0.6345340840209529]"
852,"[0.9455463845758943, 0.9449461664499763, 0.9451159699023627, 0.945356686901213, 0.9452560931442704]","[-24.477540990700458, -22.2023787905438, -21.342976399788796, -21.452410491042574, -22.564186211650938]","[0.1945133742709676, 0.21895788783630296, 0.21383292163363693, 0.17121994129053936, 0.20574559480481008]"
853,"[0.9084700094519244, 0.9047990405614157, 0.9057124506780566, 0.9113859272457073, 0.9072050172503558]","[-23.92025935636975, -21.558479007584353, -20.716336555102007, -21.01184861406233, -21.965805271015743]","[0.6389644701689956, 0.6918996607078657, 0.6813771776674835, 0.5596411613653309, 0.6641883103713607]"
854,"[0.9179964397908883, 0.9154532604180485, 0.9159498515635145, 0.9216186680908339, 0.9168323460039467]","[-25.837143214824334, -23.600945739278487, -22.739634499675542, -22.66172223272231, -23.951177138492987]","[0.44679928462657764, 0.4351677550920336, 0.4352980119201699, 0.44674628943011735, 0.44023327305230797]"
855,"[0.9207932096839982, 0.9191097572486073, 0.9193446096794125, 0.9227092625491526, 0.9198562428366219]","[-25.574050018390203, -23.25995959622172, -22.410019062955925, -22.56675009826886, -23.644872212733855]","[0.5049613252585761, 0.5629568561486609, 0.5520091853329139, 0.4082330940727408, 0.5323671988323441]"
856,"[0.9186070116673523, 0.9173923641008976, 0.91760777316463, 0.9206408904896665, 0.9179105091188798]","[-25.52971164616003, -23.250565733940622, -22.39354804711216, -22.479731195483268, -23.616912569486022]","[0.4165046407811817, 0.3533832379527554, 0.36553326107168904, 0.5113772924448332, 0.3862171380517429]"
857,"[0.902192192147482, 0.9001385161330787, 0.9004678901241155, 0.9096219197760096, 0.9010696930309202]","[-23.03573173608875, -20.766084627060525, -19.937200656726365, -19.539965794099082, -21.174025851553075]","[0.8770562134648968, 0.8201298839807994, 0.830742554730887, 0.9805477205488556, 0.8499440409348795]"
858,"[0.9263503065245887, 0.9253901116426885, 0.9256210328876312, 0.9267614285575398, 0.9259526093173608]","[-25.720154745342274, -23.380349088849147, -22.538696446549505, -22.680602378827313, -23.78380061803856]","[0.3789119721254131, 0.36011680535941726, 0.35489225287492876, 0.45626264521642546, 0.3558546268790028]"
859,"[0.929737917034216, 0.928502201089852, 0.9288191867670358, 0.9310963022604566, 0.9292619410835796]","[-25.21403291507372, -22.935908736739204, -22.078508306541412, -22.16643914069346, -23.30143539817712]","[0.5923966868052453, 0.6622409056959624, 0.651754566009948, 0.5044912301021806, 0.6305748994015299]"
860,"[0.9419139587139261, 0.941014888135708, 0.9411782796609993, 0.9431236491571277, 0.941440610397945]","[-24.97018404080254, -22.70981176353996, -21.848165800383683, -21.9121538404356, -23.064926833923053]","[0.19753570423894176, 0.20241189429297282, 0.20149525842632585, 0.19789328171287462, 0.19995081226040218]"
861,"[0.9267545266656392, 0.9256290968958795, 0.9258855947359422, 0.9275670554623642, 0.9262287669752675]","[-25.18912916174098, -22.903368800591753, -22.04654951225987, -22.169058747754995, -23.27144686412559]","[0.419461744112435, 0.4154939997925918, 0.4159010422805573, 0.4242669903175153, 0.4173030428304098]"
862,"[0.9218903411204887, 0.9204244017943898, 0.9206630055015768, 0.9244721494762164, 0.9211276351283201]","[-25.675261331629553, -23.447354660217353, -22.580644380762813, -22.550552173652342, -23.787493818919465]","[0.3079868769581273, 0.3185623641168787, 0.31720966212803026, 0.307670107480263, 0.3133891892600727]"
863,"[0.9355034497684782, 0.934629356565856, 0.9348690650396267, 0.9359793153347137, 0.9351517183507497]","[-25.3786215070408, -23.124824664377655, -22.26260065649269, -22.29873327553731, -23.47759566970576]","[0.37816970007419576, 0.3694068854919228, 0.37292007890220324, 0.36163683478930025, 0.3807201346048186]"
864,"[0.9361573298317167, 0.9352883736786144, 0.9354129085408713, 0.936612725045478, 0.9357846493571187]","[-25.36725373227685, -23.117767687015004, -22.254338989384852, -22.28806222151996, -23.46773290974887]","[0.5158289022491439, 0.46727884253233104, 0.47505274600863434, 0.567429953337764, 0.48949265533944614]"
865,"[0.949991113992848, 0.9495739179019864, 0.9497425202209422, 0.9495024739281213, 0.9499009274556758]","[-24.810952248957868, -22.59789875060845, -21.726195342686797, -21.70136504832847, -22.927154944297264]","[0.42940416141946974, 0.4672642504528744, 0.458759346799034, 0.3891733981727972, 0.445716153488016]"
866,"[0.9375704590486653, 0.9365706499541512, 0.9368646126580122, 0.9373129083191014, 0.937185104252955]","[-25.169432788080403, -22.907213256183926, -22.046671502060025, -22.100442456962657, -23.264428175632375]","[0.7115395439319611, 0.7462685701533747, 0.7393503424765759, 0.6753370820921052, 0.72774306897979]"
867,"[0.936426309891835, 0.9349148213772315, 0.9352723011774343, 0.9372772542361493, 0.935693269091853]","[-25.63665746757399, -23.403917075858544, -22.53800557256133, -22.521373300053202, -23.746351952461698]","[0.3412496450529213, 0.34489409687711875, 0.3442657099097866, 0.32109431658412146, 0.34284783989382445]"
868,"[0.923061462091204, 0.9221731192238927, 0.9222952981975139, 0.9247805778473578, 0.9225266086795854]","[-25.80777568569663, -23.544460280577788, -22.685658375347607, -22.713174730363615, -23.90457901576531]","[0.30593681104548687, 0.2693855445206089, 0.27897096887464806, 0.3030286215838355, 0.29281967434186384]"
869,"[0.9434552564321661, 0.942845567742781, 0.9431492358878123, 0.9425962606059041, 0.943419523445756]","[-25.42470526343216, -23.163161503915685, -22.301988452633204, -22.363872005028867, -23.519255037287376]","[0.31045037049847557, 0.32638810953219, 0.3227513056450999, 0.29416351070562635, 0.31729456527042543]"
870,"[0.9249454206576188, 0.9250985610647305, 0.9250708882251967, 0.9250583500403636, 0.9250563346325148]","[-25.762984326131367, -23.53264225757419, -22.666747211086726, -22.636227841067473, -23.874578981265046]","[0.4018954595270339, 0.3637142260002612, 0.36664953548374735, 0.4555095875983456, 0.3799560105195562]"
871,"[0.936559256278395, 0.936428441625034, 0.9365053098018802, 0.9361824137248785, 0.9365462892335241]","[-25.53423584435218, -23.24553219641583, -22.390700720452404, -22.49099304978245, -23.617357205099893]","[0.46131589958536107, 0.40935181908940615, 0.4200878989683514, 0.5589474141523894, 0.43610742161241545]"
872,"[0.9432141514879424, 0.9416195777457013, 0.9420920832846568, 0.9434429282043355, 0.9426525571314115]","[-25.512127226637137, -23.253700012996, -22.39267665866119, -22.43334682088694, -23.609332313610448]","[0.5877295029765085, 0.561947627798876, 0.5688614423584218, 0.5600036886109427, 0.5776163778130321]"
873,"[0.9325039913076996, 0.930832123951265, 0.9311893351567667, 0.9331458564735127, 0.9317251213785204]","[-25.83409430069439, -23.559036659056826, -22.702112908906322, -22.76250475663839, -23.924635869759275]","[0.2715138352024525, 0.27136190136762084, 0.2713535585429529, 0.25759854853243586, 0.2713635503769186]"
874,"[0.934037510520803, 0.9332477295864636, 0.9334879011852263, 0.9339455832684349, 0.9337620873096205]","[-25.786077744878938, -23.51948026291666, -22.66090891362601, -22.70309324694099, -23.88068732154688]","[0.3181793584878357, 0.3369125339116061, 0.33163423416931476, 0.3113072155142923, 0.3233647349139971]"
875,"[0.930167207015639, 0.9292509219096677, 0.9294843768188537, 0.9312658183459014, 0.929764451254135]","[-25.83014979904469, -23.579682859693325, -22.71962419909329, -22.697537750633046, -23.935030992971026]","[0.3097548180538046, 0.39214440340830414, 0.3737858217385662, 0.23643198966751028, 0.34706637972000526]"
876,"[0.9275347641303022, 0.9279315665541326, 0.9278498265819418, 0.927506329001975, 0.9276155839215767]","[-25.816092403404166, -23.519281451120012, -22.67164603375947, -22.68129332902214, -23.904041709963042]","[0.23959184013212284, 0.2562467467239183, 0.25138621186182386, 0.25817269006741816, 0.24560334677277426]"
877,"[0.9344400909295901, 0.9332215126000134, 0.9334567508558825, 0.9356241372666123, 0.9338836055883425]","[-25.67422578331654, -23.35062659128822, -22.5038479324026, -22.653407556527704, -23.742547178391277]","[0.4093253028104999, 0.46592070997075696, 0.45451651829243134, 0.34505140847460103, 0.4362552999205664]"
878,"[0.931872523885826, 0.931687587452566, 0.9317692811706629, 0.9315258157066855, 0.9318249656763514]","[-25.67172447820212, -23.38092379249584, -22.528327294629296, -22.597410687609354, -23.756679742637964]","[0.5774393375380621, 0.559250534428014, 0.5768487986896567, 0.42682862850453457, 0.5955802401122869]"
879,"[0.930442359914222, 0.9283773433987403, 0.9288297341749437, 0.9309846115587571, 0.9295304530510929]","[-25.855208764334563, -23.602645406857874, -22.745542864631446, -22.682825209632355, -23.962983731016266]","[0.35406977851317134, 0.29883633141165605, 0.3001224788693555, 0.5503397127844325, 0.3024817918911941]"
880,"[0.9372523189808329, 0.9357336721193468, 0.9360997175014599, 0.9377562709529706, 0.936649310813973]","[-25.679678308899366, -23.421564198094153, -22.561763342827494, -22.57777511334372, -23.77900905198803]","[0.3601972576736447, 0.3731128276463204, 0.37253538804204706, 0.3696358608551774, 0.36868466544359974]"
881,"[0.9185763071082156, 0.917203618444292, 0.917516687516727, 0.9201899943741635, 0.9179558115346281]","[-25.944197899431042, -23.680394324474708, -22.821604834802077, -22.851335813173392, -24.040636124250437]","[0.4042529973649711, 0.38505699753406886, 0.3976168636734362, 0.4303890858444699, 0.40499890350788414]"
882,"[0.9308143847136952, 0.9286644419143512, 0.9290732933273464, 0.9322546439918453, 0.9297987799463804]","[-25.870649518877837, -23.63774738735858, -22.773233198369137, -22.732385367121598, -23.982342057923717]","[0.38687259950010916, 0.4003515989711111, 0.40139598207207877, 0.3462363773222487, 0.40344411905839467]"
883,"[0.9292327739794971, 0.9284793338414277, 0.928571943932983, 0.9304089218942242, 0.9288796467306113]","[-25.88653467094462, -23.59769463138975, -22.744387388441893, -22.81547200537175, -23.971908539873738]","[0.24765836605234073, 0.22233144757088755, 0.22740099313902784, 0.26047305157569556, 0.23572047707872085]"
884,"[0.9320610669677637, 0.9307819723383591, 0.931205571693586, 0.9327114407692509, 0.9316729416863326]","[-25.727641360111104, -23.45075370073642, -22.594297717081613, -22.65598907187755, -23.817486476741177]","[0.30424045750839557, 0.33782419047179935, 0.3299227313335584, 0.2740021985657641, 0.31719088886603153]"
885,"[0.9294296951553194, 0.9293663608169467, 0.9293335272909502, 0.9292805901434452, 0.9293814096717504]","[-25.95101599246551, -23.67807533599417, -22.821274483704258, -22.866602398266128, -24.043384458275842]","[0.4399799439463077, 0.42647446099237113, 0.42824598299768396, 0.4406386768526825, 0.4340228330138228]"
886,"[0.9365529781175078, 0.9353813440356014, 0.9356910574781604, 0.9367854165776103, 0.9361845130312926]","[-25.838832102427233, -23.573872736183475, -22.71583266119174, -22.7379957152549, -23.935552369229498]","[0.2927299407956828, 0.33597597576355104, 0.32840912664659727, 0.29501203355106814, 0.3101821711537378]"
887,"[0.906118081497855, 0.9046367763407066, 0.904669291868288, 0.9120895744339332, 0.9049831768449313]","[-24.22464443127397, -21.80200069041985, -20.98825796826389, -21.042671379122698, -22.2677531469303]","[0.7408908414585991, 0.8140698184945873, 0.7918487603194269, 0.7445631368394434, 0.7667672892581132]"
888,"[0.9335285901251154, 0.9330262424338794, 0.9330908407366219, 0.9331421395690821, 0.933305128090573]","[-25.861005925178407, -23.57334909965527, -22.71862842856532, -22.81073433699831, -23.945124290152695]","[0.2701499263171933, 0.23471981278409806, 0.23755448390159306, 0.2886599366277639, 0.24351591765279032]"
889,"[0.921113619127083, 0.9194134703112042, 0.9197036934447649, 0.9247947604157013, 0.9202240081979323]","[-23.591350009887453, -21.656945490757277, -20.726554406869365, -20.167718425473705, -21.834670746337423]","[0.9331162444550017, 0.8898426357110985, 0.8992686087086302, 0.9850444889924018, 0.9136925712581586]"
890,"[0.9179152260551451, 0.9158542643648213, 0.9160833113073727, 0.9248624756675198, 0.9166260856482245]","[-22.937474114055647, -20.552129927530878, -19.729714815827393, -19.75135396442381, -20.995948374349908]","[1.2338245648774826, 1.2364608304928344, 1.234863839173927, 1.2591221799877932, 1.2333057025118588]"
891,"[0.9278212414830325, 0.9274017081464567, 0.9274086093571157, 0.928132607444872, 0.9275907551785038]","[-25.917202635387095, -23.583768346965968, -22.73898092024754, -22.907951661374742, -23.980913251893387]","[0.3378869533734814, 0.36298036958844015, 0.3560756760210464, 0.2676112269937342, 0.34503961325593147]"
892,"[0.9463938062818857, 0.9443818126418636, 0.944831615285744, 0.9476832460888098, 0.9455218625660877]","[-25.241844687858688, -22.956041826672283, -22.09998210947155, -22.207450927879883, -23.325332586323736]","[0.35829398890789166, 0.3694758996153858, 0.3688671521954476, 0.3332241181256378, 0.36642754778493203]"
893,"[0.9452273591987065, 0.9443910421544114, 0.9446750037251771, 0.9441892917803112, 0.945096599619306]","[-25.305443523692116, -23.028722534967134, -22.170108495877496, -22.273279711336876, -23.392075046300267]","[0.33356371164585147, 0.356089773416277, 0.3543392463041491, 0.3141325350207669, 0.3473226373317472]"
894,"[0.925149944282371, 0.924754692750531, 0.9248420036249915, 0.9250499766176965, 0.9249600423319854]","[-25.83250919442357, -23.552153000511947, -22.69564208175931, -22.779050271938598, -23.919561750047578]","[0.2730539883589777, 0.2975503641919472, 0.29308016837907647, 0.23585627904396786, 0.28550451396132676]"
895,"[0.9309434481756474, 0.9310062089068858, 0.9310315347064182, 0.92959391444165, 0.9310309900727124]","[-25.80054223243672, -23.50479073095291, -22.65187618925222, -22.756566330192875, -23.88111365799311]","[0.26072176385111806, 0.23364242439291055, 0.237504955913369, 0.3120879628435959, 0.2458209200279833]"
896,"[0.9438985659439407, 0.9434307897117981, 0.9436103059810901, 0.9429538949410522, 0.9438512359670558]","[-25.483173508307743, -23.224953116197298, -22.363843671460497, -22.404999615205874, -23.580403651703644]","[0.478369578887054, 0.4324029264961481, 0.442913240698023, 0.4909978171179565, 0.458582849249919]"
897,"[0.9320452188919627, 0.9316626522869679, 0.9318296732215722, 0.9325085899130072, 0.9319547412123695]","[-25.295103740186327, -22.946452401030434, -22.103111353804508, -22.33806507840555, -23.349120747539768]","[0.7396950539716208, 0.7615859777152124, 0.7574863859126119, 0.7024992419339221, 0.7505701138398386]"
898,"[0.9338625155150128, 0.9318092807023864, 0.9322304845755929, 0.936037337838877, 0.9329976608336803]","[-25.60163846067943, -23.288562979650496, -22.438194924469354, -22.59744003124572, -23.67259328361525]","[0.4963810573656435, 0.487567388866976, 0.49153158145692116, 0.43229124034252286, 0.49879885364859033]"
899,"[0.9264059198485132, 0.925185779822962, 0.9254112423712414, 0.9280509939808641, 0.9257974665546309]","[-24.024101010442493, -22.270793468638853, -21.30610790263959, -20.390057329205128, -22.354315285635664]","[0.6780780273066279, 0.5943772731986864, 0.6166051647581089, 0.7246643306149078, 0.6497522918124204]"
900,"[0.930994752152712, 0.9303468952663, 0.9302831389294419, 0.9322573351298599, 0.9305680466255725]","[-25.616469379957984, -23.428131976547935, -22.57418184610262, -22.169183870871965, -23.7785372083801]","[0.2344535406936212, 0.25023904311894785, 0.24680256135153159, 0.20772453320468456, 0.24118514719375192]"
901,"[0.9356620469834315, 0.9350170005584915, 0.935198125996758, 0.9358266339634963, 0.9354346537935211]","[-25.684883094897142, -23.425113628103993, -22.56547626504726, -22.58819898120849, -23.783141212931312]","[0.2330513413933637, 0.21299821829152696, 0.21643867175143858, 0.30970207772485375, 0.22231387975715353]"
902,"[0.9265392032473934, 0.9253730718540074, 0.9256544174595208, 0.9273825936721872, 0.9260750993583295]","[-25.843796653286976, -23.541070366930196, -22.689352200468946, -22.81241252226363, -23.92075519764053]","[0.3553575292315776, 0.3293149666533846, 0.33119941560557803, 0.3680123866657809, 0.34176411931807393]"
903,"[0.9263278513285347, 0.9258239805765214, 0.9259450569949407, 0.9267570650710054, 0.9261586959244267]","[-25.833087185179313, -23.547267375984738, -22.69187926817704, -22.78620402614502, -23.91760107660769]","[0.33634481050199777, 0.35539776101639736, 0.3515478538555985, 0.30380170183310795, 0.34517176929928595]"
904,"[0.9287868332590311, 0.9278979648829946, 0.9281576249902368, 0.9276412069935571, 0.9285140196189032]","[-25.899017253345328, -23.627051905848315, -22.769143437749424, -22.829927708743213, -23.99043764318051]","[0.394704875076873, 0.35056399155632445, 0.35795256426690997, 0.39570781720799797, 0.37171519706068396]"
905,"[0.9319877292774489, 0.9312151885580744, 0.9313702196635072, 0.9329373963575313, 0.9316646066084096]","[-25.76577682515437, -23.462317191736396, -22.61047061598672, -22.74059497115706, -23.84196249015983]","[0.27625617360507027, 0.2966468121892673, 0.29215186452926123, 0.25804081455611283, 0.28547510499547746]"
906,"[0.9242711592324822, 0.9244795185543259, 0.9244500005183132, 0.9235957014166916, 0.9243912384535596]","[-25.945545576385122, -23.598864797811743, -22.757226947439285, -22.941634081213714, -24.00379140865203]","[0.22466280486420032, 0.20502201475015794, 0.20670811515085735, 0.3014765923974731, 0.2112205688129413]"
907,"[0.934437784545459, 0.9337932304619101, 0.9339542838760364, 0.9343978654410329, 0.934218519899164]","[-25.605728174860864, -23.312435651597653, -22.459537245582233, -22.549350842476382, -23.68824248335817]","[0.28438295941055003, 0.2968129718049799, 0.2859236315897216, 0.32893032232458747, 0.2774667025431418]"
908,"[0.9375039709002425, 0.9370570858947017, 0.9372286523569723, 0.9376189628020866, 0.9373877099002413]","[-25.844017336406456, -23.530308008869184, -22.680818363266027, -22.825649048288277, -23.915843795327042]","[0.45904365146139037, 0.4318150252373327, 0.43685869125799737, 0.5033648963060106, 0.44601195342327155]"
909,"[0.9291353472924013, 0.9279679465214588, 0.9281451034318692, 0.9309255502680368, 0.9284878863171646]","[-26.08500255979786, -23.792865355530697, -22.940288803308302, -23.016513118016448, -24.168927526683895]","[0.44160025491451255, 0.42997214953041396, 0.4287413394480366, 0.43688240216230584, 0.4294996171989219]"
910,"[0.9292037507156671, 0.9282858019787918, 0.9285278825618037, 0.9294240631991533, 0.9288087778066658]","[-26.02458815371393, -23.72197826578035, -22.87078627162363, -22.982548806396384, -24.102452099956924]","[0.437203972735073, 0.4286500745011819, 0.4313808119116825, 0.37835202716954386, 0.4346158115920684]"
911,"[0.9049798082624679, 0.9015985913161425, 0.9021802030505047, 0.9107330583294967, 0.9031895457213475]","[-23.52725709089805, -21.64543674451016, -20.74964202354473, -19.713170519747603, -21.856698549390206]","[1.1323506042294071, 1.0237820461344938, 1.0155298019168613, 1.3149455493628488, 1.0478053118092674]"
912,"[0.9353350095699366, 0.93437441160219, 0.9346397570925064, 0.9361806316215233, 0.9349357854583632]","[-25.862027760511708, -23.559858724583794, -22.709952835320887, -22.793312869589368, -23.94223885174852]","[0.3647792410254178, 0.33477276895081337, 0.33971663516210077, 0.38817266905197895, 0.35391557821170333]"
913,"[0.9342281380989427, 0.9346740669829491, 0.9345121962995886, 0.9340099631253512, 0.9343681649907373]","[-25.921234364637133, -23.629510178556625, -22.776891474517438, -22.85191387873245, -24.005425515164493]","[0.3198176112709917, 0.3322593320397168, 0.33025972082534844, 0.36625352427885627, 0.32660038127128826]"
914,"[0.9402557757206901, 0.9386173741817606, 0.9390273207444242, 0.9403355441302498, 0.9395407311690818]","[-25.666556244139038, -23.428787499112286, -22.563838476390448, -22.557911083892694, -23.773839812710644]","[0.48306913950530345, 0.4578804377889792, 0.4678849302169353, 0.5054889417938698, 0.47696071255415157]"
915,"[0.9326862476771415, 0.932072613864865, 0.9322783327305231, 0.9321342058446949, 0.9324619531085364]","[-25.863992945546272, -23.589848059961188, -22.732982516514664, -22.786589284360133, -23.955335921559755]","[0.35004966535462345, 0.3544432735265976, 0.3551730403490932, 0.3255358799085597, 0.3547427518773635]"
916,"[0.9375935968254181, 0.936499237556692, 0.9367274501103566, 0.9384802598875555, 0.9370849036472171]","[-25.88636243045798, -23.57904846656367, -22.729546046073317, -22.835596915065224, -23.96318566805519]","[0.3087212994707833, 0.28778632844406, 0.2919116100942641, 0.39216558845053584, 0.2988928261866093]"
917,"[0.9340317996688566, 0.9323750065842569, 0.932743465566652, 0.934613935056302, 0.9333579932307915]","[-25.768428086607965, -23.475090462189083, -22.621992228731482, -22.715952338044794, -23.850604384441414]","[0.46717188684446415, 0.4591736578738834, 0.46158648735941077, 0.4535527773054424, 0.4672503971853489]"
918,"[0.9360560446852507, 0.9347454652149213, 0.9350527419786043, 0.935819419235824, 0.9355535802504735]","[-25.884604289871042, -23.631300856221927, -22.771512304642922, -22.760313960059793, -23.9876803478644]","[0.3459398997978053, 0.32648994978595863, 0.3310536002503263, 0.35788887742555003, 0.3378760083083559]"
919,"[0.9230500311855537, 0.9220798772321823, 0.9221813185694959, 0.9252875022068712, 0.9224636979655617]","[-25.54690181874051, -23.02655950989113, -22.24266960743117, -22.22545473329905, -23.562207005597273]","[0.35328993445601015, 0.44368303003861953, 0.42452144170591294, 0.30526252502515466, 0.3922869512772313]"
920,"[0.9299771848360129, 0.9283515214301946, 0.928695822462887, 0.9307873294068131, 0.9292895661542377]","[-25.91611999538273, -23.65305658204716, -22.794691279609456, -22.81251871514139, -24.0137812093451]","[0.5563486327394132, 0.5623210037847707, 0.5705926080155319, 0.4590642117778934, 0.5779876837640933]"
921,"[0.9340286661143538, 0.9325207981421145, 0.932856728426498, 0.9350641758240797, 0.9334521427208339]","[-26.05161036358398, -23.7797741031396, -22.923688450494996, -22.94932527980694, -24.145931063473245]","[0.5118355870301217, 0.5021845609109171, 0.5056160292562663, 0.5229206074539332, 0.5085781223826081]"
922,"[0.9304378425822633, 0.9296076660938475, 0.9299949507813062, 0.9306456778744228, 0.930282734847449]","[-25.84501696091419, -23.551740052277264, -22.699137335319417, -22.782988155594865, -23.928024944043326]","[0.528485675903787, 0.5716930752987169, 0.5652795311525443, 0.3850283639524399, 0.5538331872260382]"
923,"[0.9374267198096645, 0.9361982227495463, 0.936425989179999, 0.9384582758119366, 0.9368492591969743]","[-25.751431206072905, -23.49605934664705, -22.63601429846083, -22.640980263278326, -23.852521100089202]","[0.20805014363438643, 0.17101847651777505, 0.1781605621053902, 0.2791065485560454, 0.1900983609620087]"
924,"[0.9391224974432679, 0.9382463885765403, 0.9384833337075953, 0.9386436364259853, 0.9388948733514273]","[-25.827233870224752, -23.532162639590922, -22.68063905002599, -22.75393638168683, -23.91049698139603]","[0.4085262698587127, 0.39863130175698047, 0.39808099841922023, 0.4035924856557736, 0.399818749667221]"
925,"[0.9303822813709147, 0.929942768111506, 0.9300701932638019, 0.9309229615200019, 0.9302020006352959]","[-25.651372522756255, -23.377686752417073, -22.519274088090985, -22.600216933281924, -23.740691354544065]","[0.22930745775350025, 0.2531017003016891, 0.24831958129271398, 0.19935655486951104, 0.24010118502554406]"
926,"[0.9298826108703883, 0.9291166375284319, 0.9292188755265358, 0.9297912207928322, 0.9294095686853661]","[-25.971934574764823, -23.67140071828003, -22.821030857589886, -22.90394097232422, -24.052716813389246]","[0.2774109868004923, 0.3012142426127075, 0.29433197338631445, 0.25126765856971245, 0.2867183769742592]"
927,"[0.9329072113755933, 0.9320678300055485, 0.9323332960275216, 0.9332276884759035, 0.9326595810505923]","[-25.797938271346023, -23.519272536438173, -22.663859668967074, -22.716415128375505, -23.887988998811846]","[0.5098459309363701, 0.55348646583201, 0.5484489173945325, 0.44651135184149254, 0.5386746061933082]"
928,"[0.936066440740598, 0.9354264241373285, 0.9356133312764354, 0.9359196743749947, 0.9358696559490813]","[-25.728895969608182, -23.46590171990593, -22.606876471379767, -22.63679850621928, -23.8256018659509]","[0.40347286358928347, 0.37151317437914483, 0.3793860467234071, 0.43464214965275993, 0.39534629006084454]"
929,"[0.9362205594554677, 0.9352428144937519, 0.9354142003923785, 0.9368445055378206, 0.9357495699481118]","[-25.95598276238991, -23.67930405157723, -22.82496571080104, -22.845614893745164, -24.049252820190357]","[0.23720846069636473, 0.2139436250515626, 0.21939572986676886, 0.27186262215805346, 0.22734935715595533]"
930,"[0.9391409030907731, 0.9375247645389441, 0.9379184672594602, 0.9394270696371759, 0.9385253112580776]","[-25.884561714592408, -23.583819693772007, -22.732195692514956, -22.841212649247804, -23.96323286813787]","[0.35339884365142304, 0.33574630329045946, 0.3357598634173244, 0.41332865099265853, 0.3377268391598416]"
931,"[0.9331529378493767, 0.9316568274715359, 0.9320290790108569, 0.9333563123706529, 0.9326310982686052]","[-25.82458923908771, -23.53189440974961, -22.678444087505166, -22.7756617099364, -23.906712223903874]","[0.3950645449129066, 0.4148812981815094, 0.4117228168141974, 0.3669371591974697, 0.4063450869295018]"
932,"[0.9336543061186813, 0.933355996684619, 0.9334955554145075, 0.9331684277185485, 0.9336422683407157]","[-25.778129075135762, -23.543633443873112, -22.678876224473004, -22.651297171314322, -23.888254716013876]","[0.267993622895155, 0.24224349183245011, 0.24807346839736877, 0.3017597947060462, 0.25675036173276644]"
933,"[0.9251156326194742, 0.925265052103738, 0.925249204964101, 0.9244215599978053, 0.9252406116641921]","[-25.680996727699036, -23.405346120693192, -22.548102860329337, -22.617775328562487, -23.770578134559948]","[0.45579681440812897, 0.4097851979797391, 0.41916267607139135, 0.4987822134472622, 0.43464646825797926]"
934,"[0.9351433121083472, 0.9348568365411303, 0.9350283522863558, 0.9341773305591605, 0.9351379252309773]","[-25.845979865168584, -23.597855024505478, -22.73558477148308, -22.739967350344948, -23.949305341354986]","[0.24112794222086228, 0.24789794370972917, 0.24686530543223328, 0.23492037997882176, 0.24426150487245907]"
935,"[0.9258737554579861, 0.9254313278776847, 0.9254747501895861, 0.927158450383715, 0.9256111501594039]","[-25.92292296482994, -23.680038250108524, -22.81825513983617, -22.784555771025857, -24.03105405288003]","[0.514363462105635, 0.4482045683067781, 0.46297591474589683, 0.5787414689563269, 0.4891159132397649]"
936,"[0.9300941453587352, 0.9288028431170031, 0.929083540590977, 0.9306328784686758, 0.9295457284611667]","[-25.687373183081274, -23.444430005828416, -22.580627533312786, -22.5835227572578, -23.792382925288386]","[0.2784588346189628, 0.24652977514886482, 0.2534159872169856, 0.3122465122570161, 0.26403172896743643]"
937,"[0.9202090123160109, 0.9227104941802103, 0.9220145058407526, 0.9191833120652345, 0.9210946527293441]","[-22.7800914858351, -20.413534956490803, -19.582060275902354, -19.674779808730484, -20.838831670180152]","[1.4344251720435521, 1.393008028678194, 1.409737411761685, 1.4611550993753024, 1.4288665090596568]"
938,"[0.928868562697567, 0.9269282523785973, 0.927337250970848, 0.9306474407095074, 0.9280448009543308]","[-25.621193782220317, -23.313404068073986, -22.46236182820775, -22.602829618847906, -23.6952290626785]","[0.3609380679241602, 0.3784816422337745, 0.37417990322838823, 0.365953462917889, 0.3664293125063507]"
939,"[0.9286661049489373, 0.9282651442898667, 0.9282423608654645, 0.9292525838926249, 0.9283312399513985]","[-25.77455649733644, -23.476101042659135, -22.62318185612124, -22.744614181687762, -23.85300047403055]","[0.4375916199113591, 0.45020731132404673, 0.45122144673605263, 0.39842310941086184, 0.4498699228834942]"
940,"[0.9216810375820357, 0.9205622531641302, 0.9206888384287725, 0.9239966655019412, 0.9210219878923984]","[-23.609308096406746, -21.334560384795434, -20.47934014639851, -20.50540191374872, -21.702720959333778]","[0.7439997088625584, 0.7203753673620847, 0.7216204486751127, 0.6874839045370149, 0.7270075238719689]"
941,"[0.9268512011632476, 0.9259544832590868, 0.9262751899886574, 0.9269193955346227, 0.9267216132021924]","[-25.976790537924934, -23.681418524247682, -22.830263455140624, -22.898084361453137, -24.060414513177637]","[0.2736885029590672, 0.29056124264225697, 0.28836984795122395, 0.24640183296495288, 0.2825443996626208]"
942,"[0.9425899417207758, 0.94057401605794, 0.9410155647755912, 0.9433607306917917, 0.9417489746031976]","[-25.34253882902078, -23.086990329828755, -22.22551992461691, -22.25802994427364, -23.441292614079504]","[0.5349748202786225, 0.5560613571081848, 0.5512949415903063, 0.510928752943291, 0.545864068179361]"
943,"[0.9190764807928032, 0.9175333890198036, 0.9177101644556959, 0.9214303013008804, 0.9180346856027367]","[-24.82512616651512, -22.617195898649232, -21.74813700373371, -21.64988030903964, -22.949292348270426]","[0.9272256961043629, 0.8810937436775278, 0.8888904861254843, 1.0100149970841914, 0.9034031707917733]"
944,"[0.9376996737022542, 0.9361255559205418, 0.9364728410934312, 0.9381071154498487, 0.9369818419593312]","[-25.75521215617515, -23.485468257383115, -22.627591305854523, -22.674662212405487, -23.848434136998893]","[0.1747477470482882, 0.19046841764368824, 0.18571006308320964, 0.21870936393753967, 0.17693846676661779]"
945,"[0.9276927006720793, 0.926881912646804, 0.9270726431371977, 0.928907199402456, 0.9273470825793099]","[-25.733710363544755, -23.460636655071887, -22.603826189575692, -22.650123971962067, -23.825981250372028]","[0.2739494488595014, 0.2682248445215192, 0.2679746264980125, 0.3085560405478013, 0.2702082873145967]"
946,"[0.9300622127228827, 0.9277709138307265, 0.928071805536273, 0.9321202370450519, 0.9287657352691561]","[-25.225540542227545, -23.02292611077728, -22.150530915491945, -22.0793412469552, -23.348786824604332]","[0.442800545204106, 0.4311988609163428, 0.43342253116110074, 0.4546960799782603, 0.4370433199573069]"
947,"[0.9072782797470297, 0.9057359270068426, 0.9060048621565507, 0.9102314487391749, 0.9065172197292082]","[-24.15370832298489, -21.915072790333657, -21.050898104036413, -21.03608562706304, -22.261485466689006]","[0.35305956338886535, 0.3428629922723771, 0.3453298656815785, 0.364585668196225, 0.34862901592398843]"
948,"[0.9115068490434218, 0.9062398740304071, 0.9070688923789236, 0.9175158600469342, 0.9091322451026895]","[-23.51985497850778, -21.43426098707693, -20.560359346833167, -19.9874968907603, -21.73014204593502]","[1.1032149305405738, 1.0181377385012693, 1.0349520860086463, 1.2034795025258513, 1.0624871850464452]"
949,"[0.9272951407338355, 0.9253266736690279, 0.9257168917073907, 0.9294005665981054, 0.9264098839904685]","[-25.945423855323327, -23.661641629085967, -22.807168176622113, -22.871448799889905, -24.03294905150073]","[0.3037506943645067, 0.3336800032036614, 0.32721407346742637, 0.26899045428701535, 0.31700016126169084]"
950,"[0.9445691686360057, 0.9434788329941237, 0.9437384394822493, 0.9450992833132771, 0.9441030671036511]","[-25.07667437663469, -22.790908092682365, -21.93447666518555, -22.049332552499106, -23.15960871096015]","[0.3289807978163964, 0.32979730160467247, 0.329297183612135, 0.36664822503352706, 0.3284787605510078]"
951,"[0.9439570773471738, 0.9431519198653515, 0.9433854644814849, 0.9428259790324403, 0.9436940684741072]","[-24.966798327267814, -22.695343525956595, -21.83526270799227, -21.93578568913717, -23.0552895784037]","[0.47204470976914237, 0.46315737217103403, 0.46407573887292436, 0.4945929141194348, 0.46652558577610365]"
952,"[0.9022889227683066, 0.900051561337133, 0.9004612883524967, 0.9064772122377802, 0.9011752780150389]","[-25.296452181361467, -22.945937377414083, -22.1035865572822, -22.327865127115764, -23.350552514006534]","[0.7896895359920575, 0.7899698861293774, 0.7897981159398613, 0.7665347584385402, 0.7890017522709586]"
953,"[0.9331149977200929, 0.9321039285113212, 0.9323695944227102, 0.9334497672689621, 0.932723768854879]","[-25.580821375247737, -23.2875244839318, -22.432792689793303, -22.5596351424081, -23.66048399341519]","[0.548980882377699, 0.532589081982512, 0.5358099075137618, 0.5765383037248633, 0.5411701633513853]"
954,"[0.9394206456867711, 0.937816165395314, 0.9381776869167985, 0.9404650755634685, 0.9387921282503416]","[-25.331267570759934, -23.05890952548438, -22.199408454486317, -22.29351848030435, -23.419948154493355]","[0.45800689667904554, 0.4425370029454894, 0.4492182985548254, 0.45850089537138733, 0.45618274304627315]"
955,"[0.952889539858423, 0.9527512450776267, 0.9528085949948017, 0.9521007608206401, 0.9528592269386295]","[-24.554511661821092, -22.286665611934794, -21.42524781781329, -21.530316043302765, -22.643768127668974]","[0.45095440693192296, 0.42553207657757564, 0.43051699590920794, 0.48144843493400585, 0.43928365410905457]"
956,"[0.9416949005442627, 0.9409182461911269, 0.9411558225210823, 0.9418239274375705, 0.9414211276620293]","[-25.243548708059915, -22.97244314951583, -22.112913223436294, -22.20010487605159, -23.333163723381713]","[0.42874571801809774, 0.3651411680942156, 0.37489591184539617, 0.5201044167292548, 0.3970243381060452]"
957,"[0.9398514458842434, 0.9377468780061792, 0.9382077070756415, 0.9402676959778261, 0.9388937205904778]","[-25.6369144476938, -23.376040153911664, -22.515655663616826, -22.558700347657915, -23.73318912039741]","[0.34382861724492486, 0.3388142596185307, 0.337722589006227, 0.42421330539546503, 0.3370430166535791]"
958,"[0.9471675827775593, 0.9460034681157911, 0.9462553722523123, 0.948044495197746, 0.9466476878654534]","[-24.99543326783691, -22.737153162249403, -21.874572616377254, -21.944182336243824, -23.090368963005368]","[0.48626758319550867, 0.41700707429105405, 0.4300894849227576, 0.5295401568062096, 0.4525155197048284]"
959,"[0.935475813903137, 0.9342377131754319, 0.9346050509731891, 0.9358980987242204, 0.9350981538615071]","[-25.41112409489576, -23.113067778144934, -22.2592721593441, -22.396420516272215, -23.488507667847934]","[0.19128149568607825, 0.21572687182481048, 0.21330218953983465, 0.16493237991522536, 0.2079051308792497]"
960,"[0.9237298818105413, 0.9219177455346901, 0.9223067701707938, 0.9259575669524437, 0.9229089119446241]","[-25.721507985833234, -23.430499090621716, -22.576825538146174, -22.6682551506459, -23.804595874852627]","[0.27747051341956863, 0.29003659671680104, 0.28584915396248123, 0.2693007736435096, 0.27857488147839615]"
961,"[0.9474740791307975, 0.9465790771736644, 0.9467900289127156, 0.9476544137040931, 0.9471015498466583]","[-25.05549209125446, -22.797516182396095, -21.93460493044021, -22.00866372537444, -23.150170011363635]","[0.3033770354514763, 0.3439552425906875, 0.3363783414667109, 0.2620852501853299, 0.3232310704345387]"
962,"[0.9401444970253997, 0.9398604012823805, 0.9400376747108279, 0.9400346690597193, 0.9401333673603405]","[-24.934095138541572, -22.683142892131475, -21.819083574028596, -21.873559897705295, -23.032464976740215]","[0.3278806586338839, 0.33751832682972516, 0.3354558533955781, 0.32402546365735196, 0.3322454574001583]"
963,"[0.9439102631417855, 0.9421715791704617, 0.9425919712100241, 0.9444684665489352, 0.9432583648596354]","[-25.260730454839308, -22.985376902040674, -22.126212739240557, -22.232295506622417, -23.347581765068067]","[0.5389556408809985, 0.4809523521562353, 0.4930819619688206, 0.5652411299868049, 0.5147688010111017]"
964,"[0.9526815353885316, 0.9528389538637808, 0.9528214477582232, 0.9520220076400232, 0.9527599164466679]","[-24.3282578098049, -22.075667987909025, -21.210887381058033, -21.288984996011695, -22.424255997067885]","[0.40102676139964616, 0.3593137533739113, 0.3675834563881417, 0.45225086696689415, 0.38096912131637456]"
965,"[0.9448577858154594, 0.9449662726317128, 0.94493601534155, 0.944533404675788, 0.9448585715963048]","[-25.142165243716523, -22.876355853804363, -22.01589639330062, -22.089326454926898, -23.23447708499489]","[0.5437714241636146, 0.49361373380817547, 0.5087332988483266, 0.539852482793881, 0.5323376907709212]"
966,"[0.9368463339408392, 0.9366450433709762, 0.9367385341527138, 0.9369428228170427, 0.9368363409705578]","[-25.284646335388786, -23.007307085834437, -22.1491564085278, -22.2469912626174, -23.371506552360575]","[0.3995614102100581, 0.38146493659717745, 0.3847464354258139, 0.38727122974347455, 0.39073630291548267]"
967,"[0.9448048516626644, 0.9443014947436021, 0.944438167688498, 0.9448653105687694, 0.944610019179068]","[-25.11258362706374, -22.789196117020065, -21.940502162470015, -22.129424754897506, -23.178072303999457]","[0.514052364680636, 0.5418338566551484, 0.5372771373790918, 0.47511991778558416, 0.5274987314789289]"
968,"[0.949157140876087, 0.9485681329535119, 0.9487373036297116, 0.948996026394347, 0.948956709130687]","[-25.090357876353938, -22.826024770620663, -21.964854251931015, -22.043491361438385, -23.182738969040123]","[0.44898750255834097, 0.430274779318808, 0.4393176989038703, 0.44991121096946507, 0.4450362457221636]"
969,"[0.9494644776918846, 0.9484405458308196, 0.9487684353751533, 0.9498377613695664, 0.9491621198625843]","[-24.97810385420859, -22.70997402594101, -21.84918073191447, -21.943327631809456, -23.068101077649303]","[0.3495891815786642, 0.3644444733075268, 0.358846648579693, 0.3350663871102814, 0.3544692870507293]"
970,"[0.9425422285419446, 0.9412753571966521, 0.9415913156124169, 0.9434707530298488, 0.9420405300455045]","[-25.22789513186121, -22.976697522394396, -22.11324979721781, -22.15771409396968, -23.327014074268735]","[0.414523660039532, 0.3989074410840655, 0.4017184873301883, 0.43259082588266334, 0.405401986724495]"
971,"[0.9467955885818782, 0.9462706038036982, 0.9465217739613611, 0.9462503964644959, 0.9467707451614358]","[-24.643255951389126, -22.395124028085053, -21.529763310626812, -21.592161842321907, -22.741851785466583]","[0.7144177865763726, 0.730609729643989, 0.7272135689812256, 0.6761338716064974, 0.7217846107110514]"
972,"[0.9496959167203766, 0.9487383325996004, 0.948991752778032, 0.9498913000394273, 0.9492950643045466]","[-24.875484565203276, -22.608818417551884, -21.747455493826006, -21.844055263008137, -22.965739013891888]","[0.29919448342350485, 0.32565604198790776, 0.3201167589123567, 0.24215233981089876, 0.31093626814241027]"
973,"[0.9494517919952155, 0.9493239788348167, 0.9493458347987641, 0.9491528517497059, 0.9493957459608705]","[-24.928401385894325, -22.637947342555286, -21.78168895219705, -21.92212050197443, -23.007932989424077]","[0.408667142448459, 0.42715502221210666, 0.42510545988550275, 0.32200428828224203, 0.41810251910469143]"
974,"[0.9477354352135821, 0.9467876981411536, 0.9470626475664902, 0.9475496129975199, 0.9473920544416978]","[-24.963227674723225, -22.715456837327825, -21.85045259095907, -21.903782098564694, -23.06262944585693]","[0.19204822434501234, 0.18698180089506372, 0.18759263685555028, 0.22020476833834032, 0.1889844954473159]"
975,"[0.9460065775245773, 0.94502821935431, 0.9452999802423299, 0.9462446324558933, 0.9455739985975518]","[-24.97685057971579, -22.702823582791645, -21.84298883434896, -21.954119980185418, -23.063712272426024]","[0.47012247838728294, 0.4869375436811478, 0.4833591293806099, 0.43999835794296815, 0.477879332362424]"
976,"[0.944019990449761, 0.9434848518378823, 0.9436335133077426, 0.9438619196370832, 0.9438123210998317]","[-25.294483237029574, -23.036932139961053, -22.17463550853022, -22.234474642901624, -23.390420953585437]","[0.31211164593603063, 0.31285154369266477, 0.31232872096137165, 0.3494553085417463, 0.3115741836509389]"
977,"[0.9484529922178068, 0.9475486265390629, 0.9477216357625228, 0.9487230438145422, 0.9480437009506385]","[-25.11066670001303, -22.846276390670226, -21.985920060854355, -22.0489820306216, -23.204253156224947]","[0.1611819079112625, 0.15143643559625397, 0.15139944102666514, 0.18331095388277568, 0.1535564365038254]"
978,"[0.951157770426058, 0.9505603749785224, 0.9507616304931562, 0.9512374276894907, 0.9509783515019965]","[-24.848064416928576, -22.56503108612012, -21.707689736022083, -21.823888508048622, -22.931728270105417]","[0.39485518729242364, 0.40095292329294946, 0.401066226696421, 0.3641095542507874, 0.4021348685559478]"
979,"[0.9530524748677519, 0.9523478050078398, 0.9525038322635727, 0.953610834287434, 0.9527272043312763]","[-24.790547628624356, -22.54045050319185, -21.675828829595666, -21.73589942489048, -22.888737615549147]","[0.36666943660963325, 0.33159699263143755, 0.3385852806341329, 0.41087154364728234, 0.3512576695846431]"
980,"[0.9482662689833224, 0.9475112700456356, 0.947692727228468, 0.9485357140824153, 0.9479555279505003]","[-25.156840460468356, -22.8683633561936, -22.012308309213893, -22.135890085734694, -23.238239076405918]","[0.36264233816419394, 0.37581041739752113, 0.37310211922449066, 0.3456844751778294, 0.36876885785010527]"
981,"[0.9450310499667334, 0.944338490676774, 0.9446634892632227, 0.9445191970920255, 0.944980259010139]","[-25.023733673728742, -22.742426276416598, -21.884493940026694, -22.002189633035403, -23.10783966755443]","[0.338016530329994, 0.3359646299261333, 0.33632431957969383, 0.3513188549319824, 0.3366136016535977]"
982,"[0.9435923045847396, 0.9429693030117597, 0.9431960677054033, 0.9430573109098007, 0.9434933247423498]","[-25.119028992044036, -22.848046130279364, -21.98841782616048, -22.076860459047477, -23.208579831768304]","[0.33127757350859155, 0.3006165035719386, 0.30593282133547856, 0.39515091773525723, 0.31593181581146657]"
983,"[0.9529492288581763, 0.952228826479589, 0.9523916299601666, 0.9525346293509475, 0.952636828421185]","[-24.439693379844567, -22.167234232833884, -21.30706311852132, -21.41532323720418, -22.52725137984685]","[0.34301039715263437, 0.35290256125250924, 0.3528793162113308, 0.34142955724477353, 0.34864820818166253]"
984,"[0.9482732576711543, 0.9477610680821146, 0.9479054075819182, 0.9482712261495155, 0.9481174663229204]","[-25.10272671560189, -22.846591238989358, -21.9839371731073, -22.04223639019631, -23.199214462720295]","[0.17387289928340277, 0.1956807972837331, 0.1909521885209958, 0.15373371373746852, 0.18335765607547225]"
985,"[0.9490684235277617, 0.9480459259869358, 0.9483128155949483, 0.9497998830110225, 0.94871956598568]","[-24.950493343056326, -22.705522965977746, -21.840159521527923, -21.883716398048826, -23.05152884187737]","[0.2144268698411405, 0.1916735509082226, 0.19593184035062441, 0.24387101807551698, 0.20289522758915016]"
986,"[0.9494361852255189, 0.9488533657019679, 0.9490435263655838, 0.9492524476764231, 0.9492639411366949]","[-25.037391916116782, -22.793228912993122, -21.9278654945916, -21.966682231428432, -23.139070638957012]","[0.33088862890870085, 0.33795692074650174, 0.33633558747802655, 0.32907908518143275, 0.3338757129591753]"
987,"[0.9518889292179209, 0.9511051529715349, 0.9513077909883064, 0.9520952478170116, 0.9516052997339185]","[-24.557933481501525, -22.31858907569977, -21.451646623317643, -21.491928745086685, -22.66094031698872]","[0.529490823155097, 0.5280911789286622, 0.5285521208099029, 0.5300101954818807, 0.52928457212566]"
988,"[0.9405672862883898, 0.9388260621249453, 0.9391635688362119, 0.9418811621453105, 0.9397438698668582]","[-24.95896128423685, -22.70214097958759, -21.839438951211125, -21.902738417603434, -23.054846861513216]","[0.2812908149611869, 0.3063658333582268, 0.3010672572546066, 0.24527727054031398, 0.2927701427647879]"
989,"[0.9369482374648593, 0.9360897356903136, 0.9362944859638548, 0.9372482355389294, 0.9365967303523024]","[-24.937517156346082, -22.683636608962214, -21.82037707930985, -21.87686047105226, -23.034829663046438]","[0.30812566799891516, 0.30208694351563176, 0.30343323507904213, 0.32255422723821225, 0.30539778173563353]"
990,"[0.9489630545351834, 0.9479344572624326, 0.9481862063522553, 0.9493819497368923, 0.9485489332093539]","[-24.827924805452447, -22.59818412827641, -21.729663657985952, -21.742887333690717, -22.93600541539618]","[0.3564203021449985, 0.3413347349558031, 0.344459646865734, 0.37195124702442706, 0.3494565664860407]"
991,"[0.9479020155811443, 0.9467716421389614, 0.9470536537319418, 0.948429794365868, 0.9474410263870772]","[-24.93181339974448, -22.668605517967293, -21.80682721889911, -21.890644230671136, -23.024120302582624]","[0.29667942715579576, 0.33825089780224465, 0.33045343434173857, 0.242119418160154, 0.3160620356402689]"
992,"[0.9511847836166576, 0.9503879056153437, 0.9506622698734497, 0.9513934608697537, 0.9509811792437238]","[-24.948602164605113, -22.639373667202232, -21.787470436159172, -21.955123150188786, -23.020180191260984]","[0.3852131016913459, 0.4262432425454753, 0.4182685487141399, 0.36259909706510807, 0.4046742903759376]"
993,"[0.9498573016319607, 0.9486306956149997, 0.9489310086384324, 0.9504675907629115, 0.9493561635394118]","[-24.680183426612185, -22.46738628779327, -21.594947162101146, -21.581769444384168, -22.795475078430915]","[0.40371839399959464, 0.4031249197419974, 0.4036396111223842, 0.4156525746979598, 0.4037407306312584]"
994,"[0.9464138626362797, 0.9452789176239815, 0.9455813189624038, 0.9473166119474281, 0.9459268718015341]","[-25.25052226159477, -22.962864081161737, -22.10663285989043, -22.22903684671126, -23.332281962259543]","[0.4062826645687118, 0.46213956220532776, 0.45038672190846857, 0.3515458856264521, 0.43286159521202655]"
995,"[0.9529805948779573, 0.9525815544538726, 0.952709638143939, 0.9525494052089891, 0.9528650519956249]","[-24.554519019477585, -22.287307773508473, -21.425927914867007, -21.52650224873698, -22.64432154933505]","[0.3956105954762211, 0.4021680255841228, 0.39814794188451663, 0.39459905776160725, 0.39631301526374246]"
996,"[0.9540721137171015, 0.95306219839776, 0.9532742972415306, 0.9546698569743167, 0.9536178753161376]","[-24.4336901708632, -22.181514556143984, -21.31697542285237, -21.387980875683194, -22.530372020441817]","[0.4840378597685087, 0.47537150564208686, 0.4770013001801301, 0.4971023966817458, 0.47964265999269035]"
997,"[0.9499994548118789, 0.9489657795842384, 0.949246973043967, 0.9502801947104431, 0.9496095801269184]","[-24.629697770754873, -22.387206945772775, -21.520676740075984, -21.571646410481343, -22.730903405237324]","[0.25913193547265123, 0.26591044343765013, 0.26483964534428345, 0.2531601154105649, 0.26223257917334575]"
998,"[0.9481051015137396, 0.9466021301579935, 0.9468992108302597, 0.9485428765451015, 0.947443219196527]","[-25.324474434142527, -23.055908474091428, -22.196304396819357, -22.269882193937445, -23.415947795554114]","[0.32367615081225753, 0.28278512441941744, 0.29096508246969555, 0.35487500107941766, 0.30427600550476824]"
999,"[0.9518198904651511, 0.9503484422685404, 0.9506458394652129, 0.9521661900608915, 0.9511199700613714]","[-24.877631445022114, -22.613924455691432, -21.752628356857066, -21.82994730897601, -22.97029121910757]","[0.46676326410903063, 0.45518563123738875, 0.45803604198251713, 0.4871696543877048, 0.45887195168062256]"
1000,"[0.9521274635070713, 0.9519869306446541, 0.9520883122367567, 0.9514862159587397, 0.9522005133807746]","[-24.768200510028418, -22.5349321536342, -21.666799110070173, -21.69347747537477, -22.87412441772032]","[0.19883851443496725, 0.17625299682035447, 0.18064256807380147, 0.2508394931455056, 0.18789878611001462]"
1001,"[0.9457636032286154, 0.9447501461928419, 0.9449456714231461, 0.9461647500351009, 0.945342472255718]","[-24.879870103680695, -22.653695839156896, -21.784910063587727, -21.78263108350307, -22.99032135910678]","[0.2666323401064347, 0.2955335782345395, 0.2894364785493784, 0.26535423023738003, 0.2798942137047542]"
1002,"[0.9493939092496614, 0.948880597744303, 0.9490241999252333, 0.9494198407618838, 0.9492196809143223]","[-24.64263393290098, -22.371079115794572, -21.51035266092219, -21.624184960263584, -22.73005818433897]","[0.46539497271395686, 0.46325010613887985, 0.4638236404271012, 0.4635969434441369, 0.4645885129001305]"
1003,"[0.948167131553607, 0.9476020608271629, 0.9477602872594856, 0.9478337873415479, 0.9479911783408181]","[-24.999278188516893, -22.708254126941192, -21.852009536748593, -21.995733420107243, -23.078385219975708]","[0.3059343383012933, 0.3057848148574901, 0.30549484180450903, 0.32077120061891984, 0.3054089792011086]"
1004,"[0.9474780214478581, 0.9468854827667246, 0.9470907716192573, 0.9472487059791121, 0.9472999410452564]","[-24.685833801320285, -22.442303781494235, -21.576143330693316, -21.626327246182655, -22.786771244478885]","[0.2571688166393724, 0.25528871845990686, 0.25569659231912645, 0.2598500252708471, 0.25630478227790154]"
1005,"[0.9526716830889802, 0.9524178885868395, 0.9525256204266093, 0.9514714031876232, 0.9526676326582009]","[-24.718668538786584, -22.459404830427644, -21.59677407167196, -21.673290239863096, -22.812764455638337]","[0.3770751441795727, 0.3659523513655615, 0.3688449426117041, 0.3988837643482605, 0.3728012179902479]"
1006,"[0.9524855984897338, 0.9513751683153228, 0.9516066338181731, 0.9526887759871177, 0.9520284180763423]","[-24.66033342165772, -22.42221311345051, -21.555377341947477, -21.586432750152305, -22.764457277532884]","[0.2532906474078044, 0.2790115623377718, 0.2738223067106508, 0.22086625056295847, 0.26528871088563233]"
1007,"[0.9515982985467809, 0.9504858605534389, 0.9507644327054072, 0.9514752800832544, 0.9511785649841714]","[-24.3671592188909, -22.129503208428673, -21.2621665486871, -21.29977908257737, -22.47088524502156]","[0.2890108033419455, 0.2892178859694388, 0.2910149328886196, 0.2753249470642192, 0.29200785526863254]"
1008,"[0.8931795863046915, 0.89093532879946, 0.8911919568526382, 0.8982006976768694, 0.8918844094059021]","[-23.987211000609168, -21.848380200624327, -20.970026104955227, -20.670480719345115, -22.150581542446634]","[0.48364983952555035, 0.4168937836417839, 0.4291653833737966, 0.5913129343615596, 0.4484268760256525]"
1009,"[0.9124402847188596, 0.9110702789044415, 0.9112923852592782, 0.9152484837614268, 0.9116200267586159]","[-25.84439720320051, -23.56970945522914, -22.712943312604484, -22.767836616136986, -23.935461524947417]","[0.09349789587835405, 0.0800034513409427, 0.08105877587859903, 0.11377985014560497, 0.0861566821433774]"
1010,"[0.9120309724416553, 0.9107745833061553, 0.9109335914421952, 0.9143555444434214, 0.9113027028930761]","[-25.748325485394638, -23.437449160758643, -22.588396646869214, -22.70708332260466, -23.823071081025184]","[0.4592200850557381, 0.3947066990790006, 0.4081522226744474, 0.5265929921213678, 0.4283964983700461]"
1011,"[0.8917117828608488, 0.8901195709415562, 0.8903455942820956, 0.8963027550365732, 0.8910049736222181]","[-23.774055009907077, -21.50605730175699, -20.6559081005803, -20.556688168489444, -21.880554442130567]","[0.8419874795946372, 0.8126202128705396, 0.8169445667097324, 0.8780705840847473, 0.8274745737260665]"
1012,"[0.9130000482363343, 0.9116425227255844, 0.9119155022220804, 0.91454918105553, 0.9123997073510732]","[-26.197214265502577, -23.83334166117808, -22.996405888307432, -23.186575921526938, -24.24936979709679]","[0.325703930478965, 0.3170112648203174, 0.31919325337614557, 0.3386083822967392, 0.3220087342303316]"
1013,"[0.9132237942555436, 0.9109146448209129, 0.9112480075709721, 0.9159330731800558, 0.9119608394090044]","[-25.908853259127742, -23.618369132921345, -22.76540855443127, -22.83955364886793, -23.993468970313184]","[0.4446330870038805, 0.3877181092347196, 0.3980925525730369, 0.48179796594350627, 0.41647669658828534]"
1014,"[0.9157990645903704, 0.9137547292160845, 0.9142011772139735, 0.9172449897639218, 0.9148969807058414]","[-25.818538496350342, -23.52422080725771, -22.671900910550228, -22.756322336894915, -23.901159125259305]","[0.41457738768424696, 0.4237289148804381, 0.42256778337872286, 0.39596962017906034, 0.41926405085268653]"
1015,"[0.918678417754154, 0.9171052950534895, 0.9174495523077263, 0.9209719028313048, 0.9180170800399645]","[-25.894864279713424, -23.604851139937683, -22.75151134476772, -22.830303892040167, -23.979271574979713]","[0.3462483995107938, 0.35409695765320387, 0.3534545033169351, 0.3131619013662896, 0.3511760256752504]"
1016,"[0.9178386372432412, 0.9160980111550311, 0.9164447295833269, 0.920182711596548, 0.9170286860396619]","[-25.62640993958308, -23.32894555499113, -22.475779571703843, -22.596149683804025, -23.705249595694138]","[0.29801763994392616, 0.28114714076665, 0.2829231492221787, 0.3551709626731249, 0.2857824054785498]"
1017,"[0.9264339130941642, 0.9261910051849164, 0.9262034961342255, 0.9262640758503358, 0.9263763668062998]","[-25.886328669395635, -23.654883003404528, -22.790226090860276, -22.74416640436674, -23.998947093568397]","[0.3343209986699066, 0.29173794787390356, 0.29855381217159044, 0.3846602515511487, 0.30986273260886504]"
1018,"[0.9133849262198813, 0.9133359614371936, 0.9133653687107343, 0.9135633560321796, 0.9132900969555452]","[-25.838719081349346, -23.57688585864275, -22.71735741479974, -22.749558876783027, -23.93558125167729]","[0.26178138616841673, 0.2820355572295664, 0.2801727506258833, 0.21128716633277136, 0.2764980060277907]"
1019,"[0.9296657529290973, 0.9282692002048497, 0.9285660829655857, 0.9302152923850394, 0.9290535410886518]","[-25.707435574572017, -23.430047600772134, -22.573141787576734, -22.646595279893727, -23.79618833623125]","[0.4564920975705541, 0.42220176121417125, 0.4278968374773704, 0.49046860792823377, 0.43762576272429393]"
1020,"[0.9295828261257827, 0.9301988600597976, 0.9300355248731408, 0.9281797800703143, 0.9298330831615348]","[-25.359933089399462, -23.046198663129104, -22.19553292135555, -22.36538486625966, -23.429899942400493]","[0.31785351770543085, 0.2973155910669961, 0.30189281277291113, 0.3454513221866686, 0.3087995456825537]"
1021,"[0.9340763572491892, 0.9328007387029027, 0.9331186416150469, 0.93497702865139, 0.9336244346466833]","[-25.48174181798249, -23.187235093744405, -22.333488013898478, -22.4476401627181, -23.56199273746029]","[0.3778789134747604, 0.38993176493686593, 0.3851510579912995, 0.345844291338966, 0.38209187402883465]"
1022,"[0.9425859026702526, 0.9414730581314303, 0.9416929191294606, 0.9428610488855315, 0.9420962006767029]","[-25.066992375502714, -22.799357297539192, -21.93919409688973, -22.017993213680587, -23.158339025372744]","[0.584447809921908, 0.5584902951840945, 0.5645441116428079, 0.6098496151058113, 0.5736784353733404]"
1023,"[0.9389285054056203, 0.9378370216254406, 0.9381663558384451, 0.9391499548620051, 0.9386003929785359]","[-25.178405765144966, -22.915692203269675, -22.054654325846787, -22.12099948504959, -23.272249048304225]","[0.49611495840485487, 0.4877439317721393, 0.49183588354337326, 0.4367383671101016, 0.4981138321833413]"
1024,"[0.8795314346333704, 0.878411910199242, 0.8785625533715143, 0.8829348720358944, 0.8788679177888536]","[-24.891075675959364, -22.578199427444737, -21.72977837645793, -21.847527091848058, -22.965235443045792]","[0.5034899269418305, 0.5288275398829053, 0.5227819656516068, 0.4802007526638885, 0.5145273611511513]"
1025,"[0.8878667975606991, 0.885612813000521, 0.885995639320914, 0.8936632177286041, 0.886589618650253]","[-23.584455258126244, -21.32414157680186, -20.46802156769382, -20.430145576791716, -21.68771899351886]","[0.6736471136250616, 0.6334286816823838, 0.6421891197625923, 0.6413746399454402, 0.6552918172565251]"
1026,"[0.8977070803929212, 0.8969923885667141, 0.8970608112081441, 0.8991603591605126, 0.8972888094978109]","[-25.56629558114099, -23.346991584381392, -22.478529786923644, -22.431503903258736, -23.68258285172302]","[0.7722204013669915, 0.7301533886975566, 0.7428130789642831, 0.7736141348494062, 0.7537509975452664]"
1027,"[0.9035193924420876, 0.9044761382279776, 0.9042077160937116, 0.9039098353177851, 0.9039060459410975]","[-26.290039671810792, -23.860973429931057, -23.035152284738658, -23.394797970306563, -24.308375459588916]","[0.46863384091598753, 0.5039457768091413, 0.5057635399434508, 0.3633305170449929, 0.49837506162820894]"
1028,"[0.9175181254355854, 0.9165578751347824, 0.9166849933429537, 0.9178394746074944, 0.9170179772445203]","[-26.19520466393222, -23.86337436333797, -23.018761038527746, -23.174188089310228, -24.260443135215617]","[0.5251854631864425, 0.532383425145461, 0.5329821485909801, 0.49186754221852075, 0.5301309554153486]"
1029,"[0.9130259553049962, 0.9129906933836912, 0.9130250283622089, 0.9141249633630094, 0.912976632361719]","[-26.335864906764062, -24.039942226088566, -23.190627513586453, -23.226692599283865, -24.42188326432556]","[0.32668182155853037, 0.28959987284023025, 0.2922122395112352, 0.38193404265987385, 0.29853708960277586]"
1030,"[0.9201165093046175, 0.9185105346098319, 0.9188000761901928, 0.9213985596481613, 0.9193526507511003]","[-26.07717304519607, -23.768388103753903, -22.920053971834704, -23.011830754672694, -24.15466574493239]","[0.345230872778475, 0.33923422982600304, 0.3360815569108672, 0.3902903664383174, 0.33244854872979185]"
1031,"[0.9201078640790964, 0.9191730543143827, 0.9193437833113633, 0.9213365173040085, 0.9196242523502315]","[-26.21607459407604, -23.873793135034074, -23.031709413884727, -23.197867747884416, -24.27708272155875]","[0.41271740578353583, 0.40823687194829134, 0.40954254261998113, 0.37772156489429365, 0.4113264992106624]"
1032,"[0.9206753429198566, 0.9196243263667401, 0.9197393438494403, 0.922344990659198, 0.9200551699382198]","[-26.086601894594963, -23.808965944230508, -22.95809605137955, -22.921600754946653, -24.184488538198043]","[0.2319805847299232, 0.25851055343147117, 0.23910066036580396, 0.282965981635642, 0.2273005995682112]"
1033,"[0.9282178492526353, 0.9280141204131903, 0.928071390230768, 0.9280147640448684, 0.9281286548584025]","[-25.850514860774382, -23.563220189264836, -22.708997029610266, -22.78911462951249, -23.935673181489282]","[0.4927933681311343, 0.5273512049743985, 0.5207731942102909, 0.48916833789574327, 0.5106146782767036]"
1034,"[0.917676004311966, 0.9175393908867167, 0.9175162788792305, 0.9170910913119055, 0.9175252534501095]","[-26.025811840600486, -23.733441782539636, -22.880597505212396, -22.963769669453015, -24.109164699738816]","[0.42353665868035756, 0.41281373299448443, 0.41735589116297017, 0.4244753720197078, 0.42213235806269095]"
1035,"[0.9357215309917077, 0.9338953233720119, 0.9342920506487089, 0.937417495571636, 0.9348500195042038]","[-25.524632552607414, -23.266796137819764, -22.4054470213811, -22.44887231783929, -23.621801579728277]","[0.4217836734872907, 0.42420879044701126, 0.4267233211987933, 0.41348936288991817, 0.4312943959186919]"
1036,"[0.9274760445176206, 0.9272076619568479, 0.9273623918903914, 0.9266958849095661, 0.9274740081049772]","[-25.53702521284412, -23.197332893035476, -22.352841919575596, -22.554664244588032, -23.596287162939984]","[0.5691101106658453, 0.5635925780404654, 0.5656659671720036, 0.5534612126727251, 0.5689179918888799]"
1037,"[0.8925018403870322, 0.8891837344296913, 0.8896470511659372, 0.899524580221742, 0.8906709452205097]","[-23.940505169896984, -22.07744482642911, -21.132299961150693, -20.439584050397826, -22.216563668438805]","[1.0329407315705157, 0.9536889417058307, 0.9734633839997789, 1.0897776948925015, 1.0020367430136845]"
1038,"[0.9232544476678402, 0.9227837102273206, 0.922879396270174, 0.9241238274212694, 0.9230917224325145]","[-26.072872063621336, -23.75216372626771, -22.905418567496074, -23.036480293652275, -24.14350935892177]","[0.3478196194850992, 0.39500606656090104, 0.3851097415960606, 0.30628623768958574, 0.36962792325375693]"
1039,"[0.9339349525844521, 0.9325265030404513, 0.932896253189921, 0.9351524322145701, 0.9333468789289026]","[-25.50315096351176, -23.19163046565365, -22.342052109127312, -22.474976922322575, -23.576579791463484]","[0.320167847769009, 0.2660178947871854, 0.26920067986856994, 0.44755280125949576, 0.29249696003449727]"
1040,"[0.9320353981377564, 0.9322466216257953, 0.9322534156090532, 0.9314548815467268, 0.9321873925897011]","[-25.171591549168475, -22.883612711552722, -22.027660126043447, -22.146594796253858, -23.253527110750653]","[0.24496693559992322, 0.2668593991566114, 0.26105053352507157, 0.25296018635849427, 0.25306264107098775]"
1041,"[0.9433350360272191, 0.9426212578959374, 0.942818527231196, 0.9428970991720055, 0.943096099216118]","[-25.235786186390587, -22.965898894223205, -22.105532612404804, -22.20181781361521, -23.325046281167197]","[0.5284464532300627, 0.5253403613586544, 0.5264053913789085, 0.5138913562384003, 0.5272778639858055]"
1042,"[0.9433878355319896, 0.9424796072668421, 0.9427446646799397, 0.9432366225013397, 0.9431015470951617]","[-25.294013925290255, -23.00837358033993, -22.15218229533352, -22.261409245641282, -23.377424366123602]","[0.3086836075400989, 0.32423271604105275, 0.31995783515477516, 0.29817392956449124, 0.31350564530701325]"
1043,"[0.9394810094784699, 0.9382435098336905, 0.9384721074058422, 0.9401880573625455, 0.9388691741406197]","[-25.450691533106184, -23.16428665246197, -22.307931591058246, -22.42491885732892, -23.5332551042727]","[0.2820847953967028, 0.28734333372377674, 0.2853253741916931, 0.29991565220084876, 0.2820869386105424]"
1044,"[0.9058255414828156, 0.9022315694356839, 0.9029606218755418, 0.9078458616962284, 0.9043028620514896]","[-23.366732595410067, -21.104834531975985, -20.25624013531455, -20.10164180670466, -21.480367270290397]","[0.7676098588947673, 0.7274884330722093, 0.7373384853004579, 0.8063831828242176, 0.7525055126674897]"
1045,"[0.8984458901136105, 0.8963101044843507, 0.8963292208097576, 0.9046517702687553, 0.8969171520715519]","[-23.083729960326593, -20.958799368620017, -20.10210951893558, -19.49030365369105, -21.289805954078822]","[0.4858544416781017, 0.4121973298450512, 0.43666305101481084, 0.4654293359675107, 0.4753315807222338]"
1046,"[0.8849283889837601, 0.885639388211915, 0.88514339796332, 0.8899485436960938, 0.8845939182317548]","[-24.002948567151137, -21.64936747000439, -20.82018702120022, -20.799579113439236, -22.075541883321296]","[0.49594849240510036, 0.5619947810584602, 0.5445029136710053, 0.5199922336502039, 0.5160072275350688]"
1047,"[0.8988298414772571, 0.8990058758289031, 0.8989396849717106, 0.900222392729387, 0.8988975616541277]","[-25.10689859574475, -22.665883167292204, -21.84779256587097, -22.09904725865019, -23.128337562315213]","[0.7851137461283941, 0.8188076256679494, 0.8151251430936562, 0.7059825018246773, 0.8063555138119892]"
