coherence_Fp2_F4_mean,coherence_Fp2_F4_max,coherence_Fp2_C4_mean,coherence_Fp2_C4_max,coherence_Fp2_P4_mean,coherence_Fp2_P4_max,coherence_Fp2_O2_mean,coherence_Fp2_O2_max,coherence_F4_C4_mean,coherence_F4_C4_max,coherence_F4_P4_mean,coherence_F4_P4_max,coherence_F4_O2_mean,coherence_F4_O2_max,coherence_C4_P4_mean,coherence_C4_P4_max,coherence_C4_O2_mean,coherence_C4_O2_max,coherence_P4_O2_mean,coherence_P4_O2_max,epoch
0.8652855276709942,0.9672277261099369,0.7519275106241072,0.912959871164872,0.6213241255814733,0.7453937670893985,0.6418209074272819,0.8487164040454864,0.9630005960734422,0.9871214396197583,0.8067263620413733,0.9230045397142718,0.5585679854655469,0.7275369851055417,0.8749245171885841,0.9280057119107332,0.531680653547987,0.7445547397391749,0.7447871732428601,0.8935625592880193,0
0.7741754564117868,0.9709245250853912,0.6113847287681341,0.9222470698837506,0.48591510284957523,0.6857000192902973,0.5820628478064281,0.7731798176641246,0.9529833532308846,0.9864496918299084,0.7918621928709716,0.8977150824625127,0.4412720074930151,0.6803270765150634,0.878230359869079,0.9418488815816095,0.387639826175284,0.615914104733447,0.5844718239263456,0.8207880112274962,1
0.719641278948992,0.9655057719291897,0.49570036391762184,0.9009434016323966,0.21304413271231076,0.7439460044494244,0.23367734033983115,0.6967572042484634,0.9270219762701707,0.9831750592684944,0.5732260013569562,0.8543493077803475,0.25776494180456755,0.6349854960117821,0.7578472538603375,0.9036650164578077,0.2950320692581576,0.6283767715867601,0.6192440944819666,0.8247747125324522,2
0.8668056193705347,0.9717700578658658,0.7420066503958757,0.9312218320405433,0.5647380411638113,0.8059318658068227,0.5946049583260984,0.7829356705440599,0.95640114298771,0.9888009950795824,0.7552272099280412,0.8857147630234518,0.5259620576055118,0.7172968346014751,0.8450247027555242,0.9203995624348931,0.5073811774426809,0.7026839920910185,0.7392099891134685,0.8756012827106584,3
0.777137521051554,0.9749394338181492,0.620834486473224,0.9387342713644726,0.5620515892573957,0.7243595068146313,0.6140344216035614,0.74641101141738,0.9528321723619475,0.990281615896582,0.7898084649924634,0.8540729991704389,0.41079906113752374,0.6677583668590946,0.8465155388065251,0.8941514003191687,0.3451494357980042,0.6377797731834957,0.6239441565998305,0.8487817270438375,4
0.8071515273683987,0.9674710018961651,0.6272273973932595,0.9101967959994518,0.34017974067910745,0.797287398829708,0.33769297142455557,0.7201877818483341,0.9385209023293113,0.9883668387391693,0.5995013942532607,0.8782048702183588,0.3125915441862991,0.6744129768117982,0.7515138409484552,0.9184684205399296,0.3400694232929124,0.6729869144057677,0.6817024031709336,0.8666432770800188,5
0.9264545042126149,0.9671786487651687,0.860425021068437,0.9137002525905445,0.573017309749058,0.7751731808365477,0.40390313007434264,0.6111823265424052,0.968125832204236,0.9884259134425558,0.7169381282794928,0.8309882641005721,0.45061528052750693,0.5539022623735783,0.815550030611148,0.8730512702978898,0.5150372124098324,0.5902571607771305,0.8175077723224432,0.8445270016182282,6
0.9112947403436971,0.9830579833869401,0.834527319025441,0.9550132915014387,0.6132836545080697,0.7914404482745988,0.5112345426974471,0.6398444623791052,0.9684670565256489,0.9918899519343106,0.7624115075183331,0.8535141220781906,0.490874945047673,0.5816972125379408,0.845258890749999,0.8939996952874764,0.5067487463152474,0.6031641738463743,0.7486528821074371,0.8567570406990365,7
0.8983176077902988,0.9732622319455282,0.8117924260133145,0.9291527233338555,0.5997033496622031,0.737825052124929,0.4924412699112753,0.6722556538635639,0.9651792165879627,0.9875383461090295,0.7442830294162383,0.8428280540393697,0.43487239124968646,0.5811648605971993,0.8247307238101818,0.8908094408652554,0.43761433168072084,0.5670334342538665,0.7137212944812555,0.8179486153500507,8
0.9270980357837394,0.9803372241112476,0.8724920548245856,0.9467605390802729,0.6688649520810194,0.7767255032799717,0.398079015830603,0.6337790899232415,0.9760506875656634,0.9904017256557263,0.7824284169318297,0.8679218886302597,0.3685787983000355,0.642213758027863,0.8472484046010768,0.9100097434236771,0.38876748544617284,0.6724307792228261,0.6757243636253049,0.8673873112180972,9
0.9144768382750801,0.9789740131282338,0.8517946297203904,0.9434285783317169,0.6912386023879467,0.7717639643817854,0.4923942933304956,0.5842363530073511,0.9731950163892296,0.989349629525564,0.7716958384166657,0.8507200799291206,0.3973770770428018,0.5762984850496143,0.8248180244708652,0.8905713045575663,0.39505784776900194,0.6016932901971803,0.7171714429947832,0.8532178627966829,10
0.9350997916450383,0.9753035977304954,0.887121539742539,0.9420876824386352,0.7133220172175544,0.7916979689039011,0.46188231903781196,0.5519521644402239,0.9806413955620216,0.9927184982236988,0.8106440586739774,0.8658731497745329,0.42367889127231767,0.5734422372072584,0.866253575783174,0.9142413903058377,0.4392534231006795,0.617513023983146,0.7092673237997091,0.8504690678037845,11
0.9132170351606768,0.9675158030162221,0.8491497175030432,0.9231293331785252,0.6831772177967156,0.7341560230381592,0.4920320760127853,0.5975785756207335,0.9770883977858575,0.9883676664593315,0.83137581155045,0.8591324875727547,0.4794498192586318,0.5669153012771816,0.8923779241792072,0.9128726415996161,0.49863772489062325,0.5892184689809561,0.7243825650670248,0.8393688228772486,12
0.8815411990303652,0.9637853186549405,0.7783818380848254,0.9180227388024493,0.5509996172173276,0.7568827822111839,0.4345385512372733,0.650511740718142,0.9632085775075905,0.9891121998009913,0.7307381203369344,0.8649568925725001,0.38417010341928526,0.6441545133402514,0.8228321898697614,0.9184953075131527,0.39172782988237703,0.6838850479848331,0.6739164158764294,0.8622758854135137,13
0.9300956790079059,0.9768945460354101,0.8583781933672807,0.9401483744312911,0.5530181225516808,0.7263714309208887,0.3721645834901514,0.488891187103294,0.9711636622797996,0.9902070886730074,0.7240328313785792,0.821798482413623,0.4543637464405903,0.5396153161606568,0.8288476241493714,0.8836443641601455,0.5301436611409898,0.5931547491542605,0.8154535314593023,0.8419293159767284,14
0.8901015921045236,0.9666234153477347,0.7970688795823805,0.9197290899245666,0.5090154024888693,0.7246334493853352,0.32433246735048277,0.5837832622818819,0.9588762559994893,0.9873467102336185,0.6697954048255351,0.8474254744664508,0.2983226135493398,0.608489429299319,0.7715900814627017,0.9081313239751416,0.32604533847936584,0.6463487227098249,0.6705864517679412,0.8350822828818092,15
0.91031144746267,0.9695591628477898,0.8429217322201612,0.9277638809704946,0.6497708905082703,0.7375515340915779,0.4456819297788276,0.5533409836504747,0.9720139687674881,0.9892496996382961,0.7800952713622392,0.8275445499068528,0.39351598724980996,0.5514392380201317,0.8486464525921271,0.8856239988763699,0.4025846066462432,0.5897906850600332,0.6762367746125816,0.8288295751025437,16
0.9100232469171409,0.9750230440348732,0.8346133353630811,0.933341750244522,0.5559158669545309,0.6677677598965269,0.3508254505362173,0.6568556594141816,0.9645918906240946,0.9879795463846759,0.6943293084493143,0.8051048298750683,0.3288382081147483,0.597904727853877,0.7875806672356944,0.8741282047712777,0.35664648161012263,0.5915832063641493,0.6864057740899798,0.8296857685555792,17
0.9198158912387376,0.9653383238751501,0.8457918974026618,0.9092736881986938,0.5406685824627714,0.6018828430189558,0.3689958734269176,0.42269945556127825,0.9663335680239816,0.983987895307056,0.6890062908547738,0.7307844757479315,0.3762935800135861,0.4093534649268536,0.7898921991864923,0.8187431531460451,0.41668594353976524,0.44332792011682265,0.7265803397759503,0.7931163219700413,18
0.90932771542485,0.9729209522983797,0.8288688457811512,0.9238076127669239,0.48788826278929953,0.667128862822859,0.3307046919960538,0.6334325631619157,0.9582228976826574,0.9859874565723411,0.6341626023767624,0.7868351704952751,0.34742836899134744,0.5073891383194162,0.7514225291798089,0.8458327129860034,0.407530788117138,0.47671911171098835,0.7725349367520622,0.8108077319851238,19
0.9097712133296206,0.9810734779691715,0.8278313760998924,0.9495645064110317,0.47800643368126255,0.7022619093633395,0.2973437143521216,0.49164825887365565,0.9604550640233503,0.990770242147943,0.6255828330523837,0.7762944408405609,0.3097921521118196,0.46242573484135535,0.7433109881297625,0.8413189004460389,0.3664543503881933,0.5119719301461829,0.7493388884149068,0.8222861897668867,20
0.9136397542998871,0.9752574501652295,0.8414086519767788,0.9380146468918501,0.5758220372172428,0.6906301943489865,0.43340719279651835,0.5279373333244889,0.9656009155490437,0.989469488353634,0.721925483193649,0.7644460373610255,0.44537780001888805,0.49225756721305686,0.8169003160042378,0.839508350810556,0.4879133774746506,0.5356357433524167,0.7750220482210208,0.8200814035644914,21
0.9151415718279237,0.9717454219690651,0.8412180077008024,0.9269263835767069,0.52868772289623,0.7028486251914613,0.30446210519611716,0.6060671521036706,0.9653321604996565,0.9881438486489023,0.6625474877681641,0.7823139393164883,0.2938417080732736,0.49773596017925514,0.760953083459505,0.8344453007529992,0.3325032546006942,0.5194806259358885,0.7051678426448138,0.7920994608496031,22
0.930599422735504,0.9674161601210064,0.8783811844303955,0.9198776232607294,0.7426117277945444,0.8189121618812482,0.6449119679044251,0.7518072561016501,0.9751245257345356,0.9890604968306695,0.8241153394903591,0.8740478951864521,0.5936489215841607,0.6680945095595262,0.8735064049604581,0.9072232586043057,0.5937646826070047,0.659625093364557,0.8150471884443331,0.8537606861964292,23
0.9096777035379272,0.9644292970774921,0.8246964366240724,0.9058189753231589,0.5430079289560764,0.6745909488793442,0.452402428230503,0.7054028176448824,0.9607964948709182,0.9842333297728639,0.6775778074057947,0.8236695725472998,0.44346935292028183,0.543995981671596,0.7818423150371715,0.8725998253235814,0.4846351136986871,0.6111122486459352,0.7985879215836917,0.8807406293657046,24
0.8945803151648299,0.9787892754060866,0.8025260235123981,0.9469971017142595,0.6162991507100343,0.7715595433260338,0.5708823037704469,0.7563855773455236,0.9643675799390647,0.9920699631515201,0.7705200373267481,0.8579227618916199,0.5335016059828651,0.5897945705212909,0.8512557980624712,0.9065223337276199,0.5407794519018343,0.6254186911451528,0.7811379042481762,0.8629647594501093,25
0.8977261295406982,0.9596833619384163,0.8140577679342518,0.8950606035862282,0.5356997510078132,0.5836957936592677,0.3710819208733978,0.466354147601688,0.9579755622223035,0.9824799982853407,0.6800032514613136,0.7205058802109456,0.35523970445269354,0.40785574478642445,0.7797400163098406,0.8157037565012021,0.3940322605177103,0.4466021837881618,0.7368224206998842,0.8072729845136419,26
0.9012536138247711,0.9691290671736507,0.8188486518453825,0.9149779257068199,0.5288180188178769,0.7019792698431881,0.35573381917799357,0.6658980269006802,0.9612332497192556,0.9840701790979285,0.664031153621797,0.8345724496951717,0.32869627801954826,0.49225262505225925,0.7655986378754558,0.8757571979054799,0.36423967413476577,0.5007453389567845,0.7316652078631283,0.8387544955125535,27
0.852787056350007,0.9631518052784235,0.7181001959342711,0.9031356601831136,0.42518650126557733,0.6195420249639628,0.33109666431305784,0.4848784756349314,0.9475875665828821,0.9843278216130324,0.6309521741629399,0.7573812576065793,0.2471886565702043,0.4444309129641573,0.7489498462536309,0.8429908826260814,0.2407694186750658,0.4866925623063195,0.5495065147987165,0.8090321923232048,28
0.8743529594783664,0.973546194122759,0.7638844928931555,0.932560288469606,0.5219358586970936,0.6847472068891186,0.409882370600591,0.5702637523098758,0.9592553295554319,0.989021902825918,0.6938565902126534,0.7842113714946637,0.33420359401323724,0.4997752762498148,0.7905907982194736,0.8529467447882654,0.33231723189911905,0.49714026729263067,0.6374172001182778,0.7799140159099535,29
0.9240992366390132,0.9780544478290146,0.8569386319678953,0.9408196811969155,0.5486401548128845,0.7431183769540725,0.3946393447069894,0.6242530096040967,0.9653914666291936,0.9899691625655413,0.6881120404606216,0.8393252602530056,0.42429761171292496,0.6767104988203849,0.7899361646418588,0.8995014886150219,0.4800348247926142,0.7245774180344468,0.7898717321010007,0.8980884765069709,30
0.904960043980319,0.9781426315460976,0.8215877668716149,0.9379525373144987,0.5431484443555764,0.6917265779325762,0.43496977674097825,0.5882793127460387,0.9619556756187942,0.9878978148700369,0.7130752509313827,0.7916690195304488,0.4474351045156682,0.4877668625638646,0.8159285467883896,0.8602069108754673,0.48299181410589614,0.5341839784980539,0.7475650546988305,0.8108382094477649,31
0.9295990320238084,0.9861732315431003,0.8790999687675316,0.9605230977019829,0.6226219204566235,0.7389636186748004,0.37835819706301815,0.4983618667425425,0.9698285237711775,0.9921376151372711,0.7403527292692808,0.816680332028962,0.3955529511760464,0.5379653635073013,0.8213116055951315,0.8756893048150786,0.4410379106041944,0.5927228001157652,0.7549370761458932,0.8550338388903629,32
0.9223812775977069,0.9832792473832338,0.8655324397676262,0.9534979281150172,0.6170742744976454,0.6850545134246175,0.38556975889087736,0.42526694849627533,0.9683972062828028,0.9911073104864319,0.7188384759137357,0.760945766074159,0.35563893496941534,0.42403356906027045,0.796705926422584,0.8264243826565922,0.3834110779409177,0.48150440264863464,0.7191385335672147,0.7787394402682637,33
0.937335042725644,0.9775418490159755,0.8759195787411583,0.9435409634612849,0.5742765589356701,0.760271685179117,0.3353036364378177,0.554421926506243,0.9737623115194797,0.991117489877815,0.7143443602468272,0.8451343637608827,0.37235809902533556,0.5877483675495109,0.8081886430813473,0.8988438097880569,0.4268365249826608,0.6316918482198863,0.7432533324083223,0.8489220728906067,34
0.8953777681738303,0.9651470987993144,0.8081955740203832,0.9098131520404009,0.5758599040812459,0.7205831317519309,0.463309365473528,0.6932325274935943,0.962171530338383,0.9865961586555337,0.7257882956994507,0.8338841802048071,0.42016347289039074,0.5629282909304627,0.8142676021437059,0.8861608669978129,0.43410596105671495,0.5274161886730807,0.7238931542264919,0.7928161267298071,35
0.7701660886707142,0.9750649737127072,0.40468314954653634,0.9439981023026478,0.12824605179215282,0.8348080921414004,0.3192174106382835,0.8674732560405933,0.8344382689422328,0.9913467807302003,0.3759004334684425,0.9155784822955887,0.49790367101032107,0.7260790041670588,0.7192185747194699,0.9396442056592325,0.5900697969002757,0.7403244828927852,0.6911365491952931,0.9234233797590929,36
0.8499947871023216,0.9691922597210818,0.47921729845734584,0.927897358977097,0.11905929792740559,0.7956140678626357,0.4469309772880901,0.7725413025498932,0.8121271896546522,0.9892398141008644,0.23362320365084077,0.8964218622508735,0.5562243494559466,0.7791303483036788,0.5621092874935141,0.9188518267753937,0.5875573817535307,0.7781949613076073,0.48670838964169943,0.8997070050867501,37
0.8935903091030583,0.9719003576853263,0.7148445681672314,0.93532988726427,0.38374179653676915,0.8578206360295645,0.5524769848260723,0.8309234411800177,0.9346693835843338,0.9911660418006505,0.6286689136745228,0.9126084691533737,0.6858279503549202,0.7960727340215421,0.8200187123254202,0.9416309491485337,0.7705280514326271,0.8044586041873456,0.8692599264331963,0.9139014533783003,38
0.7659524700102576,0.979441464913451,0.4055231987946001,0.9528463696113674,0.12887870652085226,0.8900021140377856,0.20012253642289402,0.8733998986419554,0.8377491188828733,0.9931019396279753,0.2742386096428305,0.927351615482431,0.2501295926630514,0.8539892187564028,0.5781844829690103,0.9514754705828442,0.3160213111688802,0.8603990060029436,0.5977125566315423,0.9511510334682713,39
0.809352148960509,0.9638582521376399,0.5239984982216578,0.9080632386214752,0.15637530735431007,0.6706582883024853,0.4585802126214,0.7419886625334786,0.8861971406237265,0.9849178231233133,0.47671876786165746,0.7892628044839587,0.6091745602598807,0.8235082767920483,0.7594372508701349,0.9123263652473567,0.6314661506344207,0.7744206906824908,0.6575634871734127,0.9316418431043558,40
0.8533354507549546,0.9719603438260427,0.720530021743208,0.9372460106184656,0.5062160159788126,0.8307892991081994,0.47981278117040593,0.8292495850890936,0.957455297662446,0.9912411737601214,0.7094484088799069,0.8901920732048272,0.4554903431819675,0.7668977724828171,0.819000284925386,0.9291623838621026,0.48202970845854143,0.7844208322368286,0.7798915807277275,0.9220955709663187,41
0.8779371502331619,0.9641921097503298,0.7667989117369328,0.9149497149964778,0.5325467742750394,0.7520589577865342,0.48798896818479054,0.6809770417301826,0.9574229205982158,0.9872487876455848,0.7203718842510615,0.8489154510218999,0.4803736831300354,0.6997144781537227,0.824954383769387,0.9068548074528084,0.5069133533767827,0.733341739606228,0.7760700031174337,0.9005410894333193,42
0.9154956218428535,0.9704214970236997,0.829855811995337,0.9298641552234522,0.6624435943323191,0.7873151383684032,0.6772765143081249,0.8353492607472234,0.9704272729822163,0.9895067245629495,0.8118416073274396,0.9065153748198425,0.6625952446391953,0.8329226821093021,0.8859814032567999,0.9233377261288559,0.6654753159479796,0.8888728459695572,0.8297863833886587,0.9576803270519617,43
0.8894207562352313,0.9772619145270593,0.7871680062311492,0.9416279130866538,0.5176117371848878,0.7153334181208663,0.4233518860985711,0.5695957120572235,0.9633341718368417,0.990238595174372,0.7239014332546352,0.7957647186403652,0.44609936570695563,0.5703391857987212,0.830489311419314,0.8634737544769925,0.4807801210079989,0.6134946238324044,0.7361859008255079,0.8710474206380916,44
0.9305915103903433,0.9828911140646859,0.864749473057277,0.9505071960188185,0.6084321926240857,0.7494842531587014,0.48189190835232565,0.673662588749972,0.9714168516285887,0.9906384148531212,0.7375672046323074,0.8474987486286583,0.49357621398074975,0.5892737248287788,0.8255609426724534,0.8934347082441692,0.536865704440709,0.577184167880413,0.810332445423682,0.8333535824483258,45
0.9113156329035127,0.9777545534062703,0.8397824180750197,0.9398340844968176,0.6754699700762395,0.8235090123850375,0.5380740724252797,0.6520609120165416,0.9723093477332463,0.9902187063576302,0.8121249594186296,0.8826848969667753,0.47126732031330837,0.5932997857898212,0.873167872991914,0.9076008383105454,0.46228068667392297,0.5802518699429595,0.6833916812308678,0.7835777258575254,46
0.9213906087719921,0.9820176141641399,0.864981652453843,0.9484774605125331,0.7414675969509607,0.8139661146346905,0.6295735281345523,0.7244422722929088,0.974304201703242,0.9904392699773713,0.8361711154073264,0.8892374530032413,0.5677393207071766,0.6289021452789545,0.8836864971977333,0.9190702953031301,0.5652539245134023,0.6206916143103818,0.7864212602623886,0.8397045292177288,47
0.9318646135678436,0.9736507812680556,0.8752543370094431,0.9403266344029305,0.667606698894164,0.7887108650170784,0.457865690763918,0.5516362859246619,0.9775343471338622,0.9922203841962451,0.7838731144587038,0.857844447300371,0.4360321124974083,0.5712730650770563,0.8523393730565112,0.8990627951034688,0.45883761668180656,0.6159629045542518,0.732719236963759,0.847122897588154,48
0.8970368898879542,0.9671427855022573,0.8197303411213344,0.9184732767158383,0.6523695970633555,0.8223701244784399,0.5490238509875138,0.6929378097975647,0.9659197486330371,0.9905139566033144,0.7809318349193953,0.8765870517757032,0.4948751178003131,0.6248736273518862,0.8497851801098786,0.9098235794239813,0.5037155733401733,0.641936536699014,0.7694146652179804,0.8567644909623193,49
0.9021475057740842,0.9689303477522446,0.834412976176454,0.930796103045672,0.6599379188877161,0.7982448439974884,0.4816326052978154,0.6821646738867301,0.9694161825809597,0.991093171888487,0.7661579167066401,0.8633923416759692,0.4183826312299489,0.6064010839149961,0.83189554309629,0.9104886483888344,0.4325625097680629,0.6039137835137839,0.7417492008030508,0.8423821423752887,50
0.9237035911393955,0.9702472363425189,0.8556901683559096,0.9332504161929948,0.5985581445113194,0.7987423018214533,0.44885877552965775,0.6620856310659797,0.9690098303315962,0.9912172155372682,0.7384112682448541,0.8742458641151648,0.4617433053360323,0.6428629406101063,0.8277612894600462,0.9199291199222133,0.5032969868241325,0.6513730074840223,0.782230946930095,0.8548402208067656,51
0.8979671773170664,0.9639284340863712,0.83899008053386,0.9150672078580686,0.7180853835758809,0.805684220512371,0.4413653657942494,0.640599516990743,0.9738159188274393,0.9900243891731703,0.7808246762133688,0.8636115036811767,0.3141403481353207,0.6231181258639423,0.8213662816300413,0.8964050301146016,0.3022271734374458,0.6392773865820897,0.6409715090958185,0.8286807119028339,52
0.8960153223405847,0.9708972690724069,0.7996487549746449,0.9304250595357755,0.5503494874997298,0.7604501278064016,0.4851881662745019,0.6621831780661678,0.965581928917166,0.9902025678346605,0.7500474536536856,0.8691458356550612,0.5166949597753389,0.6829241891320944,0.8510731199695795,0.9235153791116124,0.5518202057621885,0.7382540056527391,0.7761844282773169,0.905812772456111,53
0.9121085175730181,0.9797007316534319,0.8578505170597952,0.9522478636043893,0.7173690899950717,0.8496261722610102,0.4549707405907091,0.6793702508906637,0.9764414429655561,0.9930950245779833,0.7858494918570718,0.8776835045070136,0.3523846543884693,0.6059474634182562,0.832504392458142,0.9193959013412928,0.3519144535491837,0.6444261262024457,0.6807725764524343,0.8477118066317343,54
0.9278409027968609,0.9699701014264746,0.8718708877245247,0.9230027032093455,0.6724427707261492,0.7585199213342414,0.4856715697141445,0.5356418900701808,0.9773317457505171,0.9886915005042628,0.7951826003022482,0.8266473427587768,0.4869370790696033,0.5960894850916474,0.8642660356245403,0.8872792337604599,0.5231160351674958,0.6710459077831816,0.7854354069133087,0.9029301228181893,55
0.8935923179287072,0.9689625305788735,0.8099156662638739,0.9224223043454848,0.5722364317759965,0.7452113551036881,0.35942756728582775,0.6300788455744805,0.9667638961789425,0.9876180015685156,0.7102963216363466,0.8419954768260285,0.30616796972706894,0.6062438102283717,0.7947501385224947,0.890766988579626,0.3264854748193553,0.6735511034807314,0.6757737184256623,0.8976764093250543,56
0.9073119192310468,0.9731872172799723,0.8395886072547505,0.9402786185955609,0.7073053502902137,0.807751222719428,0.5932333116416171,0.7362960360128377,0.9723185970511456,0.9920451321729519,0.803461014842628,0.882239802069814,0.5103174293523007,0.6336759770741692,0.8559639387482174,0.9146949021717483,0.50512389680464,0.6056565496328944,0.7751661457938605,0.8177331926270603,57
0.9058964980199401,0.9721700328782648,0.839639806211588,0.9400661721711642,0.7456203182731114,0.8282050058129773,0.6713924926478453,0.7485544877029177,0.976017181036642,0.9925537750106316,0.8588494413709529,0.9010341078518112,0.5938547433150088,0.7091630493256521,0.9014430208939709,0.9379183488495224,0.5795932460984763,0.7385503116922453,0.7838407844777018,0.891667674727462,58
0.910342932786775,0.9672362828204294,0.8354117257407703,0.9199344423418888,0.6467244694313456,0.6972406768059415,0.5268386591670742,0.6517237703637507,0.9718485771393163,0.9877924435930553,0.7872816556438299,0.8155518772128841,0.49750851344944846,0.5779211422741184,0.8604544939347236,0.8794055377557048,0.5137350001267016,0.5844583107043204,0.7656671921063798,0.8373635168322533,59
0.9193847642178694,0.9709991823131583,0.869492958427534,0.9328312827939107,0.7318730681664175,0.7970279518232383,0.5164111382988306,0.6201493985656904,0.9778852176779169,0.99070436027336,0.8220168554299099,0.871693100108484,0.4576903320107069,0.6623389867987363,0.8719988738504321,0.9214805482882639,0.4686106477831401,0.7065786648561858,0.7402558007303901,0.8846868741123495,60
0.9334671869605317,0.9675784932121474,0.8831135114841838,0.9256911125203856,0.6946806380370733,0.7410899105828614,0.46450368344313864,0.6338218492516147,0.9792020003493763,0.9893681080555242,0.7851245977580562,0.8334765434700171,0.43734308482430373,0.5872416273675354,0.8482869759860608,0.8906485665690218,0.4707137083112043,0.6205240376742464,0.7778358991655845,0.8443171113631491,61
0.9072721659775886,0.9615884515828977,0.8313090471677087,0.9124018510292875,0.6773228335320172,0.767748444434644,0.6271023826151209,0.69247542968497,0.9726631200823539,0.9871071016143936,0.8298946315415718,0.8598181468680955,0.6155376420400442,0.6666856380969861,0.8956499251952338,0.9169523335116607,0.6260723393730164,0.6673842701745797,0.8126730954264075,0.8389484187426149,62
0.9338541227947982,0.9814791083951661,0.8872368149919001,0.9559293678765669,0.7606381972407523,0.8138315430018064,0.5930207635085586,0.6430510472521056,0.98132567779096,0.9930613027302372,0.8466509383305166,0.8752135214352527,0.5492359028838247,0.6323687569625459,0.8928177059316056,0.9137609534843394,0.5612892495424266,0.6752411874649051,0.7930275727011488,0.8839109211187306,63
0.9184781547999921,0.975096648653649,0.8595680269123628,0.9432325877252897,0.7482672875289197,0.8494078209800381,0.6513743642744031,0.7252803875268143,0.9784341625375461,0.9930789614359005,0.8534248209535299,0.8953572525794297,0.5970787789799252,0.6412025350099849,0.9004917543316359,0.9260416192560849,0.5976311572064633,0.6691728543470352,0.8044350254530844,0.8653332333321442,64
0.8775743105762684,0.958605174614366,0.7906337499399442,0.908067311027064,0.6416777925283574,0.7699980939953803,0.5231255878056812,0.6297375335551874,0.9666813817722439,0.9878352841688487,0.7706196087970679,0.8446045257956807,0.43185040987992224,0.5389283454970786,0.8364909906790515,0.8929045520844975,0.4320337590815851,0.580938945802479,0.7349415211780447,0.8176202402108287,65
0.9053672727867307,0.9712800362304107,0.8353909097535358,0.9361826304471242,0.6802861132119814,0.7845213241790819,0.5445994386641831,0.6515566883241739,0.974008604515735,0.991242381048915,0.8001166011117183,0.8568087092206967,0.4821851667755745,0.5948138535100345,0.8615736469436102,0.9018081866241731,0.4885914216790445,0.6171355808331662,0.7580936849763736,0.8420569852213212,66
0.9231216241970452,0.9668655664432235,0.8681864756700736,0.9211750562880595,0.7246096620869757,0.8435316613978263,0.59940450854388,0.7666296003413019,0.977593725456429,0.9909437375231143,0.8343491146546999,0.9245308426523584,0.5665622454388796,0.7033581648650556,0.8894760166019535,0.950708490510501,0.5788617363203199,0.6862383096111687,0.7977325425798962,0.8437918314213797,67
0.9273005962379642,0.9766748844427243,0.8690903453008971,0.9482627699098708,0.6925648269963284,0.8304795370750228,0.5554168217244536,0.7379739010115365,0.9771961810505673,0.9931075760388137,0.7930756945908869,0.895513760954439,0.5287629624642832,0.6939914269968431,0.8584523551062416,0.932650568806587,0.5570208843362053,0.7274124281395241,0.8242775550535565,0.8933351097350161,68
0.9016800291810216,0.9615229642701921,0.8361684133559472,0.9125940084717253,0.6975616803207639,0.7586212187958162,0.5521411433646154,0.6150659526590309,0.9751309262586356,0.9879262165309576,0.8242597617852954,0.8637113080472792,0.5053083621890738,0.540999921701128,0.8826050536547937,0.9060254705431141,0.5189667804085283,0.5632466499826337,0.7665558979889572,0.8101242417570784,69
0.912246195781766,0.9708164874870006,0.8461663033130161,0.9301411735291182,0.7144826654581821,0.7833932184352482,0.6291606238907335,0.7017227310409554,0.9767275542410543,0.9892524179398259,0.847932111260537,0.8831922783802892,0.5979356849395089,0.6429213205435628,0.9028135854124684,0.9257992018634825,0.6043620212436761,0.6390472940529003,0.7993078698072835,0.8419465862032808,70
0.9263248015447825,0.9605342095933266,0.8721096599349364,0.9193186134499677,0.7035561806359563,0.8016985140012136,0.5450013613450179,0.6596502867907653,0.9762469695805475,0.9900924429646856,0.7997082256556476,0.8619700351862294,0.5062727438827647,0.6158435223155367,0.8604900954399024,0.9027551385983658,0.5250114271052041,0.632507423359016,0.7912129858630457,0.8541627176261037,71
0.9279554127814786,0.9739097627994069,0.8706777860566208,0.9383208595380748,0.7430107328214676,0.8057361769903201,0.6495907585600768,0.7129983482520699,0.9784090373424418,0.990874917660965,0.8444430537888231,0.8783581938836675,0.6092689462668687,0.6528337577351601,0.8954010304384998,0.916718124012916,0.6150623696988795,0.6580223580998334,0.8205611420656389,0.8739107883572778,72
0.9251709376820323,0.9766395451724557,0.8616973269418319,0.9463493617303884,0.7077652956770624,0.8127252899606601,0.6315322473807391,0.6900661765788256,0.9769947890430332,0.9924670670314634,0.8275487366087831,0.8817777258077987,0.6140925705427308,0.6571070582958434,0.8889731033111002,0.9229223263429706,0.6299156252612974,0.6897913207254733,0.8342425553269612,0.8721607517980369,73
0.9220927591889424,0.9807925164453766,0.8592562763560059,0.9534030127203412,0.6855922051588229,0.7960593064670384,0.5887743712725937,0.6405991849924424,0.9762338655793713,0.9927789270946114,0.8203152244433969,0.8651175595889675,0.607835826189361,0.6541217351045826,0.8887940420391147,0.9110791705253805,0.6437810513281875,0.6879371553368597,0.8514471569246452,0.8765757041532612,74
0.9227120814101817,0.9765871649365719,0.8561797370108757,0.94731041856157,0.6877070124045482,0.8201229609442207,0.6276577496087282,0.693210480756755,0.9756178849151901,0.9930418314593965,0.8200585733725746,0.8898495280337847,0.6206106607378724,0.6674672096087981,0.8873687384627118,0.927937390098817,0.6380144056846092,0.68608517518279,0.8303709421396042,0.8773803880003634,75
0.9019459060415045,0.9643933331521072,0.8204934185608382,0.9149950141343686,0.6691533383976422,0.7376915571194056,0.6436278184701599,0.7140126772152258,0.9714738957527124,0.9867444403881431,0.8302820901554373,0.8646285231445121,0.643073515659009,0.7027780976340566,0.8990250063670051,0.9228069599734312,0.6554075811665533,0.7058862283567718,0.8303701442685824,0.8551962338223515,76
0.9260448967928107,0.9757496544022506,0.869067132815563,0.9470688007324156,0.7023895572581468,0.8473919408053213,0.5685441712950424,0.710279760503127,0.9771209768113855,0.993507317971936,0.8071809980729867,0.9135424742765659,0.5424233898672739,0.7122238945037324,0.8697573791990726,0.945182433769611,0.5656505279156833,0.7302482149153441,0.8155800139794448,0.8680037962207976,77
0.9196775118370412,0.9785013821713383,0.8575763527900959,0.9475996360995707,0.7036564251981983,0.7785357104290268,0.5883235064117529,0.7258342513067326,0.9774614594493447,0.9917225210609629,0.8331778691408694,0.871781080188834,0.5708984882263044,0.7001702961105444,0.8934734425560338,0.9241030182530435,0.587833871478574,0.7230733568539679,0.7986123229560335,0.8706585047570051,78
0.9248638368667621,0.9741658223710391,0.8649095564762909,0.9433888322201691,0.7266030846201399,0.8069999779090945,0.659206851426948,0.757805154203111,0.977555067671383,0.9921881520518842,0.8444688774571365,0.8856504283480038,0.6396519391572725,0.6830841730104982,0.9007668901176208,0.9208075204283779,0.6512499222308588,0.6858600921028014,0.8369491017541452,0.8659267243701578,79
0.9230960352241045,0.9742702909634371,0.8725583811353472,0.9393836776212723,0.7758837842560437,0.8357082389260355,0.6345399392730939,0.7178280103432274,0.980345394977298,0.9908181902310755,0.8632729788263943,0.8974055818053059,0.5600416548685291,0.5892114798054281,0.90163140238052,0.9225180182520174,0.5551719146492411,0.5827822495688303,0.7754874874988577,0.8045271180835462,80
0.9321168739892829,0.9766395119204383,0.8795644330346435,0.9448871216627829,0.760724811825348,0.8193536501326715,0.6670503709096495,0.7253697498296843,0.9809253321522698,0.9920065338621092,0.8628963888916464,0.8966400347022836,0.6389606655585858,0.6793235420926322,0.910591545907987,0.9312742655772256,0.6480663669940538,0.6804755966668107,0.8303820532942511,0.8469639147913958,81
0.9135835939676032,0.9594696535116335,0.8444903254764857,0.9061144285907231,0.6547524783672953,0.6982951866552931,0.49859975382322885,0.6247478000308659,0.9737973291587733,0.9867841635590473,0.7796650406263982,0.8194070707976007,0.469584435104853,0.5459020823623104,0.8518668324687299,0.8870434811745164,0.4958622238557797,0.5937250556613297,0.7785326910179516,0.8282116155204564,82
0.9080706332977113,0.9670510063573438,0.8291415684442653,0.9207935045418659,0.6647337238736583,0.7517554082018374,0.5946681697114162,0.6770633963622538,0.9731298575586629,0.9879320084910591,0.8066597087358169,0.8338900287511595,0.5654872405548892,0.6061643186633385,0.8755364959257937,0.8940092521079672,0.5767869297561797,0.6095148782327863,0.8027877366320368,0.8336533531906751,83
0.930528571594742,0.9625184791134161,0.8670236161311281,0.9139488261153911,0.7125155521220162,0.7540203745156219,0.6866756131530778,0.7506328595195705,0.9773216157301271,0.9874433585797361,0.8437012082838182,0.8740126128863038,0.7091188256215741,0.7712588399470981,0.9079489705915808,0.9297601880427047,0.7322472453535548,0.790529986317292,0.8800622408792734,0.9072862805286516,84
0.9247663311915353,0.9604656017054123,0.8594331518668684,0.9137351405521256,0.7273461398505083,0.7955486583976149,0.6878321230694989,0.7520275753453479,0.978272032845127,0.9896559007528642,0.8553449023968197,0.8942354320641692,0.6804425681680433,0.7365286469227114,0.9109552281827368,0.9351242328259416,0.6908442297014138,0.7394565547973112,0.8526020320821971,0.8716852861630452,85
0.924538827516364,0.9707509708710679,0.8652000280137441,0.931815831787048,0.7396122263275072,0.7921237465411125,0.6747556430772969,0.7464669042918666,0.9781930817483068,0.9903334534217173,0.8511597051590153,0.8868323816467132,0.6458108519021797,0.7033079919472134,0.9030357942229642,0.9269669060489719,0.6523870835326104,0.7008253365993333,0.8368447547495733,0.8583161639728378,86
0.9035971236771235,0.9769203183175518,0.8341248876797387,0.9466024181489955,0.7072894145919468,0.8015103133727907,0.6310830536941828,0.6847424420000391,0.9785038990083997,0.9925107975030173,0.849059809466912,0.8780718229593788,0.6080723338334049,0.6465592183331179,0.9053246748585138,0.9234884144265357,0.6213599673725866,0.6525300874932863,0.8220191917311597,0.841067453841775,87
0.8953041544401359,0.9745058938939379,0.8112211906359487,0.9406874827129984,0.6448237204301833,0.7684576237996653,0.5278248567787102,0.6260802106067718,0.9715314638527136,0.9909460587933423,0.7963912512593703,0.8395765501943904,0.46893803877548706,0.5695430191142231,0.8651824661553783,0.8921236883174842,0.4710470539656157,0.6119372430673949,0.726255557358816,0.8584446637956867,88
0.9437025674088285,0.9752165919289484,0.8997426742868946,0.9399953157603264,0.7865546990962401,0.8477334620179774,0.6839940870902366,0.7485710877372057,0.9840865441249772,0.9915069282949329,0.860630126282897,0.8950069455643831,0.6456117445505116,0.6913784648673174,0.9032283193347268,0.9238548026593628,0.6558062861751865,0.6934246635480588,0.8547615383803672,0.8740877711317089,89
0.9287888495169226,0.9692740679065189,0.8683809724474613,0.931001093158731,0.7067232168961212,0.7817624687006987,0.6247032010159967,0.6757571703444959,0.9787164634052586,0.9902271618917506,0.8332364676984738,0.8598435329540708,0.6310531307424023,0.6758926236141686,0.8961604016677124,0.9150528576582464,0.6570686350989993,0.6987554337671684,0.8500623695051075,0.8703514674462846,90
0.9132692847191501,0.9738082775898278,0.841277015451193,0.9408498176916485,0.6925117903868302,0.7852580861139216,0.6119879751369965,0.6599534346555159,0.9752189897057677,0.9916591174000615,0.8215277128694252,0.8544870641582707,0.5613577510002608,0.6132991387294737,0.8815343922659009,0.9008832408088283,0.5600073684909939,0.6194712093931792,0.7797228756382734,0.8264711121802291,91
0.9049538158468148,0.9633561679642587,0.8203115377980286,0.9182771800952649,0.6787390415309285,0.7433996559254555,0.6986709272260444,0.7656150050702558,0.9735487770876137,0.9888642146480054,0.8499231146469736,0.8816743088899017,0.7165219727442902,0.7779748125315987,0.9163684254930877,0.93891250433087,0.7249785891909282,0.7876606208250488,0.8589944146746631,0.9120641926462651,92
0.8971738097834968,0.971109846511143,0.810210143153445,0.9325179584622543,0.6137306738645102,0.7430627896451133,0.5446355748525341,0.6220031021266169,0.9696649357732883,0.9898001938966635,0.7803024521980245,0.8251041622474096,0.5445878736142983,0.5729584307259931,0.8643945356291972,0.8829054224677646,0.5730820973407584,0.6076459622314092,0.8120808880655956,0.8350529657644437,93
0.925643937678201,0.9778483003439158,0.8645906124108711,0.9506913677062285,0.7060669239112947,0.81370543786541,0.5906521739442091,0.6872554500986509,0.9791163927837707,0.9930994658406029,0.829547136679604,0.8864967780878654,0.5815826904857,0.6713404221698512,0.8898338032742161,0.9293012288666312,0.6051349804181875,0.6855442020927208,0.8235620885117448,0.8564949137669247,94
0.9156784756876674,0.9655291206443519,0.8521694927656804,0.925817614369431,0.7010612855138213,0.7618292375865136,0.5803457638478912,0.7493794906273049,0.9783394707831904,0.9902699199187923,0.8289342486316809,0.8612117045269991,0.5609677516567109,0.6089419700037506,0.8892199450229062,0.9052107795879615,0.5815866482934592,0.6087897734819583,0.8078806426228885,0.8314351306708211,95
0.9279608238151182,0.9598668384969463,0.8747690110956344,0.9109472103831722,0.753680271950417,0.8081642201249778,0.653092166472712,0.7147106600002209,0.980871961286519,0.9893412566376677,0.8528401942886815,0.8852641406595386,0.6236598602940086,0.6702447917975363,0.902362862455968,0.9224277973101956,0.6394942840280995,0.6803063190119417,0.8443436845059438,0.8661445437532258,96
0.9258286281813383,0.9720891896933516,0.863511521033292,0.9409325207615326,0.7239792101308591,0.8072822141866984,0.6839479586516765,0.7455507801356782,0.978811072676031,0.9923998613242666,0.853496102290832,0.8824299322547505,0.6991522558104519,0.7592680506193168,0.9121683545983725,0.933227501819284,0.7212269871713723,0.7775861115616356,0.8771733962153649,0.9042769062878537,97
0.9104717918056431,0.9636659068125447,0.8354847078195787,0.9130690014103316,0.6733555753734595,0.7881422253245624,0.6137821103469498,0.6746883744387066,0.9738823822589255,0.9890056929448462,0.818207658024208,0.8828056031644556,0.603953063101841,0.6573270560642093,0.8855330506455782,0.9241512316048692,0.622261959152827,0.6704488360534218,0.8294654214102716,0.8445107274237715,98
0.901818256634857,0.9650865974281952,0.8086851873407341,0.9203862725218263,0.5885258872387836,0.742798590238293,0.5318041592157318,0.5849907865605767,0.9705078714966648,0.9886806142446518,0.7759297187871781,0.8325871792605227,0.5631058837898012,0.595786603839986,0.8679131524790625,0.8894740794193785,0.6006169100991147,0.633020243323685,0.8200869276799341,0.8477139023134636,99
0.9159076577283111,0.9670209594770391,0.8568743434632505,0.9261702986451464,0.6957006189628607,0.7783098172620243,0.5457647514670763,0.6518501088199148,0.9772181721235413,0.9901638277788763,0.8039477218998888,0.8675436153805972,0.5153600155329938,0.6420909706725831,0.8674686187050566,0.915965905099618,0.5431595708400314,0.6740679073127719,0.8119551824237914,0.8610444275506709,100
0.8953063620805091,0.9722624432680099,0.7960350330322333,0.9391821547989782,0.5911956151303026,0.7861025981322474,0.5566353669340733,0.619917745076945,0.9673840200260546,0.9918010277563007,0.777502943265809,0.8557413990790611,0.5640292654301453,0.599434078480469,0.8677997885888509,0.9015158194930203,0.587732035894747,0.6184477073192074,0.8034452465122239,0.8193769835379461,101
0.9335352411347991,0.9664000816342004,0.8782972577631248,0.9253433404432954,0.7540707341395947,0.8018683927256103,0.6734670508221532,0.729493377333601,0.9814281442859953,0.9899347568677512,0.8514019414618673,0.8798770867221082,0.6365484131630038,0.6781155842556098,0.9005506241986672,0.9184126688480191,0.6427324308880408,0.677218706666934,0.8376110527532469,0.8556879559474587,102
0.9260425534462231,0.9682491185678092,0.8706178135349474,0.9302945295757367,0.7481888332110981,0.8034868389326664,0.6932197257140627,0.7636322109554806,0.9787808694177945,0.9905962673918081,0.8581048062006065,0.8940829184752105,0.6861721419605153,0.7441721278344828,0.9108293118934839,0.934032878022199,0.702865292338714,0.7538988906991521,0.8720640915441716,0.8967757209707397,103
0.9343390225072907,0.9732340296501011,0.8841543784955086,0.9378918885653387,0.7396811757917406,0.8034714649922754,0.6153502040211112,0.7024404888279301,0.9799005201093018,0.9909481605974413,0.8296299585880473,0.875001519154287,0.5891513744245914,0.6635140998042978,0.8843409901195818,0.91801346519757,0.6126997337969936,0.6691090809095946,0.8435031211717049,0.8719497444969678,104
0.9374606271395449,0.9709859525234719,0.8854122726635906,0.9331737871640419,0.7352310135352982,0.7784673913239495,0.6450457467220873,0.6987879759417096,0.9793793176424086,0.9905493750648744,0.8369602448113423,0.8630974048753777,0.6436035063208488,0.6934834833614558,0.8946202450286631,0.912953301787398,0.6699629288602358,0.7169433762746568,0.8660949138313153,0.8931315464387399,105
0.8963817081102997,0.9652072794280778,0.798633211452323,0.9191327706561486,0.5566660452333799,0.7328640385294407,0.4800341168953818,0.6605716041044613,0.9667276705199731,0.9884697586381913,0.7444501760656101,0.8378613631317303,0.5321990273002088,0.6055908483251184,0.8493535391543899,0.8938722355015842,0.5942732489199916,0.6349975262814189,0.850054673179565,0.8709377936376681,106
0.9156763447951907,0.968887706059341,0.8286199802648292,0.9341050046378251,0.5788249195734312,0.7983515404461421,0.49439168316850374,0.6821108583234435,0.9715277172665224,0.9918818895620172,0.7590722841178428,0.8703772358316455,0.537272114279542,0.5653273304374038,0.8556713258263343,0.9117347280618396,0.5842689675416567,0.6148201891455297,0.8159484663280655,0.83533457381014,107
0.9177093859675506,0.9748545659093363,0.8508312893326908,0.9460201253731974,0.7348751191928943,0.8158461748899136,0.6896810338797944,0.7571921523435975,0.9767922377483064,0.9928033177591763,0.848157612888118,0.8805075862901669,0.646109773609208,0.700535019591051,0.900068866625743,0.9214436225769217,0.6455443113844322,0.6911839124193988,0.8358939437109132,0.8581445097158062,108
0.931095827715186,0.9641441559158663,0.8811284375157813,0.9204783046434992,0.7489250775747863,0.7982227615957582,0.5924859206549585,0.6702457699904569,0.9816542441930991,0.9898477445232334,0.8437368972347342,0.8721941556116432,0.5496119766090317,0.5819521857701286,0.8923380316873875,0.9100164850747302,0.5612754757325371,0.6083184170999687,0.7927980984642137,0.8221645480598092,109
0.9211206130937754,0.9718528961803116,0.8614825706158342,0.9362811901260574,0.7338844304676889,0.7927388895007766,0.6421363476283778,0.6985364430330755,0.9793181765844127,0.9913906320675719,0.8413950738745881,0.8708185745514961,0.6085143965587633,0.6514222580035685,0.8946174631310893,0.9134840025335162,0.621837526019795,0.6589823816525574,0.8354175296216025,0.8547410139846436,110
0.8855995476925013,0.9719545273277296,0.7957585754763878,0.9368161500412584,0.6463939371966353,0.7808024500414615,0.6051226433162933,0.6603736033365115,0.9713151218994752,0.9913812294195936,0.8195269846667619,0.8585135470898355,0.5782223259737239,0.6199684903898597,0.8884910876846488,0.9092891140742697,0.5851217892852029,0.6512700341352011,0.7958587096647946,0.8734019328368288,111
0.9260286741372168,0.9665580501088306,0.8579701528481052,0.9248140612800896,0.6884024652859431,0.7506537526721997,0.6047543432233402,0.6736402194715162,0.9790264872736129,0.9896004639500345,0.8292641712965098,0.8523187606187147,0.6041294375417098,0.6428030755220487,0.8947864515455809,0.9111634808756216,0.6234503914332764,0.6582859813259381,0.8169851258853559,0.8338997662464304,112
0.9058285287855069,0.9691598689109447,0.8348422307469326,0.927901993759843,0.709880192312759,0.7855626650090034,0.6438814232819394,0.6959594377806128,0.9763794073039006,0.9903380447292744,0.8475577310649536,0.877413808669279,0.6000797527134936,0.6340754449186955,0.902667523646799,0.9215382520749358,0.5990029347620275,0.6472488086320963,0.793341009084474,0.8403912977764041,113
0.8945534861281841,0.9733468835669005,0.8049569293115133,0.944153398161157,0.6454689118595324,0.8182870268270473,0.6223996675952799,0.7063095462613823,0.9729760767591634,0.9930583719685883,0.830543151815373,0.8845073359043324,0.6148177521669554,0.7260343450499649,0.901233978084851,0.9337905519268818,0.6197122408179855,0.7483870418710512,0.7922202828148053,0.8847831292190574,114
0.9360558116389791,0.9686078345421187,0.8840062481377712,0.9310293688853748,0.7532922108770839,0.8046571703970112,0.6540633789640317,0.6991426199907792,0.9823982023049561,0.9912310979494694,0.8513408331659854,0.8812414609670238,0.6379976036956789,0.6750059741625968,0.9028680481359448,0.9229544888531331,0.6590302618243508,0.6942611917397546,0.8577288116565636,0.879775931463906,115
0.9167831799492377,0.9693669434396107,0.8501052467549682,0.9342442546421224,0.724454895804118,0.7926777850374054,0.6862417676151334,0.7465661142620698,0.9797503458676626,0.9917019989998481,0.8675769075828503,0.8976043611323051,0.6962683868070513,0.7482355093847778,0.9218530102515347,0.9421671075150109,0.7117707886133389,0.7576367313154094,0.8636458644815855,0.884045005235881,116
0.9139193867360336,0.9713627228700358,0.8329468628111987,0.9329522106007689,0.61153520550425,0.7718725820223044,0.5227763742586696,0.7544591388334073,0.9701959155402065,0.9901844862998188,0.7571355160353981,0.8641130856301209,0.5211789701575895,0.6225815853051626,0.8442531021162614,0.9013081077485323,0.5559994342630233,0.6364407583349846,0.8175120891627136,0.8557658005181118,117
0.9133061281327801,0.9775081170407668,0.8482812454198684,0.9505636130897459,0.7188366176966325,0.8351415528942812,0.653988576038026,0.7112373843758683,0.9777883694421149,0.9934353248349094,0.8470652204468513,0.8946465663127583,0.6401083986917927,0.6836339960342813,0.9037550028641129,0.9305253891188238,0.6573529912637144,0.6959967049973229,0.8492574169882281,0.8742704409954908,118
0.9259521880752944,0.9703989570690202,0.8735360272989369,0.934897961582408,0.7479763389979553,0.8014651368302567,0.6180723249618032,0.6903553068448921,0.9812956021142206,0.9909609317394803,0.845562095055038,0.8697554544907964,0.5782910649202683,0.6379763958180287,0.8948576057293183,0.9116604750781439,0.5928483958007398,0.6248293673993432,0.8181599919461704,0.8338644333255459,119
0.9158545966429167,0.9610033643175931,0.8581898750732129,0.9129551222827936,0.7073975847425755,0.7604314984430879,0.5590508628356505,0.5970282491682413,0.9786348794868915,0.987914359642196,0.8146581137062395,0.8463761242015587,0.5281426272107652,0.5998017698479015,0.87516070412697,0.896077729034409,0.5574241673448531,0.6285361471705213,0.818789227338688,0.8382750441209639,120
0.9111211774862265,0.9670177288401939,0.8421953937708624,0.9278988902129347,0.6876859525682101,0.7822604375676816,0.5747349361531082,0.6370605285563867,0.9760069156897597,0.9906148342795513,0.8113663420533908,0.8596968936275498,0.5402763791890745,0.5763171699826497,0.8748792501687225,0.9053228428887521,0.5590259352858793,0.6000666946901427,0.8052886797974035,0.8240158103912006,121
0.9114062174665628,0.9743381047955426,0.8422010870895846,0.9439138478826168,0.7096071899024174,0.8259763438970679,0.6432632453682214,0.7031089861732582,0.9753437076706539,0.9927125366542988,0.8422471938284837,0.8866199159689874,0.6056312937253892,0.6531842893309182,0.8986192897791874,0.9229537604736066,0.6072761015638821,0.6563964378930535,0.8005988101859343,0.8449217542729348,122
0.9081327556307666,0.9660793507009671,0.8365075830930465,0.9207822542779801,0.6847570587074107,0.7666450895429567,0.5958760603120592,0.6785097854222903,0.9767897119641036,0.988891899233671,0.8343167491634215,0.8675469786032408,0.5922456819017794,0.6580754209963589,0.8971905591068385,0.9156842824881984,0.614925170761659,0.6743163807301112,0.821748264996182,0.8583091689865099,123
0.9129544146318205,0.9714769362910052,0.8470150823723278,0.9391809355333739,0.7122734740115948,0.8221378450759772,0.6392071796654611,0.6963724404847319,0.9773634718634681,0.9922668995267403,0.8459415965052847,0.8829862132047821,0.6337460906488407,0.6793074928728602,0.9038598556666926,0.9246778508897837,0.6535544565582291,0.6941911235014763,0.8445824441249994,0.8664622583683831,124
0.905297608682587,0.9686170681863692,0.8420151552846119,0.9271087626255935,0.711965275658033,0.7587413624544088,0.5572887179406348,0.6081559568673245,0.9799872307616687,0.9897415391335356,0.830745807098429,0.8577725673996393,0.5018621941954993,0.5243912480918319,0.8847564230668821,0.9006838877903228,0.5155702899392264,0.557325271294999,0.7716481028217167,0.8121049451378807,125
0.9277921377121666,0.9727453702055218,0.877761978883569,0.937478137717284,0.7844473280434773,0.8397298574509324,0.6788663778538798,0.7351726347114653,0.9837907786469889,0.9912289991748117,0.8768289708372883,0.9106219144761352,0.6286001753748869,0.6888853290399927,0.9158483709917977,0.9371566979057085,0.6312680280724764,0.7019053699167738,0.8225791636247972,0.860498523203803,126
0.932136802885945,0.9593928108149847,0.8727554146735708,0.9098452434155607,0.6970767028016304,0.7364948070078264,0.5814533481384658,0.6456303417730402,0.9789632294601264,0.9873473451736067,0.8029732014209806,0.8314581226957863,0.5534532269985731,0.6242965231544787,0.8663670046557891,0.8919972695341681,0.5721070662654373,0.6416449857168985,0.8148516448318311,0.8487645111792086,127
0.9216074214374,0.9711850510290756,0.8530100155361604,0.937301908808218,0.6851070703208673,0.8050304612894086,0.5973495751256073,0.6906159778769148,0.9763651167318965,0.9920268706264618,0.8145604400619765,0.8803127258878538,0.590829901415767,0.6781688635457644,0.8827487149419062,0.9232899571971264,0.6166729082513956,0.6966100284529285,0.8352470179578481,0.8682493720115552,128
0.9222262140760888,0.9659354073125904,0.8666662647606626,0.9228263475131666,0.7281577899355256,0.7794754815665389,0.5685908100676007,0.6126754559035293,0.9808652183688433,0.9905399544394965,0.8398089861665671,0.8676125978462439,0.5375069121173854,0.5673577434590282,0.8933696378425992,0.9105277761625216,0.5561698294883571,0.5815513622288774,0.7905807148117957,0.8075904316543353,129
0.9375643976567106,0.9663189758343724,0.8861707307998203,0.9232603695045031,0.7886156110762518,0.8435558782937331,0.758347756270044,0.8329856058737528,0.9837067718215533,0.9904836104479233,0.8930255449129864,0.9291392654892842,0.7508254502828324,0.8167251487262603,0.9348678492530113,0.9582472526903264,0.7566047504751546,0.8154475843251845,0.8806248501809628,0.9084862702981314,130
0.9280129000967727,0.9700803326428863,0.8631654147740438,0.9357383631993657,0.7203514498505207,0.8168840799646986,0.6665978331600854,0.7185105822744018,0.9796746588460384,0.9918907127577693,0.8510327642907037,0.8830548770311997,0.6495248401432998,0.6975035501142373,0.907625888736994,0.9269841956807973,0.6552447105974769,0.699079872654255,0.8209967225934436,0.8411424698970876,131
0.8879424746225041,0.9649094293952265,0.7929368434321815,0.9199482440985439,0.5701508136334733,0.7296626285565889,0.42723876805431993,0.6541882883998507,0.9697855969951685,0.9883203290499584,0.7519169387894221,0.8505684937831669,0.40926610577299577,0.5566384713511615,0.8411181716537175,0.9052110161648278,0.4368806741779437,0.5842885926740523,0.7289849852380463,0.8359400146049996,132
0.926247274123855,0.9804135361500568,0.8550671767648502,0.9571580013387777,0.6666631766163315,0.845185622832402,0.619503560011382,0.657997471981682,0.9758019238263509,0.9943439569596552,0.8131427403071222,0.8923931430713451,0.655910469448723,0.6980736642503733,0.8899217934937897,0.9239786492756634,0.6938366584914546,0.7374364360583149,0.8729046179802005,0.8992540853851859,133
0.8779353879560936,0.9701895273648254,0.7777028464576556,0.9330778777832058,0.5768979638420866,0.7787827337362914,0.5055834674498401,0.6331546144660042,0.9680481188752373,0.9904694994543402,0.7747719632199209,0.8476859334103019,0.5147199526885564,0.5927702990818654,0.8641664169092294,0.8980121239177318,0.5476303195332821,0.6244702976373072,0.7960738875938677,0.853094134472811,134
0.9109421254126068,0.9532875852745127,0.8390091498325164,0.8948530113436263,0.7357100357307311,0.7800689993053052,0.7477886915746645,0.8192069623138944,0.978457321786182,0.9859412440674783,0.8829632618082593,0.9176185405715922,0.7436676466240513,0.8100303141272436,0.9321078565809882,0.9561810695967252,0.7416850595128939,0.800578632470285,0.8647248890161522,0.8903761068706789,135
0.9335121311690169,0.9634573345061855,0.8775870108993089,0.9170191592035236,0.7081967938030055,0.7682084933245173,0.6189626305646966,0.6654473557554063,0.9785248549106281,0.9883739016813592,0.8217148973748544,0.8627264742414261,0.6333027132575348,0.6755860175614248,0.8877992852131885,0.9135057200170192,0.6707896108535063,0.713366393216008,0.8742050340972459,0.9018542644601264,136
0.9091419664505819,0.9672958187164482,0.8325820751981299,0.9279607431809143,0.662951569982635,0.78748858053682,0.56736097022512,0.6764375367908584,0.9738433028450268,0.9904285426884788,0.7992765049011958,0.8689555557367419,0.5338912179150593,0.6499643365298631,0.8687815700979749,0.9156849419182475,0.5491452080938706,0.6827114264331631,0.7937255694570664,0.8738251947806878,137
0.930092762861466,0.9683717232003396,0.873932068951183,0.9296799393864563,0.7489106975149943,0.8030531055726994,0.6754934912479688,0.7358690451030386,0.9795919175788135,0.9904873617458881,0.85126050675399,0.8864004129294487,0.6462914877199657,0.6919572076326505,0.9017949967264964,0.9232044831548436,0.6562286095029505,0.6958551270975637,0.8471500227122732,0.8638656133986145,138
0.9268874174636148,0.966491235873315,0.8706378977017504,0.9218428413413057,0.7537293787829911,0.8021297888280265,0.6859091496167288,0.7457204470124961,0.9823093445065308,0.9891897687807849,0.8740223693858888,0.9062079278974612,0.6779552285389099,0.7329197831792107,0.921867364478189,0.9435328600261034,0.6915035666168208,0.7421813812044485,0.8526939015856015,0.8779485051554228,139
0.9236915485486972,0.9685784908258436,0.8628886033869763,0.9304722188086089,0.7288298251033849,0.7767345672916703,0.6573942171746712,0.706685236327297,0.9808432675507691,0.990681706447721,0.8578626406974241,0.8858536749217512,0.6605491708580891,0.7052163137605133,0.9125908747159975,0.9319216863462365,0.6811403187091937,0.7225644094419666,0.8561125533408798,0.8759371815130943,140
0.899228936532619,0.9655044662592648,0.8269631353926267,0.925710273851683,0.7437687878174051,0.7967258544865459,0.7162187600339925,0.7844630750805512,0.9763419351640399,0.9905499230434345,0.8780831892509606,0.9164092056936026,0.6472188532252456,0.6938998113551748,0.9213145922905527,0.9452088778915823,0.6279861889587626,0.6627282859848932,0.7949000438494324,0.825142608849426,141
0.9105721147945232,0.9669208642915673,0.8295534211662451,0.9275246866981196,0.6607928554536229,0.8031948689510093,0.6269249067624187,0.7419455006237353,0.9725101325035705,0.9903308440732738,0.8164048110473546,0.9028592246006338,0.6243280942667317,0.6650385911130244,0.8889879609225793,0.9340440693172886,0.6409662668198461,0.6782509977113153,0.8302805354280118,0.8511146484776991,142
0.9148207089806476,0.9732712718332934,0.8524172676336493,0.9367349258998551,0.7476817336733519,0.8091937747828247,0.6970286270443552,0.7578112251632029,0.9785266163138081,0.9909106097530078,0.8617214192792696,0.8929728152293301,0.659677187481142,0.7077363660820367,0.9101114634287656,0.9299534422933569,0.6629549985148644,0.7045193119626699,0.8452392999759092,0.86699952125507,143
0.9213230656398094,0.9630520429591404,0.853092834620338,0.9181472620454952,0.6998192251454999,0.7463393768668638,0.6455755715735215,0.6914278709039037,0.9760089550997165,0.9890776872674789,0.8229137755703756,0.8434194546461485,0.6382219572740335,0.675579849026965,0.8881852557270755,0.9024889842907102,0.6616842585266134,0.6947268628222675,0.8634643108396953,0.8813372174301746,144
0.9086239159361319,0.9638809638008163,0.8378487587476221,0.9240074390263756,0.7113560725307663,0.7995219120222437,0.6549456506666391,0.7089586249066534,0.9781421141439988,0.9910212921629574,0.8574626449784943,0.8881397704063541,0.635730441678796,0.6773112241294145,0.912563786153066,0.932998599321493,0.6422478067382318,0.676599410327118,0.8174433898372783,0.8307553300343162,145
0.9090462252719331,0.974720843926764,0.8358224140058722,0.9424802985475521,0.6711662518985682,0.7872535172096682,0.5785832170705187,0.6581267665813341,0.9761243990677633,0.9919007419486632,0.8132295887023538,0.8693666364973864,0.5610662803463021,0.6268574494020934,0.88143184405566,0.9151653711980922,0.5817556628967805,0.6380499157409026,0.8120983536141374,0.837236188669827,146
0.9133237435902603,0.9695095048813097,0.8472502501666205,0.9322891217700394,0.7205765477319087,0.7809438859788894,0.6688979578746606,0.7218307136074515,0.9775275432802354,0.9904879590698513,0.8454733876661656,0.868774211461142,0.6550782246320955,0.724086915039725,0.9022618572721168,0.9215777495834833,0.6716926005667933,0.7449693919142378,0.8612810761363634,0.8976069390470023,147
0.9373323015944031,0.9655110602130726,0.8812803910572392,0.9277958172102388,0.7080551952837949,0.8060806331855118,0.6050575070234864,0.693904405318423,0.9804520309420035,0.9915421664253881,0.8302713757818962,0.8800351350859476,0.6328591347817327,0.6808455203194145,0.8953032867760522,0.9215264829339996,0.6723202963481882,0.7105761269277484,0.8688970804663763,0.8910166375903439,148
0.9182690740327348,0.9555304272840951,0.859290953604202,0.8970181644703447,0.7368309799515641,0.7874008676900474,0.6476325009159907,0.6997041405926017,0.9795881507709755,0.9878473872255623,0.8455910985753721,0.8748642989505572,0.6164844377916555,0.6525168866399149,0.8980524721663081,0.9161396611883534,0.6328702095166536,0.6635824223608152,0.844026213219647,0.8616878440041736,149
0.9157082808049567,0.9652974092692405,0.8465878950645048,0.9214716035183117,0.7008137459286424,0.752809604977651,0.6325320450944159,0.6837985196995968,0.9775741116586113,0.9895078834750227,0.836687405957232,0.8632837333357349,0.6149190580222774,0.6590592805112456,0.8976578683823248,0.9158670079762015,0.6281359029170044,0.6675293272885713,0.8246449420418019,0.8439074808237518,150
0.9126556900483509,0.9712617677888215,0.8442028194002523,0.9377523346265105,0.7154421614490306,0.8089583899927569,0.6384322806182354,0.682669942833499,0.9778953564746399,0.9919639407622437,0.831445142428851,0.8754931167143581,0.5946476299060361,0.6216015368450782,0.8876150740079307,0.9155500418254395,0.6045828991774959,0.636772094891147,0.828584722926636,0.8417229983420975,151
0.8962342676942883,0.9749329262233761,0.7453384967445578,0.9442751718723452,0.34928865675545506,0.8328243486614259,0.3666816692908441,0.8811886234132017,0.9500628837464903,0.9923407863731435,0.5696779378377347,0.924321456271875,0.421854139057049,0.8657046684216388,0.739358355268988,0.9594693757375328,0.4881023300284009,0.8520879569633375,0.7751997807868559,0.9191181446286838,152
0.8614395931802914,0.9792717799651213,0.6814747833289031,0.9494870621177613,0.34975745207890846,0.8278376186473083,0.42739468855543494,0.7458674557376049,0.9427174658688565,0.9919575805504751,0.6530908033877941,0.8834916581875097,0.6088058591263725,0.7475983974225172,0.8320989534560392,0.9235315847752832,0.7044460687609602,0.7728965048040959,0.8625974450743576,0.9217148282006968,153
0.8606995075982492,0.9684569477524517,0.612072978655977,0.9352397397387595,0.20131164268018203,0.8611118743431324,0.3725600006104555,0.8459288473748481,0.9051909356414188,0.9919336669114788,0.4332704457799146,0.9270438750443467,0.45037017652028977,0.7972076384560071,0.6802419084102049,0.9517247144980874,0.5192589609081735,0.7804523624204953,0.7281132508132268,0.9079836083316697,154
0.869091157385979,0.9666048333202647,0.7580406835680888,0.9194110993949709,0.5710430233950338,0.7548493260153225,0.5846866546313432,0.7166660506058942,0.9604824232707642,0.9872121535302268,0.7868199633156973,0.8699506555424767,0.5697229615158399,0.6637635120010146,0.8768286900585537,0.9176523209638499,0.5694957981625646,0.6729958053959477,0.75511176631381,0.854661545597243,155
0.9137944629914462,0.9513785421044267,0.8468254495315386,0.8963664626018498,0.6814688136575059,0.7984073210522266,0.6199749020214996,0.7070844771367263,0.9738794501282483,0.9893498318640518,0.833109802437318,0.8816680800261153,0.6506395551994126,0.7296947977758125,0.9017086722773145,0.9330982733124676,0.6803163136202608,0.7519507763646834,0.8494132996736571,0.8861965673029322,156
0.87186478145143,0.9537263620319462,0.7380336757337168,0.8849647980713103,0.4188544256559003,0.646963877128428,0.39711615561145425,0.6275854200857355,0.9509910826010644,0.9824744338756367,0.6639181937946499,0.8176144842510348,0.4730609092686859,0.6899369335623535,0.8077259749803255,0.9008785462558295,0.5380251336152223,0.7152428418051843,0.7942935127633056,0.8606682872815511,157
0.8854257578032005,0.9897323084279017,0.748927667243282,0.9743715126273381,0.5906487694406855,0.9258183672440464,0.7197150659300129,0.9172660537479204,0.9595391964513066,0.9958969588319476,0.801728887795114,0.9543673246087554,0.7094137556850905,0.9212005950140759,0.8953349891850634,0.9724412290072229,0.6887607608558847,0.9307045187650682,0.8222627973410007,0.9766159897452747,158
0.9006522422874932,0.9670126261056304,0.803239818940609,0.9166975256739194,0.5481984037287808,0.7356686320471263,0.5120235857919367,0.6897167606898154,0.9613314861327857,0.9866550745780746,0.7309265242595137,0.8550935760017463,0.5120964081748748,0.6096184929861702,0.83301225735938,0.9048929724264578,0.530743197691341,0.6098744584462878,0.755197210113776,0.8667973356003549,159
0.8235524806622317,0.9391526117126878,0.6796208963859045,0.8548430732828171,0.46514709064516596,0.6804555860678914,0.4940572491140571,0.646678674558548,0.9474654657606474,0.9801829301242285,0.7396824945233847,0.823265482383701,0.5211400509813089,0.5765344509335932,0.8546399846556758,0.8850432192801648,0.5424955942379184,0.6352819301364881,0.7623171757117787,0.8720098356182114,160
0.9293869612734488,0.955109359558783,0.8721542301899109,0.9058853327657254,0.6590891188048893,0.7539618789093558,0.42293736624366146,0.5400262512808055,0.9769663925323177,0.9887309944325946,0.7908322237893581,0.8476036425858495,0.4373779086547471,0.522736242883743,0.8634012874913574,0.9042697551910939,0.47916951105418853,0.6103110250592662,0.7519666617603754,0.8727129313818636,161
0.7450050413750948,0.9755684842815354,0.3660107086767379,0.9417335934772246,0.10559879059104244,0.8221701669738333,0.3511008619121658,0.7592352393708136,0.8226348327465061,0.9910020001643689,0.3676520231540241,0.8777181675124252,0.46163756073407514,0.7402550355928492,0.7132698509301036,0.9178939373911049,0.47370214863073457,0.7568742245013442,0.584187877447036,0.9102898790770994,162
0.8707275612760695,0.9879695539841294,0.7060193256425434,0.9719125870106932,0.4221718527216226,0.9118018192048833,0.5328566047134533,0.8723488260202019,0.9432731235090714,0.9955320610306456,0.6698940197293983,0.9330594464148428,0.5958585007274351,0.8671796496780163,0.8253664652457745,0.953520058036062,0.634926116107982,0.8821426109166893,0.8150001615800913,0.9606735489682076,163
0.9264782417665883,0.9710686605529566,0.8520330638194535,0.9260405090071141,0.5918452781431518,0.7570191683118527,0.5013792792714099,0.6167822181475809,0.9724362588271075,0.9882576348663802,0.7617140100493942,0.8527729511076549,0.5609295406575883,0.6321926910233344,0.8562300619702514,0.8988883586751779,0.6139679580904763,0.7070033210681177,0.8312315178521538,0.8864256124827861,164
0.8780025402103069,0.9631542911271,0.778828121635816,0.9107182483344438,0.6007481351858016,0.7586592709180631,0.6124830213218746,0.7728595259395274,0.9662171907044205,0.98629815322058,0.8166157584774736,0.8807172240731599,0.6519497503695342,0.793467126487439,0.8992774081896665,0.940119491440419,0.6690205574325131,0.7949004159478235,0.8222628318045834,0.88917899847418,165
0.8946699849498494,0.9763230170596793,0.7934940630328813,0.9401463894832781,0.5426171607689588,0.8017823995112234,0.506515645648841,0.7121981635788021,0.9622943094323562,0.9904882168436341,0.7468563424241306,0.8776146074377108,0.5685668531637824,0.7373202189736509,0.8540899427800459,0.9231640558116341,0.6191217116485978,0.7752834544303756,0.833383657398109,0.9094564505690229,166
0.8195796071305866,0.9653858152079979,0.6302249433696769,0.9036452609145461,0.26494606816649524,0.6140094116575687,0.2412356266514649,0.5118132089119131,0.9300543873724886,0.9820578144567841,0.5770791948070866,0.7690337239949079,0.39751904898192786,0.6131111619490338,0.7714987202594842,0.8720035482079903,0.5155808138454814,0.6886559950108815,0.814567629473389,0.8928318011743163,167
0.9374123505069114,0.9752100358320578,0.8793963998397438,0.9337367564255269,0.6308253837461053,0.8103956320311011,0.5097570356066226,0.7462606305236766,0.9727635431554198,0.9899878704952983,0.757024929536854,0.8753262691480365,0.554707236249073,0.785594917961759,0.8444875217207131,0.9207789429981316,0.6147571731727954,0.8290156359295252,0.8607086400330501,0.9483976734019803,168
0.9326946286703666,0.9749894490097174,0.8643778870790662,0.9407027015936188,0.5949919077873094,0.8153751869337884,0.4530791218251392,0.6787706069747635,0.974634928170483,0.99184314127534,0.7440154466630204,0.8802856770436743,0.49952529273995067,0.7022617669749069,0.8374133659343717,0.9201752095532278,0.5587880461295688,0.746187314069225,0.8273230468005859,0.8993664980322632,169
0.8664270020745486,0.9657203088845626,0.7442509204334389,0.9158954178197706,0.42959657094502285,0.7001137928375604,0.33858570111221564,0.5769655384301555,0.9480248533788249,0.9858208914904266,0.6106991032460802,0.7893457352268032,0.3423757608574765,0.5823373490318884,0.7461865158908305,0.861448467709854,0.40312691521425026,0.646656981807262,0.7792388429926986,0.8870933797380784,170
0.9027488588488419,0.969072766555697,0.8139834196938937,0.9212567232245613,0.549542055171529,0.711929478128445,0.48591872551412324,0.6817639019600535,0.9569652514559033,0.9868862190775254,0.7073975295525975,0.8111837546311688,0.49842446073192204,0.6265357367593121,0.8113923344769068,0.8795331428772286,0.5395085080864906,0.6731928677006761,0.800980231665899,0.8854500248435361,171
0.8833141754129031,0.9804899423953537,0.7575354392564656,0.9440662615262132,0.4000174638388168,0.652589190316094,0.28337219535454844,0.5114237068823021,0.9554259039156162,0.9897806971988055,0.6024991023297853,0.7570503972397101,0.2632330071939591,0.4320704692135314,0.7358605175314812,0.8319419349087808,0.2884914775212333,0.48101694552220803,0.6225097075973897,0.7912335561311967,172
0.9103201435432595,0.9795515079620314,0.8270029137770827,0.9421806230338009,0.5803878290771478,0.6835458901075129,0.4233041171774098,0.590990098201728,0.9697632464037502,0.9895745430221361,0.7347908497400101,0.7823476704451476,0.389288971022667,0.5303991336680871,0.8206132933164166,0.85364062683982,0.4044345509664327,0.5638677583190219,0.6896003038829639,0.7847114467621401,173
0.8705140439129446,0.9705691074765846,0.7699853414499424,0.9240174500309517,0.549957432367609,0.666430555679641,0.4286328164292963,0.7419283564759316,0.9575279156336816,0.9874650876829681,0.7184641574564151,0.822584239722203,0.35695776134462837,0.5752960910538066,0.8082346162923942,0.8722475870905296,0.3562600386029088,0.5287918934279565,0.656089473466655,0.7973827233198106,174
0.9090113597577197,0.9822841303857355,0.8102050239973562,0.9507493400578667,0.4951206046839022,0.7214303126651215,0.393095904786202,0.6374611957468083,0.9635629593645846,0.9913105679285997,0.6665865368009927,0.8103134843784783,0.3973733515809067,0.5526491175464407,0.7810441246502997,0.8757015337483699,0.4363106270130493,0.5584706596345912,0.7451062574237075,0.8444611968689812,175
0.897442069297739,0.9682595038065658,0.8256132131809982,0.9126258372510129,0.5943771563985691,0.663593405686595,0.37995642780202776,0.62229573966648,0.9626844686445523,0.983561708551951,0.7247229267968963,0.7832261760578013,0.33319987781085514,0.45846694222768736,0.804809446268047,0.8410761371030685,0.3501776638187781,0.45391929508903445,0.6714960756279382,0.7848140454224622,176
0.8964468347957046,0.961015354233893,0.8175867780854613,0.9032169052835173,0.5462701609723465,0.6171835565225844,0.3461927276463547,0.5966103511130426,0.9584186434307661,0.9843914283325531,0.6757241080739426,0.7359145804682806,0.30242831698289663,0.44315871657947203,0.767887413299725,0.8225529502905425,0.32592651175064696,0.42566184931787654,0.6820937372079376,0.7832469590356356,177
0.9011808158694756,0.959924479195687,0.8158045142122257,0.8957951328147645,0.5513119456312143,0.6072906201555702,0.41673413324145386,0.572502606192543,0.9611770846705566,0.9823119844334943,0.6977724060285878,0.741838238468271,0.3969660902953486,0.48933519735491265,0.7957791263390304,0.8278200762406949,0.4275776377869329,0.5184613652185535,0.7429544160489913,0.8135106272672212,178
0.9164622867131048,0.9833505334505411,0.8403807038875643,0.9528314595983983,0.6682207707417216,0.8411598231912406,0.6067328400344157,0.8066265213728299,0.9736225562205792,0.991449860887623,0.8078336501544848,0.9075177214321695,0.5643827041273612,0.8053236719335239,0.8748081408539363,0.9431202988966552,0.5597741495457944,0.8189756929157839,0.759231687760747,0.9265975898746913,179
0.8955622782957541,0.9679277504375005,0.7963300797399543,0.9208759576949251,0.44622760726873134,0.6760450487977141,0.32542926102325204,0.5127457377758373,0.9523957520658028,0.9870833576309753,0.6285181654922473,0.7719704477938141,0.34857887040687696,0.47474222490882695,0.7551249474660618,0.8448043748801877,0.39939734447490044,0.515411977553684,0.7266706924159917,0.8226761666049446,180
0.9199592996577366,0.9640024986126761,0.8504892645407566,0.9075823102123618,0.5268240781425454,0.6046347943619186,0.3237708928424068,0.4803402073670608,0.9639572209238214,0.9843799072961672,0.6678650385490376,0.7343377835918351,0.34151391751124416,0.4205662576680474,0.7709112506309408,0.8235508717970815,0.3943920575976259,0.44175236103497845,0.7452589153022022,0.7976322399816701,181
0.9050833761466696,0.9671507188689321,0.809562560630547,0.9072501390823601,0.4059239762182844,0.5891894177497149,0.23204668717881363,0.4039238532434751,0.953003492518887,0.9831870264144579,0.5743968835482035,0.7328219109591412,0.2605685249663279,0.45168418771283264,0.7092098162099196,0.8227036336811819,0.3246302697606329,0.51822748943818,0.7204665674462372,0.8523640599224878,182
0.8744689247715138,0.963168794172495,0.7551388963893504,0.9028753330539999,0.50140408327266,0.5983249229064422,0.45782782227450497,0.7558451332915909,0.950641636732189,0.9828501337875679,0.655451327476553,0.8070203450661511,0.3919039777360977,0.5418086164492966,0.7620964228177822,0.8570718974181732,0.3991262900450789,0.464716094470794,0.7335506101354381,0.8110965591362976,183
0.8536833471536893,0.9668497804356639,0.7111555980007814,0.9130641075357142,0.4608433872609016,0.6585474454260205,0.45623385654976395,0.637510124012183,0.9484184169821931,0.9855074072662817,0.6692333837972309,0.8004316941313003,0.3593227224393972,0.4822615689178152,0.7803565172055986,0.8685649024826759,0.3335771264633018,0.4990847153172198,0.61120818764382,0.7724692612376804,184
0.7436083141828383,0.9665575244764596,0.4215076840300414,0.9184972487124038,0.16787393907675266,0.8064276594280008,0.4693773833019939,0.736016947903772,0.8676964574382817,0.9883338770309473,0.5191033364282381,0.8678312686713064,0.6815368474155356,0.721835746970699,0.8169377916965732,0.9082296050488571,0.6768595043255388,0.7287028313174345,0.6472657933370307,0.8906945732396088,185
0.8678363010717391,0.9762549695043491,0.7413696753207991,0.9366132067554319,0.4614632242875341,0.6924317583429715,0.3842961453776394,0.6614069361130896,0.952710510483407,0.98930522261905,0.6568586678142952,0.8061797493510336,0.318560302178408,0.4931616183523708,0.7690663857425096,0.853410320324603,0.3174916052913255,0.5160377102726844,0.6246797177723095,0.7845026349677465,186
0.8670401145930944,0.9794048353094322,0.7414213311655707,0.9421172168048866,0.4618268391714892,0.6905556790866172,0.3826706206092961,0.6268241902267614,0.9544018916291187,0.9899914318391411,0.6619205087582689,0.7982848667397875,0.33920598415767184,0.4875878774522595,0.7772631748667641,0.8800591886889759,0.35133073714518454,0.46197650582588234,0.6655527664736239,0.7475638508878559,187
0.8878470383587177,0.968768091529889,0.7942808341026159,0.9128154426533903,0.5845444163670189,0.6726137546221896,0.4801194853523714,0.7044705940894462,0.9603892487423298,0.9852681250039654,0.7253473819706009,0.8272606467595893,0.39583048417639494,0.49717093235496035,0.806299276127812,0.8599786340101537,0.38668478832843084,0.49497987564941487,0.6827105428120057,0.7409004665875601,188
0.9063548241815412,0.9784482762402229,0.8233847529695774,0.9348023346636262,0.5575811710818841,0.6594160077937793,0.3474719537975882,0.5702518153925974,0.968983222492099,0.9880383817890024,0.6975439378982294,0.7956760965287275,0.28945315800659793,0.46061921599201616,0.7835962413494999,0.8643000663533652,0.2975925686248784,0.4581355693853547,0.6200173033539763,0.7499578140389368,189
0.8707633589190867,0.9593326944591481,0.7519345047903929,0.891009007111328,0.48398688697563425,0.6566656594818207,0.41541514766694304,0.6638606451065758,0.9536265418840549,0.9805591546799701,0.6755892656696787,0.7843428223089718,0.3811099507188819,0.518671382209978,0.7887430463143413,0.8541037455164143,0.3989909678539148,0.5420384679403403,0.7063204800372386,0.806050665460198,190
0.9234513175859834,0.9758108725072631,0.8676560419179449,0.9358198514998648,0.6780493738387919,0.782832532744951,0.53003457733732,0.7886010751550708,0.9708604534895673,0.9892328856664206,0.769301707306026,0.8692474703141702,0.4833189253699568,0.6224918784108199,0.8338000264034092,0.8896713742748646,0.49882716628535195,0.558908865396818,0.7802441880310879,0.8116746906053361,191
0.8744232728014799,0.9681922887442216,0.7825704006320183,0.9187708390286153,0.5965436445516311,0.7132008693226747,0.5136314144995051,0.6944758595219406,0.9560770774426309,0.9867597065629171,0.7569536284743855,0.8277380992646342,0.45121433528976873,0.558549630600984,0.8355329782690556,0.8731566217113843,0.44917937976056654,0.5166567844893103,0.709654932427079,0.8219819589679058,192
0.8746173326522992,0.9807959390964525,0.75601389531161,0.9484666662446527,0.4774605317038283,0.7131033658469379,0.39374101768998704,0.6251465274402267,0.9553668256743837,0.991085508855617,0.6526328888180397,0.8034974663254819,0.3624183647626731,0.5942560347110919,0.7665678262871458,0.8725430838612256,0.388668472454948,0.616364978299445,0.7292355963133983,0.8302563975354277,193
0.8580240079266354,0.9704951279050256,0.7286993605369679,0.9214987255785084,0.44407644753902425,0.6508036633599651,0.36865434831086596,0.5004713917545851,0.95323476561096,0.986603415871683,0.6800024829289723,0.7628224246062497,0.34880803904167457,0.4857813408930265,0.8006747429088577,0.8402988762694636,0.3648282257716313,0.518037031536388,0.6446480355862826,0.8013485184224713,194
0.8679518651635428,0.9694128470233625,0.7509533696056727,0.9167562458961203,0.4601517313039755,0.6511037595910903,0.3391579200607315,0.5881681125302818,0.9559481763366661,0.9864301958463003,0.6740076443856122,0.7651161514405064,0.3149768690783499,0.5014274705144606,0.7896632835137938,0.8418176480281674,0.33543669991387304,0.5166978280387339,0.6378726558907238,0.790701136266629,195
0.9003692799240495,0.9764283944573658,0.819622052400276,0.9374343771975744,0.6015718465737321,0.7074146719562675,0.47233374450202165,0.7363978734442954,0.9635037961907671,0.9896322405186403,0.7353089928707288,0.8483442702310723,0.4297458011685653,0.5786800952992892,0.8169362525582027,0.8959573923180534,0.4482760125967779,0.5389459944467915,0.7417441238197204,0.8110948881540163,196
0.8993075813587608,0.9676512451814155,0.8196165289140738,0.9195460888801937,0.5856872193119947,0.6920409191045249,0.42666502765720804,0.5690577940105761,0.9642399274322329,0.9866898255284108,0.7172928781479098,0.7834980500819423,0.3847749380402097,0.5521592953435335,0.8035350785462471,0.858749032486986,0.4065722198351487,0.5896494524392103,0.7271352148120841,0.8614431285582745,197
0.7048258445252997,0.9849103691038829,0.46455639293255097,0.963938839024934,0.2529098794665098,0.8578534306359471,0.38163646702609866,0.8140571713133964,0.9174407290285683,0.9936752328589766,0.6498423334780579,0.8986441691219342,0.49558019084646315,0.7995945661577767,0.836639111579719,0.9296803040012475,0.5275844447628526,0.8107121256444956,0.7434218609845169,0.938602210819092,198
0.9084449710669769,0.9774771636617388,0.8210640269152358,0.938445828102429,0.5512755725483848,0.7057694784873433,0.3916054800807091,0.5447138522591943,0.9703156555177398,0.9890913191848468,0.7378099971353007,0.8271729089329871,0.401801873786489,0.51452893050051,0.833948104251595,0.8852549828176531,0.4329777910419994,0.5434875225838387,0.7002561555018848,0.8001847079447494,199
0.8948382263854389,0.9738797953938133,0.817700046399395,0.937464369399142,0.6584344159040585,0.8019505899631841,0.5834368471365726,0.7241636159867161,0.9634851504227484,0.9905483047381461,0.8007119384315344,0.8740922921454567,0.5312741389486365,0.7256495064893858,0.8673869953787344,0.9196261062875473,0.5291076271087716,0.7521355010142694,0.7523154332729949,0.906330341949814,200
0.9077100352566713,0.9755524335125312,0.8223382299395182,0.9351967851655155,0.5638145485301521,0.7420049030910829,0.46412500993877837,0.6600426350005428,0.9652268565701027,0.9893134258188294,0.7285097764259076,0.8316524890149077,0.4889881113197865,0.6847202342494414,0.8286452279002916,0.8998272709716018,0.5358593399999411,0.7173448836593189,0.803985132814735,0.889445432660149,201
0.9145313761567253,0.9726139319943856,0.8443760907899511,0.9342636717597815,0.6218330492416324,0.7604748079651888,0.5336228976414589,0.6302561997798898,0.9682090714715045,0.990020813549828,0.7787374555979995,0.8395644826423445,0.5542376970781249,0.6322936538841094,0.8624376315094917,0.9005201948172323,0.5845738573584841,0.6554714404698212,0.7890494011560101,0.864318924332667,202
0.9338852176829922,0.9784185741934217,0.8761266120622871,0.943069997575934,0.6611887312552145,0.7337716750506383,0.47995495682872025,0.599987112747956,0.9748023191450644,0.9905826372548328,0.7711087534717166,0.8189280324475612,0.45919444174688345,0.6251583478688528,0.84202884668632,0.8783018852794464,0.48355109256168316,0.6737998009751093,0.7579862337027272,0.8910096632655774,203
0.9090716679317968,0.9656060855268759,0.8428018182842633,0.9034206218037693,0.5913018927980256,0.7274101488903817,0.422689656290557,0.6690144434855245,0.9598883687708883,0.9830512292651072,0.700137468164935,0.8267403059219116,0.39489018165671047,0.515690046941085,0.7851996960393796,0.8590021719826302,0.4283361131722335,0.5987578381113833,0.7642454129607459,0.8938031125514474,204
0.9161582736152976,0.9811220917861911,0.8475211030128559,0.9474556337700171,0.5805642615293943,0.694562651221032,0.4335399733540032,0.6002337852085525,0.9648910035005327,0.9905455560481043,0.7178430347642099,0.8124550801006043,0.4452912498724075,0.6553931730376216,0.8104342622399977,0.8808700151748307,0.4905426686016029,0.7099794025644326,0.7849372854037547,0.8991455042521006,205
0.9115843894984782,0.9788076856104875,0.850703882267671,0.9440895756931791,0.6907271845470738,0.742221123145928,0.4656703520090147,0.6146891817802198,0.9733433440775398,0.990580388000523,0.7995335392147646,0.8248348068518326,0.3975582012246632,0.6170720098586925,0.8570831694746212,0.8838348589743843,0.40169765940690905,0.6578673327918655,0.6761716607089392,0.8848747233112276,206
0.885998954880237,0.9709100308614197,0.7876053501962775,0.9197981664214083,0.5562203645209743,0.7427046395161505,0.4743531995666817,0.6378514002477796,0.959686839102567,0.9874091449557828,0.7429522628577081,0.8382640504260812,0.46177250754082566,0.6519447858082819,0.8366909603524126,0.8976980251831216,0.4804598752365955,0.6884444562442621,0.7275765508533906,0.8835601195894154,207
0.9038321566028659,0.9777763800476673,0.825859364211014,0.9424197839354055,0.5671627128611306,0.7108395633915447,0.42123147503330133,0.6866062682505806,0.9636617910402548,0.9903580876127756,0.6938437063227714,0.8198802127169096,0.39818987942105116,0.6107791345403263,0.7892469344109736,0.8880533532446424,0.43691378063251174,0.5945190965893578,0.7748014084890028,0.814787036472716,208
0.9116802533776462,0.9654923133592108,0.8367060003900381,0.9166706775131173,0.6069336469128948,0.7088105799275515,0.5036714072766596,0.5703600619787048,0.9675097634667621,0.9872648229658262,0.7635101612632327,0.8168929194759673,0.5162203026048932,0.6045284088100475,0.8502796082922742,0.889606061726303,0.5469113468972626,0.6460678524241977,0.7822715692974384,0.8496561898079428,209
0.8593589255611116,0.9625867399370601,0.7401076799608057,0.9015721854154566,0.494068667237223,0.6163261152185703,0.38582691398318875,0.5956697502474949,0.957127500822792,0.9844325128658172,0.6913735650981404,0.7810506490830713,0.325980344585536,0.5063339052934822,0.7932758237696396,0.8571456281773413,0.33333951896599306,0.5465689870311342,0.6458068272832059,0.8082142685764653,210
0.9035257996820836,0.9711543308164999,0.8354540954727444,0.9288259642906791,0.6693856458035218,0.7751390827067769,0.568117750682998,0.7373737751195656,0.9647682216093045,0.9895219740886165,0.7894045937047998,0.889871600784208,0.5191246642075397,0.6532931450435291,0.8548649138958533,0.9249386375437475,0.5258315413329784,0.681262953962457,0.7702527527037041,0.8812202472022228,211
0.5405870860488726,0.978882489966525,0.2474492886135299,0.946662639082042,0.09852547684409639,0.7627428047161088,0.20122657775380587,0.6436322740249207,0.8598655414802148,0.9909893358471444,0.553140024946172,0.8322903231179718,0.5992130019079497,0.7236155501132899,0.8504580500138055,0.9065975819101505,0.6716624772266491,0.808191678387868,0.7368948780965412,0.8815771523116716,212
0.8794478735136871,0.9829831871243879,0.7626912314510007,0.952890929630347,0.4932152281159667,0.7121045981624075,0.432104673414866,0.6165384215108002,0.9583300195056013,0.991721713231208,0.7073043313160666,0.8194534142103529,0.42686772934842704,0.5687572841303411,0.8188049841175511,0.8836992522286959,0.44725063128689924,0.5922558178447431,0.7052179022953197,0.818455489114362,213
0.9138277255012595,0.9886100109131922,0.7606559880027268,0.9719832611442071,0.4362848430161303,0.8988726252505028,0.628747487440767,0.8537816726559161,0.9465442265973335,0.9952578142284206,0.651139371178815,0.9258204574414939,0.6970517662485186,0.8487144013458984,0.8166570131670348,0.9511699715428485,0.7329316252584109,0.8645365984634727,0.8274002145450222,0.9596730811187864,214
0.7079935045962295,0.9752644643986389,0.39961776211911615,0.9304432816870774,0.1082793354673564,0.7551591258728148,0.1820386426115925,0.6891807338099784,0.8837772081865344,0.9877090202015195,0.4729679627893894,0.8294176488653241,0.4103762228382423,0.691026695323474,0.7638865479774012,0.8879105636996699,0.5492893314022944,0.723265782807547,0.7676966256606389,0.9087403054593827,215
0.8523993341384328,0.9763937935180083,0.7172123246524855,0.9357068126410429,0.459858378239304,0.6690887575416959,0.43966270640785116,0.5855855483862319,0.9500924488370681,0.9887651474320973,0.6968690514629969,0.7997921496784133,0.43038228315587657,0.5290421184531302,0.8165569619061045,0.8844871535293661,0.447259995981479,0.5422849437739764,0.7048684484096076,0.7890359565608654,216
0.9096624849979971,0.9752578678593494,0.8046280796589466,0.9408329530186822,0.48119727545439156,0.7829604226485251,0.36714199299803174,0.642348782006419,0.9664290319211793,0.9912565172270129,0.6713032832411727,0.8770815135051919,0.41302433362693836,0.7138961422154114,0.7939350446973396,0.9261811158914454,0.47800171376990225,0.7758784468665709,0.794753694833357,0.9188618805113936,217
0.9153735796485813,0.9679528159299549,0.8387459011451709,0.9200226411838002,0.6394646952140798,0.7291008412532999,0.5675453022586486,0.7093338387230472,0.9699991803306509,0.9882804929537737,0.7790819463126953,0.8468892391695647,0.5599288884612834,0.6734012378739458,0.8575949780473857,0.9071565375542405,0.5831438195045211,0.6791197865236054,0.8121625692486577,0.862524692784329,218
0.8907558233727966,0.970292242360545,0.7862064285645921,0.9271864036169402,0.46236183031599093,0.7195808284911526,0.3255188167793902,0.5798148055426792,0.9612022898158815,0.9890573151734945,0.6657644184790248,0.8239272302730057,0.36132215342023377,0.6003535048551928,0.7890761270585083,0.8866684936904058,0.4196570250410748,0.6489510742589869,0.7442367396882055,0.8502995724383398,219
0.9015588297412164,0.9662214398346524,0.8149655893151878,0.9170600861955318,0.5983733169281538,0.7314749281035099,0.513557582163152,0.6374225272950625,0.9683262948792595,0.9875775839343234,0.7775368066004777,0.8375869653710176,0.5309776790195742,0.6369524308278536,0.8647261116855467,0.8971300340704521,0.5622909650689191,0.6767129136224004,0.7898071504915545,0.8546050116336207,220
0.8770131764996139,0.965883037401583,0.7700794607151396,0.9131942318898613,0.5434928432548638,0.6873298416991939,0.47058852490901254,0.5708161687255973,0.9587213428711664,0.9858715110258965,0.7191373056534629,0.8038503997749853,0.4326613346069068,0.5909633830329953,0.8161290105433248,0.8733870675985622,0.4493446428983339,0.657614427432571,0.7390044383649684,0.8633661487663176,221
0.880846687387607,0.9750294804507017,0.7785775311293474,0.9326176912074841,0.48048965290235907,0.6868395471187286,0.35720743925604237,0.5872689543958843,0.9542780148769385,0.9878101732859371,0.6355627688906719,0.793577850712935,0.3440616601563069,0.53805840752079,0.752607631159261,0.8777111190485685,0.39539801913484396,0.5863507526126238,0.7730672819246768,0.8394011066645084,222
0.891468596923961,0.9663350958814458,0.8071273763385217,0.9131769332088432,0.588158022653081,0.8180723557057746,0.4591992426766623,0.5914408417709679,0.9662237003996307,0.9911768071153905,0.76358592262056,0.8930589001439339,0.4703038196336478,0.526714018023665,0.8515372878242236,0.9174974010322794,0.5070790798368731,0.5584144193321049,0.7701189432049211,0.8217718246370861,223
0.8582657146350713,0.969420345679446,0.7216573659003243,0.9244072901457074,0.4143453039893423,0.7125873165962275,0.38095515591971874,0.5791833916245143,0.9452848495501959,0.988124946503862,0.6555451093949436,0.8087151637532324,0.4248030989650326,0.5600873747197237,0.7968723674563339,0.874858248965282,0.47650151854011713,0.5777878598837176,0.7535311925388298,0.8323860087739074,224
0.807741589099952,0.9775807713885729,0.5550319435394087,0.949635259323597,0.2570768057869853,0.8690025099759866,0.49204492422968815,0.8076988464898477,0.9110635605323548,0.9933384861541446,0.6034917791845988,0.9202904141601895,0.6357484694180804,0.7906423079153764,0.8278838509016337,0.9477886818055777,0.66211072316584,0.7967597723405435,0.7435026159120286,0.908225570220592,225
0.8704310871165815,0.9538638220234357,0.7388522225532821,0.892529475164498,0.4577906587035675,0.6968429358246703,0.49052275293932546,0.59199423844587,0.9479042703814674,0.9841644372145137,0.6808534850928357,0.8153306854278877,0.5035054137541056,0.5958576550914394,0.8112760831422904,0.8849082043855655,0.5268016996841823,0.6585253292796376,0.7509562042716468,0.8641847829673335,226
0.8703233894738495,0.9508396556009615,0.7732425890869065,0.8860481125868149,0.6008467024662049,0.7144466404279449,0.5090250607601776,0.589379748967852,0.9623351222685952,0.9837852395589922,0.7577816260350495,0.8138578464335382,0.4402383550451918,0.5890518442564189,0.8362933264585201,0.8902722976904952,0.4444003753699531,0.651323155755012,0.7327451721344812,0.8680499664881064,227
0.8687884801974725,0.9512070763590103,0.7663752135445753,0.8768229058518994,0.5449054080557642,0.7052183145574502,0.43113078572469893,0.6563211137556718,0.9587071910328864,0.9799967359767998,0.7233585115548351,0.833318063933252,0.394185624490158,0.5532891782409075,0.8178142734942881,0.8850081446283355,0.4151028833734319,0.6122584350038043,0.7168484862931996,0.8507391391181793,228
0.8737926420005299,0.9566583775679586,0.7760915739304258,0.8856498729634673,0.5481833022098449,0.7140553172188477,0.4036087266879159,0.5583843516092856,0.9605898523128031,0.9827555469841985,0.7163738440009935,0.809867119222862,0.36457183331104626,0.6148207475034465,0.8085712019048327,0.8868750237591275,0.38831628461025774,0.6424908345246183,0.7088428911962268,0.8365995879449573,229
0.8988758490955746,0.9521054810311187,0.8158634314609443,0.8827950612347074,0.5610075525156604,0.7489606125228433,0.4208182155702065,0.6424969518056184,0.9625958699531884,0.9864143678889283,0.703986409451674,0.8339065915690314,0.4033768787320122,0.5954844095019347,0.8009563257814606,0.8931819820641459,0.44033744261374635,0.5846937741770707,0.7639913846173035,0.8130534855042515,230
0.8905542456332618,0.9494531164665958,0.805510081989556,0.8861590279828797,0.5533672792864512,0.7105778872301295,0.4003309033638311,0.6297176336796144,0.9602937652736527,0.9860662471548508,0.6874176099294836,0.8497307156408235,0.3683999258282577,0.6683962235598079,0.7845015393181992,0.9123990333677069,0.4041510642420021,0.6929032469540305,0.7574531498770751,0.8525556599608793,231
0.885173150335899,0.9489417277942966,0.7890430729821059,0.8910319809944116,0.5539259804433997,0.7135750361136999,0.3927329875353691,0.5722323555390154,0.9646055890507518,0.9864734969191756,0.7166903592109573,0.8319610690384739,0.3415258799966693,0.596787949571274,0.8071157308020291,0.8975473980484511,0.35472603974911415,0.627360649748143,0.670231423370975,0.8358558537059761,232
0.8526004768540981,0.9483901883790754,0.7337212664317178,0.8713555805807929,0.4984053489789287,0.675737145921992,0.42262926155364033,0.5864839235312491,0.9546963719973612,0.9831794154719797,0.7239122130396467,0.8095130113215333,0.4122967366771063,0.5470528167713956,0.8295413076255083,0.8810529285225762,0.4366137782630894,0.6185255209760875,0.7128954561357872,0.8491168492538718,233
0.8849463147448169,0.9627508006010087,0.7842306211993499,0.9057598270529199,0.5126729704218843,0.6728549636450902,0.38729458588031324,0.5963397608444572,0.958997264144401,0.984379319183652,0.6776925705937886,0.7928082480775974,0.3706783402998586,0.593063183080082,0.7851769461044291,0.8788359394493032,0.40973086637912765,0.6346526736149312,0.7496991897942454,0.8592878513550968,234
0.8940670801863593,0.9480168980261289,0.8152952664883875,0.8975136798508734,0.6227053101901281,0.7929343833396528,0.54673727647813,0.614073039373533,0.9635078089840443,0.9890221821794638,0.7720711268484733,0.8590025245360777,0.5470159086505356,0.6357822274746608,0.8559882682176662,0.9094757802912414,0.5831637405036707,0.6957807204983573,0.8320030247955708,0.8822453066216551,235
0.87040059242018,0.9487954504274069,0.767163262453162,0.8771273487713506,0.5581402155755137,0.7150448438132561,0.4709116075801486,0.6338232110058896,0.9562173172235374,0.9800924813001396,0.7267105229064896,0.8193486840697936,0.43121040988053055,0.5607061480320876,0.8186674228076376,0.8797942909774094,0.4510569837733511,0.6172907085393275,0.7497737074235621,0.846207501620537,236
0.8910866144168812,0.9604266299698861,0.8133340481854714,0.9016264798881105,0.592704911103665,0.7536474430677087,0.4242505044474811,0.6203152669037744,0.9642444675897062,0.9853600475913499,0.7405633322462835,0.8401923667744687,0.41694584711549554,0.58817939174173,0.8282307099761311,0.8832938989353719,0.4623004113007023,0.6366012742084606,0.7772683121589973,0.8632610290526913,237
0.8998764100262334,0.9484540882458959,0.8234400116290996,0.8898376973700891,0.6242536877502277,0.7176809528794772,0.4610083571496403,0.563478018661642,0.9709631632946499,0.9859510222823212,0.7930281195617728,0.8249706849608778,0.4397212374462607,0.5823037901689694,0.8689610171757213,0.888526804649798,0.4554064874545292,0.6330060492080627,0.6943296044377003,0.840976553563118,238
0.9147279155038559,0.9487306211449641,0.8543093264158178,0.8954162343361786,0.6342506527847158,0.7217115988150075,0.3396059568769354,0.6087125537864422,0.9726691762066864,0.9876141496276652,0.7580912803412079,0.8302899495856169,0.31996959905835703,0.6145136788656373,0.8316936588492725,0.8914076424387344,0.35069338553249385,0.6608507554294688,0.6716597633768439,0.857513750942945,239
0.9020352882441838,0.9579532453612731,0.8367532282148662,0.8886931463178042,0.6538643707729747,0.7111148441606101,0.4583448079353206,0.6409673322044668,0.9692171310460524,0.9856842277455264,0.7719583913065414,0.8280555969233403,0.4093828198030245,0.6223109527875773,0.839603102930013,0.8935574470457469,0.42768999188761914,0.6762790449485871,0.7260232173502573,0.8741528612247048,240
0.8874322139964271,0.9599749098721667,0.8009225447860824,0.8967941005283615,0.5870141514625729,0.7197164957862349,0.4436726955720037,0.6415619813568487,0.9642556394016565,0.9840925839676664,0.7385018577226788,0.8087785323759584,0.4062105427310878,0.6469793374231438,0.8239252820106748,0.8795745702417217,0.42913056018491963,0.6718060126622364,0.7349391618821121,0.8742426222105633,241
0.9201972964067908,0.9568782666300718,0.858465784605549,0.902058872938444,0.6584488061647841,0.7937091839150973,0.5289956234518631,0.6720995291738825,0.9706702407813855,0.9868379216073,0.7844551937206788,0.8718388432091878,0.5299024864797384,0.650778883946594,0.8592338513660776,0.9040151583834297,0.564116973263213,0.6764861621225597,0.8112312683869999,0.8586452460803914,242
0.8601759483403626,0.9651492803161905,0.7414590062851264,0.9124887964382896,0.4730721125474346,0.7538091932297287,0.38733740419649776,0.6189248335133113,0.9516945705908948,0.9862569534034561,0.6877361655180021,0.8408382693669681,0.40458466748968835,0.6587050158283163,0.8067787218022696,0.89616627295169,0.4519461314398886,0.6991463593593222,0.7573772119903084,0.8718772577550513,243
0.8777741290043982,0.953441031907128,0.7771514244224154,0.8896148024541904,0.5176259539002683,0.730772055533291,0.40424087912844053,0.6128454236998836,0.9587644489464159,0.9837494208524526,0.7218983770619752,0.8335334922337999,0.4531852515606837,0.6199130409205924,0.8316142435407275,0.8910268107574735,0.5151153751010867,0.6435842942375132,0.8013291440008188,0.8592916203618539,244
0.8788311074995169,0.9691005803707026,0.7873581560935301,0.921321088261066,0.6285506025856813,0.7411061894120287,0.5977181679746967,0.6579253454458104,0.9638698817619811,0.9868039289555068,0.8072372511520546,0.8464974042984436,0.5579801904191729,0.632518329153582,0.8802904305105606,0.9036275267879569,0.5556848876664926,0.6629755350925113,0.7586904908363856,0.8640385517094787,245
0.9035630793373637,0.9589181366799904,0.8335709335637993,0.9004616147488866,0.6838247429978613,0.7902758837184525,0.5570532072749506,0.6716774794167812,0.9711983373247753,0.9884315601688345,0.8256056503554784,0.8768158787727264,0.5216402718918256,0.633589958292057,0.8876874582671579,0.9169404002401899,0.5309062596586641,0.63966346832844,0.750041577205328,0.8521957578951891,246
0.8917892707438286,0.9497705875602009,0.7965563718722477,0.8847187426125572,0.5901255906266644,0.7154125640532363,0.5647327668817911,0.6471766994264853,0.964504443027979,0.984098643978189,0.7835821598967031,0.8343197201278937,0.5892980553643863,0.6412781122288405,0.8747206359184937,0.8913218686132428,0.6159232439591229,0.6563479312331687,0.8108247496854729,0.8640206772534414,247
0.8616700047301816,0.962294731849147,0.727344289159029,0.9088506718361546,0.4147605508331945,0.6948577542228027,0.36750901466905733,0.6120319805976571,0.9471970972516774,0.985546358247539,0.639133360081149,0.8269431936108058,0.40495210708628226,0.5456390974696992,0.7810617218603556,0.8770646499451754,0.46571803496766445,0.572409638494006,0.7801657872802631,0.8260032304810558,248
0.8720217424443024,0.948680117286484,0.7668986135407087,0.8830015481681884,0.525628509572605,0.693721878655786,0.4843438167935258,0.6880785264505836,0.9552354112974112,0.9823788060375392,0.7428570889893389,0.8603546820573272,0.537201080089328,0.6723334417924317,0.8518546413369575,0.9126821137302531,0.5857418866454692,0.6888217605625111,0.8128427583679932,0.8631971235053538,249
0.9028580671604357,0.9458319403639733,0.8326201334344515,0.8906417857324334,0.651284307638078,0.7325889077194527,0.5270513056199945,0.6073643663894145,0.9699945863908058,0.9874244051642278,0.7970577355054601,0.8294429704372767,0.5146123882810895,0.6276998231263546,0.8690761524723567,0.8880094388618714,0.5389968216121084,0.6592952176761911,0.782568896384129,0.835255581347894,250
0.8964007996947959,0.9498639622026585,0.804312617413827,0.8884668478074892,0.5440914317712638,0.7273979716019858,0.43244089482712894,0.6439170645614828,0.9639777230913341,0.9835327056506378,0.7269104394807925,0.8673259392709739,0.4590925579109517,0.6614250300220983,0.8294520847563958,0.9123606881532629,0.5077902244701122,0.7231592505331862,0.7883908003664687,0.8866204924747385,251
0.9070601848276733,0.953633981581609,0.8290953688311389,0.8841001365315366,0.6156146272270117,0.6983066917395426,0.5455302289216003,0.6285322466662278,0.9687713809903942,0.9837589401521809,0.7833789153376599,0.8189292709770615,0.5712548466160495,0.674391398957124,0.8684700419573196,0.8915811454936758,0.6048749850354631,0.720622665954522,0.8146005310806577,0.8856575257410565,252
0.9071847097595253,0.9573381692213424,0.8326557919618703,0.8929614490378702,0.6561680332724261,0.7660776112883264,0.5799639678556808,0.6258002040616881,0.9691474143965848,0.9876465485019855,0.8052861697390125,0.8708764872331884,0.5662248472251343,0.6362204120907304,0.8776170270306802,0.9116782080550423,0.581924778852251,0.6722442478549685,0.792514934707461,0.8691838638916808,253
0.9077557539891039,0.960773179741019,0.8314230835754618,0.899266569592304,0.5737204784319505,0.718735313218117,0.3901115649213604,0.6284526922891327,0.9677362699145016,0.9829950099794529,0.7260774633786606,0.8149551361848014,0.39139624213051166,0.6419635880972143,0.8193530368166348,0.8772078841056776,0.43123697294973756,0.6799852585743541,0.7431197071274881,0.8812261180488086,254
0.8957022781131211,0.9486178833230962,0.8200236081341564,0.8721226632636488,0.6489105421688567,0.7372908513882536,0.5117502233771946,0.6337698962661398,0.9707468155818344,0.985238874774436,0.802738829424543,0.8506421346660089,0.48921915442418584,0.6822896920465376,0.8732852485870651,0.8991786135186384,0.5103737836440237,0.7211818985465451,0.7557021385739955,0.8909497886750111,255
0.9255390838807883,0.9541942594968499,0.8666741353181902,0.9010554988641498,0.7120859095056008,0.7724223306840989,0.625601682010919,0.6848583670435223,0.9760831383711339,0.987698729815468,0.8285243246506138,0.8658962946253757,0.6159338812148746,0.6642382006706952,0.8896174664270767,0.9137774691688815,0.6360553805614668,0.679823052731946,0.836472869611957,0.861674659345459,256
0.8980210973340236,0.9578278660170694,0.8178020210808211,0.902586473051566,0.6116602244563636,0.7625454928482107,0.5083144543397735,0.5917183437404263,0.9660421671163162,0.9872999835510387,0.7575253588855934,0.8358555031550844,0.501748364705995,0.6260831083691325,0.8431627950314561,0.9003318297901084,0.5387171434477859,0.6784198254691859,0.812081467415478,0.8695385163758744,257
0.9108081326692687,0.9569205088176062,0.8415876679635316,0.9001345801720415,0.6625898361438012,0.7229462980125896,0.5663714855746786,0.6244122494786485,0.9719805211576784,0.9860615061112472,0.8032181082347225,0.8418423535518919,0.5725240542911725,0.6096321648275562,0.8764854541936944,0.900413916003145,0.6043705256291371,0.653162525812055,0.8297338432550552,0.8652819942094887,258
0.8873022128252341,0.9576078594269082,0.8040487586473076,0.8927659984832625,0.5608389832119429,0.699118771997141,0.4016222651135111,0.6507122374542912,0.9610542302394652,0.98484764109903,0.7376511238062777,0.8402595795826648,0.4157205529432535,0.6345543181180501,0.8332426547736008,0.9061349064079262,0.4593546298904675,0.6750051583348199,0.7502106438588494,0.8667270063489093,259
0.9072143917729998,0.955024573131232,0.8381041563310746,0.8860026797205437,0.6684968956590304,0.8032551207970869,0.5764101414852766,0.7641665982219145,0.972534263593754,0.988990638580555,0.8186614346476492,0.9168112281435301,0.5879637810243648,0.7373454202142607,0.8883984901277532,0.9512686321170096,0.6181281368599406,0.7332915456176975,0.8246888755343558,0.8939916659580499,260
0.8980576131604348,0.9499938546899224,0.8140848367076293,0.8801349681710351,0.5912914973494403,0.7001569497339121,0.5049381762889146,0.6504284382554919,0.964005249530613,0.9807208907646412,0.7516138384389345,0.8575502421175294,0.5131126379097521,0.6603078184503143,0.8428043338558531,0.9097847761054368,0.5516695974502678,0.712916875665364,0.8111024739928147,0.8866886441436413,261
0.8888824971319197,0.9557183913491855,0.7962328054679009,0.8931096018918744,0.6073736798121847,0.6657320814613884,0.5848429669065349,0.6339826700332598,0.9651554110707476,0.9835791767502745,0.8018540744869672,0.8359606882029897,0.6116914769244268,0.6747888957106403,0.8854524901519316,0.9107764701825937,0.6351097981818223,0.7149178655417384,0.8164288326850936,0.8770030007143288,262
0.8836545015662828,0.9607087183024723,0.7924967340349838,0.8945483224151228,0.6292429723053254,0.6846484554371509,0.568477968894108,0.6204606038316792,0.9641503802236133,0.9817649383825625,0.793573071489937,0.8252751693194188,0.5247312967481016,0.6096979519366907,0.8677977895662731,0.8889151558208992,0.5286835359117271,0.6781274230280473,0.7635239086203569,0.8837986927430548,263
0.9040508689763945,0.9465862648137487,0.8265765496230189,0.8850132763367691,0.6243944312450707,0.7237236320858782,0.5286420387524097,0.5966572364828041,0.9710124063468492,0.9859114255108105,0.7944257060152128,0.836932657227838,0.5774408038054184,0.608192979215864,0.8776676103747982,0.9016664851947904,0.6287928788869086,0.6602744854279273,0.8514250594410202,0.8741289675316288,264
0.9031022610463327,0.954294395212567,0.8341147865105448,0.8969621136682161,0.674806784840137,0.7324932070625544,0.5746471342292734,0.63496860041102,0.9713850004956278,0.9862569728573537,0.8196348458286633,0.8527934405603662,0.5621795187380031,0.6477730512667744,0.8863430529192279,0.9088245017308466,0.5819016587604612,0.6792698301794011,0.7978368027138353,0.8746279000458402,265
0.8816688685293725,0.9481927760196129,0.7893764580442961,0.8725840715994727,0.5779084530224354,0.6336545051054183,0.4616615937062592,0.5686867648538616,0.9647051751437633,0.9806833352803687,0.7572352229256902,0.7950772092515168,0.450733446167645,0.5625751190496041,0.8465800915671539,0.8691615916169914,0.4799528757374111,0.5938759379140927,0.7544851033458386,0.8144771489618582,266
0.895148337495494,0.9532095644048978,0.8109449450072681,0.8868627962493357,0.6117326861219983,0.7433925829140934,0.538966488762373,0.6167783105641242,0.9609489628892399,0.9865335210771318,0.7627436998186986,0.8372434101894335,0.5095365885066329,0.6355004108433362,0.8451266439619262,0.8904921372359971,0.5227706697199198,0.6716240485296552,0.7668805988698975,0.866772547931911,267
0.845508828629098,0.9569602335098825,0.7266482942602387,0.8941318255308759,0.4953255191256519,0.6854727312273831,0.3474353931456595,0.6262585343203438,0.9600060627583978,0.9831054104764565,0.7181322285274321,0.8004415142381417,0.2887912035039701,0.6241087511531301,0.8171307721477076,0.8731375119957562,0.2970950608822863,0.6472036161552043,0.5931459589431022,0.8433793740200297,268
0.8970395134572735,0.9580179345570792,0.7957970063874926,0.8953274624530317,0.5427191360586668,0.706277204492023,0.5006577165706225,0.6110238854647538,0.9597945558173693,0.9861202599699698,0.7261568743819377,0.8372729455639627,0.5343221032922721,0.6342689550863887,0.8346217502073101,0.902841744770247,0.5831385422910872,0.6815734558510629,0.8318813136055926,0.8802157675969653,269
0.9139159252675424,0.9568245336257671,0.8442108020614141,0.9122858503470861,0.6563483028061465,0.7925978549105761,0.5405465679156874,0.6213061847348127,0.9719059656421151,0.9896101450970319,0.8030188102482372,0.852969620587042,0.556166480636795,0.6281604320873381,0.8770329440290904,0.9040708450020101,0.5921362750357343,0.6893482928614125,0.8192733985221327,0.8785796098311818,270
0.901677267374853,0.9474007476806775,0.8299684208119366,0.8749045152179906,0.6465782264701077,0.6941969030569275,0.506587955676986,0.5921618585202534,0.9704120363050582,0.9832724787801228,0.7798272092677907,0.8288514477574883,0.4734200928014684,0.5992376267953727,0.852330428647599,0.8916384554906588,0.4952987435904939,0.6342919240145635,0.7698889613270719,0.8421915315022526,271
0.9094189289107965,0.9417634315357202,0.845466111424615,0.8796047478319544,0.6998880364908475,0.7705399197859873,0.5556154352940226,0.6298567274605961,0.9710042888975944,0.9871432350902198,0.8213540402997063,0.869481179677475,0.492327692400683,0.5832576996730555,0.878459765151233,0.9090853569981868,0.48909697989512957,0.6114792366799888,0.7187492455280294,0.8204289948432434,272
0.9140081392781345,0.9584114013926827,0.8312107996271416,0.903450644256053,0.5731733256183671,0.6831870056622625,0.4821461830882046,0.5758655062191564,0.9668042610698415,0.9863697230666099,0.7331513906754619,0.8110732910447723,0.5160718598945601,0.5930635451440065,0.8340469773069278,0.8819587077151544,0.5704735736241201,0.6349604248867662,0.8336808505634361,0.855213265880445,273
0.8830432017299437,0.9457575100688175,0.7930628777895643,0.8645029722957231,0.5836442393926962,0.7124807502367101,0.4407564562315138,0.5380007855854814,0.9685137933397604,0.9857235752554604,0.775485394548381,0.8463648406253966,0.4482203438294567,0.5717453797393641,0.8617178380506192,0.901536863597935,0.483569779380828,0.6686158195568516,0.7466533648492285,0.8854982112501282,274
0.9143929817845171,0.9497573273477389,0.8533542039108655,0.8945853956825062,0.7002504742212983,0.7705589075778079,0.611601898051082,0.6707633644991556,0.9697350068197215,0.9869850377253586,0.8133960559296797,0.8515931378822834,0.5885101807370721,0.639874088445097,0.8756218631594709,0.9035786251707959,0.6068445830891745,0.6531186537906477,0.8285448724306125,0.8572786006018847,275
0.9166732124736873,0.9578709819609043,0.859422601807882,0.9144794688313005,0.7123751412791146,0.7779463678864187,0.591157884606696,0.6410837512198645,0.973962593070587,0.9903516498437559,0.8317845856953042,0.8669176731555556,0.573546930395691,0.6253723023623912,0.8904144265234805,0.9132074862746935,0.5941979119181363,0.6498440388983564,0.809660023356323,0.8484133983256613,276
0.898454938458173,0.9567142236397448,0.818128627298881,0.9006662193456836,0.5603589165233903,0.7313230361845998,0.37597565989921367,0.6020312522889031,0.9643855986667377,0.9864113123526808,0.7076449399743012,0.8598843750853794,0.3619814859933427,0.5729422466488936,0.8030490832515883,0.9110263623475766,0.4017546418237749,0.6108402982565228,0.739090864321024,0.8317998281290097,277
0.9338276201543168,0.9614977045761979,0.876272404865935,0.9076843805568464,0.6683444608509993,0.7112930781946001,0.5631012906905475,0.6225208568680123,0.9741247535137898,0.9859632945528615,0.7848770775413478,0.8118533917307135,0.5839831453888732,0.625901252511927,0.8618104938938537,0.8804647635080709,0.6307391315876617,0.673862056836362,0.8654788490686609,0.894139317876389,278
0.8849080204433207,0.9538845408503459,0.7926173467589132,0.8810506193832063,0.6137638942070777,0.7180611111106462,0.5747953205956645,0.6373453027520444,0.9676551144947068,0.9843514712108764,0.8087036554498711,0.8473165732329901,0.5963871756020344,0.6448955102777566,0.8878207897209812,0.9147433207113236,0.6207084767347768,0.6788576885518955,0.8140145674185573,0.8734159867450233,279
0.8996219119871928,0.962456787150483,0.8117005195600291,0.9128481627701438,0.585085791954365,0.7113081706540888,0.4697166544587565,0.5562821162577499,0.9669609925259227,0.9874072654848238,0.7488585928793033,0.8184611872538967,0.45825206273208774,0.5410311752966167,0.8383593422969621,0.881624420717823,0.4865039001823757,0.5948488357175654,0.7584930014141111,0.8438555756601545,280
0.9051795859625995,0.9573790885387686,0.8192004752089147,0.8997079719196025,0.5967035624809716,0.6662024148704859,0.5331418098013747,0.589394491010167,0.9703137626022724,0.9854475249743913,0.7754080711915318,0.8015836324687973,0.5738328091838085,0.6411592704892396,0.8673505726229161,0.8867185100838132,0.6178551794045029,0.6946604039787337,0.8370882423684205,0.8922011656116532,281
0.9106906908012559,0.9622764342822357,0.8384134809954507,0.9121555539229848,0.6481741092190585,0.8003746172238964,0.525542187960661,0.6151888843447206,0.9705069944054895,0.9898560964679384,0.7788584807993485,0.8710781548887747,0.48236335760347737,0.572134276992766,0.8510090625634874,0.9059168717661295,0.4924324456371013,0.6168666385687521,0.750892240133594,0.851277431128783,282
0.9116314516959582,0.9631258020468806,0.8294006016910231,0.9139139974098062,0.6215559494382379,0.7057168334330365,0.5598097615491832,0.6065316346846165,0.971620283930422,0.9876347922495838,0.7973166953932183,0.8263890507973997,0.604339606161667,0.6500912837661484,0.8810453772362581,0.9028530760336156,0.6442720701875893,0.6867239305366207,0.8391295569448909,0.8600360579023424,283
0.9092921111911042,0.9491129547580145,0.8340883915114721,0.8796435228066612,0.590663650238207,0.6832778425524837,0.4469913244818824,0.5546264263855095,0.9694408236473536,0.9824705863985266,0.7598203565540502,0.7969938316584824,0.4999182649324735,0.6014275047305381,0.8528323622093633,0.8786423552217775,0.5623332523696856,0.6583569611518941,0.8294161527144793,0.8600697262659827,284
0.8778263073613654,0.9465951342803,0.7732309426947908,0.8669903797698569,0.5478187208908631,0.6779872439596991,0.49710474986500736,0.5766128508844077,0.9667829695724803,0.9810183898091134,0.7814339625514916,0.8174341083523162,0.5587181299900302,0.5952775890321841,0.8778232321182758,0.9023943003366022,0.5970341378409415,0.6290699631528431,0.7950200397541097,0.8762735267832913,285
0.9039994833590275,0.949004900749939,0.8382091301277436,0.8773954030025282,0.6632829993278241,0.7227460462100318,0.5097075424778885,0.6036793263965275,0.9711433584687604,0.9859475334278778,0.7938621060371732,0.8297036825504082,0.4880536886771691,0.5566650715700171,0.8618951362024674,0.8854568429109948,0.5158646021657796,0.5637713386739617,0.7826864748017457,0.8045473237489358,286
0.9227594012135026,0.965546405534536,0.8646855187672344,0.9188427711067716,0.6801458012175402,0.7351310256425067,0.5151000377308166,0.5713508530832064,0.9759732153506422,0.9879363749404106,0.8078303069389791,0.8422011512234818,0.5253398817866418,0.5679009998876312,0.8758060578717973,0.8984110929404399,0.5632119218855262,0.6316917294591576,0.8059619727015298,0.8503539327565831,287
0.8626152241838391,0.961450246375454,0.7439374800880035,0.9274717013602973,0.48093316194169594,0.8400040649664285,0.3999099582220336,0.5670805825492898,0.9624606443739789,0.9931562881410256,0.7443923180801818,0.8995182171756446,0.48471031986514596,0.556943226175815,0.8572853297920473,0.9269006897094321,0.5398759458454571,0.6102635303263583,0.7743182888112795,0.8395829621221707,288
0.8724607331316856,0.9417484895896845,0.7540773655375107,0.8593513276530215,0.4988135637011126,0.6673378583203243,0.4492618913685824,0.5821746106133273,0.9595050960227818,0.9824039828202623,0.7269120579331021,0.8004999329107839,0.4743043312133314,0.5858158679806361,0.8387453583049048,0.8820808979987214,0.5085882375331364,0.6321583774838724,0.7576344469346458,0.8441490579726605,289
0.9166606969391502,0.952138601488873,0.8510593535761933,0.9096023422942131,0.5683316856830544,0.7980162524031803,0.35556805267945824,0.5673680910677601,0.9687353382976309,0.9906819937935483,0.6824086914804838,0.8382484055578909,0.3490873712148264,0.5710673196426512,0.7796175118650681,0.8808330589319066,0.40476108479390427,0.5921902907837566,0.7850617444449709,0.8147216234296036,290
0.9245252148970339,0.9617325883898813,0.8557892746711672,0.9080654996697652,0.6590508702890246,0.7031650311288666,0.5918944827084386,0.6391658919750914,0.9748030835082442,0.9864254330742208,0.8063441317867216,0.8313253458856578,0.6320615352155765,0.6740351989276826,0.8840660374942926,0.9017515097131793,0.6734531802874354,0.7146843661926753,0.8662747703173246,0.8897499668447009,291
0.9161723854590679,0.962960881518507,0.8466577348789083,0.9119691705095915,0.6288988767997852,0.7499041048041274,0.48990069895251254,0.6729288638963308,0.9712029860631279,0.9873124023267026,0.773713890661029,0.8559427405852544,0.5091894029528509,0.6323772682749946,0.8557990251449404,0.9123329577190271,0.5549144912490402,0.6432279673650826,0.8156199532728792,0.8500078637265773,292
0.9274168471610806,0.954776314575263,0.8718681905780136,0.9057495782793578,0.7312216061535912,0.7938211326763875,0.6467816160387293,0.7064678493280229,0.9770519917345668,0.988820792847525,0.8425356622206981,0.8780937979644704,0.638489265669948,0.6934743511485074,0.898491994901486,0.9209947666911293,0.6594783522861039,0.7183023907235747,0.8529647729946066,0.8729878657230864,293
0.8922618233294141,0.9512429565161606,0.8021603186064233,0.8747562463549152,0.5822594667347696,0.6683038890159866,0.4832524322531307,0.6114971966385645,0.9670740462402976,0.97990256875667,0.7682164749806336,0.8249174584925407,0.49699872866546385,0.643373435213725,0.8576846959690849,0.8977650155028302,0.5302709458882081,0.692813398700277,0.7764303226670368,0.8749585674362301,294
0.9021330720096696,0.942084865094969,0.8244193010347196,0.8750222647292277,0.6240404890384154,0.7256933175348058,0.4614629398731234,0.5907869986374674,0.973448440559872,0.9871293481033958,0.8030181062280121,0.8481640408060683,0.4720294525228833,0.6317562075636868,0.8785864996173846,0.9050332612898158,0.49960258718978795,0.6559664630582033,0.728762912012456,0.8401764588006415,295
0.8762027980838903,0.9392338990974197,0.768538583738119,0.854799152410404,0.5827202687958328,0.6847041178983069,0.6019220350224477,0.6665163778605229,0.9638133752023427,0.9816767436258598,0.7998996258069129,0.8339758789344206,0.6106657502893883,0.6681810835802001,0.8873444161119468,0.9132089853743577,0.6159705581737019,0.66438608234851,0.7837735807999177,0.8141743750413868,296
0.8983988695427348,0.9562604465601081,0.813719828404785,0.9008885825916333,0.6294831301347396,0.7396730782777338,0.5581320863545748,0.6570685396148379,0.9669757665594261,0.985524548064921,0.7777596527261735,0.8568172031684277,0.5263551878470784,0.6673894233728139,0.855378006080164,0.9036072082256692,0.5393417735841318,0.6968029753086485,0.7839270972030087,0.8617714497847045,297
0.8998180592025916,0.9486586129901252,0.8226811821412106,0.8833740970826132,0.662631860690727,0.7414533953906335,0.5769373261928192,0.6358717803214938,0.969822682403273,0.9859217463934022,0.80912098820124,0.8491314877000732,0.5487430797706324,0.6283189421130277,0.8775161631597058,0.9016093683174325,0.5612194299054326,0.6604815243021355,0.7861040820101377,0.83943797555248,298
0.9181998263795736,0.9505830642679634,0.8611817702306381,0.8998605664845408,0.7274137975041023,0.8037768176976844,0.6145137229335591,0.6867389704639894,0.9757812311105579,0.9894094484983671,0.837158442225951,0.8845193619636188,0.580798462261355,0.6298218757857489,0.89074382000649,0.9208169467894308,0.5915870617351668,0.651789587308072,0.8045696812924156,0.8360729814267105,299
0.915794745692352,0.9544739013589819,0.8515656564551355,0.9098763997155481,0.7162231542434481,0.8102114236661901,0.6088087780337729,0.6696258793712278,0.9755575620688558,0.9905711913575266,0.8326602814491672,0.8932473285703321,0.5585226487860036,0.6447300154601198,0.8876740197741376,0.9285360306669524,0.5609205132450032,0.6793728927288901,0.7777176357563447,0.8677012483511845,300
0.8778093120415167,0.9477913644495897,0.7782942757603555,0.8716927141223443,0.6142990451715016,0.7116958109848142,0.5864885560295828,0.649431718510771,0.9673956738181397,0.9829145491978922,0.8054265633863058,0.8711784583650108,0.5547439794666187,0.6397084412267797,0.8819618483812268,0.919866206821405,0.5547870518560868,0.6807610009875864,0.7625851817922343,0.8604651568975803,301
0.8907738853366803,0.9532582562935679,0.804400184540666,0.8990452402975371,0.5800664534190472,0.7705836756387601,0.46551808268080425,0.657903245149303,0.9623801337429304,0.9876730246470219,0.7387491810226806,0.852341341523652,0.4498342449538444,0.5948127875725556,0.8287478707139029,0.9039241687653801,0.47834690792616336,0.6064164508784893,0.7661514091330536,0.8204612455551271,302
0.9022598105198636,0.9437080527303929,0.8121866367166748,0.8610677585572418,0.5636908000191932,0.6178815383816754,0.5264485607913053,0.610072517017593,0.964259832970753,0.97758572368617,0.7519075742994993,0.8222806052741035,0.572385585281642,0.6231721181381616,0.8531868327079046,0.9054833740180195,0.6161302112504092,0.6769791681756735,0.8253385711397356,0.8803397565406001,303
0.8961443726622874,0.9400791154669087,0.8210718702888299,0.8736081540805305,0.6338087754350089,0.7570287097555822,0.48343051366830025,0.6443711131846155,0.969409212904548,0.9852611488438644,0.7808561720266691,0.8547601617957064,0.44205435619725153,0.5925586957171728,0.8542661634664916,0.8977044866359429,0.45648473604662937,0.5901009293580396,0.726563069583334,0.8204830518760267,304
0.8814018045932108,0.9482414344559384,0.7825920689741871,0.8789726732153453,0.5521330474727728,0.6714475261970145,0.46645501127899075,0.5857325823229381,0.9614350715670651,0.9823233908760647,0.7385181479286368,0.7886322339066189,0.4662396157699555,0.5796879749285689,0.8358684088515302,0.8716707399291196,0.49816257753562815,0.644181072433081,0.768934009797392,0.8707778944700154,305
0.9298355415949058,0.9650183711615065,0.8668616812030129,0.9178107813589541,0.6980166419961501,0.7486417876696387,0.6502499720078498,0.7160079881109818,0.9771686246247538,0.9877472610286314,0.8334145085974088,0.8679163805898562,0.6676503566769476,0.7252451906368641,0.8995509000259557,0.9230530563000734,0.6904069148669038,0.7427880483620589,0.8529354633799169,0.8780272534056599,306
0.9197446277965351,0.9468135508078097,0.8530876519443509,0.8835873866824837,0.6644426753477141,0.7175957414893901,0.563089722142675,0.6286155167684377,0.9731641202448783,0.9852201584277142,0.8077042353414668,0.8455493950189088,0.578538565019918,0.6389470918622793,0.8806594138973008,0.9069101122774985,0.6096715784076608,0.6658518651569092,0.8189755199378734,0.849606204500415,307
0.9000821756650923,0.9526471511491851,0.7772792721058275,0.8525979300160699,0.4665644480208301,0.6259417881389886,0.46680270605969876,0.6223904380988455,0.9604151912109385,0.9767959865792705,0.6992277106536647,0.8095741893022472,0.5712923665781766,0.6390971996938432,0.8339199589935202,0.8935835706633495,0.647178136480963,0.6857707525676686,0.8608363159445996,0.9689372815172433,308
0.8905112005907158,0.9633659512144541,0.7578770068950985,0.9216682472131743,0.44711849801904174,0.7972940137120398,0.4231907244836596,0.7558431998344468,0.9589161651096585,0.9904068825870731,0.6663614934823746,0.8966873917672925,0.47020197637947186,0.7718661635351828,0.8029888600921762,0.940674620798677,0.5280002720991027,0.7891822976723917,0.8062019787090835,0.9002414044753472,309
0.8625768576342058,0.9672607879409657,0.7254887857885083,0.9250700996581863,0.5041174390987403,0.7867410406533414,0.593852282899828,0.6988674755119697,0.9572569289370518,0.9900205943807386,0.7748712863591026,0.88779170437101,0.673953657227655,0.740818007193449,0.8890551825655434,0.935227275780798,0.6981313920350772,0.7942163339502581,0.8284844451834946,0.9194817993101364,310
0.8514239654845873,0.9745492595116962,0.6359708273506234,0.9340401194791097,0.26892043490946166,0.7844284400917586,0.38807002918216293,0.7757888436990249,0.9267409653263075,0.9885446872966884,0.5780134674690628,0.8718460809909272,0.578428174766194,0.7810147310082565,0.7969796762237669,0.9215577156260657,0.6923788345629294,0.795777602702804,0.8566170498428016,0.9280057563082592,311
0.9037972919564133,0.9817443587677286,0.7851980500628267,0.9578052252007362,0.40945566992473054,0.8947045800011475,0.333788861049565,0.8683091865129852,0.9584385845889111,0.9938599727868854,0.5893633768223022,0.9296179463214123,0.3624981983786095,0.8511056287486091,0.7332732703196381,0.9528168309449928,0.42939991980328673,0.8562506561797661,0.7934205715697538,0.9470849107264457,312
0.8760386479111012,0.9497147042332607,0.6966027472623028,0.8828588586856093,0.29140571143078087,0.6903875086711522,0.36385634237029035,0.6302434495624513,0.9393792812827676,0.9831604761159782,0.5718513689667676,0.8258993108151454,0.5215736307811727,0.6872130433836341,0.7723604235182188,0.9001980565533902,0.6324636875007832,0.743437469742141,0.8443694794894738,0.8793834504823913,313
0.9160297589121871,0.9545740324198214,0.8471222926462075,0.8879135451461272,0.7003018226978303,0.8029191733068679,0.6793633694515407,0.7759759457556709,0.9743859758790879,0.9864986581282962,0.8484627409139704,0.9034747732968957,0.6829175827284303,0.7589447033951011,0.9109226214440838,0.9387493162452999,0.6917383997576513,0.7567353872212087,0.8361113660783789,0.8897433286930236,314
0.8484851225654191,0.9840157175562612,0.6504474114030303,0.9627093726825668,0.22257166037581047,0.8815666287034044,0.21641682980741625,0.8277958987260184,0.9253520543191451,0.99412342120537,0.4444621449472531,0.9162069854455217,0.2704557168865759,0.8236218525980865,0.6530008251455668,0.9440137671679544,0.3609729517769244,0.837633562182847,0.771860908338072,0.9452455516006968,315
0.8651783139638871,0.9676318913571981,0.7261332896251773,0.9148449392202687,0.4038319435654273,0.666989572565609,0.3408220525102633,0.6401216355226279,0.9541603516443655,0.9861259901378013,0.6530066811200892,0.8239756362331301,0.4043680397914688,0.6927293706961832,0.7959549984141293,0.9170099255835036,0.4714194531267481,0.7257631987911395,0.7765272774430475,0.8707166843158396,316
0.86724616161805,0.958989400528611,0.7433097114642234,0.8977513620759523,0.463025633590391,0.661127678227183,0.3842851962977274,0.5853787713087785,0.9584212530074614,0.9835983239947093,0.7012295898445166,0.8100844564692626,0.4578026142802004,0.6270734839453437,0.8266884681222855,0.8953270134446535,0.5285924761744135,0.668062675263641,0.8149554720364879,0.8828161423726552,317
0.8667657785724542,0.9627431435633478,0.64009036603333,0.9230830003592163,0.19482480009543884,0.8176320312281733,0.27095145615214744,0.7602423340804456,0.917370277075545,0.989200545999209,0.4548781096673504,0.8894762577924276,0.44483352375895135,0.7387659850879637,0.7047830206219482,0.9294125347133638,0.6001143558609797,0.7490067408589721,0.8477343898440524,0.8871523569074681,318
0.9373841150297452,0.9911113589641993,0.8607971063614374,0.9818362311529176,0.558263378702626,0.9407899675393223,0.476792027213667,0.8939218888347586,0.9721593284397949,0.9971671814140141,0.6982767983086811,0.9503643700160975,0.5104715017343716,0.8759054222118416,0.8043203252085089,0.9628341650696319,0.5694063463531293,0.8821516467267275,0.8500488817386136,0.9634924404601759,319
0.8873580775712286,0.9624113697495585,0.7868222744026299,0.914362287807384,0.5625323165598122,0.6925625884016995,0.5345854714118622,0.5978283642765152,0.9644053253830615,0.9861804272340807,0.782031978157201,0.8155055762001876,0.6171094235235283,0.6831451679115198,0.8803748638060072,0.9063545563259302,0.6666316585164745,0.7366915841756762,0.8480981282528173,0.8895100777409203,320
0.8429328929049755,0.9648972274625937,0.6898047965062674,0.9133173567377783,0.3719945837905956,0.7186105035378483,0.3414732106546186,0.5914059708992865,0.9479192314427755,0.9865467590207481,0.6699339466257469,0.8233408215267664,0.4854203715455281,0.6454946193024828,0.8246575528450951,0.895282948746935,0.5791233260546695,0.6898518957549082,0.8319005703894532,0.8892700037079406,321
0.914043486710124,0.9574889609117277,0.8416338777001525,0.8932323523441995,0.5920699342792681,0.656481897874015,0.43199224748976456,0.5092853240519913,0.9709238267277988,0.9845083603789734,0.7415273587667415,0.8020473490015729,0.4479046237246246,0.6064200319296212,0.8322977553469693,0.8834116199697977,0.4960830551236624,0.6782965918558856,0.7891155568601464,0.8827837454759475,322
0.8963239990150432,0.9722547348041235,0.7830072852283025,0.9324232941023632,0.44858617202014395,0.7688398557785288,0.3790920645762538,0.667980117473849,0.9565875054186135,0.9890234213633378,0.6730655372603639,0.8437890510533436,0.498141210118693,0.6802628368574906,0.8134490144134557,0.8991069189650477,0.5972970627955994,0.7197945944656083,0.8634737198321512,0.910292434254766,323
0.8787630081027268,0.973933128512263,0.7844198926873415,0.9371120982033496,0.5792014501386543,0.7961047704359914,0.47769458278426896,0.7144946931455121,0.9639128434585048,0.9901224164125799,0.7590348048793794,0.8658713138356675,0.45102817622184155,0.7225809329502231,0.8445189191476367,0.9139342368932902,0.4692735361815242,0.7537061402529176,0.7379715043076792,0.9160209004314462,324
0.8697613115432681,0.9657742237349433,0.7678730890182499,0.9124405480406256,0.5847002848495698,0.7455634787258306,0.5298273692563975,0.6772980511605375,0.9640828067288795,0.9878074512888826,0.7739133193378113,0.8557051733128844,0.5156687473200233,0.6263589594882992,0.8603363290621729,0.9146834918358225,0.5387642881516987,0.6498276550719116,0.7891186621280705,0.854521270713638,325
0.9026254174691517,0.9703497080752832,0.830147621468014,0.9182804128572597,0.6476449124817505,0.7566841579925533,0.5082190827928459,0.7060834773293602,0.9709398360148587,0.986570800571775,0.779820586765771,0.8479700341957693,0.4820175043350391,0.6025316024087394,0.8534339391382908,0.9074753446826336,0.5121498899999168,0.6308380145466629,0.7915433874664858,0.8415308254309636,326
0.8863050802055237,0.9674195066682426,0.807138125430542,0.9133408665013233,0.6339852996452174,0.6901929870300259,0.42548142102719066,0.6704204931793937,0.9662060205834454,0.9854582866025926,0.746542920032885,0.8138811171838145,0.3190468996166259,0.49437975814114227,0.8108732422191279,0.8697858418438059,0.31114960530477964,0.514588192019341,0.6347648275170201,0.7661414363257909,327
0.8945595868062362,0.9803491457704698,0.8116171612302814,0.9445837825649998,0.5945396859354305,0.7137535082677019,0.4216056597059226,0.6189922090445666,0.9664335813158442,0.98999893880736,0.7364514759368016,0.8033859007084388,0.36100567477921003,0.508357360748674,0.8143639683431414,0.8645960976481804,0.36949650647660803,0.5352368877940115,0.6778495626201413,0.768212062366157,328
0.8798146949600294,0.9716330550793475,0.7835791822691885,0.9321435573701335,0.6053649774609962,0.7084556748416034,0.5157468348512813,0.6305579891426051,0.958532560704322,0.9892826248651161,0.7487276510904021,0.7787691160430924,0.4160728915994563,0.47821138781716876,0.8220654950842852,0.8446564065717104,0.39639179098724875,0.4745649762051378,0.6732081261254613,0.7691959167279591,329
0.9263912125993444,0.9699116689226646,0.881913003685614,0.9305309810706196,0.6763015359606646,0.7340351438089056,0.456686559382466,0.5805459286291632,0.9677644770547793,0.989620888519806,0.7550181466400789,0.8168793343641748,0.42586599256600005,0.5334383382472045,0.8218951479307907,0.8753104304396473,0.45626299425851374,0.5696889250459384,0.7724801169732679,0.8733010001585614,330
0.9037877436661762,0.9754021824707271,0.8296196852372149,0.9346240935478458,0.6596497332978225,0.7725058621551317,0.5084094466721362,0.6495249440589096,0.968952864386509,0.9897033685937613,0.7816714871305293,0.8558873963420405,0.42965231228517986,0.5945208107477435,0.8448928068836195,0.8985489912528882,0.4211164565445239,0.6008090366283034,0.6860871798514203,0.8237453512633587,331
0.8959096492856905,0.9697401519006746,0.8127353983941518,0.9259739371310846,0.613335539466751,0.6672076319931969,0.5107711741943572,0.5683729002913676,0.9612996003603705,0.986758796503562,0.7515883098570489,0.7906435662458873,0.4390141725437727,0.4824131812743274,0.8263154796293691,0.8563489558253429,0.43008671852815106,0.4693818847475722,0.6946550088037502,0.766490115120494,332
0.9026827577063756,0.9616307839638025,0.8340742929329267,0.8989697318183608,0.6694605789100095,0.7324523923518134,0.5606637440461172,0.6339974940243317,0.9657725649951284,0.9846656582586245,0.7917092071240315,0.8302113680603709,0.5146700604633564,0.5683166337159451,0.8568300174434303,0.884173967438319,0.5234227322652926,0.5735864659517588,0.7700623926992541,0.810549930144523,333
0.9018273218817607,0.9729327433723141,0.813666907288398,0.926560046816927,0.5526806508552072,0.7118297443193513,0.4338198767190207,0.6357681236052785,0.9613661360674804,0.987174254642219,0.6859249553953263,0.7942787687435656,0.3920660202053279,0.5192954426899188,0.7810733759871756,0.8670537926543597,0.41559152628162416,0.5505821124324976,0.7434383314049314,0.8399072816888207,334
0.8996046234572119,0.9779821353372591,0.8083688526676527,0.9381849061315506,0.6230457163112096,0.705949760515871,0.557997631273074,0.6417076038442127,0.9636000176790599,0.9884967763923376,0.7642855808544982,0.8117246970627879,0.47697145943297997,0.5315015563278757,0.8374533528911299,0.8726153803470051,0.45982133210325915,0.527518734226608,0.7061285348113303,0.7834984655595396,335
0.8565362544511083,0.9773899648949808,0.5947724040202854,0.9363946621588009,0.1273771754170098,0.6643361416851267,0.27912665666073677,0.6149357385276891,0.8943726714814583,0.988425134370116,0.36878811319979954,0.7791157482121509,0.46298448920649005,0.640721149625124,0.6545886710981081,0.874866139654045,0.6104161996107653,0.7104065893995922,0.7618625221912566,0.8457742472706311,336
0.8627034317844132,0.9685397113173103,0.745075246203176,0.9160206459250214,0.5349310035628411,0.6882729799619978,0.490163372269676,0.7093090214006075,0.9533158115181968,0.9855297386053178,0.7108796500833046,0.8409677723408857,0.41942900115396353,0.45432189223215125,0.8050658278854936,0.8551319968635871,0.4174202391068513,0.4833188554757169,0.7104622587833803,0.7620987030778261,337
0.8392244883071065,0.9697950043077567,0.698716477858191,0.9171164824854634,0.4890450688700178,0.6448146675473426,0.4581740598389626,0.6087083154845201,0.9471215537462775,0.9856391736592709,0.6944718282154626,0.82157767410449,0.3227768701383126,0.41624142624786803,0.7916757083212982,0.8725298024070277,0.28298370925815075,0.4580894573929612,0.5488445390558906,0.7683454550689931,338
0.9007309021464779,0.9748420120360588,0.8032718809203607,0.9288477540845793,0.49676028237666153,0.6211234035660925,0.4297164793308981,0.49221558436492735,0.9578587061585476,0.9857399547195042,0.6724947583839469,0.7331413349668804,0.45346956019185075,0.5128017891722466,0.7907033323880002,0.8324532599949163,0.49995560538896827,0.5601723140751641,0.7786154772079698,0.8611402270117422,339
0.886448720222503,0.9577921509425205,0.7682066213688264,0.892116995181229,0.35838968806309085,0.6399426088738882,0.2512732656350017,0.6043327336278427,0.9468269681578486,0.9826275445023183,0.5484519447845629,0.7714469317504583,0.2652961797360625,0.49511547215571505,0.6960975821805278,0.8448553380459758,0.31591656382248706,0.48012692569671733,0.6907960057051692,0.7863708573015524,340
0.9009707803073537,0.9616089186175709,0.8141622396414687,0.8976074731351782,0.48178668011754383,0.5875020955986979,0.3503461700024169,0.5434831972540959,0.9535642487962122,0.9816544497461166,0.6238194736322854,0.7511411140819131,0.32445350107300214,0.4595823425183618,0.7330653798607757,0.8339887076673118,0.3501018659840403,0.45222668209646977,0.6989908598846386,0.7627935584717029,341
0.8775325286096374,0.9515499479345462,0.7583931638232965,0.881817301917672,0.38758122587553284,0.5971667317398152,0.2816679734448619,0.5054047793245848,0.9487251333442489,0.9808511844274588,0.5856512016617091,0.7387075038446353,0.3018620064502592,0.517160900603256,0.728493691360161,0.831922082629757,0.3578127774356021,0.5432063447284152,0.7214981974341881,0.8115567243938511,342
0.9036275199598937,0.9541603323837399,0.8026906592808342,0.8850524397218208,0.47594353400021266,0.598982818572527,0.4420968860135108,0.5573523122463581,0.955022061268409,0.9819811741721423,0.6445234817175705,0.7523395650532725,0.43713139602288875,0.4705109307844447,0.7648013920182573,0.8402782240248964,0.46628638756539265,0.4944670124122785,0.7415078372348661,0.7784448106850312,343
0.8880170442807481,0.9596445597570065,0.7764482693977782,0.8967987793790707,0.4319919989239995,0.6255175467312241,0.3477781070239014,0.5329713754058125,0.9515193310561066,0.9832393734943654,0.6201195908728567,0.7737596495003304,0.3468998038931735,0.4585594783048343,0.7502465066460521,0.8540096323185832,0.3844394121437293,0.4535580288866961,0.706533244329006,0.7497411198858559,344
0.8957212286742131,0.9716592667615983,0.7930105811908046,0.9258648965014147,0.49582056045184647,0.6684024551769536,0.4152329568123301,0.568534646000356,0.9568248662106632,0.9878487123377909,0.6741663054670944,0.7895818848604387,0.4186508100019886,0.5444032984201165,0.79073535699155,0.8580160490362384,0.45630290151223946,0.5497650237358306,0.7472980520793896,0.7774822751155092,345
0.8840580994900101,0.9626584379292964,0.7826277053187601,0.9102453251034325,0.4549120684993334,0.639003549684734,0.298943358138427,0.4796617996686921,0.9512241604272557,0.9860877622019215,0.6068837208205373,0.7511247747659672,0.2601817669349935,0.39193385338713227,0.7220465994505458,0.8276958990306766,0.2853443031938229,0.4264273746299103,0.6635095614240237,0.7349967588279754,346
0.8819591366190244,0.9728148638566697,0.7722665714918114,0.9298189297907292,0.5008201219459499,0.7019840153526329,0.4302928005324135,0.6313318365188954,0.9536169148595341,0.989087838702612,0.6655545530153495,0.797620688929494,0.38160222940332184,0.5169458214578554,0.7736665772656917,0.8596030451070635,0.39175698731727576,0.5816562322877603,0.7044320723704415,0.8407579660423149,347
0.8821177656999025,0.9507782774737504,0.7699664076085558,0.8744396155497659,0.42976871156212504,0.6691795500250836,0.31079951251723303,0.6627847984678354,0.9499996886876014,0.9818874445875142,0.596018959771449,0.8083120375326714,0.2942029866158094,0.5248934885275459,0.7245098226614688,0.8679617030603434,0.3369552504486905,0.5256088952823573,0.7193895766718936,0.7921023698903341,348
0.8737214556484193,0.9629496579172449,0.766742640453453,0.903508878156341,0.5145629359188183,0.6290402712059409,0.4478454562128809,0.5757369893641333,0.954296514859249,0.9843114478149971,0.7142430163201299,0.7777725738943018,0.4310598561723241,0.5120768124255769,0.8193473973415938,0.8608124190775006,0.44796494471132525,0.5277701976283399,0.707132818349076,0.7878980871828453,349
0.9098644884563457,0.9590692900353817,0.8335857206476309,0.8942388025389411,0.5111544952223129,0.5801810695902845,0.3246585428732712,0.4802376815112207,0.9595121570532853,0.9808965853424687,0.6509735413133623,0.7205546838825463,0.3264316460547818,0.4736028816920686,0.7572189887452178,0.8173278432797307,0.3717763711829476,0.5139238194013201,0.729019298545953,0.8005564160902043,350
0.9132714037791887,0.9755760989971257,0.8378354371547428,0.9344194513186475,0.5545217281395399,0.6857757924466673,0.3403229526910828,0.5259200921317515,0.966450723363803,0.9886107303986469,0.6839607332696672,0.7798295353491169,0.3005602268290954,0.5046659932131969,0.7744163714249579,0.8484844699495752,0.3198263458248541,0.538960132605713,0.6619851371884737,0.793208139427565,351
0.7664249245755228,0.9908151066312654,0.5006931741831485,0.9792564162434578,0.24493348312352853,0.9539515944461572,0.3567438719800972,0.9459970944669794,0.904737593792871,0.9969498469980984,0.5702900860534359,0.9726784912881169,0.49550296608221295,0.931761543616276,0.7985454887818394,0.981498129131411,0.5860665909904341,0.9298306336778109,0.823259388136164,0.97304336458672,352
0.7810927706906936,0.9751302698757462,0.6001686816685821,0.9271159462726116,0.36278092766485937,0.6111558440021269,0.42306263073547057,0.6079715270201143,0.9425702899925994,0.9858639470314117,0.705206839138395,0.7726220295399666,0.4733996664884183,0.5522841072158737,0.8433791076834345,0.8955024347628502,0.49127867099303574,0.5684182275151768,0.7157221976975725,0.7730468292809192,353
0.8669567577886078,0.9691323327656806,0.7618761528256947,0.9138429615027939,0.5810789379880107,0.6968270873618234,0.5376899723657389,0.6384169534436186,0.9621696082324758,0.9847223162290716,0.7822400031772341,0.8359393836366029,0.47277229297801054,0.5457466693761382,0.8627536967118333,0.8993367646646621,0.45895153946497835,0.5093612352573191,0.6760487320551036,0.7685919140143921,354
0.8767485730486034,0.9656143226994708,0.7826024772300302,0.9153408609031313,0.5913105912887561,0.6674857582279595,0.4291088195323406,0.6323851954104456,0.9608843305466347,0.9856920478642737,0.745341785348233,0.816687574945869,0.33385955327656536,0.44994979193650547,0.818450342152057,0.8596225583210948,0.32296743084685,0.4406216104238105,0.6164988058236062,0.7852573366532559,355
0.9044790429454057,0.9739989624154793,0.8262613537759663,0.9359844316360912,0.5801347970908062,0.7119675334879847,0.45282154383688333,0.5798444070926307,0.9619402381203841,0.9896482292767689,0.7287886142661534,0.8037093449978949,0.42880768904136346,0.5073849556598157,0.8181914641937308,0.8666224452158401,0.4470934112282418,0.5433558358974313,0.7148082139410131,0.8069625247827694,356
0.8954679023510144,0.979359950103409,0.8166374288864605,0.9461832347218384,0.6272266983500518,0.7458576154946508,0.5348130547334526,0.6071812515524814,0.9609372298787082,0.9905372378785028,0.7587250147942612,0.8135153914717804,0.4948048864603837,0.5991685596882679,0.8368335035320622,0.8701894687549768,0.5109421143100752,0.6248520892644001,0.7812961843526088,0.8543121527350184,357
0.9135356297720584,0.9740533399980538,0.8497307868868071,0.9355534997097313,0.6322696093752735,0.7299970065870723,0.47189553558525427,0.6061668956733625,0.9647006655952036,0.9897469411272659,0.729247059414277,0.8124739611169176,0.42225249624187033,0.6239441645012308,0.8023428586179692,0.8769493693695909,0.44019198155813627,0.6608203168050517,0.7604813774334391,0.8647979740294662,358
0.9100523088160763,0.9690772228103663,0.8384344462034762,0.9286444653005862,0.5951480646943359,0.7286903910050214,0.46733255842096544,0.5135956550627429,0.9614120183065342,0.9897755787913469,0.7465045215730355,0.8142399761362047,0.4890127911066433,0.5393333918072315,0.8353797733954238,0.8711345614028905,0.5308409594472598,0.5843035653619709,0.7870971871313927,0.8292425488753269,359
0.907333820570444,0.9767993355877815,0.8308169736469785,0.9385277727673463,0.5679575232998324,0.7237468774685812,0.41064643865176315,0.5965782414959185,0.9653852880897663,0.989442765900762,0.6933675741792531,0.8051265231617476,0.3859555350193463,0.5844460129662699,0.7869145615705785,0.8714861870338443,0.42188344314879744,0.617270574659058,0.7623062219871781,0.8582772593718186,360
0.9046811153582084,0.9626730377515531,0.7606330445171015,0.8895010650775278,0.3659392033678343,0.6280011427389638,0.5819451385182816,0.6817166191390408,0.9486828926066285,0.9802362496739343,0.6041673965023692,0.7490958465164043,0.6145961325693428,0.7152272616830185,0.7739916682253468,0.8362852034729057,0.6156154451623402,0.7003650325902606,0.6798230878574855,0.82887626147812,361
0.8555938839248304,0.959215721928865,0.725804391683792,0.8957389693609945,0.479638518941123,0.6373591422853758,0.4372157012154584,0.6088676030618054,0.9501485691233481,0.9830822401001451,0.6865335664531101,0.7722737502549796,0.37818556077041227,0.502451319172419,0.7954444286425302,0.8683454109497171,0.3771804700740263,0.4561367689692635,0.6630356825225071,0.736845835953622,362
0.8834867586844627,0.9763091263536814,0.7935039048892428,0.9378436640572575,0.6152466973815728,0.7203807240895291,0.5282736079382561,0.7108884516158154,0.9651706006833211,0.9895690100337126,0.7797795375454261,0.8616323595213866,0.4706263600784355,0.4948297110098483,0.8539230733191132,0.8840452382975961,0.46839608882183753,0.513029528641535,0.7148188577410854,0.7914267113297175,363
0.8570221822469237,0.9670765297911197,0.7224200325444116,0.9124674291039984,0.41047181179939574,0.6541420347063103,0.3612473316884037,0.4902035638176436,0.9482075375659356,0.9855442455482711,0.6573001005962341,0.7892328152788076,0.3883572793837139,0.5115283402770896,0.7928891160489039,0.8802139391412234,0.4262396029786411,0.5411116807711486,0.6999843394888565,0.7970688365033936,364
0.8749069881273305,0.965854687690927,0.7541118318576224,0.9067751576708658,0.46117165932613574,0.6322764456566957,0.36663237543566723,0.5538540636011658,0.952910923570114,0.9838040247332023,0.6372405182180576,0.7988290265619787,0.30668736998147006,0.49218885948673585,0.7503660473034687,0.8642728682091929,0.3136576145050212,0.5284011097890796,0.6457860282361411,0.7973317819827532,365
0.905897605897287,0.9608592340160246,0.8294547080029664,0.9064213512800545,0.5691173431635601,0.7004865881012958,0.42327140102732486,0.6259554403381864,0.9597302016637841,0.9857420616282855,0.6892451735388883,0.7983178768120478,0.3849574168938686,0.4825602064435464,0.7790275934379138,0.8642587205383175,0.4108550829942972,0.4904537072876626,0.7449985830467682,0.8102584755473178,366
0.875608889894036,0.961324390955574,0.7559933394604049,0.8938084078097507,0.44058463268566744,0.6286157438700399,0.39154838881778475,0.5169609739476292,0.948434880437784,0.9829570248643218,0.650588769282767,0.7853039845477725,0.404349248568619,0.5207386215897862,0.7795189895017758,0.8674042117259583,0.4408120215736295,0.5502087232161874,0.7262637597118808,0.7982023424975028,367
0.8821961300589307,0.9588016868624428,0.7718231399716364,0.8952435131051921,0.5374903632177772,0.6512724548201344,0.4901541416233182,0.589990390680594,0.9574055362237082,0.9844206732597097,0.7089566122223279,0.7801263534585443,0.4358799981558796,0.48068621436187586,0.8060452768278182,0.857430652049678,0.4362219641041095,0.5165433318026904,0.7157987132244307,0.7724455619058351,368
0.8725034808185156,0.9701982034945709,0.749647913522421,0.9154119463031603,0.46842979075432317,0.5968749244585733,0.4413672177445961,0.5278276892701719,0.9540695429386835,0.9849527371145855,0.7040530614629115,0.8010346906319737,0.47768174431064503,0.5802404150299995,0.8263115560303471,0.9063707485199204,0.5131837644721309,0.6112213252033022,0.7461806208657096,0.8375336412249319,369
0.8929909613025802,0.9766026676404757,0.8037869813561643,0.9380649553948552,0.555355003140332,0.709132799251548,0.44537367678715073,0.6161572259933491,0.9601595096865532,0.9895777559816639,0.7143056066396973,0.8189240375717811,0.414417495155423,0.5505535550409829,0.808705179169896,0.8815485179916441,0.43035990196821655,0.5542040224687675,0.7103895936932978,0.7837355430993241,370
0.8664520141289773,0.9607284867687972,0.7465227616839262,0.8952706416001174,0.49125372522201854,0.6753690105806565,0.4270166965982821,0.646433868078128,0.9564620760112679,0.9821559349722718,0.7116067355600043,0.8035596371819143,0.40257678019051524,0.5595764084556517,0.8193662504832376,0.8668895668449219,0.41245145079909873,0.5426856853012137,0.6740180923495008,0.7832173793154688,371
0.7929059895905824,0.9579973876178567,0.6289977091057158,0.9002025276735618,0.5214931111140761,0.6851350032207586,0.6110097856748813,0.7383553720851367,0.9418907649124798,0.9853977656975996,0.7886501620969765,0.8864587169335673,0.4002292482791724,0.4882089226266331,0.8649682269844671,0.9058276034027624,0.30864876370216676,0.4971688445377552,0.502559360248191,0.7431822264952355,372
0.838927600493372,0.9915389922805109,0.6802200759139384,0.9795226554439064,0.39651381029635274,0.9044089213325769,0.35090101489008185,0.8664131588518794,0.9515227301110486,0.9962471912590758,0.6209751702972381,0.9283301409805681,0.28242646012304307,0.863140386885801,0.7505670553464896,0.9517868092269464,0.28503994951202827,0.8756097637964688,0.603976112271076,0.96203815886121,373
0.9046448637216649,0.967898253015977,0.8065356597471722,0.9164098716816119,0.4955608144169948,0.7279029772345361,0.4425475554825004,0.5864363234320259,0.9593118718818239,0.9884399952197117,0.6884039526727319,0.8141171895811743,0.4877187703130897,0.5440027171277342,0.8083554167887791,0.8772101541039358,0.5358972191314204,0.5743075307775146,0.7795753636741634,0.8158518661222115,374
0.9162957194232577,0.970488936997114,0.8496045211953894,0.9244760581487087,0.6335505582153207,0.7387829002639543,0.47082290209704475,0.6904452689347775,0.9680558659361379,0.9880900688905659,0.7511400648329621,0.8477970656586349,0.44725728096306644,0.6637096118653124,0.8283309840847605,0.9055846888295414,0.4760334278187035,0.6705216629665086,0.7701662964972825,0.8490378306640184,375
0.8250644169203195,0.9686958936045452,0.5598579785919223,0.9235115284783211,0.16117091224372732,0.7506331670853559,0.2898267340061091,0.6865504190205327,0.9026800839485728,0.9884197211356659,0.43532350985050666,0.8497068771233215,0.40106651816951006,0.6834457452799003,0.6960241046849492,0.9070048010874725,0.48326617041409087,0.7161294866722735,0.7021529791454171,0.8816295947657029,376
0.8033748422237399,0.9691827568112862,0.6014740275648316,0.9169866792461243,0.3441286330496478,0.632532837950451,0.5015947438970335,0.6561402506773419,0.9277446388515102,0.9855496154554059,0.6597646531065048,0.8019250966597934,0.47620295854317496,0.5822779587281446,0.8153427729407063,0.8809129321796602,0.44916795901223877,0.5688582136924902,0.6367409885276488,0.7832149270384067,377
0.8506613396290147,0.9691219516889328,0.7037644626912749,0.9187618862195046,0.413090507897859,0.6438732295629779,0.41717647861920054,0.5897334223570392,0.9440013934947713,0.986377250375972,0.6572117578351527,0.7856324496378834,0.40551731030799876,0.5349451380661275,0.7924139072008938,0.8620886286197152,0.4204714402865419,0.5535531176381614,0.6820083849802365,0.7990488958130216,378
0.8917295990767026,0.975134384406929,0.7919298604843201,0.9303494990018195,0.4813975102708016,0.6350703787698344,0.3421343733669519,0.633843588984011,0.9579775539662234,0.9875864291739536,0.6527629575056554,0.8198557200843092,0.31536998873076294,0.5111200202808324,0.7626693739319124,0.8683266211193974,0.33780056093145844,0.5336090744590688,0.6638716652225356,0.8052547190416058,379
0.5226260761645625,0.9906088202618757,0.2089588535681456,0.976492064907975,0.1438506225815989,0.8765212688528244,0.11088428130861193,0.7885173651572331,0.8140118821134528,0.9952655378264403,0.3974750636106117,0.8998892926230613,0.3575791106244247,0.782819419696584,0.7754055789449837,0.9300067809270636,0.5200232986762279,0.8097622352301924,0.6966711652112881,0.952099833371412,380
0.7767067342275368,0.9854196555125175,0.43260101348103563,0.9650401802577893,0.12202455579836426,0.8721285989425245,0.22634714239907078,0.8023233823063544,0.8337811449309392,0.9942324534389894,0.27266534185176194,0.9019326752392428,0.2441594370182306,0.787501328391812,0.5587028004122995,0.9311261578390311,0.2984158061483122,0.8044414978850625,0.6323783592199612,0.9389682889447762,381
0.8943759973032762,0.9659923523771401,0.7873540150999576,0.9126483009198785,0.48751990273636375,0.7079776301641308,0.44719220830433354,0.6091912182537806,0.9548170065489807,0.9859828602201106,0.6595230136475116,0.7961311671687816,0.440392659672839,0.5546552027889663,0.7787650955447409,0.8809892990695896,0.4724316202810423,0.5270274040890978,0.7610531647153337,0.7932753071465026,382
0.8517484303354754,0.9726958723707145,0.721585892460851,0.9284378061109994,0.5069768171114171,0.6690824719529483,0.4949122109303694,0.6465756397622938,0.950256642909989,0.9880523541706921,0.7162003230431918,0.7780762612126068,0.4244394695915471,0.49618625287129337,0.8160960470018302,0.8459341046762135,0.41065698026790737,0.5132113113583363,0.6717091776132516,0.7763705093404474,383
0.8840251546809149,0.9684682685435463,0.7806560877878034,0.9172434787203128,0.48980486009812846,0.6765601441451315,0.40487059508259515,0.5514662677002407,0.9528385898218874,0.9863175172272725,0.6654435874603356,0.7857251668122242,0.37971292890595515,0.5392558750829148,0.7768279538239636,0.8591555689790709,0.4003361210813532,0.5586491498619884,0.7006014386138121,0.7864474619325025,384
0.8819430620678056,0.9688312276065909,0.777810177960895,0.9224195230058969,0.5956600816644237,0.6987466355899958,0.6094740741265964,0.7058590440967165,0.9543461269943814,0.9880090662013642,0.7655910310220166,0.8218741170225039,0.556554861304231,0.6300076351169722,0.8488152426958343,0.8897808016918811,0.5416665566091113,0.5929576382688597,0.7454093269672346,0.7769634875377538,385
0.9047600015483082,0.9674224646905953,0.821933533828563,0.9148275856396447,0.5977099148857518,0.6538264453204035,0.5659860999358726,0.6383361577168979,0.9618805615538203,0.9858687667528031,0.7589498302781745,0.789232986423747,0.554300367219373,0.6184697108880114,0.8483037124414416,0.8714989306368215,0.5660107411113166,0.621314628582146,0.766849561023427,0.7972583780565777,386
0.43434522310092305,0.980836614993865,0.18253167025344655,0.9475555785027591,0.14624956802568478,0.766809011380634,0.15736333533091978,0.7536682554267501,0.8151157550617858,0.990422854585099,0.48921548935050324,0.8712239135179407,0.4803437524116338,0.7358096765042704,0.8397534191227389,0.9213991128133548,0.5174929361587552,0.741779253899697,0.5964778211137418,0.8856763920381242,387
0.7437666123948402,0.9544744962740638,0.3902651577535286,0.8827916023159887,0.07352333200519828,0.6109336819788259,0.10240974005426726,0.6273109549671371,0.8459778520460222,0.9804880896196931,0.28294485585688445,0.7708443513992655,0.2520609725332388,0.5984255634841731,0.6226041362227098,0.8678588093728105,0.4117083579493499,0.6618686603786563,0.6863487394196762,0.8615041863943205,388
0.8577091070738996,0.9696406136968259,0.723637586020011,0.9213342521525267,0.43502207644276136,0.6577198775319728,0.3827244168524159,0.5899912681360565,0.9513420809285993,0.987182565350125,0.6663332812229779,0.7940527687453355,0.38557953931753486,0.49062565883006154,0.7953449249002869,0.8626977730960815,0.4166476799796977,0.5231631098065382,0.7085560144925208,0.7654567846866954,389
0.8917884422814747,0.9722723629448822,0.7795803231265571,0.9243022631352795,0.429577534488405,0.6139256783326239,0.3247911320950226,0.5070221948841838,0.9548027777792363,0.9866693910683403,0.6128134739620842,0.7686415234638991,0.32431425671484587,0.4897950811295944,0.7425952698619515,0.8531685222896581,0.3638439319108553,0.5121326260394259,0.7044473521198514,0.7708447776173029,390
0.9237007306442173,0.9745528950867077,0.857724708430305,0.9285111948289668,0.5685757070171341,0.7415111379363263,0.3394878521212337,0.5226542867203354,0.9697075632127499,0.9889137960285046,0.6993092990999092,0.828094990649196,0.34043470863269826,0.5582216044615522,0.7910646241395624,0.8813377980360385,0.38467401466672035,0.5856693892377842,0.7299329067453258,0.7868268170412476,391
0.8703394211101241,0.9718718252551989,0.7543482469423644,0.9276256536286853,0.4667276361565405,0.6670787507436259,0.3367662327192929,0.5258480526372773,0.9564457761231117,0.9881391311966383,0.6534267322537937,0.7674958558099394,0.2847147986623418,0.4941938739214244,0.7634755356280966,0.8380844749224833,0.2975097636097521,0.520448114165319,0.6352932604225795,0.794793984991014,392
0.8960217378962708,0.9712551296266716,0.8179508073332117,0.9256643288671283,0.6049882953237878,0.6990765762553286,0.4252233825077321,0.6846863038078327,0.964723153622234,0.9877347088065905,0.7322563120098677,0.8297299915322748,0.3551359982426608,0.5635827525146437,0.8085395138108502,0.8776914564942915,0.3588127310159787,0.5955196496951181,0.6701017992632091,0.8085262603369173,393
0.9013956803365116,0.9558536794608172,0.8246146396927506,0.8871183276157935,0.5797482846937834,0.6901508118756815,0.4456465319822703,0.6420347762722566,0.9585479652166501,0.9820657140508574,0.7185494324166324,0.8196321668550154,0.4170600266969526,0.5032202975245319,0.807262092035081,0.8836491676005187,0.4380673751655467,0.5239831905111714,0.730755562062958,0.7807495868519422,394
0.8762064693463845,0.9720372550301689,0.7745107542493386,0.9264799917892212,0.501895396457023,0.6494816986757894,0.34897568757487507,0.5434246217182256,0.9568485010515546,0.987967521376218,0.6760233892530438,0.8118600220567257,0.3107748191101996,0.43494986115710715,0.7803719646302544,0.8796936568618697,0.33256410393274666,0.4970662225567832,0.6664229618063735,0.8150241144929955,395
0.8978041524505884,0.9662679613073508,0.8028161790705106,0.9128633490548618,0.4925249470348269,0.735554143803055,0.3476870773376397,0.6597418190965105,0.9597172324291996,0.9855409347755889,0.6739380996272631,0.8537184712804785,0.3705521581952276,0.6307715611808067,0.7881509306947119,0.9077815155143304,0.42198291106711466,0.6394796469201326,0.7431189017622287,0.8280735396436086,396
0.8725125211546159,0.9630446435355927,0.754034767619174,0.9020701688418277,0.4510380176927465,0.6765120154060469,0.32196342817867246,0.5644669910865047,0.9570827682303444,0.983815869682309,0.6775034226987315,0.781663000256428,0.33801239583630494,0.5386594019161706,0.7988494377870508,0.8571393695170296,0.3764963714767797,0.5560227288787218,0.6713300279738058,0.7980683866917735,397
0.8813864829387691,0.9541353564685927,0.7739528673337541,0.8875178671676132,0.4735796423949166,0.653016965604047,0.3569054640212577,0.6189744608807001,0.952098790024574,0.9835646726314781,0.65033164313964,0.7822252083421489,0.3199540111399623,0.48517716041191267,0.7611603516773815,0.8622688039306784,0.33635236626141973,0.5471857848654406,0.6578727805607044,0.8145554505890761,398
0.8593906444145374,0.9691615977384943,0.7401935824966731,0.9203797595343953,0.4553185326225252,0.6483541012844382,0.3567073475077479,0.6025035683863901,0.9465477659562778,0.9867580326507245,0.6322095772583523,0.7894357447057206,0.3161412931061766,0.5037011724086573,0.7485929773558211,0.8659886863861734,0.340026476163131,0.5296994785690642,0.6939457797375902,0.8059052891083175,399
0.8924887827281404,0.9631894184574367,0.7974851170220782,0.9015831492268409,0.5048014244246743,0.7070742979729648,0.4337249207752403,0.7099600204718315,0.9523743876812755,0.9825034056962909,0.6839428177540111,0.8611710780847203,0.45848518034519703,0.6001797384751958,0.79737779412275,0.907635199318814,0.5040316390923991,0.5858084554455338,0.7726315380034346,0.8337791136773838,400
0.8881327060271272,0.9593908320406527,0.7914575274566598,0.9011052339902631,0.520352084291504,0.6251425952946964,0.40775004595172987,0.47619367643754407,0.9552879553383669,0.9843850034870951,0.6636424028053876,0.761142299304528,0.3559509252715418,0.47774828835614236,0.7644633415731457,0.8500813534478728,0.3710185266618173,0.5266589876490674,0.7062429276941204,0.8121578328436307,401
0.8802147377126015,0.9629135806955331,0.7810113631983913,0.901183593748928,0.6138325122399757,0.6829737522715639,0.5850078646528084,0.6858370206389576,0.9588853520439257,0.9831362685487438,0.7687816749067394,0.8252947135757862,0.5131155654865335,0.6038276809886512,0.8436147948895755,0.8947113353165316,0.4971861720567619,0.6246027283070358,0.7393951174736002,0.8114908067155362,402
0.8884994431920048,0.9565264484959775,0.7824909463035918,0.8884549672989978,0.4554916140696993,0.6541687666118287,0.3698210374640809,0.5861748169955314,0.950958847229105,0.9824048472163339,0.6569111789392197,0.8030099261635806,0.4112106945190683,0.5730877213587663,0.7850737969629217,0.8857849975760875,0.46597010432188796,0.6158775297645189,0.7543249893595975,0.8492185299635441,403
0.8740436930454507,0.956288216214622,0.7602333616694942,0.8811227098840019,0.4402564686858974,0.5699616276000639,0.282573738834533,0.5560331562465433,0.9564288216185975,0.9802670422901042,0.6545502178228628,0.7523413649917051,0.2781888979996405,0.4448512441574337,0.7758573270654725,0.8581201439111873,0.31164087696505743,0.42102128801791266,0.6417356393728066,0.7611592483641662,404
0.7057356458184902,0.9847127155733155,0.4626423085460463,0.9619133276433829,0.15142015386808083,0.8554716186671392,0.14634834097932858,0.7944382243964673,0.9184814038236884,0.9934254199475618,0.5321083221978831,0.8931149108800881,0.2620199106923008,0.788802245748256,0.7558298631870585,0.9272009494144209,0.355171424886885,0.8102461835990266,0.6922322612497254,0.9427122551095305,405
0.6977314438182698,0.9702838921865936,0.37681370671799,0.9222866475853326,0.08069696241119788,0.6392833397666063,0.08537759957657033,0.6280744311652334,0.869220248391742,0.9871642287948351,0.4011380548774695,0.8405503001616856,0.32002055110077704,0.6453363959219726,0.719790902769512,0.922296473254346,0.5237734008795939,0.6088251415231382,0.7980712282824893,0.8462081260842732,406
0.890329153301102,0.9783101446230532,0.7862196372182415,0.9400670445030639,0.5076867484588399,0.7120518259158986,0.42179786181223805,0.6941312785154707,0.957959908339492,0.989544389838312,0.6895165172073456,0.848943615810861,0.41545893669998585,0.6412235577940719,0.7992185185721777,0.9054185111343065,0.4461420471981548,0.6315517064973597,0.7362869314607403,0.813412984522105,407
0.8861240086637114,0.9724146288544003,0.7798883880233383,0.9237896351970535,0.5232583804401435,0.7203534296388631,0.4598666081162078,0.7108201869279264,0.9605599362430578,0.9863755598701347,0.7140641011755307,0.846050747518097,0.43475949187813134,0.659025331407439,0.8173621799604973,0.9026668496783712,0.4484799135047074,0.6467563627871553,0.7125762239773457,0.8243463472382727,408
0.8693772323574761,0.9624575542531334,0.7496125857907038,0.8957992187638397,0.47255856512428446,0.6603505502704509,0.4210027282131379,0.5822053245697834,0.9536650686290099,0.9808088224262544,0.6993331012061593,0.8245174366834764,0.48378070747593943,0.5667073046883346,0.8247429929388674,0.8905364380598635,0.5477083802206771,0.6423360015766094,0.8129867658263057,0.8826616419257354,409
0.8917257464299735,0.9815489856339039,0.7873135809591985,0.9503828503024639,0.515067246467125,0.7182780858976677,0.4303002627106411,0.6183688889451533,0.9609367869271039,0.9914190730603809,0.700335110391272,0.7899777845331133,0.4185826574482031,0.5513868744512461,0.8067756023213326,0.8659738610159365,0.44262712133858156,0.6318704433984081,0.7218846811335589,0.8431350725528216,410
0.889808820933328,0.9619195888428781,0.8004682084947194,0.9025706331928407,0.5835994003129866,0.6890266475456763,0.5199716563620874,0.6401838710434288,0.9632809247689126,0.985514293903747,0.76495534564691,0.8089557928575791,0.5284106660859451,0.6452492459266604,0.8553977460330852,0.8831536237357692,0.5553869386252109,0.6650209190601257,0.7828887457650734,0.8345231373201052,411
0.6179099947343821,0.9809135190325163,0.28269663818883484,0.9513510445443665,0.10657683797241771,0.830906870595577,0.21573913371622414,0.7861242920224301,0.8382410399499435,0.9917015979945047,0.452031471975187,0.8818599831470016,0.42823849721217655,0.7887958100593837,0.7828385934605581,0.9231449406843797,0.4969626920863438,0.8138715316245185,0.65686041134958,0.9440764418780327,412
0.8964353078227778,0.9786953714687575,0.8002436918903642,0.9439676977236886,0.5374769525800062,0.7032486351527231,0.4777296740447734,0.6687004246836002,0.9596901679453003,0.9905715336739525,0.711629474132657,0.8339231210297219,0.48135940054416615,0.6255842161707328,0.8165155837387041,0.8960165890235159,0.5137426826290886,0.6779638994445127,0.7768334701946294,0.8842795560402413,413
0.8662721785127836,0.9667514124054839,0.7597919699751522,0.9187258723088886,0.5371168867035121,0.7775005844808554,0.4599875468695263,0.6222540843881296,0.959249963547779,0.98871893578486,0.7458998777071674,0.8585190826203235,0.45351150309244026,0.5517647223635749,0.8446579488281782,0.902314342190618,0.4790178311713835,0.6085786343008249,0.7398811144264519,0.8584132914790562,414
0.9117857147037558,0.9549594000075412,0.853278824762074,0.905061123749132,0.6899951946284366,0.7372426670074711,0.5028892275243959,0.6135132587496998,0.9725506839537867,0.9870664537725551,0.7927158281845402,0.8375815284000536,0.45160948053840877,0.6478842760876437,0.8531046717948133,0.8996892964608724,0.46814402863181687,0.7135219631189303,0.7524990748435743,0.9062218123101559,415
0.8104494652831238,0.9902098448039339,0.5787201253106669,0.9795726213170936,0.27007159924847773,0.9541390004750396,0.4089773681371734,0.9351953597644287,0.9212806439482149,0.9973929126962846,0.5891390643223009,0.9678595073519077,0.5186524019112535,0.918340439233432,0.7997909274257267,0.9769525971425961,0.5683229744828582,0.9169028841730633,0.7421537029587774,0.9675706201408149,416
0.9095277886284713,0.9740031509102819,0.7164982459404862,0.9404258788030028,0.1593351295522739,0.7692780196493317,0.3021652286815402,0.6246369802919898,0.9227486239163466,0.9907963359936925,0.3465221119553821,0.832729265058554,0.43622257110642715,0.6073241320294859,0.5851784426857792,0.8851445950354627,0.5801101284962825,0.6601186862522368,0.7919870284896297,0.8421937436726133,417
0.7501704671242896,0.9683581228619084,0.44999911874841797,0.927476315811447,0.11864118292422403,0.7940410832730156,0.11440815215096949,0.6991449672320605,0.8811436109056283,0.9896562421246912,0.37886874364168693,0.8624958413501773,0.24967994794749468,0.696829818730199,0.6761918606325381,0.9072172490949969,0.4301268237659254,0.7221232744240573,0.796210931724822,0.8945346666245552,418
0.9003227950526481,0.9661114458921479,0.8182793909432968,0.9113781434399494,0.5660293125662731,0.7162255251594205,0.4033623124267601,0.585408236654466,0.9624422168641311,0.984882048312223,0.7073224944115187,0.809890676851135,0.3836747972423369,0.6045892968183092,0.8013707610837779,0.8776383718377999,0.4182649899672914,0.6613192485496645,0.7436937386111894,0.8818304994246594,419
0.8868242068524054,0.9643804163423536,0.8029892438555036,0.9094282432096733,0.6475778753990145,0.7123741989019583,0.5835939932384202,0.668029422274316,0.9643938756171577,0.9852017654104019,0.8069264572409417,0.8571217866570433,0.5368512432524274,0.5841685385935154,0.8760901446273325,0.9082906758588806,0.5349711369601752,0.5915459989218347,0.7527369674928073,0.836802413836365,420
0.8369463899593697,0.9620873272739554,0.7143389165697075,0.9047479428756403,0.5187544163823652,0.7181883323478551,0.4523079421183923,0.6612015332346418,0.9484023316771776,0.9841035028523575,0.7021898077902666,0.8412836990183221,0.38050889006199196,0.6465056985855311,0.7996186067972898,0.9045170505624042,0.39085379280813026,0.7115964387468622,0.7172614876521305,0.9011186489293498,421
0.8753176956697828,0.9663249577949115,0.7864900613820933,0.9124015543335191,0.6051279468192348,0.7346163422803946,0.434079236905429,0.6166074247374498,0.9672098563744229,0.9850690260885829,0.7700742655006342,0.8294013007319416,0.37285114734218566,0.6465022043053813,0.8445189149227641,0.8738441885555693,0.3836903899209436,0.6882837245616789,0.6729856954648754,0.8807600003225817,422
0.8213174088028026,0.9692848953843419,0.6657055554144761,0.9211043609873458,0.40421643529504475,0.7338186854801703,0.3978331295572573,0.6771066690030677,0.9363080779158585,0.9865802866860116,0.6586191595654124,0.8255644451127951,0.4146281111194402,0.691460937148923,0.7976473957329071,0.8892694352450259,0.4529028393567687,0.7246852219550814,0.7468591773638079,0.8993773003425741,423
0.8549171843626403,0.9673951018112068,0.7368497121542071,0.9280705452126368,0.5130135266422496,0.7531644489890915,0.44639050513826195,0.6653341403431009,0.9559072266563217,0.9862911099370812,0.7286216553708443,0.8552332650239183,0.42039749412316935,0.6668895505405521,0.8307290417944595,0.9139376657059947,0.43650519496729867,0.7247942523565114,0.7107450383509294,0.8943988739339369,424
0.9054833330911307,0.9678441926195058,0.8331137453987214,0.9239158864672803,0.6225259384228492,0.7711348777465772,0.5029851058742194,0.6804501492354198,0.9662332859777975,0.9886398154775982,0.7622743910446769,0.8511759518168419,0.5139075128670745,0.6656616745414685,0.8475181377202783,0.9017380566178096,0.561541467148154,0.6910328730066106,0.8315640541717396,0.8928628993307319,425
0.908436867377033,0.9640100210117806,0.8416243145094875,0.9282697002984047,0.6304233516866201,0.8189510861539462,0.446883791110986,0.7125351024201587,0.9672497483594084,0.9923492375255853,0.746619522629307,0.877007931008312,0.4090884546048374,0.6964603242804726,0.8232582133704748,0.9154861627019001,0.4340267117794927,0.7103328120360788,0.7443583412855795,0.8723583334790872,426
0.8982985734993472,0.9636941919536259,0.8173307384058782,0.9172485578788473,0.5963365716241044,0.7306680287795233,0.4568361988803867,0.6669669275876454,0.9663568269631665,0.9888690227483762,0.7551440289412559,0.8450277568133276,0.4469237330866659,0.6532248507333744,0.8400979243834304,0.9062356440300178,0.4775022295019497,0.6764676500177771,0.7562223885421744,0.8651005885503719,427
0.866812486275002,0.9668147554328446,0.7580030984788767,0.916407712628151,0.4895629062700572,0.714628834504644,0.35547879848737735,0.635772674172415,0.9567012464218274,0.9853504441395334,0.693183105047588,0.8093899647455336,0.35848686992849105,0.6464629168387125,0.8048040847488045,0.8753051076296291,0.39925293289555547,0.680285722035028,0.7192959601880711,0.8782519802405787,428
0.8610149671265783,0.9548106589585698,0.7423822495631509,0.8910897641103597,0.5084892957927821,0.6913378935396771,0.4495719617259232,0.6119074628216584,0.9525693789681933,0.9825436969071767,0.7192162739458675,0.8279689062400002,0.42156934245335864,0.5825461187335294,0.824468551020818,0.8791057172878014,0.435992192772176,0.626448658179726,0.7046974086370875,0.8510371058218722,429
0.9025054219113124,0.9647315725124143,0.8332774778086688,0.9137250868099264,0.6787677182079357,0.7427224740919532,0.5225291861653372,0.6239565104357735,0.9724879216366783,0.9883166335090335,0.8178325405266221,0.8572004793706944,0.478172398748508,0.6278555597170311,0.8802744260887558,0.9034126376823906,0.4872402456575905,0.666792595146864,0.7262891310779498,0.8797428979072482,430
0.8729915798254414,0.9655340181438119,0.7730312334821993,0.9150156942814367,0.5969547980669163,0.7224132756764613,0.540616347104955,0.6473773930106301,0.9609252964991556,0.9860589777612496,0.7612393221180696,0.8287949493644517,0.4960814551451619,0.6080982138849315,0.8438151312214047,0.8833721875809537,0.5085304006704037,0.6406072230058053,0.777480539415599,0.8653162138638985,431
0.8795127342749337,0.9660857747603837,0.8066708647235791,0.9156360747408316,0.7101800902720519,0.7896746977107684,0.5356340503350103,0.6459321306830492,0.9688364409230674,0.9879493704199364,0.8094800801468189,0.8597943532548562,0.40441864696000873,0.6778776318928318,0.8545910350839793,0.8932450147078959,0.3898695677444316,0.7238411910001802,0.6837937969878549,0.9116294822898777,432
0.8665268638971182,0.9561100416388131,0.7467753144206251,0.8872045463296674,0.46222849617597905,0.7169181994787314,0.3609306311216568,0.5974155315970988,0.9561634010525007,0.9858682194196211,0.6851891611859364,0.8345739767903434,0.383540831830476,0.5883915292447779,0.8064180260128544,0.8927064950128091,0.4304220725324423,0.653872403681051,0.7370775870144367,0.8728697036429277,433
0.9025091413510262,0.9748967499401051,0.8342686309483174,0.9368105823784628,0.6916461071502698,0.7953140065346257,0.5984370062362386,0.7453091218353299,0.9703745346397054,0.9893524584956405,0.813883946761044,0.8610783621937165,0.5551574109200957,0.753815929121711,0.8746641965937259,0.9130998359473277,0.5655683463868889,0.7826178589552548,0.8011614604023434,0.9183645974951762,434
0.8649017046682769,0.9664375303504827,0.7503801520124791,0.9144550411210963,0.5206284073002199,0.723286941189672,0.4410779428864287,0.6911564158604918,0.9558712197069344,0.9859318265228963,0.719424740738125,0.8480307152725054,0.39005743436794066,0.6758912009541086,0.8185625022788037,0.9050403027459982,0.3957017842581205,0.7098525970920049,0.6746678625092439,0.8863255331768893,435
0.8586653226917318,0.9558043836983354,0.7365833063777357,0.8844071937496907,0.5351281817530288,0.7167596021138878,0.5556446560860873,0.6403237455781138,0.9492041461830713,0.9814524756433914,0.7416042589006073,0.8110502408318134,0.5478292867115685,0.6386729664374889,0.8454635150314225,0.8781477498566717,0.5605976284678276,0.6487012321553456,0.7839020051718663,0.844533234053747,436
0.8831971704753007,0.9681226523735005,0.7956085414623102,0.9179358880737893,0.5871399363528638,0.7407213946904377,0.46303701384695223,0.6650471645750117,0.9649536143828713,0.9868197369503271,0.770701764410037,0.8153446074776117,0.48479957308470345,0.6821480351290888,0.8584677502008466,0.8830792232081892,0.5281911815513801,0.717779490610695,0.7886647270446024,0.8957913953506189,437
0.8875990767487585,0.9630447312187764,0.8132337816197714,0.908460806374623,0.6562711278149332,0.7117624221797834,0.4751279245478135,0.6477649470100448,0.9666638545519894,0.985113950544948,0.7830947509871379,0.8358241876975757,0.4009335206779473,0.6516118203236676,0.8467035219878449,0.8867171232331172,0.4092673661972939,0.6767230086013954,0.7018528228775379,0.8709452066931417,438
0.880932194330802,0.9546611913069175,0.7957909400534994,0.9059420396304874,0.6578564417123259,0.741350083914448,0.5471799967605923,0.6579527662951563,0.9664424488626219,0.9833399045676801,0.8014246930011406,0.8408124746534362,0.45438651597929214,0.6554133861909015,0.8626898920491385,0.8845513399539826,0.44170103332847904,0.6896932842683726,0.698069916119087,0.8743331333963009,439
0.9099859690873838,0.9551569581044519,0.8460349428946959,0.9023521996112137,0.6452960346341331,0.7595949115927895,0.4786853883587524,0.6515500482793092,0.9692042007179235,0.9887462148343605,0.7583962751958601,0.8481155188054555,0.45891756227592156,0.5912159545248963,0.8347154100653315,0.909362855413659,0.49804532237768556,0.6432514948700497,0.8030441637435918,0.8530823512105213,440
0.9038142637317529,0.963992756646023,0.8279130025405984,0.9086511952917589,0.6048270413350809,0.7120326880104577,0.4764199931699874,0.6305724545005916,0.9677446475227078,0.9857010965112885,0.763431032654583,0.8247374152810036,0.4979476391261224,0.630000574042717,0.8513259868625236,0.893388355745792,0.5440896643494088,0.6500694750315605,0.809574344655112,0.8546266191399629,441
0.8928541212187792,0.9518422307862964,0.8059621586753437,0.8817788028526861,0.5659474604529545,0.714136719249774,0.4528206011196206,0.690228179303962,0.9627245819149938,0.9839970685145196,0.7352264426269826,0.8385408614792831,0.45875844211749,0.6403210891579734,0.8311821397456305,0.9004223433368304,0.4986011225818294,0.6590277445676009,0.7785923877395934,0.8595925469255996,442
0.8795296176365227,0.9609066927107606,0.782585467759539,0.9016193986704839,0.6270131192518505,0.7155379123268866,0.6020839905943522,0.6614345656727095,0.9624245318387837,0.9860532010462455,0.7987529873135264,0.8402467874519514,0.560695955047931,0.6274865404149226,0.8728393525842966,0.9043460733234616,0.5588638238150692,0.6829126287304383,0.7752782997053403,0.8885364803065393,443
0.8823906225541863,0.9570260021195744,0.7872766213262372,0.8890345779213493,0.5264168635389158,0.6956673211271293,0.3838176823311487,0.6553980262500394,0.9581008849731412,0.9815838289716213,0.675364466466587,0.8256804978540249,0.3454362810380715,0.6100441663371903,0.7752831993506827,0.8864015570906335,0.3766899320174567,0.6554219772382063,0.7328701904120706,0.8655479676064987,444
0.8426081286341625,0.9501844954678905,0.7154783356011477,0.8773052788076563,0.47720149363047537,0.6655278280396443,0.4204923784138186,0.556995009121235,0.9534452162192169,0.9817570719469768,0.7184070972447107,0.7862413858397039,0.4299642034017128,0.6058555115740101,0.830561983974255,0.8715041274273199,0.46213849553522746,0.6528183675175999,0.7370707969240778,0.8618817382869253,445
0.9025247271087403,0.9572668104995299,0.8193778477092789,0.88725795348935,0.6274471383521797,0.7586800512945101,0.5575834561024907,0.7207532658972267,0.9643744708821601,0.9864381232930431,0.7748443099947051,0.8540686353005097,0.5351912461020624,0.6520557176339912,0.8544906343758071,0.9092659482046859,0.5510505066948991,0.6445935317936481,0.7879742773728952,0.8611430958379773,446
0.883089290508428,0.964845034057357,0.7889644700774082,0.9080893295022234,0.5301564538863336,0.6890577240122399,0.3978491568645691,0.6005539924049836,0.959777983870357,0.98642173856479,0.7061665405050309,0.8093591290732014,0.4084849902054539,0.6072918683829501,0.8114715808669538,0.8818416606943397,0.4589875368887654,0.6442298080475795,0.7779107269041515,0.8674563244032446,447
0.8959990039579472,0.9634528462122643,0.8134558997732353,0.9142746359776428,0.6450188140886968,0.7795889057598587,0.5692253650861905,0.6600028471070037,0.9677502487837836,0.9878748227337806,0.7872001191302374,0.8624824706720736,0.5254759623681442,0.6463016659190495,0.8593154527989302,0.8997281398304229,0.5335692775735165,0.6752534407843866,0.7796304067452612,0.8617413747605412,448
0.8832955325393753,0.9652344628590056,0.793165973969867,0.9197317292553272,0.5895938939842176,0.7486486614728944,0.49030002532406985,0.5879466907351515,0.966280117539038,0.9887806470854008,0.7743906006332323,0.8540162868525543,0.4991516427262695,0.6271908060474903,0.8611375121909419,0.9108629873631406,0.5332510823422423,0.6711202598001951,0.7825959702191091,0.8659617665117276,449
0.8937987885966701,0.9624092527998115,0.8098069084489894,0.9164580470887971,0.5909755937819321,0.7744794272292336,0.4848394584737501,0.6545160541335188,0.963363713507721,0.9886749212186775,0.7526844877175205,0.8463720617878534,0.4801196825306761,0.5999537352732662,0.8408754730661409,0.9039057992841688,0.512958857138435,0.6486195556885774,0.7842952103717622,0.8662814118308547,450
0.9095293176789039,0.9534926788742776,0.8359160543055348,0.8960857146963688,0.60371595586385,0.7276151695036698,0.45070131573036193,0.6361136777849793,0.9682753877832714,0.9864315650704458,0.7500695642117411,0.8436412896153805,0.4474912669209405,0.6489074855409563,0.8350416842972199,0.9080846176905029,0.48292279995021836,0.6885274313473541,0.7671635408629333,0.8761123767530031,451
0.8770180923179052,0.9685594871522692,0.7863461588101389,0.9264032758714061,0.5720461533975372,0.7500458881438474,0.4416509738296476,0.6722855236307738,0.9638061135442947,0.9896108534879758,0.7491651655096931,0.8554280679881104,0.4463914778377589,0.6292462454410753,0.8414293933690413,0.9121302746579121,0.49090077331954257,0.6836619723576514,0.7840846799224159,0.8820600889611995,452
0.8904652683937805,0.9584027164594653,0.815873432180459,0.8990179497086883,0.6757291010500462,0.7527710097101288,0.5475988615326377,0.6687742081420938,0.9693268677014883,0.9846836594692027,0.8056119238038951,0.8709400198212791,0.4706742622444854,0.5795112914460528,0.8650366700869726,0.912312639668558,0.46831437847228763,0.618980670234243,0.7270295844075562,0.8403735457592862,453
0.887950218663772,0.9388686485965304,0.7973823174093528,0.8566337053642652,0.6092101033664726,0.7226784971788999,0.5812008729176186,0.6932633023078243,0.9581759799344804,0.9808384000705045,0.7714364808265712,0.8505111856504132,0.5613616443504832,0.6518920828994743,0.8567670046566657,0.8989785747637222,0.5733884689617028,0.6533563879615459,0.7936095373999239,0.8535956918284804,454
0.9073316145773678,0.9498508544471278,0.8261347232514971,0.8815030447164005,0.5274840173515032,0.7144723942740676,0.3572079046564381,0.620533559191955,0.9644103836259471,0.9844076009319912,0.6802061300338277,0.8193269600444592,0.3735850369864373,0.6259961080951445,0.787683931214451,0.8818182955649154,0.43177703669288453,0.6529887046992353,0.7785797307447782,0.8548266117017834,455
0.9199350891652469,0.9669871037360974,0.8577808869199863,0.9357136507398911,0.663747089524552,0.8253356708206527,0.5166565630958717,0.6085535279863499,0.9730348100742618,0.9928494048801143,0.7965413135862713,0.8601312387438342,0.524782380975894,0.6421900202006611,0.8690782538344639,0.8936413899864802,0.5601811795396103,0.6856097896285862,0.8030150571793172,0.8648486051733968,456
0.9028429446517051,0.9714266041566632,0.8315311654744365,0.9320813222873088,0.6473506247141531,0.7543653680101624,0.46119545177050425,0.6046613820531704,0.970304664771033,0.9903055988995988,0.7717797878527956,0.854292822010613,0.40942886789817673,0.6021965948101278,0.8416894909487693,0.9088118310773844,0.4265331863796532,0.6499736030851319,0.727927513548578,0.8540846116332265,457
0.9033048153605354,0.9550247249799797,0.827737102186032,0.8923477911684862,0.591481001314464,0.7216865430497537,0.3810619931239372,0.5844508171709054,0.9689961369480031,0.9844196976089803,0.7383129567145602,0.8223820412903194,0.3599120660813257,0.5669077183838162,0.8232372847244491,0.8843530285400807,0.3908926226030505,0.6300951936065089,0.7069401815235076,0.8567758040713055,458
0.8916765836419305,0.9586155047171777,0.8079887125943045,0.9016278391839457,0.5818011390297025,0.7487616235525117,0.42895266597628146,0.5869562806660987,0.962895086574518,0.9863442820758755,0.737863132130555,0.8251262664551526,0.41599143120820203,0.4920023789633264,0.8268208006946849,0.8710285236262653,0.4522423343442979,0.5149718813577027,0.7542293879361739,0.7887111727611508,459
0.9046646981878443,0.9551304672048152,0.8329964617326592,0.8927352059393904,0.6398032334275646,0.6889071925028553,0.472772496959807,0.6026829496466066,0.9733554918368206,0.9845117508091373,0.7872395350747536,0.8260687996459968,0.4572880384518232,0.5991011313341771,0.8610895450233131,0.9001575516991545,0.4864737582991848,0.6369491127670533,0.7558583928328604,0.8622185918937455,460
0.8963156910030755,0.9547137931368402,0.8075593272966678,0.8927335217786877,0.5243253324437857,0.7299736050405312,0.39187587598033696,0.6506179108964302,0.9603388160429239,0.9840146970624153,0.6780171532831137,0.8328939611158596,0.38873536553428967,0.5808268055408399,0.7855318787119607,0.8774804236976129,0.435428894687058,0.5930715882676768,0.7740145172329221,0.8548506606314311,461
0.8956981986825995,0.9577451081056679,0.8179138291496492,0.9062291494257072,0.6167658058598177,0.7908898277924885,0.4908900490478567,0.6454028966035965,0.9644978493653613,0.9888599328957152,0.7549631817504385,0.8779269880542547,0.45761069433219015,0.5935448808493604,0.8355511956438274,0.9095399768378958,0.47897518424301794,0.6379369693186656,0.7627745359520515,0.8513599053686031,462
0.8969141913853959,0.9628145111551314,0.8197378546546896,0.9055688906425987,0.6161226155663637,0.7138451194900137,0.48657436799865383,0.6420521395084767,0.9691234863628309,0.98547494184642,0.7657208939118645,0.83344052199486,0.4769026664428769,0.624718147879056,0.8477933139593162,0.8924439836218343,0.5124196736051035,0.6581165610020686,0.7927392980272352,0.8632316301753954,463
0.9026906534378059,0.9563640483086442,0.8334404396253662,0.8988499828553284,0.6909162837226821,0.7658351420953072,0.57361180152789,0.711037120252523,0.972179324677983,0.9853782632421165,0.8213785886357652,0.8535721763348421,0.5159939694909228,0.6741615226326405,0.8796789626752092,0.9002616345519359,0.5186871282708233,0.6928537178653341,0.7542389885992908,0.8663223927036809,464
0.87837472462024,0.9667342851321472,0.7873499834536327,0.9281864518002759,0.6005008752080061,0.7973772581080085,0.5152358477945916,0.6466886766546757,0.9659726224451318,0.9911514543536886,0.7956990458580735,0.8874936554787141,0.5161243716651117,0.671776904577056,0.8770575854352218,0.9308857107960176,0.5387769265036902,0.7052425537105244,0.7625765799175275,0.872521172310091,465
0.8326945280103749,0.9623207044326232,0.7068555274767652,0.9123610913622199,0.47844511970926534,0.7279340047329454,0.422947472150819,0.6046324515771452,0.9598931999556315,0.9879506015955989,0.7632156110161225,0.8460937148685168,0.4993407054437743,0.6064661550821796,0.870000955676289,0.9063103190593966,0.5466892057394701,0.6435861094523486,0.7768454204930599,0.8472313924227329,466
0.888438085922326,0.9591664743646671,0.8152698837575872,0.9049733399195129,0.5838156960238268,0.6895050594992064,0.3260225459619078,0.5499427576761494,0.9665593757599874,0.9861314104876354,0.6952571821363978,0.804654138074887,0.26908398729200145,0.5479930888761043,0.7789979602794167,0.8751329652228661,0.29980515840254274,0.6024170378180356,0.6889102472861566,0.835424796764355,467
0.8946972088943931,0.9553637829927893,0.8134199722829585,0.8948944592715701,0.6349875959846688,0.7745032516747883,0.5428331183479796,0.6458112757589393,0.9646302588987186,0.9884544667361609,0.7780950641617324,0.8424860575910362,0.5063465723929301,0.5621985677473509,0.8533620822261251,0.8852065073026327,0.5225263901178198,0.5972458935655051,0.7810791579248046,0.830878770679974,468
0.8741101273044202,0.9722227165374249,0.7692950161113428,0.9356903116870223,0.5595726628597378,0.7753376824902751,0.5368300316749264,0.6649308369845307,0.9634016518701981,0.9909883354484066,0.7824985657616393,0.8648970489221136,0.560039838808611,0.6164782106583334,0.8770607052429464,0.9151187026463834,0.5810189214177889,0.6628153480498568,0.7758873999661292,0.8646072214314436,469
0.8597841536812965,0.9557916905516255,0.7399244759666178,0.8902895635631445,0.4793162323132457,0.7073936758444388,0.41206780365898427,0.6610096316346001,0.9529871550673732,0.9830881849749586,0.7075040403569738,0.8438644522826634,0.42730086455301425,0.5889373022042261,0.8222640166691061,0.8986439553559868,0.46344733875918853,0.5938714945185081,0.7388848918774669,0.8372753454827168,470
0.8993880426852419,0.9694747287056266,0.8187234320889017,0.9211062413049348,0.5734428983738307,0.7239108811714334,0.41011080402450983,0.566614554993482,0.9659366699340665,0.9864079768785669,0.7190573753593141,0.8277872069211603,0.3915321561152522,0.5681977004966281,0.8107405516956793,0.8726028537910948,0.42710132072180373,0.5993968793776869,0.750616679957378,0.8276430769145179,471
0.9209386741710065,0.9651418254003543,0.8667116095533056,0.9212405468298512,0.7390021164114428,0.816041873545456,0.6151281898945197,0.7214293685146793,0.976393648316858,0.9896145075362947,0.8407507261481153,0.8954894708590391,0.5696733625208117,0.6561694939033781,0.8920259556621278,0.9278183802001487,0.5773727644920266,0.6658528987752654,0.7952464883630876,0.8355170131736875,472
0.9068720939897196,0.958621952824783,0.8294621647576375,0.8974481461592293,0.6757649331905555,0.7207060306251335,0.6375465619219904,0.7061488948827431,0.9734644355022423,0.9835620612610955,0.8331025521041101,0.8685808494652464,0.6388819595009958,0.6961229335607548,0.8994315670159883,0.924263358818321,0.6533030263557983,0.7021110920528044,0.8322916615753265,0.8526853891757228,473
0.8621146717729309,0.9670969909149044,0.7514276496084905,0.9240327235178641,0.575984267018125,0.7479821676291801,0.5574297473147206,0.6846309286272523,0.9597927827114682,0.9890750668280249,0.772185250457606,0.8576809095024919,0.5199484279619563,0.6028419669187096,0.8583297147678853,0.9017582984758429,0.5243448007088312,0.6082529974225516,0.7636683728945866,0.8422996603111518,474
0.9159648420236588,0.9647346438831664,0.8463650751114744,0.9182016858503753,0.6559925700456148,0.7816972935096759,0.5844408899101898,0.6813414936794431,0.9711213869600184,0.9899026561907605,0.79575813318659,0.8449067710539861,0.6045194453780909,0.638380999044166,0.8741602569890261,0.8939111283022804,0.6429480108246308,0.6740928053115544,0.8568616431698961,0.8763679931923843,475
0.9170729622448391,0.9730711445118879,0.8518504515761446,0.9360281471661108,0.676052438446646,0.7728390447290331,0.5475586552389298,0.6131111467842985,0.9743232031857145,0.9905987541926421,0.8043843313572243,0.8574889163752701,0.5127928191300671,0.6265398542155761,0.8697813373095968,0.9084818608852115,0.5245570664832403,0.665266873444668,0.7643578983952535,0.8639142239342682,476
0.9144781119082234,0.9762448646202272,0.850093504871606,0.9407138976591359,0.6566236283839271,0.764770505137929,0.5266165044529515,0.6681275598243813,0.973307655486912,0.9904797029021379,0.7945308962236337,0.8509416614361599,0.5438368140940878,0.5843112520178929,0.8703442295084889,0.8977704537410115,0.5879880688271949,0.6391494545565478,0.834417006010331,0.8735714658385103,477
0.8905857983477221,0.9691848885098069,0.8013062744706575,0.9276469075243562,0.5829493062008545,0.7710715405113099,0.45050417933655684,0.6878067718686639,0.9685330786427298,0.989682214544822,0.7327900969391379,0.8573018319863429,0.420793735628635,0.6151215240828738,0.8214786944182604,0.9003226816323397,0.4525538448826568,0.6779844824626359,0.7709259261958511,0.869132123927007,478
0.9191362073313794,0.9660300437345571,0.8621343043660117,0.9199985971057061,0.7505772531573315,0.804778669102986,0.6520924670531878,0.7087854264968191,0.9765779411266351,0.988332864567954,0.8433728496997729,0.8759141077934498,0.5898720029376521,0.6293641618276843,0.8893590321114683,0.9097069134876546,0.5892679865848214,0.647364495293797,0.8104617964400473,0.8607732176760474,479
0.8671307659323764,0.9679811314543058,0.75977766856875,0.9262103919456713,0.5498508865784878,0.7420785533960673,0.47961141144191494,0.6248089854344738,0.9614062844699324,0.9893004056646644,0.738715025009524,0.8313428456932078,0.46173182439973265,0.5941878766593028,0.8353036286322086,0.8890489212245841,0.4897360591923274,0.6300977752848537,0.7739655304133347,0.854801505535636,480
0.8785910971541611,0.97939808512296,0.7940016229879195,0.9506557096538886,0.6403447802483868,0.7693903526627138,0.5073937877328603,0.6314918310196614,0.9719476643402132,0.9923804266359838,0.7981965077669236,0.8369580636512727,0.45793083279188707,0.6269125973609865,0.8664836457152373,0.8863911693109877,0.4731931901257062,0.6567105805157838,0.7467234249399981,0.8521571287333668,481
0.8648750366179853,0.9813979768172705,0.7539521955184966,0.9562881706268276,0.5421928474295413,0.7935225017302144,0.4600212193123144,0.5942101563184402,0.9645291556371826,0.9933419149132932,0.7439872379653211,0.8505820845134716,0.44670496247593,0.6211704206784344,0.8403439388874243,0.894372710554424,0.47584995398913493,0.6614805573399462,0.7619474409825495,0.8597649503198136,482
0.8396973328151709,0.9600322707025009,0.7372668053167111,0.9024285447162923,0.6192938824294887,0.7256589664828541,0.5126530612600849,0.6337970829492579,0.9700542210356496,0.985334412881332,0.834676980776381,0.8587305860605547,0.39558251813704737,0.5703180606068691,0.8932011444719675,0.9092395220863538,0.3736724838416606,0.595697440403973,0.5961460203822552,0.8318548110572987,483
0.9025329848510846,0.9714966611718469,0.8205817899634733,0.9357910798772981,0.6686885807741936,0.7916661246436618,0.6297010680895516,0.6796014898402598,0.9723921001929513,0.9914668069442636,0.8229860626940556,0.8734208140243308,0.5939728161083659,0.6291244216884593,0.8895224123164467,0.9180087076892388,0.5929674915592357,0.642106184374632,0.7885555736597397,0.842584297000823,484
0.8801432501580577,0.9738753358400319,0.7899438710088179,0.943563097668185,0.6515818196051636,0.8212892688154496,0.6082763483159036,0.6474952259415889,0.9725574168606544,0.9929254170805472,0.8306471808573334,0.889366951321607,0.5823524615712938,0.6232540977999455,0.8963721514261096,0.9265114580494285,0.5887776947505042,0.6564002767404286,0.7950257103896026,0.855340092283328,485
0.9151333300818518,0.962596188681649,0.8517977107386792,0.9093252147320989,0.6965432813234433,0.7459134671979336,0.5648303114411021,0.6722598672274811,0.9767580807542896,0.9868117503121417,0.8179988291592344,0.8483078934620389,0.5338476709137895,0.6116498957010246,0.8783911647691484,0.8979190895739751,0.5518338260457811,0.6429301950933628,0.7954243939540363,0.8592821178829003,486
0.9205034843063736,0.9713932382193833,0.8504193854831852,0.9319995632272567,0.6768866794261671,0.7533108306903392,0.5946234476689749,0.6810422599472431,0.9730444474427717,0.989723379308893,0.7971374413411854,0.8381923000454747,0.5699732140347592,0.607033699783502,0.8665759956250164,0.8939008868561062,0.5895817875681172,0.6303169777869185,0.8248555489593189,0.8561130302193654,487
0.934489528360096,0.9762499035785578,0.8807546567088327,0.9458291821501741,0.7452056956778886,0.7993430536499694,0.6527635494979774,0.7080319820808395,0.9812674211989627,0.9922163027456056,0.8617096947960096,0.8928414756667432,0.6386002536842479,0.6829242258959695,0.9133432136245944,0.9339456547338055,0.6497267389208122,0.6863115965153895,0.818972122393362,0.8638109994203425,488
0.9082388761894375,0.9698441719830974,0.8421175251805172,0.9320662762984787,0.722979278695046,0.7804704063421335,0.589392786862101,0.6351524540713709,0.9774785245998462,0.9907568819305714,0.8411933366752896,0.8636612671828158,0.5184808400022081,0.5964063474202582,0.8904598944905732,0.9086823249135666,0.5168379595036359,0.6240696477967016,0.7521897181804241,0.8412904850238909,489
0.9135407222390325,0.9680206950150521,0.8448313489405257,0.925232694965616,0.697888094569432,0.7394262112330927,0.6275664974701102,0.7045160867306501,0.9743306367026641,0.9892637613790243,0.8207360444518376,0.8465098623242265,0.5962013927085484,0.6284609398330226,0.8832214767760475,0.8993441671766598,0.6092054569993228,0.6360177917622638,0.8275344507488954,0.8434774012275104,490
0.9139309289114605,0.969273234724057,0.8464721055764451,0.9259800064379907,0.6981585450515805,0.7356972145983854,0.6182110324409019,0.6632699948271374,0.9780714052821099,0.9890517440617643,0.8472541206541172,0.8737407652210808,0.6230811420254769,0.6616307988576643,0.9075316074786227,0.9258427153920257,0.6436455107005571,0.6776461647281243,0.8270730236298449,0.8425587410538304,491
0.8741027983531124,0.9630339242397417,0.7666310907593115,0.9176303689353331,0.6233478929042664,0.7530118502937032,0.6478957510862302,0.7214261971387521,0.9660716509104292,0.9893443214202554,0.8223107345643983,0.8849708200473705,0.6167557544212432,0.6659878085473647,0.8948209646160294,0.9259993551933392,0.6063491663677877,0.6613350104951291,0.7862348137640536,0.8561874253119542,492
0.9169316660445607,0.9738402061108993,0.8471083700998743,0.9387918335264178,0.6699693748228674,0.7758176871174859,0.5882781357682753,0.6458847888391075,0.974907192401511,0.9911601960520212,0.8088393589948129,0.8573247986769295,0.601675394913824,0.6328381140048548,0.8818995482595566,0.9062779890264221,0.6377084385997542,0.6694686971244332,0.8541918209895611,0.875270789955365,493
0.9133260739538237,0.9703369759680955,0.8297361228143886,0.935292585525476,0.607144637861954,0.79190376981788,0.5346060245449974,0.6206480748886014,0.9710803452220187,0.9916423052260417,0.7679282775459093,0.8656194331760199,0.5461011741448764,0.6059480013067736,0.8564267877707283,0.9128833712649206,0.5798481916304061,0.6419351514206336,0.8150224294998927,0.8565757353456716,494
0.9004627438260339,0.9645207453486452,0.8229692825202014,0.9146929640158367,0.6869071089544363,0.7300277927880383,0.6198947604206355,0.6921631959743315,0.9719953910462041,0.9872027111236633,0.8204504103645357,0.8483084121075406,0.5595986945829532,0.6271526615963833,0.8804499113737719,0.9032274814705009,0.5557461059607957,0.6162454352908943,0.7813087526109378,0.8611093114612935,495
0.9305179920288079,0.9572250977334745,0.8758589239569143,0.9068074101753472,0.7345783975119637,0.7755465565693003,0.6203223953932692,0.6594942306770083,0.981491587641515,0.9886375977501475,0.8499298847558986,0.8756740394379007,0.6067226556878049,0.6395949265169082,0.9035447679923921,0.9209581400006593,0.6245392243314043,0.6553715147868907,0.8220494647075434,0.8375759408999894,496
0.913851467210398,0.9539712040508197,0.8441772596726963,0.8993083754640686,0.7195210276727764,0.7556018400875251,0.6883572493914518,0.7422796712321378,0.9787976882473977,0.9871063602668716,0.8643898642459111,0.893080031421998,0.6828113101755211,0.7351134547597158,0.9186997550404955,0.9396217928407612,0.6899615524707033,0.7383351692818314,0.843683318087653,0.8654913246631422,497
0.886980222183818,0.953031099316028,0.793661964198086,0.8977478417674347,0.6197040942537297,0.697644441826402,0.5709993507189005,0.6277886099440627,0.9675150897716893,0.9870243423385872,0.7932992088353934,0.8221854743749323,0.543977730225737,0.5942801956391196,0.8706290038025205,0.8931020927468362,0.5538866662380595,0.5972779623682148,0.7809910812953802,0.815910134695833,498
0.9431560980155865,0.9680954448320255,0.9043194473487853,0.9328474765896303,0.8049225795854402,0.8572065146664333,0.7057382329833143,0.7701658579346302,0.9839307825745514,0.9924861691278922,0.8800826556732271,0.9122249533153387,0.679479943229058,0.7379791039178019,0.9182163803871484,0.9406176899420708,0.6918536196317933,0.7466089464993259,0.8659723216946188,0.8935704047164483,499
0.925386958546662,0.9678832756416755,0.8682794116533648,0.9278505714892081,0.7359164033662458,0.7778181602480515,0.6502282379664882,0.7025855183498267,0.9815242205917388,0.9903172241591648,0.8651003410421237,0.8930180131884062,0.6593485934816061,0.7098797208257005,0.9176725343884569,0.9369390412703262,0.6809192939728153,0.7294461115024374,0.8507875427465875,0.8756669194983907,500
0.891093900345239,0.9659279995032442,0.7993732651290022,0.9239435533665172,0.6414657236824075,0.7134220695047796,0.6292921345067626,0.6879818581611588,0.9716709876605591,0.9892952958394784,0.8282009270146471,0.8594578975788432,0.6491692501960509,0.705005950790852,0.9010433422583465,0.924249804919389,0.6673110019826278,0.7173784995508544,0.8417698131834329,0.8630978620205947,501
0.8800486853914008,0.9696594192237085,0.7854458101500784,0.9346844421786784,0.6222936397168287,0.781971494394655,0.5619007615134957,0.593544225147665,0.9719482541793395,0.99160034604682,0.8224562608661953,0.8554967696414252,0.5462222242861066,0.5759000337376233,0.8946881408051398,0.9101801142182054,0.5544872582646966,0.580586105323132,0.7569954776016334,0.8072174924131759,502
0.8741935841588906,0.9694667935536988,0.7728467431974868,0.9321579241086438,0.6224806981313203,0.7905878949689431,0.6305291074314815,0.6874726334231348,0.9664023335293672,0.9911896461265969,0.82075068174625,0.8808735277082662,0.6027140119897612,0.6345755445668743,0.8941660374370872,0.9274537502420569,0.5958949736503065,0.6667648809250838,0.77846826928472,0.8522653942573174,503
0.932399323895205,0.9684384914662689,0.8831673085196136,0.9262862523588877,0.7453706387765942,0.7866520977418753,0.6056467448005473,0.6527901742076966,0.9821873820548592,0.9893450079585456,0.8417815088475517,0.8652761720737897,0.5854660887858947,0.6640420130726467,0.8944351372367502,0.9126923790385636,0.6125289018195361,0.7132594392602783,0.8396661652607034,0.9001992073569014,504
0.9127030357241572,0.9800002163319738,0.8391761960809089,0.9557253959671771,0.6835060453278778,0.8437120133624206,0.6348528396323905,0.6784641691327588,0.9766357287379973,0.9941328623554758,0.8357033658043742,0.8973691155958613,0.6393016064796142,0.6812807563877945,0.9010636517418724,0.93004959661738,0.6581563976909297,0.6972267538591439,0.8386216567116994,0.8587403558363756,505
0.9168786936806467,0.9630459920221962,0.8427821967652294,0.9086243967325655,0.6728267234119529,0.7618299442121089,0.6431872859315957,0.6964114496379572,0.9735472984158763,0.9878202129607108,0.826330393531351,0.8533744914806516,0.6706644095794544,0.7266553059319809,0.8985360329052307,0.9191652608344286,0.6977449264410911,0.7515965979055071,0.864554786039706,0.8896542203051311,506
0.9152483789354966,0.972038525014294,0.8496205371960555,0.9377072604348125,0.72239317419609,0.7916194363738677,0.6536617780378087,0.6974492501645373,0.9773589232997522,0.9915038465827746,0.8572091505797612,0.8819341313632391,0.621828277533968,0.6527337082240326,0.9105117760792808,0.9272346711690023,0.6227354468339797,0.6465485048537911,0.7989458496246743,0.8443660915414495,507
0.9090960048434348,0.969849025270223,0.8354481732525012,0.936290766037785,0.6760768788921473,0.7897810056622967,0.5792119842492971,0.6715253291339547,0.9753998066972227,0.9922952715488266,0.8181475307656141,0.8714862411838505,0.5480909453196016,0.6818204365022286,0.8831866859889641,0.9144091062547143,0.5583622703276729,0.702644490973697,0.783061157048441,0.8670886075036934,508
0.9419670306717249,0.9709305546773046,0.8995339505262965,0.9338731851145862,0.7813217234287597,0.8302732942554207,0.6770821326826129,0.7225096216435646,0.9840009330036497,0.9914668918944597,0.8673870199225381,0.8939861411547264,0.6626600613484636,0.6981381619157717,0.9128509434754691,0.9292553293332493,0.6829716157793727,0.7156010417033235,0.8667509994213953,0.8856730507703284,509
0.9206143244577563,0.9687135930222694,0.8468859916380564,0.9273534872162201,0.6521918298776407,0.7638133645997758,0.5876423006733915,0.7455464807451402,0.9737076796497148,0.9895647271348024,0.7958975376107355,0.8539635885203974,0.6127012749268607,0.7641804016356548,0.8761911191672918,0.9097140371663452,0.6537122349032861,0.7894989274851046,0.865947565088333,0.9138155667365065,510
0.9355200470014111,0.964956910355864,0.8844216861214627,0.9229359668432028,0.7852109909268113,0.8270737866371627,0.7185183202801474,0.7722106750102993,0.982507113212847,0.990840878847177,0.874805415770818,0.9011384340422192,0.674295590664776,0.7189664578350357,0.9153057136546896,0.9332057369295401,0.6718977189753439,0.7107893088793567,0.8438939768086235,0.8895135058347114,511
0.9015061141067623,0.9804999859287996,0.8302162399966105,0.9535260534368057,0.729127866689934,0.7922508171821172,0.705371589928704,0.7668644883607582,0.9766519996246037,0.9929628471601599,0.8724344837678314,0.9018170060261624,0.6762394001765683,0.7268688217640273,0.9207039580876321,0.9418833767656569,0.6722453911545551,0.7168024970020719,0.8318016142082518,0.8912456478057195,512
0.9451094291061939,0.9694024516846856,0.9010134469287248,0.9294299283752316,0.7831497463199492,0.8214253301606962,0.6696342018401562,0.7053739532213285,0.9844018789193849,0.9909211456533921,0.863976725410456,0.8868079051870665,0.638979851542853,0.684391623659858,0.9077193327820807,0.9228069927908292,0.651386852861075,0.7140448643301314,0.8461609978717219,0.8899537853225264,513
0.9353427800597622,0.9706359335187535,0.8961537834294708,0.9370508808889133,0.8008344969757635,0.8461276553042166,0.6226229836315693,0.6686915597643706,0.985076527202573,0.9927089571291278,0.8688176072804991,0.9004294231847472,0.563327101638043,0.6628643379235143,0.90441933805764,0.9360171968901714,0.5735339559852749,0.6806583725640292,0.8051505423330443,0.865360026871307,514
0.9199102336359358,0.9677918250383294,0.860119527279097,0.9290831298662965,0.7318594456815521,0.778037284623362,0.6475671980408751,0.7328719556721977,0.9794342758522182,0.9904711612871914,0.8488583769453325,0.8669283911806811,0.6288292621665607,0.7416834409364796,0.9033375774639169,0.9150933710360706,0.6470196256005071,0.7607937807238118,0.84620061872833,0.8938923829420142,515
0.903992321098064,0.968023462676614,0.8335954996750441,0.9262535065239564,0.7043000317865449,0.762152413189591,0.6422235693307571,0.7111310840371247,0.977761024847128,0.9894013262384839,0.8529718804758334,0.8791453989949162,0.6316055025108884,0.6879431035030567,0.9096523036755929,0.9282416226196843,0.6454952301644495,0.7079372547500953,0.8313716289289165,0.8844077704220212,516
0.9187686136074495,0.9689884774144889,0.8641434690226383,0.9302936369671757,0.7373363920372292,0.790703945137994,0.5951719397043399,0.6631890926706723,0.9801582447661131,0.9906503419985374,0.8413960552561054,0.8709464158743216,0.5548083865072952,0.6770147111474771,0.891864372159318,0.9112680292006018,0.5711342307425542,0.7114683562324615,0.8077317770651913,0.884064377027429,517
0.8891489221445832,0.9596606082693111,0.8065231690334403,0.9024255282331917,0.6797512055943165,0.7131428875755493,0.63860340734218,0.6992963253963194,0.9757714225759268,0.9856200489268938,0.848502929649614,0.8774117732779879,0.6111030640311966,0.6572172984261684,0.90708928385948,0.9269675047727438,0.6143354294859396,0.6512723453215381,0.8042213571707556,0.8581314061703975,518
0.8554901022918406,0.9826172381125854,0.5962039191484404,0.9604238404366291,0.19584046414381662,0.9056021458057992,0.4396523258275479,0.8911062900049138,0.9015855744290537,0.9947624577958211,0.4548935526596376,0.9494358601852346,0.5599523889236722,0.8927607107362168,0.7182725187124321,0.9700839521492473,0.6176068460904441,0.8996883860419658,0.7012871826030118,0.9570247477225606,519
0.9001533862212858,0.9572032978414804,0.799438625247244,0.8917529202946177,0.5500622328970151,0.6532454258167243,0.5280844157880721,0.6905054274350194,0.9656800463878907,0.9827107743258601,0.7595081315834564,0.8368563709316953,0.6214541351904902,0.7444563990042701,0.8673269799692459,0.9163447891434426,0.6850335062436729,0.7732774699313486,0.8761904970644512,0.8999302951672102,520
0.9156738819418383,0.9605241638928624,0.8194055873039194,0.9017263772179167,0.5537515822759125,0.6549064723555705,0.5451006736137805,0.644386511376573,0.966757671411506,0.9849492540145062,0.7478626274647384,0.8111260394143709,0.6259946582422384,0.6752078016995479,0.8587844526113798,0.8995866476492917,0.6851979996847637,0.7334643894417763,0.8698406165795981,0.9146124634292241,521
0.9007730138444583,0.949857057244228,0.7900217186550484,0.8770634579889612,0.45002786383417237,0.6984242472126142,0.3802900038948522,0.7288035794252475,0.9575568919265153,0.9809587454534856,0.6692756437500443,0.8523181062790376,0.49617417246224155,0.6917252546357725,0.8090501954349162,0.9155839667471766,0.5953342771331515,0.7211255296007804,0.8647344528694542,0.9024466560791028,522
0.8833734154395665,0.9609068328301241,0.764329484732352,0.8982049252845318,0.47191402700948043,0.7442498660952547,0.4465980300122709,0.7457318038682095,0.9559350125570056,0.9836347811061644,0.6824304695217548,0.8639250184108274,0.48660875289645916,0.7646547209896586,0.8112537898703973,0.9231532795970165,0.5376713468492221,0.7866416005592882,0.8016712120034637,0.9125708820027897,523
0.9283908977168043,0.961662810745933,0.8551925699383738,0.8993151740504148,0.5943723902342523,0.7157449791228795,0.49129712021492955,0.6626943147908703,0.9708809459497093,0.9833750323605353,0.7427268575660846,0.8420369981494139,0.5298003494566118,0.6443550893523767,0.8375406121341632,0.9028217240108807,0.5819011786016076,0.6594288134819887,0.8327160800014295,0.8712286445046351,524
0.8018966842203656,0.9902556684763161,0.4000400741662497,0.977627668156678,0.13747458361242504,0.9351796687590422,0.13643278968947506,0.9079962628783038,0.8010132195548434,0.996615139069621,0.18488024171263792,0.9531656336219001,0.24068907947529578,0.898303611211156,0.5067456555219895,0.9680168054148153,0.40929536460199806,0.9055610484838458,0.6731375768441313,0.9701735117860059,525
0.953884349221216,0.982396356351516,0.8743096954798768,0.9577182502601966,0.27862552601985385,0.8866188604959532,0.22173675963861753,0.8732609076766997,0.9701772701865188,0.9934589877684898,0.38637142016624365,0.9318765157397846,0.22825005274686733,0.8638111458864011,0.5118982103459422,0.9588239248341034,0.2679741709037083,0.8680514879205946,0.6992258552501802,0.9470522706213914,526
0.9221827132132598,0.9704553665750317,0.819965028278188,0.9236638332983468,0.4540162148552849,0.6547637220020402,0.45172234586196125,0.6129229556240251,0.9609460148039758,0.9874359581063757,0.6502678634229982,0.7952014702063133,0.5411589670698946,0.6530917162931119,0.7900180852796178,0.8823224243709626,0.619201141788494,0.6978019839299734,0.8437815989818711,0.8863928786906379,527
0.9612093425757188,0.9763917138971978,0.8830923700199779,0.9247414246687231,0.16113462473854973,0.6473158410776036,0.07483551708765104,0.5788184337750384,0.9681651783160087,0.987390732629233,0.26517254952888,0.7697370522681664,0.10881133410948907,0.6562319090402995,0.40156404614787805,0.8659904677513015,0.17732017218283008,0.7251293539838808,0.8071678624187586,0.9157693688757614,528
0.9172408154931453,0.9674983869577766,0.8378934459233914,0.9190609561927352,0.5829594355128052,0.7441967652412025,0.4744052983411263,0.6380439982496686,0.9680063047711889,0.9876056943765326,0.7348291625270699,0.830086030044781,0.5099457153029576,0.6379699851971614,0.8336475200943465,0.8899097157701463,0.5707979741349759,0.6774114818116694,0.8467501006344221,0.9509128409731242,529
0.7196666509249977,0.9797493795415435,0.4132102491726938,0.9511935146481596,0.13219196365653035,0.8246530891881486,0.2736931169947371,0.7326245043988504,0.8803434810309194,0.9920471778168028,0.5124879778863558,0.8720591080984117,0.5521552751341932,0.7221590556502507,0.8001947926252331,0.9121863135280186,0.6603594737556974,0.7458871882319406,0.7694250858187991,0.9153867346609939,530
0.8175949794714731,0.9827703944691488,0.6232027233287023,0.9590885329337296,0.24489827611892637,0.8633869682853875,0.18927206321847698,0.8295968929319318,0.9398675149082248,0.9933688262572867,0.513547502913859,0.9162185996168657,0.1939327761649266,0.8135246950155656,0.6970610272513326,0.9474753885867573,0.2258550560431901,0.8203643590616871,0.5644832989218124,0.9313677124571972,531
0.9119551285904721,0.9764849863837469,0.8231366289422739,0.9361411606366222,0.5579874491601607,0.7247687986989395,0.508773259198477,0.6565713685420974,0.9637449261208385,0.9885008964513339,0.7393564728312676,0.8390571561191388,0.5840950681360216,0.6778598813325521,0.8470091598544368,0.9056303344349209,0.650823340910486,0.7249607479897174,0.8698568299717828,0.9088559466159212,532
0.8919097863634567,0.9709582006511807,0.7696653429827931,0.9260527741028277,0.47109547929908896,0.7051437049240149,0.4290739982783639,0.6217848583812315,0.9624913233746542,0.9876969399302744,0.6895962059678128,0.8239075790168933,0.462410356855523,0.622184661041455,0.8148542125278799,0.8976143444941249,0.5065189428957312,0.6567954471734655,0.7733868251353564,0.8646254950360412,533
0.8880366742027769,0.9789449112042589,0.7687007063494993,0.9523177831424399,0.5312995679751206,0.8220686516493043,0.4681701741887921,0.747538820363295,0.9645453644100919,0.9913385656030123,0.7193644925616265,0.8682003680339709,0.36566535338480305,0.7431436036930779,0.8143632456392942,0.9095541558724827,0.33746591755791966,0.7698363557214485,0.5771313996641655,0.9315743465711397,534
0.9029391498291511,0.9883630980966235,0.7990624660542193,0.9683001375062481,0.5034169185809743,0.8121438011290896,0.4620174676966369,0.690522598480695,0.9590207709283741,0.9945459961971422,0.6892777885539817,0.8651037888502507,0.49830530722870414,0.6683203589280542,0.8084248027616351,0.9029227493224484,0.5474063057734433,0.6887838537386286,0.8012410257464887,0.876339131830121,535
0.9188590732710126,0.9765699084451666,0.8497780664692456,0.9368459134913437,0.6777086561827715,0.7992259110644996,0.6516468000489818,0.7384604002979507,0.9671493514685161,0.9905371731855569,0.8010050036665082,0.8641711477376826,0.634643336807011,0.7022773063746416,0.8711854584618793,0.9107136472973066,0.641658739693295,0.7067800985245439,0.8241188437555578,0.8807134116815492,536
0.9002128652189529,0.9832325471738108,0.8005400993076915,0.9534906639006457,0.5673372517317198,0.8357375307736254,0.5732032676525836,0.7633214390127788,0.9654027685857366,0.9914517144792404,0.7760155749364286,0.896733987516143,0.6452459000578105,0.7479100618873487,0.8761263237723637,0.9323516094246203,0.6868691689010369,0.7622277197048197,0.852277351956386,0.9077612737023139,537
0.8054726871371668,0.9769380323480957,0.52450940561245,0.9370489884846445,0.1773761810792593,0.7597165818241955,0.34158117255793535,0.7235919888908046,0.8900514613661498,0.9884229413025195,0.4814240832922218,0.8293358731398606,0.5135214752241393,0.7471699127164502,0.7520033540765446,0.9095815152470207,0.6145878703844441,0.770276810805506,0.7766804139010877,0.9245819752309866,538
0.8739814619797414,0.9838731774617666,0.7523798281476511,0.9553660546051502,0.47168007786292765,0.7707975967077769,0.41244381604332886,0.6962495105709293,0.9553884727643155,0.9926190184186796,0.6927533877124697,0.8462872745268808,0.4666843047327296,0.6738269167327978,0.8177429673887332,0.9094476027621496,0.5260598188081625,0.6741104092759443,0.8008689256423616,0.836127887172082,539
0.8147619312709781,0.9762869364207016,0.4000687465035682,0.9393307122307442,0.10482625631765184,0.7713129675055078,0.22466526498834416,0.6787710298534103,0.7876794574375263,0.9896444861576409,0.2013320746986772,0.8451570482485855,0.4221038278664033,0.7117477018287703,0.5680775754348113,0.8999612536012226,0.6009332906247495,0.759590844360002,0.6394204940182858,0.9137472851931508,540
0.826572088162511,0.98048078560464,0.6241265491981991,0.9492739457380343,0.3375662335213392,0.797540425859322,0.49728965654758733,0.8239340176211781,0.9300343015702709,0.9918664329233917,0.6628701864129697,0.9047527714557418,0.6297907047241466,0.833535820419653,0.8426526371846753,0.9482897412848419,0.6707994667892123,0.8276664773217138,0.7961697139803109,0.9103433202261083,541
0.9296423440982875,0.9952435127063212,0.8412972019923323,0.990348376504685,0.6905186512588792,0.9906141735742202,0.746517465572214,0.9881188425512615,0.9744645769671654,0.999031022019106,0.8335005856593024,0.9945178220293758,0.7454364469011919,0.9771363723746881,0.9061581309769285,0.9950149165730544,0.7480341981787966,0.9721155171296328,0.8734179446174446,0.9875746063857543,542
0.8660007186655245,0.9730791062013633,0.7647126446926656,0.9340723928505076,0.5901967281624363,0.8068789164503019,0.5283057427505896,0.6921166931419639,0.9644020849489372,0.9899703422009157,0.787628796922193,0.8672985424694534,0.5209110498219075,0.658127619372511,0.8696069879479386,0.9079910940725453,0.5444237372933595,0.6675899685477991,0.7852968951503793,0.8696630603183888,543
0.8650016686124581,0.986411628005802,0.7498012561655271,0.962138935172443,0.5262355133764027,0.7460089714968134,0.47288766815289585,0.6538112312249147,0.9550936595439368,0.9925628061537243,0.7025105584544263,0.8418380781192295,0.43134651568803595,0.6358122387677019,0.8044459979236621,0.895060303792418,0.45031803996437547,0.6471110329398676,0.7558953058023254,0.8619158991730382,544
0.9084452840646329,0.978611152455127,0.8331315092280231,0.9421175829486687,0.6192553755441178,0.8157618390979613,0.5003744196792292,0.7112067770003306,0.9685424601262826,0.9904126441028354,0.7571907363763142,0.8812684036009127,0.49455110769745403,0.6272391198186994,0.8410887711428244,0.9127658175832387,0.5318442157898573,0.6258611359758108,0.8083378935679804,0.8347401867441074,545
0.9143987752828471,0.9888576938352373,0.8475857635679849,0.9678807230216327,0.7034631269224704,0.7980570996612373,0.5705740397690289,0.7197106160844654,0.976462534502299,0.9940862972217381,0.8145076997574521,0.882094971372285,0.49841084512860157,0.6541401942314119,0.8682637980881968,0.918477959430204,0.49496430300577177,0.6645492473813075,0.7474015719756429,0.8520269388744977,546
0.8899932282288398,0.9874237353913004,0.8051317074144253,0.9669303174621371,0.6359198461048254,0.7882488479723704,0.5184665052397163,0.6411690001148819,0.9674850349613677,0.9941601866510408,0.775165917256648,0.8617654644986809,0.44759356527949384,0.6143828830935862,0.8451969497375258,0.9030250063088645,0.44723883990850566,0.6372205728886488,0.7218497618900778,0.8533359067385073,547
0.9213888304361021,0.9842338781896194,0.8667229832913756,0.9578867565223296,0.7044610832695773,0.753283972967825,0.559919289513964,0.6329406678601059,0.9714859171325085,0.9925735966722391,0.7989376085872941,0.8359016183452479,0.5073788135406706,0.5635496190979853,0.855752221784739,0.8837762996233638,0.515823282886626,0.5610694424209893,0.7749379057912223,0.83975374609862,548
0.8987523611875551,0.9856834713081541,0.8021429291969508,0.9593081770854764,0.5393647740292258,0.7741170245606924,0.49196298318701254,0.6567693243978168,0.9612952972305184,0.9925247233840362,0.7355869690355696,0.8432455413339376,0.5115473092535574,0.6228261609640615,0.8396888616054023,0.9000578328385767,0.5390150711472622,0.6443156228834654,0.7554751836588217,0.8564572048043695,549
0.8976579504610858,0.9870198674632191,0.8161101950485689,0.9637502091723343,0.6603999745929319,0.78959234685944,0.6001432564174505,0.6923636384349876,0.9642516520146237,0.9932452641129127,0.7866443296654739,0.8648851059709974,0.5333104947995131,0.6004045436804423,0.8529347611803322,0.9058886632731316,0.5265468394639669,0.6108420740965264,0.7688325691521399,0.8411224440097621,550
0.8987958077218874,0.9773349875498968,0.8256778132657387,0.937409848296046,0.6483708764242249,0.8085574093741129,0.5696124773518234,0.6661693791262949,0.9619111897143955,0.9914122915385962,0.7813687966727908,0.8775388649557067,0.5477685795740556,0.6389778743819474,0.8540748072061559,0.9179501203966777,0.5697228026326335,0.6609723917107003,0.809037803029103,0.876184993687285,551
0.9078358449832464,0.9675644317053753,0.8427649075845285,0.9211311108040775,0.6668528634710957,0.7435080686099723,0.5657614812316207,0.7032412067948139,0.9625998706563017,0.9874968768923348,0.7778947425372386,0.8482339578637555,0.5284642607985679,0.5914422378043194,0.848040096954747,0.8824797368602613,0.5448534990044772,0.6430678543447342,0.797295454869772,0.8789756569737218,552
0.931596276547641,0.9759319284079419,0.8908525363664638,0.9422750989962274,0.7479313059390572,0.815287514435453,0.5668377704272888,0.6308790199346825,0.9756945695283441,0.991448459659098,0.82856376799475,0.8710236999541272,0.5253609930191723,0.566225529658076,0.8769615299269973,0.9059018719805022,0.5363773611736403,0.568827603444987,0.7753284554633513,0.8312201641639176,553
0.9386980909651753,0.9843667472599922,0.892050594315735,0.9569323737275808,0.6605121747870939,0.7867551072270558,0.44566469453496393,0.6344377471675866,0.9749391701591038,0.9925437728136116,0.7743201831873633,0.8670821310156079,0.4757110371989137,0.6567914973774333,0.8490414863365499,0.9154465069395414,0.5253846600141061,0.6900948794768109,0.7981454809474289,0.8829946215269364,554
0.9084701359526669,0.9682049607058185,0.8344420028449709,0.9237982969973182,0.5574507708558519,0.7140386130524761,0.3857055181765895,0.6132398690747699,0.9616410966828635,0.9882291715278007,0.7206472800405046,0.828592826441117,0.41404613310010685,0.6202102113375281,0.8175190181373263,0.8927126366419117,0.462461855772443,0.6475217855842084,0.7510973446299444,0.8416670949604881,555
0.9185692682890643,0.9786025459937785,0.8622752809445356,0.9460706425478662,0.6842019499410712,0.7509059841709487,0.5899242758120876,0.6668070607685199,0.9682781518836585,0.9908467790640934,0.8031356196681619,0.8450051319785831,0.5809999039196222,0.6456897074367399,0.8702451088246894,0.8993174724344933,0.6025969888515339,0.6605954483554041,0.8136598890331053,0.8756310527924172,556
0.9116598906653129,0.9701921752043557,0.848531714431173,0.9246744987644986,0.6267787153350617,0.6885639851952837,0.5194350218594888,0.604989964483109,0.9617760893266765,0.9868101683104403,0.7588277391418351,0.8028729369387458,0.5285423041017314,0.5961019307661679,0.8406672684386255,0.8747006669379201,0.5650557217707403,0.6327493202351682,0.8087768239728885,0.8546368529724443,557
0.9314387207990904,0.9779896463737022,0.8940942550146727,0.9518671321353787,0.7498752992889262,0.8410049214334882,0.6052709548375257,0.6835294474761219,0.9713198159236982,0.9933959831488968,0.8282071141681484,0.8808539649898478,0.593941820357221,0.6553954402350464,0.88063363266747,0.9148044887125643,0.6192397021360472,0.6755454098598167,0.8386787049384494,0.8756670014693281,558
0.9228269688292723,0.9773685056966005,0.877289609454838,0.9410485456863181,0.6878402151839271,0.7622178503831246,0.4942836876381423,0.5506560497779692,0.9665668753519746,0.9900911533982173,0.776161667932105,0.8238150543802387,0.46999159309310284,0.5352473915875678,0.8402623044633037,0.8724931390403411,0.49619172796561367,0.5853299066732838,0.7780433913877629,0.8201607048005098,559
0.9310718759952721,0.976180955246429,0.8860772038626225,0.9389535732236293,0.6797952689644963,0.7467942675721139,0.5269899991881316,0.5812009064376372,0.9684077349864462,0.9893914876760156,0.7698626846943831,0.8111976003564121,0.5281148725854012,0.5837955996995796,0.8409623654477659,0.8695132432677324,0.5703913392337009,0.6353140197037398,0.8384861265307613,0.8896061215435378,560
0.9141219556716894,0.9803597873872151,0.8444278771053038,0.9486459233462085,0.6059710480303915,0.7439820433195311,0.46362315098058704,0.6181181898289427,0.9665215589547437,0.9917326997245167,0.7359041847033007,0.8331884457245573,0.46252013456086677,0.6175762586064556,0.8223020384058274,0.8886829709603529,0.503689267432742,0.6476445365816219,0.794571364499312,0.8587702875213211,561
0.8859732591575838,0.9727190379421761,0.7972621496359348,0.9363105907766623,0.5466031423980873,0.7071306216319995,0.4189875892135239,0.47015932521148984,0.9557519115943833,0.9895666753853122,0.6911069974653515,0.7874201076223065,0.37949837318077195,0.4623736329226416,0.7846136175606252,0.851221481337289,0.40089463819596943,0.5023106556782737,0.7260193291722392,0.8043981477078164,562
0.9001984971903267,0.9780475857779756,0.82440469114665,0.9409735068028593,0.6330971135240038,0.771865921609376,0.5292681521639307,0.6846640189974784,0.9664878012542478,0.9898092825210965,0.7781007150689376,0.8466801534086662,0.5096935162034173,0.6352477996844078,0.8534991837655864,0.8974569063289262,0.5299349139729728,0.6623597884259118,0.7756086049818471,0.8672407851135109,563
0.9046338311500792,0.977550181586399,0.832203421419551,0.9429727665177069,0.5582235905937086,0.7508734377596362,0.37328310667745,0.5320991570773933,0.9606941312883979,0.9904615011769908,0.6822070148250127,0.8299536962235357,0.36328471110794347,0.5610626933757074,0.7795501160934744,0.8841323741287243,0.4106853048041592,0.6158512802491964,0.7640135627219385,0.8651799434511482,564
0.9064430315630978,0.9800941954164304,0.8304001433974728,0.9484499570340094,0.5374852567355453,0.7355396713874927,0.3778630714372521,0.5226679049757547,0.9569751559275528,0.9904814250389827,0.6912518775439934,0.7978523701860197,0.4076436829117122,0.5346626308672531,0.7961910507137907,0.8585264830153414,0.4632370361490418,0.5861750846434594,0.7797664924648507,0.8698975717172731,565
0.8762980250119502,0.9862568064630648,0.7323040442507444,0.9679118930438093,0.42220856308697324,0.923323254464068,0.4242769171468785,0.9274396362432032,0.9536776885861283,0.9952722498419659,0.6541164148331228,0.9588479703714532,0.4727632539822862,0.9098791722752434,0.7995021555489795,0.9739522533271804,0.5248579949514733,0.903499755711929,0.7846340448774528,0.9575972367512399,566
0.8960864925633271,0.9764221393506199,0.7861817203850975,0.9372980806229378,0.4681642622572473,0.7676928762270369,0.4327467595665787,0.5615738659900918,0.9586761045121528,0.9907305220543737,0.684047617773053,0.8464978821956646,0.4907132512762711,0.5654417593219423,0.8116942499128253,0.8969631464632372,0.5432476702198913,0.6138656327720928,0.784169633986851,0.8349215754292345,567
0.9236749517471613,0.974957767088588,0.8679237915737432,0.9350071244590203,0.6313963916503661,0.7163293833801277,0.4690353027489454,0.5343546465102745,0.9648996058003805,0.9888559906263891,0.7588893461967603,0.8091051598761596,0.4945223944195022,0.5552280221302961,0.8421768437763788,0.8777493353743518,0.5421727407337185,0.5983768739990127,0.8020869021892015,0.863155299051658,568
0.9021058843696089,0.9732807925898388,0.8209338418097208,0.9332411515790513,0.5279044138653864,0.725338315248254,0.3716245885101581,0.552953202557652,0.9583127032273853,0.9884766224868906,0.6838268528343525,0.8042543210284545,0.3836225756307325,0.5746313894942083,0.7904349733885557,0.8697720079828838,0.4321300332083923,0.6297409801250382,0.7554671654531887,0.8863780612385703,569
0.8973963108854515,0.9695061028258135,0.8178849524698555,0.9161467422135607,0.5186738623390987,0.7089280783597568,0.33916575877893934,0.5107790111062214,0.9558660231768411,0.9871153386556591,0.6690723643655051,0.7980325154991298,0.3408983083426976,0.5244790244295844,0.7732973552629956,0.8635167899436346,0.38829467911364,0.5735083880678633,0.7351194530293446,0.8376895088217732,570
0.9198901052449244,0.9722484087768891,0.87130904486518,0.9306527290080107,0.7083871546622278,0.7734249550508855,0.5736516723735542,0.6317574191405209,0.9679595548308627,0.9892329242850699,0.8166339290337199,0.8590508569371119,0.5756410050036421,0.6179512740110928,0.877997222814849,0.9079187209495541,0.6041919665804719,0.6412471870947088,0.8169311565113397,0.8700684516371064,571
0.9312262360147253,0.9821053597817775,0.8809530315076928,0.9566809342754549,0.6865540347006943,0.8450855859197933,0.6182932704973788,0.7629102904299644,0.9688253054488728,0.9929811515297777,0.7963301066274261,0.8899488935613706,0.6347096556504378,0.7591970852315605,0.8673144367407629,0.9261018547525596,0.6693773310591503,0.783172491714073,0.8633207797770642,0.9290817308413984,572
0.9297982729982328,0.9797543986765223,0.8780621430635559,0.950913933364423,0.6260944934330785,0.7677115779218565,0.4344051357989281,0.55199790940719,0.9673132634068804,0.9917823071089928,0.7249993225066002,0.8257375781473665,0.4382901101497148,0.5399657319826648,0.8075893448303446,0.877920017881413,0.48914927355592214,0.5788483939559559,0.8128660266560535,0.8508305748577466,573
0.9119794053359163,0.967553858540872,0.8512892967519662,0.9241331025371722,0.6681393948000782,0.7209676780499543,0.5187853680006788,0.5963149924139504,0.9652452995687423,0.988155420832836,0.7662674281371701,0.8035332567853823,0.4594108193272128,0.5872512083600859,0.8307121123433298,0.8714352467731473,0.4690107472076735,0.6216273186639387,0.7557449817654396,0.8451315035684778,574
0.920849626909679,0.9721871431825237,0.8611748161802758,0.9349728938684317,0.6607812983889654,0.7262200935988831,0.5608273220291198,0.6366481615403085,0.967602948031955,0.9898893478641608,0.7817503739780777,0.8268809759871062,0.5618964151195704,0.6262437075301434,0.8555554120576044,0.8881509572154386,0.5940412383574203,0.6511462643203267,0.8229095815197016,0.859650946318969,575
0.9003913133236251,0.9689647810220312,0.8120633865414919,0.9187931710344677,0.5403450374108277,0.7250452940856879,0.44751618150486033,0.5335094850635547,0.959637324287933,0.9878445616171777,0.7133436182850845,0.8140852499257614,0.47987366720884267,0.5407717277248894,0.8195899755893911,0.8726272259494536,0.5315761194379711,0.5806222555146053,0.8027637670280687,0.8275985874846099,576
0.9135587078492607,0.9686290895088528,0.8479879196155051,0.9197296241723119,0.5879919481287849,0.6782748062747033,0.4182525963446835,0.5092588982777327,0.961875672359562,0.9868094921162207,0.7273813727201608,0.7862811089244098,0.43064364502301516,0.5442755031485889,0.8178142829643914,0.8602337850510862,0.4730888604512955,0.5907854648232771,0.75738513140666,0.840147178377039,577
0.9155442482661493,0.979227404200717,0.8331289400927588,0.9403462093535365,0.5338329404711191,0.7376073586300717,0.40095518636059907,0.566008612639153,0.9655716564310843,0.9891313543787642,0.6732572596134042,0.8227506368008429,0.40336415502451434,0.5561364403377662,0.7787695798784481,0.8789019893724492,0.45157841927629744,0.5812461329273256,0.7860652204182966,0.8413203586050363,578
0.9288911133922482,0.9771177050294412,0.8702240441287429,0.9363461368992827,0.6109091583432245,0.6867734123001931,0.47156421198693055,0.5400036847234644,0.9696516933084819,0.9884065111144316,0.7405568390021593,0.7856554888648538,0.5111842283380239,0.5700824484973194,0.8306557071207328,0.8642332799803376,0.5683414148686069,0.6287081253169545,0.8343272088485599,0.8752397452987677,579
0.9142696468915789,0.9765434266639351,0.8346458056993132,0.9391277747376405,0.5567796749035627,0.7054525186131001,0.4610951010041152,0.5108824232334949,0.9636501334653655,0.989757554325241,0.7194898327437479,0.7945647174715372,0.5094391958357984,0.5525626938297162,0.8249656016278574,0.8650141969883122,0.5697369411293207,0.6151740836410744,0.8295647877962066,0.8614701177053837,580
0.8968190371400995,0.9758413754875644,0.7938693887450423,0.9370022289094099,0.47052116939704847,0.7060136973013071,0.39774169148107374,0.5841539239715509,0.9533237176522856,0.989310975359913,0.649981931817557,0.7876436435261972,0.4297938532749736,0.6137999662028645,0.7761227763366724,0.8614740613269072,0.4873933222066022,0.6627228495393983,0.7912568116498042,0.8814345286158248,581
0.938989770149965,0.9573523112479329,0.8731140621676917,0.901851043945997,0.7189569995217798,0.820413865344551,0.7142197545665883,0.823142883456669,0.9799294996120445,0.9875180840725916,0.8449599474146795,0.9041897382874287,0.7333696379368246,0.7967951042274575,0.9098198668670365,0.9411383338940192,0.7571475830467761,0.7927331867781882,0.8985704618143745,0.9163408799564866,582
0.8973118149672248,0.9484328884351789,0.8022841734992755,0.8934605778221331,0.5772794666118727,0.7628428804010315,0.5693823459809819,0.6983593390656411,0.9670000825017313,0.9880022668893542,0.8009462842854602,0.8904495525764078,0.706432928033044,0.773997553381053,0.8999292192618227,0.9402386106538116,0.7754217839397847,0.8279135190202337,0.9128280622421584,0.932310442463249,583
0.8871587734334744,0.9212377160376585,0.7915675529926858,0.8300672823189924,0.57555514568268,0.640855093762738,0.5532909065324756,0.6251210596113069,0.964804800652703,0.979081524830115,0.7964194025234248,0.83293571993233,0.6459718733964627,0.695303233848808,0.8912856095504492,0.9114855269149591,0.6975216579114596,0.7495460737530282,0.8587728843865867,0.8832830843888175,584
0.8873862539135037,0.9723580654539571,0.7497458789045679,0.9238565647177602,0.3117501547638297,0.6803637569926216,0.23989009462112618,0.5993350299164352,0.9481974745308078,0.9862339143345619,0.5318764593012077,0.8099313221956284,0.28983806382548183,0.6550371491109559,0.6993847761815813,0.8807903922914098,0.3586607312485414,0.7023063507402604,0.7200028501949609,0.8652870763040668,585
0.9076681184062801,0.9748094735525199,0.8306927004653191,0.9288021816862821,0.6263550367039378,0.7389549997532784,0.5469104479574511,0.6095468407569624,0.9645307025533513,0.9883862458407237,0.7730447994642582,0.827409162239972,0.5218865440604925,0.5766603352363862,0.851333667565349,0.8855360318490019,0.5315771108239057,0.6116319876441534,0.75564103792018,0.8506295016665325,586
0.9212740680456697,0.9712684295317202,0.8648446185077113,0.9275286452118038,0.6175242827806298,0.6980431272945198,0.4103820326331252,0.6470719484373644,0.9665267981024698,0.9886696946932291,0.725498633963843,0.7960738953833202,0.39953930993988995,0.6474213024939584,0.805932618332825,0.8717592142439623,0.4392443924388991,0.6769140397998316,0.7695071879018505,0.8665713650800201,587
0.9225845173556134,0.9692108815730939,0.8576487266118775,0.9241272221702196,0.6271049396503086,0.7099981796642216,0.5084189725482716,0.5728932293574283,0.9673544106256935,0.9881440730238742,0.7632737659934041,0.8152631059770756,0.5281486437972691,0.570358113098618,0.8451180110552744,0.8787400952009933,0.5662455465360579,0.6054513362765931,0.8077658332305169,0.8342708120122879,588
0.9186598358420209,0.974746691763006,0.8346602235605475,0.9304071160012061,0.5072686181041478,0.7280192605126184,0.3886720839683977,0.5279520573260371,0.9652011217853261,0.9893147141112589,0.6921676658891865,0.811436696723956,0.4616258068408285,0.5363624593198215,0.8091697925673575,0.8681842722073145,0.5312789570334273,0.6194726143756331,0.8074032710062161,0.9068023167971259,589
0.9312568383609259,0.9763839093074691,0.8757044362828204,0.9364273092396093,0.5423979271778213,0.6646483615909972,0.2896459890682597,0.4158007417176085,0.9673404475032411,0.9889570795556719,0.6574178402812272,0.7753102703357784,0.31476482963450625,0.4403602184657801,0.7579389394692368,0.8489811642181201,0.3785534662038306,0.4904833182642941,0.7687278217049907,0.8362567413743938,590
0.9001649958458243,0.9826379799440652,0.8020430716897573,0.9523923563961819,0.4554378000726233,0.7079836403035433,0.32297494702424207,0.4543575066859306,0.9582789480197155,0.991702261654452,0.6590505272972774,0.7936552337422067,0.39865354687413673,0.44007537818684156,0.7876990146796561,0.8547236689549378,0.47554888802932954,0.5185413277574104,0.7858291762887147,0.8246654063710182,591
0.912186161493839,0.9692500887720992,0.8202424965613887,0.9171245650408238,0.501650634302112,0.7417477578547202,0.3977786786825165,0.5009763214058626,0.9636530686872321,0.9891164066468937,0.6926314731774554,0.8315482275310956,0.4631708194692929,0.5238029544847554,0.8096745925202077,0.8844792582554223,0.5274944899723409,0.5889195481514145,0.7948237432328916,0.8293927226157418,592
0.9017575058813934,0.9639639034587997,0.835084995941112,0.9153355713719832,0.6703868320978958,0.7578308316077682,0.5141249737976481,0.5886526545625488,0.9658668140627618,0.9871644662121178,0.7785478767920516,0.8379362039025003,0.4393303151258551,0.5033240341467446,0.8406371855320574,0.8794463166608958,0.43853521123689465,0.5343725193494021,0.7165790842320743,0.8109352865026764,593
0.9519815810345443,0.9899833065324629,0.8922217567373525,0.9771466020237064,0.7095126064725529,0.9434879689856455,0.7161732587177879,0.9276359316910694,0.9794078097009372,0.9966494750051137,0.8254224032737005,0.9599554985302228,0.7476940137118054,0.9159181022243409,0.8973757640063075,0.972560826625158,0.7800138231870747,0.919429431726473,0.9120707749395743,0.9736436589674378,594
0.8957981703994088,0.9807343820342144,0.7856251118118045,0.959722097006336,0.48027474685195487,0.8602207146163124,0.41360963183849586,0.7300894245646863,0.9584091945632002,0.9940997412257172,0.6759606786879899,0.8680825033731523,0.4432959260663429,0.6743644188570354,0.7992203658015176,0.8957873162313467,0.49319214108953435,0.7002744110812489,0.7788325396206017,0.9058916426488869,595
0.9207751800355439,0.9777802178117742,0.8591046733078597,0.9418932624890352,0.6072045261619893,0.7195032546158107,0.46210236518554443,0.579229947252028,0.9646565206266823,0.9898242003882836,0.7364562962263197,0.7915978116906824,0.4883875349630626,0.6033062172228739,0.8241941450544249,0.8530482516330098,0.5429419722857628,0.6436272894350366,0.82404165857783,0.8668909852079352,596
0.9048524652706338,0.9748336604772789,0.8113786537212367,0.9320024712469602,0.4606354958703421,0.6910263228686798,0.3335118025909489,0.5830106274386209,0.9571664238300287,0.9882621146998269,0.6303052688832445,0.7950423232364725,0.37493979941529854,0.583431916393764,0.7581778450261663,0.8733166609558033,0.4460335000125693,0.6212690709776593,0.7940177724827464,0.8612353568370861,597
0.890784241137332,0.9702193895459605,0.7972201568889195,0.9233312502785606,0.5576967899533267,0.6950943989347335,0.4812404958832642,0.550242352922733,0.956206456985539,0.9872665688498784,0.7332556045435482,0.7926068784865495,0.4690870005565804,0.5550461024444454,0.8282604276537582,0.860725754841125,0.48755223993167196,0.5863495194869702,0.733983227827455,0.8185932883748254,598
0.9017992949609369,0.976483720978693,0.8230477858195171,0.9375881775243833,0.6096836387332799,0.754780603249323,0.5250095825379147,0.5963206276999272,0.9628284332787829,0.9886061963461149,0.7529077776994404,0.8224372893618631,0.5161378503617833,0.5971729048301774,0.8387709754834155,0.8786168206747267,0.5460583131781617,0.646356586495572,0.8053588860421202,0.8849278825591675,599
0.9039827178665367,0.9739446399255912,0.8227166445015854,0.9325553399529826,0.5761945816507523,0.7189523523426729,0.46286322305740074,0.5983394235013931,0.9631157135185009,0.9888059700331066,0.7240247927729967,0.7997669424854599,0.4541081396635208,0.6033996373262956,0.8169783060179562,0.8629429756586371,0.4879860736571497,0.6423853630651075,0.7773697498185664,0.8667697379081093,600
0.9174564585029588,0.9661315933060378,0.8507983852082374,0.9212765106017812,0.6398876996960737,0.7594356715471647,0.5548744824531494,0.6335674776505152,0.961841150271507,0.9886843042484424,0.7718715680010719,0.8364590919761752,0.5659932360946643,0.6428691157363303,0.8531243020030721,0.8899077912658215,0.5998667604939523,0.6710038403480332,0.8218888413200003,0.8591965597171048,601
0.9122965873727893,0.9654839644703663,0.8435549116407222,0.9101231313238493,0.6271065585339937,0.6910991157716613,0.5213866084851925,0.6076545880658094,0.9634792499426561,0.9857228355948169,0.7574524328908302,0.8045341348223711,0.517085823651534,0.5881399332299936,0.8384146177857773,0.873238610555384,0.5480472769790146,0.6155622328218008,0.8032616733668084,0.8590730786452869,602
0.9174212825117325,0.971007880298533,0.846112592061996,0.9199158348893636,0.571549626112745,0.713389988697992,0.46859372535900534,0.5755804303146114,0.963571028415312,0.9859865624639019,0.724321144582303,0.7992477263330603,0.490217139618604,0.5722964253157441,0.821650874542135,0.8629020775670676,0.5313580262740931,0.6227985286341808,0.7851804435141999,0.8630732767569139,603
0.9138350051402497,0.9782452533673184,0.8477617019550608,0.9435632872780574,0.6133783468569471,0.7401554238539733,0.48953974176879683,0.5971527792036129,0.9636092195053965,0.9901545236388041,0.7454036066297477,0.8222749261784666,0.4893250554710658,0.6084629491830345,0.8303104131981098,0.8864298979335125,0.5237201492402221,0.6340813335642214,0.7890476878648265,0.8657034936999534,604
0.8852487885922402,0.9697042030385767,0.7814955326809848,0.9250604984565334,0.5014863133077461,0.6747146130148639,0.41325359951189994,0.6053416224739882,0.9578284283947129,0.9880099014644976,0.6913502942873724,0.8037588994673583,0.43112579590715294,0.6357483555035649,0.805239556186226,0.8828363563244708,0.4766287151844895,0.6716208565495262,0.7721519281626628,0.8548399137901704,605
0.8940961102726396,0.9750483084355014,0.7971945444712714,0.9326866759617756,0.5256404261495344,0.7010230827709234,0.46616802548213443,0.6630434593290769,0.955894759671894,0.98822192165796,0.6979193897056065,0.8225680412641424,0.46233410750767806,0.5583640901366606,0.8038219467076837,0.8773096809864837,0.49162505386593436,0.5730191869116119,0.7631991620543428,0.8228974071947758,606
0.9206558352067201,0.9649608172507935,0.8590978128826042,0.9048939893791477,0.6103451884171788,0.6978879573122014,0.4360555333715973,0.6137030350451287,0.967822842369972,0.9846971638991433,0.7535526478870189,0.8060156348387707,0.46781496011532825,0.6143031252206496,0.8391361073833123,0.8865943446591883,0.5161587790116086,0.6445537693769561,0.786971471651777,0.8388384835132481,607
0.9109127410325678,0.9730278374553369,0.8278169461832635,0.9249713025637287,0.5440500343985321,0.6814553681194017,0.40738075163475546,0.5505023006658979,0.9653538277014009,0.9859046340439325,0.7052044032335391,0.7884290270738207,0.43048013581497924,0.534779703996229,0.8083813713702783,0.8586419410576012,0.4815673428810258,0.5742201974575951,0.7839956716846489,0.8220957306682738,608
0.8635930460668018,0.9650925128660516,0.7213914269955376,0.9090905774280386,0.35391643085029484,0.6286396948491593,0.3075091750296885,0.5217160547014752,0.940356013003735,0.9844091498299896,0.584656620657758,0.7589505416828082,0.35297093956014514,0.5616492479861416,0.7422214576070186,0.8747957477314958,0.4167311564329421,0.599105882510652,0.7442739138299549,0.8532368825883181,609
0.8818443635507053,0.9669279314946541,0.7808400519420291,0.9125582064158416,0.5620208110520487,0.6752960930961385,0.5065619773765482,0.5888114259485289,0.9586290858703987,0.9847228652880303,0.736549008557265,0.8141486120111985,0.4737547980950906,0.5857328958366158,0.8294522838365872,0.886574764808103,0.48622580538143023,0.6173600414003594,0.7459261819103761,0.8252707858146545,610
0.916665606531893,0.9657662973027483,0.8472274477331938,0.9105869362206078,0.5576469259489951,0.6582184165906202,0.3813946168080348,0.5302584573846439,0.9644962934874287,0.9845790028258106,0.7075727794872456,0.7977150258481315,0.414907469618463,0.5577267345145601,0.80584693469413,0.8726542317407228,0.4717403885852847,0.5941582412114366,0.7814869113081099,0.8160859122591853,611
0.9292697200262614,0.9762014163155474,0.8745082043643764,0.9369746698313274,0.6817473061145389,0.7449329035113726,0.5829132731888506,0.6636224212650841,0.971139528722765,0.9884523136095701,0.8015817776096841,0.8487599049266162,0.6001958964936299,0.6691423692966697,0.8720174630747423,0.9060698953768275,0.634503705340489,0.6949437129492168,0.8421013786567881,0.8725487733659893,612
0.9035728554354442,0.9740975092800416,0.8116926851796672,0.9269975558552221,0.5391162188817792,0.7739821172156384,0.48323677825024985,0.6457327523834273,0.9616701552282547,0.9887598368552643,0.719236675043183,0.8328189599060354,0.514668962931432,0.6294741629223286,0.8251438584279551,0.8887386990824239,0.5575638580527631,0.6489985599620371,0.8014650894068173,0.8664833072509166,613
0.8922458985436054,0.9744592884262703,0.8049247581450826,0.9316786372743293,0.5575315393665297,0.6896305009967235,0.400276704343475,0.5240065825896935,0.9623386243792713,0.9877427266554025,0.6961635903017842,0.7789548740555046,0.3501701953285039,0.543710441654659,0.7867422445537863,0.849387536483722,0.3688871828577155,0.5920289504232303,0.7038808054533918,0.8584106569247699,614
0.9249722678988633,0.9748002391946315,0.8552689593469793,0.9341537295674929,0.6185158182382108,0.7085958662284606,0.5205337072557413,0.6367350668950279,0.9704221720156745,0.9882027335875792,0.7568724050234629,0.8129057959551754,0.5371224425501506,0.6167630652207716,0.8434118871199203,0.8786664091350141,0.5790198805722944,0.6375125917767865,0.8263089969904869,0.855755198567869,615
0.9105347598749434,0.9681848594909672,0.8399885914782659,0.9235906122747307,0.6407417185343057,0.7499105424418319,0.5666797498339733,0.688864895256144,0.9652914137146169,0.9884313028379169,0.7794706870428261,0.8424607384632419,0.5585507287951917,0.6720335112883016,0.8579410232390237,0.8962124660796219,0.579162826653624,0.7097302636461911,0.798317666228318,0.8766283700599836,616
0.90704918924953,0.9720348507349438,0.8280085867224098,0.9203668771560811,0.5956428398957299,0.7698929097757813,0.5564629824735683,0.6687601211776691,0.9612025174463061,0.9881820687544106,0.7586336844786938,0.8543457823581238,0.5829464537658522,0.6466143887300254,0.8521907194317374,0.9034063361590279,0.6192550408007713,0.6722062275483481,0.8203036826383514,0.860632936635405,617
0.9182735341400667,0.9610436151010611,0.8438023561055964,0.906258366249692,0.6833809053984619,0.7837708796257754,0.6420817984025463,0.7296582010851588,0.9773445037629158,0.9875041860531183,0.8373937367266137,0.8851182162004625,0.6454117732580971,0.735357280055636,0.9036357811127699,0.932244028171142,0.6602919815991745,0.7377345619882325,0.8308896598229399,0.8635963001468129,618
0.8798354636021003,0.9746019152580306,0.7600421964523267,0.9303093968289267,0.4552860273788709,0.7272265840232246,0.4226652486074534,0.6209201168163627,0.9549833574796082,0.987690796978977,0.6871209730228319,0.8293288382120895,0.4776766153035283,0.5997684740848117,0.8140553060156083,0.8930201788257306,0.5243443782448263,0.6602248080356266,0.76557427248439,0.8582373910073184,619
0.9062149702253643,0.972042449945204,0.8173795967557168,0.9271390074385442,0.5184583241122666,0.730943747893441,0.44535432687693766,0.561683136496344,0.9564306535006846,0.9878605604484276,0.6894193023929924,0.8316761293926402,0.48204458715732934,0.5898389308971194,0.8025675408311417,0.8880694478926211,0.5344710276410841,0.639042715281159,0.8004311095355278,0.8709809867001702,620
0.926000249138227,0.9687517566606026,0.8713769725232574,0.9223411706453236,0.6529087099601127,0.7278473380586187,0.44328758863290746,0.4969265558791846,0.9701252264687711,0.9885354830688743,0.7750806065293289,0.8207949635025962,0.4445916690236811,0.5185461037188849,0.847476927048109,0.8779774236082787,0.48001965917525374,0.566048003832503,0.7483245983954812,0.8305937086861761,621
0.9159274506572724,0.9695631487564563,0.8465118014150975,0.9229358622372,0.5939576631191891,0.7227722922774557,0.49899112439571414,0.609889208222661,0.9623281782470483,0.9873619979050541,0.7394603505669083,0.819791854595645,0.5411014691990543,0.6219996968304311,0.835171488541735,0.882325266024283,0.5988766640337226,0.6667821881735024,0.8455649171172165,0.8824227526259932,622
0.8586605383375963,0.9744536132445325,0.7276914201323051,0.9308162591552882,0.40620769827907816,0.6741046459951157,0.3232430127209765,0.5545112839348747,0.9464312325340708,0.9879976184247277,0.6477590162832977,0.7887796453603448,0.3582431820824584,0.5457680728333255,0.784503905162383,0.8628492489579107,0.4070423005583818,0.5780190730076226,0.7050164487873632,0.8283183014716359,623
0.8906714342725511,0.9770229405585996,0.7838592935035399,0.934266525148582,0.46239130846245186,0.7041413911626649,0.33754964887284594,0.5116739711775072,0.9583926183229953,0.9877703195857,0.6778720176526174,0.7884956147134385,0.41640460893681314,0.49004658252731464,0.8054776008150849,0.8462722713578785,0.4927954284503355,0.5461619402090923,0.7949554636108231,0.8257356375294985,624
0.9011583502372165,0.9762497942894308,0.7965499703382609,0.9374009684994512,0.5268638818996182,0.7512309860385973,0.47983032680018134,0.6542268725271729,0.9617982178852885,0.9891833855061013,0.7189365758752787,0.8317858852091065,0.5328902093787079,0.6217783713485865,0.8321632736031991,0.8894535328629551,0.5882888221024319,0.6440478144968222,0.8339948271154846,0.8821171447746516,625
0.9160340837202651,0.967382345850816,0.836215431983231,0.921816952390882,0.5013795309358487,0.7169152202938055,0.34527061404105913,0.4837254479435175,0.9616017054159879,0.988768152131559,0.6665894556615356,0.8319124044811904,0.39805173449881676,0.5305039063841751,0.782478833376885,0.8938244901164544,0.4666512232001079,0.5826397865920824,0.7892485567540191,0.8456567805298183,626
0.9303169338200521,0.9726112601138477,0.877434147107846,0.9326494741216612,0.621793831868804,0.7428481386684089,0.4198436622032662,0.5613434132838703,0.9684391082328145,0.9893304381954704,0.7346696935365495,0.8280667955873495,0.4289013414509754,0.5631930111825543,0.8160552774315928,0.8846242811683553,0.47219374869511616,0.5957569175640147,0.7756833826446261,0.8436164033365778,627
0.905250481248259,0.9821764074084495,0.8255501080844484,0.9493738371425686,0.5108951722755765,0.7373041430404004,0.32531466575286094,0.6086020783354603,0.9600182257800934,0.9916025431168706,0.6596071454637383,0.8098995120482624,0.3287085127832646,0.5301870393738504,0.7666770863344508,0.8715984340270467,0.37574132261964577,0.5171590326099623,0.7293797479280619,0.7822329025583313,628
0.9303379149674379,0.9834027631658512,0.87411830932403,0.9517647767033679,0.6298102329845414,0.7948780108886169,0.4433595414600107,0.6497250784983033,0.9726072975955057,0.9911220309129948,0.7516535404031329,0.8638733028665592,0.44636632818049543,0.6074474486942436,0.8310145786656741,0.9051171321278272,0.48328428316349253,0.6156161336882616,0.7635871644286065,0.8474950096096013,629
0.9263257271115337,0.9891759057404209,0.8428551117880116,0.9752135599916708,0.6605080266804659,0.9286999307825468,0.6657956820772072,0.9111298930248222,0.9707954311900611,0.9960305712805904,0.7852378479800556,0.9519724162197124,0.655135184212086,0.9081247511226734,0.8649882590912213,0.9685957088043393,0.6730535389882528,0.9162037564057478,0.8706685642950998,0.9733510750445985,630
0.8679798016289536,0.9763510575115725,0.7636658117689901,0.935437166950126,0.5521582283217706,0.7516127286791369,0.4806705248858723,0.7019175740000244,0.9650553676029532,0.9884724891090599,0.770396312779978,0.8634516304175867,0.5007372775079809,0.607465406647014,0.8612711284736463,0.9043518241474583,0.5303738530287067,0.660754583458655,0.7641881885641559,0.8183290544946581,631
0.869057246203101,0.9808500456990519,0.7483174384052802,0.9448449876851852,0.4630380613409604,0.7238214450332296,0.41073491685926633,0.5909060764819019,0.9500445184843526,0.9895526848495141,0.6790862646972028,0.8152115356424549,0.4583821642774148,0.5810553777061949,0.8063480950853569,0.8818432024007861,0.5172809800816528,0.6113507432202143,0.7987450854093976,0.847497293378431,632
0.9235242256927348,0.9640616328814057,0.8663870569362901,0.9093721389857349,0.6788858289019646,0.81197987163213,0.5442979722764468,0.6455004767745557,0.9721756778802734,0.9899812788277944,0.8027358074338765,0.863654601084356,0.5596209603000359,0.6126904225287595,0.872137634592228,0.9000752759615933,0.5986296968006694,0.6736963129988673,0.8290277854358544,0.8600592917781772,633
0.9076006842136514,0.9745025362430764,0.7978423554785371,0.9451968451162266,0.49601436574277263,0.8351724892157211,0.4449023887800424,0.7365396287135212,0.9580684707565024,0.9920317906746238,0.6663170641586247,0.8706913098341615,0.49762973926285486,0.6908556872352104,0.798012980259201,0.9083210481359164,0.5805499011923922,0.704478792824733,0.8766464278540399,0.8948074231888864,634
0.9048550339029678,0.9704792854583728,0.8349707025719706,0.9207156687631987,0.6272975422889796,0.7300452758733977,0.4937569202011581,0.5415948685483882,0.9670992966908253,0.986441237485085,0.7628360334179305,0.8159960797667873,0.4925422496929587,0.5344252606849007,0.8438889637176398,0.8693858446676498,0.5323396182821514,0.5836925261132393,0.8086912125044388,0.8683492812714722,635
0.8924071902417935,0.974014847257596,0.7982601304802094,0.9321380026468029,0.5092666732423511,0.7374089096583648,0.34033455869691787,0.6309971899889518,0.9632599441502595,0.9885722836567015,0.6990847789467245,0.8303979355589951,0.3690704270217198,0.6536923060882062,0.8076679431562893,0.8892834876623802,0.4221192603754708,0.6916206872503509,0.7399021964335689,0.8799322322539667,636
0.897697398792548,0.9774892235820758,0.7998205084889476,0.9323463124396248,0.48117388993445914,0.6729108447287605,0.34977400495701255,0.6062706169500223,0.9579947970331937,0.9860503539407228,0.661179058938049,0.776300467704013,0.4035595934275763,0.6617843003875976,0.7866411781626532,0.8675364970789526,0.4839847588243809,0.7148003403204118,0.8216155691889868,0.8862329287288702,637
0.907369316184613,0.9707370100952338,0.8345791197666799,0.9183011438738421,0.6010944924667254,0.7570579859617012,0.44463676897861654,0.6445910566523161,0.9679900374374674,0.9875043975755554,0.7490417698309458,0.8587256505242309,0.4695313084307414,0.5906515293480643,0.8386044803003145,0.9047261071306214,0.5238873067923654,0.6149201562233986,0.8155311451848319,0.8909960405188112,638
0.8683469090031526,0.9729259610177323,0.77587095500414,0.9394127862346517,0.5770828115363975,0.767731914207611,0.45535235727937523,0.6827648962497278,0.960987323501136,0.9880824065750878,0.7405074123007895,0.8447147331397515,0.423242397887228,0.6980113791367429,0.8277308953140169,0.9080021638003162,0.45237074112217734,0.7374719123007145,0.7584862295813194,0.91172296169107,639
0.9169135957401465,0.9818678456319327,0.8514225684931332,0.9570200957387928,0.5577261729124999,0.8312901122352659,0.3277907091092629,0.6683901001217633,0.966941331775905,0.9934827265465461,0.6729947915232013,0.8916305180458577,0.31128871292851346,0.702418873496578,0.7645786546493901,0.9307009136318368,0.34918855404196725,0.7452104221154746,0.7266996307098701,0.9140841029561191,640
0.8925963291883035,0.9684455972505228,0.814446177461544,0.9225448372973589,0.6074862297933873,0.7397485980980639,0.48198557212885806,0.644170560133066,0.9615552665955198,0.9875436608407362,0.7460614495825586,0.8515074762601531,0.44964028161717157,0.6669909038644602,0.8287118698957774,0.9092533914454898,0.472606656867029,0.727980171252453,0.7624791757027598,0.9128546066868151,641
0.8952250802798809,0.9781421411344919,0.8164055909327943,0.9441314911378775,0.6196437977855338,0.7732732995387352,0.5309620380735608,0.6795081697274759,0.9628932150475993,0.9901788170478579,0.7675175890875536,0.8542827837149221,0.5136711273323467,0.6942620675203349,0.8496714232066133,0.9103523290858605,0.5376111087139783,0.7287904652819813,0.7909493366195408,0.9138528929677947,642
0.9070432519465211,0.9808945361261566,0.8333437030391243,0.9514142348842932,0.5875530245979468,0.8000701936957193,0.43452216801015114,0.6981132735311016,0.9633993380658661,0.991442090429475,0.7328103035926202,0.8541875167527783,0.4460106877874533,0.6992238081568141,0.8248050583180571,0.9035558889563292,0.49251882650736833,0.7307154764490442,0.7899824421114428,0.9136788286783271,643
0.8825649831383492,0.9734693975803037,0.7832447016270595,0.9316342008155204,0.5472564155391406,0.7571852438445238,0.4877394476206685,0.6907780511355223,0.9564797727441647,0.98832706003748,0.7301590083235716,0.8447179916724346,0.5076095705758832,0.7014345276597916,0.8321117818876438,0.9079948930600013,0.550211769791208,0.7335355441759374,0.8116527622914766,0.9071210111057477,644
0.9138253411577262,0.9684362640560759,0.8434947873672685,0.9185532556165472,0.62117247133567,0.7450154027384673,0.5158813658081175,0.7204657670594129,0.9652584278261185,0.9863589123372821,0.7586585567275758,0.8421573845878196,0.5290429184708274,0.7409457260797752,0.8451411972627781,0.9040357552256899,0.5721357279049637,0.77048714495924,0.8272988186051705,0.9122040981944307,645
0.8960049102821583,0.9753328016065209,0.810077778353182,0.9397878136324456,0.5640465854012203,0.7719928188370596,0.48812697298378216,0.6167109645734268,0.9591386565701079,0.9906995497996903,0.7352134040287663,0.8583315527136928,0.5279045581546958,0.6483893562460442,0.8369399278057248,0.9110570411627601,0.5839562221159078,0.701382888916535,0.8399818629283609,0.898475696891343,646
0.8990529559158841,0.971380324713799,0.822922559613848,0.929256363385017,0.636106619204817,0.7825378286096791,0.5637652528680578,0.6924263972375551,0.9650387412318534,0.9889042718912538,0.7918007785311001,0.8548668506802628,0.5831569916504628,0.7150009789267147,0.8711839444503306,0.9016057591686576,0.6212769228947536,0.7535475778750362,0.8418541229088671,0.9185214470898803,647
0.9062336685787574,0.9711911856294348,0.8282141722571782,0.9290083839440362,0.5808580981828685,0.788374558131053,0.45631039646271454,0.6432953089931567,0.9660050344598589,0.9902746665028481,0.7477945336497797,0.8472743069142833,0.49679513271878983,0.6475430535861171,0.843619328153457,0.8872544756941053,0.5506134464799013,0.6914308812035412,0.813891997268045,0.8951160289393064,648
0.894568882501167,0.9678830312243566,0.7986519117711363,0.9276551006360335,0.490300902498739,0.7694857381763492,0.37367451859789247,0.6528306154789238,0.9570651953181128,0.9895519118243378,0.678331323848331,0.8353657119859089,0.4304106398666515,0.7004104299764548,0.7996606660507716,0.8859989371885042,0.5031663048861756,0.7561611521172514,0.8148385050217396,0.932151287840745,649
0.9197610968643138,0.9689405286482579,0.8555456196296802,0.9212279582678735,0.5962087796697967,0.7515238150293658,0.435721877925192,0.6997731652952436,0.9662746736039497,0.986887462139226,0.7204589543954449,0.8425298326718217,0.44618715976965506,0.7108060542452288,0.809907265854959,0.9073521828848902,0.49778750186805637,0.7434546596023842,0.8141496893117778,0.9110675809267675,650
0.8832724685038821,0.9738866310546905,0.79054843161561,0.9306560641613421,0.5810504609846509,0.7461338146461263,0.4778162585244434,0.690876334592057,0.962608116607819,0.9876367998519702,0.7568307851812628,0.834562720252184,0.4683447809236388,0.7206849032583703,0.8460527421368091,0.8973705719634473,0.49691029615602955,0.7621278900588709,0.7625639016815364,0.921732481602195,651
0.9069338147637296,0.9709134419057631,0.8394533729924045,0.9354274676813543,0.6492265618248577,0.8036704642259812,0.5212673448069066,0.6754787964041816,0.9648972257894478,0.9911099503714303,0.772778667455115,0.8694419164149688,0.5056674075542782,0.7272851829219813,0.8487365725895776,0.9154904805166081,0.5380144387561581,0.7727878047694328,0.8071192477574244,0.92476250217863,652
0.9151447948178638,0.9713191959598799,0.8517087720518773,0.9184385807983754,0.6663307124133474,0.7940747079598812,0.5659760940071106,0.6452039604692055,0.9690229643899243,0.9888809656119902,0.7975473829042914,0.8638350372422663,0.5770222938132327,0.6725960964645161,0.8712947675596564,0.9083646244559487,0.6123875053443633,0.7268471812509507,0.8350654749711419,0.9104207955406776,653
0.9124589470475994,0.9691482988860421,0.8376413969759559,0.9336481309033106,0.6066486445007984,0.7803435466437051,0.5219699165368953,0.7102957286808195,0.9663470314496334,0.9879962029242867,0.7562073025825525,0.8520903762539358,0.5404578266022501,0.7179370587372591,0.8458166788298741,0.9049262859218575,0.5821598786626389,0.7523550118701262,0.8268774854311277,0.9129618969977464,654
0.9081726900082254,0.9721408123964344,0.8385188243873786,0.9315395832907635,0.6185464737673045,0.7878738373618107,0.5068180359731627,0.706401224303567,0.9671801800138835,0.9903461907755835,0.7717721485766625,0.8605471845687988,0.5475852097797338,0.7114762536154535,0.8588019568472525,0.9083748035924962,0.600692546899732,0.7408246982443382,0.8436311361902179,0.9163237842792689,655
0.908984936882117,0.9709815544741521,0.8366599803092355,0.9229915875655348,0.6050105155431905,0.7509744667385836,0.43394268170986133,0.6189655386975959,0.9671634901185212,0.9873856109158716,0.7370515896926592,0.8421790859230069,0.4119280198510266,0.6371401888605709,0.820929061783342,0.8948555749630028,0.44291771665851254,0.6822638778707115,0.7504469748245308,0.8980213615662043,656
0.8966852970036295,0.9701667590401096,0.8068018949977785,0.9342587843864875,0.5064610663309015,0.77297673498291,0.374928402745621,0.6870852781520456,0.9556081809604144,0.9864631073358835,0.6741414144296541,0.8428314906635014,0.4043296448426164,0.7054238563514326,0.788820421888187,0.900226017123202,0.46599333620193567,0.7484372326659253,0.7961134973319581,0.9227548788561236,657
0.9100089799939161,0.9738070008716242,0.8409863091001856,0.9315809148890762,0.6149221422319899,0.7600483448369799,0.501112585081997,0.6931987336425175,0.9648562064048288,0.9875611404288817,0.7575152763686043,0.8373197657682637,0.5335080167539937,0.7024209180397155,0.847380118897136,0.9079881314128383,0.590773881220687,0.7367841508433954,0.8518295489307888,0.9124421692135712,658
0.9217581793402961,0.9747614045645999,0.8694314001116432,0.9363662009325566,0.7352694645648061,0.7932463148361196,0.6444273771523518,0.724184650759573,0.9746810491633362,0.9899686866144487,0.8457795878385908,0.8816009287881753,0.6372720862728639,0.7348684046088874,0.9005494295172575,0.9229512831007786,0.6592442068993645,0.763382517242669,0.85119506958115,0.9141851103621274,659
0.9144385065764338,0.9741009784579656,0.8513517328420632,0.9307327194230905,0.6927157228820725,0.8104662935222925,0.6134235508500764,0.6726713919391695,0.9683776792861244,0.9903651924493301,0.8091064616751571,0.8815389034980782,0.5989502912877387,0.6967062198577795,0.8749922134480309,0.9181856057812953,0.6230192142117427,0.7451352015909715,0.839943895920636,0.9201448019080501,660
0.9187334788962417,0.9749401575021135,0.8549295478147881,0.9343584176705674,0.6620090647903254,0.7564322038600796,0.5807497186197935,0.7021799621305197,0.9698080671336677,0.9883987485931715,0.8118525345479698,0.8420983615784671,0.6418044527488229,0.723436173698279,0.8891906716763418,0.9069667844390285,0.6931296238013077,0.7610506395741338,0.8801592925467994,0.9238427972450648,661
0.9124325141905694,0.9738622795439933,0.8452330410826778,0.9316191323361548,0.6645124259342547,0.7793548291558398,0.5601831048671645,0.716471195846697,0.9706539433115269,0.9879805830941183,0.7969131791706471,0.8617542317987792,0.5529058664750829,0.7288376685906507,0.8681410020686018,0.9086958531154642,0.5808035314785426,0.7677624224177729,0.8181465018587937,0.9247661298974288,662
0.9133500522344185,0.9715832921781076,0.848779711096425,0.931000933214006,0.6477112352633397,0.7621201856877503,0.5731292403147056,0.6972654108851224,0.9657103681584548,0.9900324534397382,0.7933302180862088,0.8369406454818731,0.6093950172893723,0.7211540722033194,0.8737003626575227,0.8956862805587337,0.651010603565975,0.7620221974397777,0.8506927257965617,0.9254594882062207,663
0.9503703309497963,0.9791277834246477,0.9024588342742667,0.9523815509328363,0.7432817725944331,0.887243973131935,0.6754800584960098,0.8635363480167094,0.9815569596456941,0.9929954302023006,0.8276386986259568,0.9312359374912591,0.6771840666041486,0.8314933509471436,0.8878660473886196,0.9531635742963276,0.7128914800815259,0.8278041213285613,0.908017826024588,0.9376079453105951,664
0.7858411218628352,0.9709498749743066,0.4944936628315877,0.9270312603712493,0.1670287666778888,0.8253283375826986,0.2338100308339369,0.7917071024749387,0.8889445697182041,0.989240018309843,0.49903284443211854,0.8986389153866599,0.515411081885329,0.7358847783909053,0.7846064441962296,0.9307344966767953,0.7179439565133421,0.748226475515958,0.8983304091143491,0.9123615317063982,665
0.8474800889674478,0.9818247811264131,0.668042643633421,0.951896535605747,0.35913429295658494,0.7754668794256149,0.44141669992459925,0.6690550653497239,0.9375130199794846,0.9917115161240776,0.6442729648985829,0.8308565554478502,0.5460122555501384,0.6452108033322125,0.8150531421344619,0.8934760488003483,0.6078222735340877,0.6716330259107283,0.8103213332929439,0.8810290034616209,666
0.9256521828766915,0.9843647436074741,0.8605367605818459,0.9544745777755729,0.6581268213285424,0.858065235348646,0.5621635198387357,0.7577769667840725,0.9730908403971384,0.9912824662637085,0.7862184401235364,0.9079254075495293,0.5676690684119957,0.6948164793193466,0.861425219130862,0.9290132232856992,0.6006545554766468,0.7279500445190875,0.8304962683444813,0.8801695933313828,667
0.8987743349722219,0.987114412361483,0.7986951888010427,0.9682737469435393,0.5364129517980921,0.8985942742335888,0.5193434862425014,0.8693494485189746,0.9617381999069656,0.9947604300745944,0.7386624828303444,0.9302855374211252,0.5806479133629939,0.8677347439744052,0.8493623344314536,0.9549265668527174,0.6282792082585535,0.8824121416282265,0.8290699165770565,0.9639488902554061,668
0.9104493223207007,0.9710477323183506,0.8202956727160645,0.922947154191879,0.5407922800225408,0.7149693673339019,0.43551286129009814,0.6588527507819585,0.9667988593194862,0.9884644958239547,0.7112031133844537,0.8301190991805839,0.48506694538219863,0.6586249618103965,0.8215707470774215,0.9049267114746473,0.5537379064905806,0.686731475436085,0.8430792386708251,0.8829552518173438,669
0.9171256191901535,0.9714448541207809,0.8430983447058059,0.9288870073444564,0.6013110667248698,0.7877252865372462,0.4753648735391638,0.7221139754124162,0.9683677052128585,0.9893607590528668,0.7342355255451382,0.8792364995987061,0.4747469299976978,0.6791345859521527,0.8234885025172868,0.9206383761835482,0.5177947317219225,0.7097681392158831,0.8113592959958271,0.8820070506538495,670
0.905756913949862,0.9687597841001654,0.821315520420758,0.9198909077650673,0.5715635399047594,0.7782429353569885,0.48140472069478524,0.6722889487530321,0.9680388349663043,0.9894965368663984,0.7698906827636597,0.8849637146101877,0.5836684482473555,0.6693558384424976,0.8693100953468667,0.9295691601613376,0.6549617072423776,0.7213786154883264,0.8668827652077316,0.9239932407643158,671
0.9270877799498931,0.9631483097409139,0.8629587660514021,0.9107091176399269,0.6625969912580489,0.7309425245381025,0.5923304243253328,0.6642750545291537,0.9740191174923513,0.9859305816713355,0.8089697964699222,0.8582462343245157,0.6445527818238524,0.6902604869104224,0.8862243020387429,0.9152163320396247,0.6915687188964988,0.732540207917788,0.8748220299963347,0.9009357607395663,672
0.9067573149362496,0.972694409201284,0.8306507460279413,0.9295213331606922,0.6006258269097506,0.7857315139389535,0.4276577594459662,0.6477904163087004,0.9694315436555593,0.9902782604919548,0.7535419270279404,0.8496938181598199,0.4350659310003989,0.7264857577460807,0.8397374286313448,0.9167450428359587,0.47872447366631227,0.7756994818649883,0.7723408998211281,0.9026787195103586,673
0.8809076083452491,0.972993925808313,0.7910068830146942,0.9402984692084597,0.5351901424863615,0.8196422314762241,0.4008796933167053,0.7406223539653644,0.9530549333976902,0.9917400923829579,0.6815162567644585,0.8834919285536844,0.38166537944820084,0.7067636422925991,0.7835719391725723,0.9253122049126111,0.4234362159346193,0.7433677543687119,0.7680143421403393,0.9126989318872077,674
0.9152454488918255,0.9823319653563765,0.8160122278261613,0.9528890618904334,0.5331479020712308,0.7555512411588949,0.49608872117831104,0.7167760864892728,0.964037011185692,0.9910719910715079,0.7067451867013158,0.8557528893396545,0.5444707484331495,0.6861396019251759,0.823336440497973,0.908374522286708,0.6049000275465586,0.730546790457203,0.8546061485535457,0.8921093660021573,675
0.8872948629335379,0.9884381698221643,0.7761994509354607,0.9674781749318957,0.5057695438578427,0.7799629201581031,0.46727708687700686,0.7090384562680127,0.9593430885018878,0.9938974280881163,0.7266724954970449,0.8620213331555103,0.5361135045865097,0.6405704251103284,0.8425605398021268,0.9101712166439346,0.5899085053525321,0.64204167559488,0.814693787842717,0.8636374637048635,676
0.923856850518946,0.979448477578965,0.8669947746175193,0.9435441896808969,0.688546057346122,0.8035913611754063,0.5523341258766928,0.7268075527570511,0.9739731995012442,0.9899950793345271,0.7977678204936346,0.8739575594141143,0.537633081699437,0.6554696889398712,0.8639524763816334,0.9206803166951,0.5671066156397122,0.6690473438309376,0.8168239770602663,0.8527000874035254,677
0.8944014763572191,0.9537163767523218,0.8222646300777714,0.8830093245084439,0.6331216418854231,0.7746616422219541,0.49093017841572306,0.6435106851601586,0.9660470477944126,0.9870102877983491,0.776873186372885,0.8460992391746953,0.46610381263869965,0.56328665508128,0.8516266170443682,0.8907975450426563,0.49119905128514346,0.6381922255610453,0.7619065597450889,0.8749417586758638,678
0.8938978022783063,0.9667988483883889,0.8117593214325193,0.9228096893001212,0.5831826530490677,0.7321010022191647,0.4400779806794137,0.6121947818364449,0.9636068634147597,0.9880961510453025,0.7430026976180002,0.824917098662187,0.4375926803451184,0.5916862954847292,0.833720286284254,0.8855925486035708,0.47634187075449513,0.666902324500985,0.7679239055245423,0.872847899682286,679
0.9264002258605155,0.9641021612678418,0.8702135453679675,0.9109662215942895,0.6935404151062418,0.8317299809455697,0.5941547107921675,0.7990734821648147,0.9716830559411265,0.9887799627184055,0.8048341946944216,0.9034634289318311,0.5897859929620121,0.7493953633580638,0.872297597061107,0.9349508864234463,0.6174355931681917,0.773070209364691,0.8347020160438025,0.9127992519256003,680
0.8914432361764073,0.9675783715196592,0.8179396809336799,0.9278641503065488,0.6638234938580657,0.7733680952410282,0.5568640578163933,0.6192748276775344,0.9666247001862395,0.989701356272509,0.8169454314181824,0.8585171982952491,0.5231479089437983,0.6492246346426629,0.8820209167498678,0.9114440672477325,0.533144884212281,0.7014375576434249,0.7529905964982667,0.9032089830288922,681
0.8991125194038649,0.9712745360169246,0.8272101294383726,0.9314085308712788,0.5999150685651748,0.7524956402731057,0.4496606033089535,0.6604754365809854,0.9615324791768218,0.9895625500719348,0.7438005596041244,0.8481645439002984,0.4542656355180915,0.6334055689907273,0.8322379776986926,0.9067737003507502,0.49846816942676986,0.6951408228373775,0.789791847709202,0.9040662091174614,682
0.9336502696859592,0.9676643060076848,0.8873515811012866,0.927509227735564,0.7395781146309047,0.8134888525300602,0.6627498416276317,0.7477057479072144,0.9753405869930577,0.9902710927129105,0.8433088661756276,0.889612508829894,0.6751544733140918,0.7459186782217402,0.9004775232022394,0.930941332287968,0.7039592581175315,0.7654689154692306,0.8760745739332844,0.9058345685882886,683
0.920582224446503,0.96134653388719,0.8658677141716059,0.9165088861914646,0.6782953706886795,0.7954918713229423,0.5725589179165766,0.6634827706837779,0.9662880884338944,0.9893349752149742,0.790545640178321,0.8581836519028879,0.5785782100973342,0.6879010788186448,0.8627509189964031,0.9089930653742697,0.613557597805802,0.739987931200703,0.8390652505941314,0.9047004888009056,684
0.8945920045759979,0.9683735409734529,0.8159040270330298,0.9271531584253416,0.5903191511032154,0.788375154195591,0.4393991900233029,0.7011641065652396,0.9606099890313115,0.9897501065693683,0.7228197059494048,0.8805884623965282,0.396284080005555,0.7458281934394148,0.8076950120532089,0.9299006417116497,0.416984777309616,0.7876255166942724,0.7314153077404467,0.9293312060577426,685
0.9043627774071968,0.9710644698621055,0.8339050673846647,0.9423338941271192,0.6694308739708503,0.8425767884800258,0.5989178944560152,0.6800651443000298,0.9655794000140663,0.9931744468909576,0.796952429144299,0.8742935895712856,0.5644655492168621,0.6383866394801774,0.8659051419765081,0.9035246433404256,0.5745151860870992,0.6684506000527235,0.7984300149277996,0.8804620397923488,686
0.9222697152495594,0.9577650720161359,0.871058506679927,0.9087918769522199,0.7011181849022007,0.8044430458961324,0.5574026852626226,0.6262315738498138,0.9716121615664849,0.9889213648456677,0.8046956559791855,0.8762560905603007,0.5415463207766953,0.5850153492032244,0.8678382064923925,0.9049451886486163,0.5706842728596763,0.6640635729434963,0.8172104789195489,0.905052430514668,687
0.9169602910331751,0.9794762018401401,0.8619503384900645,0.9496945267684255,0.6909973140475988,0.8439323865820841,0.54071975883375,0.6938081169287337,0.971680321161749,0.9927742929251708,0.80331537314194,0.89485337353951,0.5329208915902057,0.6930523983680726,0.8686616722269385,0.9257964185186284,0.566500685415005,0.7551949322729626,0.8156148501438651,0.9244292498699966,688
0.9143097468296233,0.9572815530781887,0.8518249553310019,0.9003317365376089,0.6549127338982589,0.7878098932244654,0.5404483726363156,0.7128482939029456,0.967992525751573,0.9872714176710952,0.778063641319139,0.8647452169983278,0.540754360222235,0.6513666375663782,0.8534911693840955,0.90839887346814,0.5759189254591996,0.6953503089543095,0.8259672787356331,0.8999019872152317,689
0.8930683729212049,0.9712461998428641,0.8068442758898947,0.9385879763831902,0.5662284228241066,0.7953736712162643,0.4326888920922717,0.5763707166438041,0.963065048775495,0.9920238765443057,0.7255841788875806,0.855978371868546,0.42551805557330746,0.5655818536708812,0.820075551079745,0.8999345015928594,0.4641453730213432,0.6281472532628689,0.7690584149433249,0.8655850372464955,690
0.9072376192654865,0.9626150807298446,0.8336872780630031,0.9145026727919916,0.6074347659491356,0.7594245465443986,0.48033469812070584,0.6102386344261881,0.9654460203554718,0.9874231655115512,0.7466200838782163,0.8467601063987595,0.47799039169896623,0.5841885182776937,0.8330484980429798,0.8933456303747552,0.5171208343104048,0.6443791824173203,0.8004143016519436,0.8725022944922645,691
0.904494862558204,0.9627153357997367,0.8239837859829683,0.9123766119245043,0.5572332260895713,0.7966147019280284,0.4074253627007457,0.6717015248749589,0.9624816093531302,0.9882101654007786,0.705384004078477,0.8729605051681877,0.41094811807498755,0.5993061457204067,0.8044414284022074,0.9092428590207228,0.45658454341864896,0.6304115294075517,0.7752895076511936,0.8669659862172392,692
0.8960744087311338,0.9692919808250945,0.8125239453857236,0.9289685693801595,0.6254566477303592,0.7654183333385556,0.5378230921793969,0.6447044093071158,0.9659115399674019,0.9897447003541329,0.7843051615400732,0.8564261647578935,0.5169693315912356,0.645589946805561,0.8607659697890905,0.9102661591461129,0.5330175253864485,0.6942330754754218,0.7705737388952344,0.8964856805354812,693
0.9090356264147275,0.9578598940586325,0.841792275661919,0.9019121394850228,0.6208918587368502,0.7925748352057344,0.4477533500479252,0.6694093227551684,0.9675210838105328,0.9884421464707503,0.7670105228854163,0.8571674837118499,0.4707367618136673,0.6881621208340726,0.8492383508120022,0.9043056783761471,0.5189647911265783,0.7277784311013572,0.7939821228687316,0.9076080417046303,694
0.9166135886638566,0.9706041352376088,0.8582725833631777,0.9295951092864523,0.6464764414028027,0.7586904321951258,0.49274310240787483,0.6223304868616296,0.9679173074772055,0.9891012755367683,0.7587921829693179,0.8297129420832594,0.4877048275616231,0.6819417875249787,0.8359330120137561,0.9023383951520657,0.5271084654162292,0.7323119120343509,0.8108983081607638,0.902637404060591,695
0.907852111668554,0.9735349622438882,0.8418730097515227,0.9368586913994198,0.6522712534862549,0.7904676403516218,0.5373288895861743,0.6745349084135823,0.9687830333646705,0.9908233990447763,0.7973734257243872,0.8808399445604986,0.5569733760155633,0.7304125385321444,0.8725325813995248,0.9296703509696655,0.5955638816178445,0.7776932145092179,0.8259726991175199,0.9265638606217849,696
0.8926654604615258,0.9664797161748933,0.8123236137122302,0.9169099492986548,0.6066152750741227,0.7119068702070807,0.5058437069149078,0.6029118660027111,0.9611911877063221,0.9865578166932794,0.7470089379963155,0.8327820000278788,0.4844228112843934,0.6610384885071995,0.8311113092916664,0.8890547994548489,0.5149273986708687,0.713819107109946,0.798064429888884,0.8884953153995292,697
0.8968865582081429,0.96828330255792,0.8231643383749788,0.9229604493311218,0.6386952694552115,0.7725101258729968,0.5424390677669413,0.6881093805561319,0.9648316834721623,0.988027590834478,0.7903477693997719,0.863004450652748,0.5323059965106459,0.6587345046458114,0.8667458714812576,0.9056605134287931,0.55478602669019,0.670887311608503,0.7836485911536739,0.8737760275214386,698
0.9003689093048678,0.9754019980234954,0.823922552554419,0.940403802796492,0.6074800097577155,0.8177555825755106,0.49327885766902724,0.6835085087323856,0.9636970305439405,0.9905698967648047,0.7548566431424523,0.8744974306149245,0.49902057525189336,0.6568272984275475,0.8423000635254771,0.9083116441413498,0.5419438456562733,0.705576545449552,0.814356387431652,0.9045462327668499,699
0.9269742580908779,0.9685996325452304,0.8660090422318246,0.9268582556454877,0.6339236898680547,0.8026769211022265,0.5000113839225804,0.6932695795523962,0.9713345519271109,0.9907277973398902,0.7749197737344664,0.8815876359950804,0.5391560275097211,0.6805993828937382,0.8586661940112836,0.9234040731678591,0.5898571947824622,0.6961877775669142,0.8270998434120731,0.8696084041840624,700
0.8977421813055365,0.9678788630677695,0.8133091521936666,0.9300333776683838,0.5354664637744762,0.7933068173856892,0.3500536839807827,0.6626517674175887,0.9617938866772807,0.9909864400437263,0.6912459489625599,0.8778818155704271,0.35159645056661804,0.6530731233830546,0.7929083376163605,0.923153629402571,0.3989154779655331,0.689491332375401,0.7405036800438104,0.9125913277538205,701
0.8810249467497593,0.9667948422690202,0.7880694038091987,0.920345810702456,0.5538420199599837,0.7461776990121073,0.4395935695686079,0.5671275781536755,0.9589520342825174,0.9879926754721057,0.7169968838588296,0.8346318706895801,0.41314467389409504,0.6234742648488233,0.8125989863532288,0.8987031636673938,0.44013441652008145,0.6825098891617145,0.7473812066110476,0.8935228307980894,702
0.8978215342019993,0.9563721282752788,0.8164631179525851,0.9010370123416961,0.6276770446165247,0.7668523227002512,0.6026063497230726,0.7059128737264266,0.964635568992428,0.986356331688578,0.8056749529343419,0.856010824471246,0.6670735880434571,0.7404786150374209,0.8892511749798137,0.9223014703822376,0.7117177324732528,0.7790791333420664,0.8799355143498601,0.9117807217570644,703
0.9257232828418367,0.9606787920102974,0.8762519595008913,0.9177514370595528,0.7102466459471467,0.8037497871818037,0.5895977303484828,0.6702291676537065,0.9735213876977531,0.990483480428586,0.8200544279448866,0.8836854649860568,0.5963382056046845,0.641321711832362,0.8836421720004353,0.9244268894770847,0.6311115103761898,0.6658725642787275,0.8458587912061437,0.9005604147436786,704
0.9166741164660656,0.9641303633179654,0.8512789000962971,0.926074979167327,0.6205612112403361,0.8063648768899669,0.47844987306732434,0.7235279611970461,0.9673950152533534,0.9909135936549488,0.7557444710622843,0.8794793881845538,0.4929083572386523,0.6559746077480788,0.8408581981701521,0.9159880288644754,0.5385190646003444,0.6744334993569973,0.8095695317395257,0.8795995992716897,705
0.8970068745928554,0.9717909021302231,0.8086688757430065,0.9295175768415296,0.5772804554904486,0.7341602535596721,0.5148554545386167,0.6257999828765076,0.9627958035972385,0.9885857822017495,0.756519914082936,0.8404525962404914,0.5547713825757778,0.6262522243359894,0.8546615543192969,0.8991541968608612,0.602526091016534,0.6583020589962734,0.832107290346087,0.8926052887076816,706
0.8991589990856748,0.9612747109002188,0.8226711509585202,0.9122303442771948,0.6139846095415518,0.7440096412293562,0.5109618618415762,0.7213932523994774,0.9638738192350198,0.9877026738739302,0.7573471262419326,0.8722643810662534,0.49751059440248874,0.6438300617151789,0.841697683206336,0.9184075923386682,0.5257343801251786,0.6569924481781381,0.7877496820428481,0.8790549406892305,707
0.9183237274720409,0.9657428921973793,0.865330170788299,0.9148642809185129,0.6922665553544106,0.7608701739369437,0.5087305807404935,0.6486200553649418,0.9722551985359261,0.9887502639667157,0.7931674340397725,0.8378912838602464,0.48379723911834915,0.6360550756612726,0.856878016342193,0.8920311933932245,0.5121062401531807,0.6905413110851233,0.788067988450352,0.9008659943314661,708
0.9243162047183884,0.9765161827327089,0.8758573983827301,0.9447805441938029,0.7579881477721211,0.8225299958754805,0.6479111740400526,0.7391894686222353,0.9741113206618526,0.9919403875865143,0.8494468038805223,0.8892423599091382,0.6085296806493389,0.7369228413935843,0.8958944038464064,0.9211707800488228,0.614718204098569,0.7503174161643494,0.8161528356073583,0.897251147426875,709
0.9417593846226896,0.9674267255410217,0.8979328055557859,0.9332484388053058,0.7763276049596335,0.8585755831913375,0.7151034140853508,0.8102190114574737,0.9814657063343825,0.9924253084279009,0.876374601737988,0.9256674883526589,0.7336464906011082,0.7906027616390735,0.92440655498274,0.9514615393295338,0.7574243700746467,0.8069350989616686,0.8952539443773464,0.9163473584562334,710
0.932448419582511,0.983152407187209,0.8492571587203834,0.9567873741369012,0.5999193097969722,0.7998485251885629,0.5937598854251481,0.7754420289842195,0.9714332134757901,0.9918968717314659,0.7634963529379204,0.8768578260665971,0.661834405551715,0.8129515064708557,0.8644335184027491,0.9347163405142247,0.7196439061634327,0.8359769583754599,0.8978142985636994,0.9286117180020694,711
0.916918748125503,0.9793893520576827,0.8345788045291561,0.9442533898379345,0.638864977751407,0.8666172318211183,0.639273927591162,0.8028812476081291,0.9703994362093146,0.9925352479598782,0.8031772299580091,0.9054304927739947,0.6757860668888331,0.7680366368048079,0.8863841145791981,0.9332943832666639,0.7059685178180507,0.7746311318624417,0.8685990174138511,0.920403171449261,712
0.8992027697206086,0.9817404229766431,0.809091948503659,0.9489917872587758,0.5613026743941671,0.7375389961892513,0.4825415803355912,0.6364194946451889,0.9631832547554285,0.9908490395969473,0.7309596561327378,0.8301951029436949,0.5182446264652196,0.6636449888633869,0.834158048564894,0.9093341019212601,0.5756926603262548,0.7071112977402747,0.8443216327141917,0.9069952725292519,713
0.7830100716138267,0.9818698956976802,0.4715137587875881,0.9573681570555727,0.17352498247462447,0.8603179204573802,0.4551579024176176,0.7910948361694704,0.87664624377379,0.9934942885348724,0.5138811723250675,0.9027209983010128,0.6500919512859434,0.784642093756911,0.8029798828387339,0.9344349321814944,0.6823913983178915,0.8031727734435672,0.707148297263292,0.9327106079788782,714
0.9318592541715399,0.9928006577153071,0.8662471220353766,0.9820748933000562,0.7095873695326275,0.9358797786422686,0.6218941932723482,0.9119195696597084,0.9796604401228655,0.9969467391540331,0.8164007967558764,0.9510126837547757,0.58117866588397,0.9059772975931513,0.8765054253850233,0.9685564347436687,0.5907757176490137,0.913886610456423,0.8184036282944266,0.9746728303745229,715
0.7665342326742025,0.9793748215309417,0.498178580666184,0.9462268011727163,0.16981577947426849,0.7807487880377654,0.22554889459142172,0.693457438184043,0.898821598595457,0.9902876402330196,0.5302015959444292,0.841775310761989,0.4953263960753147,0.7423959598661112,0.7903319595498906,0.8984782572108516,0.6626690445614714,0.7947537710133475,0.8668478171959217,0.9306457011509839,716
0.8294477827031822,0.9802697735311267,0.6515203264258451,0.954201598806947,0.3308297464471855,0.886441184061971,0.3511477921161754,0.8701128781703601,0.9345284837099103,0.9935545067507873,0.6125265438958146,0.9350667433023699,0.4446940996437536,0.872019371770294,0.7855082677028101,0.9608976560459556,0.5197913420283434,0.8824630236043135,0.796526002846275,0.9542895851483069,717
0.914517321021273,0.9770677000114942,0.8413594421319026,0.9401597824168741,0.6471576429759376,0.8665716357561377,0.5853020439575821,0.8268238424061508,0.9704285506484094,0.9915568547857714,0.7933029334299616,0.9268149283513872,0.6000624954090977,0.7807218758251362,0.8729665772846228,0.9505486921218685,0.63419149639531,0.772087334289475,0.8455422009998028,0.9061268891484817,718
0.8804806487298488,0.9773023747918036,0.7705367798149226,0.9356754582167053,0.5466246866725789,0.7960796413088663,0.5028459055288407,0.7304515869561186,0.9615085519938049,0.9896608339910038,0.7302965097909928,0.8554846657151376,0.47731959868690016,0.6576160957171713,0.828814731963686,0.8968172656170313,0.495018891372965,0.6770559883280666,0.7640586053107307,0.8685541520717394,719
0.8860094601184204,0.9765707431026757,0.7918214936313498,0.9343948160273922,0.6085165131744724,0.8327472528567326,0.6003127001190768,0.7857728612833152,0.9644723708518346,0.990628258073783,0.8035405559282145,0.8960749765430107,0.6180871139327239,0.7652236810040367,0.8856290492350166,0.9346022773460602,0.6345585981471824,0.7726948885721543,0.8112130901846933,0.9063152441550795,720
0.9138576863133349,0.9807641483564288,0.8370749962064804,0.9462111105169076,0.6041520062708393,0.8025469977037916,0.5291729330946336,0.7689059817725362,0.9675530372087554,0.9900637244841612,0.7680408650240443,0.8981959671985347,0.5704048991088008,0.7372634592997364,0.858480249076414,0.9369237224071989,0.61539453671818,0.734029765156414,0.8330436602475814,0.8746060859292257,721
0.9157913651912948,0.9762193691688048,0.8542146712610494,0.935788963702798,0.6944829149964529,0.8379541576103153,0.6028155585749513,0.7040673282649444,0.9726590076290641,0.9919072026701871,0.8127127588679935,0.8762143187770791,0.5787176921390389,0.6789659418118661,0.8749141244587453,0.9139179984304519,0.5953916121793376,0.7126926448480835,0.81867995315386,0.8837451419969078,722
0.8998733881863317,0.9784726059773563,0.8098455513336031,0.9417099781859269,0.5672370397783179,0.7451482326432505,0.47641526995528727,0.6883205084512427,0.9661515273653928,0.9898884442789153,0.7409927407571985,0.8467725252707642,0.4921347160583504,0.6064836809772208,0.8370683716789729,0.8937187040981374,0.531503061941643,0.633855546590872,0.7958863892617614,0.8465844843052838,723
0.9108121773658263,0.9779529577794085,0.8280152738684687,0.9385991272739034,0.5340391426090918,0.6870382035131215,0.4124294398327364,0.645078307675137,0.9624864482688333,0.9883512546197335,0.6880082398423714,0.8128532522419333,0.4335889494689033,0.5249213936154689,0.7949244564006973,0.871966993338368,0.4890131907850902,0.5586152498115345,0.7996557290026349,0.8365111392754095,724
0.8951692869559779,0.9652075150137307,0.8096168718803248,0.918833153781122,0.5612338928003909,0.707746498866327,0.4260475210773378,0.6502913771300445,0.9591043690805636,0.9875335273794471,0.6983038370068545,0.8290543146097407,0.3823973089671981,0.5454500070438684,0.7887547153941359,0.8816392483859766,0.4018305253911277,0.5601138846264262,0.728581306304321,0.8190592253697031,725
0.917490029665638,0.9684032490340552,0.8474733075075761,0.9199926595751193,0.5930064339301365,0.7532163815918028,0.47537312498538137,0.652150661442071,0.9655720666953999,0.9878957769952073,0.7317904279526107,0.8352971532878949,0.4831709151653932,0.6339152028672794,0.8237080493349084,0.8896197527057494,0.5239690181443508,0.6518346135283146,0.7967551889089358,0.8519889605769712,726
0.9157160958466203,0.9759552293288776,0.8416941357809375,0.9315987496046382,0.6078349391343065,0.6724019183593196,0.4730724731304562,0.552953219797989,0.9693076812447388,0.9873212090815912,0.7544120474429199,0.8053193637833986,0.46922860224319923,0.5253929920270137,0.838156479008231,0.8746936216658894,0.4974649063794981,0.5410710104820879,0.7604901119294087,0.805034012146322,727
0.8778653563751552,0.9663405391236869,0.7844681752019333,0.9111898512277873,0.5190284784871643,0.6234349360701277,0.3566766850061054,0.5492655796229838,0.9523307986441009,0.9849142909185189,0.6545817677068623,0.7511669336144333,0.30019195798235737,0.46652956289585923,0.7520243362239313,0.8270476475953704,0.3216213734724341,0.5084344227405335,0.6944883469489727,0.7926254449825966,728
0.8401928067434811,0.9607730076152194,0.705865990604708,0.8920333192351081,0.4344675764898727,0.6804226431194609,0.37889917851029975,0.5552160650818827,0.9439991466887829,0.9840988204137373,0.6547312035780092,0.8042089320212519,0.3713469923181901,0.5604178892211618,0.7809638526804362,0.8756806453854101,0.40632943974396746,0.5919696032412287,0.7276803650674384,0.8247984402407403,729
0.9125047922859048,0.9696910389276981,0.8527241515194092,0.9250251255612504,0.7120569312549684,0.774969359398796,0.5806418259436437,0.6620803678019465,0.9711190222157239,0.9891556172884916,0.8051107407787922,0.8524735176113508,0.5168827076807473,0.5574905623067171,0.8599135480226447,0.893498443650384,0.5254435777061229,0.559574280806233,0.7884185521909648,0.8159197399339225,730
0.8990186575367246,0.966259691089932,0.8255784572457057,0.9216006290563029,0.6043309252104836,0.755722508011615,0.46081056606488485,0.6128941118579254,0.9606141472840398,0.9886623227254403,0.7271988032215492,0.8457309537920841,0.42581819278593086,0.5963030076784785,0.8100103595164742,0.8978594765354042,0.4523686494074908,0.6136014150391889,0.7635892182307112,0.8799758425433543,731
0.878968507965173,0.9670802538396379,0.7514215801162653,0.9090892006110873,0.4149907246084616,0.6153172640485225,0.3692515661162198,0.47819255239480524,0.9501617325876869,0.9827720483656212,0.632304404604526,0.7681792065304519,0.3889036608163925,0.5097611078599811,0.7707473380381737,0.8564525039610967,0.43092150158366155,0.5897746232446839,0.7278691287950461,0.8847609562635337,732
0.9008846655771202,0.9770874705158088,0.8168850349271536,0.9351086120061529,0.5687251068119328,0.7566553979223498,0.4388117829386454,0.623520587922597,0.962116740369781,0.9883055456511005,0.7077508974510175,0.8277926187549386,0.404484479630762,0.5964745073831605,0.798441172348775,0.8807071682097037,0.4297488434354297,0.6189419874130392,0.7467450339926075,0.8602279304420271,733
0.9349527429945809,0.9734800944543271,0.8885897432343717,0.9392048861128552,0.6378115707656123,0.7882120808842059,0.45512695585916324,0.5926908544276096,0.9690788035634506,0.9912954675083645,0.7387238275054907,0.8508630088098178,0.4729628433175647,0.578902394675123,0.8185901320818167,0.8957445607434326,0.5244194061980298,0.624356455897231,0.8227753316268029,0.8752793248653673,734
0.9093068847298481,0.9766787900796523,0.8454131713063501,0.943768948554284,0.6922408779352316,0.8079257259311372,0.615240300816378,0.7120291921291083,0.9645270884813505,0.9913762930470773,0.8158001239534972,0.8634114718446432,0.588863432188355,0.7060766811882637,0.8783480685833039,0.9084652593430655,0.6014324139469732,0.7310292107878182,0.8037321450500501,0.9056891943704478,735
0.935539339889289,0.9761991342138702,0.8869725784221871,0.9346917700983802,0.6835504474399957,0.7775492769931809,0.5856187827986129,0.6497369550366189,0.9718684399561893,0.9907159140197377,0.7920507597345967,0.842507179368517,0.6014003001653867,0.6533574407002967,0.8617262381765766,0.8899101889462835,0.6392728139126966,0.6832571935003798,0.8555594027620904,0.8786485645934676,736
0.9191485568142161,0.969122729066412,0.8414141876206741,0.9286042600930189,0.5493392949260076,0.7720543647990452,0.4570067625387093,0.6399283441214955,0.9641804639515354,0.9894619083025501,0.702044990395269,0.8458713123552394,0.5022399233677391,0.6327071338056859,0.81054856000117,0.8967878215903586,0.5662322082125514,0.6615118912670979,0.8388101256810216,0.8770785222161754,737
0.9310929425645775,0.9757921236412451,0.8740102488361222,0.9399437330681587,0.6352093914045676,0.7355914659753671,0.5035011958603192,0.5817919353577251,0.969026366368915,0.9902161639118222,0.7526945453541518,0.8086467059467305,0.5161489358048256,0.5808228601186212,0.8343273418143685,0.8672880320035784,0.5559028435229282,0.6148251232218741,0.8118832786844006,0.858145373647849,738
0.9260904309367214,0.9718929050498697,0.881528702314013,0.9340712803360633,0.6643203751968009,0.7464680419010676,0.4852207575315884,0.5503734095189676,0.9668474108132553,0.9897474451452086,0.7544345454727325,0.8044052315400823,0.4713179416583777,0.5152612647753451,0.8248046911442561,0.8566654449741813,0.5022455042431089,0.5374280212489577,0.7914817819086648,0.8179468177990054,739
0.9143251862202973,0.964975058545261,0.8398938690999213,0.9127519736311821,0.5585098241268129,0.6767347071375982,0.4258785107359672,0.5170266525614526,0.9620369669433654,0.9855035164313408,0.7034462502726901,0.7910005325091414,0.4375120869145926,0.526119062722793,0.8032831894725617,0.8639250456345386,0.48012969902883545,0.5674773404013221,0.7703936196698964,0.8314359513308593,740
0.9112532023660542,0.9703691410160136,0.8324476795302372,0.9292728526969746,0.5557831674496331,0.7052448466172911,0.42231578827701116,0.48076381799023127,0.9628558382613006,0.9888285344214872,0.6976552584561512,0.7846064483792198,0.4265146026887262,0.4698218884263765,0.797226828048708,0.8485548612525421,0.47091455399305443,0.5080014192927604,0.7792859408230818,0.8126496081564896,741
0.9219834626080406,0.9752745183535988,0.8647674063016606,0.936226286112215,0.6456691956928581,0.7377728714265671,0.5379211918802522,0.6733129085770515,0.9644347776539196,0.9884333185696481,0.7719013134293161,0.8158368779140525,0.5635614719405979,0.6758408057447947,0.8526424092734719,0.8805770832658049,0.6101091383451962,0.7114152562502999,0.8421834183414272,0.9070764299662452,742
0.9194805817126152,0.9747551217945656,0.8545428177565093,0.9383931378223322,0.5699150536213627,0.7545737428576967,0.4286123851863494,0.6406714724071639,0.9589357303015985,0.9896150177824814,0.7010770754156416,0.8306833907105856,0.47208760566513963,0.6561103503404517,0.8029329465169321,0.8899088256456735,0.5434696480503216,0.7009617660071151,0.8448138531579461,0.9080664774646481,743
0.9226422504816527,0.9782256242851373,0.8726864447048452,0.9410905575680805,0.652557903416364,0.7398082254326723,0.46161748853067225,0.658832041492277,0.9660649200245476,0.9888659902425002,0.7395394058343482,0.8319821577788208,0.4441651788367761,0.6334010314656228,0.8135286462233943,0.8868894630145873,0.4834569855230715,0.6257258600610751,0.8043633447226493,0.8665312426429055,744
0.91193872311175,0.9764170982120518,0.8545192309387308,0.9342935654888029,0.6928215858413829,0.7628263344049288,0.4853264379651973,0.5545938770555255,0.9727945244150791,0.9902898189969459,0.7798098751693368,0.8249630513980541,0.4080295968973003,0.4790837305649994,0.8350864528951807,0.8644046160047915,0.41487671193973963,0.4974632755013803,0.7236326240397811,0.8090257014608961,745
0.9179859216797269,0.9654427843462656,0.8557366594995754,0.9179435787930467,0.6156879848877843,0.6876673934241135,0.49919146841607925,0.5632533976746315,0.9636095343329263,0.9874319670430387,0.7256243503864881,0.7816783076839441,0.4929573131270961,0.5460391356801031,0.8122928606979931,0.8497643459463501,0.537288938852602,0.5870764727609482,0.8277953042472409,0.8702534561979057,746
0.9085445265450162,0.9740194375459151,0.835109197479543,0.9359143563206833,0.60440027885448,0.7627096242843285,0.45845983616767616,0.5576394101028815,0.9648493734333762,0.9902817782871074,0.7426470244655693,0.8369634643186824,0.4423303850716212,0.5335476492537917,0.8265634956018555,0.8858787035645087,0.4698689681280361,0.5682075689447522,0.753545023065571,0.8154057587306717,747
0.9114822227083648,0.9801953835077121,0.843999278021379,0.9520938977280003,0.5595688591975135,0.7605235041015572,0.3350185092009542,0.52276721288699,0.9609075985245349,0.9917414500336239,0.6768520028497677,0.8305430764301155,0.32419105097093465,0.5209447678427781,0.7714224864460808,0.8847278162108805,0.36888416528817625,0.5636964445883813,0.7375500291477207,0.8458585425198459,748
0.9133890230653972,0.9703687554993303,0.854646245674324,0.9250699663067803,0.6577983839552449,0.739777330313631,0.5536224610099798,0.6394542368955035,0.9636801746139195,0.9872984564004723,0.7724222456221131,0.8278004492301408,0.5488260960332435,0.613605163626558,0.8476272525102954,0.8851262204145542,0.5807866169722727,0.6357663854251133,0.8286876408978641,0.8751685595720735,749
0.9195809669888391,0.9753958769375355,0.8543333052374266,0.937956825603085,0.5594913261674191,0.7314691804607507,0.36597284191473384,0.49001473134071144,0.9623639067670734,0.9900488364708339,0.691197674846271,0.8151893038610111,0.39091150791603346,0.514434900120092,0.7894841205190537,0.8747993472441612,0.45134323136365595,0.5622887371124693,0.7894349180539003,0.8517111956562956,750
0.9116669617587869,0.9711252637227061,0.836233050679118,0.9305021478006867,0.5958010353467181,0.7385821583369359,0.5488496812921634,0.6400078909226219,0.9578712388375307,0.9891503963056142,0.7391349465567185,0.8187824710058416,0.5651760160241296,0.646009658647066,0.8333552724462554,0.8792772165609273,0.6007615761633515,0.6707007271214858,0.8185869501210101,0.8542602894217615,751
0.9206389692976399,0.9761211353130221,0.869176552966342,0.9424512923641599,0.5950260702382748,0.7493838545417751,0.34130991759203766,0.5114235787891374,0.9640515345926047,0.9911759634039631,0.6860114145279165,0.8267231655837746,0.32846053262784564,0.5203659011972388,0.7712561323596175,0.8808554937946813,0.3761123206382068,0.5802246958581787,0.7584465026295857,0.8611968238064817,752
0.9139351930849408,0.9735129314072887,0.8471015846046065,0.9367925017387231,0.5318429628311889,0.7387342084613555,0.3365644725824214,0.4913357805036751,0.9597500408396047,0.9904229538871828,0.6486574857372424,0.8167545802725275,0.331207195576977,0.4786403626711102,0.7497518674147,0.8723113112101725,0.3808456534077306,0.5218645878292988,0.763527105328979,0.8311848737198677,753
0.9192864143965891,0.9717458010469028,0.8468300451639874,0.9297835773722259,0.506825575243116,0.7006631721957609,0.3397951001053858,0.4879981391800829,0.9624392741219503,0.9890849220978121,0.6357085577333458,0.7971556080462943,0.3549769402743039,0.5071012289907819,0.7472388804212005,0.8608617623965745,0.41579795607176157,0.552952498417252,0.789365946691969,0.8390524148783391,754
0.9182629060276353,0.9713555540289044,0.8490397252203037,0.9218096656367257,0.6218810519894563,0.7244613822471269,0.5331091961089851,0.6321155596194822,0.9645575007050107,0.9875345825289512,0.7594663882117761,0.8363078669564501,0.5370134241374387,0.6592880776633787,0.8425880652829898,0.9000340182433745,0.5681246566820871,0.6973199240838435,0.8036964667502613,0.8801863225246056,755
0.922056454365627,0.9730866484913593,0.8691282855764758,0.9365491711549121,0.6239865329664038,0.7219588277129324,0.42702241186502937,0.4845783527504203,0.965654407141432,0.9903536323809908,0.7395277255375986,0.7978242549114541,0.4345314696331492,0.4859692699821667,0.8215441524490705,0.8560878330359797,0.4795105883076711,0.526297205400987,0.7755589644588666,0.8118411897998099,756
0.9059655265082767,0.9735942384473137,0.8346778550049303,0.9363175199322598,0.5704499495638493,0.7311488532960058,0.4553882896115958,0.5350350407361313,0.9564032963296509,0.9894642755805233,0.7119873653611333,0.7893299989861657,0.4648862351192045,0.511521549474305,0.8078941831903437,0.8466777467225799,0.5090075515786945,0.5428203526042269,0.7941791535094804,0.8344434130530382,757
0.9163808817166416,0.9706140253348097,0.8566195135571453,0.9298762040973865,0.6666466119118699,0.7654329502320125,0.5800716588029964,0.6903409167381841,0.9607625506408415,0.98924799405997,0.7700378906442434,0.8406887075179301,0.5657924640348232,0.6652212939429553,0.8424685775808061,0.8931569542372323,0.5922842712114167,0.6829749688525768,0.8281933423751408,0.8801287749805266,758
0.8925006938406538,0.9696810459704064,0.766091745563707,0.9259706037210453,0.3900625081805433,0.7224439620898379,0.3959567306385771,0.6763755827540024,0.9457542596541078,0.9882301060106241,0.6097473563801392,0.8411944743519232,0.4913779122123593,0.7017879860076793,0.7685561103464834,0.9070678922309648,0.5743244251922575,0.7306946146975264,0.8258073882701212,0.8820533641962046,759
0.9299485439913409,0.9753255742534841,0.878399872274453,0.9394687690284645,0.6694635644663459,0.7612142965474488,0.5401567272746977,0.6189898004490887,0.9669806179177759,0.9907723163438221,0.7844959979496023,0.8378274030717158,0.5692142368829033,0.637402835226704,0.8600915600737086,0.8951706953609465,0.6121754729113273,0.6737231986979756,0.8352015630550771,0.8716663464122754,760
0.9180929885081305,0.9745915705051249,0.8506222729610087,0.9331973013715552,0.5389302769684435,0.6762596675383675,0.38612057886839085,0.5720977914981425,0.9597635995939616,0.9877288226702661,0.6821827759781929,0.7681893506853611,0.4208205952804791,0.5175981572204457,0.7875958481052043,0.8390954045139922,0.47885369297134095,0.5383134781857292,0.7869681925511517,0.8475350668399119,761
0.9215494418868944,0.9720053498471638,0.8665383732329703,0.9371206790481726,0.6593717280112908,0.7934317578308239,0.4889518516057021,0.6507507707039738,0.9677573683389697,0.9906860399553244,0.7619428832909101,0.8497485054556632,0.48291981261596256,0.6331843225055755,0.8372969885127298,0.8960632991000378,0.5282884157082502,0.6628205103452524,0.8206036451779993,0.8822447205959171,762
0.9100031893400733,0.973804030850302,0.8405779400781279,0.9271260785126325,0.5644386746886353,0.6466700191332461,0.4031649765746221,0.56726702232857,0.956497872293575,0.9856918504006635,0.70304797152021,0.7681484518731598,0.4095481364502378,0.5384179363280496,0.7981227789303394,0.8499914063639088,0.44937825764835254,0.5680042796410665,0.7505460900395082,0.8373847744873655,763
0.9125318257383075,0.9726995073709491,0.845332517573196,0.9333525710445125,0.6190971630245705,0.7171938294985947,0.48812520953677646,0.5620833144986023,0.9612542696250875,0.9893514636472364,0.7472769088759493,0.8025074283206423,0.4768535574360139,0.5337950371046938,0.8292381644315366,0.8683375953129356,0.5041958112546411,0.5615548237376644,0.7656389955288233,0.8303856625209135,764
0.8980258509837341,0.9777256021036549,0.8099424131927463,0.9483201449721016,0.586698985451857,0.8281557098121991,0.5535754017977257,0.7226992754312627,0.9602699261745559,0.9921849490063468,0.7616033264390649,0.8801919566650831,0.5763295908186488,0.715738996251608,0.8551438975125204,0.919329370849182,0.6044627703434499,0.7412107479438742,0.8053200977593234,0.9097116810631357,765
0.8963659403737058,0.9727088834096429,0.7905018675845584,0.9253247130234761,0.42813250809065384,0.7106727554294784,0.3242315130946349,0.5674363379353837,0.9503393227409646,0.9873249165025259,0.6005169984506773,0.8020094918453395,0.3516876879665346,0.5693280481450153,0.7361025350156598,0.8658051095972112,0.4180178158389303,0.6139352465247636,0.7809169720750256,0.8541561413305573,766
0.6755378089031512,0.9793414275011728,0.35194473849100005,0.9531524785962869,0.13206500150657696,0.8559420092133263,0.3391495111725026,0.821298276469811,0.8629023141178316,0.9929232136484826,0.4766972209453101,0.9010173932652886,0.3951536435104265,0.7764802089388785,0.7674724598084977,0.9307194500939361,0.37795438008957816,0.771982259180262,0.5272414560085996,0.9133604180471595,767
0.8913328053593669,0.9718278472171901,0.7771568891648988,0.921825767262815,0.37935264447936384,0.6113004843249831,0.24037874860244104,0.44966041172477433,0.951479802574149,0.9861100445680799,0.5938455131743046,0.7257125081404064,0.31773927598641605,0.4621489202677509,0.7442359472449399,0.8177759522083707,0.40641991302324043,0.5153325817604067,0.7719474530174314,0.8062961222311944,768
0.8427699416928922,0.968048683953562,0.580653256602532,0.9172079139415662,0.13378490693931255,0.6299593045369875,0.3390652803142977,0.5173353445047423,0.900056238557134,0.9864060618426277,0.40997164646275824,0.7488678025086973,0.5185424645857801,0.5894246940293795,0.6897793159332923,0.8709714989411046,0.616728909309042,0.6821844969913724,0.7014693581976037,0.8610279215521573,769
0.8603537121078512,0.9697604071603927,0.7033752850360727,0.9210675230915037,0.394322965006144,0.678083318320928,0.4582438506583938,0.6188108774334056,0.944657575880715,0.9867757001308566,0.6577702153031215,0.8020992111911004,0.5097597113169813,0.6138794590559061,0.8095613872323264,0.8667134345234778,0.5411913195779204,0.6085196919785807,0.7490494117908653,0.7810231623460328,770
0.8640004230228455,0.9782144614305291,0.6696916236614883,0.9419113497591122,0.41552202142998934,0.8672248110091809,0.6424516754091893,0.8615795794775508,0.9329369374379856,0.9898685411941532,0.6636030373419437,0.9313979402659724,0.60451971553782,0.799024047583445,0.8202977205187978,0.9517374495272717,0.5575359250577311,0.7957760425075202,0.6940682381970115,0.9549756814333539,771
0.9580035190891092,0.9857241964034148,0.9119452814399269,0.9675806627172032,0.7954277761448605,0.9310478264511249,0.8034172016998092,0.9185069957544869,0.9842508951819606,0.9955819322790094,0.883878672723114,0.9535287359061836,0.8210279753960622,0.904368729766472,0.9325604427034107,0.9689363539692325,0.840091026230935,0.9063961986434087,0.9370680736186094,0.9669626373229162,772
0.9450473131338931,0.9850581112001165,0.8833185719084466,0.9660919879699306,0.7092831102958963,0.9269068011824663,0.6753054678899275,0.9139450627063713,0.9794246035852991,0.9951823960975285,0.8213529413015562,0.9501095103803691,0.6819802001538504,0.8994356797185672,0.8888119650283138,0.9657228179207309,0.7072936751879492,0.9009266475201197,0.8827417769475272,0.9634773873085236,773
0.7659587250335231,0.9804173276243131,0.5011515720967633,0.9558205591963208,0.20581662877334755,0.8791698331022979,0.4163403022153522,0.8362721776677334,0.9047474176400253,0.9934117026027064,0.5886972425619572,0.9086243720056353,0.6181770129288517,0.8154060123890173,0.824948076024263,0.9351462531697878,0.6664430863068761,0.8203604347654645,0.7550525517396706,0.9391430481334619,774
0.864700463677894,0.9699206840261734,0.6954290736134062,0.9195304722597702,0.2768567769328933,0.6896880221043865,0.2546843987914727,0.6227359729763551,0.9372887430025637,0.9865895201439322,0.5610667058086687,0.8454571378711068,0.4409890569723468,0.6829631724752068,0.758893202959372,0.9144148797973642,0.5847130496515854,0.7278606038983179,0.8695276181452447,0.9109540366873778,775
0.863489026045407,0.9316321155737161,0.7080825251010707,0.8510195642262686,0.4259529246541983,0.7301276626272651,0.49813224489072594,0.7683462759025191,0.9505494630364685,0.9836599395278944,0.7245190087792304,0.9007128445234575,0.6807858423477695,0.8430699443015098,0.8722123902105372,0.9547764620540736,0.7662087944901359,0.8658375847279114,0.9000404267275732,0.9361238772400335,776
0.7235803408449796,0.9154931883314362,0.4786691350146388,0.7836607599059721,0.15905186088059073,0.3832279387097961,0.166558492516908,0.30680167446210316,0.915539448436735,0.9634557944193112,0.5958837871397021,0.6466297708011206,0.5104700337961017,0.5773990337240242,0.8247251703473667,0.8496999098220565,0.6918843920397881,0.7958767041859417,0.9000543077210722,0.9365948732461447,777
0.04349461088388955,0.24288696715357663,0.09359955638786374,0.34058004359029564,0.06206070471581251,0.27740406447576366,0.08890675611646504,0.36403515167639033,0.0675568253236646,0.2453630735074487,0.053808545020206607,0.19701101904533674,0.05890840113029699,0.2543900739027618,0.1317223316155807,0.43262751653110254,0.16442228713143087,0.5242088752841064,0.1086466735568693,0.36377380597313336,778
0.9078320290367231,0.977194852810078,0.8257656805451922,0.9427234959435628,0.6673019622804737,0.8574543990920037,0.7804461375513451,0.907221759201376,0.9554440602029638,0.989471599895756,0.8393785877567962,0.9347139570746904,0.8491410752448278,0.9515784881876226,0.9226846857441999,0.9720955398104668,0.8666127313053325,0.9683863886458207,0.9011980352798613,0.9781357467307537,779
0.9241289805389665,0.9800646024168256,0.8619804971955524,0.956856168441448,0.7195430828119891,0.9109783460756359,0.7464694537938432,0.8881558855588193,0.9711868848462221,0.9940501727637325,0.857617924746031,0.9347471990169961,0.7933345230031597,0.8601560068164813,0.9211323546958843,0.9537384759824922,0.8181641595879783,0.8737551295133212,0.9136903835330837,0.956499837959217,780
0.8822153340528575,0.9808275383016734,0.6365050846467861,0.9590482626672389,0.22740067418042167,0.9140045380448172,0.4292163808133014,0.9319942858274469,0.8989283883707269,0.9939719556474423,0.44779876472054103,0.955055288102857,0.5904899820830535,0.923795446204693,0.7131026571953066,0.9742012920583342,0.7203756769890209,0.9185012077607152,0.8196148171082251,0.9585081871158534,781
0.8940515273767532,0.9829022698426887,0.7811445538990144,0.9597646215610814,0.5617815291910918,0.8686839895781091,0.6044853141334057,0.8018523181587498,0.9651014882170127,0.9936496654782522,0.7750880820165854,0.9045919321762925,0.6274732286141227,0.7890572411646518,0.876109528542145,0.9348343612467125,0.64158085438598,0.8062172782250477,0.8020131833142359,0.9366062602820481,782
0.8993150414468447,0.9809948515268273,0.7977372214638222,0.9547662192307421,0.5323211710294377,0.826063063549517,0.4514948266730986,0.7481756736576707,0.9649217785075662,0.9926303491887998,0.7061886321104086,0.8719222502050973,0.4768920681203504,0.7313397148850859,0.8173207998130235,0.9126646870136712,0.5342736176939433,0.7531959881458186,0.8302212822522363,0.9221502124046178,783
0.8809126512399763,0.9838343931627912,0.7676508420724054,0.9587062843843722,0.5283219240208188,0.8286337572617106,0.4982454125808552,0.753178454122484,0.9607174211015439,0.9920861319701456,0.7293666211676727,0.8834552780592422,0.5136763060419679,0.6535347463185048,0.8375877422361352,0.9134202440755972,0.5471058176777139,0.6285500921833663,0.7959038544708141,0.8652000782208645,784
0.9134286709078095,0.9836928962076908,0.8413923378083676,0.959061348921173,0.6618624125817338,0.8190594799321148,0.6091478953298346,0.7252029896267732,0.9682189195068822,0.9930168875425998,0.8018753862837543,0.8839261641779543,0.6179427197000381,0.6821031323940748,0.8763563095731339,0.9204665659522409,0.645383063723814,0.7018997770120086,0.8449553914726717,0.893348654255921,785
0.8888124628083709,0.9861583536634231,0.7827945828122144,0.9590161918858956,0.5038502066681168,0.7995521431550214,0.41267372775168354,0.7588875098859412,0.9615059672908987,0.9920849071322008,0.6996990481038465,0.8955235878101904,0.44352942141575974,0.7380852007683337,0.8137313696364556,0.9367360629465196,0.4951935168500695,0.7385013081508842,0.7872173454063799,0.899704082612192,786
0.9158600167038771,0.9827320599445871,0.8351587344912181,0.9569008598494712,0.6084234011542416,0.8302979920605289,0.5227824038891655,0.704891719355274,0.9678034115324806,0.9924518168608588,0.7451129852462328,0.8667003615102333,0.49142503328565645,0.687102017763453,0.8286940261667657,0.9080147598402433,0.5037775468416941,0.7101261491023187,0.761845136387226,0.906431375667419,787
0.9269529783940812,0.99106809968557,0.8596594618523944,0.9750984884882624,0.6483654499629812,0.826448954621153,0.5729977291977064,0.7339163644999083,0.9712191851220838,0.9949775195003265,0.7792383025284895,0.8792927437691676,0.5813572177954575,0.659571666162363,0.8577335859314201,0.9116584328452264,0.6124134005001844,0.6933066082294708,0.8344406049647461,0.9042367849141336,788
0.9212488666392205,0.971283018866656,0.8384357788491796,0.926949529305486,0.51430702997524,0.726307880670829,0.3746308050167944,0.64838149461167,0.9664978978217031,0.9875413579093264,0.6622317630717888,0.8203443311830797,0.3981714101348195,0.6651779694983336,0.7753357940589798,0.890710136126036,0.45949703367496814,0.6977746201553386,0.8047062236294076,0.8675132746554809,789
0.9061832696693486,0.9777282525953944,0.8445887266293537,0.9437318737308843,0.6837464771742788,0.7361187712281612,0.562205102891679,0.6822818514257049,0.9662272575035113,0.9909283942969971,0.7990793469415715,0.844667711669923,0.5186793802979653,0.6232091261088035,0.8603475533455696,0.9021561796210059,0.5290683728254375,0.6119400234505296,0.7725704362795349,0.8394366423337529,790
0.9039294806547781,0.9650140183518915,0.8172177313586315,0.9133931185594656,0.5286664011112336,0.7036076686745483,0.4095906725163878,0.5971061284322268,0.9577152327802536,0.9865427908409797,0.6818698648565525,0.792882239418734,0.3955056589281532,0.5199924395311897,0.7841546700367388,0.856644191590111,0.42424839527425995,0.512107143204671,0.7253707298251665,0.7793396605733177,791
0.9139271712353,0.9748613027194672,0.838185360082562,0.9337667512954697,0.5494494359235657,0.7349852572404835,0.3516241983177369,0.6037863047040369,0.967826558054157,0.9890395556778128,0.6975750327273689,0.8177763119851608,0.35871606502001896,0.5136107643584484,0.7957129689807904,0.8670531323886536,0.4053315277656461,0.5620131587481066,0.7411843514825571,0.8014561561167683,792
0.9048206357274612,0.9778502153165363,0.8282362416942982,0.940193518077472,0.6341828561234086,0.7457833589374658,0.5149056622728898,0.6580676127197473,0.9678323420855839,0.9896085146441713,0.7813240982440913,0.8236377458626655,0.48153951598850275,0.6750531068480272,0.8558530581753969,0.8857435561247307,0.4916959295941655,0.7186784719568517,0.7315271905407227,0.9163378062643761,793
0.9114853468331406,0.9703297666457319,0.8307706804320872,0.9200698160608074,0.4932404543110172,0.7115273997155752,0.30409780738938264,0.5096247881413942,0.9607789479705429,0.9869418165538765,0.6523386593731617,0.8016459927985718,0.3226507263142541,0.4649589012492477,0.7649283355131201,0.864249523856599,0.37256328412575435,0.5026152273450918,0.7141159858923052,0.7891910549995399,794
0.9099022061561953,0.9721790358370017,0.8323774193739504,0.9290907430728317,0.5871860514386721,0.7962670019779269,0.4695630568962698,0.6663370158568163,0.9656243468461159,0.989875369542256,0.7403732727813824,0.8581572698714922,0.47131378526231577,0.6604808197807545,0.8303471791362654,0.8986883547927639,0.5058360501643165,0.6864552167096863,0.77356627640684,0.8790488630102906,795
0.9038619174682837,0.9753199012995271,0.8240475714707653,0.9354815282023303,0.4595710661260577,0.7975729362032823,0.23989282120908106,0.6262521744507227,0.957502861573651,0.9892638576634306,0.604862706956819,0.8577913780424812,0.25572012748618106,0.5386071816787594,0.7238562413654349,0.8928602692597287,0.3193183656258495,0.5690304747060809,0.739906740699734,0.8195221896028054,796
0.8972775645642131,0.9775594976562552,0.8052962415566993,0.9358148219663992,0.5154032487998854,0.6948139009613504,0.3817004523616116,0.5834501929554561,0.9633656396556423,0.9879221632105191,0.7087266132099546,0.8160842734970463,0.43532860622403113,0.5503635783294938,0.8195140623297834,0.8800989161474837,0.496652137090626,0.5997570620057299,0.7900269698695955,0.8724131191542293,797
0.8908575283241129,0.9643395241595694,0.7858617283091119,0.915521868757756,0.4474949869801045,0.7433261121890239,0.35159709707294867,0.5475895491688249,0.9501289259047193,0.9879144258180271,0.6080747536231972,0.8190246297851951,0.35302562916856445,0.5175265532673269,0.736710470440113,0.8793065694059033,0.4045608328835412,0.5628465231599437,0.766033287480517,0.8167780764675372,798
0.9094624160158709,0.968017008937263,0.847981432877518,0.9180256650581005,0.6738808569231762,0.7300015744014714,0.5057072503146732,0.590811196714508,0.9673101953914094,0.9868331197905937,0.7766784562299736,0.8159567191112623,0.4494942638434758,0.5066681547789631,0.8402542798137921,0.8819050180803597,0.46082400814866814,0.5503321633179725,0.7419447165345981,0.8301484461510527,799
0.9126813534217726,0.9763727948183342,0.8440263209014239,0.9454349020337688,0.6220000285662942,0.8038008295603237,0.47068647144112613,0.6387812485066086,0.9690853640898565,0.9925920669620848,0.7675400926824767,0.8822860690423456,0.47189652919030595,0.6182949373368275,0.8478887438760554,0.92449472272436,0.5035406791497151,0.6519182109551754,0.7625431315578796,0.837567359604931,800
0.8876159633162938,0.9816213645055515,0.801423115480543,0.9587582949172456,0.6103296028450448,0.8679796844989275,0.5081191829314129,0.7329639438084385,0.9620728799730334,0.9946939848805155,0.7582092675384938,0.9227225441293817,0.4521754301635929,0.7399590827576474,0.837614440689087,0.9505207455399967,0.45560718350685275,0.7591079976666043,0.7238925476075674,0.8861326372548571,801
0.9163861503103561,0.9787072369855448,0.85346011068322,0.9423884546880595,0.6907405640932115,0.8251115458153093,0.6022348595569659,0.7423556326795357,0.970676993026014,0.9902371802658765,0.8081007238143258,0.8906296370838035,0.569579486255273,0.6155098065545349,0.8706006170772329,0.9086275581648078,0.5791909144550373,0.6108748368983292,0.8013075849028712,0.8364151017099198,802
0.8909408461086399,0.971755593418015,0.8001818853658789,0.9238192854513411,0.5567860640529575,0.7904166954746036,0.46237634788791415,0.641965857783489,0.9576690776196188,0.9891784147613255,0.7181336633198183,0.8549088102686271,0.44239876111297477,0.5628788512934368,0.8150077015192113,0.9106328231717249,0.46735683957468876,0.6023388709570274,0.7462451489204734,0.8211537883448192,803
0.891922935949432,0.9748526967225296,0.8073251975345095,0.9408177600879137,0.5894224414082848,0.7973924292310259,0.4677082154476446,0.652411554973776,0.9634972323520179,0.9916292824425853,0.7329815943414513,0.881340490222284,0.43268232124518036,0.690186504611723,0.8192345096226009,0.9269634262112346,0.45775219436339915,0.7298972132441827,0.7609205830980638,0.8937170131895935,804
0.9057808874623949,0.9711148443548441,0.8262128796948196,0.93451608805632,0.6115948150488615,0.8481440541340276,0.5207829072084307,0.7219466658000626,0.9677720925073428,0.9921971982934071,0.7795218450194286,0.9009892815689524,0.5166450586054897,0.6670414689869789,0.8628161411458828,0.9290603769114025,0.536097532356264,0.6628012704535567,0.7532976661119833,0.8605388708425895,805
0.89995927056175,0.9587923610573936,0.7880063482023116,0.9051818770973854,0.3997856088218991,0.7139013550185094,0.30064125265401775,0.6993891445600807,0.9520170890174249,0.9866995596847811,0.5812098499887961,0.8689913302996615,0.3486037443814734,0.6458857907820531,0.7280001468776539,0.9230612464292401,0.4307928112775542,0.6273377437103659,0.8063710289648472,0.8650459374284328,806
0.8715177292703676,0.9711258269085818,0.7481186867716463,0.9226734752840103,0.43595609097491633,0.7326675351193153,0.33746913757978614,0.6520464318176353,0.952868479481429,0.9866152100276513,0.6334600171418026,0.8204456837533763,0.31039944821796794,0.5529881924114777,0.7572066763878958,0.8714838464913303,0.33590172824498515,0.5583240170888505,0.6746112933705969,0.8246413432621233,807
0.9162542371631692,0.979615929128635,0.8346850673390023,0.9481420146090198,0.5198866872152469,0.7671471325739132,0.3331822888255261,0.615475774476348,0.9669935921682213,0.9912725194134762,0.6585525525122892,0.8334185841963657,0.33178600431287675,0.5994566253809176,0.763621122701119,0.8805246053706192,0.3807188222466241,0.6752628931299051,0.75304256488671,0.8802168062128002,808
0.9033099062812809,0.975147581101504,0.837659531490347,0.9389355286437048,0.6305997474592089,0.7469702388282159,0.45931285496976626,0.5545207303842541,0.9641339732884401,0.9906116862392161,0.7416120185455666,0.8261418683813401,0.4215581503799791,0.5043572947178394,0.8184368858332648,0.8841466131226932,0.4501890488611755,0.5413772827601784,0.7653824472505063,0.7981566080884126,809
0.8943890214835064,0.969007174356921,0.8179468409823274,0.9279292963322756,0.5879079279784963,0.776382629055501,0.3876400967910366,0.6610561726289027,0.9626929358633467,0.989987400835629,0.7219612604929164,0.8732760387438161,0.34850248353997815,0.702338550640759,0.8065397200565779,0.923753565523679,0.37312421353582126,0.7417377393336453,0.7023751149826003,0.8991444501190416,810
0.8563905208334934,0.9828604478647821,0.7319374576270686,0.9602208969072932,0.5006513101828781,0.8599099867463228,0.48384687001156246,0.7350384543961948,0.9545196115410897,0.9944190232862604,0.7397413218170789,0.9147196440779906,0.5559669046752662,0.7555502290214077,0.8547554999123073,0.9459987860730661,0.6124936036287437,0.7843655109475044,0.8402641204256319,0.9161461398444782,811
0.8755077741872855,0.9640329055201426,0.7764569366315816,0.9068571286206575,0.5503874119066924,0.6854106377334774,0.4418838104219521,0.6131470126966527,0.958703853457158,0.9865447143503441,0.7139365411955558,0.8066122623864725,0.3908831402491978,0.5742289424788984,0.8064647913225128,0.8770475295804656,0.4047071248460203,0.6254775301191345,0.7121542873318322,0.8534672159104226,812
0.9143687379788719,0.978800840608303,0.8520677362643612,0.9504968120805587,0.6962746064689399,0.8233689674350633,0.5685280123830819,0.7437267946893046,0.9702799644945664,0.9928789568434158,0.803314420846203,0.8888653347913905,0.5227925846975806,0.6919587717379797,0.8624145960861973,0.9284553074119263,0.5338219738859202,0.7256733774396247,0.7855925410456692,0.8928811435881016,813
0.9132256750857195,0.9774759980409184,0.8396005068040037,0.9424680904585089,0.591447532259906,0.7506683363250284,0.45672079242274743,0.5623698700029833,0.9686477930778123,0.9906868850371157,0.7527532296647578,0.8432156333370026,0.5075314467144016,0.6009107653002792,0.8465813068358604,0.9010732876192251,0.5685673865736348,0.6638597561372533,0.833112377410532,0.8881093549712851,814
0.9031465777547988,0.9702063249984341,0.8236118546691772,0.9303396689625857,0.6497814318535085,0.7972733353755173,0.5872070051875903,0.6614414653378003,0.9666284806272739,0.9902462662624788,0.7937732052005224,0.8497377539385628,0.5493248356212156,0.5993407172005186,0.8654335997014777,0.9034092072544583,0.5532602577399427,0.610310487738125,0.7739167859742155,0.8334356319114997,815
0.8896867560527847,0.9577231413575097,0.8017843662228252,0.9084630558242749,0.5559463577014402,0.710916582030051,0.39692758640300785,0.5976940098948181,0.9615334966003037,0.9877932142796435,0.7127291913887135,0.8108267430187226,0.364737093932336,0.5154158559400736,0.8054888063674404,0.8621045962695256,0.38992956276141694,0.548291863676656,0.7077935025538568,0.8277798022374708,816
0.91549627982915,0.9848467316952367,0.8642116110943835,0.9663650155105278,0.701105006260896,0.8850116389827133,0.4957893789232733,0.7480391373186808,0.9734144472888611,0.9955980745753576,0.7810152276015151,0.9294549715951732,0.43065016377966764,0.7610564090527012,0.838792731106437,0.9541735595355679,0.4469080420275832,0.7845658313747783,0.7581239453574898,0.909404479835271,817
0.8893221245935277,0.9818008347837143,0.7944506762133299,0.9554080984947314,0.5193101765446643,0.8201904318557066,0.33940297271097064,0.6707838788777664,0.9632215072153311,0.9932603449902089,0.6782351707983253,0.8890918875114072,0.2917802918814262,0.6911002118020484,0.7762893522994128,0.9298351723470986,0.3097284535605488,0.7330000561082337,0.6473024274737923,0.9000487921155882,818
0.8827514089344762,0.9610869909810708,0.783836470455674,0.9092412686514302,0.5599656271576928,0.7174887640936644,0.49202376173686974,0.5937072076798083,0.9634648086110268,0.9872982246882765,0.7575273891120461,0.835108091390773,0.49920442524208947,0.5969850025059592,0.8523875608838328,0.8997533752689262,0.5249564897297484,0.6431601414004398,0.7645230018003898,0.8595991945326517,819
0.8868857603307573,0.9781805119022108,0.8065610084182078,0.9519516979335426,0.6593200734748426,0.836969972766286,0.5388179014649467,0.6344115537007468,0.9683441486352711,0.9937452823951024,0.7932417081931937,0.8950243942413618,0.4631931387703478,0.6309394805095916,0.8561667895166634,0.92915983594277,0.46455000405262453,0.655588401660065,0.7363652420637894,0.8412293334520783,820
0.9068078880548538,0.984164454576321,0.8186133188649675,0.9597892300878824,0.5610732248589037,0.824831595336783,0.48544895718901376,0.6602783515295283,0.9662508459526112,0.9935957311184713,0.7476317081215635,0.8904341924984034,0.5257356360986291,0.7056720205259527,0.8483183418995184,0.9309117951238971,0.5676203215257446,0.750308063618037,0.7935854586529852,0.9135675462750958,821
0.9036505493025638,0.9782229854401534,0.8394925739618038,0.9519588247897629,0.6977499893974205,0.8400850192499447,0.5163608357684782,0.6722001442211136,0.9719854711369427,0.9936523396621054,0.790447834015731,0.8955026324776373,0.4229224179188714,0.6587196742193698,0.8445033499885641,0.9293252607757176,0.42188541282282793,0.6896459218400807,0.7232150961488714,0.8624171157978309,822
0.9190518771014634,0.981505098888337,0.8503966110959577,0.9561391548861465,0.6444196434862561,0.8340357690706881,0.5321883869438763,0.7827971884892037,0.97241680963337,0.993697176491788,0.7941622886765369,0.9085415817928664,0.5466363213068814,0.7690659414822703,0.8709771152701841,0.9469076845649117,0.5777858374057053,0.7688573388879093,0.7979238729841748,0.900953325811196,823
0.9108721420838236,0.9730111071339481,0.8437489183234409,0.9355127431038113,0.6491051904240228,0.7659948456354856,0.5075109246031294,0.6635187398037814,0.9686405126610248,0.9905876362285725,0.7598758623460107,0.8528201247343359,0.4651130514935415,0.6065004518944653,0.8321737406557235,0.9066912500545391,0.4855146393385046,0.6494321322648109,0.7778181434162154,0.8660140409313363,824
0.8978007503201461,0.9604486410266018,0.8213857175475323,0.9087685623486731,0.6460043237526649,0.7855339991067714,0.5541973616188518,0.6167829254869049,0.9677454012822736,0.9876751088926288,0.7854525608413633,0.8526708944725692,0.521630273026572,0.6555484077985634,0.8590203494481806,0.9147367851845767,0.5391408422227573,0.7077889161225676,0.7882093200926794,0.8841667754031797,825
0.8916593557169791,0.9793008750885153,0.8065313181764716,0.9490560842242939,0.6209728262763089,0.8023609574095792,0.512757925093329,0.655034998045435,0.9631670374490265,0.9921805810711709,0.7535079038327767,0.8837593676517752,0.44226094247661973,0.6922364366670257,0.8264616083640849,0.9282659480593255,0.443025560836517,0.7327439715258866,0.731319035720587,0.9099024339690245,826
0.8713398396004175,0.9830998237877369,0.7667506697890862,0.9595204614158485,0.6090857902066262,0.8564343556194862,0.5882784634417793,0.7554504292632188,0.9616016389726255,0.9941479293664418,0.7890438306296184,0.9160560268455965,0.524502411359004,0.7870227884690281,0.8657734693390836,0.9487722129983388,0.5121863317424499,0.817894712752792,0.7389945429657885,0.9333583030032884,827
0.9090865597646441,0.9715828692123033,0.8413862072051311,0.9356976730141064,0.6730526287271393,0.7884413429258847,0.5585363038049334,0.7266021373249715,0.9710719249566079,0.9913769088560753,0.797395090263271,0.8714605059373483,0.5207196023292135,0.6185248494545164,0.8631639073481542,0.9170691116488882,0.5349775967839752,0.6478394585986766,0.7861470208003319,0.8491742207043415,828
0.8896826339787004,0.9818181196510296,0.8052294516974609,0.9593696790129485,0.6029727641925369,0.858922664576323,0.4998604363977366,0.7089206015055262,0.9644866785985383,0.9945424299353233,0.7534681604676489,0.912990964314665,0.4713443498623572,0.730527232580538,0.8370613345288608,0.9439757998786582,0.4952459403271953,0.7616070724469041,0.7760827370135563,0.9068853767435363,829
0.8767489856759831,0.9831201659167454,0.7805057603998165,0.9610467565967865,0.5949878826325729,0.8349085403285442,0.49931995936688445,0.757603546437181,0.961644858298256,0.9940582977625745,0.7427936693399718,0.8944680517915999,0.423595543811548,0.6956875589108076,0.8229279662708315,0.9291475243784665,0.4238588804400611,0.685737302142779,0.721828007167203,0.8768336790461514,830
0.8714896820228067,0.9711889974894452,0.776063703794915,0.9278096273760366,0.593501513640753,0.7807374044180263,0.50317359717112,0.6984023558050001,0.9632748179801984,0.9885498332663037,0.7636308598565578,0.8738895612704701,0.44857783066012935,0.5967576208797507,0.8452449218268793,0.9097165581258152,0.45803612994381376,0.6559461851620191,0.7322246268261605,0.8823419395534849,831
0.9080169968376184,0.9769638673262936,0.8381848238274049,0.9471628083363742,0.6032533815018748,0.8209060663634876,0.3927824089268047,0.7280944693339265,0.9687743978498653,0.9928151095281919,0.7113512429766093,0.8951264804512964,0.343784766543465,0.6987439516503751,0.7912501493711259,0.9346715252673078,0.36733043501922524,0.7352528609235705,0.7208069381448555,0.8932631985236351,832
0.9208236350255982,0.9702209497566071,0.8659904386508614,0.9337581750084654,0.7196654765703827,0.7913434124398612,0.613907141061355,0.6828956289922922,0.9738426607390275,0.9912749202263238,0.8133721534159444,0.8740833061963837,0.5721402234778714,0.6298994687203922,0.8696649049416647,0.9193352475597933,0.583766563382165,0.6636484282699858,0.8217987535336219,0.8553533841160984,833
0.887001952777644,0.9667426937377048,0.8039159497952559,0.9249247592195402,0.6171779059871506,0.7600169677747872,0.5074380927847858,0.6629920741122654,0.965798162051314,0.9896230147042464,0.7775802723591866,0.8523615538472287,0.4921536418110104,0.6131248968592544,0.856757159596251,0.906159735187609,0.5196143362131526,0.6565217541746904,0.7821678683214113,0.8670807818309813,834
0.9007151647931944,0.97401712921308,0.8260406509185185,0.9394003112699232,0.6430256066020836,0.8322404795462497,0.5231337064200787,0.6910123307105202,0.9670224035180744,0.9910437779275383,0.7732924584023999,0.8853740776631709,0.4900164282405528,0.5946941723578888,0.848653951757514,0.9140403162524638,0.5121438057860606,0.6231523378476899,0.7831592932656267,0.8650945557943978,835
0.9085224367353587,0.9785682054572032,0.8386842223972378,0.9515328613392511,0.6352607380893679,0.827605252638066,0.4905069931579469,0.6373705709866269,0.9667539653030566,0.9933033535609637,0.7374204816976553,0.8878125609228151,0.43704995253056556,0.6441604247126406,0.8114052134349378,0.9251797860815044,0.4565316722022988,0.6744191048191519,0.7757301132371669,0.8618578556934623,836
0.9065259248542189,0.9771939858573103,0.8298593357813531,0.942212471471933,0.6243725022355411,0.7604409545652088,0.5096711477561107,0.6436467262854579,0.9692026911440681,0.9906375320531551,0.7760274586004717,0.8523768233936714,0.5011817734576139,0.6331307476012104,0.8553582298131245,0.9040588067638913,0.528021238431247,0.6898633024936867,0.7802550744737377,0.8979249451655196,837
0.9033490092329576,0.9773223132852659,0.8240922948219654,0.9475249570818618,0.5889431040401056,0.8192183529605126,0.4524337059237632,0.6589991411060742,0.9655747354461462,0.9927610223678391,0.7314136024424328,0.8929368220464827,0.4392726050933704,0.6898472355439371,0.8211285326562262,0.9328869605354635,0.47466137207248904,0.7254748172919472,0.7771411169552453,0.8869225707640928,838
0.8975236571379497,0.9708679416355689,0.8221076513834413,0.9354985728050925,0.6127216086913551,0.8120625790990703,0.4645455303870047,0.6759816967217254,0.9669573945148804,0.9916254651881269,0.7531866792373849,0.8896171498853896,0.4487447861003593,0.6853181116089526,0.8359358137538209,0.9301686211512806,0.48483463163769824,0.7115268917164574,0.7849595414431155,0.873621374807123,839
0.89008895481989,0.9692112700599229,0.8126663169822107,0.9318944613563633,0.653525674446806,0.7954524490536237,0.5653424899894807,0.6986868711657653,0.966886107565131,0.9911942035028278,0.8063731081195032,0.8797267410204812,0.5336588683467592,0.6560940520548931,0.874298647644612,0.9265103973698843,0.5453198607056605,0.6829385942605686,0.7774054806769083,0.8613927313197128,840
0.8904865288664823,0.9657228709070285,0.8078100998601452,0.9230511004507852,0.62695252782471,0.7524456354935918,0.520186557987742,0.6882499888132028,0.9632061810030301,0.9888966018027321,0.7710133473594605,0.8453331740670921,0.46612113816804823,0.5834479491756696,0.8457802087422623,0.8752276069187056,0.47353290580658053,0.6185447851550187,0.7412416095946524,0.8333579621505758,841
0.9197571556223384,0.9763737686409057,0.8622839826884822,0.9487120636578816,0.6923751180425278,0.8364875365933397,0.5283672043771,0.6910862777372623,0.9739455062490368,0.9933769142074842,0.7875491426090924,0.8933083182310065,0.4824990365472957,0.6521804334570411,0.8501429807210046,0.9276112995351363,0.5030492592449555,0.676031090532666,0.7881158814299088,0.859762966598607,842
0.8710651395574007,0.9784458906332573,0.7646353497388684,0.9489980564591808,0.5184402766800945,0.7931928158310309,0.4310600764948929,0.6049330563705975,0.9592564207371373,0.992235610338257,0.7283039412779603,0.86047572575823,0.46006166705807744,0.6406043914785746,0.8354773793058884,0.9098765987061472,0.5063090992015341,0.6814190986383375,0.7809559273803878,0.8679445392279528,843
0.9055755091147951,0.9777031071345536,0.8249498302495504,0.9500875615441043,0.5816626783752054,0.8183547188585191,0.45687121999811475,0.6595422571954405,0.96773926375539,0.9931421711683612,0.7519974688195697,0.8765945521615032,0.4983846484833609,0.6360427407773661,0.8470262673281033,0.9150578980615149,0.5540900758932706,0.6831668874535681,0.8193117654739033,0.8679529976630004,844
0.8843102302942704,0.9686108664442334,0.7895701242451179,0.9235021441197798,0.5990032804637501,0.8134438407047401,0.5565654261302956,0.7241734596326818,0.9659554087552673,0.9882391110470767,0.7920704342038325,0.9036893145339027,0.5724846846809666,0.6125446853220733,0.8772310227430946,0.926023531976102,0.5983730446597262,0.6690803423872416,0.8054791644352517,0.8862463763441443,845
0.835314121067773,0.9815078273091343,0.7341102816918544,0.9582194409403195,0.647917109886477,0.8407348113701839,0.5647961967338184,0.66196610221205,0.9585744023306435,0.9940922205697054,0.7769290530672943,0.8977841886334149,0.4217673973662999,0.6636049764477523,0.8328670738427513,0.9317433128840077,0.4058851349992689,0.6891217462589015,0.7243342478551246,0.8630939281564194,846
0.9159886404640869,0.9721116839199052,0.8558734773714264,0.9339185257347157,0.7302412119414033,0.7975440351009083,0.6703852541274277,0.7453971363708711,0.9724279055740318,0.9904057164444404,0.834761659043533,0.8769430588897458,0.6363028165830688,0.6892610614887745,0.8895531804368779,0.9181611736475769,0.6451486912721501,0.7249232884755125,0.8463475960260538,0.900129041203125,847
0.9051068626019517,0.9809176128232839,0.8403941290404173,0.9566156608528027,0.6826640757245059,0.8470515448069386,0.5432950904038664,0.68545008869959,0.971892260577239,0.994123287637497,0.7947599073464771,0.9064664432199481,0.4878676557766141,0.7067284022507099,0.8559985777745369,0.9397410547249786,0.5000173339250442,0.7375730301640003,0.7747488109833659,0.8913494838243472,848
0.901325874595126,0.9748870295875355,0.8240779137248673,0.9399217931941398,0.6900816375333386,0.7749632286624093,0.6296294173364392,0.6979061817792748,0.9720602490609752,0.9910875968142447,0.8331063502904503,0.8612938012567138,0.5737475747333362,0.6317407070733235,0.8921793775987376,0.9126742003610309,0.5660328077163808,0.6813953032672097,0.7689213623932878,0.8823336032048054,849
0.9005155821159021,0.9765161293497499,0.8289646332991385,0.9465902635239243,0.6582854045955052,0.8276601719297597,0.5448511501591441,0.7381039760902667,0.9674268743845706,0.9925662178993395,0.7731531017923607,0.8923841777381121,0.4898738124514735,0.7159312155735454,0.841996664694793,0.9308170725063308,0.5021813764544839,0.7455104009325269,0.7841041042530619,0.9019774552639402,850
0.9103175684729445,0.9746448174450398,0.845906780476927,0.9430971627791275,0.725059078519882,0.8261504385088847,0.6318026661531836,0.7042045577902835,0.9740456032210163,0.9926286517289586,0.8308645027212338,0.8990266496101723,0.5667937467294755,0.6911274015633345,0.8818396460178188,0.9359763779977548,0.565101566681019,0.7131453088566926,0.7952722841198712,0.8641439577902765,851
0.887449556280707,0.9845745738348975,0.798374639208142,0.9637585584050883,0.6158929664177168,0.8353962344837471,0.5217002762904946,0.6313875341159678,0.968032825824178,0.9944626588731482,0.7835389075556897,0.883057258032267,0.4827343225142783,0.6069241914389258,0.8609374008649534,0.9190885031891515,0.49280807819200695,0.6407593971163729,0.7433331964815754,0.8534130024677781,852
0.9404289342172436,0.981150939440486,0.9015608073154326,0.9582943514934588,0.8015535713365008,0.8831227893585534,0.6644409904186916,0.7649413101586254,0.982502588789856,0.9945987619062581,0.8749227441470889,0.9193636169837482,0.626813148722043,0.7325758884708853,0.9132366876629079,0.9461819177802748,0.6362652759766098,0.7509600270108643,0.8285407506317461,0.8886447752181146,853
0.9168936626719665,0.9781587443450621,0.8569363820391892,0.9507306669743896,0.6763000675699464,0.8358328065827014,0.4777461213128784,0.6652370601904928,0.9744139855681937,0.9934614575648313,0.7989018042905284,0.8995375950350235,0.45679621631774675,0.6722815430953601,0.8652329995411315,0.9345216151210365,0.4855735103308005,0.700676267738747,0.7596886098487797,0.8795389276431779,854
0.859602633303138,0.9685533189269803,0.7432506672658177,0.9249097550288742,0.5217485821808359,0.7087129282075294,0.4696864072695592,0.6897999265925985,0.9591754021887184,0.9881252355511444,0.741271447672282,0.8225450517644084,0.481012192948322,0.5742908627393838,0.8454552476639445,0.8737429865256984,0.5146147691386325,0.5763159816211234,0.7755046654437685,0.8230588023349388,855
0.9199827161865034,0.9698871324205224,0.85942833918656,0.9330519174104309,0.7062121045979157,0.7898337039410335,0.6391934795202461,0.7208360055870696,0.973536795243779,0.9912111100773081,0.831455849573413,0.8766542539463975,0.6376264997244422,0.7171886459150967,0.8939819162062158,0.9241124783078658,0.6583928672603315,0.7299363374127785,0.8451110632437605,0.8733488174092466,856
0.8721324575917653,0.9750584038638374,0.773709810375728,0.9434311528279304,0.5477454675452803,0.8142201726212908,0.43282056403776553,0.6718497770388137,0.958691099056318,0.9920142783090482,0.7006902596831492,0.88031952744584,0.38964330545863235,0.6834865971233929,0.7979630588148499,0.9218486347231644,0.4198210064701552,0.716272567912026,0.7599571734994931,0.8937548793178637,857
0.8900364015807223,0.9694785925212343,0.8134212366681619,0.9289408894431637,0.6801484314130254,0.756599168530237,0.5484804095816296,0.6281379022013275,0.968910255258774,0.9891179580940193,0.7786934698695243,0.8338792453634345,0.4412476968526006,0.6459343195152358,0.8340626734991825,0.8967288565050612,0.4310201517690505,0.6848886233807676,0.7375751917852148,0.8825208610838189,858
0.9113691634912067,0.9800294801791039,0.8492103667863115,0.9555361793474335,0.7004951474433565,0.8542422131499514,0.5835009457403669,0.7013327995364407,0.9736873777523072,0.9942165853799761,0.821925279559469,0.9118719534601967,0.546836486936324,0.7117241187888622,0.880789896234081,0.9429860471837355,0.5578567295375346,0.7366069494902113,0.787025276818917,0.8837304195076567,859
0.9284134801835767,0.980440748614491,0.8666006969398422,0.9569268431804965,0.651883707511607,0.8527493003465828,0.5053635856908225,0.6734705061724663,0.9746229332157199,0.9944138058584622,0.7542894530067785,0.9054674030176507,0.47453009776650235,0.6677217689695614,0.8284858176492378,0.9361470927799262,0.5022272389373251,0.6920718806630273,0.8001489905277543,0.8625929505913174,860
0.868621459969831,0.9637839607849736,0.7398122889375299,0.9218120721808407,0.4806449622143554,0.7837456500512696,0.4625260169476697,0.6643641632064773,0.9561584001854984,0.9903278737145051,0.7151983567163257,0.8698386541348768,0.5161063645422712,0.6042970049708578,0.8366901721066677,0.9140683668111144,0.5648934698564969,0.6042432206408853,0.8078190332653082,0.8258901633021836,861
0.8971873444931415,0.9788120261663713,0.8168628031676971,0.9520761989611248,0.6431103824060612,0.8280660493918404,0.5790060772651343,0.7004883628615778,0.9658944211876416,0.9930220493633973,0.791723024865907,0.8867353113300125,0.5544038406983662,0.6730747589653518,0.8661869719784618,0.9264912553487116,0.5675970567936225,0.7073190759963891,0.7970356913196791,0.8940372731916583,862
0.9041914315453441,0.976297531735396,0.8360520629620033,0.9514403273673824,0.6967024459852453,0.8406107860540762,0.5962090362540555,0.7603289177255347,0.9720930225536678,0.9939395811963574,0.8241074049441031,0.9017415496501531,0.5459700853225941,0.7215875375517267,0.883100799288852,0.9409424702711536,0.5488088395765057,0.7120847855143192,0.7750700869084762,0.8411654472511716,863
0.9180659633713995,0.9753380852676441,0.8635967647118512,0.9447657156823909,0.7353726773979279,0.8105930228777388,0.635716138937993,0.701426294130168,0.9754354157064691,0.9925708058421666,0.8375856903818444,0.8783014340436697,0.5956076380973442,0.6428930335932432,0.8893418805216153,0.9186421496670144,0.6036161399411346,0.6428141718222716,0.8172817405655141,0.8403571251439211,864
0.8467728851360279,0.9747453230510034,0.6495475530126433,0.937476347743435,0.30679523339377884,0.8485025582959026,0.35694439627175656,0.7829338469856889,0.9378509415411844,0.9917197368608067,0.6185707893478114,0.9011961472964457,0.553468788359245,0.775934053991672,0.8149111214779351,0.9389544370550122,0.6718651054725306,0.7949619836856174,0.8646211847527502,0.9152607520671999,865
0.7334042181583288,0.9746579100078919,0.46018462628607243,0.9409538762424303,0.17247342411360006,0.777034506456366,0.26550757729925184,0.6946947616555311,0.8983490285210992,0.9912001880253533,0.5530559375899822,0.8535688275623743,0.5195917577714063,0.6899738386760602,0.8082252229232041,0.9029186244663527,0.6394744673179188,0.7316907199167484,0.8040341702807496,0.9174589037773103,866
0.858564034961123,0.978663035835229,0.7347603461337152,0.9497654708718357,0.5415160317383014,0.8721918508819819,0.5455070870786156,0.839645877329342,0.9587993577985747,0.9917250707325264,0.7607526996938223,0.9151697449656039,0.5105745467503171,0.8224313295672447,0.856599180173467,0.9441492695952054,0.5108518231838379,0.8301890122480922,0.737769283226937,0.9342240069543567,867
0.9022077757503182,0.9765337224549185,0.811333619252181,0.9393872707118679,0.5827782289950268,0.8349136995683688,0.5164221659606465,0.7058801708706374,0.9654137182514446,0.9898174329128238,0.7485645315703001,0.8953636754066799,0.5102996138735938,0.6006090850397802,0.8406235671275305,0.9164680433335317,0.5345236499613591,0.5877616800716376,0.7835317059638175,0.8091152692845124,868
0.8753138494934132,0.9619784522467046,0.7604431554943819,0.9194107376828754,0.48612386217267184,0.8066678486582728,0.42489135808617706,0.7114171372516718,0.9545940935144245,0.990304114331818,0.6970382248456796,0.9017330264458385,0.4440440429383094,0.7012438915311983,0.814031490093336,0.9397088327065037,0.4846156424076534,0.713583212749879,0.7624489363631364,0.8582747840268081,869
0.9031290463344833,0.963154325609113,0.8023314062506319,0.9017431107462985,0.48301553474849396,0.6585759689200607,0.3834928137923115,0.5698527029647652,0.9602528353044156,0.9826278134693825,0.6626216393941747,0.7963358167371717,0.43183737345397494,0.5961572882548479,0.78802083621521,0.8759789909832786,0.5050374850035985,0.6389734266137239,0.8260239579175402,0.8571096134030869,870
0.9184282348743031,0.9705210886991298,0.8559605985661939,0.9325935719858729,0.6062615894805777,0.7625669092409267,0.4352811471252456,0.5919929215306091,0.9646797360531802,0.9903960035847212,0.7224480142031693,0.8346605901814809,0.4329319753474299,0.5445819342176537,0.8086380771608918,0.8855410921598276,0.47863316172885906,0.5737561283602338,0.7964114915377323,0.8375191274731293,871
0.919742759846874,0.9648764494668964,0.8520782887127352,0.9186708071169104,0.5795232486945422,0.7080341359981404,0.38763449995512717,0.5223386051316219,0.9689250132961649,0.9879617561935254,0.7213985732871202,0.7865963948904708,0.4121798700770206,0.5217873239453813,0.8154259636912047,0.8557825416222179,0.46814349728234944,0.5669805944757909,0.784064416116439,0.8468803738391012,872
0.8705001612178127,0.970040115659748,0.7534778983214767,0.9275332837470475,0.4152374549327329,0.7247708338358202,0.2949233107389119,0.5244068526626668,0.9479988971290169,0.9887812571156557,0.6278618931880284,0.8116875429480614,0.3260454857636223,0.5275300771669198,0.7640654359817228,0.8723232684052065,0.38177562691183636,0.5636344058289143,0.7130299237242019,0.8182711360294369,873
0.9020990393210584,0.9695617474534692,0.8171389679182182,0.9255510983258458,0.5123403106693897,0.7164246238234168,0.3589698317524799,0.44826747056438143,0.957457398830823,0.9893440090701795,0.67604068851401,0.8039059640694887,0.3834868854659506,0.46372728743948155,0.7869920566195145,0.8630430892731769,0.43961576406942693,0.5158304199424688,0.7641474258876102,0.822225960635945,874
0.9213575606132223,0.9705433539192306,0.8630460896514903,0.9248125683145644,0.6170492497199092,0.6907519177863465,0.468875466820299,0.5753374996167058,0.9642920774115624,0.9870093107699195,0.738585293142672,0.7908931767236216,0.48607919170249037,0.5606422179884665,0.8250138524023105,0.8614286229074711,0.5356720324109322,0.597573713889494,0.8181705126376951,0.8656423174331682,875
0.6904854818566419,0.9858434460129354,0.2820653676183177,0.9629362094662961,0.12719722887606502,0.8526185490905706,0.19059599190653412,0.8008102628951012,0.7726949442224679,0.9931101263554492,0.3062648635389571,0.8916462249300434,0.3940898511323683,0.803104408547659,0.7041749667276921,0.9301346187825449,0.543896271136763,0.8346139547326282,0.7001677905651816,0.9581655127972484,876
0.7657651734735097,0.9687092528222383,0.48166179828884625,0.9293357124389368,0.17194533831000036,0.7955150177762714,0.3849249462123319,0.747151667226469,0.886399693182802,0.9896560315394917,0.5110764394468725,0.8634492007360779,0.5020672393623061,0.7364612192198504,0.772360942264352,0.9174772451742559,0.5224141702531248,0.743363485668031,0.6475604760931245,0.8941381392016331,877
0.9174442808335795,0.9638850712759565,0.8602899952386995,0.9126330244388123,0.670805734541936,0.7457381294238948,0.5240421639534737,0.5792619907819486,0.9647848063781059,0.9878494353957498,0.7841886687862456,0.8325146279990029,0.49949564462424545,0.5566148379812738,0.854023688018667,0.8844680171494896,0.5185229074561607,0.5838816533693094,0.7642276022753393,0.8288664670207557,878
0.8929899071035492,0.9688918123771307,0.8147763040801838,0.9261701159832025,0.6375160846189792,0.7224185516121883,0.5510162147157647,0.6104489580536334,0.9606018049353795,0.988042571016508,0.7828023891037768,0.8217833845167146,0.48973657230623463,0.532711241630109,0.8536180656562679,0.8823560985115693,0.4821448023455315,0.5691450363380957,0.7137283911234582,0.8496853830134449,879
0.9241132051443178,0.9678178436877543,0.874677666107143,0.9163042644879205,0.7050149076903389,0.7654304558485976,0.6064987324035461,0.7029041179987444,0.9682545825749245,0.9877098196243225,0.8096422089853625,0.8548784326089001,0.5954441165775884,0.674792112322418,0.8710665532326091,0.9066093192736884,0.6168555241215286,0.6927577209049507,0.8236028445959597,0.8855168799888572,880
0.9177219797826484,0.9700311879781892,0.8603996032018572,0.9316617001126408,0.6631218769111177,0.7967019772543813,0.5662688019550429,0.7278114997460077,0.9646362641476594,0.9897141497635876,0.7700033906150163,0.8674987560721662,0.5583402266292412,0.7249332527620758,0.8448257794357618,0.9162433655123831,0.5924737848049297,0.7477286370379466,0.838599013851205,0.9052036811426999,881
0.8999841578802762,0.9658524946094705,0.8194271602367461,0.920312309912837,0.5744330968720318,0.6976916808688617,0.4858875962114873,0.5751780379467697,0.9571520990600726,0.9873301154496693,0.7245444697276678,0.7824904955373987,0.4711472055193348,0.5314171078322052,0.8172207219571117,0.8524890519505961,0.49593718477715026,0.5515075436378276,0.7654496505718776,0.8255923050633077,882
0.9241046436672644,0.9779695271123614,0.8687955466510551,0.9505505537249817,0.6708078572279619,0.8041024700465578,0.5481304073476589,0.6236912601064338,0.967411056726433,0.9925941849453427,0.770071750257249,0.8481231711741186,0.5265310583718806,0.5883637943019092,0.8398151575970039,0.8898345711956142,0.5495874015609625,0.6067857392580037,0.808049132839163,0.8488551377041526,883
0.8911633200183866,0.9535012678225054,0.8008173255849239,0.8934097286062743,0.5558467801529425,0.7358852776816946,0.44980740948267434,0.5769147544729686,0.9563915715216583,0.9854706041917256,0.7131899466519787,0.8161239155048574,0.4120838576705499,0.5152838485320702,0.8069482935792414,0.8647341065048997,0.4232582443167225,0.5331708792239785,0.7046502660662386,0.7980702458186759,884
0.9082906142100828,0.9569826378927586,0.8363458155260896,0.8978523826533817,0.6391853222395957,0.7096033917401946,0.5399546392782233,0.6072277128937824,0.9624218568448565,0.9851111939497127,0.7488712948951115,0.7989545520856103,0.49044552249304996,0.5393675655841895,0.8231907297354472,0.8582256482652818,0.4999053259862217,0.5414781145790658,0.772352176706031,0.8022121539637246,885
0.6573339581029256,0.9781984204023544,0.40122033758521064,0.9427946857656364,0.1853707395517726,0.7336276178353023,0.492982805985203,0.5995562451179457,0.9080071041030569,0.9901463125540084,0.6503398975136007,0.8223652426958501,0.33980540150604815,0.5804594057133335,0.851999758300285,0.8808142540422637,0.24415898381562112,0.6084750210469974,0.3040604885847339,0.8501125247129279,886
0.8945714367882595,0.9721723274818513,0.8033935316926913,0.9266001796527161,0.595944694217491,0.7011146227749215,0.5405967525338241,0.624932875815507,0.965027162088638,0.9880206146281342,0.7754887326740606,0.8137963096551125,0.5262677649869051,0.5941365206274914,0.8602850909959445,0.8909657102617424,0.5358035644742631,0.591102829583113,0.7478793593979756,0.8330726328454033,887
0.9160538417468244,0.965696930883519,0.8523291044117471,0.9194970546277272,0.5938007867327071,0.7235252054146646,0.3964431741263761,0.5715357158511164,0.9649285664478731,0.9877710190743637,0.6951060877837265,0.8123802776246924,0.3615779708023854,0.5317088047693282,0.7792934416793761,0.8703732499703647,0.3915073356079119,0.5578691288768617,0.7426713499119627,0.8140799701391196,888
0.9165482043685252,0.9630285932279057,0.8481024676655721,0.9101258050088505,0.6341613357692808,0.7139345375384224,0.5237750940381058,0.6208892123858959,0.9658555390080927,0.9864589332643635,0.7425097152983412,0.8010126307442955,0.4793022542559668,0.5712585303810674,0.8170370756258375,0.864519246048682,0.4891832303913995,0.6142214185624024,0.7642974326341992,0.8605764678569754,889
0.9135692485828631,0.9662101633319227,0.8473979721456252,0.9257715438908506,0.6154527074705294,0.7677817965242741,0.47303254140257034,0.5695574257335512,0.9639064233251133,0.9899556777964258,0.7433180359170444,0.839850882268317,0.45346536542146126,0.5452504655192081,0.8255522568915094,0.8885564847222536,0.4754602616237787,0.5694158749830212,0.7450894005789784,0.8147672513287367,890
0.9073558772431499,0.9675199321001547,0.8319138436078453,0.9211769099552019,0.5620049562058199,0.7171638851656282,0.463367755070592,0.5360017627133981,0.9548279074229414,0.9875233938497902,0.6991544968923004,0.7916770760292279,0.456115136272972,0.5079460603081668,0.7944744619168731,0.8526106695901983,0.4884422449968699,0.5360578848454091,0.7768903497372714,0.8190206643409883,891
0.8999151636105258,0.9764935297461528,0.82090973596582,0.9454928955473036,0.5945739474671254,0.7623797320039262,0.45386042136912436,0.5682770705053068,0.9625473277230694,0.9918763900184203,0.7352065406350972,0.8282859689278037,0.4098422903645388,0.48119904709041966,0.8188027492889082,0.8950058829430646,0.4237462672910944,0.49998067178698485,0.7109187994621522,0.7704138570633384,892
0.9048902326235289,0.9722425292869284,0.8280090720002347,0.9317398545183654,0.6194104626712593,0.7277281683660113,0.5166159411120562,0.5787289258005403,0.9612121199730393,0.9888096067375405,0.7407203396497616,0.8139135223197301,0.46705103446722446,0.5189518374023661,0.8189923753409621,0.8696795928652749,0.476663832396266,0.5356519465685454,0.7559009907659514,0.7968964063318569,893
0.7740517074756774,0.9916089148464375,0.572751272094842,0.9808961088938004,0.292282058906994,0.9352981874034798,0.32009054121306457,0.8970328946375237,0.9367881931376882,0.9969223099051497,0.6310826228575884,0.9472479390289066,0.3591003388962678,0.8836892004532914,0.8020887950452583,0.9621996793473616,0.3938285413952244,0.8929178445566037,0.6572558802961704,0.9704420617540032,894
0.906613954531971,0.9705220977278799,0.8129900607378009,0.9321808795427634,0.44663467806409524,0.7559894639367285,0.29532712608661,0.508186999611646,0.9572719586367794,0.9905859026231887,0.6147722945392101,0.8442086571066363,0.32229967691770306,0.5176717856215095,0.7417491925469265,0.896365435251003,0.3822694548154025,0.5523396407324098,0.7463170579700824,0.8052651174766452,895
0.9015291166208038,0.9688714478357002,0.7939625048642223,0.9174495947007693,0.41075562486831463,0.6739266858941122,0.29146212533112864,0.5190872440318356,0.956720063515989,0.9860951918512928,0.6144604314259842,0.7768926076093625,0.3603289642971977,0.5142935874963451,0.756579389313569,0.8489359798398048,0.4379358225246114,0.5509545453188782,0.7713908182309932,0.8253855787072326,896
0.9269124425971424,0.9671366319279948,0.8600010686036064,0.9058586085614985,0.5411299383533721,0.6826305266448836,0.38477687672796346,0.5674675329463236,0.9650390765301452,0.9858266795462524,0.6676630905007017,0.7965396182746184,0.39936809633005027,0.5399423435294841,0.770595106827383,0.8669697689345364,0.4544905305404525,0.5563927545824762,0.7941108046300228,0.8254460351541745,897
0.7375597555412311,0.95960310099261,0.41160550584477795,0.893967826691522,0.07192537802651412,0.6020281592993607,0.06814105099804058,0.503397345675619,0.8652276073195727,0.9823605980751017,0.3239852652501145,0.726332832053107,0.2699503312689957,0.5673565102485123,0.655119669583584,0.84490866930904,0.5002887561667094,0.6745155717836863,0.8058254505979087,0.8366559691750622,898
0.9152913576795556,0.957394934055068,0.8449555846363872,0.8908901624572283,0.527309955992056,0.577839953023232,0.3648975372477259,0.5203558115464836,0.9580009822529761,0.9803341773648736,0.6578321447380792,0.7420784472509228,0.37738515093956015,0.5277817852864327,0.7637750272940598,0.8379087886836245,0.43308489371840203,0.572207426707112,0.7812147596665389,0.8384195256681076,899
0.8915980609279078,0.9509613919721809,0.8011321362469677,0.885603652070295,0.5322706049649553,0.6852611144781097,0.41123704187352755,0.48885961352452495,0.9574930115695804,0.9848868856145241,0.6989646302811554,0.7825962965750095,0.40569085092101353,0.4921835027392679,0.8007551406625864,0.8453021780502873,0.44154593233913436,0.5472712300604297,0.7454846066045092,0.8277064812421935,900
0.8436053748778539,0.965074348564218,0.692924195806453,0.9094981492346748,0.3143923637422973,0.6047333565251073,0.21720913279296045,0.3991516457927759,0.938075800748752,0.9842057094891035,0.549785749578014,0.7142691646548005,0.25858102900404,0.404092222006124,0.7144859828492199,0.803153015779839,0.3307962344380026,0.4506962699901112,0.7214180002306269,0.7953647842566811,901
0.9096012362567353,0.9664447797379795,0.831055151259014,0.9111731461858831,0.5502124337342831,0.7134382438570909,0.4004864520589029,0.6149226924861553,0.963447653814053,0.9848786328948224,0.7120881799502151,0.8164692156166136,0.41542755702692113,0.593768644425232,0.812303747896005,0.8847972551138525,0.45634998164519897,0.6073323048511651,0.7410694447206191,0.8141238830329004,902
0.879618510638918,0.9528130135362789,0.7653131375251875,0.8925115802507703,0.45698382182905617,0.6678730759640491,0.3942087221211352,0.5144498956246596,0.9537294389058445,0.9846443113657044,0.6859887795433992,0.7743737946432756,0.4354552635562962,0.5001504764446064,0.8118529115636053,0.8485849005995778,0.47766281802247007,0.5463621325618033,0.7259475256897294,0.7868086400407769,903
0.8618192711278504,0.9694276466666817,0.6965620807850657,0.9224923357001702,0.2718273885955964,0.677953282246321,0.24138125250421338,0.5794534849991001,0.9340014293866781,0.9877809427803201,0.5222533330451867,0.7905168913311815,0.32676244613905714,0.568783738962479,0.7107257947581009,0.8632135095671859,0.4163219241717939,0.6146623461437924,0.7528739087273735,0.8296816810488544,904
0.8893160743018788,0.9690833707769055,0.7858374295825232,0.9128380048437836,0.5090190120537896,0.73069737427483,0.4311768699028789,0.6868120100849054,0.9575193993331816,0.9842688414893906,0.7027066195046592,0.8451525417204552,0.43948725337989336,0.6527603658368064,0.8130003241629903,0.9014766013489497,0.4717970109112769,0.6597697190356333,0.7371770736558917,0.850074926558374,905
0.9152943370489662,0.9673582514639338,0.8594166141259217,0.9106419476645383,0.699831935647208,0.7712627532143046,0.6235766109538549,0.7108221934040511,0.9654074656040877,0.9875088521002227,0.8224532047082167,0.8781236747233018,0.6132722346063793,0.6890986014544127,0.8844637636180237,0.9257515600927989,0.6262828411184158,0.6917787146301752,0.800428654326331,0.842861841664927,906
0.8974950761543666,0.9739464711139948,0.8092954145394159,0.9351741783335795,0.6070648407112363,0.812462248549106,0.5054341928499481,0.7637573838417381,0.9702324231271747,0.9896351703130629,0.7719908636117762,0.8796110446500309,0.500973960590394,0.753885105892153,0.8563648852765262,0.922854029179819,0.5326483851875589,0.769428912985727,0.7929526873914629,0.9091580880383199,907
0.8964807473173267,0.9690485558458664,0.7838151376251811,0.9213831491188398,0.3874921254411326,0.6519428972827295,0.28165741410327866,0.4647991574472433,0.9522264546479734,0.9873006418070698,0.5620943399265611,0.7613156578678493,0.2818274405062443,0.4772481474348933,0.7014246825887673,0.8364865964459391,0.32591638764808184,0.5169164115892524,0.6998390185705108,0.7833922205284035,908
0.8994654478807559,0.9678714372591962,0.8044850289363584,0.9178042200216503,0.5184117521940456,0.7429931092886316,0.42429713274830094,0.6597848702307889,0.9614075469985031,0.9866116889975955,0.6987736609136382,0.8256662106842142,0.4425241014726798,0.6392594022553902,0.808633872930821,0.8836778221993288,0.4858297163435268,0.6602407529713518,0.7667893292299742,0.8689453051933457,909
0.891744880465642,0.9725949603048037,0.7939994745260783,0.9299595525884415,0.5482157116575009,0.7173532386128194,0.4548445493175261,0.5729394525741829,0.9657097902063091,0.9884973712701693,0.7500846612979172,0.8386688683486421,0.4728876903350244,0.6206544264757666,0.8493602927065477,0.902833806851761,0.5045675727749495,0.6669793122837274,0.7446247780760801,0.8494939903168518,910
0.9132022067212592,0.9669934591504028,0.8463677263246826,0.9230796621844767,0.6385678320360598,0.7708336112978996,0.5343052041794848,0.6015245312868889,0.9650202616708108,0.9894796194593124,0.7711885371429773,0.8461566269458779,0.5222964415930098,0.5736552195509624,0.8482443857783699,0.8948716500457353,0.5466890436740701,0.5891884997084047,0.7874896869037651,0.8121811872099761,911
0.8865280964664131,0.9711932947992368,0.7592852390987067,0.9275647861205948,0.32354668617924615,0.7422602557492026,0.2245161214362922,0.6543870265267473,0.9428051614351669,0.987739497229615,0.5274563836153818,0.8200477111705942,0.27871884261129454,0.6511786704418341,0.6908312426360149,0.8800790194590014,0.3588276637706095,0.6812674992634957,0.7476948396809783,0.8833521847301345,912
0.742351311695086,0.9791802586287391,0.4228412768991615,0.9303983580635826,0.11813661832453722,0.7374310999938138,0.12292804623859725,0.7024063964532941,0.8674968703690372,0.9844418796276819,0.29041839577792344,0.835105286984901,0.15598803055769866,0.7353047143757113,0.5951261708966913,0.9008561550095624,0.29749295782311624,0.809022295112408,0.7661926598942851,0.978001998251348,913
0.8692637590342392,0.9611217914502033,0.7266668944456999,0.9017180374001532,0.37736689387958894,0.6527688701714546,0.32838114623577275,0.5691684752086521,0.9508032284696848,0.9846624653681585,0.6159121838619751,0.8196902128792216,0.3622201511637894,0.6604670237619258,0.7663297778810516,0.900183608367753,0.4119544634820869,0.7166719386724338,0.7195975441151635,0.8765091769668847,914
0.8825410866439269,0.9625597936974226,0.7861118150135716,0.9131031087663167,0.5826503044208541,0.7123931762906623,0.48196421553934155,0.5517872959784904,0.9592931981591968,0.9876467506676421,0.7485685916267413,0.8086264964928954,0.40009038853649065,0.47439542822784464,0.8307683707117037,0.8686355713191352,0.385664454000299,0.4932366390334358,0.6404630395623289,0.7652577784550251,915
0.8982208368829807,0.9653954795774459,0.808325113971339,0.9132245541139855,0.5327241961083694,0.6421453124937992,0.4829155369667538,0.5236337806050304,0.9549587139919226,0.9859612858120965,0.7061459929201648,0.7675402421594697,0.5005042387878199,0.5413536668914674,0.8124798816322839,0.8534280170445,0.5362734760229253,0.5775959747202585,0.7763523236283841,0.8087599590024469,916
0.9066271075227894,0.9664929097095755,0.8357484632237808,0.9177824504212871,0.6053632731420115,0.7145230526305142,0.4255728974203379,0.5856101946646701,0.9639931935914802,0.9868549014384459,0.7538867094799291,0.8036348886807937,0.4148664036034196,0.5821503201985333,0.836525708342767,0.8687189819765442,0.43970921903014465,0.623357250237116,0.7044654085683246,0.8562150081091245,917
0.9159108148058331,0.9619590655905648,0.8401729745437414,0.9164744025773219,0.5730417100955675,0.7429940168389769,0.47062096406270026,0.5631401073804149,0.9613939569940052,0.9889186717956312,0.7122653053624175,0.8135437253726238,0.46122182068678247,0.5459923652462416,0.8068856210090087,0.8637114893731509,0.48777691550146,0.5761347786485824,0.7584610012887288,0.8201361012005871,918
0.84978238151023,0.9661069258166451,0.7138087772868327,0.9140238478501119,0.4229689436291907,0.6765565322709934,0.3894393820751947,0.5920762331111497,0.946512675643566,0.9861845109571102,0.6622431382097609,0.7887382904597577,0.4140871253093458,0.5577412701539534,0.7936861154412532,0.8632938588452113,0.45435884961997086,0.6111495717746216,0.7397535139085581,0.7783493960594724,919
0.8770246643200557,0.9480188921019989,0.7610755566042448,0.8689190264207528,0.4697971277717873,0.5330398661984727,0.4135514433081432,0.46886686195199934,0.9525455841030463,0.9786285722500097,0.6676053727810404,0.6994589021249078,0.38877052773194093,0.4533498107424257,0.7829298133057984,0.8152816645813978,0.4048126895853876,0.47330806576437157,0.6879769596544208,0.7681276845321023,920
0.8743303778723788,0.9629533219273751,0.7539620059095087,0.9042229541860534,0.4480960655109178,0.6327419177395205,0.35305785821654134,0.5964110895039293,0.95267326952945,0.984356537803664,0.6411077866780752,0.744453116376297,0.30836921460637035,0.5152395296320361,0.759358841725799,0.8419169834103482,0.31834577897920197,0.5186846848940689,0.6298328427060582,0.827551369064829,921
0.8880508356003289,0.9715941699687239,0.7859992030279574,0.9257082380282252,0.4623494103148881,0.7051528751923366,0.35578844353371364,0.5966806035903337,0.9511297554106017,0.9869335679711458,0.6589462001692356,0.7994355615822711,0.38737528806868715,0.5644008189535548,0.7836879356518588,0.8632880436915601,0.441204748519223,0.5937472576461179,0.7421616609208791,0.8249296456811069,922
0.8797075872152449,0.960740967766707,0.7530620379480624,0.8993040405504975,0.3544936103078551,0.6625848941130932,0.30142277539498347,0.5171082637444642,0.9396677642163337,0.9843550776147587,0.554149361671953,0.7832836453966711,0.334552583540005,0.5249278234079062,0.7095659562628688,0.8593782912494603,0.39517011118106804,0.561376245161857,0.7321569622155786,0.8081750027836497,923
0.8926588354130908,0.9633086003101397,0.797332933280336,0.9004300561294636,0.530288197981284,0.68292717492153,0.4597637373512943,0.5534196464433903,0.9563737989317284,0.9820897221699836,0.6848312655657767,0.7918702285739083,0.42873785689867255,0.4769383874339298,0.7866495551038039,0.859363204965307,0.4478697183764914,0.5026444239178528,0.7423381224032696,0.7689714521294446,924
0.9140482736884241,0.9597782810109141,0.8273639380064766,0.900671669697737,0.49478458957164145,0.6812210937534744,0.34952590649857196,0.47502972871412696,0.96296480118452,0.984903137372555,0.6696990044415024,0.7980506182194527,0.3831223087490792,0.5114065048422882,0.7849826084475456,0.8633635872820214,0.43462207789361457,0.6078596014013473,0.7398777106312285,0.8222998369648977,925
0.9030105671651298,0.9497382841460407,0.8230400632997745,0.8787916181415428,0.5687920933542265,0.6482832988764167,0.45874928716827523,0.5529942678533746,0.9586748502745266,0.9817097063441688,0.7151155404413236,0.776706560741286,0.4393826114383717,0.5304261267604494,0.8091073527564272,0.8548373991806529,0.46330192042047225,0.5493061523075428,0.7395588231610252,0.7827823338924238,926
0.8855630622161665,0.954332920353662,0.7926603330678821,0.888294964025344,0.5349806641893459,0.6681963326712528,0.41041965653568885,0.49481593205590413,0.9552265577552917,0.9832904183275338,0.6986857473110101,0.8053386430509721,0.37496201811963586,0.4319270861939541,0.7957852236580917,0.8697963137790229,0.39283203677180767,0.4644139332734662,0.6939997469351716,0.7749666597232324,927
0.8602988291799485,0.9615664512520198,0.7325159665151163,0.8939037366166401,0.4135341692658451,0.6631060367336865,0.30911169512853864,0.5556842015905783,0.9498018534513145,0.9802844922583968,0.6509758028050405,0.8205206123276269,0.3233234510358694,0.46670846131337634,0.7832070066727912,0.8726465279352363,0.3593105870400687,0.48764598222544825,0.6600466463494288,0.8076135058860828,928
0.8536585009792073,0.9537667377541659,0.7211394832827062,0.882173742378585,0.4632362089331675,0.6924645123131333,0.4626539571772267,0.5977639570833178,0.9454017301915311,0.981876581880078,0.690068298558491,0.7996741354036782,0.45841734327405026,0.5402886632486009,0.8121198335691656,0.8632755570789736,0.47801588849985827,0.5520778200642393,0.7342475904290661,0.7956710873860456,929
0.8794206981532827,0.9592944327763203,0.7617741501923918,0.8848817770947769,0.4494938276395491,0.6268815342736379,0.39382037798573405,0.5775955011085139,0.9562136125765319,0.9808838968310932,0.694836413136542,0.7750342874306488,0.4950365942353727,0.6188712546834783,0.8253280293217337,0.8692801647879921,0.5646082291227714,0.6597611849752185,0.8011592095364993,0.8502761892611571,930
0.8872500386588255,0.9742095976858094,0.7729422998570836,0.9281303560328238,0.4167688447095278,0.6578074182108447,0.29714697835081777,0.6147568578424091,0.9537153288267267,0.9872995380262767,0.5963734719741322,0.7822521559140583,0.2849439093222301,0.5258844502854965,0.7262461687884052,0.8502058698835544,0.32201765323117204,0.513916953768115,0.6872890129995334,0.7782853910595166,931
0.9192030556952105,0.9906970258031917,0.8397558252898288,0.9775800289038569,0.610183311874434,0.9365596039984316,0.5180683682198524,0.922731747619862,0.971674579248964,0.9964568271444048,0.7693327052108996,0.9563262569423262,0.5685139204550711,0.9158391908447756,0.8608320739371526,0.971096173937805,0.6275132039480166,0.9212637452951996,0.8668409953046485,0.9736587884070583,932
0.9104746522493893,0.9695387448190305,0.8540190650654363,0.924375010052524,0.706328972165557,0.7807692438507714,0.5320066672813626,0.6062504677022279,0.9714799849676197,0.9883026436210225,0.7920343597250311,0.8356979826351628,0.4567972833471721,0.5014798633317336,0.8464242287978533,0.8823042226321925,0.46076032329764655,0.5330849453289415,0.7493600558466984,0.7811564017072391,933
0.8611115696636,0.9705488793380505,0.7224628256904544,0.9213381197073627,0.3760912341998597,0.7104022222213037,0.29386563687278694,0.6276046117573499,0.9494444870107126,0.9866622325660419,0.6239281940259104,0.8334447005810719,0.3579254053314106,0.524651431307824,0.7725793693609595,0.8833832744717868,0.4289426079448049,0.5604440632535477,0.7570089671892136,0.8379832877254227,934
0.8925891841657189,0.9711967851432176,0.7903573237637925,0.924972500591146,0.5006135301041071,0.7638331757987885,0.43050731827137806,0.7130054447231874,0.9567653462096397,0.9874125906613868,0.6867194511107981,0.8713970921886128,0.4356444100218237,0.6360430339025422,0.800340139881194,0.9088425271446151,0.4692103736191235,0.617294928406922,0.744334212185788,0.806332269101257,935
0.884834416258748,0.9664534084128457,0.7828257057150907,0.9110280141857954,0.545230981449885,0.7480273726382245,0.4603750661568021,0.6098655426183264,0.9567421977428848,0.985721847341239,0.715924024522961,0.834879867863928,0.40514668774496704,0.5927787483072267,0.8102033785275218,0.8787039663126501,0.404907837615106,0.6309348191509463,0.6764915979270866,0.8204496118784544,936
0.9027120084615375,0.9606324779673842,0.8281315098774105,0.9020655604218479,0.5988556343451072,0.6912268473898299,0.43626823870105097,0.5350778452961685,0.963233642579328,0.987388405190934,0.7155820267749028,0.8028962887403844,0.3893532553597998,0.471492493966187,0.798168230829702,0.8689795952603573,0.4132896782085128,0.5085259202709423,0.7434328328068045,0.7734400358377201,937
0.9017687052237391,0.9735043274246695,0.8296026607032507,0.9395632021253527,0.6007687397400535,0.7998294928271482,0.4573668450013508,0.6184557539539525,0.964175124925912,0.9919004858791148,0.743124839095973,0.8827774046199969,0.4497145499963119,0.6441052123412064,0.828620588647625,0.9262385406180633,0.4862700355544795,0.6781610773053814,0.7768541819130275,0.8548207000549706,938
0.7969476079602649,0.9534843177275365,0.4685756696894175,0.8776209354707385,0.09125971168316148,0.6728641723391148,0.1259510808681616,0.5913867919590051,0.8626380314805753,0.9821890814683647,0.2835701754420158,0.8200420476803061,0.25051580137762874,0.5872404655591988,0.5924269784914725,0.8916061099306619,0.3935719914184323,0.623250167166392,0.6958582568372756,0.867253579404167,939
0.8500723345240638,0.9664680540224759,0.6867318915626109,0.9077090379865537,0.3350278196378448,0.6518073861417225,0.37139680484939036,0.6746105650088154,0.9372000200205814,0.9837538317036586,0.5942179009351657,0.7939139250708146,0.40940671035065057,0.5431632710636893,0.7594593843844499,0.857667986370325,0.45134235571984055,0.5028325933579518,0.7172645848014109,0.7510688126897807,940
0.8596539358573811,0.9624655144647672,0.698685178140407,0.8978094252663947,0.3532776944575639,0.6866708901076541,0.39675105555556917,0.6884177936734727,0.9378495472993645,0.9820986036182752,0.5935786874972805,0.8320706174638312,0.4184890674053198,0.5224787652942704,0.7564430798924046,0.8776846603273892,0.45129791376835143,0.5054470703287591,0.7145664811913656,0.7734039885459841,941
0.8498431598133288,0.9564317904493457,0.5528855441540601,0.8915056085874097,0.09272721358685951,0.6650328482463405,0.13537826198393743,0.6367921549728687,0.8600798332263954,0.9829316393682536,0.1774719262975667,0.7864076805487167,0.20647435724830743,0.6219765841675495,0.41987534393379744,0.8643393796803288,0.3144540594941624,0.6414573910392428,0.5938495038229283,0.8524484637062174,942
0.781525354158723,0.9800547562156815,0.41345513888733365,0.9468703344927583,0.09475067779319764,0.8009437611674233,0.2888710207570138,0.7495071138430645,0.8296674653611245,0.9902553671119931,0.3032825552362062,0.8642729552901524,0.5175221268099718,0.7688477043131003,0.6628730862331483,0.9145907137978626,0.6349486875991394,0.8057366635930273,0.6358017258136334,0.9458801655086932,943
0.8931207855325267,0.9715025718597133,0.8062351177297244,0.92599022013083,0.5842384498611537,0.752010096623284,0.4454439108796698,0.553398224530387,0.9650670423344984,0.9884596827212274,0.7257366687880702,0.8254420615216944,0.3864551045794674,0.5532370727746136,0.809866084516957,0.865186738178118,0.3952061725843655,0.571047219351582,0.7018428212126013,0.7776786283950198,944
0.8962436586792447,0.9677959232601968,0.8015644521594617,0.9174155795900037,0.4890375667341495,0.6591181488176849,0.3207488500419804,0.5326674163767081,0.9615461456503628,0.9868828287647995,0.6853367948926697,0.784359183813147,0.3617847001261911,0.48198225314820053,0.8008763192630024,0.8621792406659843,0.42136975773525626,0.52065709479666,0.7437187644569082,0.7985433246846664,945
0.8117849043010646,0.9747584094474977,0.5648612839065298,0.9363944270973643,0.16301389483567788,0.7914540982915934,0.20204254206540878,0.7193132259971513,0.9104469964447682,0.9894746879513079,0.4223936613422844,0.8584758175308478,0.26575783312545187,0.7260379676240605,0.6624534582102868,0.907559909727403,0.34494443523226515,0.7545182338921761,0.692057773101603,0.913205208284252,946
0.8786914119615606,0.9674260828807798,0.759906292738695,0.9133798593048132,0.4136821569443058,0.6343452740394184,0.32445948186202117,0.5336465696841779,0.9486129250937567,0.9849069377636094,0.5996903946798346,0.780862628726215,0.31797981667829034,0.5226388969892709,0.7327175334304056,0.8586205862675805,0.35706649686807435,0.5524166058155119,0.7090550724547947,0.7852996308638492,947
0.8606687767639905,0.9864273749072364,0.6490584653325528,0.9658440903930429,0.2241511964050017,0.8690293232967715,0.22947495687932426,0.8207260740299808,0.9171021545776523,0.9940716860779335,0.43913037948591516,0.9076542890950574,0.3245984241131482,0.8222478326505334,0.6689759826776087,0.9391837988955056,0.4652979067727982,0.8429415192013374,0.8548696381255139,0.9520824563307424,948
0.9091765352335948,0.9758869665980173,0.8246931040899563,0.9394348722438846,0.5645895961994221,0.6990401059959528,0.4330517630475287,0.5418768598686131,0.9667326627913164,0.9904644380936344,0.7348094477622233,0.7903506371633742,0.4317220994787915,0.5221919476507977,0.8300298062675064,0.8604881078795663,0.45809291513016254,0.5484079739013179,0.7177960224836122,0.8069837017214554,949
0.8440589641776536,0.9647503572455923,0.6731968258874211,0.9090681967994817,0.26452674518103564,0.7698425809092828,0.1929921583005197,0.7395564282126292,0.934828123248471,0.9851706075998269,0.5370573095383523,0.8754605456219781,0.28600344483329304,0.6735106404014944,0.7254425753972991,0.9183355309235193,0.3782004508076045,0.6562647948349021,0.7286637975662286,0.8234647870551404,950
0.8971049300182442,0.9721879237576055,0.8035508062710317,0.92651462424,0.5307776028069603,0.7015943249133241,0.4183826119439455,0.586681744662927,0.962634901479448,0.9874240080219053,0.720719473455422,0.8138761893979494,0.42388323171651376,0.5397181552022535,0.8231737671556695,0.863059639463866,0.4527112520541586,0.573570095153923,0.7132623933843386,0.8089055214858929,951
0.9142121610082482,0.96799706315825,0.8406908273209517,0.9235275330548289,0.550999614832122,0.7940776259501245,0.38943945430019083,0.6585405494818303,0.9638298162934451,0.9888911924596062,0.6733067362459365,0.8580511467300243,0.3828819478112307,0.567461494644202,0.7743245434589122,0.8934504920900005,0.43353795433701575,0.5554588194674982,0.7919613563315714,0.8282631679791292,952
0.8216886223449389,0.9808861952307003,0.40783512223572943,0.9526010213464708,0.12906636171259195,0.8189194116029311,0.18849155039191623,0.7204994729819707,0.78501219574936,0.9920279286538911,0.14439940721875938,0.869578909295538,0.34374730824293787,0.7173194927920548,0.45873438496555197,0.9115678522566484,0.4952525995388327,0.7443747696869557,0.5052790361469655,0.9144119546697859,953
0.8791660730553422,0.9784522513364992,0.7668108002472132,0.9447290863440735,0.4762953297148796,0.7413044249601791,0.36633811245665926,0.6390882334780827,0.956619764070862,0.9907428729781467,0.668977050691086,0.8263346974369423,0.3327595784210915,0.5640587538795707,0.7820126646505153,0.8818850752011659,0.3500087508955152,0.538972055305619,0.6581924681777468,0.8109174406867633,954
0.8866824752531256,0.9643142692398156,0.7851902212917047,0.9129711955491329,0.5357079172927615,0.7171574079880911,0.48875641061253955,0.6188947784638543,0.9531514701188485,0.9863099768599216,0.6947429821130171,0.8145087406061241,0.4457503377371069,0.6143788886647336,0.794575313322359,0.8856086577792818,0.454730382606372,0.6588801602042823,0.7401054479910512,0.861703907749508,955
0.8841912994975168,0.9734332028579893,0.7792646079064995,0.9310241985973082,0.5595892809953653,0.7692214151395919,0.5173179002181213,0.7791485927604351,0.9604776043459466,0.988436411685601,0.7325996319992695,0.8619543670252509,0.47859690511625314,0.6855740963991953,0.8266974734042335,0.9082200417768904,0.4865877377972674,0.6860433632213381,0.7515730060932777,0.8665889697270021,956
0.8652334804125049,0.9755318300401554,0.7063990013786551,0.9386820288099792,0.4561879452619548,0.7884231710324665,0.6505515344263955,0.7357610208006673,0.9509027200020289,0.9902064306927875,0.7365560923622253,0.865954038170382,0.6489863790972323,0.7430949834498336,0.8684113302279483,0.9090169326738234,0.613817450452138,0.7720591016291343,0.6959189935465852,0.9230768804463628,957
0.8800952420312198,0.9736283408650802,0.774228602388194,0.9307425280919257,0.4820040060480546,0.732153878864831,0.38311481371590883,0.6381327286903411,0.9528134680215775,0.9878458450360894,0.6803017026024744,0.823418134857546,0.4254899422477519,0.6493664468358022,0.8018276078516099,0.8857031127407323,0.48657851565378557,0.6850937690239534,0.7899402335217223,0.8780102463837515,958
0.8581930312560626,0.9825957610108099,0.7487069418887594,0.9553667375107722,0.630425302833876,0.8204791317225786,0.6090205288871902,0.741241965004187,0.9637824438752893,0.9920182844000716,0.790533499932974,0.8677777461003667,0.5150390989029456,0.7411789863325259,0.8568174288524908,0.9107159208498193,0.5008411298662514,0.770661032669183,0.7666196406748267,0.9320087415290256,959
0.9250923962133396,0.9737575774804075,0.8627141449897432,0.9305462871989925,0.6592853805019084,0.7429789320705696,0.4981416255177405,0.626288144451445,0.9730403198204274,0.9890484675508828,0.7604636711468842,0.843675321773095,0.45636176971137793,0.6307323824531039,0.8299829671882173,0.9005631155071578,0.4780652020973917,0.6512988799094794,0.7765531298044911,0.8443094696618764,960
0.8722644127663801,0.9645056510170807,0.7608399921238258,0.9071016202743446,0.4855832661896862,0.7781449609302608,0.40123817544570745,0.7031035971064793,0.9487671773884776,0.986305292391434,0.6592620085697113,0.8530549867648956,0.37547100033424613,0.585878912609857,0.7718919829785126,0.8879488572515611,0.40425173983392887,0.5739263290105658,0.7317972115275531,0.8051051097721544,961
0.918694223344142,0.9686269110348745,0.8556478758347854,0.9189450769488452,0.6196716440533273,0.8086913280186406,0.41395803038014367,0.5817040031536832,0.9697970214471294,0.9903653558470615,0.7398485146458597,0.8595207291577229,0.4085229976525752,0.5761793524704159,0.8230990066701424,0.8876429380484908,0.4530236341723536,0.6102906069385501,0.7732060200005653,0.8386205049047307,962
0.9039706987280537,0.9652830347436668,0.8234436542685047,0.9144783377471171,0.5589887505496297,0.7676198519114386,0.3916342968490232,0.6002362918617562,0.9657011507040576,0.9889007055355479,0.7343474435808445,0.853192607683417,0.4139007225076304,0.558809729653759,0.8298703967530016,0.8997855620343955,0.4561269838805757,0.5763311788809815,0.7355200613841558,0.8371637164102327,963
0.8055144987902154,0.9705643658720704,0.575629526163357,0.9270229982207695,0.2828696636409649,0.7113844565652077,0.553259931951617,0.6008449897750782,0.9208649483400232,0.9876413055699166,0.6508103204995926,0.778696584901804,0.6777100942095634,0.7466034693976251,0.8505656461735254,0.8713246231179419,0.6696482205620333,0.7189741174966833,0.7145664981189368,0.843183716763503,964
0.9027034639425628,0.9572518014529746,0.8197347531967826,0.9042388990169973,0.5316689910417137,0.6953042260014396,0.3367068701352974,0.5997748809111156,0.9616896991865129,0.9842441465705188,0.6834378651946615,0.8133678422303483,0.33408419879476237,0.6117620558893974,0.7848772649873044,0.878570130513575,0.37660067080727977,0.6463832525358344,0.7197517848816718,0.8408261461961952,965
0.8925754463008267,0.9564002999104568,0.7725482009235197,0.8814302917693245,0.3751485770313105,0.6417680948055469,0.28579955842644034,0.4772221056932285,0.9517257982461093,0.9822617891947907,0.599061070090703,0.7629926938960688,0.3828201132722943,0.49299435927322377,0.7555936451870074,0.8418367071471047,0.4771254432446878,0.5820473404951587,0.8044793669848606,0.8773491481992693,966
0.8163377558394158,0.9873643913920817,0.4945973068142173,0.9683513638763723,0.14102538600376788,0.8939699339695508,0.2933978047126093,0.8599224017603998,0.8628921636968517,0.994687844757349,0.35055786605182615,0.9286524737633286,0.44916817923198543,0.8632281747048249,0.6616832411646348,0.9545994041259722,0.5659672812017202,0.8803313438958975,0.6980248869013164,0.9631000650586955,967
0.8460113033248466,0.9727081352005966,0.7180324736453786,0.9283391597080799,0.44019342409381484,0.7242018773696887,0.32946353524048066,0.6293159722196765,0.9514957356025332,0.9877491388250802,0.6756062350093832,0.8489026101008122,0.32049520108087326,0.49951385103317053,0.7952834003893648,0.8913761998493198,0.35071416849470766,0.48973544988464857,0.6625254161924218,0.7774804213121459,968
0.8892758367747431,0.9730192340986505,0.7889745685042123,0.9317353644419843,0.5573411101462799,0.808236025543691,0.5106708076543559,0.7121870276933835,0.9584320761786225,0.9892462769275457,0.7300570997447967,0.8863574058429844,0.4967744086453656,0.633771354978312,0.8285450668273239,0.9197741229564314,0.5156834550421636,0.618666708836962,0.7659671598396531,0.8126501348033414,969
0.8770284844700319,0.9608556944068717,0.7682521857503258,0.8986883038620316,0.4610772211372848,0.6476362456747019,0.3556658819031143,0.6090120478157481,0.9505968237523899,0.9831054384779148,0.610401297410702,0.8226139728011874,0.3155238988860668,0.5915367848977534,0.7268604249071976,0.8977316269791574,0.34803758204123897,0.591606412474269,0.7321652041907272,0.7913745372357343,970
0.861752063298006,0.9762244699656776,0.7225967611802562,0.9382130471072042,0.4155747691713563,0.7526897156717948,0.3844353322498288,0.6182832423727098,0.9507386030502282,0.9906333246285919,0.6513035218530757,0.8359340238055274,0.4026001312698109,0.5194671132226634,0.7875752418190101,0.8886888934473198,0.4398185318763008,0.5481857264178474,0.7234558709581856,0.7881054112736828,971
0.8771049138335587,0.9710733489116988,0.7803378615540412,0.9232843007909383,0.5840017724078401,0.8130921049632861,0.4478538445112014,0.6702652757947706,0.9640246393426356,0.9868912239745281,0.7688328071889351,0.8756902734042182,0.37130304733972347,0.5321062645248598,0.8483922390185861,0.8917470869379605,0.36239971635678586,0.5196099173535041,0.6075743834205605,0.8079819299783793,972
0.9019639795334377,0.9677433467687964,0.8256374282236044,0.9166338798019003,0.6041897341694742,0.7142367117071865,0.49234319806490345,0.5761881550524232,0.9628725882205175,0.9863828448883067,0.7522686431786648,0.8157080667499617,0.4845393648812661,0.5505757593786609,0.8369089275680813,0.8708960130682191,0.5105890381750132,0.5827936368579927,0.770282337692387,0.8131316921530773,973
0.8623085979097573,0.9593214780840467,0.7549432327034956,0.8964624944140454,0.5310653122232771,0.7523449272736241,0.47699231894419447,0.6634473590525317,0.9562027463133705,0.9850213798767841,0.7571316688716065,0.8715039322993806,0.4793854104196312,0.5896039175156375,0.8558081785736964,0.9211618712244296,0.49640900894810913,0.6079562894004017,0.7185450600841523,0.8269495197978126,974
0.7609097178270393,0.989294798417669,0.4241976348178955,0.9736928098444606,0.12629324879046933,0.9146132722693393,0.21101002305911037,0.8879824387322006,0.8507717091577232,0.9956367599806525,0.3754095197093754,0.9402824537491424,0.3894683616918,0.8853720216886404,0.6993680353963032,0.9610200104670429,0.5466853284931683,0.8978971311842786,0.778774267207732,0.9693232987523336,975
0.8722532273126813,0.9749455431813745,0.7488570258101341,0.9283874728600279,0.4487430391446385,0.7111341473733354,0.3782249740287803,0.6074109511782491,0.9563123386870989,0.9869260383746439,0.6785863263974826,0.8004769802701913,0.39994046582387943,0.5989312855976424,0.8046068080112537,0.8729698076228933,0.43836171166331034,0.6543105756465895,0.71742843247918,0.8488949547102348,976
0.9123182600582541,0.9600923899925501,0.8454451871234083,0.8961736889569818,0.6564160868779587,0.7288855497103164,0.5560682459156292,0.6404968770208666,0.9695929326942128,0.9844920770342427,0.7806350953133325,0.8306522105444522,0.5364372425694968,0.6053463068986179,0.8536567121814423,0.8879766614795673,0.5578438132237757,0.6196212110237287,0.8023011548752614,0.8398988151558565,977
0.9315906764229197,0.9777358348442338,0.8804899210417229,0.9438393487822939,0.6983681564815669,0.7459856439485183,0.5168190289360222,0.6369381423422601,0.9766433167493939,0.9905298930722521,0.776621236592409,0.8250447896521311,0.4630480525253531,0.6560992196596587,0.8365628095202384,0.8818381164703366,0.4797743030067516,0.6791568745862023,0.7811179017432517,0.883164859018823,978
0.9060081104805768,0.9717176745708465,0.8420043561086175,0.9206741580694522,0.6891047095669617,0.7632313492973035,0.4872840287888199,0.5345369505620517,0.9708065509582217,0.9881606496089016,0.7862608706352782,0.8320414031398349,0.3938097179682708,0.4868206833409765,0.8402217860422515,0.8684204794416187,0.3863977022135481,0.5121194319333741,0.6791235111758216,0.795561439147208,979
0.9110416920680228,0.9635688650743677,0.8489143006658352,0.927929543105763,0.6501284492661896,0.8157077996261939,0.4813435885204829,0.5920542666330829,0.9671510856736911,0.9920903472548637,0.752376637752975,0.8628960404334345,0.43101053113293714,0.5917268639946555,0.8226037386470094,0.8946852820642989,0.4462677116138847,0.6215858811140655,0.7462498647993147,0.8323137521266158,980
0.9087575920938731,0.9776856453240566,0.7025680524071006,0.9462842541081059,0.19457540373047158,0.8273871846613541,0.45279534368410623,0.7548015379904301,0.9142988484444781,0.9918020874053005,0.38185596675715894,0.8871914739956832,0.5583784033051592,0.751981694511778,0.6256508321030176,0.9262501098763537,0.6473274771300518,0.7710756638042615,0.7201325852432326,0.911028874437909,981
0.8428450531073077,0.9785943324312727,0.6253662008768182,0.947226697522163,0.2413106146833205,0.7952501285769518,0.32592850355272357,0.6814504601580245,0.9110980747659682,0.9914317654969681,0.5087217253380009,0.8523173797889133,0.47053659636815287,0.6610221879485227,0.7405841069350191,0.8975870652064221,0.5896120765275354,0.6851986874322396,0.8254597239927133,0.8869407667116163,982
0.9002810867432343,0.9662483084625556,0.8180155811065392,0.9158945362006388,0.6116985399403138,0.667224885790249,0.4969771861342339,0.5411480242235408,0.9654376335298255,0.9855485530065342,0.7625784674622321,0.7934400301107241,0.4498357402233957,0.5259219043359216,0.8414109394666689,0.8642046948091461,0.4545777416125589,0.5550792145134339,0.7093491387797811,0.824375994821084,983
0.9170387752850134,0.9732075258073327,0.8456264345703051,0.9436607864726693,0.5661220980879768,0.8345172047121648,0.3768425964461615,0.6195438624829825,0.9683199691123622,0.9931049005456083,0.7147119135725584,0.8827246823445551,0.38895409477986403,0.5947801540715076,0.8100116086060752,0.9143242885726227,0.43128086466708637,0.6263876295460471,0.7369778614834663,0.8418329397324522,984
0.9199643381657041,0.9769092914040206,0.8435206773961068,0.9396001968994111,0.5748763614027501,0.7301703892798047,0.44861342859708125,0.6507720215732796,0.968385880229383,0.9900099866169807,0.7313844447219462,0.8461427855288879,0.4862947645207742,0.577839412049841,0.829368307660289,0.8968325820943048,0.5406290606347134,0.6028911623781463,0.8122711164140969,0.8440380546819954,985
0.9266756377566275,0.9777177446037325,0.8639960919700203,0.9379572361583265,0.6854697240750068,0.7793488677403428,0.6392231087069462,0.7205038960611407,0.972243529900366,0.9888506594119706,0.8132712699628549,0.8706093140905515,0.6521164599235556,0.7185115881162168,0.8833580064018485,0.9118718631699404,0.6771849559389841,0.733989878578584,0.8540106595910337,0.8823685952711838,986
0.8802372363531192,0.9585875708434672,0.7826330324032752,0.8999033613484603,0.5727402867437891,0.6765567655582719,0.4932232347711901,0.5496040458353182,0.9596986084277512,0.9853231300813395,0.7385600319950824,0.8121157507833632,0.44541402725118057,0.5756850099377941,0.8263528050649245,0.8852418435573713,0.45379075902542254,0.6173022046889264,0.7302778626595395,0.8407465640271037,987
0.9174238108642219,0.9768859841070411,0.849721808159676,0.9407418280543669,0.6395646376425408,0.7660780610649554,0.5394290610063411,0.6160333331950069,0.9690045910642516,0.9912488811129008,0.7858521506549657,0.8453134618565691,0.5665707807069367,0.641548185096927,0.8662720700125045,0.9045746280040954,0.6073317666271895,0.6809302212953658,0.8303374821060197,0.874377227665151,988
0.9238563292285665,0.9665401951082901,0.7107534626761878,0.9226815436183994,0.09977280970933002,0.7979243457421717,0.2992067732442527,0.7703050634841657,0.9023192545488721,0.9884556254031076,0.12440513579522287,0.8597166154608775,0.3024330023523564,0.7910347396606645,0.241426963817361,0.9202200384281981,0.33378159440557514,0.8130934979753823,0.4343011239296051,0.9255093105685742,989
0.8181567337256073,0.9714355631083248,0.6138368778094215,0.9282686841420223,0.29184606569619603,0.7399597486672742,0.3983494222408154,0.7525989928690473,0.9264519975722164,0.9886288433905839,0.5967745668889236,0.8676438056334479,0.4436751143917424,0.7723410158635596,0.7818871035249587,0.9229335608030865,0.46881613027520197,0.7632499663568132,0.6909330402687407,0.866460604850762,990
0.8639170056893907,0.9664680583588404,0.7504564987736323,0.9241421392913001,0.6014600503483187,0.7520918192619572,0.6103518731512777,0.722715715170083,0.9590981390140564,0.9873001300469118,0.7988934000072199,0.8587408764687747,0.5141615682287071,0.6580375177384639,0.8725464294393463,0.9084215249146927,0.4759581203663045,0.6846140995831003,0.6713239169109531,0.8515640203688776,991
0.8781267399337117,0.9744409087357381,0.7715247697529988,0.934334378743363,0.5818605778900771,0.7377751367335885,0.5689360235534574,0.6555724577648261,0.9590218055732741,0.9893836313245802,0.772651512006711,0.8239653039522817,0.5274342912138529,0.5663403290917159,0.8588200277833684,0.8856429375970895,0.5222000404049755,0.5518954849160653,0.7345349583692423,0.7855713590409644,992
0.8852314415702056,0.9660725026123824,0.7593586115230827,0.9060470295145594,0.41175943867868325,0.6530062304802603,0.378558688380047,0.5214473375600989,0.9538324135920814,0.9838974389831472,0.6413128323899816,0.7650352989205286,0.4167741257652712,0.561094234393347,0.7829507417627471,0.8687412042598402,0.4609870158632771,0.6162120179783214,0.7228444568636265,0.8606782672286125,993
0.8590405692130827,0.9530280424294147,0.7549922854892867,0.8914797284733844,0.5799242513989683,0.7579997241356777,0.4939744396949585,0.5750461956304325,0.9588900118588414,0.9874195079859106,0.7700265434830261,0.8445960679793388,0.41993629356870366,0.5617033754968946,0.8502974122294005,0.88914095964399,0.41335046770298706,0.5741790568849606,0.6696273706891603,0.7833408365736452,994
0.4838528364675778,0.9908725968677375,0.1676091070626136,0.9767388259296576,0.17869683991046909,0.9075851224083415,0.13184090259475048,0.8652339313637302,0.741024471880094,0.9959220380131443,0.3399965102028947,0.9330020702985489,0.3907667737975182,0.8649876171933881,0.7809779873928647,0.955246853730139,0.49082601995321207,0.8807711078009823,0.5993711548892648,0.9647323303581788,995
0.9012643200556196,0.9711588549741086,0.8112704059341961,0.9224599329600353,0.555214171631319,0.7549137461954574,0.460220627708792,0.5721590259846235,0.960177863748259,0.9888066303496666,0.7125506588800232,0.8409852776045297,0.42553265895127573,0.537790078099708,0.8068846955336669,0.8887697797892207,0.43747428301264246,0.5586249032469159,0.7084627241341654,0.808046538298619,996
0.9099127999135095,0.9787866267498516,0.8289952844208618,0.9462237795620124,0.5582132909907312,0.7277817182944565,0.34937152450973685,0.3991639751991976,0.9670717589040926,0.9914124353980748,0.7065784515463909,0.8036377686964858,0.31419558995513674,0.42732028023283636,0.796449593210663,0.8582266910577823,0.3313609313941823,0.48455205504464305,0.6394832543184341,0.782011569746746,997
0.907574111583202,0.9745873099935636,0.8348548860226355,0.938440258346511,0.5432909032993583,0.7463346914965899,0.32245549794247974,0.5077771569551094,0.9624070824595561,0.9903825121062703,0.7105803225809525,0.8289646321007553,0.3444477834628659,0.5069663227527843,0.8081532413758115,0.8838048417804031,0.38894318432658503,0.5525465163871099,0.6929238399090782,0.8303224327709917,998
0.9101555399383773,0.9729635420897191,0.842149431401515,0.9347609915175698,0.6322056295650711,0.7491961322008099,0.5090707643665987,0.6112892957967916,0.9617192702318759,0.9891461171911067,0.749551584975385,0.8134933743820938,0.4791030435069654,0.6036626799441823,0.8276280079040428,0.8711597218727059,0.5001946031332738,0.6414881959732438,0.7737792167026425,0.8827876226049134,999
0.909574070579905,0.9600281002138608,0.8409412739599511,0.9038954036411946,0.5903248764994145,0.6944405760131499,0.3871954450640106,0.5524950834469174,0.9655045300995093,0.9859506072329565,0.7232674294207597,0.800422094377809,0.3709643944669361,0.561603228916641,0.8092610972753662,0.8697871163427447,0.40566796615521805,0.5983521266331772,0.7235824046561562,0.8335326838542777,1000
0.9294809594913856,0.9723700876199586,0.8756037363331336,0.9336221260599717,0.6028820879403458,0.7123761304200601,0.4222251103758931,0.5355058419427047,0.9658217778922772,0.9898519238986468,0.7197036219292552,0.7936531339653136,0.44596235260708,0.5547392570091593,0.8086328285524769,0.8662159019328947,0.5033904931587735,0.6027360356260137,0.8125206864323342,0.8607084038288366,1001
0.9285662976247245,0.9774287846742102,0.880352806667294,0.9505864548528343,0.7245353895297455,0.8612606184249676,0.6628751192702775,0.7494427700785115,0.9709765635168496,0.9931155856401428,0.828915086643902,0.8938176840313508,0.678821962459191,0.7542361371044813,0.8917534571476263,0.9223904118779931,0.7104776196141536,0.7796040150284168,0.8821387384362988,0.9216109900850854,1002
0.9192185704269655,0.9697940255487757,0.8609320623839662,0.9316275148244272,0.6713746578385743,0.7449325197218131,0.512451896943819,0.5742718622949099,0.968160698993739,0.9898390361864292,0.7722714140684918,0.8207400905842516,0.47910924494189144,0.528863802842096,0.8405497303543525,0.8819756292071429,0.5034516693841838,0.5493772405352628,0.7837450702889182,0.8196585930915566,1003
0.9028045948269894,0.9705868987431442,0.8343955920280121,0.9251695887526349,0.6088509808223781,0.7029701972374877,0.4347381128918902,0.5541618720964151,0.9615957787798065,0.9871527169642647,0.7330109343434247,0.805607547762091,0.4099262107921905,0.5642441756300031,0.8164168352160014,0.8730087744653569,0.44127735525480555,0.6030516266596347,0.7523508512694045,0.8684895952064423,1004
0.9225512850438167,0.9777624096412233,0.8628976222776914,0.9440091693634154,0.593565626608099,0.7551217146759763,0.42821246960724235,0.625803843575338,0.9618875357798303,0.9900231046852511,0.7067879021359158,0.8153129218001206,0.43796017226442596,0.6234588905790134,0.7967494424732136,0.8725853773262026,0.48995585926316043,0.6631899874767158,0.8062419999226385,0.8953439026840178,1005
0.8875981500592435,0.9670918246639219,0.7890171963788554,0.9202866144465339,0.5154101470569801,0.6956719722420492,0.47272578939180815,0.5542295953975341,0.947248804039344,0.9867211517809675,0.6806198167785339,0.7712247900648493,0.492305585281603,0.5618585180005341,0.7959005328032854,0.8424645051358465,0.5418985286140021,0.6062970905005882,0.8164132218384353,0.8585062102821193,1006
0.9256745221184941,0.9702106833985925,0.873788678656484,0.9265219914889887,0.6617911551250053,0.7945441205734579,0.4646438422915596,0.6287996429435179,0.9704116350738475,0.9905110958366975,0.7694011953142997,0.8744323934135749,0.4526091196502398,0.6149864857627141,0.8393562710703123,0.9154715686927615,0.48472001452023356,0.6469112212534686,0.7679679270697722,0.8583472912516685,1007
0.9006138925849156,0.9637290774419481,0.818774251186253,0.9102876522202555,0.5141469921213919,0.6654452175446607,0.31135341204652395,0.48842877277130986,0.9570214394779797,0.9856486142213878,0.6720018989374459,0.7832258218679923,0.2950990824880582,0.4978591581713684,0.7742609805278181,0.8538780792424793,0.32186538211943133,0.5274372005072389,0.6445367264391622,0.8008287737163294,1008
0.9041530276480935,0.9709525516675255,0.829784488889739,0.9290274061409571,0.5700159323746653,0.7392768071286437,0.4163418633568155,0.5635092694991465,0.9594032418282874,0.9889699005506611,0.7202152612993192,0.8267479592563968,0.4209286512667691,0.5888595051628469,0.8139769252274054,0.8839605964500303,0.45927658576855823,0.6376239904956558,0.7514986818518371,0.8724059568654522,1009
0.940270757395236,0.9813893690218547,0.893271255998155,0.9550892221675011,0.6943544770377191,0.8137799870146436,0.5930253879789343,0.6907531274729712,0.973779926186344,0.9923380247011956,0.7949185873825036,0.8597073471391649,0.6163655938219672,0.6971889766116662,0.8654513239709563,0.9047673951971612,0.6584515377217811,0.7291737905710743,0.869493899350644,0.9146522396955986,1010
0.9157268567438406,0.9657676636652678,0.8463605107666514,0.9172450995639695,0.5528693579585894,0.6919546994942422,0.3866636089674718,0.5846978832002896,0.9601477728744492,0.9875316058104249,0.6704766781290663,0.771790189507102,0.38460455259099857,0.5376632205952645,0.76856584490158,0.8410026059483705,0.4381705960492439,0.5558393142884004,0.7944454935526487,0.8381574928413041,1011
0.8930796947103762,0.9667496303663307,0.8048878243189265,0.9203502905083661,0.5439057480998153,0.7369979617964397,0.44850991590670597,0.5709691640666973,0.9541035543721607,0.9877417919064423,0.7054411633790943,0.8277040158590315,0.4472261557906982,0.5275825207470959,0.8060619226248719,0.8810361091018857,0.48185117876690114,0.5485432405736965,0.7648920486889814,0.8139949064473891,1012
0.8870162961910435,0.9646918437596711,0.8071440575018087,0.9151099075761394,0.5704519090898649,0.7488663675113422,0.3161328514588981,0.5768004676521457,0.9646919691415888,0.9887098409502914,0.7051581790976079,0.8459796181303139,0.2611510653686322,0.5644216786168048,0.7889095709357195,0.8989269804064381,0.28247720492076106,0.5846724872039001,0.638838180259107,0.803435979178044,1013
0.7989638295632702,0.97639475237802,0.4097405784771231,0.9404038966421782,0.11214804720605623,0.7858828891145215,0.1652546862336057,0.7403405400725093,0.8075379498782643,0.9901502342101015,0.22711321968635262,0.8746531280174532,0.30530663462168844,0.7607910090262665,0.5740047938010778,0.921546142212632,0.47854247051244175,0.7969246885086655,0.6983463320035661,0.931297632925609,1014
0.8839074330397666,0.965283628796424,0.7698192092970777,0.9065030041485509,0.4233902508039982,0.6125489614298629,0.3142479164815238,0.3698086049887063,0.9523518535616141,0.9838986198392431,0.610716202147938,0.737228054241317,0.3124411258469841,0.40503105696328334,0.7423781466566853,0.8205347085571751,0.3532380773505629,0.4781665673392212,0.7028020828102519,0.8111576945382681,1015
0.8589181372546902,0.967872338595756,0.7063901396851263,0.9140469939294362,0.33726174564180955,0.6555354377450977,0.2887565579650328,0.4587487280765298,0.9455064383113364,0.9857224522917453,0.5990815408593315,0.7589419172915486,0.36527572924829954,0.4490290864233686,0.7636307305132185,0.8323957562587024,0.4374147993268133,0.5268497582646012,0.7430352526178728,0.7943426420582831,1016
0.8693755635186323,0.964311955026278,0.7515945329628121,0.9144130634467958,0.41777071706947244,0.6535235334155177,0.32983783440184067,0.4932700450474351,0.9432143157833798,0.9857975076734575,0.6247799909325924,0.7633849062745972,0.3598002024641531,0.5021799156521065,0.7625835710482038,0.8411984677585924,0.41726169542167146,0.5299891664330316,0.746711898531196,0.8240289454959812,1017
0.8642005501805285,0.970674890246741,0.6805070959516318,0.925393545571261,0.22073239256645977,0.6692735546659473,0.27031044174377516,0.4447945860789026,0.9226183049488037,0.9879492070038831,0.4368288793189391,0.7700539983936898,0.2939556592904676,0.44719440998281534,0.6385193908396131,0.8383884815100675,0.33818604635354704,0.48050133474567275,0.6328885312403754,0.7606834511259347,1018
0.8868326150720232,0.9805273802707271,0.7455108453493845,0.9495751249073111,0.33958963338342407,0.7723297156680972,0.30137543516253895,0.6368105742337165,0.9465054307013359,0.9904778274517195,0.568216660200462,0.8240879541735747,0.3937864662081382,0.619515989371796,0.7401977269532314,0.8740323934564959,0.4876903186181288,0.652690312726255,0.8054071997443238,0.8999500062386541,1019
0.8557494348868862,0.9640544258102625,0.5002064177448783,0.9068227126896453,0.17071885326744568,0.652755871208172,0.08870416892022169,0.506547636048118,0.8087196910600672,0.985091216411226,0.11863330542482613,0.7747642436591868,0.1744906397661334,0.48508128381692706,0.2975490605042866,0.8484910401183308,0.34853387916631273,0.519190651818132,0.5512517207540695,0.7769923313765659,1020
0.9483127318068875,0.9724631171056528,0.7094315054962975,0.9212660797154035,0.5502199861621088,0.6354330175996433,0.2643361204109487,0.5050072812673301,0.8620476613128032,0.9868933102555933,0.4445340531055969,0.745414610064294,0.33831920325340153,0.5716818588543475,0.21501021351674304,0.8249064931685105,0.48746635276294925,0.6244100691386759,0.13185768638931653,0.8140636133615797,1021
0.8508521579198096,0.9642561487594314,0.6356731134145411,0.9106150605874712,0.18669739302237842,0.695174129711674,0.30556397484823566,0.5895142738744948,0.9108224554960053,0.986295861760269,0.44063853407716236,0.7883629737589631,0.4283708181368199,0.6122629821775459,0.680540001593637,0.8601530724765228,0.5255629288341833,0.6487978783935426,0.7308454013512441,0.8612212856065007,1022
0.7227001593265958,0.970549012015848,0.3810300713353566,0.9197532338448245,0.1041741795056289,0.6198961505868724,0.21404036374570168,0.5147478575835415,0.8489005928100427,0.9853731495069432,0.42671670427545777,0.7390262991046079,0.48899593891658566,0.5400752406960451,0.7615272247998821,0.8348178491234222,0.6348497104718682,0.6856048724164914,0.768468336165122,0.8472286975550343,1023
0.8869696477555157,0.9584276087439038,0.7538198485285842,0.8882173219802612,0.32064423503060463,0.6499995707643788,0.25503052371377416,0.5598814133266401,0.9421716689839872,0.982405165182098,0.5420712859433247,0.7758978302486739,0.342483868344764,0.5671633027162154,0.7153374389353523,0.8497863175562828,0.4382591775768769,0.5961673952176446,0.7809574960153255,0.8287078894870953,1024
0.8827497070953436,0.9708586638037449,0.7686629508673831,0.932169986534012,0.4181518867808905,0.7532589240708311,0.32416089779421386,0.5042863925384963,0.9502627296884659,0.9904392787182221,0.6135257756398019,0.8380564689955037,0.3245979901439997,0.4982420913656835,0.7474309127259772,0.8896955520868103,0.3614299553781753,0.523993666234414,0.6826937775415997,0.8208652703909471,1025
0.8007136025802633,0.9687627577377224,0.6015382086714911,0.9120546050609061,0.22798761584449515,0.6077635077637659,0.2501253536783316,0.5667229953570705,0.9360914326265045,0.984741533255575,0.5773406339362567,0.7238437717867068,0.22869577699449883,0.43099767454945265,0.7670935788426592,0.8108684849724714,0.22425930720669204,0.4933839658905631,0.3976220139770742,0.7950010551293918,1026
0.9022673163448718,0.965101270503822,0.8030358835514017,0.918785347781388,0.4262836587551912,0.6903640881528583,0.31458974591560346,0.4459202829136907,0.9538625888950847,0.9881309917800414,0.6130497676408428,0.77962807034354,0.3618442401034788,0.46529428111156906,0.7500276938570057,0.8430396400205055,0.42882608671039546,0.5015220320825026,0.7597626025516212,0.8009341441279961,1027
0.8708583926973451,0.9578103513367081,0.7704085866439087,0.9060821809364552,0.5382856377170042,0.7269605735918241,0.4380554283976028,0.5327196729393722,0.9538131456507086,0.9871286779206636,0.7127292850035432,0.823176674232963,0.38166901376900575,0.4887834451806156,0.8068045204642712,0.8758531873292094,0.3887842004806404,0.5313135084952167,0.671263304837252,0.8008086839989281,1028
0.9087729453590694,0.9633648628815059,0.8416203957330837,0.918074233764536,0.6153802503735899,0.7514482440874297,0.4623201391166507,0.5494583444280723,0.9585753619793903,0.9889868766214446,0.7465814662004926,0.8357229116431546,0.4416674423233329,0.5210695278066317,0.8272878617575046,0.8866575905005029,0.4603880034815969,0.5423924214141046,0.7195279472219847,0.7816416216274533,1029
0.8955596872618268,0.9660447653662383,0.8105914668196988,0.9161325816782615,0.5560442215604589,0.6800167922613178,0.4631307609068356,0.5161363962393533,0.954987550790402,0.9867076321557408,0.7153958244726144,0.7745161791835452,0.46347679983031986,0.5091427925628246,0.8138214060120542,0.8453240779168203,0.4958013094028751,0.5402487885104967,0.7632991142790287,0.8060233435489617,1030
0.9027370455645267,0.9705391717142425,0.8214704604866455,0.9238531904389947,0.5196982605246767,0.6547914220329202,0.3476149239830926,0.5356698353937377,0.9599700538842515,0.9874690381941896,0.6622942502187611,0.7678439329643951,0.34361196827950785,0.5036879151838638,0.7675152866192608,0.844093357976669,0.39095139672967605,0.5262399069994865,0.7491625558708112,0.8073780961370474,1031
0.9123134531179116,0.9723950000046891,0.8410845215197731,0.929641938879305,0.5889400685418696,0.7515685522261919,0.46494261157482997,0.5224711898425733,0.9631703772483516,0.989287270873597,0.7247249411696757,0.8263771822174548,0.4595683610785623,0.4911805192178125,0.8157950953752455,0.876519404765061,0.4926222475071672,0.5216326532117546,0.7750356985758222,0.8109875600874288,1032
0.9141777907727722,0.9612264807011472,0.8441811939683108,0.9052481187282658,0.585689594571121,0.6829214231182844,0.41699509832027115,0.4687710469576264,0.9656554272049829,0.986000992161473,0.7253459728180025,0.7763083731771021,0.41737063475384517,0.4688844117111602,0.8144446299043289,0.8423391688225575,0.45616698940823364,0.5004321991093682,0.7556068432487772,0.7917258247159099,1033
0.8931448443282185,0.9641312170007561,0.8124732294610075,0.9216961974094773,0.5728178490258974,0.7122598101504305,0.44264339772653655,0.5492510142409021,0.9569893859042952,0.989014857753633,0.7178006838222001,0.7920879810735597,0.4161687358708031,0.46585718215226496,0.8074125367911534,0.8566608181132872,0.43896559889937,0.4894633506470356,0.7356739821919382,0.7653598546797733,1034
0.8664160692727952,0.9597577273364992,0.7547128752425122,0.9037452304140569,0.5079539407210424,0.739957399417955,0.44496089573910014,0.5836447400372777,0.9567545225158371,0.9874161280134008,0.7353371244688152,0.8403175370092458,0.46013651102407505,0.5526490945191215,0.8413203035189326,0.8939968377819513,0.4854690267000265,0.5637249654863056,0.7185886866989171,0.7789419398633642,1035
0.908146705419279,0.9642163649783881,0.8332021765088781,0.9193962695274304,0.6048180316970161,0.7130699221963225,0.518940785797388,0.5920544974248328,0.963811549360713,0.9887570525433064,0.7646200988060733,0.8073108937380391,0.5349590929823186,0.6062075915152615,0.8500208025604896,0.8847477981592813,0.5667746640395828,0.6332599553351062,0.7901717249677853,0.8274703916209043,1036
0.8857144557022817,0.9750284802559643,0.777449161975227,0.9313196079072967,0.441491694336092,0.6298125000093094,0.34063150924056307,0.40579458033590626,0.9526280748953513,0.9877619031052369,0.644113126645535,0.7429914438811149,0.3961945878994268,0.4555707074138185,0.7774785824371512,0.8248780256072868,0.4671926183458182,0.5213079431740172,0.7865791365238252,0.8164463203108983,1037
0.8924915432156751,0.9708902876647633,0.7890234730264866,0.9251358490461495,0.5129930962614906,0.7264140188162905,0.4674228095260762,0.5826551714712608,0.9551561479830397,0.9869709608557711,0.699582116705026,0.8250976131263755,0.4756395161526633,0.5485189196195808,0.8118329540179978,0.8827478163599168,0.5050156941095671,0.5633883482055976,0.7576576208201841,0.7978822699358546,1038
0.8800052278675483,0.9658328949105625,0.7713664758745531,0.922129327221413,0.487268612656929,0.7607161839638112,0.4030646722554424,0.6149866518212831,0.9566788704033578,0.9888729814846738,0.6897381415700335,0.8377932186143762,0.39580553179728845,0.5948962338950673,0.8024495723693282,0.8895035551540144,0.420532624431482,0.6177058300304916,0.698731954956063,0.8416719213887751,1039
0.9033832965730764,0.9925606835318361,0.7923559617364418,0.9819751509372521,0.4697190512680452,0.9425063877548309,0.38133148714385634,0.9231775201992408,0.9621382750862841,0.9970353937580789,0.6583435016936539,0.9588933389630165,0.4383154576922314,0.9194518047412864,0.7904661586660388,0.9728460287719776,0.5174398134764051,0.9278474177717684,0.8391764661615704,0.9789611711907867,1040
0.9040576446027403,0.9640941526919484,0.8161071075033021,0.9094434736870384,0.487814147356943,0.7121966594226286,0.3314030907516419,0.6200217321230218,0.9595772151159636,0.984923930218607,0.6440609420112433,0.7978404196485288,0.3190739629437904,0.5417872452544682,0.7539686769808627,0.854347412300473,0.3523366479852051,0.5690262843493066,0.6938084356587978,0.8146391417739478,1041
0.9037166817108973,0.9599826590489209,0.8060609298771975,0.900575494310651,0.4686094137942767,0.7292425868295384,0.32380313746105294,0.541461767171437,0.9613011529465592,0.9861398484314243,0.6418368681181816,0.8121091423289615,0.3283735078554924,0.4894923077018138,0.7610503550914706,0.8646896405169673,0.3706989709920288,0.5116507370480348,0.7100234513405173,0.7809309826285543,1042
0.8708861881605634,0.975815464284496,0.7618463078455971,0.9369870128840861,0.5019015396574116,0.7095002386753749,0.391804951610406,0.6217970739391862,0.9541371363482546,0.9893776642438423,0.6629250647141369,0.8227250656350668,0.3307517597239889,0.5149483767474071,0.7646127703879287,0.8792941608154303,0.3403183134396564,0.5285146575919799,0.6825095795346522,0.808460996068091,1043
0.8848101824793134,0.9665009220524378,0.7925275908959029,0.9161324371871916,0.6007975770871604,0.7795827809217053,0.5224941397895606,0.6789764930593865,0.9617158580165581,0.9867142497139563,0.760960815103999,0.8449523895679573,0.4728531481168937,0.6050209027085381,0.8399817305379854,0.877987319926315,0.4751635471492372,0.5994501767829679,0.7329967216213851,0.8342308149756059,1044
0.8665386270537907,0.970812576710074,0.7661846970646433,0.9199426505438335,0.5532165085790843,0.751297761076641,0.4235647971162077,0.6658617226798416,0.957288426994979,0.9861712344888712,0.7044887444351704,0.8427884835808067,0.3451152209247211,0.6117294784705989,0.7907555454925401,0.8931294125792355,0.35042313035345346,0.6104421518170552,0.6837279329214899,0.8236021432004177,1045
0.8966503156539776,0.9653733660965959,0.8213395070066632,0.9085939610216222,0.6280774176676684,0.7348362618970615,0.4672277055502567,0.5760255421737758,0.9656036427906108,0.9857215567800022,0.7525124208063443,0.821816745350063,0.40101010155484496,0.4901334412488909,0.8243893619006362,0.8700031341775886,0.40903205330546455,0.5261294394021991,0.7111726755015629,0.8086795313811728,1046
0.7100464175988764,0.9873627779341747,0.41173746539095685,0.9672269325401904,0.14302950284418653,0.8756775255056778,0.20601571690739834,0.8256180053878602,0.8856963511164319,0.9941192873027455,0.5118004419479563,0.9112270200501121,0.5543776316893702,0.829115630985133,0.802766076457356,0.9408213200670907,0.7406614105859202,0.8565235538850324,0.8617641724708561,0.9623279638509042,1047
0.8971795070043126,0.9641532372227087,0.8135804572433601,0.9071365088962794,0.5410615812474546,0.704549660378089,0.4441600920933283,0.5601993483474232,0.9560433668202607,0.9867690769050665,0.7154502875712395,0.8046341747501147,0.49692354200193867,0.5691495961092106,0.822802752554942,0.872557519070045,0.5594032378628765,0.6247086240478498,0.8250862848027706,0.8728080741207371,1048
0.9015173724834721,0.972022024556603,0.8052440277203698,0.9258180924760523,0.47390789295083247,0.752142249657638,0.35411334915438575,0.5427858626147164,0.9584823776744819,0.9888854717632524,0.6758759400261136,0.8327481409080233,0.4165219607815843,0.5046652421368122,0.798659531225051,0.8829432549076819,0.4807077129587505,0.5950058312764928,0.767804923996466,0.837140667240826,1049
0.9153723937080605,0.9914721934776096,0.8386128286435006,0.9776061122955086,0.6406686693551137,0.9074151444694312,0.5426197393932338,0.8656303009722202,0.9705448725956544,0.9958451697223754,0.7262741259146384,0.9298379476795572,0.4903998416362878,0.8639528453544104,0.8055136214174186,0.9527334195842718,0.5213675578663659,0.8814112046155287,0.8450930136486449,0.9707343301494619,1050
0.8141896128839128,0.9748288109821713,0.5196384173184018,0.9358472677933811,0.11994119065789746,0.7182064205746699,0.26741867309477546,0.649268394517242,0.8807245296820011,0.9895622122426146,0.36738867498309463,0.8063064148992778,0.41083932665836703,0.6182354170547665,0.6612307528777651,0.88149029099476,0.5062850149320824,0.617540893768781,0.655452705434378,0.8435023539897897,1051
0.7582182780363953,0.9769470805838725,0.42127521007713137,0.9458097795386596,0.11247518962012576,0.8252396633870356,0.25618688132582806,0.8101535290765525,0.8494960188081492,0.9914695129715582,0.3364191972512111,0.911176955481333,0.29287137204373614,0.8308298447258973,0.6332999762988181,0.9487273341490369,0.32789584977967673,0.8462627846598401,0.5898380535897108,0.9372894119444741,1052
0.7641050659635394,0.9703723467894682,0.5413375589511916,0.9280455412050499,0.26116907943779993,0.715388832400172,0.41175153589305485,0.649488564125736,0.9179198753058084,0.9887669983614572,0.6323770564486884,0.7984768963758077,0.5146070749387327,0.6429811258900735,0.8219089524447099,0.8784002531942804,0.5357408195235833,0.658150194503947,0.696659554219016,0.8263508378422374,1053
0.8648862205046027,0.9689364629246386,0.7407035808506333,0.920270757006899,0.48182159178203926,0.7205304259807532,0.4231375139673685,0.602742602781231,0.9497537836994899,0.9872092763791283,0.6672083498965873,0.8043589952746878,0.3491988918515903,0.5458043784743319,0.7747545963456269,0.8601956094972164,0.3432247972441271,0.5839944244993379,0.6456747895571352,0.8105657925131826,1054
0.8745385546201443,0.9916007911155997,0.6723956917512344,0.9807993788918341,0.24342112797226162,0.9390994774631047,0.4000785990198915,0.906705939424338,0.9190820526477675,0.9969623510209148,0.4386930357558879,0.9505761496151969,0.41260443605318203,0.8923010649322299,0.6466472136239412,0.9641900599941023,0.4445137035158306,0.8989206456431289,0.6878489611995691,0.9712806277044438,1055
0.8940402293268079,0.9707871007179895,0.7970669157098468,0.9216225015610174,0.5272984957039374,0.6694635750410612,0.4311991509126152,0.5540577570793815,0.9595927135507054,0.9858815282833688,0.7134103848305896,0.7906512343420339,0.4508081010881529,0.5799233489230623,0.8214250844426143,0.8568704876227867,0.4912999521497424,0.6236032806874992,0.7603580790506423,0.8570273751892803,1056
0.8565196029777976,0.977237137305385,0.7160939826341381,0.9397066514989149,0.40449468951311135,0.7342584631185487,0.34777311094704244,0.5958686176638524,0.9457710195203072,0.9897966312634408,0.612248652131265,0.8205083671150739,0.3120446580646815,0.6086637674254277,0.7465294598667291,0.8820109470573609,0.33011094715549005,0.6390621155677403,0.6636991453475682,0.839948920676803,1057
0.9142238267238689,0.9777551948969966,0.8399623364291674,0.9467286463699469,0.604899046652101,0.8373866252497995,0.4601433508567522,0.7785083273707337,0.9694549002860564,0.9917276040257194,0.7472510756002281,0.8885379099617753,0.45851180682964554,0.7658843483048773,0.8339476886571152,0.9254216317726058,0.49536792479332276,0.7812407599026681,0.7778180990970682,0.9196960608338701,1058
0.9051905990307645,0.9635421384120286,0.8315070950525157,0.9034455391868311,0.6142759709974523,0.6916226690795413,0.469134159043427,0.5490345313281574,0.9645370961934647,0.9838088462569614,0.7437414457476694,0.7877549513292711,0.4444128339129626,0.5528328141306644,0.8252050864949125,0.8740869016854241,0.4737261434827836,0.5787938301795236,0.7689642994760352,0.8070485416250156,1059
0.9097382034969804,0.9729099315573345,0.8436527430386781,0.9283291534954311,0.646460351558126,0.720018871775699,0.45588915265630964,0.5253494596131276,0.972556413735441,0.9889947562544501,0.780030796861011,0.8250598395193192,0.4265978007159781,0.47711911357897074,0.8505450103394,0.88334848668498,0.447501705164559,0.49044219820954693,0.721407523253513,0.754443317975704,1060
0.917192856987025,0.9778433656367888,0.8506359468133927,0.9404627939500146,0.644527247027051,0.7076624170841397,0.4983068527468927,0.5916001932341215,0.9704663652463528,0.9892962722282426,0.7744904180857105,0.8259132454957221,0.4825573377450027,0.5812440638897184,0.8491185498667413,0.8891242310584506,0.5100658412701758,0.6048148977012847,0.7749625954948677,0.8481086769239635,1061
0.9040592298605086,0.971579803955314,0.8342073108746472,0.923498932517869,0.6485839729549521,0.793399611016148,0.4623853300152723,0.6597741929545604,0.9679886424201594,0.9871947071558264,0.7647090586112653,0.8580626056956296,0.38514960311600643,0.5705093125379538,0.8291568389590752,0.8840489879526955,0.3841578906802055,0.5534587989496368,0.6777731659533361,0.797778999141643,1062
0.8908745031486398,0.9711990375028803,0.7950801529165722,0.9264330542412476,0.49106567013003066,0.7391837543861773,0.3103751930200235,0.5120294065315109,0.9606535290476902,0.9882621343171235,0.6505437854139439,0.8263190908366883,0.27845623152271237,0.45912647123410916,0.7576695729694464,0.8710122517602913,0.30537427748222934,0.5146705829215323,0.664444324687493,0.7986498925886945,1063
0.9069632084202546,0.963110962223029,0.8327279050248539,0.9115140386609196,0.6642518466909515,0.7404497386661599,0.5925187285948877,0.6530733520080658,0.9691484657442502,0.986988187766289,0.8004134782061088,0.834889662407352,0.5740292677285819,0.6182957426666496,0.8713336833411888,0.8990776768019528,0.5930104836926893,0.6280719403745815,0.8159559131148681,0.8394090166534441,1064
0.8169426104835106,0.9751923733954354,0.4118879841650217,0.9367753870812633,0.11988585319112127,0.8221020647974566,0.2007962747457214,0.8223284258901836,0.7972031061133477,0.9896799815653298,0.15431721720329256,0.8956177672790702,0.2971076689564252,0.8359004427110682,0.4647455643812326,0.9391733798143919,0.38480029502893065,0.8537686528734769,0.4791962660545698,0.9407818194399556,1065
0.8900443276604566,0.959529355971488,0.8055433540577053,0.9001579478307138,0.5766360869681008,0.7227956702095604,0.41611871545988316,0.6283243097970835,0.9600442413832405,0.9855300148849648,0.7141427152022384,0.8137115245237062,0.3587424824057422,0.6220030118326972,0.7978238962881391,0.8742222169770457,0.37186615771923176,0.6212946662419846,0.6934478819849722,0.8080309134845963,1066
0.8622752278369954,0.9667371975220101,0.745611279955815,0.9159688928798322,0.5043986794604197,0.6937706338273001,0.34819757406283425,0.6048584652457017,0.9622537571085669,0.9865729830023443,0.7094801005020864,0.8151774726599198,0.2850164746715795,0.6232847390884798,0.8076516141228737,0.8766578740565766,0.29142705268744334,0.6488843572501238,0.5947798646099018,0.8324858964477594,1067
0.8504090286024096,0.9722881040407931,0.707411858457466,0.9260960746970394,0.46413666249761637,0.6701773762241346,0.4714149664407531,0.6796841913537583,0.948779585693802,0.9874096677266337,0.6899291109750906,0.8133125392268823,0.4134618389409823,0.5350395932432487,0.804283657463925,0.8676806530573805,0.40308628550258385,0.5541599910789602,0.6628598891810933,0.7789796953563166,1068
0.8786257172771195,0.9626263855568358,0.769994007446719,0.9005283029193275,0.48655510658404993,0.6518624464973822,0.3911620273587469,0.5861687693952102,0.9553348870052933,0.9829845244398063,0.6817974141684621,0.8042329554404084,0.3737175730748366,0.47554769002179115,0.7931231976406307,0.8676640493305701,0.3959693660264615,0.5125696744818425,0.6894944422768383,0.7665610452231744,1069
0.8612269123700802,0.9542252458617038,0.7354827145242981,0.8918696639024732,0.40735825551733396,0.7023868895049992,0.27194837543573647,0.6217286765429691,0.9498248261508492,0.9847632385312339,0.6115574541564619,0.8359848554293938,0.24926260991592986,0.5159171327924896,0.7393250732672922,0.8856312304281987,0.27895009736586607,0.5725015679632697,0.6366971689216282,0.801589647260468,1070
0.9119581521512143,0.9629389984771126,0.8418036354395912,0.9163891410073027,0.5223436334495867,0.7268025648332128,0.2707348727282261,0.5557037677806661,0.9636238012079611,0.9875723470450491,0.6446294562797055,0.8124985339360091,0.2578792152297024,0.5389408574980493,0.7442961249808634,0.8866377747299379,0.3018954931918779,0.5765845408386703,0.7044243918908903,0.8296195327877679,1071
0.8973871350384407,0.9731378076419305,0.7826813682341557,0.9293386299235451,0.47461198696135304,0.7390489384889071,0.46962193563763804,0.7048965590703953,0.9551046896273265,0.9883075730584754,0.657440964527844,0.8584807578801309,0.46607675494095796,0.6303222882200148,0.7816214627563951,0.8967602331750839,0.4928198099632366,0.6151396025400017,0.7568379297373458,0.7924469727049924,1072
0.8187072423721407,0.952936835263326,0.6655193378773319,0.8720284753438904,0.36702074117491673,0.6497328760610798,0.3019195897874975,0.5040891332987276,0.9454935038072129,0.9835173951551643,0.6650489161780943,0.7991568265343212,0.3253964656429486,0.4362034025353196,0.8045801878910426,0.865342985033198,0.3589920498408664,0.5189538807327213,0.6367738758077314,0.8303351530190328,1073
0.8131944195076973,0.9908048944791407,0.5190015173549907,0.9780438259773817,0.2317911864393954,0.9377029137568755,0.5331510507173413,0.9159392248999396,0.8790025605229599,0.996438807528463,0.5077587842490279,0.9548105720153486,0.5455380728091387,0.9163801508909735,0.7553510601389728,0.9716118809871696,0.5049984913025293,0.9245800959056862,0.6389518213138271,0.9737731000833428,1074
0.8524666698218667,0.958623619539475,0.7029875543841806,0.8950549145556608,0.399040843424252,0.7057148701283035,0.40798581677942186,0.676414875330922,0.9486484599719702,0.9845991686042747,0.6739149544678947,0.8383350235453927,0.4966689778161113,0.6880625555028369,0.8211647983335822,0.9054681414066731,0.5570996803246061,0.7022077426429886,0.7950284346697928,0.8451702748767278,1075
0.9039394453455657,0.9680870500083273,0.8284302001432771,0.920331180804333,0.6298212111792081,0.7962101782107716,0.5236907062446838,0.6483747275620237,0.9642866793041354,0.9876808015061106,0.738765039187026,0.8458779886004667,0.46418661391141286,0.5462744321805292,0.8125781785838418,0.8829922910216699,0.4750581353977281,0.5415158576325,0.7752653988832026,0.8002525873863288,1076
0.6587188199301942,0.9749081781476051,0.3152071573081774,0.9351353611858693,0.10583583803267213,0.7504700953357346,0.07326915681367073,0.658432827240606,0.8347753873351352,0.9890523466451273,0.35984458309384115,0.8343691432039386,0.2817082625814449,0.652768130451838,0.7197575486648071,0.8897435996559574,0.5614077913060315,0.6720052135825151,0.8709794136028722,0.8997359561118613,1077
0.9067038719285558,0.9700080361342321,0.83305588918332,0.9232233855382855,0.5996285910670865,0.782107921149743,0.49728800754411207,0.7015172427545842,0.9642681039322639,0.9902466193665204,0.750128971561833,0.8585920412793271,0.5271978088277105,0.6407409226882318,0.8412352907320684,0.8986558904125796,0.5783058616096134,0.689960761854763,0.833021653640515,0.8736919184926583,1078
0.9123751106873658,0.9740485173766201,0.8488175358671256,0.93768296275202,0.623611686520429,0.7851115446753665,0.4275900397753696,0.6202931344514089,0.969511393118958,0.9907183953792417,0.7468199829570316,0.8546684428231293,0.42445244216084077,0.5922410699456601,0.8285118632808495,0.8927297794764487,0.4712028013912567,0.6276161652251128,0.7884688797383106,0.8543588755353201,1079
0.9069878779245407,0.9728290455063471,0.8331255527197359,0.938571496047838,0.5655747168954443,0.7970204922414187,0.3533854397153796,0.5999393170301341,0.9673142453702229,0.9920261227220478,0.7224262562868158,0.8852339066810005,0.3670767116338418,0.6379725785869153,0.8166376419202883,0.9286808612115959,0.41419084070326584,0.67540745274798,0.7322143434619884,0.8519112672505924,1080
0.9011276432248284,0.986476193428389,0.786883422649651,0.967513947710773,0.5115775476030272,0.8754543313270803,0.4902699337508587,0.8308294272502524,0.9632543954434964,0.9935212581417705,0.7168984075533942,0.9091677510280572,0.5607916358198861,0.8392306031352664,0.8378574912785596,0.9415537440131045,0.6258653925300761,0.8656975332855025,0.8613821676131845,0.9647074169241503,1081
0.9121711442219997,0.9636945779553948,0.8401651282697447,0.9107758708664088,0.6288331846929102,0.7771518647592727,0.5245262545940861,0.5967041454482649,0.9646904394518023,0.9882742412182677,0.7570624085767796,0.8269552597194638,0.5000867551550312,0.5304338049944579,0.8357959723776747,0.8767188591575785,0.5209039561919744,0.5872413799281782,0.7801078269165274,0.84952661138095,1082
0.8458568860821956,0.9723794732316747,0.5801412180469689,0.9266179819164644,0.11825058903589553,0.7092893991952985,0.12310042681926196,0.6259107651016734,0.8910381564199564,0.9874204842501382,0.3262842209648342,0.8113017561609108,0.27008958949158357,0.654893816604368,0.6079237260883265,0.8829639796205494,0.46593145442038564,0.7004530495205282,0.8417246818645784,0.8906139184455577,1083
0.8930220573570631,0.971967171867938,0.7051889636553698,0.9276565654731924,0.1763919362256956,0.646160391365148,0.13840354196745994,0.6139043391154452,0.9184566638332965,0.9873895794495371,0.3570534402319148,0.7705654700808856,0.2336961449799627,0.6040656083960649,0.5945520274860074,0.8609083145309296,0.404774738166448,0.639377736598206,0.8834486287296677,0.922817329920175,1084
0.8874145328413747,0.9646266022818727,0.7958839821702864,0.9094708206185148,0.568112286483615,0.7935501231974446,0.4915083355529779,0.6957282530825003,0.954444384602479,0.985415157872971,0.7311741393140415,0.8601156808181795,0.4632789300024814,0.5648387881447414,0.8223744732236666,0.8865837212027604,0.47879838790820867,0.5388437739737096,0.7393074985640478,0.7939054287179788,1085
0.8797412109199392,0.966488000773792,0.7629529080297833,0.9112788143152518,0.4215315441187847,0.7797852673801449,0.27731604593135045,0.6272832926572506,0.9559956476587762,0.9871444788178362,0.622921866017311,0.8495869802377956,0.27663087660274494,0.5654728232275796,0.7518655416476291,0.8865895807964432,0.3152798302010563,0.5979185178816285,0.6608525893990043,0.8016234747926597,1086
0.9019712716044653,0.95853507833133,0.8183886122629488,0.8946111647469076,0.5480181740775505,0.7564336407983743,0.3654403580882377,0.6294196304402214,0.9657387036382777,0.9868415702487893,0.7143162972920049,0.836474484407228,0.3760675778756737,0.5525990241766171,0.8131540932461766,0.8864304614730053,0.4225759614732569,0.5525019651101486,0.7423583515295693,0.8353721886871674,1087
0.8991586332348338,0.9840586905383873,0.7813361604323589,0.9635963472249803,0.47199726249989343,0.8923346771110061,0.4320634249635009,0.8433041675825727,0.9604268922215291,0.9942226058407787,0.6776755280919593,0.9286059955377435,0.48652754833109835,0.8377606800635665,0.807527995895459,0.9530485325443004,0.5475805602510404,0.8500041855308055,0.8156612513379808,0.9450395325530547,1088
0.7969982119053294,0.9614351565329466,0.5243519037412526,0.9016650443446337,0.23445390293138432,0.6443287945138725,0.46909607128776254,0.6872290081740526,0.8938480992042377,0.9833413015617221,0.47859900425120044,0.7724243544326591,0.348433769674748,0.6299884841177816,0.6735048929376958,0.8535112422691619,0.28249096963376313,0.6237114807818173,0.5572220488570955,0.8354389236890939,1089
0.6968365496417706,0.9365018095853206,0.13638121401443068,0.7720187926831806,0.0797910127942044,0.24670423330747593,0.6199874651007963,0.7125099901774128,0.6019274966487607,0.9401560659676702,0.13232838845511452,0.5080666682906476,0.8341788216858161,0.8987359315852488,0.713955140744523,0.7755805831427672,0.48527284927295866,0.7221096632413008,0.16763926937980803,0.7979692843100068,1090
0.5314699327004742,0.8361691004161883,0.06759854483108044,0.5208788211026063,0.08843344089737873,0.23957858735768403,0.6018519457056023,0.7255282190859684,0.6209779466595994,0.894382998190168,0.2038587507977569,0.531030832204889,0.7377154833955866,0.8409534536978123,0.7756357592564279,0.8494407217822312,0.33546721897820697,0.7798775902434216,0.1359358342821066,0.791457931957718,1091
0.5477831780350191,0.8778685325256769,0.06109410808973942,0.6123068153165732,0.2668267160885135,0.44488166847264904,0.29003686041575233,0.7044983571552341,0.5519405620505465,0.9179621591255461,0.06536727195534721,0.5529538451778552,0.37910667554644345,0.8514073494716937,0.6274454371979543,0.8088130657987183,0.20305625124503532,0.7668196684451307,0.08421118225225707,0.7750379201703537,1092
0.8187606925155572,0.8648805909186622,0.05438911166476184,0.3376241563370413,0.5335678190654586,0.6558393564459728,0.763528649488177,0.8453618811887544,0.1694588082420313,0.7140241864947511,0.19001393948197925,0.2509955375849279,0.7794099661386702,0.8268148865620081,0.4829954871040668,0.6245771703884445,0.0757509352576639,0.5315342439137332,0.19963129046786046,0.2559447992676451,1093
0.8312743804647459,0.8631030666277629,0.05913978168373029,0.5448081638214811,0.5225612277220404,0.6907683280759365,0.7691617481041394,0.8408381003542048,0.3119337079076177,0.8738692154037317,0.22514298966181945,0.4206423857606262,0.7478745076328923,0.799400305553631,0.29599699201004526,0.768063898771248,0.13133711425558295,0.7449774801052866,0.27671085999394657,0.5998337597650732,1094
0.7124262001880962,0.8959060003629451,0.1184846063680772,0.6806590343159504,0.12217053402887225,0.29697015329968734,0.5300177662413961,0.6568062257071441,0.5645877065558048,0.9244712598507155,0.10098391255443723,0.6622373154723007,0.7586591252764308,0.8019769066599177,0.6699900831219084,0.8639913335308208,0.4856655395016748,0.727351057958323,0.1802076486934492,0.7303995491224395,1095
0.8951969256152029,0.928368894298245,0.17575010617193426,0.6493828120603703,0.49354218135569855,0.6004574415987365,0.774585173592135,0.8971301248530877,0.43269404304387077,0.8697691056588033,0.2570264119379583,0.338119981493537,0.7830904690143221,0.8923793542848472,0.1270558097799826,0.5128476089119933,0.25829983172011,0.5747032052887036,0.24422287075560725,0.38090996415984474,1096
0.8121071924482112,0.9018890225139226,0.3721025664391198,0.6947908909701,0.023624066852721084,0.37844874274673473,0.8335637942911805,0.9038637760218786,0.7821187012713425,0.9351137338653593,0.23215650981704655,0.7476888222084667,0.8326358287730327,0.9079835812467636,0.6659225332338983,0.9003956512866529,0.5264999199127796,0.7142948312570483,0.14102969515822172,0.6016178557202093,1097
0.8008981580290488,0.9528980904248358,0.267358178782851,0.8099596090328263,0.3701857199800294,0.47208897513457504,0.3515206484574489,0.7720201829921343,0.6766374107438035,0.9466611555575584,0.09845689633119259,0.1456214523856026,0.12125541412577505,0.618289713234256,0.13953661788307617,0.4536281248684408,0.04435502510213109,0.2985955383321605,0.17902615655212772,0.3431641373992557,1098
0.8374170908037855,0.9737299489449284,0.3741980865210982,0.8722836133722598,0.0342165914147986,0.058142017972338256,0.36244052403795507,0.49053725179853214,0.7437952380615781,0.9582502860897093,0.04430800948800462,0.23174565621159052,0.45916971748102015,0.6584477845389641,0.4029157613097913,0.6830640377046814,0.4230205708596345,0.6135509117897933,0.2909850109194628,0.6802190041347722,1099
0.8722296038897466,0.9761116569354531,0.4836733792438785,0.8927588817587918,0.059760357153187615,0.10270923908973105,0.14761973412510088,0.32421543593257496,0.7991467291415489,0.9669248727936869,0.015960210434184916,0.10118689978162486,0.21177008244486265,0.40296421205463007,0.24333796374368769,0.5020270823106657,0.28392990071723484,0.38134570249753913,0.4030977842111204,0.772493994761474,1100
0.7413248920536557,0.9053131754901779,0.25746766002271637,0.7453100491339051,0.09142467511726926,0.5076805985916895,0.581051868426327,0.746006223056463,0.7298763178719052,0.9547693869219399,0.25783251682382025,0.8201294048192237,0.7925597428744366,0.8316599317579064,0.7097223945259217,0.9277546403967668,0.6305263406167557,0.83822664411492,0.32062073910463706,0.8629851879537433,1101
0.9191890295416948,0.9689141059219304,0.7415202302517784,0.8718872485519403,0.42964594172533777,0.6355841787249785,0.8641334884237036,0.9661460645124862,0.9096940561310263,0.9594180194983798,0.6209368835069254,0.7823052425068007,0.8478390150783736,0.9423980853736618,0.8104971828386471,0.9027441870616801,0.736897609822619,0.8303611860054924,0.613504664064686,0.8739836137847805,1102
0.8845970399839671,0.9927317255216254,0.8692713539531467,0.9943692165012997,0.5085452785199889,0.8025698570554819,0.6164921702035073,0.8655679815879208,0.8992903754832317,0.9969879306619392,0.44083209440861315,0.7591515499612244,0.5343214702590461,0.8472869487632473,0.4782081632628695,0.7732886653731526,0.5567478005062686,0.8031488922539693,0.8540891308946876,0.9880238994584793,1103
0.8649646288557676,0.9345521196612628,0.5914872625692614,0.7806705099130439,0.06659201588335854,0.3062537454621345,0.48561004067241526,0.6156064923599378,0.8948865541065444,0.9468363637131035,0.2728359226643758,0.5136688954603769,0.39003930985851404,0.644747084041429,0.5410899442916601,0.7204655042189831,0.2921408460392925,0.6507868381137852,0.24370603757866732,0.7576677543702321,1104
0.7902274573434689,0.891476357531544,0.06500971831487305,0.46447972217297173,0.27941196918498995,0.546660524232759,0.578607958967139,0.7431885826734796,0.36805120057395385,0.7908634212139973,0.033865431406540546,0.2379832590019236,0.6775185792392502,0.8527462812362772,0.47479042570826485,0.556015706935231,0.26113860093322483,0.6610859800231375,0.020913652281178384,0.3205093686481946,1105
0.8567991375950883,0.9013872808322008,0.14907201615871205,0.637986975596351,0.4567809243797853,0.6969613820844861,0.6606342263382418,0.7678129648010994,0.4466358704588639,0.8945427431660014,0.22142790979852756,0.3510304565795889,0.5663188356870115,0.646827848125646,0.18610169626116285,0.6008165362099234,0.11401004396308895,0.5164409787309339,0.1690888279369214,0.3609486054496039,1106
0.5118978415518487,0.7327202748103459,0.03547587606107536,0.2119136922014048,0.2667770518325828,0.3702404964255269,0.677271763349656,0.7829277661145803,0.3758288544242286,0.7376923913993683,0.04613603242908444,0.22895850950471705,0.6496864914046921,0.7568483725094513,0.7728865644738846,0.8061201317740583,0.08034977911323178,0.395038409796437,0.03764251650750609,0.2353041490362065,1107
0.6552639893027686,0.9165227685629168,0.20795942184465221,0.7654306607532515,0.03693933732593585,0.48706812071580985,0.6231595048567885,0.7618848945707359,0.7726981247416805,0.954111800407611,0.40666355398018755,0.7370112806909231,0.812724986949853,0.8684885399418601,0.8360641918669145,0.8858661656313751,0.5876910231587532,0.8612186852536882,0.3686014542565611,0.8580201510152504,1108
0.6938835382592354,0.8552174282142181,0.06660780661897542,0.5613678606383593,0.16147579580777158,0.3387366626785722,0.5315975846943449,0.6895603604822166,0.49794906761878593,0.8927151043197363,0.06524865683896261,0.5625467566542938,0.7788757894265903,0.843348331053813,0.6675447843257621,0.8403597719714838,0.4420215659386889,0.8018820196088646,0.1181321911486268,0.6826269128144558,1109
0.8587706165455515,0.9096534434503245,0.26047336688362444,0.4880602571369928,0.15369681724693177,0.2000495078146353,0.7242887187178765,0.8106177178849531,0.6113880415709677,0.8514444084704265,0.055107232593374945,0.44565375845222477,0.8097476521085942,0.8405629661222924,0.3773723467614306,0.7923626031913154,0.5074146755335094,0.7147577725786606,0.05765953594951875,0.5123645204327241,1110
0.8205292397586462,0.8708593234205954,0.162851486231343,0.5862017724345473,0.19550126265319243,0.5517159181361523,0.7276032018362872,0.7910814330738896,0.5303727059449673,0.8888975267581956,0.05454790022621819,0.5138590015800895,0.8538812222545427,0.9251826288380173,0.45984098458745465,0.7912865781319058,0.45342168360756824,0.7481024577513569,0.070576004733934,0.6678533915786966,1111
0.8113683922926022,0.9236206920952194,0.29885996291965405,0.805807111511333,0.06214187583501528,0.6689627267964047,0.761910211829539,0.8738703872458736,0.6963691873947228,0.967429180483994,0.18908864392577604,0.8463548888628493,0.8680301730594517,0.9372547678555377,0.668454554644129,0.9269443659437984,0.5801304301086199,0.8825136077469989,0.20481174289073897,0.8795745790389138,1112
0.7974644315983627,0.9446948595015846,0.35522654933974346,0.8637691693344127,0.12719946800529716,0.7578482317956247,0.7387703542461868,0.8689359612491638,0.7628176387143535,0.9792235866481569,0.37686638832478836,0.8941572927906183,0.8346565819279641,0.8803545737819622,0.7941583701174814,0.9512863013021263,0.6137698717599267,0.870556727061775,0.388092278179771,0.9140751748993073,1113
0.6731690889550137,0.8894765945349676,0.22249529176330476,0.7252456887705507,0.03601653988523303,0.5116603967587469,0.45886818201741175,0.7220876569223231,0.7618909991344819,0.9517178809253529,0.34526469423821105,0.7574110468446592,0.6589254489285071,0.8035338200265336,0.7775836785071684,0.8845455762987072,0.5630255376101733,0.8253149616887815,0.4590928563772638,0.8071375757344811,1114
0.7444035292786649,0.8883603870262572,0.14301185400662972,0.648722455502315,0.12491192275281716,0.2536848778160343,0.6224471399146081,0.6846602240318008,0.5727250404868622,0.9183816396174206,0.09119493950422958,0.5385081106058832,0.7752917736091813,0.8676594313183953,0.6286823126026295,0.8177730330203797,0.43787231936520055,0.7797275534657654,0.13010132215853695,0.7003400827727408,1115
0.7889727598170515,0.923863711258225,0.35747400284121156,0.8006750488062024,0.08115288959551355,0.5923189976492206,0.6981234230637808,0.7538947087995084,0.7762941582345801,0.9623699387533192,0.3472555201372897,0.7805328128082039,0.78469233090217,0.8310947389007242,0.7588002474927824,0.8908110997043517,0.5871139828718139,0.7700799882402588,0.37185680845937813,0.8526722240715782,1116
0.6518994163626904,0.8757127243621059,0.1588838330632397,0.6802525332345513,0.059963922366368244,0.4386834354728579,0.5231701664322119,0.6785188508096636,0.6862923392249605,0.9397608440354694,0.2824155951798627,0.7094458261965099,0.7430456224559179,0.8150104025953705,0.7908734017104864,0.8658784740512661,0.5182655882127953,0.7552148849558058,0.32987023862315734,0.8197451879744779,1117
0.7863051719380567,0.929245693945573,0.3624559767067801,0.8234059115019874,0.09053177008918666,0.6570247092903243,0.7369836974232681,0.8029786840431092,0.7820153167105748,0.9704245598728171,0.3400605899318874,0.8259918927594647,0.7221461470697449,0.7859434194202483,0.7348135013724113,0.9127184817037052,0.4649173097202661,0.7431968938856808,0.2772708950848052,0.826535002169728,1118
0.6355399104935826,0.8433801151685237,0.09546262132985411,0.5975338944991643,0.0946133749971447,0.37868440237663475,0.5757045384133436,0.6915190802864013,0.5733624606868767,0.915813506945345,0.1749716556765379,0.6562348445198727,0.6625191110436501,0.7655243195852551,0.7537496936333594,0.8594616027210029,0.3000331702297289,0.6556189859287008,0.16800622262197631,0.6920011192339384,1119
0.8584845078185454,0.8947056223540789,0.15101115707043447,0.5572722088871543,0.3490182222229717,0.5076888499356901,0.7312769561599827,0.8430455795947066,0.4468835703377388,0.8768884642093236,0.12861585819472043,0.3891201104313344,0.7656581660784046,0.8691614351784175,0.26418503852034564,0.7279857030115485,0.2909617522035861,0.639788589311723,0.13931709221349478,0.6384676915145963,1120
0.8462538445997656,0.9568043619009108,0.6671880859434361,0.9001190238569967,0.3914353131114613,0.819790802338434,0.5564992167170019,0.8668154851947591,0.9371828058816191,0.985514942849542,0.6899493810411911,0.9132941152901126,0.6565629867934938,0.8572460892716169,0.8510713469940427,0.9527665796641577,0.6846180324951737,0.8500883982062339,0.7988192296009864,0.919930493082629,1121
0.8992436777529783,0.9467707219491576,0.3313528128019414,0.4879123236491602,0.20298740039081004,0.2895844478390543,0.840285909605117,0.8972038741623296,0.6098568625724924,0.8459183352300245,0.10473800366939595,0.3729640066093444,0.8576572507593565,0.9084646372471855,0.23806969507038114,0.7646402320663217,0.47334694380228054,0.6774411271267949,0.09278146982844215,0.45383195076339367,1122
0.8304127871330675,0.9015139190431319,0.09861188292670131,0.7232677442532627,0.33319590607983873,0.4804512129486442,0.5899019243663773,0.7749221169874213,0.3644511697871352,0.9436202832809012,0.13376693373741608,0.7349430499736294,0.7435549415954409,0.8696942987976498,0.47831703763962785,0.8872658328252618,0.37070187055690457,0.786006950297659,0.09965935502130814,0.7784986596099688,1123
0.7163682166424615,0.8970923395438232,0.161016850081663,0.7411870658212536,0.12781657416985753,0.5834809527903877,0.5285338872464789,0.7591590552691777,0.6065593458623563,0.9373270615891365,0.1575274216617584,0.7816815953796917,0.7581159270841946,0.8480511814614056,0.6898918771225591,0.8790112578339676,0.5325036042887039,0.7429993288223287,0.24352294419346168,0.8079561113089815,1124
0.7920333144302693,0.8484824646365111,0.07202261316554706,0.41443929398695684,0.21310776311757426,0.4742444223917046,0.6779204461891903,0.8074240464267276,0.4151426654415116,0.8236052868255098,0.03837511585044601,0.3207792987626385,0.8559096195722474,0.9248939917098858,0.5691816025472636,0.7521597524809116,0.3883693066645794,0.7226832532030147,0.038368862677360865,0.46547525472488116,1125
0.8415957188330792,0.9183216929891685,0.22543263443046727,0.7038108587456741,0.14199172785763245,0.471634096184575,0.7622904208696867,0.8828613325771391,0.5828632513258707,0.923418376278982,0.07099711997031721,0.7370708199347947,0.8989791587329714,0.9564385444358585,0.5094421137799182,0.9237336205391261,0.5382832117966149,0.8165766166959698,0.10015026922308479,0.726293201862971,1126
