epoch,higuchi_fd,lyapunov_exponent,hurst_exponent
0,"[0.9079369457076494, 0.9105562453896914, 0.9183112666845306, 0.9340219193436983, 0.9408051124838325]","[-24.430709566912224, -23.01253272108869, -22.163805071926266, -21.91134606326667, -21.673034018863614]","[0.1588111181201904, 0.1393910559904456, 0.13932497542408134, 0.13907505176731774, 0.1514484519071618]"
1,"[0.9256682518448732, 0.9334804249073768, 0.9418440989663258, 0.953837481981441, 0.9523269326701989]","[-24.140500611223693, -22.60761711464609, -21.67140571488729, -21.356682279479685, -21.344394994006375]","[0.27144515703363076, 0.2599443608880211, 0.2615463735269243, 0.31222437580123397, 0.3200089437850438]"
2,"[0.9234716116718996, 0.9297776777316494, 0.940032349172572, 0.9550232535421325, 0.9560544498675021]","[-24.1421811101645, -22.704533812516143, -21.767002243451817, -21.318889293549844, -21.271450828043633]","[0.49943285556267597, 0.5544722068373188, 0.5097107341811862, 0.47199200748659415, 0.46147096016572564]"
3,"[0.9276734534233815, 0.9276447686243517, 0.9335882724560607, 0.9474652854155928, 0.9508841561595359]","[-23.77614860981169, -22.455644350840057, -21.64165987820455, -21.22252250513635, -20.901059562674867]","[0.5866945527060281, 0.5601843191593674, 0.5481805996590672, 0.5513840601446286, 0.5770737327352723]"
4,"[0.9244463652034755, 0.9261120861923389, 0.9329815858549347, 0.9486840372884845, 0.9566376159578297]","[-24.327703737097703, -22.899618794100952, -22.011534010895396, -21.654644498601773, -21.29212048364309]","[0.5078685882363382, 0.4926004241044438, 0.46818864199002447, 0.36612065084690476, 0.2687087160874981]"
5,"[0.9232511954359308, 0.9243571657139834, 0.933091972501761, 0.9503038837000338, 0.9550292620029994]","[-24.375033209209672, -22.9457240910695, -22.056131020733723, -21.599269067242645, -21.409348056103106]","[0.21542180455074506, 0.2108210828394075, 0.21053763186705737, 0.22833237294306596, 0.25493975877812297]"
6,"[0.9069199637802913, 0.9100179123948762, 0.9136606651212639, 0.9250355465484283, 0.9289927826781003]","[-24.689445302164724, -23.206369736799278, -22.417944012875047, -22.32260543659501, -22.310262620060584]","[0.32331898173627005, 0.35701450986450034, 0.3900024683813765, 0.4643365581930665, 0.3896331804878805]"
7,"[0.9143238717147049, 0.9180737905048244, 0.9230266976519588, 0.932672553679381, 0.9338733702854876]","[-24.272862085460844, -22.811431180029658, -22.045354041533614, -22.040434782640613, -22.045898902733374]","[0.4951868297703128, 0.5163336240940519, 0.48115777327504833, 0.3497968409885452, 0.24086666663386933]"
8,"[0.9134108258845726, 0.9132256863759421, 0.9157692525135025, 0.9295419817154551, 0.9378228848034197]","[-24.354955616713628, -22.944922492784645, -22.176924404673308, -22.06961159145102, -21.910582988227393]","[0.2977141714393726, 0.2812776060854169, 0.27923161912419725, 0.2708621388395158, 0.28815046007334627]"
9,"[0.9259336664509654, 0.9271215952941629, 0.9294477874694409, 0.9349415390548892, 0.9386056245065396]","[-23.766713037816846, -22.245775621345118, -21.462886127963472, -21.562131829555796, -21.702273350691403]","[0.4729707532506937, 0.5486724444335824, 0.5868433095565757, 0.6314146908930534, 0.4859355556397646]"
10,"[0.9273923774996344, 0.9288508993084896, 0.9312774161961533, 0.938698114178901, 0.9425011224708476]","[-23.881442565623743, -22.423640556730454, -21.653587089080368, -21.632384399049396, -21.502822481434784]","[0.21235537038043611, 0.2661814056822573, 0.2948171168277789, 0.3309447252205909, 0.27779639179352883]"
11,"[0.9425855837092971, 0.9450280028570074, 0.9466919728243964, 0.9489180530152321, 0.9485858632544844]","[-23.28819416825269, -21.75118685247132, -20.99226944626109, -21.195253490404692, -21.417818902874156]","[0.23650405171300298, 0.2466455667715553, 0.24607178372987218, 0.26061451011852166, 0.25561209239908816]"
12,"[0.9373174173095326, 0.9378816995397319, 0.9389773833432742, 0.9428658288659746, 0.945381011536748]","[-23.530085393437552, -21.979966034509957, -21.197443801375957, -21.30166556782309, -21.47181138732271]","[0.7670760653590423, 0.844516377443921, 0.8633699649508719, 0.7440149303942214, 0.49212915768350773]"
13,"[0.9442041859770136, 0.9436918308082933, 0.944212890477352, 0.9478825787045301, 0.9543016297753594]","[-23.80195497718065, -22.36976284541679, -21.58295684412119, -21.467321295680353, -21.291623419412865]","[0.3358692732513187, 0.30920731990341876, 0.29840823750510714, 0.2950690856474517, 0.28399635005487195]"
14,"[0.9296897205078062, 0.9329574394152791, 0.9354544793037629, 0.9410772637736086, 0.9429994678850674]","[-23.50550755695325, -21.972687751296288, -21.21499635662102, -21.361089906160895, -21.69579099750143]","[0.3813661280433385, 0.3728802326633848, 0.3872038079047839, 0.3816041642521567, 0.3135854595985034]"
15,"[0.9351553449610809, 0.9348844649204463, 0.9359728722230329, 0.9417171019561119, 0.9474065789212024]","[-24.13833307793364, -22.69128979999337, -21.937853813327013, -21.931256864649118, -21.915520913014245]","[0.3369147189855519, 0.3350693632970078, 0.3479480441121196, 0.3496459211910427, 0.303446746929561]"
16,"[0.9377285055374529, 0.9382335922052752, 0.9390783630443441, 0.9407673878996167, 0.9402251752294333]","[-24.079785836986886, -22.608416035244897, -21.85160847992077, -21.91205171062549, -22.02096032551122]","[0.3252439432042282, 0.36047038237749135, 0.36181978576180945, 0.31221598328585126, 0.29436492948173004]"
17,"[0.9161536110918734, 0.9180348031638025, 0.9204469734773917, 0.9294788390525145, 0.9367229736912939]","[-24.34449165537712, -22.919219519493254, -22.19857946152834, -22.27119605814947, -22.303865996452533]","[0.325506007561071, 0.3755700544779857, 0.3918830399299743, 0.3744302449025413, 0.24590498631352006]"
18,"[0.9041378872568863, 0.9039814070872675, 0.9056325694790778, 0.9163785424749433, 0.9279454689325526]","[-24.33297875651592, -22.932719861379407, -22.240200005214515, -22.41275430559246, -22.5102461904281]","[0.4894602721731927, 0.5058125326035555, 0.48442420786846435, 0.40256378641476936, 0.4113350293410945]"
19,"[0.9176053984202924, 0.9186996346321584, 0.9205393091720216, 0.9295274481902092, 0.9413434495813041]","[-24.34554352100163, -22.938194200402062, -22.23135494317104, -22.342306990343882, -22.297640439260046]","[0.31293441960082286, 0.306018127946065, 0.29829871414484926, 0.2642340188899815, 0.35321421167946127]"
20,"[0.919838490218369, 0.9190798628344595, 0.9209595742357238, 0.9303413449450721, 0.9418914597636967]","[-24.270131876759418, -22.849351053234354, -22.138904675325303, -22.278702642576604, -22.231933907867372]","[0.3740460214937047, 0.41498063575303223, 0.4273078482438614, 0.35101845154057576, 0.3430169993707939]"
21,"[0.9235369604835582, 0.9219646852005275, 0.9234136004061889, 0.9314113612711273, 0.9435557573599692]","[-24.611249329196113, -23.192987691575983, -22.462467469864727, -22.49731108718243, -22.462113935770894]","[0.41752776230488203, 0.4034643484717201, 0.3868941085824492, 0.47693366629479056, 0.44393450295941356]"
22,"[0.9135730284832163, 0.9114266011449299, 0.9125471656119288, 0.9257625034610466, 0.9412065031489094]","[-24.351803215898695, -22.955435478330564, -22.237749790375506, -22.29084628782717, -22.187263799251905]","[0.26689435087347396, 0.2894251329006879, 0.33668098729506046, 0.4358089053934564, 0.3762963640319147]"
23,"[0.9206936010321646, 0.9159732811152417, 0.9184639917055367, 0.9329005680737277, 0.9513406079936838]","[-24.29851527340309, -22.92649723172891, -22.166680055015192, -22.051948924929693, -21.763474495702763]","[0.35210000494664306, 0.388255753706096, 0.402131132038416, 0.31998920490862365, 0.3055405142223799]"
24,"[0.9213037627343055, 0.9163016765322114, 0.9185422914529752, 0.9329921638492658, 0.9511777460499428]","[-24.429299429326544, -23.067321316070775, -22.308899797453396, -22.161861058273125, -21.883187267599244]","[0.5347473764580895, 0.547585645677031, 0.5529140379455434, 0.5841644873621478, 0.5530292938432044]"
25,"[0.9066666023548491, 0.9043990534819829, 0.9092990271697569, 0.9310374634824816, 0.9493546134644316]","[-24.283665482841602, -22.884846684835697, -22.107358829503053, -21.961318557636506, -21.73424279753975]","[0.491257911573502, 0.4893101928545384, 0.4935958581346403, 0.5304315833642136, 0.5881220678345699]"
26,"[0.9184788038636539, 0.9183190251005952, 0.9202131795796309, 0.9313308966997278, 0.9418405070652777]","[-24.652920313464627, -23.278185095723344, -22.5698616153047, -22.593374253791573, -22.454131917357195]","[0.4458967400727891, 0.3888546032602326, 0.3682477355925049, 0.3967613808427227, 0.5385924192095785]"
27,"[0.9406125585883559, 0.9395521914176849, 0.9405380913088198, 0.9472954826875115, 0.9518603538980055]","[-24.19026064337748, -22.806297011530418, -22.071242183508936, -22.044049287989665, -21.872917760431253]","[0.3508022909691613, 0.38399847350799926, 0.396775953668148, 0.4249863707460931, 0.43497490878894945]"
28,"[0.9233287898421928, 0.923204138414828, 0.9272517426740117, 0.9367858107741585, 0.9475511341643659]","[-24.3981693557069, -23.015137500566816, -22.274520580058013, -22.32600336135262, -22.178292224534964]","[0.24663802476443825, 0.26122640891809074, 0.25531747878580385, 0.22065123929338978, 0.28606808405969525]"
29,"[0.9332731294908133, 0.9327953410418267, 0.9361530563483264, 0.947884194031825, 0.9553558094284326]","[-24.045872827910355, -22.652660072941476, -21.919436279552595, -21.987894888247475, -21.91362228494321]","[0.5709078932320182, 0.5908870938566255, 0.5683393259988002, 0.5345780636607201, 0.5160347712612144]"
30,"[0.9111736854701906, 0.909560894315241, 0.9111498717683176, 0.9227248119503774, 0.9399064453815875]","[-24.53627122710085, -23.112350229860297, -22.402172842581876, -22.565436386596144, -22.61767973992623]","[0.32060315254843064, 0.37898196267492135, 0.37796667373127885, 0.31435052312184714, 0.2126886508328243]"
31,"[0.9379391666333732, 0.93677016841925, 0.9370018813678583, 0.9386347918137903, 0.9441915398702806]","[-24.192134948105558, -22.791769008301134, -22.098689333048657, -22.2864225976279, -22.312019624401]","[0.3701054615791627, 0.368750564386516, 0.36328898597976145, 0.42045546663456146, 0.39315704561975545]"
32,"[0.9262591975011472, 0.9262432526058337, 0.927222691246039, 0.9344299272534271, 0.9435193695468111]","[-24.255383297235323, -22.819064376688644, -22.119428398303523, -22.339165706131748, -22.472419536383818]","[0.28817177428853813, 0.28384027241806087, 0.3091566574566776, 0.333005485950919, 0.35219599619284786]"
33,"[0.9280154746130437, 0.9292433583672993, 0.9304006433547117, 0.9358741897482317, 0.9410053891158366]","[-24.27869219907661, -22.882286253229765, -22.19872221121334, -22.407475262437643, -22.39299171418362]","[0.33136545019768104, 0.32900820586819457, 0.3350294200175152, 0.3287186868709305, 0.35016295381280743]"
34,"[0.9286228718462457, 0.9303948073197126, 0.9318853036568864, 0.9379108406540222, 0.9416087759735663]","[-24.057517464035417, -22.60955033050721, -21.900578637646774, -22.12143643568445, -22.33831762551495]","[0.4973974571066032, 0.49017400519358467, 0.46458581734257565, 0.3802676363956482, 0.45252385890734026]"
35,"[0.9119446946308695, 0.9116553444723221, 0.9156008594212278, 0.9321806078996857, 0.9450317627167316]","[-24.516104894109525, -23.122954176327607, -22.373409270472028, -22.328479385387897, -22.201632288496146]","[0.25705142269544257, 0.23515192377117314, 0.22664494747779632, 0.25977727545274876, 0.33001938578484014]"
36,"[0.9127416591714738, 0.9056751815130942, 0.9085442348459835, 0.9200080849857236, 0.9272873225759783]","[-21.7158375972071, -21.164383827124503, -20.483184891912845, -19.57043644609488, -19.699930320104762]","[0.6336597815562917, 0.5093411486366911, 0.5906487484732478, 0.7610933822582177, 0.48117947460140587]"
37,"[0.909173955448657, 0.9047633940680839, 0.9068134092983136, 0.9148720666452341, 0.922023070880344]","[-21.976822358741252, -21.49013844877795, -21.127432182775326, -20.446056315499778, -20.238896980133855]","[1.0819749362102613, 0.9373814645388333, 0.8750597556492626, 1.0076574942643926, 0.9766658618236242]"
38,"[0.9047141151871783, 0.9029188853352321, 0.9051426850999749, 0.9102797477075883, 0.9162635687388084]","[-22.614922360709475, -21.654545985669138, -20.981370689908747, -20.35645683185151, -20.06320157432483]","[0.9498666735092063, 0.8560858239701427, 0.8009322206405145, 0.7969027768070802, 0.7566016497258696]"
39,"[0.9138383474909547, 0.909543949722548, 0.9096829561637101, 0.9134882273517408, 0.9177615350692039]","[-21.542682010115392, -20.907812185124897, -20.55085776920375, -20.05434978368023, -20.00857339493168]","[1.2260713604217994, 1.092929724999567, 0.9570142238808638, 0.8200266886621538, 0.76997418247638]"
40,"[0.9070583505935682, 0.9046356987018047, 0.9073499435878911, 0.9238954960532727, 0.9272791642476199]","[-22.502666694797608, -21.66029292271184, -20.994104634201033, -20.568110568707404, -20.54514148226327]","[0.15295087887548642, 0.16736122720983448, 0.2386538200007673, 0.7187601266108858, 0.4307446821098847]"
41,"[0.921065329644507, 0.9211480816568318, 0.9244054014780086, 0.9335920421730282, 0.9408343745664259]","[-23.173942310919347, -21.860530042617423, -21.01587597111798, -20.498814861026165, -20.21360716490146]","[0.7542668727358318, 0.8283649748241555, 0.8889382672851641, 0.8568818870342364, 0.7825215243210049]"
42,"[0.9250454371639888, 0.9257053630200364, 0.9296232427885688, 0.9451230479874861, 0.9526687438074808]","[-24.54296825710551, -23.138612184380715, -22.314182254523104, -21.97612650610453, -21.827996648476105]","[0.3646280195394463, 0.4173742247300167, 0.4339235211934259, 0.4138805740791239, 0.31360108545059867]"
43,"[0.9184866046519887, 0.9193883540690501, 0.9243805410566868, 0.9383190605343003, 0.945154683303479]","[-23.582655299660214, -22.280249619571872, -21.500598734262997, -21.2173428759768, -21.037557284824505]","[0.7547064202334723, 0.7141121944674366, 0.6889079323861677, 0.7215315915708669, 0.7170478286632895]"
44,"[0.908900797994767, 0.9086497229426174, 0.9126988854912481, 0.9302842139987589, 0.9372371181163062]","[-24.700073569298908, -23.240168965768415, -22.453270921671685, -22.353694978410715, -22.380538170671876]","[0.4767102635356377, 0.4387471025424978, 0.4083133910826327, 0.3001329686368235, 0.26745665474727504]"
45,"[0.8992467381525375, 0.9014676211331719, 0.9062104059022715, 0.9258210191759421, 0.9360130646465599]","[-24.497360272150146, -23.07148296646116, -22.301913948076336, -22.17574246807445, -22.074446865887957]","[0.4457798983784744, 0.44609464979708713, 0.4326219694135635, 0.4081931791820895, 0.4021845077224529]"
46,"[0.9177627322039661, 0.9184930917518344, 0.9216778318532022, 0.9324111240026213, 0.9416249222735108]","[-24.12374083625228, -22.67702959960924, -21.926098177353225, -22.00398849017553, -21.923387644919583]","[0.4706281138880289, 0.4099579697353699, 0.3718236427361494, 0.31135113434317707, 0.4046740009637275]"
47,"[0.9184186959658598, 0.9193293266323943, 0.9230521537453841, 0.9358264643772849, 0.945282036909537]","[-24.28383532836706, -22.875148204334476, -22.107658244416534, -21.984773492261958, -21.786468542364705]","[0.39134605758408303, 0.40442178189916556, 0.39259836863557096, 0.33372875771617655, 0.323561518856602]"
48,"[0.933880119540533, 0.9352222192346258, 0.9373491177377622, 0.9444341432821326, 0.9503917465914746]","[-23.569723307503004, -22.051324938438224, -21.28098826327603, -21.36175434345998, -21.459656139177717]","[0.2601203603339894, 0.2566829962395544, 0.25012273583248873, 0.23735346474603572, 0.21915933659226186]"
49,"[0.930055728340249, 0.9302566055669155, 0.9325889842488425, 0.9438703261467777, 0.9520901994182028]","[-23.92365699134147, -22.467235011593342, -21.6932748807366, -21.62160119014643, -21.57759025753153]","[0.4608985985820208, 0.48554650946319194, 0.47553969026629844, 0.40962262020145584, 0.35341087718351605]"
50,"[0.9447346641281587, 0.9429564784263195, 0.9442185437182926, 0.9510033914755205, 0.9606704183597626]","[-23.677464356587848, -22.244977377562048, -21.484932838031064, -21.429055654798855, -21.25739019344766]","[0.24088154956161598, 0.24025802294294843, 0.2757666045208312, 0.40617126181467555, 0.385340905983475]"
51,"[0.9449114366407126, 0.9465264039175093, 0.9479950157094539, 0.9506356468516681, 0.9505602309228113]","[-23.50171368201201, -21.994193079347756, -21.23482145655056, -21.35058082557715, -21.573494913315972]","[0.4148172433203479, 0.4811287287028474, 0.4936522016981961, 0.504820377363665, 0.41536963899703294]"
52,"[0.9439050349378575, 0.9427192819499409, 0.9435765172836458, 0.9500049213616151, 0.957318877967397]","[-23.745417441105367, -22.269466816182128, -21.48058202235558, -21.389686763842448, -21.241506654693787]","[0.32892529590963376, 0.31300087008998007, 0.3035267996059866, 0.2779358498976454, 0.33344751059645705]"
53,"[0.9511149848374937, 0.9519042094147997, 0.9534054614239418, 0.9572563875552744, 0.9610054394860594]","[-23.4005509940332, -21.932085641676267, -21.147407078130147, -21.073720715433204, -21.073123599527985]","[0.2737242862474947, 0.31700555655014184, 0.3384871754649205, 0.41008005070326436, 0.3389702590946824]"
54,"[0.9499506346912019, 0.9495016945849563, 0.9507923758550402, 0.9556914592574861, 0.963717606774089]","[-23.43646602998598, -21.960641834096887, -21.1953303419422, -21.225861830866847, -21.130476521529317]","[0.3450032419214217, 0.4230734394302314, 0.4332915766831537, 0.36098849087595425, 0.3351148819732947]"
55,"[0.9506727174369014, 0.9499696687876819, 0.9505884495485367, 0.9536226715312823, 0.9579898879430505]","[-23.478173858686073, -21.957287989477713, -21.162105544232126, -21.152682279151264, -21.145720910227794]","[0.2472072352255797, 0.3045523987634835, 0.3269248974946359, 0.28464568920336186, 0.22191543202509315]"
56,"[0.9533037514021341, 0.9535202127841665, 0.9545200294353707, 0.9577846675405823, 0.9619379398127047]","[-23.329193379471665, -21.808502797235523, -20.998758517503397, -20.895013978082307, -20.87359921819926]","[0.25238563937355946, 0.31350419340752234, 0.35101361421443344, 0.42432611427904304, 0.39286799560644703]"
57,"[0.955362697743743, 0.9551400448129918, 0.9559014870572371, 0.9582422763097983, 0.964387096401485]","[-23.345286230225945, -21.872037546692017, -21.09402135070944, -21.020721533674884, -20.906649410114795]","[0.3398293545819984, 0.351316709583216, 0.3672527300602576, 0.38182901179670625, 0.3106120311070759]"
58,"[0.9539576196211076, 0.9548938777046596, 0.9559844479057247, 0.958538149554066, 0.9618073669385655]","[-23.50351300085379, -22.020286793295007, -21.209427604015747, -21.06824755732834, -20.93546878041744]","[0.2692838266576166, 0.20844927307866534, 0.19396164265836774, 0.19530829998082644, 0.28036067189880104]"
59,"[0.9521468018738576, 0.9521709700813499, 0.9528555547331856, 0.9568288835520867, 0.9623993032197337]","[-23.403290563616522, -21.895451714328892, -21.064208640461175, -20.85343304293985, -20.798794150046312]","[0.25601899590888166, 0.19399908713121244, 0.1752257262959856, 0.20923836229356021, 0.24726257472821944]"
60,"[0.9527362649682729, 0.9524231206086294, 0.9532612994884289, 0.9561170267488537, 0.9622641746460607]","[-23.548184379307497, -22.03222113757466, -21.220102771245816, -21.113321759081394, -21.06305406397887]","[0.4081929118653555, 0.40905959389706215, 0.39553570584788394, 0.4207067599853474, 0.3498838145210365]"
61,"[0.9569484009926693, 0.9568806830350043, 0.9573071690832176, 0.9609147743526331, 0.9664543504285876]","[-23.198277462813017, -21.712836283067006, -20.92585944800844, -20.839054955990218, -20.77646920465565]","[0.4015669939559789, 0.42816631530438815, 0.41808245411721195, 0.3593876898009033, 0.28504982553331054]"
62,"[0.9534517650809949, 0.9526474960112142, 0.9535441250450737, 0.9586674298671205, 0.9651831848877845]","[-23.415080576656447, -21.952316891561992, -21.139685768304897, -20.923435496866286, -20.791690325445746]","[0.24411290876533503, 0.2314742092106614, 0.24958372016959535, 0.34107533356559033, 0.2680163455852321]"
63,"[0.9582740088422237, 0.9583779622247173, 0.959184495438151, 0.9614250078596742, 0.966309042916162]","[-23.107116458827505, -21.57190368303052, -20.76378589704149, -20.69255403960551, -20.70363503258018]","[0.3859361501044036, 0.4598101804953611, 0.4863352147319824, 0.38742034305222944, 0.2810707488224238]"
64,"[0.9607527312917334, 0.9600066998086635, 0.9600876037131264, 0.9617028738647699, 0.9670608981794401]","[-22.889366926269336, -21.440269080757894, -20.659716231481962, -20.58141522298364, -20.526716844868385]","[0.3075217486794643, 0.37580471613003563, 0.40116700461490185, 0.33216165110226314, 0.29061382445044504]"
65,"[0.955128564188481, 0.9557166055373103, 0.9574160654137676, 0.9622302059826924, 0.9676891853343575]","[-23.31653128976489, -21.81743299034025, -21.001828284615595, -20.836670596236107, -20.712567765468826]","[0.16183490004402967, 0.170984239522583, 0.17896373713573815, 0.266292144411414, 0.2585692278086842]"
66,"[0.9584466422037375, 0.9579586595842592, 0.9582946433781703, 0.9620631130231606, 0.968370880466889]","[-23.0071189921758, -21.50505240817931, -20.700480884309027, -20.561213658319435, -20.49061252758675]","[0.3837901569054303, 0.37624202773784626, 0.3840216914669113, 0.38517291134655546, 0.4343188670444812]"
67,"[0.9581863006724205, 0.9581613671729773, 0.9590483900881872, 0.9626143175671923, 0.9673386094644552]","[-22.861046752793566, -21.311373430144588, -20.491118756755625, -20.354865605281976, -20.371515117918296]","[0.3368498212316376, 0.3551785509839675, 0.3774274881577129, 0.4754276212082125, 0.5017183735337146]"
68,"[0.9598601861740578, 0.9585546226593109, 0.9591112904229044, 0.9623079991987971, 0.9671479387819953]","[-22.985164145819464, -21.492960516411614, -20.668156623721114, -20.381970405058674, -20.217280986514233]","[0.2400649078976712, 0.2552167359916742, 0.295650000095468, 0.44672677704369784, 0.5080026045141048]"
69,"[0.9578590342956929, 0.9566603751710285, 0.9568086500435689, 0.9589746189571579, 0.9667010208398065]","[-23.059105115298188, -21.485084936456207, -20.633398434389207, -20.430852862611772, -20.39402855011676]","[0.33305404153741525, 0.33768267509086153, 0.3387165274510372, 0.32854829927557605, 0.3110972828119541]"
70,"[0.9603078500038444, 0.9600761464794196, 0.9608493885203238, 0.9645416487538025, 0.9683954036228769]","[-22.87642080954892, -21.278718416616094, -20.42288774592718, -20.261770565425795, -20.336550298542612]","[0.381233664624533, 0.5180318946459193, 0.5559291165700654, 0.4444133988429005, 0.4305567156572684]"
71,"[0.9581218733020151, 0.9571663413405184, 0.9578237084943301, 0.9621978880004787, 0.9686063031189976]","[-23.038227523441254, -21.587075103269324, -20.80140503599958, -20.649773310512238, -20.523258710646633]","[0.4278362886045802, 0.38504378167068826, 0.3565153402115168, 0.35992992673440627, 0.41552888581707065]"
72,"[0.9615512402007791, 0.9616188472107287, 0.9619767189804628, 0.9653975136110878, 0.96886938973001]","[-22.657216760457075, -21.116034736497504, -20.293775261799112, -20.16806797362782, -20.185638923897926]","[0.3910808277175745, 0.36518099779371505, 0.3436042879785935, 0.33152296580451157, 0.29380328617962714]"
73,"[0.9593904291675256, 0.9588831885999932, 0.9594362800934907, 0.9637109853922095, 0.9691296333462354]","[-22.789906885019636, -21.28751017812075, -20.46144881403932, -20.215352927670853, -20.13985037444562]","[0.3771509795212437, 0.36408417765696716, 0.36904586426215424, 0.35549605634663367, 0.3500040505445316]"
74,"[0.9591532859124346, 0.9595557975094003, 0.9603392203131326, 0.9642963673246546, 0.9682809667306762]","[-22.725086308499844, -21.151461693515557, -20.29815458622241, -20.041041295127098, -20.04806137074209]","[0.27102996625004555, 0.29675990725113244, 0.3154556709533963, 0.32560875656096894, 0.3081356840081421]"
75,"[0.9602034582149057, 0.9600495557886326, 0.9605633782812485, 0.9636802925054917, 0.9694992751841409]","[-22.787000966649327, -21.30862476105639, -20.511064149903042, -20.356035455201233, -20.301342099171915]","[0.18072556547306898, 0.16315408678899798, 0.16011201404698924, 0.1724324626680264, 0.2148547377989643]"
76,"[0.9596149690455386, 0.9591371628152131, 0.9604115651060813, 0.9640459513857518, 0.9690526511079957]","[-22.866035972617944, -21.339248713224297, -20.504237560911108, -20.271597211473598, -20.24983326876816]","[0.438587275794073, 0.3734787029095953, 0.34645341282366626, 0.29325104819965125, 0.37799499765448374]"
77,"[0.9581100848585303, 0.9583761616041835, 0.959304566330968, 0.9632755369079262, 0.9671842862328176]","[-22.769341311951823, -21.231897940225338, -20.412156155141123, -20.27221435828701, -20.263726268498893]","[0.2964491302840273, 0.3156976736360953, 0.3306725157442943, 0.34487760330642797, 0.38180475503301026]"
78,"[0.9622470094216816, 0.9621213662451585, 0.9629217987048824, 0.9661090022376149, 0.9697836146124293]","[-22.674608348758433, -21.11879865946766, -20.284254039380897, -20.10252217300702, -20.1183011117896]","[0.43065215034465165, 0.4533014560284558, 0.46678031600769987, 0.5349162755367167, 0.6260055555805865]"
79,"[0.9613085176544925, 0.9613788998052906, 0.9619145515042881, 0.9655873673599239, 0.9702459447919933]","[-22.678787638240507, -21.13408582203701, -20.308160418717502, -20.137165444378322, -20.1441932553197]","[0.2670316685909667, 0.299042868266436, 0.3185803230850839, 0.34438328573387844, 0.3681124965247012]"
80,"[0.962067591609991, 0.961926418626891, 0.9627197576638034, 0.9654949167641861, 0.9700756313278903]","[-22.72068792750111, -21.127081585226843, -20.286493422754077, -20.167172554853536, -20.2027311775141]","[0.25850398242036804, 0.3532772938811928, 0.3938847734773121, 0.42763356246388723, 0.3013130877276426]"
81,"[0.960858389686779, 0.9610688413990423, 0.9616180542185907, 0.9649723474396755, 0.9699786744060545]","[-22.572278623667565, -21.0391767542433, -20.208464305130903, -20.018978076608054, -20.011494609263597]","[0.38257179647987927, 0.42734609698387344, 0.46036601575737696, 0.4490485424606296, 0.3609638458153748]"
82,"[0.9607118829450192, 0.9612337626535117, 0.9620653608526275, 0.9651516405910353, 0.9699626347333316]","[-22.75428315006348, -21.228249164497896, -20.414132889513148, -20.24613534581872, -20.234387703336495]","[0.4034105092968489, 0.4111922108330417, 0.4269790405546317, 0.4727700667325587, 0.42565334110135855]"
83,"[0.9585049427556895, 0.9585144420175489, 0.9597228693647046, 0.9652551639429875, 0.9711989820556244]","[-22.742544256920212, -21.289113190589546, -20.482644885963424, -20.2407651964259, -20.110527274406632]","[0.2963178886336521, 0.3063022420427596, 0.3042135730870759, 0.2537723993288926, 0.1777182981291328]"
84,"[0.9613735085358657, 0.9617423269450299, 0.9627523769819953, 0.9660561435713216, 0.9693211614221593]","[-22.502335202350736, -20.97568850085416, -20.12550047131583, -19.802735777342317, -19.800125770698056]","[0.19355598691232162, 0.15850643686320792, 0.15389092808317598, 0.17411086363567227, 0.1877864887078371]"
85,"[0.96299381402927, 0.9631396613271554, 0.9639299101928445, 0.9668872551942856, 0.9712590732461599]","[-22.402924457200385, -20.838926403594062, -19.981861330495857, -19.7346447878144, -19.80205240312209]","[0.5530142214124204, 0.5378502855302535, 0.5358425575841722, 0.5290099446288082, 0.5300104181097094]"
86,"[0.9601307575575375, 0.959948275685572, 0.9612719423270843, 0.9662735139083548, 0.9708915553764893]","[-22.499732804630867, -20.95288696555551, -20.100515438818125, -19.828840224220425, -19.804798769331658]","[0.3334258282092466, 0.31991588284482886, 0.2990239682585947, 0.2505744336308884, 0.21258887301123658]"
87,"[0.9628875576462549, 0.962857910772558, 0.9637351841768153, 0.9675436230691246, 0.9715198111352291]","[-22.422357332686452, -20.74244962603881, -19.83780515244156, -19.562758614117246, -19.64939535250688]","[0.19277389203272524, 0.20984214107070223, 0.2243018821600203, 0.29105766942094313, 0.3639849352162797]"
88,"[0.961913909174708, 0.9624972439634665, 0.9634683236540266, 0.9670105577592473, 0.9717877078532936]","[-22.741248213059947, -21.194991884291912, -20.357234066671303, -20.16694806421309, -20.154009175823866]","[0.36493602169255596, 0.36850799179086474, 0.35598781237290955, 0.2943649694554419, 0.2557867037226127]"
89,"[0.9635371211461473, 0.9642795632200739, 0.9649349408555942, 0.968980679746618, 0.9723812717578353]","[-22.388119917988558, -20.9056441021556, -20.104335555370426, -19.937075769411013, -19.826744214722137]","[0.16663012501641933, 0.15367871972607167, 0.14826338402784056, 0.15870719585526086, 0.22988035703948514]"
90,"[0.9638772213259433, 0.964717001166364, 0.9654152739416743, 0.9684829207624608, 0.9723123677343499]","[-22.369698239529455, -20.812819638119485, -19.975420443619818, -19.7731792199427, -19.80775093559294]","[0.2795369306828201, 0.30764207539087546, 0.33639302883562744, 0.3293554852879186, 0.33240252779320884]"
91,"[0.9633110454188081, 0.9622851578903783, 0.9626855418927451, 0.9653727239923622, 0.9718901553727028]","[-22.69413638973239, -21.186251488200348, -20.368784715319354, -20.235330189399747, -20.212089671148323]","[0.2563192785820057, 0.22333212388235946, 0.20659534767143753, 0.19369399122634834, 0.24164868828074493]"
92,"[0.9628518334903077, 0.9623101926413978, 0.9630902970995003, 0.9680010478766496, 0.9727799574460104]","[-22.57857185330033, -21.023243908059083, -20.135913235792888, -19.761235033964084, -19.760192076829327]","[0.19820168331439228, 0.171671562264339, 0.19520890761169993, 0.2625478432718834, 0.29542204287831303]"
93,"[0.9617071517015293, 0.9619339103644786, 0.9624840710216659, 0.9657039952191417, 0.9719471353773981]","[-22.63771162038449, -21.09265958595742, -20.227622292265313, -19.866827364815617, -19.79108588285666]","[0.23038758193933973, 0.20048813884611588, 0.20112904001632773, 0.21237262871412135, 0.24009988459327447]"
94,"[0.9614350609680541, 0.9604977694768477, 0.9609404292781124, 0.964664474463192, 0.971417782351866]","[-22.524840614821525, -20.920726359933433, -20.063551312847565, -19.882519808424703, -20.002815904214106]","[0.38007981371141175, 0.4021430746951207, 0.4092886120472903, 0.46634628120694704, 0.5694911736883326]"
95,"[0.9627674145825822, 0.9623008861626312, 0.9629244564292128, 0.96651671644577, 0.9720548316219896]","[-22.754105558523136, -21.181665683242116, -20.31798390997664, -20.032970640248465, -19.995136121113298]","[0.20426640990729922, 0.28345440675668965, 0.32515560269185484, 0.3529588716383588, 0.3381512035489422]"
96,"[0.9637439478179816, 0.9642644397340153, 0.9654489672787341, 0.9689003383688939, 0.972677884368158]","[-22.31718198268596, -20.7559251455201, -19.901950796654187, -19.611896355237647, -19.608711792729768]","[0.3493984115917804, 0.42244311220946634, 0.4515813030930143, 0.4762834375385958, 0.4010442558662676]"
97,"[0.9628111924446996, 0.9632170884164234, 0.9642185480992189, 0.9681693082579563, 0.9732390778767448]","[-22.377628242365244, -20.781669147597853, -19.905650831701205, -19.604701353567354, -19.64757284578608]","[0.39734852181976626, 0.4447028356534658, 0.4861718993552134, 0.516441221465723, 0.508807642022876]"
98,"[0.9620934722643386, 0.9625043410752828, 0.9636234593666043, 0.9675335053020624, 0.9719941088975564]","[-22.637111753238443, -21.077288123158795, -20.212838417891184, -19.92684916536947, -19.914156941597714]","[0.23422750499152045, 0.2398579749751744, 0.24455920511463575, 0.22073154372403112, 0.20226533080432177]"
99,"[0.9626887134461892, 0.9618729367242314, 0.9626839731088405, 0.9665032114007225, 0.9716225099261641]","[-22.510605107380805, -20.933705757924034, -20.067343481675856, -19.806440659235623, -19.867255698781314]","[0.4256417314939575, 0.31435212651916117, 0.26678447012363493, 0.21791861528666642, 0.24269282899465278]"
100,"[0.9601464865059546, 0.959030630047096, 0.9594639129045377, 0.9642377215973843, 0.9707091934659883]","[-22.715294325306154, -21.120600181167088, -20.263480589366747, -20.022396035122572, -20.02807127474948]","[0.40530488408516585, 0.4170644598374031, 0.42891428082828265, 0.3496887840028856, 0.29749055846426004]"
101,"[0.9639870315039775, 0.9648062402521939, 0.9655062156610822, 0.9682884865961692, 0.9713571033731823]","[-22.561955838064748, -21.028237227750783, -20.20268948406311, -20.034178423326313, -19.992042929363212]","[0.4841468683772098, 0.4486264982998515, 0.4281636534482569, 0.4096519855125329, 0.42083421844159574]"
102,"[0.965325872392468, 0.964797731913239, 0.9648390643937738, 0.9682138859786747, 0.9733755968822643]","[-22.30811811344381, -20.837825253884795, -20.023175580458442, -19.7897668064615, -19.68354440965545]","[0.3535138519122803, 0.3586121049477755, 0.36576831107817903, 0.4006753101332652, 0.37544106927121346]"
103,"[0.9629375736489725, 0.9634744458899414, 0.9647242147644857, 0.96934553011388, 0.973841804717629]","[-22.318194414333885, -20.76474461364215, -19.90644598117911, -19.60083032537735, -19.5529704549521]","[0.33577833324157097, 0.3518262583201147, 0.36922647244622775, 0.37209382348783726, 0.3012487054464626]"
104,"[0.9644160309230299, 0.9632617338631964, 0.9637015472120773, 0.9670191974737051, 0.9729718079562355]","[-22.680480306427903, -21.1683150278795, -20.33732038152004, -20.111412336070813, -20.033277816902093]","[0.453319117110181, 0.4225612697356808, 0.357972733985677, 0.2707987631934266, 0.33574855310873003]"
105,"[0.9617359757385251, 0.9618753442260414, 0.9625048665240619, 0.9653874633800316, 0.9708271546755752]","[-22.542103092578163, -21.021597179249394, -20.201206729054828, -19.979956605683068, -19.89089057222413]","[0.2914559276175346, 0.2738835271021976, 0.28728338252849867, 0.3545872236557596, 0.36765240291076046]"
106,"[0.9634974168769034, 0.9633573434444793, 0.9643044883336993, 0.9670648532703551, 0.9721091864026911]","[-22.45968174235174, -20.89096217431914, -20.000141822123993, -19.60322248974434, -19.602106405543545]","[0.5261332577277683, 0.45760261682469994, 0.4626712105703473, 0.587678061608392, 0.4531480500048374]"
107,"[0.9637108630437562, 0.9629537685161962, 0.9642944163538946, 0.9679633284285211, 0.9722986430365698]","[-22.445479845456656, -20.91099351026195, -20.07802723641311, -19.89299947276734, -19.960403556589423]","[0.42350508259718656, 0.3484921714861746, 0.31518133669510556, 0.22110662868146153, 0.28300599218198896]"
108,"[0.9638227384876725, 0.9637116761163776, 0.9647158047327724, 0.9679670518657487, 0.9720023322343577]","[-22.52073858042025, -21.076519637504216, -20.27319623219361, -20.056168194938635, -19.937546705401818]","[0.2982558625017321, 0.2567507824682034, 0.24037015108019225, 0.24522932660631008, 0.2987270578593429]"
109,"[0.9644691249734627, 0.9648139026283078, 0.9655937836472493, 0.9683594634543055, 0.9728141272086429]","[-22.3816676317889, -20.835964068219273, -20.001921482730303, -19.810660455567326, -19.819978271705438]","[0.25926046946606074, 0.26152179355349253, 0.26719929745629956, 0.28725830128859264, 0.31655683590952105]"
110,"[0.963390242636633, 0.964327984906975, 0.9658388196933262, 0.9693182241722929, 0.9729818257608667]","[-22.315936828520055, -20.746111790409728, -19.891726080674236, -19.634201079464457, -19.611180865957284]","[0.28807869964674443, 0.3217053880340255, 0.3363206441686907, 0.31469619740768495, 0.2527770996088016]"
111,"[0.9631120247680984, 0.9631635230393375, 0.9639120109714205, 0.9676549220733462, 0.9723938228202896]","[-22.51456728923802, -20.93084071537654, -20.04470889052795, -19.72206327770595, -19.74217826399028]","[0.16545736966588165, 0.2501976706648806, 0.2896002403027657, 0.31241068219799145, 0.24691285294893398]"
112,"[0.9640893358618914, 0.9638135123535987, 0.9647194613120994, 0.967700103125489, 0.9727995794568193]","[-22.27995632310402, -20.684840623732555, -19.827302474733788, -19.640830311715995, -19.743945484337644]","[0.39503961121081366, 0.43079304600054913, 0.4550316803976428, 0.46969476181334463, 0.3695637262886531]"
113,"[0.9622349663978896, 0.9623787306953161, 0.9631866502745864, 0.9654240256049561, 0.9691247124681799]","[-22.536291316209727, -20.977975579197608, -20.134314000280703, -19.938359100612015, -19.974379415311223]","[0.34417717034704576, 0.35215014339001915, 0.3654819778684787, 0.34306095339714754, 0.2636418934663014]"
114,"[0.9651061320615063, 0.9636852176741126, 0.9639472106731676, 0.9658625757566162, 0.9712590542372062]","[-22.45276788358672, -20.82915034003047, -19.94319323599599, -19.732902813579308, -19.893569481703945]","[0.3919653559221601, 0.36692115530482833, 0.36533150363008254, 0.4060386245131843, 0.49663530385489]"
115,"[0.9629221563591541, 0.9628560109116054, 0.9636319430195026, 0.9668241980020036, 0.9704629769840241]","[-22.352679881774165, -20.794679550463655, -19.938514617446742, -19.634734191685574, -19.625660577416532]","[0.1995201892720297, 0.16733151237636404, 0.1512197143504931, 0.15440018100657218, 0.1964235234781665]"
116,"[0.9662302733782926, 0.9657855042072729, 0.9668510707784801, 0.9710664070494547, 0.9734874135942321]","[-22.348851544566543, -20.676732555255917, -19.755324896828423, -19.393223814356332, -19.504624027326738]","[0.4283822481624538, 0.36325268322131393, 0.3455601416973088, 0.3192832947828783, 0.3342893849643163]"
117,"[0.9641358117846384, 0.9635846203295523, 0.9643989899498042, 0.9693877597451431, 0.9756956773831351]","[-22.519526845454113, -21.028920595583273, -20.205888129094816, -19.935481209065927, -19.827649384816407]","[0.2615726957388814, 0.25427260381051564, 0.26449047174632884, 0.3413021467842647, 0.4093818166853336]"
118,"[0.9639377702894105, 0.9638763038757149, 0.9646136677105834, 0.9683440686635751, 0.9732474197846455]","[-22.38631614347974, -20.799079799649395, -19.922765241530556, -19.595097516986574, -19.570746175601677]","[0.3100885420516437, 0.34084941837965194, 0.36958512411288147, 0.3654920017635069, 0.28270334972521005]"
119,"[0.9635289292882777, 0.9627199101786562, 0.963609735061819, 0.9678893289891451, 0.9726507798583158]","[-22.43495524325742, -20.863831604180888, -19.997933638969243, -19.698456984006786, -19.608253708982865]","[0.20254880775100612, 0.16914218324761732, 0.16663880686247448, 0.25014898944277425, 0.3627544829066717]"
120,"[0.9637102356875334, 0.9647587640001752, 0.9660081232956017, 0.9691705701423706, 0.973058924722897]","[-22.435190515681093, -20.7816651577925, -19.887751346435632, -19.60679158499844, -19.671717537158766]","[0.4483788171840766, 0.490230139761381, 0.5085123050058232, 0.5469365024565602, 0.551125566022909]"
121,"[0.9646073901721074, 0.9642333030920224, 0.9652492846277616, 0.9682613989915808, 0.9736855964187026]","[-22.431279402211715, -20.89669660563994, -20.064197914932763, -19.855393272102653, -19.814977481966885]","[0.21092489810806409, 0.22522457149446154, 0.22648590074361763, 0.2454050641804291, 0.2496279554451758]"
122,"[0.9616772151158722, 0.9623621142745196, 0.962962540039216, 0.9650994589962192, 0.970427412653749]","[-22.506260055633014, -20.982462429370745, -20.157233127262504, -19.98790931912897, -19.987859012704615]","[0.4217802948903441, 0.40823521527036544, 0.3939592970200735, 0.33374102233250097, 0.38096383420799446]"
123,"[0.9620681084912829, 0.9623612671652032, 0.9633060527905322, 0.96659544089156, 0.9707175518595011]","[-22.503544673035535, -20.89222394625859, -20.017421001197647, -19.76051791179079, -19.80198253959281]","[0.30296034617965145, 0.3524780869928305, 0.38464841051374604, 0.42773042515870674, 0.42940672880666403]"
124,"[0.9621069648770676, 0.9623182755175433, 0.9632031815921727, 0.9666527313861494, 0.9699098030274589]","[-22.547938034836527, -20.94345174326511, -20.067398617169047, -19.79189655088304, -19.810657591581457]","[0.443526587310489, 0.4190161118639814, 0.4240149668011702, 0.4945719591394554, 0.5697843342353583]"
125,"[0.963599420630294, 0.965045173001996, 0.9662596680495178, 0.9695526117272468, 0.9725115297917319]","[-22.419709409607236, -20.720114432046962, -19.801458943800096, -19.513719906299528, -19.604721251422642]","[0.2959715125540061, 0.2787962714543886, 0.28252659427184823, 0.29172893379071957, 0.34681695604444784]"
126,"[0.9629247115477452, 0.9633498375075942, 0.964519010278054, 0.9684429492812946, 0.9736672665326028]","[-22.457858833518955, -20.83028930847661, -19.942185914365705, -19.65787184285727, -19.67907349125712]","[0.4459364290557591, 0.4338346653480505, 0.4160241161634136, 0.4022487720990883, 0.4749898439061922]"
127,"[0.9640144635454457, 0.9630200155538043, 0.9636492266522958, 0.9679640985249072, 0.9741929399323781]","[-22.37241575555755, -20.921664871295935, -20.137016018913272, -19.988984101458897, -19.89404205541156]","[0.4885679912132185, 0.5107786381414261, 0.5125176389340173, 0.44880718626724647, 0.37068809312406503]"
128,"[0.9654569932313894, 0.966010894380615, 0.9667370678342045, 0.9712450671183946, 0.9751355924580863]","[-22.440861445035424, -20.849855232185185, -19.989527044643186, -19.74178943596575, -19.764148469438442]","[0.45241813914670914, 0.46225541154902633, 0.4817789548099223, 0.48795152647166073, 0.4802921728526344]"
129,"[0.9641859786496939, 0.9646497487905973, 0.9656175002656792, 0.9681799175618684, 0.9720181076773377]","[-22.38857330426472, -20.783892144432354, -19.930905183605727, -19.736407575782305, -19.781661003417703]","[0.36931135181600344, 0.3823850768234718, 0.36748851574919755, 0.3395273486363624, 0.3328001790345927]"
130,"[0.965387800138173, 0.9654088651464836, 0.9663655126320226, 0.9700023539940593, 0.9745361329808578]","[-22.212650584299215, -20.65041000641185, -19.790598901573823, -19.511122131474146, -19.536008259804703]","[0.2958493052041049, 0.255592717944532, 0.24596642834250282, 0.31709390171850316, 0.40552155426005454]"
131,"[0.96573804351202, 0.9659646160630566, 0.9666334368222623, 0.9686657021443732, 0.9715209004157986]","[-22.35201228405747, -20.816411394497145, -19.990156988368636, -19.81198114744167, -19.81670191680674]","[0.32682850393283697, 0.31983712305390016, 0.3036663251693768, 0.2545576258760644, 0.2810688974837198]"
132,"[0.9650390237679137, 0.9663319450762431, 0.9673287159319716, 0.9696596327310545, 0.9727718104463281]","[-22.510582905635445, -20.896636032048814, -20.026829151105755, -19.815205286288037, -19.88904601681432]","[0.24875980703577968, 0.3040582822936084, 0.3502813710406775, 0.45069875201549436, 0.4289402976066826]"
133,"[0.9642261135395801, 0.9641547466176883, 0.9649142615124835, 0.968691060298567, 0.9726674101586263]","[-22.539777523681916, -20.984745448047903, -20.128671053040147, -19.859276835895322, -19.876024918549874]","[0.3952488677034116, 0.3958441097347182, 0.41883884339333205, 0.4592122126456796, 0.44511576095377275]"
134,"[0.9641227075540618, 0.9649722582535621, 0.9665914201152858, 0.9704754627649717, 0.9735509362214004]","[-22.579492461937498, -20.995411443838137, -20.10720227956881, -19.77340600385077, -19.759819033738136]","[0.150205594746495, 0.13586670033518136, 0.14237463851671117, 0.11720743815123397, 0.1440301285881992]"
135,"[0.9628754199695188, 0.9625101136519866, 0.9638979314777324, 0.9691420297945159, 0.9729120412291247]","[-22.399876032149802, -20.762783350558536, -19.842004256799054, -19.460539857404417, -19.521852969408677]","[0.22014304574851648, 0.26469341418905934, 0.28126996530524806, 0.31035050524439867, 0.2766200657971101]"
136,"[0.9624605588549147, 0.9628952401511628, 0.9638809346993141, 0.9664996973774391, 0.9707099658285588]","[-22.408063996366437, -20.807273848328162, -19.947338355466197, -19.712389932129703, -19.816933692115107]","[0.2948205532220414, 0.3216060002612274, 0.322968081582794, 0.337352997291425, 0.31172475436163644]"
137,"[0.9619322920154258, 0.962163920410355, 0.9629388158381147, 0.9659380134609248, 0.9696860826509952]","[-22.529404244394165, -21.035020431165943, -20.218146211397098, -20.01068993089854, -19.964044220497684]","[0.14716476250662933, 0.1741807483050001, 0.1971611279428116, 0.2025624156490197, 0.24434158276492005]"
138,"[0.9604840996303775, 0.9604779489599636, 0.9611752361415414, 0.9653579261771068, 0.970189074226365]","[-22.48832861727144, -21.00280959326697, -20.176318183115704, -19.912088037280185, -19.813762040796878]","[0.3340582190116129, 0.337674235542939, 0.3246641720795689, 0.3703816151017269, 0.4621466437961272]"
139,"[0.9638854488931399, 0.9647236980618619, 0.9655592534941302, 0.9678643788919005, 0.9719895597211693]","[-22.309881105538626, -20.619083103469222, -19.685448242711423, -19.315837471197014, -19.39172688576396]","[0.3835096864951227, 0.4292970592188402, 0.44716655949401907, 0.4200715173161327, 0.34662329001132236]"
140,"[0.9631979057884721, 0.9635383592269874, 0.9650302147753999, 0.9691455242637256, 0.9724433340463166]","[-22.191592889468055, -20.50426037667645, -19.585895336971937, -19.261786484572657, -19.41338742592062]","[0.3746220032140969, 0.41935027681442194, 0.43272267691010324, 0.4178596261376484, 0.36212452393347755]"
141,"[0.9605250694646791, 0.9600430418776802, 0.9611034489084437, 0.9657229568549657, 0.9711000749298331]","[-22.482636677478187, -20.939155708551368, -20.08601952658799, -19.82821212619003, -19.820167073533288]","[0.450291231616422, 0.4245799110113265, 0.4011487638374859, 0.3368702971424107, 0.32818947823109884]"
142,"[0.964374290757534, 0.9644797154189938, 0.9653721554183226, 0.9677270362201598, 0.9719001848427636]","[-22.34260169389161, -20.834139103998623, -19.986784776737732, -19.713690364783574, -19.67192805959417]","[0.5671055941480422, 0.5350144723219036, 0.5155903410182225, 0.46531898713901265, 0.46169635056832803]"
143,"[0.9633927627897279, 0.9638507737472963, 0.9646956659066328, 0.9681336798437927, 0.9731398867141574]","[-22.332086685181274, -20.780027759137553, -19.916531015036707, -19.59465634763022, -19.5733775966619]","[0.18830753832083458, 0.26158353564091763, 0.2920306918687299, 0.3082714827204527, 0.24346442006594857]"
144,"[0.9620084200642953, 0.9627116696225462, 0.9635886013148176, 0.9675988435322693, 0.971600688235252]","[-22.522934705603394, -21.041717131361118, -20.203097214123343, -19.841928433761108, -19.6994240891533]","[0.4002188825658795, 0.32758908408116527, 0.30838283374452824, 0.2703527355854649, 0.2929959534831418]"
145,"[0.9635851254963518, 0.964183660875859, 0.9649398359148568, 0.9671333140793892, 0.9710643695964001]","[-22.314565033518818, -20.636034346150485, -19.735104129333973, -19.510607978020587, -19.67670950241174]","[0.1983298355901078, 0.23856559507826755, 0.2683990300432563, 0.3170417820016872, 0.2994096780665768]"
146,"[0.961816304671364, 0.9636254895995332, 0.9647582047058085, 0.9679537113205348, 0.9695437980867873]","[-22.296124558108286, -20.694901723070796, -19.82641296477238, -19.589382700325444, -19.662163475114603]","[0.43463352489487106, 0.4316212340728494, 0.43603959590989566, 0.4034135947978717, 0.35199260445445735]"
147,"[0.9641978160993535, 0.9641474471937145, 0.9653025010299245, 0.9695627547426716, 0.9728176094639772]","[-22.605361903641803, -21.055693831947607, -20.17349748999205, -19.78443576209647, -19.701968575275032]","[0.24393347288513467, 0.2042881294387036, 0.20353286282374292, 0.24295389420760174, 0.30701444011762163]"
148,"[0.9651734820735812, 0.9661143190398976, 0.967087167634286, 0.9707738135041676, 0.9728686670986215]","[-22.224226507037706, -20.635221498185135, -19.778618342695985, -19.528580369072472, -19.601457738140848]","[0.3906922347089587, 0.45353633373240854, 0.4745173958490578, 0.4323163643408307, 0.3918411406893172]"
149,"[0.9633253356871696, 0.9633358168930941, 0.9646743197599487, 0.9687965295934576, 0.9718126365313686]","[-22.488978327248688, -20.883338046081374, -19.990150381118596, -19.641972778653024, -19.597113009564584]","[0.22210762895783712, 0.30941821330062513, 0.3335007125288145, 0.2916979305839193, 0.19925171959851362]"
150,"[0.9623268497719313, 0.9628500337614078, 0.9643104592425277, 0.9695324329313011, 0.9734802933078395]","[-22.19872664394923, -20.66046162533645, -19.81266238258061, -19.53674974611955, -19.508601517027593]","[0.5406893429956349, 0.5322726220061003, 0.5366827410644348, 0.5682318297501421, 0.5336475916514094]"
151,"[0.9607788563311287, 0.9612242250060897, 0.9624386805880888, 0.965966446700149, 0.9715732554833838]","[-22.360057570120905, -20.830342534789835, -19.97064805727841, -19.619045059810855, -19.500172227534406]","[0.38871183602764264, 0.30120604095364295, 0.26644250684988213, 0.23736287949397597, 0.29716274810079946]"
152,"[0.9470431382750282, 0.9471741756904759, 0.9474471721649618, 0.9497745673914598, 0.9537776418535377]","[-21.619809833247185, -20.50245350535209, -19.819237208233254, -19.51959612238869, -19.456044674537598]","[0.5685343330073969, 0.4151459535500593, 0.3569958005914838, 0.3810438378353916, 0.14244058802830017]"
153,"[0.9214135257398757, 0.922059093995131, 0.924230489207879, 0.935715199201284, 0.938575394585626]","[-22.118040946968808, -21.00185832872233, -20.246418932397713, -19.729103458973057, -19.857888640371407]","[0.1421974860416794, 0.162472161422229, 0.1800912586776922, 0.17143567207604596, 0.12761598765693366]"
154,"[0.918278389371281, 0.9155644778631078, 0.9179687414205824, 0.9299547819759822, 0.9342879040623162]","[-21.494572373116124, -20.657958284452267, -20.100256415331412, -19.707135607461208, -19.36145209958813]","[0.6914138767641272, 0.4779416515605731, 0.43241677738617174, 0.435009748075106, 0.6259559520785685]"
155,"[0.9446177718411342, 0.9451791247439858, 0.9481073001454831, 0.9583440359583512, 0.9641002086642435]","[-23.41614381473659, -22.001396729283744, -21.190381539591783, -20.977677644382567, -20.943933037041223]","[0.5636533463030251, 0.5179893823923516, 0.5305802190804441, 0.5227864566396215, 0.44905264703028325]"
156,"[0.9505937349546851, 0.9508696703991965, 0.952748717899525, 0.9597342173984283, 0.9641648348676084]","[-23.291186527766484, -21.720942020078883, -20.88166195520268, -20.748319538625353, -20.868685695880128]","[0.5510844314676325, 0.5871068496619019, 0.5854632874313207, 0.5491004269685056, 0.5384716010844768]"
157,"[0.9549263874681986, 0.9562175951699142, 0.9581561744857698, 0.9658026684485576, 0.9683317558536585]","[-23.191920114902665, -21.692712985515193, -20.827994521846207, -20.425365490892297, -20.47763299667774]","[0.4215272154945481, 0.47057414511627693, 0.48488430805173627, 0.416061206854913, 0.43518351513933246]"
158,"[0.9304671976633337, 0.9314180481664862, 0.9335817684836926, 0.9407213006353788, 0.9378761830149808]","[-21.969939154059766, -20.853485515707348, -20.114325897637684, -19.74864509054135, -19.2269256212048]","[0.8404787491258362, 0.7657326115789718, 0.7760915839437785, 0.889361130891131, 1.065988274123402]"
159,"[0.9506303669299446, 0.9513492832096576, 0.9536848404806804, 0.9616439750668825, 0.9672180672798]","[-23.307448443115206, -21.91396582050928, -21.16245791927487, -21.11510420527469, -21.082689812363032]","[0.4514574054760022, 0.3904431375045132, 0.35474288057920195, 0.3672239576654169, 0.3796068866428427]"
160,"[0.9541317153937722, 0.9546916150820243, 0.9562243160879004, 0.9622516755842367, 0.9661735698044516]","[-23.675645860038912, -22.169316731060732, -21.311142403591784, -21.023684059144834, -21.051208752632366]","[0.45016775361620975, 0.4572426885477964, 0.47179134773462206, 0.44432670143947284, 0.3247141672480391]"
161,"[0.9534404079656543, 0.9543723932249176, 0.9556017892089999, 0.9600569193948473, 0.9630620130607225]","[-23.461652043870274, -21.773148561407883, -20.884631559941532, -20.72307345938563, -21.018543716890193]","[0.4638097159273147, 0.46107521074811303, 0.48770747061882563, 0.5141482527920976, 0.549267155423513]"
162,"[0.9410848612704996, 0.9411846399956078, 0.943185997498075, 0.9486162706385474, 0.9478996791395934]","[-21.61729686841159, -20.81723461415143, -20.093353581059354, -19.57051308993025, -19.45850212755677]","[1.1990268977739367, 1.1810936287244054, 1.165732091746096, 1.18813211590382, 1.094617510712978]"
163,"[0.9267144237312708, 0.9279735145340834, 0.9310245233399382, 0.9398551314072564, 0.9408071411884783]","[-22.806697860591978, -21.655173343469432, -20.89325276168811, -20.410261889907435, -20.274457475689605]","[0.6730321869246844, 0.6371063288401089, 0.6914286347113143, 0.8455347587808786, 0.750146862377953]"
164,"[0.9400666556399583, 0.9424838057314308, 0.9454325350666758, 0.9567367128231713, 0.9609611515165041]","[-23.282332077666652, -21.771718236448702, -20.968262431494544, -20.84338662328823, -20.976137001056923]","[0.5720995803665412, 0.4821840449651569, 0.4433836096948795, 0.4599410161384859, 0.4682749334317271]"
165,"[0.9494382466466251, 0.9525650109539122, 0.9561247693594215, 0.9649013303928069, 0.9667748610839422]","[-23.36059107535892, -21.864610211699848, -21.027640156249245, -20.747436346976066, -20.75870664330168]","[0.6175893872667061, 0.7228549011735981, 0.7418717642595545, 0.6494899311425777, 0.49892660377071185]"
166,"[0.954141566123616, 0.9567960942696001, 0.9593586568960162, 0.9652156863774296, 0.9637188377057928]","[-23.262009188237695, -21.774288177964323, -20.963597992087557, -20.748838673275547, -20.808920176696066]","[0.3679938895801384, 0.33835671768373493, 0.35398995027574914, 0.3649227802443616, 0.3661131279328485]"
167,"[0.9330758185916049, 0.9370199629550595, 0.9420483008795956, 0.9546153172901634, 0.9559727751451818]","[-23.967199245916657, -22.496052887871393, -21.684995785434623, -21.43741473403217, -21.43561529365818]","[0.3449334451017127, 0.34607433153487316, 0.3659071072750197, 0.36810683210250245, 0.32368608223331036]"
168,"[0.918035783839137, 0.9217592799923751, 0.9272199643663328, 0.9452275310230147, 0.9555807874704276]","[-23.74141032535361, -22.282538836866262, -21.495998228769064, -21.307483198088523, -21.281892648530555]","[0.5680561217192625, 0.5232861991325023, 0.5014050227420889, 0.4695796392014319, 0.4590093429472038]"
169,"[0.9383518453097506, 0.9432934172466924, 0.9489778194528946, 0.9612593680979211, 0.9632155716523079]","[-23.210348794429674, -21.727325488701887, -20.923827874372577, -20.754805120898762, -20.82424171865241]","[0.14871644456059863, 0.14492099768239788, 0.14288059971862718, 0.1365822994567482, 0.119870307993392]"
170,"[0.9436671672652494, 0.9457386046140621, 0.9484605263674062, 0.9568498822775416, 0.9606213602436415]","[-24.029925287668, -22.558537303101748, -21.751305536433133, -21.50307386797815, -21.405869106055825]","[0.43444212166375307, 0.4789792964275728, 0.4910431605731739, 0.4433641608847319, 0.3982088220930817]"
171,"[0.9354880076776454, 0.9352403593365874, 0.9376086359798006, 0.9494948820113045, 0.955278152029805]","[-24.178967091323155, -22.78414158436188, -22.04448401614543, -21.979295247358937, -21.851488401969817]","[0.5030513223737378, 0.5293755333136697, 0.5359376486020854, 0.45322595662969434, 0.4454150454454019]"
172,"[0.9023844676286116, 0.9015043633561834, 0.9056849822999151, 0.930204052077516, 0.9466366183510172]","[-24.471058640423983, -23.10274881836735, -22.361782593448776, -22.276986205638636, -22.14102618477852]","[0.1928616489505588, 0.20598132293320812, 0.21321102786400928, 0.25423589907002, 0.27814511574949974]"
173,"[0.9066562484942445, 0.905632872290146, 0.9104179986270718, 0.9317191218142722, 0.9464090285439372]","[-24.233932621188305, -22.858979609850987, -22.12072399197647, -22.040492236587777, -21.839964535877638]","[0.37672699880119037, 0.3723402110478364, 0.34022684999731395, 0.2953934205993403, 0.2860660170924804]"
174,"[0.9337143100835729, 0.930510993866311, 0.9316525861285492, 0.9429122246281122, 0.9546321767928153]","[-24.309048975142492, -22.978049536193126, -22.241702612544472, -22.145133196788578, -21.88870849940971]","[0.15494224505391174, 0.12982754667964366, 0.11787407144262253, 0.13105583282151884, 0.145524807329261]"
175,"[0.9108623898124775, 0.9117173024861637, 0.9167564239789648, 0.93832522478404, 0.9501947940320035]","[-24.16351168817005, -22.781550593207246, -22.02446789428939, -21.885793045998085, -21.71052119234791]","[0.3848207959415835, 0.4786155462921522, 0.5110339447537986, 0.45906027184187487, 0.33075492052001876]"
176,"[0.9360774985871834, 0.9364697289737257, 0.9372078105900177, 0.940375165557353, 0.9493160797920464]","[-24.475957068477076, -23.072516516309953, -22.34267906005169, -22.38043335303625, -22.2409576674292]","[0.26482992370738134, 0.24662899796296808, 0.2412575630015041, 0.27153723080927705, 0.2580706540197456]"
177,"[0.930122026082205, 0.92836501790249, 0.9307106167820928, 0.938804394354484, 0.9456047408740618]","[-24.40310967296244, -23.01546794781952, -22.296173881519813, -22.274822570431606, -22.14343037340904]","[0.44653087919798484, 0.4000830773684606, 0.3706430645737944, 0.4072527562710484, 0.4350491492438782]"
178,"[0.9283273153722803, 0.9278071206908636, 0.9291305045962928, 0.93820209785094, 0.9461766394947889]","[-24.353523199432047, -22.94868337854444, -22.205395361164737, -22.174423153505288, -22.077925524027577]","[0.2747324768440835, 0.23317750233472845, 0.22635893342252025, 0.26333333476516574, 0.31996378578649015]"
179,"[0.9006289048544007, 0.9038614863878273, 0.9112055051283028, 0.9356235707006213, 0.9481400692927512]","[-24.226164756084287, -22.7968886854909, -22.001107029702293, -21.83246099007309, -21.72893113758985]","[0.34877670927845444, 0.3772094704317418, 0.38691244499460403, 0.31807418112661023, 0.2661731053887629]"
180,"[0.9328190462545402, 0.9329395735709822, 0.9342111503737874, 0.9412590847265503, 0.9461909442748071]","[-24.418993273677014, -22.98522125968732, -22.256818199439433, -22.325466066957002, -22.384285744564192]","[0.3988604022880843, 0.402943030675896, 0.41766946493306867, 0.5311937718892824, 0.5081499449137181]"
181,"[0.9297940380830976, 0.9298435538044659, 0.9307241017601461, 0.9352606597237919, 0.9415361554667334]","[-24.51816598188848, -23.109586070561363, -22.398891635578057, -22.482413547733728, -22.46353043858285]","[0.3574779582220937, 0.324211515656379, 0.29605416072340923, 0.2901269125780244, 0.3969844700808889]"
182,"[0.9264357440081168, 0.9281103986216703, 0.9303111569991829, 0.9382038898000268, 0.9433180190083926]","[-24.45133623719616, -23.037822123504085, -22.309689391416768, -22.294163392223247, -22.30347204681232]","[0.41748566926085645, 0.4050909107726071, 0.40438322924499737, 0.404184003668344, 0.4171016311896986]"
183,"[0.9264715583313036, 0.9230047739656317, 0.9253669011935313, 0.936063176619218, 0.9463328604396614]","[-24.179514952301066, -22.860122506848455, -22.130121037728845, -22.013206765570427, -21.69173176325457]","[0.3346564736607121, 0.3172677164518689, 0.2999902796163735, 0.2888455749969128, 0.3116226854602131]"
184,"[0.9014758814884498, 0.9025016995041828, 0.9086854636918547, 0.9263200460034995, 0.9405595082378695]","[-24.63842313283894, -23.253547758948542, -22.470422537817146, -22.352596904321995, -22.09048537967469]","[0.46350311840013875, 0.47503376607405373, 0.45515319062143805, 0.5027748928302074, 0.3849137135485133]"
185,"[0.9335237392417368, 0.9319794186193259, 0.9345409241164557, 0.9435895192047156, 0.9487417050625238]","[-22.639841981397144, -21.732222041254538, -20.751106092430028, -20.029729624734372, -20.661162083134343]","[0.5219393684673693, 0.5022810815880501, 0.5356353455465246, 0.5960875921300262, 0.4913049398019789]"
186,"[0.9151974766710114, 0.9137187822942764, 0.9190482892787892, 0.9369962770578786, 0.9509111387913868]","[-24.527665044652238, -23.212347895401827, -22.44673227853617, -22.323263839399193, -21.895225726982474]","[0.18052712082818909, 0.15222146861035826, 0.1729549460865019, 0.33395737787219676, 0.4790988555439812]"
187,"[0.9028838932566747, 0.9044088812097627, 0.9102376387249159, 0.9356175249280404, 0.9478322318512362]","[-24.434039034977417, -23.015226269885837, -22.23337664959205, -22.151947265147797, -22.001227805962458]","[0.3293599344384973, 0.34026838870888554, 0.33639094839115075, 0.3114707344416566, 0.3654504962267237]"
188,"[0.9257664336324424, 0.9251430616033884, 0.9287508008872872, 0.9432658464726317, 0.9545210791412168]","[-24.22716347863289, -22.902721344391768, -22.189551544218084, -22.216852101013714, -21.889570794703182]","[0.2079637462718986, 0.20652544717137244, 0.21647351299062484, 0.27734560123715296, 0.2972515648356584]"
189,"[0.899753144359758, 0.9022813544892642, 0.9088755468165266, 0.9341834242412749, 0.9491872186869169]","[-24.498376123764533, -23.113275610003086, -22.35548851627253, -22.26306944180428, -22.056778369633346]","[0.40580834839850655, 0.43895116146720964, 0.36989885857563826, 0.33464927903194097, 0.3889063326071612]"
190,"[0.9284076627310477, 0.9289902573570797, 0.9313166990080879, 0.9394951248749795, 0.9480190067264755]","[-24.43929664722777, -23.069600361939028, -22.317088283263235, -22.196434500873977, -21.979199737307233]","[0.31079742406513805, 0.3159574570955581, 0.323850311620835, 0.45246606969203446, 0.44903902777652915]"
191,"[0.9173586889283093, 0.9166413959510216, 0.9204407256880468, 0.9366663199349599, 0.9513518218807997]","[-24.65578497127564, -23.298560211280652, -22.575529313980176, -22.531123698681842, -22.254679998671882]","[0.48444693157180774, 0.4604460686946711, 0.46547254923241604, 0.43132250563955543, 0.4429734544267839]"
192,"[0.9292250898192151, 0.9287283585477963, 0.9305965927066527, 0.9392055635829153, 0.9465981819541672]","[-24.521865414918704, -23.117974424936826, -22.385436461772596, -22.432003853469926, -22.333515274109622]","[0.26651185348837053, 0.24568932639754132, 0.23035654022076962, 0.23199653706588994, 0.3455573003643481]"
193,"[0.900542441858542, 0.8993885081381446, 0.9034232669734867, 0.9263362124197878, 0.9422859213645787]","[-24.51121935540123, -23.169791404160886, -22.421362670180464, -22.290681865534204, -22.07062951231294]","[0.39915801139502555, 0.3606507008102243, 0.37638446513581825, 0.3657113272901183, 0.3643828341241631]"
194,"[0.9223815896205312, 0.9218923908487371, 0.9257180468656038, 0.9409672269776957, 0.9521954392081837]","[-24.383499848024893, -22.962384135129305, -22.181082190451505, -22.084735643212166, -22.01264610271815]","[0.44753025811025005, 0.3831782462178616, 0.3618148950595701, 0.353747935030416, 0.4478496466117747]"
195,"[0.922843098308135, 0.9212674316108127, 0.9247447332236548, 0.9428227149349407, 0.9542500222869571]","[-24.324979796861527, -22.98956869824734, -22.24033144678832, -22.121821736267528, -21.89084898773272]","[0.5044141220490987, 0.5419164005694025, 0.557856910307826, 0.5072253394701073, 0.4543357650982719]"
196,"[0.914139993142626, 0.9148210982475491, 0.9205570346087827, 0.9401699144904516, 0.9526408974295927]","[-24.712289489057955, -23.297859486099522, -22.519872869790298, -22.390181396198813, -22.25199274169817]","[0.2671864049715626, 0.30304775804929796, 0.27604852832401294, 0.23846046764480738, 0.33345188587648306]"
197,"[0.9359957788126283, 0.9359348321701477, 0.9381893361026351, 0.9470693563583004, 0.9507347288606145]","[-24.28220008990844, -22.883952004428444, -22.145571347677265, -22.113135851140346, -22.014212465781597]","[0.4213314965309337, 0.3338394160475878, 0.30111902453264033, 0.3111483300798472, 0.31094576075531016]"
198,"[0.9127417704185549, 0.9133729544401824, 0.9164484554085829, 0.9285279158969274, 0.9328628923266179]","[-23.481069473065602, -21.917033104372454, -20.806044695323248, -20.114985611835728, -20.42660360260295]","[0.4567713815261174, 0.5695016656090178, 0.622054490790867, 0.6683705820061584, 0.46662114123166887]"
199,"[0.9126944087305653, 0.9168898162489804, 0.9225778089639611, 0.940197140818069, 0.9461566773956369]","[-23.674975915052915, -22.018809489181066, -21.136546830109534, -21.12292337991278, -21.572345842053767]","[0.1633897050354609, 0.18228844797633598, 0.15397429980625582, 0.11413158627462278, 0.18796998961546546]"
200,"[0.9413287093454389, 0.9424007085953637, 0.9451454791740223, 0.952955492065049, 0.9554127204948548]","[-24.099673609251052, -22.631957009226262, -21.841136898131076, -21.71999655418284, -21.708811927348613]","[0.5639494626795188, 0.5547963139521659, 0.5400609184174975, 0.4706722801706883, 0.41239005206782015]"
201,"[0.924649904095604, 0.9264866038769513, 0.9316410976388779, 0.9493305940042887, 0.9584803184918946]","[-24.032117654673954, -22.58161570808835, -21.77750033392624, -21.536317594213244, -21.432480019403698]","[0.5629423242692242, 0.5525501402530856, 0.5526153443581678, 0.571031545004854, 0.4692846635978468]"
202,"[0.9309464115921968, 0.9339961760490235, 0.93808182294337, 0.9490112346755706, 0.9545502887938582]","[-24.014651175151876, -22.573927101002425, -21.816934025519544, -21.817717369265434, -21.915908871235974]","[0.34282378494431187, 0.31186616235974574, 0.31167382330915766, 0.3795761704882797, 0.3988796213304286]"
203,"[0.919829038599301, 0.9235378551136614, 0.9286616296644788, 0.945718999105367, 0.9522257944211927]","[-24.18146695245742, -22.72776430004893, -21.961775331716282, -21.860295146075703, -21.822757168761267]","[0.4615153452472176, 0.4674790991157166, 0.44799844342116846, 0.3652353249509469, 0.34212491505002607]"
204,"[0.9305929216845229, 0.9327286948471188, 0.9354347475620901, 0.9424280229162343, 0.9460606067614695]","[-24.718626588438198, -23.282528135468585, -22.524719059173876, -22.45433298475579, -22.42035200595296]","[0.3507711668204292, 0.33292820854439575, 0.33410442518147354, 0.3434512069787152, 0.38079779470337416]"
205,"[0.9133971286028588, 0.9140105368768037, 0.9170268339486214, 0.9300044102904438, 0.9413816366429651]","[-24.50796352729959, -23.06981339555951, -22.31687707231268, -22.276252042956127, -22.323890535829015]","[0.5490189098071339, 0.48112713315795397, 0.4525875988765891, 0.44352340197440915, 0.5476914706804069]"
206,"[0.8973661205623882, 0.8984737272583975, 0.9020561071032343, 0.9219956970078621, 0.9379474443540546]","[-24.71659605580671, -23.26297171921069, -22.495729953334173, -22.426285908156412, -22.391570453298204]","[0.55305008012959, 0.6128289942515764, 0.5606068015957377, 0.49237791489689686, 0.5720452135398236]"
207,"[0.9125951877532155, 0.9138617881341007, 0.9178286048937577, 0.9340057725011396, 0.9445878904620263]","[-24.496804160563414, -23.060060320010574, -22.29022472374243, -22.188768206016963, -22.1467686135616]","[0.30515701170507803, 0.3205984123335424, 0.3139181642984159, 0.29166376879462225, 0.28707009530565164]"
208,"[0.9181012034252156, 0.9183585011549944, 0.9223901799394929, 0.9393325877901428, 0.9474398385316841]","[-24.52243436262554, -23.108452525833627, -22.33143083290945, -22.171253621903205, -22.058004827572635]","[0.3672538372296742, 0.3398136327871088, 0.3453403410770787, 0.36523600692025293, 0.31431421715009605]"
209,"[0.9337672952098565, 0.93588587246916, 0.9396920893156872, 0.9496779236680927, 0.9534134732150317]","[-24.08026338461842, -22.578718915286498, -21.777494441506093, -21.658028016179966, -21.716471597509777]","[0.3210073673957262, 0.43873727419970177, 0.47602592603056454, 0.4879885169955374, 0.42491596719720154]"
210,"[0.9249754315070895, 0.9290792268661663, 0.9334084990946732, 0.946133592175433, 0.948670762351148]","[-24.248654546396253, -22.781320126925234, -21.970005991514206, -21.83919842728176, -21.83546253015994]","[0.25076141866320656, 0.25395506700012926, 0.257983953178476, 0.2748253184774721, 0.25284930731180977]"
211,"[0.9334874848537635, 0.9371128307848593, 0.9413606091302708, 0.9513112527477565, 0.9517582901356466]","[-24.465246998733235, -22.979492052740284, -22.18523148071316, -22.08566532667418, -22.085156004976465]","[0.5418955714735124, 0.5875109319281567, 0.5742168692968265, 0.472211732209363, 0.46867044109213923]"
212,"[0.9190787851060515, 0.921533999111698, 0.9272797648317167, 0.9469062249680501, 0.9530787056569556]","[-22.95451223432285, -21.988760805625034, -20.86005543497058, -19.95460274955375, -20.65014439831232]","[1.128150466690834, 1.048537040022137, 1.092596953046928, 1.2552460679954267, 1.0058265040412078]"
213,"[0.9102402259048902, 0.9143079650414088, 0.920578908404904, 0.9413697171933334, 0.9473980624997089]","[-24.23789772055106, -22.753941674255813, -21.932140543683275, -21.74220346377342, -21.76110731197511]","[0.502602112914085, 0.45284213805256124, 0.42496124951158665, 0.4401802353792928, 0.4375022945316998]"
214,"[0.8998194078983514, 0.8987039498882555, 0.9028633604370865, 0.918623769991916, 0.9224525464460835]","[-21.903746501659196, -21.00065971407899, -20.364586161939677, -19.887505338453703, -19.528838546642312]","[0.6942161752016263, 0.6400305751447352, 0.571204832681097, 0.5856167452144565, 0.5992958204715844]"
215,"[0.9105899987011337, 0.9123284217710221, 0.9198168553747144, 0.9361674011448448, 0.9380756710468805]","[-22.391981684117173, -21.19429006111731, -20.220920516810956, -19.532267331745448, -19.955300642387375]","[1.146229067219762, 1.1034713822577054, 1.1801987630668587, 1.299650752463579, 1.1426830341155998]"
216,"[0.9048044925484194, 0.9102526466685983, 0.9167398521657621, 0.9350179161006804, 0.9403479413469465]","[-25.03791617492919, -23.582797930016707, -22.7385086717905, -22.474697614267217, -22.388366890534428]","[0.2370631066972378, 0.20284198352263816, 0.19032468214932463, 0.15745235213922326, 0.19096625737418862]"
217,"[0.8914738171581418, 0.8912354979685093, 0.8968113387218006, 0.9200771370997117, 0.9341419282271571]","[-24.321082684418798, -22.836790838731904, -21.98299404144424, -21.641670441380864, -21.64192776170086]","[0.44285847950866536, 0.404176207328261, 0.3652594983490359, 0.26332092719901784, 0.33916990917310136]"
218,"[0.9123116596670465, 0.9130562178508047, 0.9177634932198042, 0.9337693246168369, 0.9434341643808827]","[-24.466899050866317, -23.037371341341046, -22.233943155075554, -21.997578735486975, -21.862465404310367]","[0.3811282165778927, 0.3585906379811126, 0.37009335564821366, 0.36857384949940364, 0.39619374616772196]"
219,"[0.9150513353915116, 0.9178593426269094, 0.9232193676636132, 0.9372876143821979, 0.9411960015278482]","[-24.4368345135211, -22.950866879483797, -22.120558167060988, -21.88208938653164, -21.88090407801998]","[0.36543074715106655, 0.3173711329958425, 0.3014305409411519, 0.3478072295440435, 0.4134150305593226]"
220,"[0.9367952914674431, 0.9400208314682994, 0.9437063400371558, 0.9532249423698785, 0.9550735127636469]","[-23.692815232480946, -22.216657955975354, -21.378890548141925, -21.098890939614, -21.10525239219521]","[0.5442958133788658, 0.4863182066737396, 0.45970801785797955, 0.4682051145489001, 0.5443391546055363]"
221,"[0.9410607505386968, 0.9425843158487739, 0.9450633036497285, 0.9528540513796899, 0.9567950517720452]","[-24.11125247930772, -22.63252422813236, -21.81092823027091, -21.613495988310067, -21.535525735880668]","[0.4438986649258906, 0.4697224894910821, 0.4531066510685587, 0.4320077977861812, 0.5035006505881369]"
222,"[0.9399900724786017, 0.9425078468535095, 0.9457787779405527, 0.9526479880779778, 0.9560001102851143]","[-24.11471787063538, -22.63831528961604, -21.830390431947503, -21.70862505938836, -21.607963703609567]","[0.2405454476977329, 0.2834275469596119, 0.3065959158113222, 0.35018478724110336, 0.39806420061066217]"
223,"[0.9419390321334444, 0.9450107136743883, 0.948318084858661, 0.9536629903106878, 0.954350146972306]","[-23.69007624761322, -22.053240974904053, -21.1717086495652, -20.93986497718341, -21.052238660561407]","[0.4241324398818317, 0.42545590391592736, 0.42473891641765876, 0.4608028409567968, 0.5317167488286878]"
224,"[0.9374487488789558, 0.9395774317834548, 0.942734832895105, 0.9515978255119458, 0.9529144881697413]","[-24.301871184755917, -22.830062037822806, -22.01493134153137, -21.854274879670168, -21.83066836833065]","[0.37574167171963996, 0.37805936471396634, 0.3775001010685931, 0.3995124623178838, 0.31341152160703656]"
225,"[0.9347392281974743, 0.9350478626420076, 0.9386086993255958, 0.9494056569821214, 0.9510499327298717]","[-22.502670471730138, -21.344572728607798, -20.532240099276454, -20.049390194135523, -20.231238157004295]","[0.8412541042844871, 0.7089343154935852, 0.6942901557443629, 0.8501569026198197, 0.865879529831628]"
226,"[0.9452592899657491, 0.9468824818324267, 0.9490542734274408, 0.955105396398179, 0.9575022281580877]","[-24.168914361206692, -22.698323887675734, -21.88114052522709, -21.699015931610994, -21.563493847688147]","[0.41346518492792556, 0.505656066958345, 0.5244681606921308, 0.47638941328373835, 0.31042695011557037]"
227,"[0.9476176161667651, 0.9475872984239604, 0.9484717036869855, 0.9539685997877275, 0.9579488467689522]","[-24.06050474808086, -22.559155658560773, -21.729550227890645, -21.51232005935962, -21.38133570583051]","[0.3652549169881241, 0.32800241721340684, 0.2973896237839123, 0.24098154912472866, 0.24314621512667992]"
228,"[0.9448173285556479, 0.9457043033231124, 0.9479709736913187, 0.9545378897042313, 0.9578845726531274]","[-24.033680304037173, -22.601423914765594, -21.803400287405644, -21.62099604803427, -21.437152273736068]","[0.30779317777601023, 0.29182416941369893, 0.2871242297293847, 0.2949765730890876, 0.3983967879285372]"
229,"[0.9466770699399841, 0.9506661726085162, 0.9537808067070189, 0.9594399713786932, 0.9599212888031416]","[-23.915041213588857, -22.419511201431213, -21.58776544152988, -21.37387076223043, -21.27798344484696]","[0.41550139921954243, 0.4767476546785518, 0.4767470248000418, 0.4003313467262522, 0.32866353653352753]"
230,"[0.9478647938163965, 0.9496977186259962, 0.952069198608667, 0.9570442869781988, 0.9587342056933331]","[-23.946293414816548, -22.453880856146654, -21.640404860710703, -21.4816606232587, -21.403826138441275]","[0.4746165144765781, 0.4798075126475235, 0.4764249224489645, 0.4422603421553837, 0.4294150937905536]"
231,"[0.9530035775238485, 0.9522772186747326, 0.9530653067648146, 0.9574859339160963, 0.9604255629115654]","[-23.874362222990072, -22.40073663692948, -21.59150290271404, -21.407238348020897, -21.271594897335355]","[0.4495184156830987, 0.43387666291033566, 0.40791237432417926, 0.35407351959004935, 0.3872004111641074]"
232,"[0.9540942690476221, 0.9547838324924836, 0.9569379612377727, 0.9628964405853778, 0.9654102974451694]","[-23.61890784557262, -22.07312843940842, -21.230186954671304, -21.03961862431674, -21.01923759683521]","[0.5040002027145041, 0.49292110641049686, 0.5045900471108886, 0.5409695859055069, 0.4787332790835827]"
233,"[0.9492746372186458, 0.9509147078679948, 0.9530186680227841, 0.9571654973982411, 0.9583225262856747]","[-23.964908842071125, -22.49027102094639, -21.682266961349075, -21.508915169067553, -21.374245732899585]","[0.40136954400028063, 0.3515677878350077, 0.35448774382647374, 0.41472944592116606, 0.5026549102812141]"
234,"[0.9518389662519426, 0.952724277522558, 0.9546527923182077, 0.9601334137724807, 0.9625831904224493]","[-23.94975343236883, -22.49865691774619, -21.68090953766525, -21.41849331641381, -21.23243530310875]","[0.44011885227668335, 0.3816571100337411, 0.342060848466029, 0.30040546175658867, 0.3047839302542428]"
235,"[0.953620820545169, 0.9554850902733483, 0.9570176639346861, 0.9609755581078379, 0.9626382318521541]","[-23.85339776600868, -22.368332487361275, -21.54134877146773, -21.279513547555513, -21.240358478852514]","[0.37247705565533923, 0.43057847306560393, 0.4413366250384006, 0.45390518809271857, 0.39545047414196677]"
236,"[0.9502081725126335, 0.9501271166090526, 0.9512929730184317, 0.954930659037493, 0.9587605302034692]","[-24.055095404731674, -22.650496869995656, -21.862495311941938, -21.681570256346713, -21.390945587764186]","[0.21744443817783543, 0.24916768604492362, 0.27457084063205317, 0.32708986794398565, 0.28673668808708974]"
237,"[0.9517360652149836, 0.9539147343290713, 0.9560372759742974, 0.9599091492523614, 0.9611863211378763]","[-23.75806575836303, -22.243878049918887, -21.420214044525064, -21.234135261901784, -21.166673310439162]","[0.23232290023850008, 0.18545520373823077, 0.17578425800579556, 0.20240355686978273, 0.2641054068991428]"
238,"[0.9571026009976096, 0.9577641536081704, 0.9591299186525912, 0.9630742664984221, 0.9649933994209475]","[-23.23347168915039, -21.646716500569674, -20.807735655991753, -20.700497371990526, -20.90700010721902]","[0.5629196683635553, 0.6201876010729083, 0.6204617230254729, 0.5567511155080724, 0.4155361166888841]"
239,"[0.9519235331973561, 0.9548681568302924, 0.9569100861467451, 0.9612613820978404, 0.9620783959593879]","[-23.73548809779554, -22.198351920000313, -21.389802823430337, -21.330410322588587, -21.356234477624724]","[0.2930491083560553, 0.2719676845933784, 0.26695050037635776, 0.2970473930377793, 0.26843583033234963]"
240,"[0.9552890122363135, 0.956914362423414, 0.9581555455729502, 0.9610258594578946, 0.9639924770283781]","[-23.784512769474077, -22.310827590875203, -21.50294634613613, -21.34528311803071, -21.238655329435918]","[0.41448303526507496, 0.40663221597602217, 0.40039621747887066, 0.3647663385972389, 0.3127100618124307]"
241,"[0.9536832447556669, 0.9560521452917086, 0.9584214337181242, 0.963107493784272, 0.9636046075080189]","[-23.759065696787697, -22.226912854711344, -21.391882791905658, -21.178265978105298, -21.13282099188605]","[0.3077663489358043, 0.3584400118423542, 0.37911698298802166, 0.4016726826215274, 0.3432845214357101]"
242,"[0.955760803128625, 0.9566230171388967, 0.9576226064678874, 0.9607432509643022, 0.9629290279292031]","[-23.693954325488956, -22.173152274956017, -21.36501780959777, -21.286495701564505, -21.281969630356244]","[0.2973598086168421, 0.2847955838152186, 0.2767278150091305, 0.26468141936311107, 0.2866080895123364]"
243,"[0.9503999418801478, 0.95282297607885, 0.9554286936532944, 0.9606811330516268, 0.9614091615248269]","[-23.89820418242938, -22.37150324386219, -21.537865986119314, -21.37270847093459, -21.38072290430193]","[0.2480070306733014, 0.23067135825678936, 0.22325969795709968, 0.2720448748357928, 0.36255764604095025]"
244,"[0.9544780900671058, 0.9561068729090504, 0.958017680941283, 0.962813686589918, 0.9644178117212927]","[-23.595467364136194, -22.04174962353484, -21.182584353248377, -20.94045076718788, -21.001919029866926]","[0.1832356356130213, 0.20966264129362308, 0.24498918534638775, 0.3181836520964306, 0.2798262695155424]"
245,"[0.9516123409995686, 0.9535909584402882, 0.9561395329451494, 0.9605262764654928, 0.9625528168158284]","[-23.657252609473172, -22.178780121500758, -21.37039658315147, -21.218519013724034, -21.153254213034067]","[0.16952927533800033, 0.19031631438062718, 0.20920450949700065, 0.2132198699951899, 0.16419431370370133]"
246,"[0.9534766859254826, 0.955364850734075, 0.957699396480687, 0.9613747721320894, 0.9626252843227572]","[-23.569035298550638, -22.002280887482215, -21.16510454907601, -21.067451069009927, -21.202123894732836]","[0.5409396789627661, 0.47005763797695505, 0.4272724781356813, 0.32567515135056524, 0.32798720261574466]"
247,"[0.9582339381298046, 0.9580336244705576, 0.9586957248019593, 0.9620876430994691, 0.9654353036543657]","[-23.38108971490894, -21.888912127205487, -21.044676087769453, -20.78826676896018, -20.83403971691789]","[0.1261480723498524, 0.1264672593784389, 0.12409855628455004, 0.12169538307201938, 0.12913229867476078]"
248,"[0.9504236701076588, 0.9512130008992793, 0.9537641021112521, 0.9613435689970204, 0.9628412562370611]","[-23.780520209811286, -22.34459255506074, -21.54109179907648, -21.350679731084814, -21.23153544587977]","[0.3252179075165829, 0.37334796136753223, 0.38086896017685234, 0.3348257947054336, 0.2806281407123258]"
249,"[0.9520531312330792, 0.9535698827965764, 0.9555918866674616, 0.9608552103751037, 0.962019900473732]","[-23.78283799875848, -22.24984173598052, -21.41684085069248, -21.237658030124532, -21.27441845819193]","[0.30573326078548263, 0.27495089711320087, 0.2758360982114752, 0.364109297332755, 0.40002792191614744]"
250,"[0.9558928099499547, 0.9567573139808635, 0.9582788591524318, 0.9619013934147274, 0.9645850872732546]","[-23.494497237171235, -21.96076983101654, -21.14330790189236, -21.02491956707535, -21.068773469144176]","[0.481188792346267, 0.5013779872872585, 0.49102572725675053, 0.42302146168045734, 0.35448341544120704]"
251,"[0.9549437366422291, 0.9569595580797144, 0.9592753647690219, 0.9652342765798873, 0.9655892511476901]","[-23.452792758880893, -21.9443237683907, -21.114496927728563, -20.925879465173768, -21.01959598672229]","[0.5247164342558331, 0.4542579778651081, 0.4069711632913414, 0.32132069899472276, 0.3943053746883502]"
252,"[0.958415789565345, 0.9596942777369027, 0.9605977795170612, 0.9632077528419511, 0.9635223581832955]","[-23.314776519736522, -21.836128943650905, -21.04943669692741, -20.971455067179445, -21.023525787422372]","[0.42756482893598224, 0.4190173573644246, 0.41972964984745864, 0.43226821264798354, 0.4412993741911394]"
253,"[0.9577837666721618, 0.9586685017328723, 0.9594643445363035, 0.9628449506842025, 0.9637856172930865]","[-23.361955010060047, -21.81577321569643, -20.98604191897916, -20.834216654432886, -20.897888194333927]","[0.6487131755485651, 0.7344994539272769, 0.750624901276564, 0.7131988380974124, 0.4427632815930044]"
254,"[0.9536369431711759, 0.9547255467358552, 0.9563486018425335, 0.959879390674035, 0.9610547002566913]","[-23.516188706910796, -22.010076576671487, -21.21024894274047, -21.13773673760587, -21.173439892390686]","[0.37531243601406833, 0.3314622536854154, 0.31559384247760897, 0.2513134843435277, 0.16462134197126865]"
255,"[0.9586046055762606, 0.9600061748892109, 0.9617642824507903, 0.9652532165276911, 0.9654362255852806]","[-23.288884004909796, -21.73852350294854, -20.908070570094665, -20.77948511373911, -20.86356082988026]","[0.5846619600322019, 0.6056247929495976, 0.6015714896977907, 0.5470329306596166, 0.5148591034546176]"
256,"[0.9546885778503689, 0.9566220517262705, 0.9582657210047724, 0.9620214560057047, 0.9655119689578252]","[-23.581533133247785, -22.011801365065622, -21.165020794327095, -20.978802715905932, -21.00689364330483]","[0.30579481765723576, 0.3103908764330035, 0.3381969955775217, 0.341576619878525, 0.2525484910277602]"
257,"[0.9588087857949859, 0.9602429649861884, 0.9616098237722563, 0.9657585320023763, 0.967341725601397]","[-23.36981841575451, -21.835019634772017, -21.003157537230894, -20.783293554920522, -20.781337807322373]","[0.29744294807764765, 0.3449636399110617, 0.39198230335748796, 0.553789946315679, 0.5645579041456351]"
258,"[0.9549960030044365, 0.9571521109977179, 0.9594367353012463, 0.9649398687282439, 0.9655756430635]","[-23.297702033746262, -21.715853443152714, -20.869660735735476, -20.695777524616062, -20.814028345495426]","[0.4763095820802446, 0.4607780055219995, 0.4390158353855702, 0.3806655486432596, 0.3691252598826681]"
259,"[0.9537743647128453, 0.9547297641480079, 0.9565784512515909, 0.9614067272237966, 0.9622702183417049]","[-23.71331114016759, -22.18655828959941, -21.360807725880377, -21.194914493392957, -21.193228986963963]","[0.28687508822507224, 0.3521363302724017, 0.38654058994496837, 0.4594060189442697, 0.3315695770060353]"
260,"[0.9593109279581329, 0.9600584940434013, 0.9617697673968736, 0.9675285642855751, 0.9685162052425219]","[-23.26024685039337, -21.68775709604882, -20.83730848657875, -20.62619638110985, -20.706478990574546]","[0.34837426944032507, 0.41661684344657135, 0.4514965123083949, 0.4178290270456361, 0.36501232051813426]"
261,"[0.9554656635217081, 0.9565151942457023, 0.9585265413562176, 0.9637803169830436, 0.9655193664459067]","[-23.48882103157355, -21.95351877752019, -21.11458628978619, -20.932703428816566, -20.986989491026534]","[0.5011167197854624, 0.5109908079190493, 0.5287409042615796, 0.5527964352978146, 0.550407834413387]"
262,"[0.9572731401223947, 0.9586780748129664, 0.9599842118637654, 0.9628380158377672, 0.9639953227529966]","[-23.277314536164884, -21.638491765094628, -20.741331519282557, -20.467720710705787, -20.677150140046574]","[0.19982953255908542, 0.19796630230431686, 0.20594676951913587, 0.2543927821575181, 0.24015850231298672]"
263,"[0.9567996881107736, 0.9589867540030078, 0.9612571776190871, 0.9668181369199847, 0.967027732620152]","[-23.515246432461197, -22.00382313066717, -21.179362195043907, -20.963890216923108, -20.91354620816847]","[0.4394118943317372, 0.45429307079576, 0.5003292705012893, 0.5473652989160361, 0.46553816743696846]"
264,"[0.9539664724571859, 0.9551379118914733, 0.9573635440916033, 0.9625816511508318, 0.9634665886041097]","[-23.314899597782563, -21.732488945658297, -20.861073272183482, -20.558818763261407, -20.61366081664019]","[0.4147312539601856, 0.43779526435482197, 0.4657645962243985, 0.5970953715962326, 0.5815086048983716]"
265,"[0.9572216641110753, 0.9591060051494374, 0.9609258994724155, 0.9648839197659959, 0.9661088788365876]","[-23.374335789852797, -21.826572329613686, -20.986868875193952, -20.798411629998338, -20.817421168111235]","[0.3841647420108877, 0.3506759264042654, 0.34919846851478664, 0.4230081781433861, 0.5051455583889048]"
266,"[0.9561380021644376, 0.9573617512651772, 0.9592988184140983, 0.9639315826425668, 0.964433317174195]","[-23.392508961920967, -21.837708235626888, -20.982394476123478, -20.779518215196312, -20.816418958972466]","[0.5189051301636634, 0.5186947010483975, 0.528387038756688, 0.5567784533384125, 0.6667650687140294]"
267,"[0.9561284060521669, 0.9580578896793464, 0.958999302157494, 0.9624826438743757, 0.9641522588451934]","[-23.572001937501707, -22.09746037328903, -21.288907603434616, -21.074650099040287, -21.02397569448363]","[0.6401134073599696, 0.679944673123564, 0.6847622094523851, 0.6662741841355821, 0.6241776753622742]"
268,"[0.9576174648268138, 0.9589949171375914, 0.9610320834461007, 0.9665929886656192, 0.9664615819334667]","[-23.469835075195718, -21.864903283972534, -20.992463163997627, -20.83012584576031, -20.914052405016488]","[0.2145120634089226, 0.23609245687246644, 0.2479694332206525, 0.2932246742260848, 0.2930142118059623]"
269,"[0.9573174657015393, 0.9579251804264438, 0.9597465953742299, 0.9649993202489029, 0.9677665988364023]","[-23.32724893088406, -21.855042784294596, -21.05267908169565, -20.85845920554498, -20.779767907445482]","[0.2646581707932035, 0.248019786441654, 0.2631491297874966, 0.3333780222092005, 0.4129101978560231]"
270,"[0.957904280634505, 0.9592912328979187, 0.9606827457196019, 0.9659860237620665, 0.967884950185978]","[-23.214066431427604, -21.681489107525024, -20.84111695314933, -20.592582569362907, -20.580639518567093]","[0.22962104918809922, 0.23744082848357176, 0.2558955007562789, 0.33693472944155967, 0.3837268002261158]"
271,"[0.9572929258484882, 0.9588726254797753, 0.9602700123939659, 0.9647876150578825, 0.9658720936048032]","[-23.24895704986109, -21.81438891443693, -21.0228561789008, -20.83593600298977, -20.725279967330206]","[0.5928951109416816, 0.5316041426930275, 0.5291629491140326, 0.5570392336860597, 0.6319789816033228]"
272,"[0.9551353788405214, 0.9564179443316069, 0.9582731344840719, 0.9626443522745789, 0.9643134192154805]","[-23.59623944078277, -22.038517772896128, -21.214016225897044, -21.190817578954523, -21.235462231097195]","[0.38696750123265733, 0.3857015237479274, 0.3835808439987021, 0.33143823420197926, 0.2782895933711022]"
273,"[0.9574242752551195, 0.9579727123558706, 0.9592999903459262, 0.9641257863797621, 0.9654879500059119]","[-23.06542000380726, -21.563171348046797, -20.75230504588178, -20.581138839965337, -20.624346575694947]","[0.2836299221400668, 0.3102395338469241, 0.32753667358069743, 0.29340423092226037, 0.24193108534820199]"
274,"[0.9552869719920155, 0.957521119219509, 0.9602046760014435, 0.9655591641272879, 0.9675898142685001]","[-23.298620839730365, -21.65442640148388, -20.7491470302753, -20.437359352337634, -20.538771155514315]","[0.625545001285825, 0.6939957320042718, 0.6980303045550023, 0.6385614137651692, 0.5717719731177509]"
275,"[0.9557092539425437, 0.9585615879277422, 0.9606922196466784, 0.9647869603381168, 0.965714512857892]","[-23.463740362345593, -21.99823545831754, -21.197143164290058, -21.034894188301998, -20.977585346473305]","[0.43958743806747774, 0.4695049067665065, 0.4763714260788162, 0.42815841899867096, 0.43449025889103465]"
276,"[0.958354500965119, 0.9593760707011864, 0.960742012122363, 0.9649653315220257, 0.9665156446689389]","[-23.220431467178358, -21.601081972520994, -20.745363112128196, -20.628749828569255, -20.824212414841476]","[0.5221109276849812, 0.5705822935313171, 0.5897357662879523, 0.5228342083756362, 0.394877538370939]"
277,"[0.9592877651314383, 0.9603264395659104, 0.9624943021975593, 0.9661006195562444, 0.9669585348253644]","[-23.380113610857247, -21.82874520223139, -21.00868532707294, -20.89958351620508, -20.940040318196587]","[0.46052718997072434, 0.4696377210809238, 0.44221299133160974, 0.2782996204093533, 0.2218381309157742]"
278,"[0.9590258965480011, 0.9597784193098027, 0.9615050716035283, 0.965790474348564, 0.9675515524345776]","[-22.818899618950844, -21.36741612479097, -20.599335110461915, -20.486136102815767, -20.441916254050167]","[0.5792739104411837, 0.5888490137757022, 0.6037916996301137, 0.6372453792112733, 0.6505328949671559]"
279,"[0.959841264075617, 0.9619870351140061, 0.9636824551280732, 0.9678017960405538, 0.9697110064511913]","[-23.085907885457054, -21.482719515388027, -20.61307842387478, -20.37942727712155, -20.491662369655945]","[0.21412953699552556, 0.2056580595677998, 0.21231039763601334, 0.17400415702619368, 0.1646254305964953]"
280,"[0.9587104532006856, 0.9608583054728979, 0.9626343167261383, 0.9666727671217064, 0.9674888313881853]","[-23.18948912930546, -21.617325031319506, -20.750903082109133, -20.49647270974614, -20.57114223618052]","[0.45172724328137, 0.447327333550775, 0.4582832145530615, 0.4786743266602276, 0.4552943101905019]"
281,"[0.9611919566029573, 0.9622272782357029, 0.9638518590283504, 0.9690842523535249, 0.971628487348278]","[-23.020369603317203, -21.439150572160848, -20.566409211916028, -20.29156583380775, -20.376907148565543]","[0.3763314557328512, 0.385023252907246, 0.35883439817786245, 0.3010848427035832, 0.3070168517676376]"
282,"[0.9582382010458975, 0.9595369687001756, 0.9606880163215032, 0.9637702958421756, 0.9656152600946156]","[-23.29437789629999, -21.728018479876493, -20.910171023309477, -20.880227307102665, -20.937468965162957]","[0.19528064849278015, 0.21041409640577718, 0.23394272333866412, 0.24674466332697498, 0.25421833255598986]"
283,"[0.9587923979386289, 0.960062682405849, 0.9623924393579492, 0.9667415716290714, 0.966546081955835]","[-23.044482506749574, -21.483476338018825, -20.627596837009115, -20.41222475678292, -20.561965009127153]","[0.5099380898275582, 0.554812046898201, 0.5852742135142498, 0.6678936043739232, 0.6540346544205368]"
284,"[0.9598807308276017, 0.9614509551500975, 0.9625804924372132, 0.9658742362278638, 0.9675857491333408]","[-23.064874454699147, -21.4689798937066, -20.61498117727144, -20.41964098182839, -20.563342338022224]","[0.449971058552127, 0.460708466328113, 0.46697975376732953, 0.47422216413063273, 0.4792624332609056]"
285,"[0.955519411260928, 0.9562050575626019, 0.9580286924672137, 0.9620604735500092, 0.9628094242545557]","[-23.3276479834652, -21.690399539658717, -20.78199681075826, -20.49113216277489, -20.677425553712446]","[0.4198027848717763, 0.5341985349646242, 0.5486650567274515, 0.499345164396083, 0.37218103252734924]"
286,"[0.9548243068777454, 0.9565648332232737, 0.9589025865611543, 0.9639376318630939, 0.9647696773610354]","[-23.65519759255679, -22.101782542023816, -21.251734037768898, -21.028148443390467, -21.01160607390827]","[0.20374955215464838, 0.12946036317873513, 0.12760378960056942, 0.19160399845728943, 0.2509200855855634]"
287,"[0.9565898210982792, 0.9569105512874695, 0.9585548659097275, 0.9635793674848543, 0.9663354642555805]","[-23.080551041636216, -21.484825432911958, -20.657810902039913, -20.61066924928168, -20.827339747324665]","[0.719721181285925, 0.6501298310742353, 0.6173634520198151, 0.6290429610863657, 0.6459404154513992]"
288,"[0.9570670475230278, 0.9585636239540655, 0.9606194332997572, 0.9672043196867551, 0.9683517533046218]","[-23.086738954217648, -21.486736934733713, -20.605407868166694, -20.346927721782237, -20.573469055338986]","[0.3395216946318837, 0.3281938469549855, 0.3435260181464745, 0.3834464402295471, 0.4609345167175975]"
289,"[0.963249395486468, 0.9647395194555018, 0.9662699708557336, 0.9696306622154226, 0.9694065975269185]","[-23.002376828133777, -21.47684512477011, -20.64010452002794, -20.47209051449, -20.53119036939474]","[0.2730582769624229, 0.24271556831116947, 0.23735121926932443, 0.22618560491965445, 0.23801134189807768]"
290,"[0.9576873225875157, 0.9582802609285688, 0.9590411115184719, 0.9642751956133285, 0.9669711865116953]","[-23.53092123697187, -22.025625853805437, -21.215939347333528, -21.075493817534344, -21.027119949575027]","[0.15904453869560506, 0.13182077912608262, 0.13061637855897903, 0.2237070458535269, 0.36530735307942536]"
291,"[0.9602333794534219, 0.9620454674562856, 0.9637170394887373, 0.9690847679070336, 0.9693148476806915]","[-23.0226567340952, -21.53663555363135, -20.716771961235064, -20.453353952166527, -20.38925800547671]","[0.6887094114205281, 0.6571311327858146, 0.6126906698113801, 0.5541919755041311, 0.56595248172322]"
292,"[0.959112043690476, 0.9607056658609743, 0.9620038808485318, 0.9667850085905929, 0.9675378346751042]","[-23.2225881270869, -21.642331582250176, -20.782097737963255, -20.558462120043377, -20.63348693291186]","[0.3572006720569397, 0.40936174328682445, 0.43541916504314176, 0.40456643232068873, 0.30660876686279837]"
293,"[0.9609956460242062, 0.9611008373144209, 0.9620732699261973, 0.9651680961241781, 0.9673727339048905]","[-23.100994462241474, -21.605289944079217, -20.793580676089938, -20.580315526656705, -20.52199694118085]","[0.2661199540732053, 0.2523410020402324, 0.25404605302380306, 0.2758125804556179, 0.34981075513998816]"
294,"[0.9588224170905946, 0.9623607016412629, 0.9647736828544092, 0.9697341395982476, 0.969432434023235]","[-23.12158572490218, -21.565137858433864, -20.72405047906655, -20.576668624010274, -20.699725459075037]","[0.5411471672854106, 0.5654953784215249, 0.5838649101815813, 0.5314598834965266, 0.4831174631158978]"
295,"[0.9623253263172684, 0.9634223110740947, 0.9652077131910217, 0.9689843607293811, 0.9690425642954862]","[-23.044783514061947, -21.348204621138663, -20.47101683107244, -20.395093739104798, -20.745050378478375]","[0.17114360381867494, 0.18617891885059157, 0.2232722760810711, 0.2657191305146436, 0.19390759714584774]"
296,"[0.9605700563795857, 0.9623157114875981, 0.9640771071318237, 0.9687275736844845, 0.9716289972430003]","[-23.197409148171836, -21.640446708110566, -20.752695671059648, -20.450069941848607, -20.536619963151754]","[0.3978161765663994, 0.42858070327618425, 0.46586600544461965, 0.5218190820101672, 0.41639768398005517]"
297,"[0.9627551816094605, 0.9636759742072984, 0.96540966350607, 0.969170133770948, 0.9705145371665523]","[-23.325733904742673, -21.81336750755972, -20.98176990326265, -20.767240994197294, -20.764141726971015]","[0.19192386504690023, 0.2101542152057471, 0.22479199637251157, 0.32746807034840497, 0.35628611621790385]"
298,"[0.9580176933286163, 0.95937889069184, 0.9611431005774699, 0.9666729249075322, 0.9686031951367831]","[-23.272881062812996, -21.734682599935535, -20.897045454496975, -20.702787668422538, -20.718617734263773]","[0.499638779998686, 0.5186155558916139, 0.507446294071109, 0.45155880929011516, 0.3062560785271468]"
299,"[0.9576273074593546, 0.9597873075228892, 0.9621033541616826, 0.9674958969478549, 0.9679327437240866]","[-23.289174829068656, -21.70932541901368, -20.862234289058872, -20.72323639667908, -20.820670797403714]","[0.40659529268063993, 0.39526507271827993, 0.3944015283184555, 0.4322275749141088, 0.4397141751006735]"
300,"[0.9604314355737749, 0.9615503321255011, 0.9632882631586253, 0.9673189277689959, 0.9690592810776673]","[-23.115703807691588, -21.57151201340148, -20.729919428901248, -20.544212528893098, -20.559799427274807]","[0.3956791956125659, 0.4681111275701387, 0.5142956967804301, 0.5680635067204978, 0.5022254501934368]"
301,"[0.9598246807463112, 0.961067676828667, 0.9628564563906068, 0.9672169830976032, 0.9692257416801904]","[-23.16510023064363, -21.63665344267391, -20.77778505343543, -20.524266471742163, -20.520665458097287]","[0.396557864385742, 0.3923843176650142, 0.4316343476382186, 0.5022796105402135, 0.41023149183830876]"
302,"[0.9596792566837511, 0.9602971252051338, 0.9616531147613, 0.9649339899441732, 0.9679748370163949]","[-23.423784726183076, -21.91808215087771, -21.10488457099995, -20.936503730757266, -20.900754998740812]","[0.27401122054319516, 0.33463336779487074, 0.32636857734872243, 0.3278076619169133, 0.30493453969861367]"
303,"[0.9594068611607207, 0.9614763737570869, 0.9633208674995047, 0.9673859688622146, 0.9684730144300937]","[-23.02894521499988, -21.528681846778518, -20.702642635680025, -20.49187801476897, -20.618850617199985]","[0.3218356827741342, 0.3814681823650165, 0.3647122613341264, 0.23469939073288915, 0.13940803597610413]"
304,"[0.9593387418432758, 0.9600458692061723, 0.9609995620086694, 0.9632543784459457, 0.9647824933089645]","[-23.172891597523407, -21.663125308817502, -20.848095299104056, -20.700055901132068, -20.698432874542803]","[0.3896021771534342, 0.382583195238034, 0.3863749972170318, 0.3873687313076777, 0.35786645707068476]"
305,"[0.9591890422782587, 0.9600837803867369, 0.9612454316518586, 0.9663729834292792, 0.9681359123146143]","[-23.41663026635095, -21.926642875953792, -21.120842298116, -20.917929313263834, -20.849118315295506]","[0.4275630251053639, 0.4705657701204234, 0.46593193097929153, 0.41798937365558786, 0.3801126521840628]"
306,"[0.9625552074809446, 0.9634154159268564, 0.9649701181193507, 0.9697954733723527, 0.9718552473959776]","[-22.795641373434275, -21.295473310497584, -20.479099927517993, -20.29084783869795, -20.388639814245465]","[0.21695632938021353, 0.19673920456028637, 0.19056226393252187, 0.21223759403644218, 0.27078935508903135]"
307,"[0.9588782077445056, 0.960524836123699, 0.9623171570076897, 0.9667280431256928, 0.9684001627990084]","[-23.275639514778117, -21.666944849589292, -20.795557807544114, -20.531238229379852, -20.586146932124926]","[0.3825264473823721, 0.3946234304054713, 0.3979856878423855, 0.414626194086285, 0.4238198662951084]"
308,"[0.954206542123862, 0.9558967927316075, 0.9582294800162944, 0.9586137645394822, 0.958962752433107]","[-22.04386534043242, -20.66903495484336, -19.843263613374, -19.490342869415674, -19.717223066872492]","[0.48744284295169754, 0.3901446007520274, 0.3567645451752206, 0.45032188677627566, 0.46427536988687107]"
309,"[0.9381930969602154, 0.938360079315865, 0.9416521375590431, 0.9532607478423071, 0.9557860239822584]","[-21.679511088033742, -20.421100546661645, -19.728410252699007, -19.545256458152128, -19.312871956118492]","[0.39348156160984693, 0.38512676810705676, 0.36922377706077397, 0.38374406408692335, 0.47995930920704716]"
310,"[0.9417708931437627, 0.9447421230604026, 0.9493263213585192, 0.9612329891609238, 0.9646318409770002]","[-22.743791683404456, -21.370102717318012, -20.544349223081063, -20.17092407720965, -20.109519235269904]","[0.2728078133237457, 0.2542082534154959, 0.2536435364617627, 0.2644884761217277, 0.28860371789024125]"
311,"[0.9421482232007276, 0.9442740743133662, 0.9487304082969125, 0.960465702169564, 0.9593617184690416]","[-21.74925296906532, -20.584952851426955, -19.813567990600696, -19.256647577695823, -19.211145779571478]","[0.7421182122299376, 0.6896556842574403, 0.6846747972934606, 0.8079454816170105, 0.8135109952886473]"
312,"[0.942692178664269, 0.945668262253545, 0.949866734709765, 0.9599333501322772, 0.9594102964991378]","[-22.636370181013973, -21.30444177657238, -20.55415129536459, -20.326671019058615, -20.228092573667283]","[0.37101243342901746, 0.331623443690077, 0.3212124104596659, 0.3124165149309767, 0.3092372057028652]"
313,"[0.9381511295207775, 0.9406981438697685, 0.9477873772512898, 0.9609079213764573, 0.9607285763225112]","[-21.674519987485034, -20.50214778786752, -19.798294705796245, -19.51405543253617, -19.685701526297528]","[0.22650779889149977, 0.2596731915454542, 0.30603532580870074, 0.45438637459548165, 0.2919907320748583]"
314,"[0.9451332757328221, 0.9473648185108614, 0.9511570931002323, 0.9625726346043775, 0.9674174776321222]","[-23.484140640329304, -22.020930998876228, -21.188794723855935, -20.900826614540534, -20.84401460289634]","[0.4504512398318159, 0.3542056695223653, 0.29834145151039404, 0.22015831034174752, 0.20782010567962622]"
315,"[0.9407910208048218, 0.9421820570635, 0.9472550960505796, 0.9577748919390927, 0.9575083938953607]","[-22.823287889922735, -21.754075257663008, -21.091849161958347, -20.534303004287604, -20.374386128894752]","[0.6628521716130755, 0.5745503474488044, 0.44980745798041394, 0.22185912062680344, 0.233616382170557]"
316,"[0.9446084181725855, 0.9505267765062815, 0.9551714395756663, 0.9656251754703434, 0.9649848170686727]","[-22.889159366151457, -21.52201652493756, -20.73970736638006, -20.439147745914376, -20.40812941913612]","[0.2668094394658486, 0.25068978743284753, 0.22454977892015207, 0.2272703780772419, 0.4223891858504825]"
317,"[0.9507647185548905, 0.9540182926763797, 0.9572224251871397, 0.9643024261634098, 0.9658545122422253]","[-23.03769497560747, -21.463582004359946, -20.571070561958738, -20.196652453052256, -20.253257116039485]","[0.7329356314224075, 0.7861532935985018, 0.816275002358462, 0.936678201691568, 0.859530737829057]"
318,"[0.9442549410686027, 0.9439885634533464, 0.9463471439733855, 0.9556002820006111, 0.9551235905759492]","[-21.460793009398035, -20.314861848881318, -19.62960625488324, -19.309102821008402, -19.392913364673543]","[1.11169675890026, 0.970949749672637, 0.9230904831634192, 0.8110163561121014, 0.6667010690058525]"
319,"[0.9266179672529827, 0.9286187070035211, 0.9344696880115958, 0.9484237218979558, 0.9471570290030809]","[-22.319015629288636, -21.142185918905994, -20.511338490306912, -20.404479766122385, -20.238731135277284]","[0.9646677721076395, 0.8539012032462747, 0.7888680940540391, 0.6224584894755943, 0.823229952777726]"
320,"[0.9409190874490413, 0.9441162515255619, 0.9483725398713114, 0.9596363773103616, 0.961994216954337]","[-23.76256311570212, -22.221747188610944, -21.34274914765758, -20.996010380709993, -21.103803184271303]","[0.49198956543200273, 0.5840567494921711, 0.619893583506396, 0.6265610481082244, 0.526003932093736]"
321,"[0.9538111332214113, 0.9567023555053925, 0.9593960875666697, 0.9656110561340786, 0.9662950152823085]","[-23.18277542709148, -21.598558050593226, -20.69995680101386, -20.313188336110283, -20.455083107867228]","[0.16980259124260494, 0.11368252444180357, 0.09535247617317436, 0.1023084484397176, 0.12497431542839242]"
322,"[0.952887413256704, 0.9560475230730535, 0.9590679507290026, 0.9665188596372102, 0.9670342529604551]","[-23.427649920906017, -21.84153693226952, -20.985436604455135, -20.742533464080378, -20.847830613743454]","[0.3212341928749455, 0.3532917665060933, 0.36489619887333213, 0.40132493754279225, 0.45604514518211253]"
323,"[0.9498020741342833, 0.9537635478322521, 0.958383334278472, 0.9664115264001784, 0.9672117765783362]","[-23.431863683651937, -21.89916518640777, -21.05193137743365, -20.70858022719136, -20.710297360737695]","[0.40643821200988955, 0.4069528900016168, 0.3975426728897889, 0.37848153777946575, 0.38856716191302904]"
324,"[0.9465686516848757, 0.9478623576134546, 0.9516692985464752, 0.9628155599607808, 0.966223176646883]","[-23.79038993461175, -22.337223526255382, -21.511259940970618, -21.177811303122667, -21.009932510360162]","[0.2249431539818952, 0.2596018038843368, 0.277104018989174, 0.2767130242751942, 0.24351703134004796]"
325,"[0.9351675927624827, 0.9416291274875699, 0.9482008177172336, 0.9618441053333671, 0.9655538670297272]","[-23.970726341318976, -22.392302759756227, -21.49001632419432, -21.09254638568769, -21.06354914996011]","[0.35224264613780953, 0.30150352273204994, 0.3050272624991394, 0.3551828048592919, 0.4543232768731337]"
326,"[0.9294761776340073, 0.9331227956174152, 0.9398703208504556, 0.9569484298343166, 0.9625253118780415]","[-23.801502611961553, -22.291010849527385, -21.43356855904123, -21.137224474744265, -21.03983625650454]","[0.41866998903236763, 0.3953815167903156, 0.3850310558629145, 0.34024067512197304, 0.2826241723190125]"
327,"[0.938560451829625, 0.9406419993785957, 0.9439176773165877, 0.9527793233470866, 0.9576751286373063]","[-24.20000544855865, -22.792912905810965, -22.03095335398328, -21.97005141009265, -21.731713707440562]","[0.3495831102992826, 0.4124604680309416, 0.43842339642591915, 0.4069491781424068, 0.3826616879385468]"
328,"[0.9192955295524361, 0.9181794199581091, 0.9220744084511845, 0.9372168764399571, 0.9492659572591954]","[-24.410484844865028, -23.030340936738597, -22.295091603476834, -22.28340424869548, -22.037825631449344]","[0.2713804582605983, 0.3210411629942129, 0.347484334831663, 0.36081538866000396, 0.284406759911369]"
329,"[0.9330297690012743, 0.9340612076723847, 0.9358182872978504, 0.9403405151381329, 0.9477696033432141]","[-24.46810089002186, -23.085246529205236, -22.354913589005346, -22.343217475762923, -22.13152808583836]","[0.44010083358352425, 0.43963558178237644, 0.42941029170843004, 0.38607438101862307, 0.34217231147467364]"
330,"[0.9355813020929357, 0.9348142038701098, 0.9353461388515434, 0.9377058806249353, 0.942548915554145]","[-24.33188936893861, -22.91783007675089, -22.184858535739032, -22.10999572582258, -21.9724948248658]","[0.4710544848321654, 0.4490946484810874, 0.44528337412304914, 0.5317755766915531, 0.5515997934531741]"
331,"[0.9041792526680856, 0.9013998559951409, 0.9048130071701534, 0.9232169762690035, 0.9390226505367926]","[-24.806559208152372, -23.368722735155266, -22.585490011531373, -22.492160017965112, -22.34835552820763]","[0.4106181614027307, 0.42969179105164895, 0.4362390588961981, 0.37133796597399255, 0.3760569672610257]"
332,"[0.9355320606535013, 0.9360196014765569, 0.9380854473430787, 0.9441049157531298, 0.9484403380202138]","[-24.46172673234487, -23.06577555296504, -22.330517638602995, -22.324615018356166, -22.092738806752564]","[0.3118329642349569, 0.3008391800779517, 0.3059129780675508, 0.3468222550552929, 0.43016952145576776]"
333,"[0.9247679153254861, 0.9230986684795909, 0.925434324725687, 0.9376095072034395, 0.9468482887516511]","[-24.57220414368294, -23.169532331312205, -22.410707906575936, -22.35128979514909, -22.179574352383536]","[0.5214940048526499, 0.48731705128753083, 0.4714649073901067, 0.530692325503329, 0.49412943241043894]"
334,"[0.9140456469559853, 0.9135278736976167, 0.9178937084875827, 0.9360785476103303, 0.9480585006063238]","[-24.616908835856833, -23.23979891208569, -22.46552824227326, -22.273343810877872, -22.026257686862955]","[0.26118207883054345, 0.2823072998022514, 0.34296751734157715, 0.4849367945197493, 0.47566089370263076]"
335,"[0.9256195556727378, 0.9277141002223942, 0.9324614300679365, 0.9461723970155456, 0.9503415379291515]","[-24.34870820849997, -22.93983882998251, -22.1788988217357, -22.129113519299235, -21.903155820685924]","[0.3586483808607931, 0.34203892680186476, 0.34856979782725694, 0.36576049234702024, 0.32383820238988076]"
336,"[0.9117411376443374, 0.9135081384218162, 0.9199445427634017, 0.9456278696745392, 0.9543276283732609]","[-21.89055270966314, -20.990862624850013, -20.435541557537455, -20.125183021387944, -20.30962808486813]","[1.0806216817521235, 0.9864744212765436, 0.9300764574168414, 0.920186646313291, 0.8070221030786345]"
337,"[0.9380752014656649, 0.9375996571960584, 0.9417164673624611, 0.9518902309847689, 0.9611603097670004]","[-24.192653906124765, -22.844615752192812, -22.08142495019278, -22.050346837965904, -21.67109161716984]","[0.2705971039222595, 0.3097527581725296, 0.3451074433656085, 0.24940769817255404, 0.15136376528745582]"
338,"[0.9332183700350319, 0.9351306832339055, 0.9385262353624226, 0.945803315017393, 0.9478909644362936]","[-24.392120095144907, -23.01203086556015, -22.244269575830852, -22.199381499824888, -22.03896865164378]","[0.576411992266796, 0.5404643311505846, 0.5196279873647343, 0.6569196282997569, 0.7186065896897144]"
339,"[0.9237941880382726, 0.9236264035279045, 0.9251068484731233, 0.9346439964171351, 0.9456814027713402]","[-24.470976335425544, -23.080275220644122, -22.359142041561864, -22.3452424502996, -22.284025813669892]","[0.3511092492800086, 0.33630830506361153, 0.34114860155974175, 0.3992198874064801, 0.45998782920466436]"
340,"[0.9286101498738191, 0.9275134699233948, 0.9291060420712486, 0.9363961527929322, 0.9460330242506696]","[-24.52979836987562, -23.155206428634017, -22.443102799030584, -22.45840979186552, -22.36552251097187]","[0.3030910509219153, 0.2774710774999323, 0.29281340550220897, 0.36925931936861567, 0.4921614588829857]"
341,"[0.9396365646676235, 0.939308917591798, 0.9401473654387359, 0.9444118331923349, 0.9485722227150694]","[-24.50235381798751, -23.116952366780144, -22.395918013126945, -22.391279417681325, -22.300105228698836]","[0.45477163701558393, 0.4632925396859667, 0.4614683898930005, 0.453304676908692, 0.49024805036369057]"
342,"[0.929988588770429, 0.9307010519634349, 0.9328706398455977, 0.9408537399851308, 0.9443669632554886]","[-24.486967792831344, -23.103345514379534, -22.372243293933437, -22.33501700728982, -22.29058615976872]","[0.32049242682783596, 0.29104466617254254, 0.28317880065210943, 0.2827414130488594, 0.3667255799082034]"
343,"[0.9260466414129737, 0.9272629380615505, 0.9299352339031626, 0.9396278776785146, 0.9457202533744687]","[-24.497610062651116, -23.162289085075198, -22.445850963118314, -22.426332039433323, -22.24276699771254]","[0.33794633498008697, 0.3134800580592978, 0.3398558553473744, 0.41409525497120286, 0.3771688467283378]"
344,"[0.9211198501105246, 0.9220385045898614, 0.9255326791086118, 0.9382828285078334, 0.9453379529046043]","[-24.386906621915468, -23.009876211048724, -22.276011298881386, -22.29973462890567, -22.23404884543245]","[0.29390348859352383, 0.2492972004031303, 0.23478259201687396, 0.23630658879095362, 0.3138641641953964]"
345,"[0.9107184305025013, 0.9106773785738275, 0.9144123566489957, 0.9300088028910388, 0.9418162213409143]","[-24.818255673177713, -23.50175313254559, -22.77355838412419, -22.666800023065306, -22.446352050683746]","[0.41490720623512817, 0.3735352214173022, 0.37960519964023204, 0.4051655328940586, 0.4475545386039501]"
346,"[0.9226924390370326, 0.9236848229108962, 0.9255396009552347, 0.9323479150765526, 0.9427961840774367]","[-24.662706429878227, -23.247575643528382, -22.515454694494398, -22.571185397610098, -22.464447806205374]","[0.2702668669383551, 0.30116483230204955, 0.3139360206468245, 0.31080262402519726, 0.164559063613066]"
347,"[0.9014310651794673, 0.8993429566943322, 0.9038182381377068, 0.9221171310073749, 0.9392892899232742]","[-25.105954839458562, -23.747257163261366, -22.980885080484992, -22.816515622996043, -22.617998479240164]","[0.39967537431574446, 0.401891083908315, 0.3554632181370328, 0.31951337275364405, 0.32518268710901915]"
348,"[0.9317229712253413, 0.9320402075223799, 0.9343651446117117, 0.9452252807284548, 0.9530498113216246]","[-24.55846845971835, -23.153959070783674, -22.386821834422495, -22.26737815378225, -22.0745900044581]","[0.251588994263452, 0.2924847245432553, 0.28654729600939194, 0.3046763997665322, 0.37674002526399364]"
349,"[0.9125335285445138, 0.9126601086325025, 0.9160347809410122, 0.930349980430193, 0.9404715955149513]","[-24.926702513586207, -23.54293472120735, -22.788809513298123, -22.68786131796787, -22.571787725768612]","[0.340201898619166, 0.3182726187438554, 0.2927970929774684, 0.3197236404862827, 0.42081191420447983]"
350,"[0.9291034756490416, 0.9297394963452393, 0.9325732557435089, 0.9402952488554165, 0.9437198121675913]","[-24.7178219408215, -23.34323843682753, -22.626389001750077, -22.644693608930883, -22.612617947458737]","[0.36858141889180285, 0.41257435792051195, 0.39136249850180355, 0.3177415025620613, 0.3716725360889977]"
351,"[0.9006121402137557, 0.8990227136790043, 0.9027689015122964, 0.9196263354454336, 0.9336641638784476]","[-24.808139593342844, -23.44694523395705, -22.72425749577586, -22.76408714277685, -22.555689364552443]","[0.30827349231444645, 0.32870355052600086, 0.34788334593987286, 0.3961859277057598, 0.4557350854352511]"
352,"[0.9039990903431038, 0.8984626168360156, 0.8996324902431043, 0.9107589075672905, 0.9187250698923038]","[-22.0739458093614, -21.01797354526311, -20.06461197466889, -19.11964908250481, -19.024097221559547]","[0.5774888058893687, 0.5898985487259665, 0.6054056164615398, 0.6577902144452334, 0.6550248313199712]"
353,"[0.9237765127251437, 0.9292316002886655, 0.9382939290339832, 0.9564624623387515, 0.9600115673977992]","[-24.16454459517726, -22.718254108472898, -21.818712749385888, -21.44901581567297, -21.48083894434969]","[0.3481803520960357, 0.323355364770156, 0.3121101307899915, 0.29728488836225225, 0.24935326265711272]"
354,"[0.9249750336137877, 0.9277264034478576, 0.933888869285864, 0.950309427019127, 0.9567453990441631]","[-24.263451997766566, -22.820363231310335, -22.00927603163952, -21.873124119997733, -21.803650768743243]","[0.31758018618384254, 0.3187944583344065, 0.3057804868224357, 0.2796548862417514, 0.2486843568755822]"
355,"[0.9326055663674039, 0.9342689474058388, 0.9381674057046688, 0.9471581874640346, 0.9515114791187848]","[-24.52478060387279, -23.061080954485472, -22.29617260427036, -22.324680820429272, -22.269712911444422]","[0.31205189947965845, 0.30836842136012776, 0.28841503025594545, 0.2514076724836699, 0.2998896880985426]"
356,"[0.922343118308984, 0.924458713256722, 0.9284241170111431, 0.9404413801705142, 0.9460663899166977]","[-24.53943185606232, -23.113126593727827, -22.378721650641072, -22.401001299515006, -22.34526848975204]","[0.3716656667296863, 0.3701701040958399, 0.36306611001810074, 0.41154191491721215, 0.45856487289737197]"
357,"[0.9272514829172652, 0.9278179732933517, 0.9282322005723784, 0.9318148702909022, 0.9372274596878856]","[-24.47095006230645, -23.065904895509487, -22.337057198667253, -22.338894269302624, -22.27766914349528]","[0.560967353469913, 0.533813942727323, 0.5338903388187485, 0.6059051060345, 0.63654152953895]"
358,"[0.9110324105776373, 0.9111612931776704, 0.9133533965517793, 0.9281075901866518, 0.9369578985692928]","[-24.568276351940444, -23.21005380259978, -22.49312092677453, -22.47541242910017, -22.29309080766385]","[0.3016954233473809, 0.3129372184282782, 0.319572702176031, 0.32443804704317825, 0.3235560850669464]"
359,"[0.9256200126172262, 0.9261167791389948, 0.9276883011124234, 0.9335089118430537, 0.9365974089464245]","[-24.75977950355694, -23.291718495469304, -22.537218607985892, -22.552419716489503, -22.614791744045476]","[0.4218418944171583, 0.4097239797375822, 0.3955539752178952, 0.3615019041088469, 0.3495086355640709]"
360,"[0.9011541974379567, 0.9002510815374972, 0.9027928438580749, 0.9201450340303421, 0.9353187568452488]","[-24.788641350554162, -23.36313927525922, -22.607183540728904, -22.50693452544911, -22.39958557338016]","[0.3309412059823711, 0.36073131503571915, 0.38272923260595226, 0.35531170580594656, 0.26012454941704655]"
361,"[0.9305026925009856, 0.9288860207620326, 0.9323990085217695, 0.9445925810315823, 0.9480327518452625]","[-21.96023774321034, -20.884104479720204, -20.270967677606635, -20.33447978573935, -20.413291947999895]","[1.2872386079953806, 1.1905901532826646, 1.1382878556118237, 1.1450238562555621, 1.0813447660543458]"
362,"[0.9324126288240657, 0.9317233280411347, 0.9363578504415625, 0.9486391766071863, 0.9537248298383116]","[-24.472950037623576, -23.076994029893253, -22.2847728056793, -22.143810166593347, -21.950568077974715]","[0.24841389606372427, 0.24209388452765482, 0.25517937534159585, 0.37618027947530663, 0.39202049054208893]"
363,"[0.9021709088515494, 0.9023582427183735, 0.907419874952755, 0.9249258704295511, 0.9401029348374684]","[-25.033017939517297, -23.6443713555812, -22.86798517904885, -22.73883489264469, -22.49257783477359]","[0.34168236288922244, 0.3037491089459723, 0.2759034671645348, 0.2240637811095327, 0.23162302011904531]"
364,"[0.9216214110368861, 0.9248790581458879, 0.9295364977730919, 0.945691657799639, 0.9515867629101588]","[-24.484686408186015, -22.997640367063315, -22.1987909615893, -22.102170934140368, -22.20346819771224]","[0.3075960749560822, 0.2723151212315463, 0.28529640718687654, 0.3796694456277076, 0.4043580040821548]"
365,"[0.9208415009474722, 0.9248090585489104, 0.9297456303016773, 0.9431159071365988, 0.9481180345173924]","[-24.664762221813405, -23.22371701711351, -22.449527000715296, -22.408834218883687, -22.359280919100712]","[0.35936282429078975, 0.3201108866946454, 0.3141615917160327, 0.3442798827119546, 0.40446660361048153]"
366,"[0.9288703574265353, 0.9293935477211241, 0.931423881436868, 0.938695443913667, 0.9457340830088946]","[-24.64794817855774, -23.27527992134646, -22.539851407027957, -22.48085478059217, -22.31031402503854]","[0.4471617457720942, 0.5331147553520872, 0.56435356011147, 0.6281372064225493, 0.4891729012678784]"
367,"[0.9251705721524145, 0.927340580545466, 0.9323404457296535, 0.9459974021104919, 0.9476496340939609]","[-24.572890607311457, -23.18240501183745, -22.41491926381079, -22.312761018986887, -22.303223559068005]","[0.4022543532032782, 0.37223814957709456, 0.36437907934211167, 0.3768278175832899, 0.3393570270805796]"
368,"[0.9280209060114636, 0.9299781535200046, 0.9347665119071736, 0.9490210208005332, 0.9558795315055288]","[-24.384775874354457, -23.009039629249283, -22.248318706044987, -22.140257130011502, -22.007953870788814]","[0.29263673850628225, 0.31140389606356667, 0.33490557202749777, 0.38907050288242057, 0.409977737650082]"
369,"[0.9200065131611125, 0.9222474548805081, 0.9285270061823178, 0.9463524708215751, 0.9531560787041752]","[-24.446447505101965, -23.013179498517744, -22.2164118131565, -22.059841336533353, -22.148943576704433]","[0.46496596963077425, 0.48302342443311175, 0.47059261550332954, 0.4423969175999595, 0.35748048001799965]"
370,"[0.9082820386473957, 0.9062993692899904, 0.9089038486116652, 0.9266842687097702, 0.9422717982766428]","[-24.834138636513934, -23.436838540299576, -22.678928162343624, -22.60533964721521, -22.45821225188423]","[0.35536582027296176, 0.3394802608033012, 0.3328083490244949, 0.3198198651320931, 0.3528814220003594]"
371,"[0.9188232342243823, 0.9217654448835153, 0.9271474669469965, 0.941238006691026, 0.9490079364616592]","[-24.600740501775515, -23.18137222648451, -22.39221890002571, -22.283071299295955, -22.147456494851596]","[0.40729104099493924, 0.4314623879394693, 0.42563837979224267, 0.4150628565864025, 0.3167865328170278]"
372,"[0.9450351126186294, 0.9462738480028451, 0.9497032183493863, 0.9535015830506849, 0.9561336990561107]","[-24.433248333368656, -23.031967914957086, -22.201865448039907, -22.09880244059678, -21.82260982529414]","[0.25697856915018386, 0.30257016325071195, 0.3258706269937572, 0.3241611684857851, 0.2678398232088419]"
373,"[0.8984101644664765, 0.8996600474128541, 0.9069089829599392, 0.9292463184782244, 0.9384850264850501]","[-24.039579200942757, -22.543744179231474, -21.661659604623573, -21.496306726970143, -21.61200440938344]","[0.8689997289219473, 0.9444836368942985, 0.9652581140829479, 0.9084067941122932, 0.7696899078534323]"
374,"[0.9108278548514799, 0.9129959078676523, 0.9177145747126831, 0.9353128826531686, 0.9448049431404281]","[-24.708080031888223, -23.228694528951564, -22.44699241188568, -22.390504167407855, -22.393697080741937]","[0.3797674233063572, 0.378042136052419, 0.36898557057548037, 0.38041571612293684, 0.36168238289620996]"
375,"[0.9081273691904781, 0.9080387230800603, 0.9121357107082447, 0.9307124657648411, 0.9424097183054597]","[-24.734593495330575, -23.281503969535326, -22.480850250403236, -22.291866871191832, -22.222177366651238]","[0.28241630891483904, 0.30055818189332084, 0.29499533781887366, 0.26227021784757976, 0.26324114978498747]"
376,"[0.9165884403585638, 0.9137335755991294, 0.9174518006273179, 0.9307033630287221, 0.9322028927208653]","[-21.752084626926518, -20.851641327730118, -20.162651285137784, -19.60229384017995, -19.811387342850736]","[0.721324607535166, 0.6781711879010225, 0.7302121005667804, 0.7737741962724807, 0.7178795838016313]"
377,"[0.9249912684386837, 0.9254247710758113, 0.9316694133969718, 0.9483532326176038, 0.9568056445226446]","[-24.198033754337754, -23.06484169481832, -22.275717268050286, -21.935813660043248, -21.636138488930857]","[0.4757994889949073, 0.27703251663159034, 0.179712795295294, 0.1392984433786855, 0.3671090496226099]"
378,"[0.9211497448486915, 0.9235194812486448, 0.9300112357618562, 0.9445365144385272, 0.9511737650303529]","[-24.465084483871895, -23.091237982416217, -22.289447585064636, -22.068930074675308, -21.92584309158263]","[0.40038231183955664, 0.5262632170183777, 0.5157166353379017, 0.4433363707641667, 0.26299529018189716]"
379,"[0.9066751044466854, 0.9091636015564006, 0.9146174773945086, 0.9296138340715321, 0.9387894167941435]","[-24.944326236752065, -23.53920763805936, -22.76543622128405, -22.67113632794156, -22.56830489374965]","[0.2501942578848743, 0.2882718624808467, 0.2952942764652468, 0.2774754428955785, 0.24133859326315238]"
380,"[0.9140855710916812, 0.9163079315252349, 0.9223897884090957, 0.939749181825904, 0.9434683136594416]","[-22.90079611555092, -22.238803949173708, -20.991034795966577, -19.867594260790682, -20.591924347053023]","[0.9580723669669781, 0.8323143080300874, 0.953499104441898, 1.1053310059576085, 0.9448515153795737]"
381,"[0.9208877030139515, 0.9219325815619251, 0.925284578577277, 0.9360023117531221, 0.9413939794094014]","[-22.973146441087206, -22.328337891625452, -21.659923002560273, -20.87022804522678, -20.590681084311658]","[0.8826993723832368, 0.7657416353460944, 0.7413942463903573, 0.7725167745594902, 0.7778299169980206]"
382,"[0.9313971996381939, 0.9318465158046779, 0.9347330726897086, 0.9473725127091303, 0.9521213292153622]","[-24.22025908353957, -22.90650084392388, -22.137348029846514, -21.858628411728844, -21.730288055096768]","[0.1374935365385542, 0.24486066173791124, 0.2622846099542018, 0.20291000697083833, 0.21788978276886603]"
383,"[0.9300671660614866, 0.9277697346865863, 0.930905581792809, 0.9451254605643075, 0.9522211890181267]","[-24.623568740668688, -23.245077045522695, -22.45665549821845, -22.29357016079868, -22.135866101106597]","[0.21646446122374996, 0.1640792453162474, 0.21329492376031767, 0.30027006181346905, 0.31137050317056064]"
384,"[0.9194867189287195, 0.9206478442215985, 0.923878410258883, 0.9356322474818374, 0.943965171703706]","[-24.754166146652548, -23.368663791359698, -22.621099037327816, -22.595999490657398, -22.575227657204536]","[0.29787308898820963, 0.23416547667098267, 0.24695954388032207, 0.3116956815742759, 0.2931910742684782]"
385,"[0.9066716409478556, 0.9043650092848157, 0.9070852314434191, 0.9230863604520574, 0.9371769465749618]","[-24.924968833215303, -23.56137335532128, -22.787634597741313, -22.62832969340782, -22.373506347898655]","[0.5065762312308091, 0.5412053848616089, 0.5425157102927096, 0.491411570545988, 0.46895888635889615]"
386,"[0.9201787981530215, 0.9195973545818528, 0.9225068156923653, 0.9366769159020369, 0.9472591603026198]","[-24.65497977202245, -23.30792363218158, -22.557482629359214, -22.462712293960216, -22.32628357350005]","[0.3967075099595183, 0.33752621707292, 0.2915178312841214, 0.28875064034317977, 0.29992150121753797]"
387,"[0.9201205237331652, 0.9196584812657471, 0.9236619028858077, 0.9420075492144675, 0.9512663627709937]","[-23.67261626465348, -22.718499242532985, -21.438138464728837, -20.514333677763382, -21.401573134537667]","[0.46720327912909176, 0.5599807494998579, 0.6000602655254109, 0.6497314966691113, 0.5330965259195487]"
388,"[0.9281315571159554, 0.9272478920288804, 0.9327203428457849, 0.9483247918407057, 0.9539475742833861]","[-22.539757457377455, -21.34166541256002, -20.472920665638014, -19.950292272285193, -20.438101653055277]","[0.40315722357124933, 0.25983917658143163, 0.2112725928995361, 0.20267826513201867, 0.13099082798769682]"
389,"[0.9358455877158829, 0.9379690651251037, 0.9441152792794318, 0.9587057313379035, 0.9611671276635005]","[-24.457670980424126, -23.01568801471925, -22.136651306994395, -21.785117706066856, -21.7010126596549]","[0.26704244867047483, 0.2952071870888299, 0.24948298742093755, 0.21990691941552465, 0.19482704372914317]"
390,"[0.9146451936757171, 0.9165747930115955, 0.9219985876968042, 0.9402776336709919, 0.9483570936406905]","[-24.60284692411155, -23.208792570217888, -22.43475936277022, -22.264132403717944, -22.13958649074258]","[0.28400587740606226, 0.24728304633797166, 0.230629603489888, 0.1960106719079199, 0.23929404703247956]"
391,"[0.9188483704871351, 0.9200339808759443, 0.9237056821748453, 0.9400483302723659, 0.9481210268628852]","[-24.23927559269869, -22.763459386166897, -21.98579926057847, -21.955356635785915, -22.01929422027714]","[0.35394363518781413, 0.3736860886716713, 0.37566705263106825, 0.3624758433015622, 0.3164328322136155]"
392,"[0.9140368260009943, 0.9158506334884151, 0.9212125771253785, 0.939059361215906, 0.9457350652221627]","[-24.36835394751709, -22.987153099456837, -22.220088507540215, -22.1059257409321, -22.01952368720732]","[0.4674075435822291, 0.3877510324520633, 0.3670177263959522, 0.378098144284504, 0.4728531369483969]"
393,"[0.9247989308678919, 0.9248746838189869, 0.928857719154277, 0.9442087070053325, 0.9521296577241115]","[-24.474391808008892, -23.058510270515505, -22.286874304509453, -22.171245647111903, -22.03089099694661]","[0.16373901659724735, 0.19469562733055493, 0.21568433297653372, 0.19914118632729752, 0.1668890825405263]"
394,"[0.9237817834110228, 0.9248791378288318, 0.9274166866695173, 0.9361053771752561, 0.9411265766985214]","[-24.64072966575095, -23.245275388222474, -22.511688039258416, -22.482031592238677, -22.39966721238494]","[0.37249298363234895, 0.3867425468067467, 0.4028109061222657, 0.4475135096097803, 0.4585663222958623]"
395,"[0.90597680737875, 0.9096476383966523, 0.9152284686545555, 0.93057250303418, 0.9429179515498843]","[-24.776297080777574, -23.292133643229885, -22.492082142226725, -22.414283353644397, -22.390805516008815]","[0.25809940290480604, 0.24619093820254054, 0.2442917305027412, 0.2604699391394283, 0.2738134413903956]"
396,"[0.9135833977190863, 0.9147297433034985, 0.9196316659718733, 0.935815994516141, 0.9442982208787158]","[-24.743914501997544, -23.276950454295786, -22.48409555633435, -22.385070327767448, -22.427558493367]","[0.336911836389641, 0.42065085102433397, 0.4507154761273456, 0.5106913590869803, 0.502542178211434]"
397,"[0.9240411756988015, 0.92511872361978, 0.9313241682817647, 0.9498261648559703, 0.9537690828815562]","[-24.451424106988128, -23.032722167521793, -22.197175562652692, -21.937590534353912, -21.987773895173333]","[0.21282086924163587, 0.20926041215726138, 0.19852318867747404, 0.17814388428811356, 0.17619639108225257]"
398,"[0.9362717114951574, 0.9369085541867064, 0.9388395012748704, 0.9442299457718354, 0.9466879143879671]","[-24.63066198734288, -23.229581465959377, -22.48034707647031, -22.458194600660836, -22.406196888442746]","[0.3029778929624408, 0.27255716686236653, 0.2489014663867568, 0.3363023429720097, 0.3558519959759108]"
399,"[0.9080771229118136, 0.9095198680167792, 0.9145847305351227, 0.9303751605837121, 0.9402827274361742]","[-25.042729603182256, -23.629122926677976, -22.847346121372752, -22.69194470833936, -22.544506902908875]","[0.3117268392200788, 0.2655951877436573, 0.2432308898713796, 0.19386803101282224, 0.24424637580513164]"
400,"[0.9346721041296986, 0.9362049748271783, 0.9381827643170334, 0.944950388068238, 0.9487869432469646]","[-24.78070174665528, -23.356402921966122, -22.589197219774178, -22.487592167402795, -22.520120548585172]","[0.34105624981615107, 0.35202947167057297, 0.4054269947320666, 0.4969761677855865, 0.356285723750739]"
401,"[0.9269955482453307, 0.9264599633637471, 0.9289135618368398, 0.939618603507204, 0.9461410040072805]","[-24.646894339375024, -23.227601921133687, -22.478741797546125, -22.48363444458959, -22.493748819144308]","[0.29696694867970846, 0.31788642082696084, 0.34682369587413603, 0.3735309318397544, 0.32000113929646595]"
402,"[0.9288409584324102, 0.9292345507103186, 0.9328693130293046, 0.9470595768078921, 0.9549793081003441]","[-24.539455966895332, -23.186250737351084, -22.428054036472396, -22.260118958954827, -22.02939782925268]","[0.5178576446490772, 0.499153522563551, 0.474634741881954, 0.49287138776681816, 0.5520492808007371]"
403,"[0.9245316486992929, 0.9255343333740248, 0.9286568998761275, 0.9395566746712483, 0.9448201491303134]","[-24.707347883377714, -23.30145661346996, -22.5560667794089, -22.51256760356303, -22.518698469323642]","[0.45480981956273747, 0.3882392282123613, 0.3736374324493739, 0.4175291070229736, 0.4668690008067004]"
404,"[0.9314675085405638, 0.9317704144283027, 0.9356421673788469, 0.9462740836039978, 0.9515011697558527]","[-24.399673674597995, -23.022357958315236, -22.225746886794667, -22.085065617876047, -22.001145993949287]","[0.3033554109697305, 0.3207302164530165, 0.3534881683357398, 0.37727260657990835, 0.33926943891146377]"
405,"[0.931887812920036, 0.9381832358788488, 0.9458299081154504, 0.9573839362635969, 0.9556692647014932]","[-23.24178181470155, -21.60360946100783, -20.516437057900777, -19.946057717886237, -20.517115754572846]","[0.607170665246095, 0.6328425268861219, 0.662116453744868, 0.7174710771920048, 0.6098683535523489]"
406,"[0.9278011817127509, 0.9319840086091898, 0.9427319142281845, 0.9629030977537548, 0.9638384159051078]","[-22.911709936849533, -21.635083209712096, -20.622491278499503, -19.912318884075162, -20.44792675010326]","[0.9485766929868693, 0.6955473664224857, 0.6478637629905443, 0.6373905724267582, 0.5992790815516782]"
407,"[0.918113697640703, 0.9196877718519476, 0.925127293207574, 0.9447699711245375, 0.9532372299142916]","[-24.66783966707064, -23.25267335488517, -22.443834130135713, -22.222835128766814, -22.12289478299568]","[0.29699128347827053, 0.2896881394559617, 0.28610767326227066, 0.33299626522918274, 0.31395717837641274]"
408,"[0.9201972219388588, 0.9229855306529196, 0.9290198097434674, 0.9483450402994119, 0.9533978027497049]","[-24.4853470468463, -23.088539329350798, -22.263576159817486, -22.00288683171272, -21.927215498767698]","[0.3653753022551419, 0.37953960130926295, 0.3971606121672924, 0.5099028405526866, 0.4136704723517676]"
409,"[0.935872913943547, 0.9398795636947753, 0.9449630201848531, 0.9562471860731857, 0.9578363626291807]","[-24.091257000953192, -22.559446714047656, -21.6991541428365, -21.44181488682389, -21.564742734922316]","[0.33480931949328846, 0.34462874462633436, 0.3383694437793716, 0.26744158364351167, 0.27387038396771846]"
410,"[0.9195268642129517, 0.9218686614434506, 0.9274546528214161, 0.945934200411879, 0.9538930819135331]","[-24.366095234351278, -22.945904061983494, -22.119892695434068, -21.80850160898308, -21.736342655825872]","[0.2832646295320364, 0.3351519277966443, 0.3663577136866876, 0.39260908838136227, 0.3774433308924263]"
411,"[0.9353988279909637, 0.9354094148909653, 0.9374647739182885, 0.9472785810162351, 0.9529154188943312]","[-24.317420715750202, -22.92350769954443, -22.133108812213674, -21.927656088917217, -21.868797398513287]","[0.35779171498413337, 0.2677940606357628, 0.24672381033318613, 0.34786093019341624, 0.31539649733067787]"
412,"[0.9170080094553139, 0.9188374140760202, 0.9236099369638671, 0.9393605247000784, 0.9441037744414813]","[-22.93886215087645, -21.90103626811788, -20.80457789985059, -19.97862852851895, -20.56176428473538]","[0.8185419669684758, 0.6606022712334104, 0.7420366903165879, 0.8994577014102201, 0.7005474798634722]"
413,"[0.9275603603739151, 0.9298756943620803, 0.9343688880397395, 0.948246545303792, 0.9540769353636949]","[-24.29420127212601, -22.82530816736457, -22.016070425787547, -21.858131798329985, -21.845705738099316]","[0.404196936610536, 0.502654094736032, 0.576792749822627, 0.6187794546393572, 0.4667357894432957]"
414,"[0.9382190259406045, 0.9405955365785181, 0.9429913651893287, 0.9483544209000303, 0.9518444135360962]","[-23.941973908779467, -22.405156923239147, -21.59127813297823, -21.518758993249104, -21.598328378339826]","[0.28099329698913666, 0.3327341435246195, 0.3586769208193353, 0.39805166196105163, 0.358602481024695]"
415,"[0.9448016381055183, 0.9469621377955363, 0.9496653483915574, 0.9564096577114632, 0.9583836199976972]","[-24.066135253192186, -22.523388373354987, -21.68042401647963, -21.49163250133897, -21.529735232167205]","[0.22889051509122935, 0.1976147015732144, 0.19417972709566353, 0.22308300682415214, 0.30730849287766193]"
416,"[0.9237258634576685, 0.9237041383148334, 0.9265366443459494, 0.9342855188540943, 0.9366345655777437]","[-23.092556436662043, -21.78305435546611, -20.786863188641064, -20.039945746027932, -20.1188544224847]","[0.5755791663429897, 0.6042895820268976, 0.6785283604806794, 0.8339526499587172, 0.8059092189176977]"
417,"[0.9044729066394775, 0.9029776351515276, 0.9087350283297327, 0.9330373810942705, 0.933455105433112]","[-21.884628842116502, -20.88416354975971, -20.317580438019835, -20.056975927905942, -20.094533021742787]","[0.9095377342930536, 0.8100518320315123, 0.7504982700703188, 0.7279139677414309, 0.7437909348193336]"
418,"[0.9152426999603114, 0.9158066955019722, 0.9212021369820559, 0.9385321757666151, 0.940962603314466]","[-23.259809845405606, -22.146579936236233, -21.269978236200497, -20.574189125897032, -21.139614336878836]","[0.7091491877756754, 0.6899238572437405, 0.6826770854035181, 0.7255961663906273, 0.682952497772826]"
419,"[0.9339168846284248, 0.9368207427662563, 0.9411786081343589, 0.9516108817020568, 0.9554267689950725]","[-24.185512725648636, -22.73198609075183, -21.91884450141849, -21.672776644852632, -21.559300429492165]","[0.4135164798672575, 0.3312428905919537, 0.26981702042573064, 0.2293191168119796, 0.2905216608553041]"
420,"[0.941629712160016, 0.943801997966549, 0.9463596916213503, 0.9531256538521262, 0.955190304579528]","[-24.151472141358028, -22.654133184757722, -21.840266429340943, -21.693044241483154, -21.64047596633366]","[0.3496476407647898, 0.40272524931290216, 0.3994958652469353, 0.39835640244534815, 0.2995876658402147]"
421,"[0.9445613875854334, 0.9452905889859717, 0.9472944187157954, 0.9543608161112774, 0.957521172213166]","[-24.151406228552425, -22.677269629909784, -21.85246932934061, -21.631098025798938, -21.53590323942605]","[0.4216659331992605, 0.4213499047023371, 0.427424418359813, 0.4314567816373593, 0.35721858600292955]"
422,"[0.9455597470449352, 0.9476432176593705, 0.9494438406891793, 0.9550688323819267, 0.9570342700586896]","[-23.907798613929856, -22.37796258643205, -21.55457403408979, -21.44810849885432, -21.45936795133573]","[0.28531593806795097, 0.3118955164621764, 0.3313343178567826, 0.3879806029664318, 0.40856074057819963]"
423,"[0.9412406448322447, 0.9426805298988403, 0.946017214618595, 0.9531157342191711, 0.9566004869588173]","[-24.363206239353463, -22.87867753984339, -22.029912034794354, -21.778907891385895, -21.592645729076704]","[0.31563068617990675, 0.37750018860094847, 0.4041116588215586, 0.38120051890642104, 0.29630304966674614]"
424,"[0.9444761463965764, 0.9456908907874985, 0.948197747174975, 0.954685502627877, 0.9572851294642013]","[-24.1019066407839, -22.60974308637369, -21.763408749695234, -21.514501124631224, -21.414029320325362]","[0.33385246772841815, 0.35063336282349256, 0.37006740086410705, 0.3502436057627112, 0.34066435030687076]"
425,"[0.9440340952869105, 0.9460144832049273, 0.9487403753637373, 0.9552150753049437, 0.9567241886279572]","[-24.022960629969923, -22.522988120902937, -21.70456205090311, -21.53059050819546, -21.49807844796786]","[0.5917797837603513, 0.5134935602132, 0.47440216478356, 0.36747873445724316, 0.3612371538834675]"
426,"[0.9508498758018759, 0.9527603699874774, 0.954574561212621, 0.9582379018487471, 0.9577449513687029]","[-23.713462894084387, -22.147794490963136, -21.33076485832595, -21.28399679008096, -21.415255585444907]","[0.43305910110985935, 0.45032345082444447, 0.45321159179531323, 0.34484009109991925, 0.2752309695915003]"
427,"[0.9479133284422213, 0.9494706598380434, 0.9514445570199, 0.9569530037201177, 0.9588862276176605]","[-23.954423560723225, -22.413919310611742, -21.579788073545746, -21.44439522680316, -21.406770734805253]","[0.5194285454617422, 0.5978257359286695, 0.60874718791842, 0.5248216780320136, 0.3416286947153993]"
428,"[0.944344592968018, 0.9450290086361754, 0.9469986956378201, 0.9538695987297323, 0.9563820849415667]","[-24.21729015527632, -22.73286360961351, -21.90969618983231, -21.714884798587217, -21.64200742143261]","[0.1374346691306356, 0.1173527924055537, 0.125481261684949, 0.22627336848357363, 0.33830172615833587]"
429,"[0.9470540131997495, 0.9485518327289022, 0.9505846858965153, 0.9556928632083591, 0.9561007615129293]","[-24.057350425731574, -22.540217885252748, -21.712493196681976, -21.551699488211177, -21.47236459805673]","[0.3274568881201606, 0.37314967606438987, 0.40269113749322927, 0.3794280182310089, 0.27968702313559757]"
430,"[0.9468738914456536, 0.9491108977062227, 0.9508554519793504, 0.9538952408361685, 0.956107875215066]","[-23.73411079521982, -22.19102186428971, -21.389172043758954, -21.384423383295477, -21.46372310151992]","[0.47120478818426886, 0.47992953023899937, 0.4865383510864492, 0.4973713362964016, 0.4398375965333445]"
431,"[0.9480573174433186, 0.9498809038349142, 0.9522970010733095, 0.9571252004092624, 0.9594186566014007]","[-23.97248776519778, -22.507665427815656, -21.68631967549538, -21.45312215114854, -21.29767688545946]","[0.44279554137283034, 0.5464825608197821, 0.5795542001288302, 0.5035218445144588, 0.4489359789457704]"
432,"[0.9468790191471304, 0.9476171652600557, 0.9492363833091528, 0.9538168640917692, 0.9559628821824884]","[-24.046101686225814, -22.504759847824044, -21.674105646375622, -21.55645691081965, -21.53293593348714]","[0.49379488842061314, 0.5185805017170205, 0.5481933609051816, 0.5354224827586166, 0.3777212572019381]"
433,"[0.9541206451057046, 0.9562660038455446, 0.9579290249491792, 0.9611512916541655, 0.9625848642461977]","[-23.717099590164807, -22.121270639117412, -21.272771828757254, -21.10973773719543, -21.192146045675425]","[0.40533521727607086, 0.41043401062385987, 0.3906036766840762, 0.3834271154689759, 0.3550746530900136]"
434,"[0.9525427370177676, 0.9531248145117757, 0.9543180286071554, 0.9586436206742487, 0.9611340484145666]","[-23.758437467872188, -22.292301136008128, -21.482109909870275, -21.26581111732649, -21.1205621897854]","[0.24310275343390758, 0.2344646745681512, 0.24266753819170525, 0.28766819023891865, 0.3157812269694848]"
435,"[0.948767832208604, 0.9493971885803631, 0.9513066576871716, 0.957209289423331, 0.9582729003358179]","[-23.96232411786562, -22.4694519281668, -21.646809132086617, -21.4741755258373, -21.426512407193073]","[0.32984006445863245, 0.25347292625484613, 0.23211774652727438, 0.23903614805515133, 0.3219251999124334]"
436,"[0.9480155775504662, 0.9490509703494036, 0.9506274314167281, 0.9560627473061789, 0.9594934577374836]","[-24.09000688832642, -22.603159328529692, -21.775543507907816, -21.5542210082602, -21.46005879923329]","[0.34921290712494957, 0.321958528394207, 0.31573689437097907, 0.4009108005042339, 0.4098478181141607]"
437,"[0.9521066690296335, 0.9544481286691104, 0.9568080142535849, 0.9618695626695979, 0.9637008426193263]","[-23.716144143878125, -22.12558586842767, -21.26289862060627, -21.063072585985413, -21.126805401193536]","[0.45147572587193413, 0.5006814990703313, 0.520407297823513, 0.5454047548946562, 0.4992030552946893]"
438,"[0.9495558828948322, 0.9509862543678396, 0.9530382350547998, 0.9571883963470194, 0.958558573752647]","[-24.035629462105515, -22.53217431948177, -21.71592119694496, -21.56694430579083, -21.508630875181325]","[0.3853549180166429, 0.3860378521234069, 0.38415148876080457, 0.3839504048733546, 0.29812037365222777]"
439,"[0.9533173660990896, 0.9541491257227914, 0.9559373735958029, 0.9593796509804963, 0.9607051143637163]","[-23.56162810148434, -21.976443108148374, -21.132275716891137, -21.06227345895109, -21.16191763274037]","[0.404920966664357, 0.4244636682783238, 0.4431411813842509, 0.4609415940939859, 0.3323774771935301]"
440,"[0.952041404169135, 0.9523847816642369, 0.9533109740178431, 0.9573935935517459, 0.9623726479175154]","[-23.784277942928494, -22.27282631743574, -21.462261996452167, -21.340799094948995, -21.3011471828495]","[0.46605124305294415, 0.49434681582505235, 0.5118618590137689, 0.5201368551234269, 0.5024847916103526]"
441,"[0.9565774642450295, 0.9581178263390551, 0.9599909268436245, 0.9650222938068724, 0.9668497049172818]","[-23.350981691406258, -21.8133489343117, -20.980285886416354, -20.747761011279923, -20.771933322407893]","[0.5696394472592377, 0.56602692481662, 0.5451435767967038, 0.4898296402587245, 0.5365631321070474]"
442,"[0.9552953808714686, 0.9555881503376977, 0.9559375542835453, 0.9598295042790248, 0.9624076745898336]","[-23.651271846262247, -22.183727123905502, -21.378691671636563, -21.221819625896924, -21.18055965688083]","[0.4701317949710776, 0.46714999277575975, 0.46478609193619896, 0.3995128733912124, 0.32468431712364676]"
443,"[0.9532331291816183, 0.953405757232746, 0.9547568790457807, 0.9595775507799219, 0.9630192103570412]","[-23.709166496493232, -22.179255379695288, -21.326387696781822, -21.083920581647963, -21.083416853591817]","[0.2927107673019741, 0.31818764511676617, 0.32946212752208937, 0.3134525388230668, 0.28725010974564813]"
444,"[0.9506540039662659, 0.9513295567819519, 0.9525245839978687, 0.9568917277423195, 0.9609466046151645]","[-23.90330380402893, -22.465017581715735, -21.65578904086711, -21.43930481681018, -21.2860522832178]","[0.31781366835162184, 0.3615678730153503, 0.38980820563119056, 0.30645592164978375, 0.2797089692490913]"
445,"[0.9517629196684835, 0.9521494565437418, 0.9538844209558781, 0.9591106535160022, 0.9617991140215052]","[-23.63535977595141, -22.110009654001313, -21.29486911314809, -21.152587119298072, -21.10332483204876]","[0.4861885065226414, 0.4974252937678461, 0.5157776095453354, 0.514026784267113, 0.4024309260301155]"
446,"[0.953475316986852, 0.9534612349723292, 0.9553675204426786, 0.9600433375040851, 0.9624599044079084]","[-23.872060704882887, -22.40842446919998, -21.60363994487438, -21.433077196398212, -21.3326794287996]","[0.11001350909936405, 0.10671388505981844, 0.10547878111623615, 0.12987842557763912, 0.26411423141458357]"
447,"[0.9526524400118291, 0.9543625617030849, 0.9556614827340483, 0.9587645297585279, 0.9612451536820185]","[-23.74159016880918, -22.200772728032266, -21.371022698440534, -21.223555328775944, -21.18801594793278]","[0.34927699005598645, 0.3837754463974789, 0.40570259654907787, 0.36949497452521557, 0.31416561588715813]"
448,"[0.9507189825415305, 0.951907535120479, 0.9536430760292454, 0.9591429198421784, 0.9611516305212148]","[-23.769059022676874, -22.22502462088739, -21.374182459907317, -21.157769961954504, -21.14452324798939]","[0.189819431392602, 0.17967832110662293, 0.18537357741097724, 0.1795873692555581, 0.17225732376709826]"
449,"[0.9519880086481993, 0.9534749583156815, 0.9555126530059721, 0.9603152444251704, 0.9631619110176128]","[-23.72815895149638, -22.055889262143378, -21.139823442168122, -20.84757810717379, -20.982968077241537]","[0.6043704616686284, 0.5942826226122071, 0.6109546192532492, 0.6272773585323805, 0.5501815262097344]"
450,"[0.9536445766867127, 0.9546918993826431, 0.9561159298811795, 0.9600457637236823, 0.9646734917365907]","[-23.69273995030702, -22.173543416250983, -21.348768193750427, -21.15802813632653, -21.094390975492725]","[0.358673989930674, 0.34634720723414225, 0.33577700585881537, 0.2644266160059799, 0.27705715774958434]"
451,"[0.9531105669551798, 0.9557220968049237, 0.9578919520222949, 0.9620130333846146, 0.9631710524695261]","[-23.575866252180383, -22.017338704736474, -21.172463611672306, -20.990153547949415, -21.069472107893592]","[0.3253918270133036, 0.3828574696669339, 0.4147541561932643, 0.42396196283230586, 0.4069522658199051]"
452,"[0.9543717629428966, 0.955042679876826, 0.9566939141875067, 0.9610437688805253, 0.9628593301864101]","[-23.7725341075991, -22.254938348282106, -21.399177173452795, -21.08501519049107, -21.02981572599436]","[0.27386652439448944, 0.3004262869494835, 0.34689323207597716, 0.43721162577399836, 0.4244444910295422]"
453,"[0.9515071189070299, 0.9520350292195826, 0.9533095408850256, 0.9592482510339232, 0.9628770872125885]","[-23.68255144384454, -22.16811442324477, -21.341185800133676, -21.17050850871721, -21.133148844239088]","[0.4100609906306716, 0.44335044387707134, 0.4755704964630819, 0.5873623722402531, 0.4856733271849354]"
454,"[0.9572258943279808, 0.9571555383629325, 0.9577748824075182, 0.9615457113316652, 0.9634924481293821]","[-23.876315808415757, -22.447682604276324, -21.641894629646306, -21.36799303065818, -21.161516012830504]","[0.44781306439209284, 0.4654010035443277, 0.4473224766749336, 0.3590904613670477, 0.3676937609442169]"
455,"[0.9541769288544012, 0.9551784881722609, 0.9567367533459993, 0.9610507180963404, 0.9625398226059165]","[-23.673312682255627, -22.145308717353124, -21.324162939688055, -21.184073017815773, -21.232397290219588]","[0.3726043740100207, 0.39756946673722504, 0.37812785086682726, 0.4092749646370482, 0.365569935390903]"
456,"[0.957022489546129, 0.9584721911206754, 0.9602555805224204, 0.9639325738133886, 0.9636465627648094]","[-23.38058363700347, -21.833563125311866, -21.018528802222825, -20.923457084875412, -21.0166905894142]","[0.44492423008774706, 0.4841287111094794, 0.48256015865863966, 0.43236665221943266, 0.30406517341794587]"
457,"[0.9541893809466825, 0.9545425777378717, 0.955683379027329, 0.959981119774183, 0.963469503380406]","[-23.463014620524003, -21.92465148584031, -21.101958632778377, -20.99298823873738, -20.993722818463848]","[0.35668133586490414, 0.333774217954087, 0.34677706008870796, 0.39336251209718415, 0.2571142404679799]"
458,"[0.954476974204384, 0.9541477575357258, 0.9546031488819194, 0.9582944243809011, 0.9633128160066513]","[-23.447608142507526, -21.854132632302072, -21.01002253738034, -20.892673583102574, -21.035890101843044]","[0.39135640408267164, 0.37965705353151874, 0.3862497325088884, 0.46352065409074755, 0.42051191870530674]"
459,"[0.9517446248371882, 0.9516967182931417, 0.9528187541058972, 0.9584318133055849, 0.9614822199220985]","[-23.801556838466055, -22.300290579751685, -21.485477839247046, -21.33113338845142, -21.230360747985703]","[0.4575278815574725, 0.424184387289816, 0.40276882082525434, 0.3503514747598107, 0.3265722468273319]"
460,"[0.9551682827850013, 0.9567505942243321, 0.9583211830983215, 0.9611249581922162, 0.9629857897897224]","[-23.429079880933784, -21.803383262805347, -20.94344688110326, -20.771677331100946, -20.86298781379364]","[0.26547012104662343, 0.35365808630101975, 0.38144405695642575, 0.3214753344401134, 0.3234012420990481]"
461,"[0.9549308986846458, 0.9563371128523555, 0.957920270812725, 0.9620008361131919, 0.9656153905193252]","[-23.610788030528397, -22.162740196335864, -21.375136213688933, -21.23070569055361, -21.08887584743267]","[0.41638413263059526, 0.4481473376791354, 0.4435891583729664, 0.33515798273810204, 0.29321744278527284]"
462,"[0.954891926184168, 0.9554779325881617, 0.9563555081261135, 0.9604667890270626, 0.9645178686337827]","[-23.53877192391425, -21.952866267789627, -21.1025173657164, -20.956240782939695, -20.98408364414611]","[0.2996488303022073, 0.32804661961349807, 0.3430740579559647, 0.33991590583646664, 0.2051585705371647]"
463,"[0.9571693425571192, 0.9584257006153535, 0.9598373683708679, 0.9630372460351103, 0.964821058234959]","[-23.370028795228848, -21.846301553004487, -21.020367581240624, -20.80397540788817, -20.74785584932215]","[0.3314461117660854, 0.35145850396830586, 0.3938685153538394, 0.48458747138339264, 0.4687276451338784]"
464,"[0.9581697948577904, 0.9581572720680497, 0.9593294153777736, 0.9631570701825047, 0.9668648295200634]","[-23.536887661067972, -22.05844975070456, -21.234476437928848, -20.97595664821029, -20.84202727172086]","[0.417669704649238, 0.40908419115640604, 0.4079230485599955, 0.5029824690088907, 0.4233104899568535]"
465,"[0.951385545769857, 0.9517960801361813, 0.9534524735689934, 0.9578139829264734, 0.9627424792490173]","[-23.69475136968168, -22.104201178718277, -21.227126161649082, -21.00967382168122, -21.103525405082628]","[0.4562305017797669, 0.5491571934374854, 0.5654990561885052, 0.5116610560547267, 0.29924738735745954]"
466,"[0.9581260032532958, 0.958252708533278, 0.9599805355807643, 0.9653749920377789, 0.9695303110644589]","[-23.330314076258016, -21.618357287789994, -20.66199445308539, -20.264105032476515, -20.48713441021272]","[0.3885436377561864, 0.4851335779669807, 0.5406977845851223, 0.5255992757749075, 0.4162098543860419]"
467,"[0.955787968233968, 0.9571478783289931, 0.9587614792578947, 0.9633102091384943, 0.9656205997644437]","[-23.509228112903234, -21.950660577279066, -21.096324874475815, -20.855716394611708, -20.780972379399024]","[0.42401423392586973, 0.4305988555490868, 0.394585376572772, 0.312515388023803, 0.3624997449248203]"
468,"[0.9569959960211, 0.9575905635811295, 0.9587200602960488, 0.9635481320765926, 0.9678681906273137]","[-23.422446493375553, -21.876893546722513, -21.040964648974143, -20.8575217506731, -20.782160631770058]","[0.5395598950582219, 0.5645210420581694, 0.5690371453391445, 0.5002564046799785, 0.3260063560442238]"
469,"[0.9540278623614578, 0.9551309491646061, 0.9570609056255978, 0.9612636785212044, 0.9635391056503824]","[-23.357485814387786, -21.74157640410926, -20.854295479575242, -20.613773920681034, -20.732661610182948]","[0.3129065830788096, 0.3386211015303336, 0.3784847035727617, 0.39589348889291387, 0.3418041602739335]"
470,"[0.9574975348660583, 0.9575256690598805, 0.9583442877357791, 0.9621269007571859, 0.9645789440162768]","[-23.492416479827867, -21.927927856055756, -21.081312249004792, -20.923932658410887, -20.983093325447026]","[0.30894171146885535, 0.400900290059931, 0.4319030054778242, 0.4615808804252373, 0.4137266679440573]"
471,"[0.9542276040394946, 0.9545507560529949, 0.9558132609127928, 0.9600367064467958, 0.9626536553049393]","[-23.33281878661666, -21.72485251078143, -20.85423522360048, -20.669639022950822, -20.742093095059012]","[0.5300847800625362, 0.587395533406174, 0.61089669466849, 0.5592939402172052, 0.4810719455563521]"
472,"[0.9552153419481376, 0.9552219529255002, 0.9562930089257592, 0.9599964205367064, 0.9649191738350091]","[-23.328354180083725, -21.805539379129765, -20.969853028806334, -20.788423285988703, -20.770692915197266]","[0.1850912018978852, 0.1806517732805569, 0.1861788380860001, 0.22476610573266795, 0.2958456685333997]"
473,"[0.9554968319363281, 0.955996607509803, 0.9563675993286009, 0.959474092249723, 0.9604647325170048]","[-23.07958440335904, -21.529936615523788, -20.69777045096026, -20.54288808979237, -20.60018175904097]","[0.5284879195037073, 0.5598737608363585, 0.5532843829933848, 0.46443882221135085, 0.3430631030167766]"
474,"[0.9527453090452709, 0.9536206620130786, 0.9555784156991138, 0.9604418645821013, 0.9646865557190745]","[-23.516611661958414, -21.998040614870703, -21.138267196710455, -20.84463446728121, -20.757039214003637]","[0.2014319417093553, 0.23651328985876474, 0.24326670618826582, 0.30757658863789833, 0.2540129411185154]"
475,"[0.9570517715170205, 0.9566457953116995, 0.9578968696439918, 0.9619285105372051, 0.9662553863022143]","[-23.073279065121277, -21.530095701102965, -20.69074442783184, -20.465750325802883, -20.445976195839165]","[0.4324719322294411, 0.4097524572615754, 0.39697870245073963, 0.3700507420706661, 0.3823029971123882]"
476,"[0.9539674169802499, 0.9550989390984387, 0.9562390583270062, 0.9597382953536998, 0.9622322961702999]","[-23.130120390945862, -21.59506440729584, -20.773223328132133, -20.640860574991788, -20.6980803121458]","[0.30470016493934576, 0.39528230600092595, 0.37400311878277, 0.3466723690011867, 0.330988755027179]"
477,"[0.9555760945541223, 0.9560539097392885, 0.957035344678149, 0.9597852254753623, 0.9646027212246444]","[-23.033294323634276, -21.473001793351838, -20.61546712614995, -20.338243659878792, -20.31509769202538]","[0.3847297183317149, 0.4712314820944422, 0.5075664354955906, 0.5195214224798392, 0.4231277065420214]"
478,"[0.9585334208928659, 0.9592701585972394, 0.9598632987579893, 0.9625447879421658, 0.9648676078158004]","[-22.91417043885978, -21.326699522663525, -20.472869463574153, -20.269813249904903, -20.22863115770186]","[0.3660480470861236, 0.35909972664850154, 0.3739955454978806, 0.44609565160937265, 0.476169294537186]"
479,"[0.9540485297875876, 0.9543485657206553, 0.9556741016740962, 0.9617612843499068, 0.9661032551077687]","[-23.088578178312662, -21.59216596587308, -20.76777016613801, -20.56422518069838, -20.48942504113411]","[0.5874273081930927, 0.620676908484302, 0.6161219022808611, 0.5887487837568973, 0.5237903240686643]"
480,"[0.9539361739932112, 0.9539491856923018, 0.9546704446374974, 0.9578947132205301, 0.9626249191609084]","[-23.13319596411011, -21.688298822052666, -20.857805660576773, -20.524850432098955, -20.340586893148053]","[0.46221863472427965, 0.4405366995814243, 0.4388000489914155, 0.5076526065746104, 0.549080156060429]"
481,"[0.9550524330007627, 0.9546506027149018, 0.9553161837080202, 0.9597818779890173, 0.9646953401238013]","[-23.08786681869607, -21.499713754975243, -20.61685062377853, -20.339438669477047, -20.345543899301415]","[0.3045970791572161, 0.3870589484681639, 0.40942070063246144, 0.3729165470288651, 0.2609319607196513]"
482,"[0.9554169327205165, 0.9552195507457548, 0.9564900774521681, 0.9603854321932217, 0.9653273240236466]","[-22.999390374677713, -21.42459115666267, -20.517380863054697, -20.14542138637577, -20.123143701483812]","[0.26004612106547503, 0.21142905830280112, 0.2042340791339735, 0.24437847623214842, 0.34774856206372806]"
483,"[0.9557678818888634, 0.9565277402864822, 0.9575963420823672, 0.9620626934953455, 0.9651701654322767]","[-23.09134275765681, -21.488042232523124, -20.598181173160025, -20.458010551649167, -20.469654655640593]","[0.3208873790434345, 0.32809952042794477, 0.33200784880792905, 0.3331023612489394, 0.3298971698088416]"
484,"[0.9563302517841427, 0.956358581089757, 0.9577698405157541, 0.9617271709665035, 0.9653739982015941]","[-22.773262408617867, -21.2448019706198, -20.3999268396516, -20.205767826027763, -20.269368175887386]","[0.4644968889777661, 0.4391543344041889, 0.3974986281001363, 0.34928669855825717, 0.4164984154311174]"
485,"[0.956078618707771, 0.9577605840259609, 0.9589500720238662, 0.9626478320047884, 0.9657918933817801]","[-22.891325778556453, -21.286757841721798, -20.370735697709964, -19.999548899331586, -20.0294635563398]","[0.3259115737752074, 0.2574126132318448, 0.2377332851677971, 0.24491967759400313, 0.36115500439263304]"
486,"[0.9555459154674624, 0.9558316446264509, 0.9570702360738039, 0.9610525686464932, 0.9666621820220159]","[-23.04542280410076, -21.505469613440983, -20.651958852073026, -20.39815805950978, -20.33577163288839]","[0.39436886288779416, 0.29457287256821224, 0.254494965583471, 0.22755285570029657, 0.39324350973452576]"
487,"[0.9569730041640502, 0.9571221765588228, 0.9580514820799345, 0.9615811069488194, 0.965663997981996]","[-23.087822400354895, -21.58089135970829, -20.753007269683504, -20.541080206486164, -20.43029160057989]","[0.4436163647018505, 0.41906062264921234, 0.3939880978544314, 0.3518232975642022, 0.3280213589810068]"
488,"[0.9554545327058288, 0.9559156672290936, 0.956549050024196, 0.9597303015625102, 0.9618699129585718]","[-22.38993930678758, -20.82110437786823, -19.994090409464338, -19.902837223681857, -20.068269333835527]","[0.5147238847910351, 0.4989808074957107, 0.4829416947072183, 0.4208802251578647, 0.4364930338385595]"
489,"[0.9564507220852597, 0.9565396675110551, 0.9578361897630522, 0.9598021670596385, 0.9627687325136474]","[-22.867445351043408, -21.265419797663682, -20.412943319424347, -20.265939499647345, -20.29669319911865]","[0.36149370752871496, 0.41012061085642454, 0.4240382774547899, 0.41027597262498583, 0.3624760495043756]"
490,"[0.95706195393484, 0.9558947330348092, 0.9566594738890059, 0.9609407913516064, 0.9674971863779145]","[-22.69266603699809, -21.201400193077443, -20.375303204021392, -20.11942165779916, -20.02326965000327]","[0.4730334241068276, 0.5039405372798877, 0.5445117359694526, 0.477365993457263, 0.546070001531917]"
491,"[0.9576544432552165, 0.9577677938808254, 0.9585659801405669, 0.9636285026288244, 0.9680953141607076]","[-22.55321344843714, -20.92081151951951, -20.03986621071925, -19.825330803975795, -19.984554230474753]","[0.4593686778503315, 0.41875038399603143, 0.3909682465349112, 0.3432873422635109, 0.3408874400293623]"
492,"[0.9548455237815876, 0.9568843520541098, 0.9585964639786454, 0.9625701992750021, 0.9665210203626784]","[-22.96210478760496, -21.430792694569426, -20.55656228689589, -20.270692779376496, -20.241943397550227]","[0.28159616340169236, 0.35310823272834835, 0.3959103646449822, 0.34759055579332504, 0.20443395126266126]"
493,"[0.9561211297531688, 0.9550644987658007, 0.9553901507081287, 0.9592006186349248, 0.965294745838921]","[-22.805114764697652, -21.217997459753995, -20.33051996792414, -19.93629257617418, -19.872326838039758]","[0.4509055126692507, 0.5012772947864645, 0.5783638860369789, 0.7198289101220239, 0.7306597710270104]"
494,"[0.9579261838557408, 0.9577067373837365, 0.9583165827549875, 0.9618740560556193, 0.9653700267875263]","[-22.797913248002832, -21.312423173330117, -20.503549678411982, -20.326561077035244, -20.2688509211746]","[0.2631467779370815, 0.25959662795217764, 0.2663513725970092, 0.3152823876057153, 0.3101469401503299]"
495,"[0.9569546908549592, 0.9570474537904876, 0.9580585610904542, 0.9616497944505286, 0.9650351790909744]","[-22.839338729489516, -21.332991907987815, -20.50860177340249, -20.31740970285068, -20.291445989038095]","[0.42687102285402406, 0.3785700834659761, 0.3467905683470098, 0.36006169628065166, 0.4444291006552568]"
496,"[0.9592763267058887, 0.9604811231962364, 0.9617399238417841, 0.9652300177383654, 0.9664462830537097]","[-22.4318099493052, -20.828907779095466, -19.972082401316467, -19.796536706007696, -19.92142508483001]","[0.48745076953550365, 0.590969528875491, 0.6395222705835176, 0.6094888343667977, 0.5301454412258699]"
497,"[0.9567793603194318, 0.9576367502157762, 0.9589966298159872, 0.9627300829291531, 0.9685067144223956]","[-22.566788935897947, -20.963371351584154, -20.080667071630817, -19.80631178961294, -19.873581054436766]","[0.27469355762939024, 0.31395855261037037, 0.3563436636879792, 0.326038315413214, 0.25966162937738]"
498,"[0.9577871761182131, 0.9568356076716569, 0.9574584227072226, 0.9612538948143591, 0.9663939496149891]","[-22.887004992860955, -21.30815597706963, -20.444148745687354, -20.250995289184765, -20.295122042014125]","[0.4053491556349074, 0.4064545795284909, 0.3826228141687347, 0.4656723434843913, 0.40915074166174914]"
499,"[0.9581980322862296, 0.9569671340146424, 0.958252032647876, 0.9627211785971208, 0.9681870140527629]","[-22.540845810716476, -21.016624415374416, -20.179851431178314, -19.935370877491582, -19.890762573465132]","[0.606854749879628, 0.5660327576217016, 0.535375531553588, 0.5068497704752258, 0.5116321966069642]"
500,"[0.9574458001834445, 0.9577473568437993, 0.9583028140422142, 0.9612222532711504, 0.9638951519819305]","[-22.37235812990434, -20.655738199495264, -19.73639717667595, -19.478857842598142, -19.74222305606861]","[0.30312358533667993, 0.34202836914113754, 0.361674820841351, 0.4411520239113063, 0.5432676270827245]"
501,"[0.9601818475163436, 0.9600233331189882, 0.9609356588291849, 0.9638759813278397, 0.9680857535698985]","[-22.593708463143347, -20.97267490486413, -20.048358573567345, -19.640199493382312, -19.69325480706156]","[0.38741276899326227, 0.3624650268791266, 0.35171537496184885, 0.35809002367756115, 0.3444854224872666]"
502,"[0.9585367417140318, 0.9600225025292582, 0.9609707806952461, 0.9644494662778591, 0.9663477956146734]","[-22.455205132618378, -20.789330164236866, -19.899864964138143, -19.731084435087485, -19.963445909398548]","[0.3146454251978391, 0.3294050369886274, 0.33920979290405473, 0.35459446172209164, 0.3390841670663813]"
503,"[0.9568069247322323, 0.9561379265582682, 0.9571819154228618, 0.9617465882504862, 0.9670222261397196]","[-22.937594700989095, -21.428057116139072, -20.585156148741696, -20.39993504660141, -20.401886458357385]","[0.3577691343596519, 0.3923414917235511, 0.42916738591940673, 0.47240454018581507, 0.3559127024186227]"
504,"[0.957044072480141, 0.9577676567142094, 0.9590723352432626, 0.9627590621149186, 0.9658647201347231]","[-22.696328423962616, -21.017987856773125, -20.103448048941782, -19.76584201590222, -19.839916903252337]","[0.2822313932496957, 0.26985272717559206, 0.287273174344149, 0.33939722635242087, 0.3650492688318273]"
505,"[0.9570773317423331, 0.9584223675986636, 0.9600390244487377, 0.9632064710661831, 0.9651426227524817]","[-22.56462431438442, -20.948493560145867, -20.04504915262627, -19.729051299352168, -19.835934740546616]","[0.3795951308682687, 0.43777235467206826, 0.4750730390214386, 0.44583881983025897, 0.32931323036380505]"
506,"[0.956499555268057, 0.9569405673327005, 0.9583675559588752, 0.9626598489638135, 0.9662942129049401]","[-22.68116468835684, -21.050151911681457, -20.15433404340051, -19.867131630976402, -19.97914450383691]","[0.35120320178825576, 0.31001516721891803, 0.2842600109135403, 0.30339666492314227, 0.3982785099861458]"
507,"[0.9568828714531681, 0.9574662756083103, 0.9584894835716773, 0.9605633555407447, 0.9622010605415463]","[-22.608588372443116, -21.034503301868725, -20.185573302700647, -20.044624328390622, -20.155834584942298]","[0.2634279918172371, 0.310487423387202, 0.34122562348512075, 0.39226284632382735, 0.3891097270487656]"
508,"[0.9597997591908984, 0.9590533259105125, 0.9599151893896184, 0.9630793030765372, 0.9671083187677487]","[-22.464025769134782, -20.88010651220515, -20.036562721793974, -19.888097792865683, -19.91183473295126]","[0.31490078779929925, 0.346543173228591, 0.36856360800216587, 0.38581625412716486, 0.40841106930800003]"
509,"[0.9594460831174528, 0.9587279530432566, 0.9596151963083495, 0.9624899284361554, 0.9655128199925753]","[-22.219087402028386, -20.617782766733352, -19.768792168757297, -19.58252459934544, -19.71164321658196]","[0.26382885468271555, 0.27301396042307696, 0.2776893938617108, 0.3029587314229792, 0.24608167764398645]"
510,"[0.9580472427349378, 0.9572011374298847, 0.9581898607602485, 0.9623927035580427, 0.9670665963276841]","[-22.407302701189796, -20.874459294808137, -20.02051760402899, -19.69834269262343, -19.653620489977435]","[0.34650529163505817, 0.31721707430184654, 0.319295247818494, 0.41337676133046947, 0.5073234112471602]"
511,"[0.9553194949212722, 0.9551565358827876, 0.9561226795802469, 0.9581841729135302, 0.9636741365804244]","[-22.421767612715936, -20.9283470875034, -20.122244719225503, -19.972157822503938, -19.9168937340343]","[0.5358820977283378, 0.5019724620114459, 0.44712525838932304, 0.26974986260185196, 0.2548434803045208]"
512,"[0.9515399197538252, 0.9528399442505902, 0.9544597025958798, 0.9584076078596975, 0.9626410270265164]","[-22.733880990040145, -21.20175337675203, -20.316258573024616, -19.947437389385918, -19.89097806080508]","[0.5281521410019643, 0.5560661472914807, 0.557540150455202, 0.6217778419530456, 0.5771814083169432]"
513,"[0.9537786227478277, 0.954227709874968, 0.9554234222763478, 0.9603038537529919, 0.9654308338765506]","[-22.396808831195006, -20.85657676187756, -20.02915333230531, -19.84094955930386, -19.86645780854247]","[0.3368598890102618, 0.26264640751228296, 0.24459400531209124, 0.2780114986064341, 0.39382696808076023]"
514,"[0.9563723836553902, 0.9579934139468103, 0.9592601878172491, 0.9628382398030723, 0.9640233586997546]","[-22.601252760368542, -20.99989943662319, -20.15088004027952, -19.993805706514216, -20.047135964306293]","[0.5180595517916402, 0.5280961835232953, 0.5348348640135496, 0.5576692325421858, 0.5389814490057836]"
515,"[0.9565114756166385, 0.9561078199077162, 0.9569064208762785, 0.960951870952111, 0.9650952406889775]","[-22.513992319627047, -20.955518675719862, -20.08741344053302, -19.79014306626236, -19.79313551244819]","[0.34265915870989194, 0.34605496764467003, 0.34897863426829606, 0.42773888951384686, 0.5121241863149628]"
516,"[0.9571190645735923, 0.9588408763214911, 0.9603353869947906, 0.9629244905956713, 0.9642902928729281]","[-22.597715893496197, -20.92436690929113, -19.996419207443793, -19.66948300307209, -19.825429957075013]","[0.4451156250518109, 0.34060534851337093, 0.32195880592835247, 0.3125197743994457, 0.35999518812336717]"
517,"[0.9554804310422554, 0.9561331080210106, 0.9579892343679403, 0.9598140793349, 0.9640769741069183]","[-22.626610750470423, -20.998577727637507, -20.128733132289355, -19.967906187009472, -20.071668670189762]","[0.30351291550704795, 0.291899201407651, 0.2820271755055804, 0.23920418434045881, 0.23259178582381704]"
518,"[0.9563516736727141, 0.958317100553041, 0.9598539486743863, 0.9626800495816372, 0.9631118467338466]","[-22.59067414818509, -20.95991170646196, -20.0382671354577, -19.65517702229444, -19.659346713246524]","[0.5456793558442083, 0.5382714890201623, 0.5300947582407581, 0.5016301425003887, 0.4774310044555289]"
519,"[0.9297578627344734, 0.9271979160778261, 0.927727940983664, 0.9322753005623677, 0.9339636588863801]","[-21.19529596463299, -20.37866590440986, -19.82536018070198, -19.39672001489057, -19.19319515972068]","[0.8388809110404156, 0.696207834139329, 0.5822224169657965, 0.6064612286513554, 0.6746292630685224]"
520,"[0.9438855174523837, 0.9474452606011124, 0.9531021090984645, 0.9653094908180904, 0.9669808035776978]","[-23.11866100184696, -21.62659025027338, -20.753361801388404, -20.36466329255659, -20.451924513571182]","[0.37352579769227484, 0.3648143613006264, 0.3756251634297642, 0.3954662493699666, 0.3882875780663834]"
521,"[0.9415562646113136, 0.9428327408360891, 0.9480351489956234, 0.9597702310536771, 0.964628667936537]","[-22.921931138873934, -21.563830633024896, -20.73896399482862, -20.288843186197393, -20.209925488567254]","[0.28577835047642164, 0.25118360794439326, 0.2317029491165541, 0.25298190335571885, 0.2942992344961047]"
522,"[0.9414914605115485, 0.9454274036723134, 0.9511974958001678, 0.9653297225528376, 0.9671705089504168]","[-23.457146418287664, -21.9563011708811, -21.094433083744903, -20.727807931991972, -20.755805514410138]","[0.5745477015273325, 0.5381195802358305, 0.5423542226908485, 0.5798112907441546, 0.6645558843046203]"
523,"[0.9511420928833174, 0.9516558378117964, 0.9549957850984104, 0.9663417794363853, 0.9704026657670042]","[-23.22768290865386, -21.771945204210745, -20.938033402271373, -20.615566004213683, -20.616419861005138]","[0.38931325096212144, 0.44307757352718524, 0.4958193388119329, 0.5820346216244277, 0.555297308533563]"
524,"[0.9419856702384641, 0.9429970416057736, 0.9460344460188322, 0.9555212255296062, 0.959458722905002]","[-23.273900734950736, -21.898627159120057, -21.153346550323782, -21.02520318761497, -21.01527439687107]","[0.5224000694646609, 0.42298379251935575, 0.3123905123692104, 0.1991918358820997, 0.3844533840331391]"
525,"[0.9349127851875277, 0.9363784510872675, 0.9404198911347368, 0.9504739212191542, 0.9476626723161553]","[-21.33967625157076, -20.49992229553579, -19.97617026943976, -19.609804214753154, -19.73196875356857]","[0.6544352102717748, 0.6776284845473806, 0.717314952204986, 0.6793637481582824, 0.5317162798187958]"
526,"[0.9307656750865031, 0.9298088855492177, 0.9325106422652274, 0.9449308545948032, 0.9495358149705184]","[-21.29102842298798, -20.209722113205103, -19.81954657428118, -20.647106884755043, -20.26726013102929]","[0.4331724706080763, 0.4246541404224581, 0.40718589857314597, 0.3021758080731636, 0.436629060413286]"
527,"[0.9412524076355767, 0.9420802918250933, 0.9449192363469666, 0.9568985549573045, 0.963622009765437]","[-22.668984440607712, -21.462418439638252, -20.884280336608438, -21.121647019059253, -21.153764533035616]","[0.44544548372898374, 0.41261124751001116, 0.3882109546782828, 0.29451373080204807, 0.31812020085425075]"
528,"[0.9547293757097077, 0.9548666143941725, 0.9568049522885744, 0.9648221645832762, 0.966414867651819]","[-21.4226190671394, -20.33490284311732, -19.923423155891957, -20.591829247706563, -20.543270928508182]","[0.49211370618805683, 0.4972109700548768, 0.4663644776485936, 0.22062669080594305, 0.24871401373326452]"
529,"[0.9366632564141887, 0.939358848439378, 0.942378311446704, 0.9487876734363513, 0.9529020935785468]","[-23.3890619778457, -22.03647041969678, -21.299361212863055, -21.105132176454198, -21.060617247081122]","[0.19443018361088335, 0.18760879220044277, 0.18499591235384197, 0.1409167868768729, 0.1713285570097241]"
530,"[0.9197215514610396, 0.9227651083642454, 0.9292254765868504, 0.9449896871594995, 0.9474053273516355]","[-22.922572415061072, -21.747059473917684, -20.636549775675242, -19.793615509703955, -20.251934871159172]","[0.7472218630598155, 0.7811069243178073, 0.9760755085458379, 1.1886543154422398, 1.0171776462414617]"
531,"[0.9018705238012212, 0.9050518988911259, 0.9112894246687743, 0.9239423554899583, 0.9251124761264613]","[-22.52435593944734, -21.11062828215915, -20.328822126571175, -20.298690857911797, -20.54266294567524]","[0.4173920383025138, 0.6351466051005606, 0.7435866882767856, 0.4758094780266331, 0.32695293799282626]"
532,"[0.9249565786538053, 0.9255683176536362, 0.9295190509483345, 0.9420358117150324, 0.9486322829823822]","[-24.18174120667918, -22.71148094123006, -21.890781168846544, -21.655648925320513, -21.64376888002164]","[0.17865808018865464, 0.22202990369182637, 0.2643078008469522, 0.3208166218938237, 0.2196282382577464]"
533,"[0.938423993756961, 0.9394295882215979, 0.9421008746069098, 0.951408629875024, 0.955473570127534]","[-22.294637835294655, -20.884153713804785, -20.075283260586335, -19.859889596124027, -20.038882658272996]","[0.8294340049162195, 0.9070172235473261, 0.9531991976354691, 0.9194003930099081, 0.736871223966653]"
534,"[0.929077431894587, 0.9292861869939226, 0.9329402412635539, 0.9394315435134619, 0.9435463546600356]","[-22.384981799030847, -21.036253349336732, -20.337565316650153, -20.583363411931895, -20.39425348985801]","[0.25400315449815275, 0.1845150464057026, 0.16840156975470116, 0.22019502394673465, 0.8551930215883928]"
535,"[0.9013885488457806, 0.9041394207762572, 0.9111391368413831, 0.9400119290033483, 0.9513123933445454]","[-24.55542809602946, -23.15478899464417, -22.363016633589805, -22.08780573119756, -21.970538935156902]","[0.4874553931129177, 0.48867414472282333, 0.47211548526136876, 0.3980495557948612, 0.3770891074079054]"
536,"[0.9170639693341951, 0.916929344662151, 0.9212578858498021, 0.9404711396567039, 0.9502729265165236]","[-24.54238234986615, -23.14265688110976, -22.375959454227935, -22.188669896325724, -22.041158533980155]","[0.6005508109019474, 0.5929848366714316, 0.5723713017220655, 0.5536466684966138, 0.5982162130383354]"
537,"[0.9173394743627168, 0.9206166095477658, 0.9273614616160476, 0.944893424747457, 0.9464669237937057]","[-24.027526464624874, -22.46162398995891, -21.559817210550086, -21.145411058949392, -21.190483696127547]","[0.4995454876020537, 0.5929351862328617, 0.6472689082033838, 0.7155056896805849, 0.6658378457426053]"
538,"[0.9193638806709112, 0.9177659856454796, 0.9233370100373385, 0.9386289394796433, 0.9414037108266109]","[-22.638724416903088, -21.607520879244774, -20.767966370127663, -19.957331364553273, -19.92079878430159]","[0.907854952317174, 0.7767579216892512, 0.8166238337612519, 0.9304959520035498, 0.8852620502750058]"
539,"[0.938290589323811, 0.939217665808816, 0.9456170559014825, 0.9617389784900169, 0.9637691397455181]","[-24.169476493481874, -22.77503574826263, -21.892751605598423, -21.395720489131527, -21.396866522583462]","[0.1747549463878518, 0.1475052712754356, 0.13782603870345775, 0.14657164997315392, 0.18651138991944463]"
540,"[0.9271156808447414, 0.9205766184523839, 0.92011519689352, 0.9312189181664807, 0.9343385203284198]","[-21.554065086530496, -21.07720884209811, -20.769872628289228, -20.071173589275908, -20.040515031547752]","[1.3603225051532901, 1.1940048278601347, 1.0415848409377184, 1.0751681922425866, 1.1070359108103895]"
541,"[0.916128864085398, 0.912703391764164, 0.918084617116403, 0.9414413397485785, 0.9442776569427274]","[-23.91291977790758, -22.597161739937555, -21.75333710742339, -21.288498693464966, -21.327058218789265]","[0.49254828219251273, 0.4848339259969766, 0.4825130828478061, 0.4720318682190722, 0.47009068330805936]"
542,"[0.87908618604538, 0.8813728793331441, 0.8830134962446701, 0.884098332191133, 0.8825931854961258]","[-22.927676881669253, -21.68192435805988, -20.918526613207458, -20.50661982059681, -20.195122005509038]","[0.27429419509492103, 0.3911086851804881, 0.427042922196349, 0.5351083025960784, 0.40390768266758187]"
543,"[0.9326330482443479, 0.9396271289515121, 0.9464431386491098, 0.9562001672199664, 0.9524235623763112]","[-24.362309183435706, -22.828263178326107, -21.908758414993766, -21.47296771549917, -21.479546238099584]","[0.16061845533777952, 0.17007050914107713, 0.18442585901751196, 0.17427255762438876, 0.15431903455056015]"
544,"[0.9344852091857118, 0.9381504560963606, 0.9438911120552468, 0.9539654365995328, 0.9545086382967068]","[-24.3114284371554, -22.839113566553625, -21.98672516947576, -21.719745174813198, -21.733752042522152]","[0.3289474666710929, 0.37360590780407993, 0.39236614369619116, 0.45791936531091526, 0.4178354787737201]"
545,"[0.9167328305038401, 0.9200929227092747, 0.9264142349270419, 0.9423002730737664, 0.9494876755863222]","[-24.57368205698203, -23.09425288781927, -22.261609568426753, -22.041224686729574, -21.89755710923035]","[0.5070144788216623, 0.5189350876469883, 0.5235552306309125, 0.5395590899664966, 0.5345992934931916]"
546,"[0.8971349874516205, 0.9039576924435404, 0.9123989533643709, 0.9340550970587943, 0.9393050807207852]","[-24.439327485387278, -22.96120474357454, -22.162919269973862, -22.053059913660803, -21.984711577991362]","[0.5644296240727755, 0.5533608733667611, 0.5275463139757219, 0.5115955421545286, 0.4763426476968432]"
547,"[0.9058776855147875, 0.9076911300484313, 0.9133623217125907, 0.9298466583886972, 0.9402420476908289]","[-24.84691903771822, -23.371014313014978, -22.560897334866656, -22.429530078270233, -22.289764084367533]","[0.2688478067456716, 0.32916340501956715, 0.35246996240066675, 0.37908174805110384, 0.31307008833340666]"
548,"[0.9116630119555074, 0.9125983538688177, 0.9163823823515466, 0.931686502834688, 0.9386414436740501]","[-24.59953264223808, -23.161999591004005, -22.39169226236777, -22.264565248290932, -22.167433718355294]","[0.5497264702087878, 0.5092310412865851, 0.49255088143701203, 0.4414882755602823, 0.4493409582926054]"
549,"[0.9192544033349004, 0.9215671663659831, 0.9274646009113555, 0.9416905864906071, 0.9415861920007716]","[-24.493249148322498, -23.036045662192645, -22.2463066157468, -22.146785193983185, -22.240499272607167]","[0.4695724537425468, 0.4968390206293018, 0.5025787967978257, 0.4685455382248406, 0.46535719167268536]"
550,"[0.9096850644321646, 0.9120403390423407, 0.9176488130985773, 0.9339926722141402, 0.9382262057483955]","[-24.94697229292707, -23.50248403047505, -22.704764180483114, -22.53061436392972, -22.388212439036938]","[0.30484696453033794, 0.31253767526498566, 0.3176853415650569, 0.3165478561119075, 0.317940776036391]"
551,"[0.9215316807850779, 0.9230206970376635, 0.926047531406139, 0.9358641449171584, 0.9409690247629925]","[-24.813378537206493, -23.356330359935026, -22.56942593026513, -22.456260907801884, -22.347610597013265]","[0.4043023096593031, 0.3847652332800623, 0.37498312161160263, 0.3638862301416173, 0.3836589841695561]"
552,"[0.9378018585330162, 0.9380520136947275, 0.9401818014299804, 0.9458286514552966, 0.9505147897626041]","[-24.50067239772716, -23.068811612414034, -22.298021190063004, -22.186509438315422, -22.019136989480415]","[0.3791328791150893, 0.3694962820195477, 0.367437144984987, 0.3083804714957369, 0.32954960407858874]"
553,"[0.934393462022523, 0.9354211657374549, 0.9380053386002746, 0.945871855070168, 0.9536243616532836]","[-24.272873226212216, -22.890704400863726, -22.15898584124416, -22.07795015726043, -21.841512394600965]","[0.749368618510308, 0.6647295996984134, 0.627371116712782, 0.6660107418064528, 0.8066709878220231]"
554,"[0.92126493978568, 0.9233007857663783, 0.9265779355363428, 0.9422120096425516, 0.9488756700728409]","[-24.38963297977117, -22.873470891734076, -22.103587132093505, -22.145204606555193, -22.356112625294724]","[0.38495881603495213, 0.4620187890424213, 0.47044156649671526, 0.33425532788244045, 0.3202047047391235]"
555,"[0.9107378808311782, 0.9125555321124159, 0.916691161040547, 0.9323352480699565, 0.9400098723587318]","[-25.014327333242527, -23.530592214220853, -22.757380786461464, -22.726531813587414, -22.79234603046253]","[0.3556302792450606, 0.4215735656991205, 0.4682045487427312, 0.5112524850772553, 0.46601592106076545]"
556,"[0.9429178484572367, 0.9443554698316673, 0.9453149584566672, 0.9464676683600782, 0.947912772591639]","[-23.948904085287317, -22.566593771261847, -21.833492032970803, -21.7591915700799, -21.60124319254564]","[0.9071336216372445, 0.8573269734338983, 0.8323553487449575, 0.7614458086555679, 0.7492054159119216]"
557,"[0.9341339768956505, 0.9345059123736462, 0.9351926175289637, 0.9369122624272239, 0.9410337877001235]","[-24.397516226175146, -22.981837777882248, -22.24922839087154, -22.250389221171954, -22.217449386993962]","[0.3843947027646401, 0.4041113187174891, 0.41476445533632816, 0.4037445399255584, 0.37010677257912034]"
558,"[0.9443840677177034, 0.9462471877427717, 0.9474051123159216, 0.947955763239447, 0.9464276272761799]","[-24.16244812520822, -22.746521857264444, -22.003594576789137, -21.965192068009934, -21.91954418601144]","[0.38829267961300284, 0.3927486234495156, 0.40475112793099466, 0.44145477453048165, 0.41584569168502505]"
559,"[0.9449844132373982, 0.9461032271195107, 0.9463435700219579, 0.9470169430841566, 0.9491712564684588]","[-24.07702516861933, -22.641791218168464, -21.894900237203164, -21.844656084392547, -21.785589979403944]","[0.4449173497948595, 0.426552120939673, 0.4165179383839282, 0.41226935856826497, 0.44297779683860644]"
560,"[0.9451098090249919, 0.9473518394001694, 0.9484750001608065, 0.9487258894697175, 0.9463671619912457]","[-24.0109351730486, -22.56156326548915, -21.793493632186088, -21.648403058128824, -21.56900701320006]","[0.5635393634100133, 0.4638019263056255, 0.41912165159481457, 0.3928568341274752, 0.5091308437246884]"
561,"[0.9028069336344535, 0.9010706512660788, 0.9037452599379009, 0.9253670686384389, 0.9427493897118556]","[-24.614540389538046, -23.207141619514715, -22.44293482957152, -22.267264748680237, -22.092315051329578]","[0.30550065384247416, 0.31607496744884905, 0.35138654375377376, 0.4915381310000282, 0.5253066208477309]"
562,"[0.9338611810262853, 0.9348002159133696, 0.9359847684932983, 0.9405599070198579, 0.9433104601664312]","[-24.519950332857455, -23.096466097234504, -22.353129865115267, -22.3138191801722, -22.20774582666304]","[0.765775678959367, 0.7172653605906836, 0.6580349194801464, 0.6846697106214182, 0.7051699282611349]"
563,"[0.9069574149813164, 0.9051141702609053, 0.9083864479928158, 0.9258932128999714, 0.9384731253777985]","[-24.824169394946278, -23.379208666240885, -22.601081851404786, -22.473002005209047, -22.398341579498574]","[0.2890785224441416, 0.29797302545903603, 0.29012962719845325, 0.23372481799873668, 0.19829298581393873]"
564,"[0.9310675397232787, 0.9324914449888392, 0.9350007089363884, 0.9441435554818283, 0.9478631385301756]","[-24.417425867225433, -22.91866359189149, -22.164637008260918, -22.227005695951863, -22.39909483465852]","[0.13123218026422814, 0.14956851736896826, 0.15492061093230977, 0.14380148440164578, 0.13914450376054102]"
565,"[0.9304230917206222, 0.9309841653305126, 0.9321416460539379, 0.9365435387378743, 0.940616730588592]","[-24.520119392238268, -23.089190198958836, -22.367125644450184, -22.416030731337862, -22.39438460438941]","[0.5789138391337008, 0.49088644165081713, 0.4511006927083098, 0.4465989145086099, 0.5461008285716411]"
566,"[0.899837661545218, 0.9008474308992388, 0.9045053017607216, 0.9146623736655822, 0.9156413475716048]","[-23.66113568920838, -22.498404427716423, -21.77848799930153, -21.408989479168795, -21.217398751063648]","[0.5116138794915441, 0.43211111877242886, 0.36148321081391754, 0.3590279156525745, 0.44437997833338044]"
567,"[0.9188799044770838, 0.9201096840211406, 0.9254186985381455, 0.9453464617017798, 0.9493506008233938]","[-24.28525848178935, -22.865987441254703, -22.084860598933094, -21.925201604040918, -22.027806869672816]","[0.32114285846601853, 0.3318967088261194, 0.34652384849922246, 0.39964092308400834, 0.3755881460843585]"
568,"[0.9308522518007243, 0.9322790685371483, 0.9348704298474075, 0.9443688540778176, 0.9474186228878169]","[-24.35807482647045, -22.896569205085605, -22.15400761009989, -22.20192451467786, -22.308507309340754]","[0.42566477901377914, 0.40207993254201546, 0.3747093752215517, 0.3339608554119259, 0.33418158084407945]"
569,"[0.9190057638198782, 0.9192304133128132, 0.9220312994039436, 0.9359772553727917, 0.9409417244673355]","[-24.693784010864828, -23.252427700737993, -22.487711221500785, -22.365041358102296, -22.423147400080794]","[0.5443300165614137, 0.5030505055369212, 0.4856891329966505, 0.4716420410698258, 0.5223703154100413]"
570,"[0.9255331776937219, 0.9275690072591244, 0.9295725539392796, 0.9335598347545248, 0.9377700482733903]","[-24.854451178853893, -23.40155895375695, -22.65433773648119, -22.636326672819425, -22.5895471618104]","[0.3988229447512419, 0.37188620291420776, 0.360718464790927, 0.34194629720435077, 0.38050528818410495]"
571,"[0.920302387251447, 0.9200615130756955, 0.9211610906503264, 0.9287616300553561, 0.9375358947678267]","[-24.822216476504504, -23.354473909374757, -22.596878442587535, -22.55267817016022, -22.5865905151338]","[0.35111510056482453, 0.3711002669280997, 0.37324567840325307, 0.42163025227369477, 0.4294651323842938]"
572,"[0.927017174232742, 0.9264634471396483, 0.9278655338097467, 0.9344785537456199, 0.9397401663990788]","[-24.487775377250134, -23.08111745719836, -22.33161002360089, -22.203490478865117, -22.087922265325066]","[0.41283779599209297, 0.35175480232547196, 0.31338332730766005, 0.3882502474519955, 0.4905867011222932]"
573,"[0.9297000351256879, 0.9325744937590251, 0.9349240589648089, 0.9413170895441493, 0.943332473128265]","[-24.40055698558623, -22.946814411224732, -22.198406914215525, -22.166949246097364, -22.097449392815584]","[0.34980863454667105, 0.32388784151236844, 0.3240883156198197, 0.3294720956570054, 0.41554346712152496]"
574,"[0.9163193234854741, 0.9170758330318204, 0.9196196308925915, 0.9298345309415527, 0.9388151427802717]","[-24.81395386333911, -23.38438997752806, -22.63301569876053, -22.60833490927094, -22.487333626541787]","[0.28351448463421314, 0.33270249277806396, 0.3412494375425753, 0.2581984505626071, 0.15772944685935697]"
575,"[0.9172032770863487, 0.9182918716859488, 0.9205665309320156, 0.9304025190981398, 0.9372258245522035]","[-24.653390260548846, -23.21613252312581, -22.457922992227584, -22.35889914928488, -22.293642065026138]","[0.7402577613004339, 0.8129453137654418, 0.7967115883701142, 0.7333373873511732, 0.5948573542007909]"
576,"[0.9216977258139444, 0.922257956830031, 0.9252769534837724, 0.9393528574972275, 0.9479993070655379]","[-24.59335794044902, -23.124942862418358, -22.35154991174748, -22.263120645444822, -22.27478259149622]","[0.2586028526199387, 0.2774521831257514, 0.2886317040344913, 0.3064662759681882, 0.388985668185695]"
577,"[0.9324644122109316, 0.934651932667814, 0.9368608130433268, 0.9421248368312031, 0.94439900828594]","[-24.73263790511499, -23.24860310144691, -22.481482856501508, -22.423367004474144, -22.46331670646367]","[0.24462551242947872, 0.18805552603935619, 0.15558519221940934, 0.1547915070450841, 0.21957119900751104]"
578,"[0.902487134026564, 0.901858886381417, 0.9052907762233191, 0.9243418954078246, 0.9394512030507066]","[-24.630188393816393, -23.224823432892112, -22.475965275606868, -22.39703382888678, -22.318800194794655]","[0.2926933896145269, 0.33996505985378667, 0.3502309662017317, 0.39005984066042665, 0.4916271445807965]"
579,"[0.9138419256730458, 0.9155650701160674, 0.9184948519805733, 0.9303670619568566, 0.9354084749766587]","[-24.729452245334734, -23.27447377485273, -22.52514085359208, -22.511041325565053, -22.582243712841805]","[0.34382292083006727, 0.348613335407006, 0.3486570065879392, 0.3210130402040107, 0.33721263129037865]"
580,"[0.9165705886041279, 0.9175778143675367, 0.9201431536295193, 0.9302996502122711, 0.9339433022864827]","[-24.44986863934862, -22.984299483412983, -22.2149357776133, -22.144437666092557, -22.19641707892618]","[0.7437526516575506, 0.7092015959616135, 0.6867458284996184, 0.6971168542924587, 0.6918373100195641]"
581,"[0.9229386243395629, 0.9215332955825456, 0.9226223490565738, 0.9347724417193113, 0.9415248339424932]","[-24.42439652990727, -23.070579870951345, -22.340182028201898, -22.17382671911645, -22.04044654814103]","[0.814301014150459, 0.7668982674105992, 0.7533711608621592, 0.7686899389228234, 0.8240964224901683]"
582,"[0.9077431315133452, 0.9067133588379203, 0.90866770174079, 0.9140087249487756, 0.9182055340948841]","[-23.114489916112873, -21.705159386569473, -20.89289146573634, -20.544157189902645, -20.38394580851808]","[0.5101999525933886, 0.6185314971367901, 0.6443881616143504, 0.4930830185462195, 0.40922561595615287]"
583,"[0.9064476931692482, 0.9100657628524389, 0.9145645723848029, 0.9253711200441511, 0.9321323395289874]","[-24.616718345799928, -22.928960064271525, -21.981724164419013, -21.589780833105056, -21.827808745664257]","[0.2109900848605956, 0.22218631353518167, 0.25029905777919825, 0.2784178358219327, 0.2935752553938372]"
584,"[0.9087424682964356, 0.914586133061441, 0.9186555013985134, 0.9266271401082906, 0.9281760966060186]","[-24.94741865834386, -23.30874594958445, -22.395285432710267, -22.090598443216614, -22.435998917894572]","[0.3053452881936979, 0.32059471190111055, 0.31748050340880446, 0.28547639449494244, 0.2633768603179656]"
585,"[0.9209825173762058, 0.9222774977806818, 0.9263385712025892, 0.9399805404616135, 0.9415124327110397]","[-23.936340025158163, -22.576030011970253, -21.82775288696331, -21.7060126138094, -21.796863091270033]","[0.6146683209244291, 0.4878372579507583, 0.4268620989948221, 0.41096685807303385, 0.5389226842327876]"
586,"[0.9140766887506193, 0.9185876514798714, 0.9239942866932906, 0.9354624497655506, 0.937460237964373]","[-24.744247034146444, -23.269552351271294, -22.485135194142384, -22.426822367682202, -22.478971266638748]","[0.30201369091865554, 0.34208824394922527, 0.37241588016214006, 0.4225976224813423, 0.29190923634038224]"
587,"[0.9251264721066244, 0.9274910775823293, 0.9293703997374323, 0.9314483307708993, 0.9298431864837847]","[-24.587505387471083, -23.105486852628726, -22.344067349308915, -22.30991168907638, -22.32766830840437]","[0.33554562951774286, 0.35238200553508875, 0.35963123861988594, 0.33636873066163786, 0.2686849802219221]"
588,"[0.9317265955933314, 0.931187512299571, 0.9325874726630132, 0.9367229917758393, 0.9396645032175647]","[-24.425320926495864, -22.993844576737445, -22.264847909499338, -22.352659125384488, -22.448492748431526]","[0.31693266531685804, 0.3214614875569268, 0.3315450887852279, 0.32093047626308335, 0.2615545061354053]"
589,"[0.9047636809247402, 0.907038389225425, 0.9110398802873453, 0.926509524113002, 0.9315730429059629]","[-24.53228455190996, -23.081348867493432, -22.33587890576798, -22.3666269225576, -22.521554274199097]","[0.4894106460182791, 0.4569340118775669, 0.49650125662538497, 0.5826656669746936, 0.5365385324363477]"
590,"[0.9181844856247258, 0.920465481519075, 0.9230021229929539, 0.9331643629486575, 0.9403334634238755]","[-24.646555209484422, -23.21630428649704, -22.499421976709456, -22.55943266468489, -22.552269460254927]","[0.43812997996000225, 0.41154550759310665, 0.3855973946429881, 0.2983260561615406, 0.308160582354195]"
591,"[0.9146266051093392, 0.9171107303005211, 0.9207582374783544, 0.9343034543578358, 0.9428899799615773]","[-24.428737104284497, -22.954992151275054, -22.180355864694256, -22.112876191520865, -22.18384368323898]","[0.3745731110765797, 0.3534585790696699, 0.3571120909032909, 0.42610831581555186, 0.4744109139982697]"
592,"[0.9225214896453076, 0.9226478501245017, 0.9272271019988989, 0.9429820583559744, 0.9510305942542884]","[-24.303114415767226, -22.866001084726843, -22.105705149589298, -22.06546411336166, -22.092983348365923]","[0.28840702056834366, 0.3198249546780704, 0.3457143139002625, 0.39271536590525674, 0.32787957512845683]"
593,"[0.9303852987305482, 0.9283348759793982, 0.9301093846241857, 0.9378966138751789, 0.9447783636179445]","[-24.565072600089543, -23.15486898129066, -22.412683578738722, -22.3798555563225, -22.25960522811289]","[0.2509616216672174, 0.2669089219429351, 0.2772832844440954, 0.2574704132538875, 0.26944720808029216]"
594,"[0.8968769829216471, 0.8981620541551346, 0.9002163630603262, 0.9022748136237074, 0.9015796745429755]","[-23.236933056597344, -21.982946701707945, -21.294577995372226, -21.179552760776343, -21.030453422199262]","[0.5181121667654668, 0.5072236145042293, 0.501862440107566, 0.48917759935769894, 0.48414401096003346]"
595,"[0.917002154430143, 0.9203912773623094, 0.9246849214706254, 0.9384182846175322, 0.9406453572171428]","[-24.314004705648763, -22.86232242300174, -22.0764644148265, -21.943771912365683, -21.934958566716904]","[0.2163213260844775, 0.2644800285966368, 0.2866117404379102, 0.3291180880175031, 0.24400227712239056]"
596,"[0.9216373805338828, 0.9239013206421129, 0.9278894777948079, 0.9384210713350155, 0.9413059277954177]","[-24.736660884855006, -23.30302233857398, -22.550846772218883, -22.477085818488497, -22.448829055897967]","[0.191801430389335, 0.20732806911675, 0.21371030885763792, 0.24007396042774057, 0.19457868117374733]"
597,"[0.9114989605249733, 0.9106275706774469, 0.9129311797421582, 0.9270163852707684, 0.9402514037836328]","[-24.725601754274017, -23.330543030114125, -22.573021281358916, -22.43258670988627, -22.353813650163133]","[0.3396044424668794, 0.3201803928439919, 0.3031241477992683, 0.26873034495353015, 0.21120787896805457]"
598,"[0.9327449782039631, 0.9348279651949617, 0.9362340897667357, 0.9395711009239827, 0.9404274148251847]","[-24.68920051513582, -23.236935603357185, -22.47684457778142, -22.440094954559957, -22.480274263613943]","[0.2916078298310111, 0.3228082024305904, 0.3491855798293613, 0.39019733255192673, 0.3478934138480225]"
599,"[0.9165830050076585, 0.9182581849227466, 0.9213449624487244, 0.9313894081166405, 0.9349285517913141]","[-24.667037458378648, -23.235939993039228, -22.47592375691571, -22.411795101629767, -22.370133803481064]","[0.3658120585972838, 0.379203547214094, 0.3747138631290968, 0.3621511800594812, 0.3267863462083516]"
600,"[0.9159887179366224, 0.9164777430191812, 0.9189309263434172, 0.9264765112911632, 0.9275891700596094]","[-24.56094031688773, -23.13657229445751, -22.38493780530001, -22.300312165817633, -22.223152722810525]","[0.3985106012494545, 0.3719147759014413, 0.36404749673858294, 0.35054956747594157, 0.37076369623372396]"
601,"[0.9198301501844974, 0.9195061326824933, 0.9214917329153421, 0.9317159904275476, 0.9387469498653473]","[-24.32396967322605, -22.903560617521496, -22.140558749275872, -22.004561151303033, -21.913144953494886]","[0.8244109031847854, 0.8317924014004267, 0.8325047619942092, 0.877059410601394, 0.9252000519228392]"
602,"[0.9246109471830393, 0.9264053593554646, 0.93024032924741, 0.9383511605561339, 0.9412570604466213]","[-24.398577024694895, -22.988799781897892, -22.237817416559533, -22.12397705629431, -22.091403734658375]","[0.23870012603064392, 0.2483238939377832, 0.2443410746556404, 0.22975349218851995, 0.21141602772236545]"
603,"[0.9198266985655587, 0.9215602504945964, 0.9239594989850046, 0.9316749575025237, 0.9334019291218636]","[-24.845969210172957, -23.41862787204715, -22.669923036007745, -22.657569264614505, -22.70351562368951]","[0.2947475235311076, 0.30148836708986926, 0.29175473650153677, 0.33105925881415776, 0.2805276115889558]"
604,"[0.9200725375859079, 0.9200756881745912, 0.9214412449716216, 0.9287682495956022, 0.9344409030268643]","[-24.795831809221475, -23.381179969090127, -22.639734911370677, -22.627727005187488, -22.572286033263687]","[0.48140470768542754, 0.3789596265160019, 0.323507417300757, 0.28878987765659836, 0.3863294415417399]"
605,"[0.9231068259884252, 0.9242349627611822, 0.9287482459895657, 0.9424533455907133, 0.944149062711823]","[-24.191337175782227, -22.74738576960011, -21.94877717379541, -21.748169315134124, -21.76860381172713]","[0.4678458387680492, 0.47025126653406685, 0.47860234512379657, 0.5148401681440405, 0.5244908987135573]"
606,"[0.9069968466607626, 0.9080447615205907, 0.9126595190556208, 0.9295139177803127, 0.9369888575481058]","[-24.761786659883917, -23.375347022537984, -22.638776848622854, -22.598671476958724, -22.502108187492784]","[0.32858122522711586, 0.3755638598035867, 0.3970849949763941, 0.37567877514783504, 0.314804636861989]"
607,"[0.9184446195892927, 0.9209455514107784, 0.9242957067169708, 0.9350667196216871, 0.9373066168829702]","[-24.855146482049342, -23.370307514833577, -22.574654984464285, -22.4652197128911, -22.598366457404275]","[0.3161100118791849, 0.2984805610967282, 0.30687553081719793, 0.372022587121767, 0.4287303645631158]"
608,"[0.9250346304778707, 0.9247399986606656, 0.9280108379364872, 0.9417285656809516, 0.9478483786457321]","[-24.415131133595775, -23.017370185603735, -22.259394658629777, -22.1582673444303, -22.095730096684488]","[0.26602533599868494, 0.28246149233914436, 0.29213092100221594, 0.33439665825240505, 0.34885110915993645]"
609,"[0.9227788285357912, 0.9253228780182596, 0.9306750547888452, 0.9463383768989815, 0.9514016884375254]","[-24.538270158984382, -23.136356351417014, -22.367877984560792, -22.216983448961464, -22.130516970241555]","[0.3333564752687278, 0.37429326432849036, 0.37297073504994244, 0.28573543865273987, 0.36532858143235597]"
610,"[0.9217153191931334, 0.9231637225323922, 0.9276681330276433, 0.9422145260542646, 0.9487048029719538]","[-24.61218847537533, -23.187782267393054, -22.398117581243124, -22.235088991925412, -22.149177686837124]","[0.4769110339523323, 0.4380896048450523, 0.4267175715042868, 0.373925334714569, 0.4068216260059042]"
611,"[0.9230024177421952, 0.9259318190449413, 0.9298163378553658, 0.9420750626035017, 0.9457330570617902]","[-24.619202146903742, -23.12550695960873, -22.335009347268016, -22.24411843124433, -22.293183352008946]","[0.28894848230373066, 0.25061149056889037, 0.2634521359332574, 0.37994538120993593, 0.4293889754948147]"
612,"[0.9252955026748271, 0.9266746405259755, 0.9292886769468885, 0.9405327682422798, 0.9443558361782761]","[-24.5297634610508, -23.11111222514576, -22.362371511795043, -22.27264438311933, -22.229363946538566]","[0.33463174862877654, 0.36939268600687264, 0.3977760958656035, 0.41997075909551496, 0.32398157127226274]"
613,"[0.9110201022296227, 0.9130529296627315, 0.9179998378252828, 0.9343229429925021, 0.9385110479648845]","[-24.333472696178706, -22.94839319703362, -22.19194623011561, -22.039318375837478, -21.969774843530537]","[0.513933915110639, 0.47738989176549446, 0.4646673433863381, 0.5049945523690745, 0.5739341099097363]"
614,"[0.9101762339091399, 0.9118737794679715, 0.9160526853747911, 0.9308606731051511, 0.9362461369904356]","[-24.697494572966182, -23.356818379383064, -22.61558082081406, -22.43321592332722, -22.183830837631728]","[0.4615277869943956, 0.41731042631041754, 0.40509944331152953, 0.42896989645033384, 0.48905783058467817]"
615,"[0.9120601020734644, 0.91426750167717, 0.9197688712540268, 0.9377167818174769, 0.9421631290302797]","[-24.31280120542969, -22.910041732711914, -22.13590195585103, -21.929133411898114, -21.857588985244057]","[0.5939418915316242, 0.5692259974319731, 0.5717383718414742, 0.6456270187598151, 0.7374091007994976]"
616,"[0.9201216221675664, 0.9207824362746251, 0.9241018058860392, 0.9371281942894542, 0.9446382278042208]","[-24.69581592026071, -23.269762801327474, -22.488003824932786, -22.305407437698047, -22.217756579654733]","[0.2709436991960044, 0.275048957984586, 0.25427924715917244, 0.20330381325449565, 0.25692809938919664]"
617,"[0.9072192191850454, 0.9079734027568491, 0.9106000469448244, 0.9211847512345559, 0.9309830981812272]","[-24.79981234709643, -23.38288484809281, -22.616168280359577, -22.474418822521045, -22.368799742830184]","[0.4256021757109385, 0.4766169552888284, 0.49543511142255725, 0.4951740926395385, 0.5016103853594548]"
618,"[0.8983543250317693, 0.9007741664917707, 0.9047385224967718, 0.9148296470385818, 0.9171644642439677]","[-23.91962614888479, -22.47638450460004, -21.65957685187195, -21.442719248329535, -21.39902139834849]","[0.6874376064836504, 0.6459206457244835, 0.6556955503738747, 0.7278998192828116, 0.7002520922957228]"
619,"[0.9105901804190133, 0.9143904705212998, 0.9214130111869295, 0.9437524259804406, 0.9501027016665039]","[-24.581733033955963, -23.11369184856438, -22.296227882252445, -22.080556670944244, -22.22285554935594]","[0.23952946887313864, 0.2410975464337292, 0.2376414178385733, 0.2700769583217055, 0.2793407186380825]"
620,"[0.9189798986548398, 0.920485165742273, 0.9231380982904288, 0.9335867873827076, 0.9364578229551879]","[-24.738135583496803, -23.27292568977109, -22.508827665026423, -22.459492943025353, -22.518779473816704]","[0.5531971739040324, 0.5147491502159867, 0.4782565610240037, 0.4352655009071793, 0.47203726755364345]"
621,"[0.9248625702347429, 0.9253634618759149, 0.9273794244390705, 0.9377352003313578, 0.9424680755004631]","[-24.526536690050385, -23.097519677303925, -22.363461110522355, -22.39829556917672, -22.500736998042445]","[0.3380823041258501, 0.4173657969861755, 0.4561919806611731, 0.4697474719131366, 0.4460411132786211]"
622,"[0.928706347848493, 0.9303585412728119, 0.932618757992184, 0.9383285818250298, 0.9431831089125441]","[-24.562906976128215, -23.10961951931373, -22.349377540974917, -22.29909214123855, -22.303966829458886]","[0.3804480693269406, 0.37438715750322904, 0.35399702428874097, 0.262365970476601, 0.284986389076843]"
623,"[0.9168183842709385, 0.9190306561196104, 0.9235720802681092, 0.9371264471984312, 0.9458203260156288]","[-24.69483980010806, -23.211548719822098, -22.405461383728863, -22.239919255159954, -22.21968373686021]","[0.3616775701567811, 0.38613682010877376, 0.405638265834963, 0.4330754287195053, 0.45155248566604955]"
624,"[0.9136663541630446, 0.9181988061786515, 0.9241702002929802, 0.9433499714194009, 0.9487696210909271]","[-24.401895057496986, -22.88474852063235, -22.07568978595808, -21.936064790906034, -22.004580171795194]","[0.21373148269005215, 0.22522920564603643, 0.24050010909898661, 0.3085176013114104, 0.3354969350471474]"
625,"[0.9143433770507777, 0.914947450532709, 0.9183540576180319, 0.9373903203596222, 0.9437029403786014]","[-24.325779009994594, -22.955827501277753, -22.178408823189454, -21.92092042083803, -21.819085408659344]","[0.4193182751238461, 0.4088195884629275, 0.40055260147160066, 0.3920442380497298, 0.387473295588119]"
626,"[0.9310588927328894, 0.9334551697385808, 0.9357438927554211, 0.9429149399372873, 0.9453611973107784]","[-24.30954412540589, -22.831029755797086, -22.0703563881819, -22.07392203861594, -22.285701038010174]","[0.23275474425570666, 0.23065496222114937, 0.2355249094934469, 0.25506573977929936, 0.21222154923828757]"
627,"[0.9261911314710457, 0.9294759583544102, 0.9322039284595519, 0.9395285871350063, 0.9431715052185473]","[-24.523251942478932, -23.069696122669935, -22.319730265912625, -22.326281330302056, -22.34112353152595]","[0.3608354741094456, 0.3624206194553266, 0.3552595700079481, 0.32383569235697135, 0.2671017818942387]"
628,"[0.9242215705091217, 0.9273947635983897, 0.9306406913723445, 0.938830445044005, 0.9421310570371653]","[-24.46128156158799, -22.98484861335166, -22.24210673400293, -22.351130846949264, -22.41832414372995]","[0.2545180180693863, 0.24264698649607394, 0.24603142658252988, 0.291933780646541, 0.23853014671650608]"
629,"[0.9183882843716681, 0.9224807695213086, 0.9273193513781692, 0.9428595545569587, 0.9485945510652153]","[-24.26130394174891, -22.77930277111854, -22.011746427803235, -22.00557039674791, -22.071450471694213]","[0.4058339210556716, 0.42587272596267456, 0.41206265039853573, 0.37441206699325186, 0.3533057738994167]"
630,"[0.9040329893279778, 0.9044050446834632, 0.9081271919958922, 0.9260193634516235, 0.9306838626343635]","[-23.481125348880962, -22.25895206907009, -21.53266054770885, -21.13522429523949, -20.6911026577704]","[0.9035329838077651, 0.8085429973221728, 0.7774179736412005, 0.881287607204402, 1.0526770118317816]"
631,"[0.91452154856577, 0.9206311206298463, 0.9302131926544132, 0.9525786085756069, 0.9551302833931893]","[-24.652287214601014, -23.124261277584345, -22.219421626194006, -21.86158717633909, -22.015150270193775]","[0.4051068796835695, 0.39572227897252893, 0.3932461746999032, 0.3797878027377115, 0.3633769694863196]"
632,"[0.9238233892840932, 0.9282370818622075, 0.9331642679853233, 0.94675711292227, 0.9511948489629591]","[-24.53174452586107, -23.03650142270765, -22.20821166057245, -21.96373753403028, -21.948267746423355]","[0.23247584645905778, 0.2212758360762584, 0.21772460884937608, 0.2420821143670893, 0.2758163492110196]"
633,"[0.9390298088935854, 0.9409780307635495, 0.9438298986662058, 0.9523249959026185, 0.9546860751003047]","[-24.22082667523372, -22.748541000235203, -21.95207359743561, -21.79071378351983, -21.796329961447725]","[0.3016688785646302, 0.31524605795733, 0.3117122129812783, 0.29828313890723995, 0.3044393288173626]"
634,"[0.9143479565139735, 0.9166460184773353, 0.9199535514596062, 0.9318629572301413, 0.9336807682455486]","[-23.886649895004023, -22.43706136386737, -21.57901385378958, -20.9856224629941, -20.729757521031726]","[0.6404392696581428, 0.626871974623062, 0.6480748863606173, 0.7560302265990474, 0.8058618329334524]"
635,"[0.9403399690911666, 0.9419114290035512, 0.9439870482671785, 0.9513403529999936, 0.9532179647802831]","[-24.010133351009234, -22.4843522790315, -21.68973820286994, -21.615111359513467, -21.654367043517638]","[0.5448718713241001, 0.5049327163403734, 0.4855428384129111, 0.48432222323351704, 0.48222041230714474]"
636,"[0.9366686181783407, 0.939906592395975, 0.9432378699210694, 0.9508646072819271, 0.9508630333967389]","[-24.222537411830263, -22.666233255756723, -21.83677828428788, -21.659804552232433, -21.75120508331349]","[0.3154227872812449, 0.30707358214577246, 0.3736637476165011, 0.5366971491102097, 0.3090516150820983]"
637,"[0.9444031420253117, 0.9460466374301566, 0.947952835875719, 0.952347045939519, 0.9536216577647252]","[-23.9715361911609, -22.494271814206677, -21.697864992784503, -21.469486283666516, -21.488517027250055]","[0.3008353361492677, 0.2596082356084288, 0.24862019605956007, 0.33819652845456805, 0.384861502260443]"
638,"[0.9370249468633555, 0.9383199172567822, 0.9414008481091699, 0.9510001237697085, 0.9522987772795521]","[-24.23029734993143, -22.70937350890843, -21.885308610959274, -21.657101625838934, -21.691836956725275]","[0.14419723749112498, 0.13263578728709718, 0.13762579964649943, 0.17796677124532245, 0.21814409775135435]"
639,"[0.9425276882181831, 0.9438358016230561, 0.9458797437606155, 0.9502041304435402, 0.9503595210998482]","[-24.300723372739615, -22.8140082029335, -21.999469251364427, -21.788460083704848, -21.72516126201418]","[0.3266775305795986, 0.35290888618847893, 0.3629689630232155, 0.41567396639832843, 0.41075776243718937]"
640,"[0.9463436091715932, 0.9478864230164338, 0.9495305170053916, 0.9526794968469695, 0.9536874882019851]","[-23.971401950368538, -22.453882368484113, -21.65441927594958, -21.55492110863115, -21.58921848685599]","[0.29505928364747863, 0.27726556787820755, 0.2762359246256755, 0.2900465401476916, 0.3428988412210323]"
641,"[0.9431189258537465, 0.9443458647811467, 0.9456485271580354, 0.9484268181209378, 0.9510977902060607]","[-24.312224691835894, -22.812271826194035, -22.00494226835117, -21.854258001983528, -21.810506118362806]","[0.3610041610378968, 0.3614124345079336, 0.381212327598415, 0.40463522326709184, 0.4005421069565239]"
642,"[0.939879833855424, 0.9421605236150348, 0.9439794845708962, 0.9477690356940003, 0.9494426848791767]","[-24.328243001143306, -22.84828202907011, -22.0463010946373, -21.900999706846537, -21.858801921824885]","[0.28420679931207776, 0.31079308504607933, 0.3261996519139576, 0.33285498753049886, 0.3235424317035378]"
643,"[0.9404213767779382, 0.9425163065530963, 0.9443682928927881, 0.9485587802822526, 0.9506032511730722]","[-24.185624191764667, -22.691171585389302, -21.891599706623094, -21.76562458462883, -21.76031780079041]","[0.21965594283340933, 0.232289743358913, 0.2648572376355974, 0.39018527951302295, 0.4356342014064037]"
644,"[0.9417864324254289, 0.9436965029631451, 0.945980242488259, 0.9503010396067232, 0.9530181079550472]","[-24.353912463109758, -22.87714607012915, -22.06754661976278, -21.816744315682875, -21.715160343666472]","[0.2848566297025316, 0.28581673678613495, 0.2852125423669119, 0.3225692966707698, 0.33926166345840597]"
645,"[0.9451701728473222, 0.9465478178559702, 0.9480199278435643, 0.9519608793454248, 0.9531651029457344]","[-24.107015973036116, -22.633081932404753, -21.849133168514914, -21.749424413107167, -21.669753085216087]","[0.34644924893731016, 0.3437700183555369, 0.33923652187976344, 0.3465391481748124, 0.396501540091176]"
646,"[0.9434222370325721, 0.9446724084812329, 0.9458253611277999, 0.9488093253600128, 0.9494974094069847]","[-24.122649250012785, -22.65989758911879, -21.87274274417492, -21.717904004825332, -21.62343507998697]","[0.3231979153566692, 0.3469270354436098, 0.3430793170552773, 0.3075797324681402, 0.26522195204057575]"
647,"[0.9464515690445461, 0.9477993328852437, 0.9491365401284915, 0.9530389741563136, 0.955376376703729]","[-24.116980434542377, -22.611306626536745, -21.802842482914894, -21.63036481353572, -21.62405121210281]","[0.32877426154714073, 0.34406702930435185, 0.3596177253116658, 0.3387721329460143, 0.31429604410760775]"
648,"[0.9414801571735764, 0.9430209834061886, 0.9450658548781025, 0.9507945649385994, 0.9528534532711254]","[-23.985527064900953, -22.488630381392095, -21.704269933247087, -21.627466893199372, -21.622889366479757]","[0.510396192021674, 0.5133574457767688, 0.48509687878207103, 0.4256179820699597, 0.360998412080824]"
649,"[0.9460694259300082, 0.9475249155583109, 0.9491644386309239, 0.9515701984941756, 0.9520818415499614]","[-24.00006909237712, -22.48797065466064, -21.695316801017235, -21.60161369523529, -21.60508975515217]","[0.5129756989901465, 0.557692314398783, 0.5688605056308204, 0.5021551314225701, 0.37327473610926015]"
650,"[0.9453880656637778, 0.9483293211411885, 0.95049284651346, 0.9548041730522605, 0.9558940648702267]","[-24.118399530335118, -22.585446020395963, -21.76206334603882, -21.575520989466998, -21.573250779656973]","[0.212656201461229, 0.21226557094191467, 0.218870759234252, 0.27143827879480087, 0.23978869870626324]"
651,"[0.946661527286565, 0.9484988145179116, 0.9502952231796522, 0.9541934540557083, 0.9546503739246284]","[-24.18521602101721, -22.65324604795129, -21.830488293754748, -21.676262998183155, -21.70371320653912]","[0.32066447290618105, 0.3574661446490575, 0.36512237837220346, 0.352897673750396, 0.33851855535124803]"
652,"[0.9460030524761327, 0.9478280594995301, 0.9491565619863339, 0.9509254631786764, 0.9516881046877236]","[-24.176826338759724, -22.72017003396523, -21.93240486688119, -21.776439641122547, -21.668885168007627]","[0.17072602713088855, 0.17213918726233657, 0.1940204774904226, 0.3003474533277203, 0.3128200000856159]"
653,"[0.943890267052229, 0.9459061025564945, 0.9479740197014133, 0.9529723265662697, 0.9541810755644086]","[-24.14202112263884, -22.62319345542038, -21.7948149335275, -21.54142535728963, -21.496840467623485]","[0.4338939025958658, 0.41707096482056355, 0.4185367501784944, 0.44033889112353386, 0.4573801916992669]"
654,"[0.9481272364653043, 0.9489485262247181, 0.9500629041203714, 0.953812694784563, 0.9545811848273711]","[-24.011202127501786, -22.518534035482016, -21.71876275634052, -21.567018120092413, -21.505736172490433]","[0.35631324666207653, 0.3284819735693443, 0.3026213948584431, 0.27858776180786304, 0.33254896595620503]"
655,"[0.9467485603999529, 0.9487837085415753, 0.9500438279527308, 0.9528385315584491, 0.952926647114439]","[-23.95944274380754, -22.43730538175491, -21.63901297293361, -21.559180516927018, -21.6282877149719]","[0.340009646046647, 0.2920802616534566, 0.29678042404863214, 0.34555474881336873, 0.2903304881526696]"
656,"[0.9498510053408227, 0.9521981210721335, 0.9539712263822147, 0.9570798668209816, 0.9568969030794411]","[-23.84461355514045, -22.334544415302414, -21.533882657780865, -21.399377333621164, -21.42423728775236]","[0.24499994988297805, 0.23340404711988075, 0.2291834202123873, 0.2596394554417724, 0.35393402690240583]"
657,"[0.9437507667815113, 0.9463971061599092, 0.948790327331989, 0.9525040758479584, 0.9532289776602721]","[-24.226184815851617, -22.70801930720402, -21.902083276044515, -21.763408366308635, -21.70913154683313]","[0.17131540536315476, 0.1797396236106385, 0.1749959581823378, 0.1531954478926823, 0.12883293138866606]"
658,"[0.9457618622703595, 0.9471463555007119, 0.9482446245494619, 0.9517842107275469, 0.9542731626613147]","[-24.11944510143701, -22.581584604430873, -21.754184967322196, -21.56939666287752, -21.584004776763862]","[0.3051327317290712, 0.29451415065956654, 0.30536658003291645, 0.48993983368598854, 0.43550591465124205]"
659,"[0.9480718848951212, 0.9499450831757028, 0.9513371555373171, 0.9553050763430512, 0.9562277826321476]","[-23.889232416481747, -22.36236650198334, -21.54597918074667, -21.393956178719524, -21.420186615846244]","[0.39085170694947907, 0.41092229991987916, 0.41590823367238783, 0.37680575529400867, 0.357575634092374]"
660,"[0.9449234424505019, 0.9464853644549162, 0.9479998549452526, 0.9516534039549711, 0.9532429137570961]","[-24.068814860711008, -22.606235666264705, -21.816091432479904, -21.63863286723808, -21.559777559708422]","[0.3578208048513879, 0.3715980550631968, 0.34633398837959173, 0.3054116139190017, 0.35484730158849176]"
661,"[0.947022119457527, 0.9483796650226953, 0.950426339970362, 0.9556235493261697, 0.9583413840888855]","[-23.95672856723845, -22.390299309106815, -21.53347146947612, -21.232168660953448, -21.25860109654468]","[0.4581403521801314, 0.47336835791465137, 0.5102698993861602, 0.6171712097251442, 0.5605119819974662]"
662,"[0.9492754231697612, 0.9515158100776371, 0.953202136492907, 0.9579958374060249, 0.9601806271326278]","[-23.700358007730422, -22.19170422366725, -21.37969143835562, -21.17377012780821, -21.141127704531293]","[0.5005043436530275, 0.5044361094532691, 0.5171874208268472, 0.5784743658323994, 0.5452581224333725]"
663,"[0.9477007026962211, 0.9494955634080791, 0.9510924948933723, 0.9536960074002273, 0.95325779518596]","[-24.025401320297632, -22.52991444364967, -21.73062122235765, -21.5936754781251, -21.623276515591723]","[0.28211659442305104, 0.2895857168976634, 0.29917130909532125, 0.31122332822919085, 0.2746044232219722]"
664,"[0.9166127128638547, 0.9175999494228262, 0.9193913370074528, 0.9259268054297378, 0.9269184477948262]","[-22.942498137155226, -21.519032754556445, -20.72539925836456, -20.381094462485926, -20.14107736770029]","[0.7170095213374333, 0.7117825248326127, 0.7208541280948045, 0.8354525794707468, 1.0026291926600803]"
665,"[0.9053857824367916, 0.9074676834533021, 0.9125603586499489, 0.9256300484705163, 0.9244987438840379]","[-22.396054972074374, -21.272107077364527, -20.40091583979617, -19.555943100681304, -19.618239715111955]","[0.49978165780164546, 0.4396068635393912, 0.460680736512275, 0.5931034219684704, 0.4188713281124794]"
666,"[0.9116864818099989, 0.9155991160373088, 0.9229449332805569, 0.9414734392068997, 0.9423946523351118]","[-23.89463246802462, -22.639821406696843, -21.73455932596465, -21.04412494224723, -21.015821225023238]","[0.572315553679523, 0.4895843644779907, 0.5451914133314102, 0.6168234507914122, 0.6124070515271594]"
667,"[0.9195293795194505, 0.9236195217212628, 0.9303560704939231, 0.9513612306225805, 0.9564723926326621]","[-24.10122603272788, -22.660775536379926, -21.859842138972905, -21.61773274386142, -21.506623485362482]","[0.6491445586261649, 0.6169420497530764, 0.6049921960746073, 0.60155799851279, 0.6274305929429626]"
668,"[0.9377831334839161, 0.9404815806489318, 0.9436209688840347, 0.9511501603699781, 0.9509928598555012]","[-23.716657507233208, -22.300859940755068, -21.517405418594443, -21.309649291519683, -21.30006272236676]","[0.25949488257357917, 0.2915375062154764, 0.2992758507638303, 0.295940817227643, 0.3222277578764572]"
669,"[0.9196286435038825, 0.9231268206193581, 0.9294008177628592, 0.9498865375313512, 0.9564754184490537]","[-23.854198962037977, -22.340093011063086, -21.472663728301054, -21.08325691237363, -21.10549159387273]","[0.24091824820634497, 0.2177301897951211, 0.22375898390984977, 0.20362898736151044, 0.14174910483712364]"
670,"[0.9244187990411374, 0.9246828452635598, 0.9272439331971912, 0.9388479048144737, 0.946834553052063]","[-23.925714804708097, -22.457778865370727, -21.679368948501118, -21.573286721796173, -21.574311493851457]","[0.7442305941088, 0.7714829865846932, 0.7631260471873519, 0.6230505529487005, 0.45029545022724926]"
671,"[0.950525790152428, 0.9531306265772893, 0.9555702272492531, 0.9605679088120966, 0.9610650504128878]","[-23.535204493397554, -21.961320186077163, -21.133349050067128, -20.99886648139047, -21.180367500785238]","[0.4828127409982606, 0.49897225938919865, 0.5095124413275031, 0.5403097118772411, 0.5527043261021193]"
672,"[0.9520247251199744, 0.954178052974856, 0.9562651107895994, 0.9625250497322774, 0.9648588563627462]","[-23.41464864729376, -21.902551221692754, -21.06747530658396, -20.76708664396741, -20.763955565841997]","[0.46903357779123295, 0.4560255339646854, 0.4475979865451769, 0.4751056749854235, 0.5494100176063621]"
673,"[0.9393741369506285, 0.9428244007174572, 0.9466079417689143, 0.9561707858801891, 0.9593848215938818]","[-23.52623382405351, -21.953617784531904, -21.102211306482708, -20.8592399975873, -20.904452726426406]","[0.6703274987719307, 0.7174683043602926, 0.7295135702019026, 0.7194553172591374, 0.6538814309837442]"
674,"[0.9449671318248525, 0.947273589406556, 0.9490279863347757, 0.9558135096032427, 0.9599863538434067]","[-24.314056476038786, -22.832762368734453, -22.008220046068374, -21.744574009120715, -21.58663123524153]","[0.34885459483918246, 0.32348705167523856, 0.3129598605525106, 0.2756688948301831, 0.3517503234788144]"
675,"[0.9227456860549011, 0.9230748117585812, 0.9281586883034924, 0.9438506614960491, 0.9453762018045324]","[-23.30552703056839, -21.92494376929239, -21.1353041429528, -20.831280279292823, -20.714309717488817]","[0.3308041246474153, 0.30050825483413013, 0.28922476961982974, 0.3173957664722788, 0.3589212481149945]"
676,"[0.9069214881234138, 0.9108073008739429, 0.9195051557646632, 0.9450968772428975, 0.9522492382951996]","[-24.47922803124442, -23.023267022596404, -22.17127473267572, -21.815774009280698, -21.79474850392129]","[0.31815023558439537, 0.35413531000097126, 0.36123841887326896, 0.3626586373803225, 0.27998140970862656]"
677,"[0.9272162337952148, 0.9305082155296448, 0.9359801121378806, 0.9519494947183725, 0.958993024927304]","[-24.25642424602541, -22.784100911127837, -21.952766941171657, -21.673021627914203, -21.57813575542889]","[0.339661787993524, 0.341752273455929, 0.3439544874725335, 0.39660098873024535, 0.43183132300733496]"
678,"[0.9455528254884547, 0.9471698707205948, 0.9495019580601265, 0.9576953017325994, 0.9610422879059435]","[-24.07053940969193, -22.60492131517245, -21.792382943140435, -21.531780983856624, -21.399034524992057]","[0.3118637086293994, 0.35509530571688225, 0.36591259261958836, 0.34077481802514825, 0.27104700581847296]"
679,"[0.9508692846073913, 0.9525788673025216, 0.9539875214343474, 0.9594324798386934, 0.9621976399394738]","[-23.472056033480136, -22.027519343471933, -21.25106460605875, -21.111006804849815, -21.087985918296567]","[0.27399954474448435, 0.3276486006803596, 0.3697445486116941, 0.4318213847829899, 0.3854414591535825]"
680,"[0.9376455224182986, 0.9384457759117145, 0.9411639776212187, 0.9506995006467849, 0.9552199126956162]","[-23.576480639357925, -22.15558706481912, -21.369671647253536, -21.09420209815467, -20.970844508999054]","[0.12088130671895522, 0.12318783661624981, 0.12491529750338747, 0.1196531154079773, 0.13706461656494476]"
681,"[0.9476509378120509, 0.948947058624586, 0.9512193314478529, 0.9550355796988426, 0.9576026005913638]","[-24.06535434765528, -22.513838860069516, -21.6794826340916, -21.52002452341579, -21.55892896065171]","[0.23825279983896142, 0.2350600813117674, 0.2347956817108152, 0.20827728730427833, 0.217289753197811]"
682,"[0.9543282810872825, 0.9557539590245782, 0.9569190363518508, 0.9605789204462039, 0.9628823858047642]","[-23.880299795897628, -22.33460828279583, -21.498843399419084, -21.28892836648189, -21.344916927011955]","[0.4126560559576636, 0.4122024507965698, 0.4294015214458913, 0.5411666718343904, 0.4628857890618446]"
683,"[0.9525042247462121, 0.9537504542604363, 0.9559331986944416, 0.9606726487115342, 0.9644275841024045]","[-23.58589665125369, -22.0527043135716, -21.217803120646323, -20.95881975485121, -20.940160835426724]","[0.28075800191258066, 0.2554714858683358, 0.25270502673085493, 0.3085195103381988, 0.30656899281342237]"
684,"[0.9525288215114321, 0.9536194459277142, 0.9550942089920424, 0.9619649644425716, 0.9656537240169873]","[-23.973612826881034, -22.464396511091934, -21.651089418915856, -21.45938773286812, -21.45567829193117]","[0.25113789244875084, 0.22730136447393823, 0.2251981094990823, 0.22922809431622035, 0.24590971807694625]"
685,"[0.9510629711989756, 0.9503655430665852, 0.9511871887640313, 0.9562039951387391, 0.9602921202130286]","[-24.23564820560347, -22.77267371413772, -21.97297375336772, -21.77569726471473, -21.627438953283576]","[0.30812515054628153, 0.3325373077685548, 0.3234374133484584, 0.27917352221044556, 0.25070376153168966]"
686,"[0.9494917031631804, 0.9495041992975641, 0.9507789456504404, 0.9558292734348609, 0.9592341597812623]","[-23.82122821133374, -22.33693153165646, -21.545297717184056, -21.421342346023792, -21.369670619211636]","[0.40335519372778816, 0.47909267130912225, 0.4987589441807242, 0.4896261852414192, 0.45823731854062155]"
687,"[0.9523660013847977, 0.9544660256120837, 0.9562447516989564, 0.9592489353244164, 0.9611759471324133]","[-24.08607482057628, -22.48769843478233, -21.637564419788667, -21.455615179821294, -21.49444494251169]","[0.3418611246510917, 0.4020300489792264, 0.390062790776174, 0.2638667470578877, 0.195597180413468]"
688,"[0.9507616834047734, 0.9530238041038179, 0.9553479318378473, 0.961437888052423, 0.9642703406354738]","[-23.715645159860085, -22.16742150889818, -21.347271907279094, -21.186214355964726, -21.242206108324705]","[0.5400252104572272, 0.5377074106212639, 0.5391605066532905, 0.4910911045784034, 0.4559756044509569]"
689,"[0.9521185894412191, 0.953208700995633, 0.9553933527273688, 0.9606751728167021, 0.9632268016638935]","[-24.01382211995218, -22.567897090087015, -21.763913157282147, -21.508539210674666, -21.367494509602007]","[0.2753555104677933, 0.2799631692036398, 0.26540062092941064, 0.2478608480790145, 0.25571103036343695]"
690,"[0.9546519650124006, 0.9571375974623679, 0.9590683352450216, 0.9626177479577452, 0.9649399838502214]","[-23.52134391658546, -21.99621955404876, -21.183542540523344, -21.062301079922538, -21.154741894396224]","[0.6886843718761203, 0.6071645650338331, 0.5779280082212532, 0.6120707547480948, 0.6341544367981035]"
691,"[0.955967732948379, 0.9568378948162878, 0.9582808308223323, 0.962153167161977, 0.9640200579058515]","[-23.691347038124125, -22.202945330008063, -21.406438098951796, -21.277381985525636, -21.252742186638095]","[0.33062159779172756, 0.37059190575219225, 0.3708732736354769, 0.2887599358639188, 0.327320950124886]"
692,"[0.9540202874874338, 0.9555894126968485, 0.9571121468677632, 0.9604384046641729, 0.9620688654532998]","[-23.904454258202044, -22.38991462325216, -21.575532005787807, -21.433463575398132, -21.427444464295988]","[0.3838054714226203, 0.4387725047857677, 0.422028241421206, 0.36610223112309315, 0.3744381128717601]"
693,"[0.9548850316900765, 0.9554736192864559, 0.9563201613717681, 0.9591432295876658, 0.9623499973522939]","[-23.92862072412941, -22.421925130824157, -21.610141648140267, -21.431984656472395, -21.380739725212592]","[0.3492230546563135, 0.33889091747558064, 0.3354227122928314, 0.3471868253619843, 0.34638345982859575]"
694,"[0.956763486274387, 0.9579940138305563, 0.9594259919581418, 0.9645701522074264, 0.9682315459184739]","[-23.96546022989514, -22.432058031322676, -21.591148001351712, -21.316948470278035, -21.245874982140105]","[0.3007107012064131, 0.35901056187462305, 0.40701557042043907, 0.5280394859373191, 0.5214473534777853]"
695,"[0.9550171289597592, 0.9553430522394428, 0.9565882641413059, 0.9617313166864854, 0.9639642978819666]","[-23.889373608931695, -22.42294461726288, -21.631275117289892, -21.45331564019794, -21.35690256924609]","[0.5523858473643274, 0.5250290662957673, 0.5223321740084744, 0.5604111358992178, 0.6548321733598995]"
696,"[0.9514724709339515, 0.9525518489106487, 0.9537430986804669, 0.9587763335318782, 0.9626101544199207]","[-24.073287648636757, -22.578562856440513, -21.770963705492058, -21.585696322620002, -21.51919550739717]","[0.34748593569465575, 0.33976618372684764, 0.3323435775271398, 0.2773596184902452, 0.2463249472113481]"
697,"[0.954240905049467, 0.9549356849938448, 0.9562896327464302, 0.9597208450319088, 0.9625959053582062]","[-23.836527418392606, -22.338407096036082, -21.5386735413145, -21.398722437021743, -21.367121870112214]","[0.4327894884958784, 0.41114647625526096, 0.39185809936298893, 0.34308468460147323, 0.2973192416501074]"
698,"[0.9560869910363387, 0.9572253977584694, 0.9585666426144902, 0.9638675452723683, 0.9669478690589366]","[-23.908262091492613, -22.39433529883647, -21.566122005731295, -21.339702051955165, -21.305107318732215]","[0.22956082598221686, 0.2806594282672675, 0.31325946707881963, 0.2692441688789504, 0.16153237164331755]"
699,"[0.9553332697367836, 0.9562304357054235, 0.9572349130349656, 0.960360096218413, 0.9618042521454024]","[-23.806795740532156, -22.26668914369367, -21.449028063451376, -21.30434907512316, -21.325041315651664]","[0.5430982788567914, 0.6190832737150673, 0.5796288706898267, 0.4485146139995725, 0.3755257622908382]"
700,"[0.9574050820366754, 0.9583692784615869, 0.9593280543384173, 0.9617777943401596, 0.9644412134001843]","[-23.47831028109382, -21.94863902312103, -21.15655852321943, -21.112297011542648, -21.23608617454425]","[0.40524694036168213, 0.4502919714645376, 0.4724475221004332, 0.4768313444562227, 0.3861539540024412]"
701,"[0.9539537222535978, 0.9545113431496199, 0.9557938895461398, 0.9598301005752091, 0.9625342827100604]","[-23.74366565368096, -22.198369102342212, -21.38408984758958, -21.278626674964492, -21.36948713341306]","[0.30664664218135196, 0.2781666892236577, 0.26818032734612124, 0.2557716724901634, 0.2581527746116941]"
702,"[0.9534923008208643, 0.9550716793107261, 0.9562325599101712, 0.959601170047003, 0.96237148829597]","[-23.868817551402874, -22.35589088678297, -21.53435120379111, -21.34286570576783, -21.281071475735484]","[0.4050319329599536, 0.45107360180150063, 0.46566311285563167, 0.45636545186295663, 0.4737727825463506]"
703,"[0.958867468691296, 0.9576816649792321, 0.9583773589048281, 0.9629683658094261, 0.9670581583567691]","[-23.649434262707963, -22.043257222544515, -21.15066982560243, -20.79185321132084, -20.835118072034916]","[0.5330946333147714, 0.5081943308605317, 0.4832388075128132, 0.4431561282348217, 0.4568630399460731]"
704,"[0.9549134449035923, 0.9560693648986462, 0.9580273831654006, 0.9623653287555931, 0.9660262041261614]","[-23.58254111349947, -22.027969580960598, -21.2069948084661, -21.071129618305537, -21.12821254144947]","[0.6280628022795733, 0.659864924603353, 0.6762115823201483, 0.6818584912157152, 0.6063986760953193]"
705,"[0.9569041655590843, 0.9571288443879099, 0.9579993244435122, 0.9611182882131849, 0.9639282145830363]","[-23.80412881777282, -22.309351202971133, -21.51528378794345, -21.40272934854228, -21.3831269160684]","[0.2750642664470306, 0.30425761225895315, 0.30613251548376363, 0.322623473529993, 0.2618838781373528]"
706,"[0.958381380570749, 0.9589326952799575, 0.9595042617260835, 0.9615318240019876, 0.9646091997818987]","[-23.680516252390714, -22.194585595757854, -21.403311056037122, -21.264232870960843, -21.246043557933465]","[0.5048587293810853, 0.46895602159769106, 0.457268174960587, 0.3091420540020491, 0.2364082981924114]"
707,"[0.9572694818469377, 0.9582807578668114, 0.9590305335231606, 0.9618348040978741, 0.964609968808403]","[-23.825804110881933, -22.335288970109087, -21.537839258005008, -21.39226804617224, -21.309115970997482]","[0.25419630071268395, 0.27273582550374526, 0.24938134235399084, 0.23871179977380672, 0.2738150304858661]"
708,"[0.9553872092975214, 0.9561125983939044, 0.9572951842594886, 0.9614535504808605, 0.9643139861557477]","[-23.78523617239259, -22.235788997712607, -21.413209572584844, -21.2583145093378, -21.286333469500804]","[0.1917544952386915, 0.2097014125083592, 0.21268501661310688, 0.20899843424346445, 0.1959758409501649]"
709,"[0.9561117473672216, 0.9568443750636328, 0.9580665861717274, 0.9619943091529901, 0.9646768176296344]","[-23.78890748824632, -22.315163890273265, -21.52324089510419, -21.38039310199148, -21.266694402485502]","[0.35701187003891627, 0.3531787259093644, 0.3551068996388513, 0.3288334593766776, 0.4229930004450417]"
710,"[0.9540899263227176, 0.9543764892541006, 0.9557377682310545, 0.9593436086472861, 0.9619957200151895]","[-23.103967817395404, -21.557356324131057, -20.735155692485524, -20.56773924579291, -20.653682727312717]","[0.26445560510456273, 0.28689175606350276, 0.29164154496233974, 0.2702617893656058, 0.23837353023070135]"
711,"[0.9215658823444659, 0.9226235819436801, 0.9263907653891235, 0.9391488972320526, 0.9393618571055016]","[-22.819916165953718, -21.45101313920764, -20.678037918144533, -20.40362669566599, -20.29596462564336]","[0.5259079140272135, 0.4979782196049135, 0.49820389075483534, 0.6013824786187802, 0.46956355095835617]"
712,"[0.9301295278694708, 0.9325206160064815, 0.9389473593091032, 0.9544012494315429, 0.9558090954952602]","[-23.337599846121375, -21.918360347505672, -21.1037185597843, -20.760885331895384, -20.698666006869388]","[0.21327045704159694, 0.1914926853903759, 0.17597338439875337, 0.13858650199450412, 0.14274292941571454]"
713,"[0.9173686274278812, 0.9226285371029289, 0.9288310123191196, 0.9447627324966226, 0.9474267544307633]","[-24.296368933368218, -22.79218363000828, -21.927144857269184, -21.573533171578248, -21.562171833016304]","[0.2935216542721614, 0.2501176318063949, 0.2705767068770625, 0.37133054355897593, 0.4309768462308416]"
714,"[0.9021051437403096, 0.903531148254373, 0.9096382526160074, 0.9267988390304299, 0.928237469220901]","[-22.131504122874535, -21.143161382159267, -20.254066884756206, -19.542222310289578, -19.68448730113843]","[0.7749868143063927, 0.7589679000929105, 0.7985269445035141, 0.8810227726635643, 0.7090941125770348]"
715,"[0.9182643664303116, 0.91978177745524, 0.924509709512207, 0.9394670461390585, 0.9431902292191331]","[-23.200118554360873, -21.760608363692924, -20.95523715006205, -20.709993836723648, -20.56295251163504]","[0.5092652079465956, 0.5617878540197766, 0.5867403860254607, 0.5221274013375117, 0.45812167952852234]"
716,"[0.9229843716850604, 0.9252935860198859, 0.931029249823234, 0.9497963591540737, 0.9513538960301403]","[-23.432724494641338, -22.272790000504546, -21.2314506146837, -20.214914061366667, -20.411160544636974]","[0.6121349215792863, 0.3967246888816031, 0.625593020498898, 0.946842090344755, 0.8649697750921369]"
717,"[0.9320878276029948, 0.9343742405732894, 0.9409639065968748, 0.9567654811820255, 0.9565007478494298]","[-24.063264337270898, -22.630152211331005, -21.7729252086604, -21.331233808993016, -21.281914722851695]","[0.28147271830470105, 0.28970628613872973, 0.29679264492558005, 0.31153131701705244, 0.3152870349773138]"
718,"[0.9242367673300869, 0.9272722237774768, 0.9320153494242259, 0.9404230059235443, 0.9423042540464938]","[-23.976577364322374, -22.520790392071, -21.688437340565688, -21.40009463659274, -21.275971500781303]","[0.1349929011934597, 0.1378925015285316, 0.14416798082191754, 0.16376809727312713, 0.14630572620189092]"
719,"[0.9030732513551174, 0.9085181269453991, 0.916256269756689, 0.9350208436605512, 0.9427145862403887]","[-24.564768835535517, -23.115299236934007, -22.298915052832896, -22.03983540598899, -21.84020551427073]","[0.4538522342122555, 0.41333711475676516, 0.4221675802567653, 0.4945573429490232, 0.6587377264177774]"
720,"[0.921677880126654, 0.9262606505123828, 0.932247923307663, 0.9493367095818934, 0.9529192033736071]","[-24.138311215935147, -22.661828314202594, -21.849202944981993, -21.615933243248712, -21.566875591386086]","[0.4154391474852105, 0.44161954489476857, 0.4682138081107665, 0.5075612739301892, 0.44309894915436004]"
721,"[0.9260958655203713, 0.9290876366034296, 0.9343282775721413, 0.9490602757024867, 0.9512574728417341]","[-24.152716388532173, -22.67165712420053, -21.856572460120056, -21.64178908835257, -21.694869016027774]","[0.47552231677539325, 0.46591016396803947, 0.4612068454280864, 0.44842572964408917, 0.3963700407866188]"
722,"[0.9217708993451982, 0.9278860173863918, 0.9343201444381997, 0.9483352261084996, 0.9503235192782334]","[-24.030649645444583, -22.522491361144354, -21.699453570027142, -21.4640059966753, -21.423177296185663]","[0.3733178093668526, 0.3521077947240711, 0.37567210206058377, 0.4226663581137334, 0.43858291131912525]"
723,"[0.9064447978335032, 0.910432816532841, 0.916624604228519, 0.9380441594413906, 0.9460873029817128]","[-24.49225618042166, -23.055590675801373, -22.23757518434371, -21.979838333631847, -21.87828111850751]","[0.2899806414759304, 0.2933167932484594, 0.2774926749229213, 0.2273315941518561, 0.21499135093618252]"
724,"[0.930362716855731, 0.9321751319060019, 0.9352381619335207, 0.9453779855025134, 0.9476733198536361]","[-24.25532484886051, -22.826483751243845, -22.07497969587608, -21.992768531231633, -21.862266319432198]","[0.3111149707491112, 0.33640095288060545, 0.3411533223666834, 0.3958615762056514, 0.4683004955518539]"
725,"[0.937204504965711, 0.9373465564014084, 0.9393299410270185, 0.9439614055112603, 0.9498007147272302]","[-24.37825922088243, -22.94015525185373, -22.175193052506035, -22.135554798629848, -21.975369319187998]","[0.3906545241847312, 0.39302361633955374, 0.3700633420473554, 0.3766600901993357, 0.5087485781944058]"
726,"[0.9235210630080732, 0.9233734026772662, 0.9258071218384051, 0.9365806055898296, 0.944881522737728]","[-24.459266179796415, -23.028333423948574, -22.265476229789176, -22.19299143187567, -22.108715309409156]","[0.2719212841103929, 0.2984143804385162, 0.2908952388631219, 0.2918339909651142, 0.2756524282260951]"
727,"[0.9256771299012879, 0.9273444401756696, 0.9318749782035205, 0.9463122793537528, 0.9512474389937432]","[-24.293258538103718, -22.8870603058203, -22.11994128891163, -21.98540976797786, -21.903539192041897]","[0.3010424732932075, 0.28710805112931653, 0.2674922084248509, 0.2739255093583153, 0.27478808140550376]"
728,"[0.9283097237985957, 0.9297177941522252, 0.9332790061003742, 0.9429400956268216, 0.948391390973538]","[-24.529978692530314, -23.158723646259972, -22.412445753655323, -22.30193479271437, -22.081085577919268]","[0.4851627196812298, 0.49642193591152245, 0.48773275904201335, 0.5175978617741589, 0.5006235948574782]"
729,"[0.9315461654949903, 0.9325898520538156, 0.936982421633896, 0.9489644323591714, 0.9518625675555105]","[-24.36120538337618, -22.960869101200434, -22.176659597902503, -21.96042650464727, -21.850869943152276]","[0.2565758963926338, 0.2830882627768889, 0.2747086738991541, 0.26460890366249623, 0.20528656091940456]"
730,"[0.9354969239451657, 0.9386131060876295, 0.9425576741760534, 0.9499759352880848, 0.9540115288033294]","[-24.197688468963793, -22.758230400671746, -22.00275030678707, -21.93951527536857, -21.84061541002701]","[0.6073012159401283, 0.6003099424694573, 0.6115534039934775, 0.6511937574858678, 0.6775779897205574]"
731,"[0.934960301329732, 0.9364824948568601, 0.9377607928882639, 0.9403562191900158, 0.9426804367941326]","[-24.67855590994462, -23.253948989331626, -22.50558280605892, -22.46604218196181, -22.346844319734554]","[0.3251738094597909, 0.30863940846913185, 0.29650550654309693, 0.28331160738507344, 0.2999176856782294]"
732,"[0.9273435660203025, 0.9277905385224726, 0.9316573217566645, 0.9417797340892493, 0.9436589293836332]","[-24.404805036730387, -22.96309180084035, -22.14619361202546, -21.865366152358348, -21.89018309260731]","[0.2714247239947487, 0.3017573744886479, 0.32295965233549334, 0.40042495805745676, 0.30275918720088957]"
733,"[0.9186810227546518, 0.9201586145291558, 0.9242414113838889, 0.9375205625555463, 0.9431485558894763]","[-24.676115184778507, -23.246945814042043, -22.483946443642477, -22.355230000088863, -22.2401585362718]","[0.33749944476320387, 0.3461671465073808, 0.3791608051981349, 0.5358151726013963, 0.6162551985700276]"
734,"[0.9426589172189963, 0.9448361072916839, 0.9459739897239177, 0.9490792878798172, 0.9491970650951543]","[-24.29896377472995, -22.867062745392513, -22.12697841515489, -22.0983551423968, -22.084942869973883]","[0.2763404607439084, 0.28389673618223177, 0.294269065740086, 0.34448923476054405, 0.3698183183236579]"
735,"[0.9391410420087398, 0.9400313743877979, 0.9409627035928554, 0.9453920359141735, 0.948438172018744]","[-24.35528749877457, -22.944100135155256, -22.191652857909233, -22.09067235727243, -21.980740906479628]","[0.2795928075937995, 0.25784399664659635, 0.25297646678852087, 0.2818306968922092, 0.3393470007300708]"
736,"[0.9406591459422112, 0.9436166997621798, 0.9458242006120615, 0.951427532388133, 0.952431174565317]","[-24.082153485591075, -22.608880231970954, -21.846493008836045, -21.798089284982286, -21.807470586249757]","[0.45653934007206254, 0.4569958567412182, 0.4564052422510452, 0.4019547947376603, 0.2534600122753529]"
737,"[0.9230495916192832, 0.9242683650484751, 0.9272161256354028, 0.9403468217463842, 0.9460655454307377]","[-24.257131482232587, -22.862720519992617, -22.11985075924454, -22.006102547426934, -21.908090539146382]","[0.21594271783101743, 0.24862754182551083, 0.27047294863902044, 0.27595950422726123, 0.23985687864995614]"
738,"[0.9353816242077899, 0.9350732062838549, 0.9359993693013321, 0.9429323999896331, 0.9471483184519265]","[-24.06104207687842, -22.673913434275708, -21.96422982017397, -21.996422171678805, -21.98092629381303]","[0.46006939210409725, 0.40777812873853714, 0.41049091119443093, 0.45376249629889054, 0.5191380781693156]"
739,"[0.9366564001516838, 0.9376835954105631, 0.9388534445173201, 0.9421272194548285, 0.9415629580398266]","[-24.242161144099327, -22.872437388501943, -22.168931365801352, -22.210378045153814, -22.072464767910198]","[0.33511057655697857, 0.321604200674643, 0.3111814308913079, 0.3020865975662982, 0.3871207104808902]"
740,"[0.929087725071586, 0.9301250329866999, 0.9321207420672739, 0.9415576743174745, 0.9489776389004452]","[-24.61007189043718, -23.179753028015423, -22.438104142922143, -22.40473542203517, -22.36682257728627]","[0.20135854518161692, 0.18648933105222387, 0.17998913208500342, 0.17812268481139282, 0.20843825565480956]"
741,"[0.9248642130978035, 0.9253171420241313, 0.9282422498800967, 0.9430232657667474, 0.9503256246657013]","[-24.176252738096366, -22.773450820664515, -22.01428056644576, -21.86147611508434, -21.717140381536847]","[0.5186797688703445, 0.49516257075895237, 0.4977482504723999, 0.5555256046752773, 0.6200218865125781]"
742,"[0.9245805077058307, 0.9263542154485906, 0.9284634389897259, 0.9318689951377401, 0.9325891903891845]","[-24.648423691023226, -23.198691608697775, -22.441991342238143, -22.38214179641202, -22.396809378856023]","[0.2900712742550371, 0.2934893999250251, 0.2982478620666363, 0.3098124716509806, 0.43162932960070693]"
743,"[0.9352716266703993, 0.935933417650061, 0.9370536341552598, 0.9402552707832992, 0.9425236230756148]","[-24.489795030147008, -23.080001770011165, -22.34430165142912, -22.267361380576407, -22.150876967105898]","[0.360515916193608, 0.3490572769775684, 0.34250957771603985, 0.3798162315566068, 0.47205734229556107]"
744,"[0.9385806067856577, 0.937726438688274, 0.9370027627173098, 0.936164012331462, 0.9419766673901961]","[-24.42237945283416, -23.00300678022392, -22.262495076949232, -22.19914532057688, -22.056346867907703]","[0.5267905487355117, 0.4571776759959126, 0.43070259864807864, 0.42867176115829897, 0.48946745450527307]"
745,"[0.9067766764505886, 0.9087596709845324, 0.9129793943258587, 0.9302670284087754, 0.9421178511278745]","[-24.782738718284616, -23.31504440075963, -22.54318623650192, -22.50205065181978, -22.330575052775135]","[0.405384307443903, 0.48980588957360083, 0.5352552750129435, 0.5342356850535787, 0.7017282693566931]"
746,"[0.9305511886295987, 0.9326571512177011, 0.9354525836178583, 0.9405532906549774, 0.943259649833103]","[-24.315458560116987, -22.901954538176735, -22.145503209489583, -22.005356032566436, -21.80841898262312]","[0.8218753757063344, 0.8508624930443153, 0.8267190482583888, 0.7988676330237369, 0.7520461458302473]"
747,"[0.921387254714146, 0.9233995670103471, 0.9259997594655485, 0.9365031369247495, 0.9427310647786218]","[-24.63983597942582, -23.18083430605553, -22.43169706568479, -22.424093109501182, -22.44377739423873]","[0.5693252565383135, 0.5695357174356813, 0.5514778453718572, 0.4922268528137969, 0.4808461800026111]"
748,"[0.933979477066401, 0.9361408515019272, 0.9385284049947002, 0.944930711820415, 0.9456363122894531]","[-24.18600732504366, -22.722423321553972, -21.974837244343753, -21.999759095930344, -22.012449856020464]","[0.4257425637502033, 0.4181534429937715, 0.4188929125356345, 0.4541423595459825, 0.5301978103376362]"
749,"[0.9349224118831552, 0.9374717960670539, 0.9394297926144582, 0.9426201263735025, 0.9428640691814832]","[-24.05979750197013, -22.65502470811709, -21.902035575518262, -21.75683644921953, -21.652224825066344]","[0.4650663925539405, 0.4695193352114292, 0.4717377189168272, 0.4959465252909576, 0.4982055059245907]"
750,"[0.9271633709289573, 0.9280015800233031, 0.9296454762080731, 0.9390984042245036, 0.9458250121693424]","[-24.523119479800506, -23.07055305152968, -22.328826403515265, -22.34100603881915, -22.3417578982735]","[0.46043660770450495, 0.3917193262884248, 0.3838030180988136, 0.4603008609683797, 0.559391598688429]"
751,"[0.9290072351103376, 0.930845991818248, 0.9330275593801465, 0.9420143569507222, 0.9461812802990348]","[-24.65771671336346, -23.20890360938764, -22.448513137645058, -22.37888070526421, -22.333869414293446]","[0.27103300503688926, 0.2906222840758053, 0.3456967735144627, 0.4311430099968514, 0.4368746669443723]"
752,"[0.9371295521853428, 0.9392135965307851, 0.9402069510670948, 0.9440723769030365, 0.9472750043078321]","[-24.368992928725035, -22.89123707102933, -22.146003187459314, -22.19118196850041, -22.225010530821596]","[0.28432225674573164, 0.30006769988778287, 0.30452215904726365, 0.3062329472456655, 0.30661566699474496]"
753,"[0.9369369543525523, 0.9385818763253079, 0.9401909469157855, 0.9448050007902923, 0.946561806120552]","[-24.15651600525682, -22.741176453422966, -22.00942964944198, -21.98622433980922, -21.899764872943383]","[0.5863709540058909, 0.6268826720154475, 0.6410380724673167, 0.6226508688250298, 0.5632617869585459]"
754,"[0.9233572621256091, 0.9223647796621107, 0.9243730799799288, 0.9359327036394781, 0.9434079178687876]","[-24.453797330467424, -23.04763913642865, -22.311909074363, -22.257289554213564, -22.278097753421825]","[0.2993141340274098, 0.29681618845946506, 0.29285250226164483, 0.3013895559308045, 0.3257759402177767]"
755,"[0.908786830989754, 0.910322555783338, 0.9156511121140717, 0.9348762317407319, 0.9438454290276385]","[-24.805678539378885, -23.374931661267155, -22.604364268390682, -22.478030731108383, -22.43967555984896]","[0.25936904651039383, 0.26556299909157094, 0.2860538299607899, 0.3133301311772365, 0.28666437401917905]"
756,"[0.9350561262106194, 0.9374148367039505, 0.938599786830874, 0.9397325461584771, 0.942065638999931]","[-24.41112677746943, -22.990336708002978, -22.272138395535045, -22.350030410941326, -22.344798497019458]","[0.44350795468791343, 0.39952821439831365, 0.36104217429840285, 0.30106349995932985, 0.36029642621355934]"
757,"[0.9430404396866178, 0.9436233641768961, 0.9440110051325594, 0.9463450520511212, 0.9470032617783347]","[-24.44212177062022, -23.042028889206964, -22.311735944921278, -22.276324537004818, -22.19637797676441]","[0.30603284821995236, 0.2985948379412168, 0.31434228997929786, 0.33232227489851107, 0.3685718072952933]"
758,"[0.9254188080817285, 0.926410043657903, 0.9282243158647413, 0.9364649792249856, 0.9418021643437331]","[-24.07338551624783, -22.718398693717994, -21.98664225526832, -21.832095824011667, -21.606846529149397]","[0.7786057943900683, 0.7583552691294994, 0.7633933706436562, 0.887071881914618, 1.0032636345766528]"
759,"[0.928597487827016, 0.9314050801243615, 0.9363743911249908, 0.9516057178814379, 0.9538621589502887]","[-24.050910084383535, -22.609541102838527, -21.82167405353366, -21.61904367833054, -21.67665734844964]","[0.3803781582967375, 0.36704329606658675, 0.3560622528819771, 0.3277991675562416, 0.3360087117038082]"
760,"[0.9394005122577562, 0.940392878735862, 0.9413932171420907, 0.9456159698033746, 0.9490107144148575]","[-24.346854476488872, -22.867281841104088, -22.113439097086, -22.138387083387215, -22.280640500173753]","[0.2056987584530673, 0.21276259443249498, 0.22995168238099192, 0.3192977556257893, 0.37953123558780366]"
761,"[0.933198160565143, 0.9324343000052854, 0.9329510681729201, 0.9375696255571174, 0.9414265609176852]","[-24.623079467952287, -23.231295557643552, -22.521564801716348, -22.566159609408793, -22.546761214538744]","[0.32457056334144346, 0.3397878586270682, 0.35704069819865136, 0.41211849103895104, 0.40939188977781876]"
762,"[0.9305808549619614, 0.9305785664887758, 0.9325236721253319, 0.9411696926176112, 0.9478471165850152]","[-24.35225129756813, -22.865030884349753, -22.079354345914773, -21.95722730417784, -21.93558025390623]","[0.6623867431522503, 0.6519596027580566, 0.6444293389889197, 0.5986809641387971, 0.5794698899727784]"
763,"[0.9414744850328771, 0.9432882078770773, 0.9443142237780057, 0.947043596003005, 0.9488241721525146]","[-24.65305657343299, -23.186492533920703, -22.43275138435725, -22.400718859589247, -22.419051334895205]","[0.32951528263826946, 0.3481605926323936, 0.3479132745426025, 0.3593559365393741, 0.40368225645392863]"
764,"[0.9377080183942654, 0.9384560573219493, 0.9389613495741007, 0.9417311646900535, 0.9465696707051542]","[-24.475276448121253, -23.104319688298613, -22.40588252767714, -22.458632312204838, -22.35881897712476]","[0.3346668415172187, 0.34212671371454484, 0.3343112354897669, 0.3239493430758852, 0.3469887664982063]"
765,"[0.9246807461455054, 0.9256296601852738, 0.9287984034499499, 0.9402489502496291, 0.948758511757863]","[-24.583887435297665, -23.154549760907404, -22.382421622229955, -22.251110160159474, -22.15705291474639]","[0.41116035992459493, 0.4699768374268125, 0.500570746460898, 0.47800266242628897, 0.43502655667748624]"
766,"[0.9272367159214339, 0.9278983548064695, 0.9299395201513004, 0.9386187806964194, 0.9447297321196659]","[-24.286323847413563, -22.853695590451903, -22.10265712011901, -22.057742724974492, -22.014403878992926]","[0.2896205952118052, 0.31274238657210024, 0.32081324921853394, 0.3762010699278211, 0.2809460301455851]"
767,"[0.9173206701267275, 0.9141771867745281, 0.9168081870926784, 0.9310303693640879, 0.9378880267729718]","[-22.747834554855228, -21.719653093084265, -20.760138120311943, -20.101210673463022, -20.14063398405535]","[0.8925197697660894, 0.7662984952379599, 0.799301714569192, 0.9994123233168851, 0.9868535836760944]"
768,"[0.923036590419356, 0.9234593061221289, 0.9280045079519793, 0.9458750893510195, 0.9491349963489607]","[-24.375164564942757, -22.97762071504809, -22.226106063430553, -22.14091842280563, -22.223638264403395]","[0.32818241760135014, 0.4141446292080128, 0.43505249247784744, 0.5172773666258368, 0.4002829726305056]"
769,"[0.9256183446013853, 0.925444006116971, 0.9308705457912829, 0.949752518706221, 0.9549140450898326]","[-22.041877226424333, -21.025874252285504, -20.25629319788837, -19.783778314703326, -20.2213434897937]","[1.1693772838357845, 1.083713877138331, 1.1592176834714465, 1.2933145837539877, 1.0893349654910869]"
770,"[0.9188607687197503, 0.9217990058223042, 0.9299937900669795, 0.9524318247679492, 0.9551350909770938]","[-24.18781022282916, -22.839346570629147, -22.013309432097145, -21.65240514380996, -21.58618256705328]","[0.5941112076906742, 0.5309995108004775, 0.4557957381537341, 0.3985641189448447, 0.47182111822364636]"
771,"[0.9051465850480497, 0.9028455017889963, 0.9036342801117928, 0.9047899834980985, 0.9077696639817016]","[-22.506071133953164, -21.59820419598235, -20.988334507023794, -20.737103127736535, -20.279471530630527]","[0.6001530899333408, 0.6155745808597569, 0.6181494738244713, 0.5738851214206596, 0.49251201640053593]"
772,"[0.8809466021255279, 0.8824489759675379, 0.8840023338293904, 0.884142222687928, 0.8806910649184714]","[-23.365882691489524, -22.018358026531708, -21.242462237390257, -20.884807878967074, -20.643795693956168]","[0.6891277347480774, 0.6032468622277174, 0.5715385708389892, 0.5568601053037403, 0.7163459962606922]"
773,"[0.8849002463161201, 0.8879620903159549, 0.8902085073032735, 0.891240982849833, 0.8876110858553652]","[-23.410564769897707, -22.057208175568118, -21.333682186640807, -21.213642522879365, -21.079089532313855]","[0.4531488377563252, 0.4388474954386937, 0.42256874552940754, 0.3770020787839817, 0.3898013719491547]"
774,"[0.911834467865064, 0.9113564011889191, 0.9158672881131136, 0.9314790952360772, 0.923468952251262]","[-23.416815215905668, -22.176212143963845, -21.28529492022099, -20.81399820792205, -21.081877650264712]","[0.4819143683534036, 0.566303460866567, 0.6502815521549069, 0.6988784736639995, 0.4645773943150067]"
775,"[0.9224668965332633, 0.92458220126046, 0.9303712476606899, 0.9483678535662697, 0.9445665949111188]","[-24.157374198792244, -22.664097778788456, -21.79454229725032, -21.403604298070412, -21.63757237222004]","[0.5379342554952008, 0.5096661479529302, 0.49424752393860694, 0.5088284220884592, 0.5750124570286319]"
776,"[0.914349274809034, 0.9169153169464416, 0.9202347763873631, 0.930329720001994, 0.929036631912231]","[-24.253033225486288, -22.652650371296343, -21.69330857260307, -21.137926862516498, -21.307957289364868]","[0.4914931352084404, 0.42772360484925076, 0.3917185430111799, 0.3548780424082317, 0.4201295838994623]"
777,"[0.9120636205036345, 0.9117856605806252, 0.9179069302497803, 0.9308057882301897, 0.9318029984373005]","[-25.158485606237267, -23.792547197017534, -22.87985287330331, -22.232535941105937, -22.498265385897923]","[0.21546039780430326, 0.21594081062212883, 0.2201595355641423, 0.23296442583956922, 0.22348334605771786]"
778,"[0.7534315907589663, 0.7797804483484215, 0.7982366672953773, 0.79155038959105, 0.8033369774544403]","[-39.997310499385165, -39.162856153309356, -38.98931913107511, -39.15919786499924, -38.89894462884255]","[1.80487103261457, 1.4581988912848585, 1.3023764095069972, 0.4612192812216439, 1.1089097064169697]"
779,"[0.9066580571558837, 0.9061060350998652, 0.9072331835062288, 0.9127383037000338, 0.912396459521572]","[-24.598015645353247, -23.401912916550863, -22.767771604275513, -22.73531023655229, -22.48574055657335]","[2.8213885088330715, 3.1825206769890633, 3.0700308446360918, 2.6083562271928264, 2.4283060751843406]"
780,"[0.9086149595320131, 0.9118948441003097, 0.9142737649998637, 0.9152311252297906, 0.9053758978263517]","[-24.500348203872765, -23.086430046336254, -22.301850356302772, -22.086932047145265, -22.030678047869912]","[0.12183817030106645, 0.11590613351152194, 0.11503953346246772, 0.12469095195053295, 0.1403215523381489]"
781,"[0.8994123393501187, 0.8995260784566147, 0.900200212928738, 0.9030808422523566, 0.8981970251430241]","[-21.887574474352377, -21.14188483920401, -20.733692578178513, -20.35508401288083, -20.14508902296425]","[0.766370095673812, 0.6389973096628565, 0.5826466188083225, 0.544384378383076, 0.5207533311654337]"
782,"[0.9217326929531061, 0.9257952580976854, 0.9319583412682946, 0.9404651184867224, 0.9354153217760578]","[-23.47939852154358, -22.057544028114815, -21.24066747428686, -20.96348638483993, -20.92928158662907]","[0.5258917274942451, 0.6449860866387718, 0.5544686956459627, 0.48729071160420095, 0.5556767151618435]"
783,"[0.9165030694345045, 0.9192045108134334, 0.9253076689857289, 0.9385117256575676, 0.9382298944733277]","[-23.712554118433218, -22.23228625341955, -21.395136001179026, -21.02647300104093, -20.887734434649516]","[0.33400951345194224, 0.2919839799543666, 0.25325249925299037, 0.20424061569495125, 0.24389122686097153]"
784,"[0.9074492039333989, 0.9103277044334003, 0.9182662482768676, 0.9374442108856149, 0.9398773538466051]","[-24.535462674121334, -23.104383090599466, -22.2562148666136, -21.919592978060336, -21.87093223037509]","[0.2043829198824795, 0.19744426322416792, 0.19038588740518797, 0.17025943792850853, 0.1965249315693535]"
785,"[0.9071434613397915, 0.9111581194561469, 0.9169234369975181, 0.9297385159172891, 0.9319655613008959]","[-24.789607388117957, -23.33549615690958, -22.526051043007215, -22.329653977741856, -22.277564689803636]","[0.295667383684103, 0.2966114724694827, 0.31004463280588673, 0.35486020921743894, 0.30679573230197416]"
786,"[0.8953558757236902, 0.9016237564308015, 0.9105716047033222, 0.9329920662214819, 0.9345133340763924]","[-24.591620399657852, -23.10849167531558, -22.27769671961859, -22.04451311285009, -22.13514950115261]","[0.2540821370118769, 0.21007122780474116, 0.20001518470106291, 0.21358960721531162, 0.24854617011500613]"
787,"[0.8990693279691754, 0.9016314061722093, 0.9052750781030527, 0.9184596281809511, 0.9228269344021905]","[-24.715304345039634, -23.298794376881762, -22.53065679997715, -22.395769240355797, -22.311090231417804]","[0.34078823130037594, 0.3380948839454288, 0.30780312868072324, 0.28595130186688184, 0.28376335985211926]"
788,"[0.888139062042736, 0.8887494443272872, 0.8925389179336329, 0.9087820620994557, 0.9196250449099994]","[-24.9038140687229, -23.48154338511409, -22.701646014905165, -22.527078674829784, -22.34187000574806]","[0.3583845021458404, 0.3523787928926398, 0.345205839178324, 0.3148454085965412, 0.33522748742324626]"
789,"[0.9067054217869183, 0.907250563189472, 0.9116253060738008, 0.9269550498430114, 0.932990661697311]","[-24.202240210307025, -22.816598283763266, -22.04375284918996, -21.76708045384291, -21.681022002886497]","[0.4476600090095199, 0.3872608356152005, 0.408944050651306, 0.5941008830378179, 0.7206608623582762]"
790,"[0.9168275832393532, 0.9179185810466928, 0.9215531008827715, 0.9341059102015975, 0.9411803491495776]","[-24.745386068969488, -23.29537549962968, -22.529101321964475, -22.481352027897614, -22.40302906668067]","[0.2950461216717902, 0.25400183019126754, 0.24999158450569203, 0.3444866241902779, 0.4370650195798676]"
791,"[0.9272073532827705, 0.9265116209328387, 0.9290138253661897, 0.9390585808925304, 0.945625558801602]","[-24.542161859066756, -23.15552726001176, -22.428294913774888, -22.443357316880466, -22.306034922367804]","[0.40478221502939676, 0.3574862538210667, 0.3205432162614992, 0.3286787373593392, 0.3602259465314797]"
792,"[0.9144464229164039, 0.9154774971189581, 0.9202088261418456, 0.9389128061501018, 0.9469761591302275]","[-24.5174639709942, -23.072492303860983, -22.277884255427736, -22.109626722289555, -22.09504394198896]","[0.17843821527944304, 0.18467601029701028, 0.20884187231357074, 0.257565071857931, 0.23925144733296905]"
793,"[0.9079294411005863, 0.9075208765547088, 0.9102638916509215, 0.9244274393800261, 0.93646867113176]","[-24.63612281343797, -23.211643476107326, -22.456940914103498, -22.377778094881215, -22.303540656687645]","[0.44207461549812915, 0.38308421349249056, 0.3548120514144796, 0.3567689890934174, 0.4060326932721316]"
794,"[0.9284137787375892, 0.9289732193722032, 0.9313954119915642, 0.9407147006123268, 0.946647831251721]","[-24.52537137725096, -23.07720370455431, -22.322390712384628, -22.297512373336374, -22.241703773996147]","[0.4013009702452363, 0.45053678409901543, 0.47618063253582177, 0.47825727525860584, 0.42677488867082497]"
795,"[0.9154279977510897, 0.9189467599374145, 0.9228844046736014, 0.9345890354695615, 0.9413657309911561]","[-24.41025429075523, -22.94759411006181, -22.176843594114303, -22.13136174523335, -22.132817984186335]","[0.35194168569703016, 0.3689132553784685, 0.35025154799488406, 0.3165951186179789, 0.29431879743776274]"
796,"[0.9194730972551716, 0.9223046909107158, 0.9264415401916883, 0.9414318491569649, 0.9495797618489279]","[-24.580733892373555, -23.12314983626226, -22.35161920592698, -22.28385654065111, -22.239822827319852]","[0.3687607903889152, 0.3692009086814963, 0.37919632137800685, 0.3878750432751888, 0.3930155921344978]"
797,"[0.9213949164183061, 0.9241526686703629, 0.9280492992352404, 0.9412063557712762, 0.9467170043064659]","[-24.28573366533836, -22.77023936667627, -21.971258581227193, -21.874963278058225, -21.931522019171002]","[0.3392782367836135, 0.36133551644149364, 0.36617241364786235, 0.3073387892935865, 0.27058791937754845]"
798,"[0.9411858002057452, 0.942248730658497, 0.9440516370309542, 0.9511171585377851, 0.9566771760721627]","[-24.040638500039222, -22.606686480658176, -21.836703075471924, -21.697980012813385, -21.604525526931067]","[0.33065708477401584, 0.3071852897131128, 0.3080285251382467, 0.46049000384717076, 0.44740580102713323]"
799,"[0.9316183473861139, 0.9311822792079791, 0.932644813474718, 0.9400430407746747, 0.9499371481049164]","[-24.405602354119495, -22.97053320669441, -22.206086935857346, -22.13758340380581, -22.022526729967737]","[0.18273243643035966, 0.22832804863586925, 0.244129982183635, 0.20934683470522772, 0.21813964001213026]"
800,"[0.9404884994184497, 0.9412453525211509, 0.9432918849133418, 0.9506672835344945, 0.9554748908267963]","[-24.132248775671208, -22.648400762069794, -21.862203802069004, -21.81169839866313, -21.81671656659506]","[0.5278175657250082, 0.4699977952744664, 0.4281308661482424, 0.40415351595224425, 0.49331781402580926]"
801,"[0.9371145115626166, 0.9391797504547844, 0.9410459183736276, 0.9475906701907545, 0.9545237099142524]","[-23.994377763137337, -22.518812030188343, -21.73825626284691, -21.69157602112429, -21.682044370766928]","[0.5874794173292807, 0.5856415117364341, 0.5854587412473021, 0.6181476724487398, 0.5371961315863891]"
802,"[0.9126880418834113, 0.914351601588597, 0.9179711460101834, 0.9335021322126252, 0.9456156142269556]","[-24.42778110895085, -22.989802863560293, -22.20884998485437, -22.067641533372385, -21.879170523773446]","[0.3057707427469709, 0.3077225707841202, 0.31922308787291764, 0.37717527294233666, 0.4105461916160152]"
803,"[0.9411489917331669, 0.9412505298741385, 0.9428145242278447, 0.9491181185799606, 0.9549705177015698]","[-24.28241655381547, -22.86484204148242, -22.092338917396994, -21.985249629028953, -21.88657667776348]","[0.3710147561604232, 0.43760123641943527, 0.4370807363136124, 0.3646155259651166, 0.26450277385403465]"
804,"[0.9435134652699975, 0.9437252363214598, 0.945120279841096, 0.9497139122555326, 0.9561380544880517]","[-24.18165714909416, -22.67755907452736, -21.854424462485845, -21.656264751122315, -21.58189048653441]","[0.264606161434608, 0.27229643074493043, 0.2865402122550065, 0.2807874576456951, 0.2727044187150853]"
805,"[0.9326225208287764, 0.9322172824467889, 0.9338427510239874, 0.9420336278528569, 0.9514102994987487]","[-23.923692510593217, -22.466394508411877, -21.695887358547196, -21.694293635228824, -21.681439039965213]","[0.5708770690543379, 0.5474950589141927, 0.5148786518384261, 0.47357501460190904, 0.38967835465468786]"
806,"[0.9316919914295919, 0.9327158896381506, 0.9351376785868593, 0.9456360428650177, 0.9526864171348556]","[-24.09557712579043, -22.637250862775076, -21.84297290784324, -21.65747028501522, -21.533232511286933]","[0.2723083130579845, 0.3070535195192669, 0.3238661777112199, 0.3521233725866832, 0.3872004462928258]"
807,"[0.919243431863703, 0.918357338473151, 0.9214959725591523, 0.9386429424926598, 0.9494050306200885]","[-24.327437776164988, -22.91093095950047, -22.129010108336843, -21.99776821081137, -21.89569111277296]","[0.2683900692448801, 0.3258256630193698, 0.3584048649950173, 0.25870182945919923, 0.2111937609180778]"
808,"[0.9142599790284387, 0.916070239383944, 0.9205507189445401, 0.9414896943160257, 0.9497024302214221]","[-24.36111825898853, -22.93690791943999, -22.160235578769534, -21.997103660978535, -21.898336739314466]","[0.3364420663555821, 0.2855825193399813, 0.27593683464646285, 0.2513359634075574, 0.285159983414473]"
809,"[0.9377221470694874, 0.9392332756058648, 0.9416996401088307, 0.9476483462240832, 0.9523293835552542]","[-24.21662754350415, -22.740637488979047, -21.971928637476335, -21.992951506981008, -21.998043146248452]","[0.5000425724483751, 0.4988390926622796, 0.49952036049048704, 0.46469004049276913, 0.33693609309411]"
810,"[0.9491784405173417, 0.9492665713462862, 0.9499563661942624, 0.9530014153316188, 0.9571698241156714]","[-24.052517251498344, -22.599439464352145, -21.830752780715663, -21.784901140303102, -21.67860048422829]","[0.2196054687798794, 0.21913903996757556, 0.2292686571855402, 0.23482819059147983, 0.29061700257405193]"
811,"[0.9458469265408954, 0.947069926717752, 0.9483291587449739, 0.9523500968800453, 0.9581210211926195]","[-23.888571320283983, -22.382913856646987, -21.525450653958117, -21.117462414602247, -21.012620222781198]","[0.2884405898892601, 0.3439802427127698, 0.41379097018539973, 0.578162086937853, 0.5625258064059088]"
812,"[0.9396152107848705, 0.9419213711397431, 0.9457953534600282, 0.9553459172593181, 0.95815720289318]","[-24.220064035783192, -22.78667739681929, -21.965444104781522, -21.718308063530362, -21.653613132729618]","[0.3066023073050813, 0.29953278035314146, 0.29293286337745095, 0.31126670413150315, 0.30708175826231876]"
813,"[0.9474537040474704, 0.9464732742703058, 0.9477472972475244, 0.9534168029733738, 0.9614172490177592]","[-23.93416465680969, -22.536282479171025, -21.75854618705384, -21.551741302950298, -21.29793331859286]","[0.2854962679828434, 0.30021915088505546, 0.29210502726410115, 0.268869340883281, 0.2765987556679559]"
814,"[0.9470158609659787, 0.9477243750122367, 0.9490236000391846, 0.9523214686041278, 0.9544163143600265]","[-23.737580966970494, -22.16687597045635, -21.31928010816511, -21.061210628697395, -21.122538606086906]","[0.47299322575654473, 0.5047692639406716, 0.5429538026803206, 0.6802391238779735, 0.7210211440100646]"
815,"[0.9463238442962177, 0.946047902016098, 0.9471841179599387, 0.9525953676470689, 0.9593652056049097]","[-24.017251838133877, -22.55064124565819, -21.75689185104083, -21.622658757949235, -21.458671212133215]","[0.22477037962061314, 0.22963915612552738, 0.230011297328296, 0.26075468514376504, 0.2836634396444582]"
816,"[0.9494428477295911, 0.9494498329949668, 0.950626684782191, 0.9544931671338324, 0.962060353798549]","[-23.94126173907948, -22.47592241668413, -21.68591510029704, -21.592725183947294, -21.424359356690715]","[0.2765293932934954, 0.22699769078588894, 0.24377485046593556, 0.3258253255414401, 0.4533084283725527]"
817,"[0.9491432873053504, 0.9493188955976607, 0.9501697728812591, 0.952705278126164, 0.9582036009209427]","[-23.784451051979108, -22.31061483419366, -21.509403532993073, -21.372536780134194, -21.197740380709188]","[0.36843880276887153, 0.36329428270376685, 0.37101521137423404, 0.3959472179279855, 0.35638657415331415]"
818,"[0.9504952677366141, 0.9501930373560669, 0.9511569345164275, 0.9555852031438935, 0.9604849197126185]","[-23.751694186654138, -22.2416224168935, -21.43417678534794, -21.35691271902377, -21.33667559807082]","[0.24344665489990028, 0.24805816994272195, 0.27511839728460774, 0.30825082123575037, 0.25830326965333217]"
819,"[0.9481297980026334, 0.9489236745867252, 0.9506986592364568, 0.9575675637849671, 0.9619566532257752]","[-23.52602302731337, -22.090819840482826, -21.307192888349828, -21.132550546219782, -21.083499378796326]","[0.8343275867590139, 0.7213595621866369, 0.6058981514323954, 0.6903877353682223, 0.6675451844778676]"
820,"[0.9473058827511498, 0.9471602059989085, 0.9485274921070277, 0.9537896249733314, 0.9601254230380112]","[-23.910339144670587, -22.421754212514752, -21.61384846503909, -21.47778213589973, -21.32725224959318]","[0.2365545403663877, 0.3531628073546129, 0.40085747925644094, 0.40825514746315467, 0.26918756708729324]"
821,"[0.9501064616554757, 0.9502479497212939, 0.9515274769123523, 0.956601556934129, 0.9603402594758076]","[-23.53088029096102, -22.00477045567881, -21.194744952194654, -21.13570052177664, -21.28048334565834]","[0.38899099927064484, 0.4222223527253785, 0.4092301242274777, 0.41443661368398227, 0.34649945263197013]"
822,"[0.9542028708883045, 0.9537817470850616, 0.9544122650900787, 0.9585994881039817, 0.9630416492570831]","[-23.55875346433405, -22.063102536743013, -21.26123259179434, -21.131007569630995, -21.054435932964925]","[0.43772241328506956, 0.42705586550632063, 0.4152827339355181, 0.39646771354929894, 0.4087564521276471]"
823,"[0.9467512208415961, 0.9485189130298575, 0.9500487879300883, 0.953604407203315, 0.9567797497508106]","[-23.720442930684197, -22.18468771094347, -21.36718894601683, -21.24451863167968, -21.311284481040047]","[0.35555584340137, 0.3491376462494525, 0.3316612811589523, 0.33593262341297964, 0.31811757715719524]"
824,"[0.9526826056524761, 0.9518699629966684, 0.9524227476248582, 0.9566701514127983, 0.9631617101855645]","[-23.88606451806939, -22.420722204286673, -21.630017307915537, -21.529717095041377, -21.395715194787762]","[0.2839680422882758, 0.3075161493707247, 0.3208374800272043, 0.3825730055142089, 0.3666952019410186]"
825,"[0.9525183244309232, 0.9532177065289704, 0.9545431009015235, 0.9577468847691086, 0.9629071372327801]","[-23.64804807740458, -22.10981708868977, -21.282283309292964, -21.139601868285617, -21.064484188746096]","[0.3862000998087495, 0.4419778314963916, 0.48270326220830057, 0.47714182998554505, 0.3647127393670109]"
826,"[0.9527553617812803, 0.9523555230015761, 0.9528841898574081, 0.9568903107331781, 0.961363348480769]","[-23.83437179952751, -22.36853337853821, -21.55964058641833, -21.373855398154365, -21.201839811919772]","[0.31776973841938566, 0.3055580927848314, 0.32472923957239164, 0.3735717190393509, 0.38514647952095]"
827,"[0.9558181306575299, 0.9540736909285475, 0.9545237021711154, 0.9585755343426191, 0.9661308137224457]","[-23.543414871588354, -22.104795652548887, -21.299603322599275, -21.081970985463034, -20.909356217739635]","[0.28798652253063267, 0.3471352547386822, 0.38585933735275213, 0.4819356609318765, 0.4572776076543934]"
828,"[0.9526330531383066, 0.9523249098525649, 0.9534218289528936, 0.9587936074948306, 0.9650366995394986]","[-23.669220012855746, -22.208740595791266, -21.410421615308195, -21.276852582966463, -21.08540725299046]","[0.1911021074413194, 0.17642490993851437, 0.20028425261918162, 0.25063574725086435, 0.2982451791340435]"
829,"[0.9550587340990645, 0.9547030456150208, 0.9554458301790839, 0.9593253512504866, 0.9655140823463811]","[-23.639998947527786, -22.141475009042242, -21.315940191494093, -21.117909757226705, -20.927659313336484]","[0.39788170572640247, 0.3532266249470312, 0.3321617111914537, 0.40386490405925046, 0.4991907633858331]"
830,"[0.9507147347614179, 0.9505930403310138, 0.9517121573463173, 0.9558576818791285, 0.9606972549926803]","[-23.710707015903477, -22.232250978650157, -21.407053421525625, -21.183729693769898, -20.97973215396476]","[0.3260222368172986, 0.44122981052855564, 0.4781940646441123, 0.5036402313489589, 0.36509131052618077]"
831,"[0.9552655794391808, 0.9557637425288754, 0.9563728326894163, 0.9584489022118947, 0.962665174275587]","[-23.63790170347111, -22.172442251971553, -21.361581162978617, -21.19647282952251, -21.113448830041555]","[0.42870393544776475, 0.45324663410243976, 0.45003800633353463, 0.4907588518991242, 0.499432765154288]"
832,"[0.9537667709623938, 0.9535745611233404, 0.9548609690947859, 0.9595890365754737, 0.9656855335845973]","[-23.63194747004043, -22.198966726651005, -21.40697417116276, -21.19816013774551, -20.95393684616913]","[0.34994124987855046, 0.35054471359427425, 0.3567470349951805, 0.41737471455131847, 0.48189356770569236]"
833,"[0.9571604525694895, 0.9567204461819645, 0.9571942496870716, 0.9591117699463588, 0.9635336469150161]","[-23.45522163102824, -21.99242760225369, -21.199256771523647, -21.071949727536072, -20.964830300715217]","[0.3157971724529485, 0.3716144536882588, 0.40145458490184244, 0.4485242637310716, 0.4044221267896309]"
834,"[0.9543981210496739, 0.9540329289011305, 0.9545327264246212, 0.9568406401672329, 0.9604117354810495]","[-23.624066119565512, -22.053468128705465, -21.19543999809801, -20.96391524937529, -21.011452870678536]","[0.39972381638649007, 0.4331212825018233, 0.42951030288054265, 0.4125528025677402, 0.363555115817651]"
835,"[0.9566139114579832, 0.9556219765253581, 0.9559575574611037, 0.9597883426886425, 0.9643473685056715]","[-23.664606447955006, -22.196379547893113, -21.388637295014437, -21.181201279241066, -20.978486699395607]","[0.35627035468981744, 0.3554689626061235, 0.3645739218824745, 0.37830807584789056, 0.3980858387751347]"
836,"[0.9535426200211686, 0.9528095515473286, 0.9536494592956423, 0.9568279282898151, 0.963010829794187]","[-23.746800774922214, -22.303137098228458, -21.512650796708897, -21.357264020892025, -21.158182326765758]","[0.35157500238462136, 0.3619505669435826, 0.3644533213432241, 0.34347471950684355, 0.3553620830449921]"
837,"[0.9540475711283375, 0.9546702694136774, 0.9556280398430966, 0.9578314052557193, 0.9614141893268583]","[-23.470207242375555, -21.954900350959853, -21.150569669888373, -21.07307434090954, -21.07757623546865]","[0.43234147718160154, 0.4531228873039583, 0.4520597230474719, 0.45314438711860383, 0.3083492781437061]"
838,"[0.9542945381326399, 0.9537845194479151, 0.9543652360537774, 0.9567931487300817, 0.9625236167515806]","[-23.417678996218942, -21.90731068011465, -21.104918281972914, -21.026035866316434, -20.974014987190422]","[0.488523960920066, 0.4981716458774507, 0.5042639671427229, 0.5244503928291988, 0.5017462074850758]"
839,"[0.9549255733772818, 0.9545157947138647, 0.9551669581629926, 0.9576346637064911, 0.963485764202023]","[-23.43940027492453, -21.879702651296352, -21.040874448880313, -20.859078483019022, -20.832056836803183]","[0.2146706951954459, 0.22257454726005726, 0.20868284491267786, 0.1761785699301311, 0.15550758308049425]"
840,"[0.955748051963655, 0.9559578640756842, 0.9570025347713123, 0.9603126012480618, 0.9645521441261015]","[-23.642928544526875, -22.062326597363093, -21.18808622747812, -20.923582154421343, -20.908599913386663]","[0.2529519476340815, 0.3066974054704092, 0.30646033603735867, 0.29352062334953577, 0.2868026456456417]"
841,"[0.9509670822959033, 0.9502773238626132, 0.9514275142996157, 0.9556338468767603, 0.9625517814570116]","[-23.760685287418898, -22.278404840320054, -21.44770277509848, -21.248234138524978, -21.08692842861272]","[0.3951068678674158, 0.38841067409228575, 0.3667966134355061, 0.3646820381755948, 0.3853559216775911]"
842,"[0.9561494022324726, 0.9553715924517199, 0.9558378666467421, 0.9594347009222574, 0.9651863697402094]","[-23.421382099080798, -21.90719784639082, -21.08110450812783, -20.873272997714302, -20.749011533965895]","[0.24948803125083552, 0.3226812583765753, 0.352957433354211, 0.4006180987229454, 0.40403447396667397]"
843,"[0.9548666403356342, 0.9547386905724508, 0.9559405564706468, 0.9588852943868902, 0.9642638568340067]","[-23.44241106621887, -21.85378167552366, -20.97721624431146, -20.728063378278126, -20.798297636155283]","[0.5925558506656375, 0.6054355948083945, 0.6239208588321822, 0.7435382961120943, 0.6297140434567993]"
844,"[0.9553030638323453, 0.9552965114578836, 0.9562148412528387, 0.960017185891633, 0.9647273723760683]","[-23.282272352381227, -21.71775341766723, -20.856258063845246, -20.574930144375084, -20.62824833946522]","[0.31150919183701686, 0.2725583704187733, 0.26033833721445193, 0.27748026793961705, 0.325325119368939]"
845,"[0.9550084029640735, 0.9545321216171639, 0.9554002897618458, 0.9580748507355401, 0.9634509593529053]","[-23.583856584061273, -22.010790669068026, -21.146658512732493, -20.92395481677698, -20.935612282412865]","[0.2853423824367726, 0.37195655249756865, 0.41980798004977166, 0.44786762814284187, 0.39132609675957]"
846,"[0.9513959712871086, 0.9516950145613366, 0.9529840235618332, 0.957354156741396, 0.9622876002834535]","[-23.67292999562626, -22.15811097229394, -21.31959730540941, -21.112540018877922, -20.96491381688877]","[0.2543229102354044, 0.15193160450597124, 0.14776439464331706, 0.16857297603793903, 0.28281671775845985]"
847,"[0.9572140456838708, 0.9562025353228655, 0.9565357239099411, 0.9607397222857518, 0.9659950250555054]","[-23.503826275311614, -22.017536874113336, -21.192400582228533, -20.950818285099306, -20.774223113192757]","[0.1250683462040956, 0.11287156192690098, 0.12693186288638086, 0.25118681162619794, 0.3429830218768786]"
848,"[0.9553103319188816, 0.9546381179749294, 0.9546318496029529, 0.9574573535217484, 0.9634032959850957]","[-23.549887751967614, -21.988156588299994, -21.143298524392225, -20.980528025597557, -20.937573247943643]","[0.24821428859537448, 0.3863839280899883, 0.462257390526266, 0.494159873150356, 0.33891633993263254]"
849,"[0.9566148229985292, 0.9557446327464254, 0.9563039077030625, 0.9588687741298593, 0.9646660650123664]","[-23.199289267807778, -21.703161930040043, -20.879932692424756, -20.711252907081068, -20.607332987514972]","[0.4750431274483165, 0.44436254200319397, 0.4455664629702835, 0.5331287744649221, 0.4864996410375126]"
850,"[0.9572728554393269, 0.957517801124283, 0.9582881187801036, 0.9605383111217071, 0.9654338276426248]","[-23.544180875245694, -22.03913053859227, -21.21239039467824, -20.971199857476215, -20.831209450410707]","[0.4456812819724725, 0.45761033919305527, 0.431679610252023, 0.3799164739678735, 0.3029337703876485]"
851,"[0.9562085317767552, 0.9548223993446707, 0.9556703624391055, 0.9608171309672637, 0.9675143944373151]","[-23.379787394520154, -21.906400076146756, -21.08742707903197, -20.86319122348208, -20.725533820334235]","[0.24498783450079745, 0.1918350393861856, 0.1783680323871136, 0.26614939527115766, 0.35406486702627105]"
852,"[0.9562826955301021, 0.9566610707952231, 0.957546440736757, 0.9601532333888417, 0.9642541904699811]","[-23.238338154104124, -21.672144573962136, -20.80443946714607, -20.537165870220395, -20.55483368334415]","[0.31818275645796795, 0.2579553037551248, 0.2548336218292968, 0.26570396876983154, 0.2851829724192276]"
853,"[0.9573569412193997, 0.9578947225981483, 0.9591201997443138, 0.9630480026738629, 0.9678989205309377]","[-23.00978149613769, -21.514286151179235, -20.713085594281395, -20.594376215740933, -20.568179686664994]","[0.30771473007831085, 0.3345225112408294, 0.341570275795564, 0.30481453110801027, 0.254162157644474]"
854,"[0.9578847895112117, 0.9577889817915487, 0.9584715349480181, 0.9613162372458129, 0.9686324143860423]","[-23.132317431362672, -21.59463229765153, -20.740307585812012, -20.423029908903864, -20.367894959425954]","[0.48094086325096386, 0.4390952190773967, 0.42766808505055914, 0.5076539021418958, 0.6304239048139635]"
855,"[0.9592626034974922, 0.9592026548791106, 0.9596845370284692, 0.9634345002354259, 0.9691059523296202]","[-23.345938127381718, -21.81953194605142, -20.935511306141667, -20.548836175022156, -20.492358708013185]","[0.27055918410376756, 0.38294427574554385, 0.42710605978230054, 0.404410090378866, 0.25904805034492717]"
856,"[0.9566097130674891, 0.956232812270618, 0.9569302200568904, 0.9597324147189239, 0.9652971750478541]","[-23.35515689879225, -21.849343666185288, -21.024509775603867, -20.822234959623415, -20.75260667757737]","[0.4210965468831398, 0.3776710926403688, 0.38094286659921345, 0.4106499586121817, 0.3529009234660085]"
857,"[0.9573606970692617, 0.9578101674843181, 0.9590381492903577, 0.9620481709092732, 0.966037737557505]","[-23.229559238423743, -21.757350124765036, -20.923171433589342, -20.59418672663637, -20.366131804698107]","[0.3627006989906229, 0.37613511185002724, 0.3810410175218026, 0.4290239089848485, 0.44572388280902736]"
858,"[0.9562472020742697, 0.9566090639451552, 0.9578430769801115, 0.9611312194783455, 0.9667864980563227]","[-23.350028995458032, -21.8981847460673, -21.08914693646848, -20.872274379251614, -20.64136619710781]","[0.31301252185154477, 0.35637013216688984, 0.36019893883230486, 0.24463873267185104, 0.1660874501975835]"
859,"[0.9550408136571725, 0.9550497713285437, 0.9557133033452068, 0.9594699919154872, 0.9647485259485934]","[-23.25505711909753, -21.74142232401522, -20.917748461518297, -20.7312275004043, -20.662824374132025]","[0.5087468524300709, 0.49649189245002695, 0.4716856622422626, 0.4721065037260518, 0.4511510236299266]"
860,"[0.9605117325718281, 0.9604677542671757, 0.961014403753918, 0.9636207130849241, 0.9671009910657253]","[-22.797406109872547, -21.346294685864265, -20.579353121842864, -20.49318863722182, -20.36325628543132]","[0.4295404925598423, 0.40060435678392486, 0.3684232466306215, 0.2863929398810191, 0.27960632701946164]"
861,"[0.9567728825276708, 0.9577952890276696, 0.9590752902881255, 0.9636996197239158, 0.9681569114652543]","[-23.13407913477246, -21.682527949968463, -20.865299355324822, -20.590663949419923, -20.51966481983079]","[0.5058955991735339, 0.4989342158560792, 0.4750545824547263, 0.3512254294561093, 0.29313284418847885]"
862,"[0.9565495629245273, 0.9559639794188195, 0.9566794104915638, 0.960029395727733, 0.9664872331364388]","[-23.507301153355968, -22.024765148910774, -21.200186266196, -20.945221160232276, -20.788749845037927]","[0.1983510577149804, 0.15426546967368998, 0.1577239227985298, 0.17305543273315943, 0.20898841758736258]"
863,"[0.9580736809028436, 0.9569926040717903, 0.9573275453248123, 0.9604091465195352, 0.9669379022421163]","[-23.299622288135602, -21.779846372823414, -20.95145293315179, -20.76566719651896, -20.70428587356819]","[0.20950263102105268, 0.23924772670433292, 0.25239152076836546, 0.20659694311656626, 0.239180834194493]"
864,"[0.9557584344666213, 0.9560496431335801, 0.9567225727670532, 0.9595386810550572, 0.9653954258642641]","[-23.06631040185323, -21.57311029985218, -20.7674696096392, -20.60567105671891, -20.511833780233694]","[0.5286704119197757, 0.5131246992488651, 0.4997240340870231, 0.4760605036001165, 0.4738263961616437]"
865,"[0.9142022577493383, 0.9113224359198395, 0.9129908886449409, 0.92164554320365, 0.9286204448050045]","[-22.688625194474415, -21.38692912636733, -20.479683449998767, -19.800353662950272, -20.01514878562164]","[0.8076266772888647, 0.7395023280251768, 0.7195385103352487, 0.9130862597262435, 0.8895382325377422]"
866,"[0.9378860891463181, 0.9361687368974494, 0.9388157662441774, 0.9499701177807482, 0.9589323354164023]","[-22.892063986534165, -21.718840262386376, -20.67472539909331, -19.873652128212143, -20.372450013997092]","[0.7830822575066347, 0.6643085797541085, 0.7783318180134796, 0.927666918019664, 0.7737703739032594]"
867,"[0.9291900187636681, 0.9301195874486055, 0.9346209690334463, 0.9472685486010552, 0.9510716037282004]","[-23.655416601618604, -22.209127596501688, -21.357685379224694, -21.094100832444166, -21.015200694775146]","[0.4681751545865859, 0.46343292167660155, 0.4813461778810859, 0.5785039997327337, 0.5477886080979085]"
868,"[0.9473350434004675, 0.9462574610173696, 0.9479555055109861, 0.9564331161197399, 0.9644740498681674]","[-23.281866487291005, -21.88491977997053, -21.12589714028503, -21.00007584308877, -20.842431712943135]","[0.3908442271595412, 0.3680015370379184, 0.3547557001780544, 0.33021854484509455, 0.2981485457051661]"
869,"[0.9408329107666571, 0.941397601004415, 0.9442986500278194, 0.9543861119133357, 0.9601521953561424]","[-23.71050448790076, -22.19441958094476, -21.358690730422463, -21.107904360837, -21.166097012701627]","[0.40450542449402943, 0.38149411051490156, 0.3569695279743359, 0.5117985101785533, 0.5996904125041955]"
870,"[0.9406725688497122, 0.9424483919898619, 0.9453668689084577, 0.9558505286515617, 0.9583133663924785]","[-23.561268881093227, -22.083025110262163, -21.271456907325277, -20.99901171510055, -20.914092839097158]","[0.31120954134654694, 0.3171491559376107, 0.31832967424578135, 0.3137790008032346, 0.318121471790703]"
871,"[0.9461767036477541, 0.9471345358891572, 0.9484635759629011, 0.9526881620771958, 0.953495849350393]","[-23.971418392767582, -22.48575535901143, -21.721295032753204, -21.696965423148608, -21.749705648307785]","[0.3847667938172398, 0.3600045672172709, 0.34359948050234174, 0.33244984813150913, 0.3734064612612717]"
872,"[0.9397486670662627, 0.9424225311043926, 0.9454303404876037, 0.9533038799835485, 0.9556944120648868]","[-24.143969924529326, -22.669507195468647, -21.89553008925998, -21.77297995298399, -21.695569168946637]","[0.3100745794654269, 0.2906336349597518, 0.28710479060480776, 0.2970693080643618, 0.30608258990266207]"
873,"[0.9297211885550187, 0.930129083547255, 0.9320795078448029, 0.9407685186550557, 0.9470264801083119]","[-24.32575270679959, -22.863379002106075, -22.12001413920407, -22.1687411748552, -22.21603908098078]","[0.22113112768318827, 0.29356351077594095, 0.3261455504528832, 0.3193969838228467, 0.24634355429309804]"
874,"[0.9369214607713316, 0.9364572199662372, 0.9376170858954993, 0.9444807898732571, 0.9475871118514549]","[-24.31770713480908, -22.883690615905905, -22.139647339386794, -22.09543929683907, -22.047674932120707]","[0.46755033431501947, 0.49375437270361366, 0.4856585918665143, 0.5018486683747697, 0.6028077834609854]"
875,"[0.9396527475839505, 0.9408964230516842, 0.9421550765513335, 0.9475761936012927, 0.9502833895828403]","[-24.469579622948597, -23.039462613100493, -22.2910986030203, -22.224693567113697, -22.141842944732762]","[0.3277492406428214, 0.2704716321766126, 0.227918671738074, 0.12526913979241897, 0.16069340733436346]"
876,"[0.924923205076091, 0.9229631396719858, 0.9248666726875877, 0.9357555558801871, 0.9387998097147152]","[-22.8842835989818, -22.205653772486876, -21.1724013753898, -20.012296907328434, -20.37463499600855]","[0.7605585277505391, 0.6043914125962823, 0.7309281840343588, 0.9317502169720523, 0.7486394305033125]"
877,"[0.9408321427920783, 0.9408982995160295, 0.9430876914378051, 0.953670277556837, 0.9568724495059233]","[-23.149822878309315, -22.10471202652094, -21.399338993463324, -21.07496097843377, -21.074826344116747]","[0.27251087795711304, 0.32746668469837265, 0.3443330304919941, 0.3217341100560324, 0.2553458879417359]"
878,"[0.9455667406162147, 0.9466413902190919, 0.9476321629079898, 0.9504123554821075, 0.9512449522088677]","[-24.190668186895973, -22.794017073627042, -22.075788364041745, -22.13052593443319, -22.1182040667886]","[0.3735368159188284, 0.3618937050640369, 0.37067101628444826, 0.41157779249381016, 0.41935368509792725]"
879,"[0.9389071884219427, 0.9395990113114018, 0.9408815871944735, 0.9474455159482501, 0.9504492002946568]","[-24.476972048680015, -23.09775644938874, -22.35415648378362, -22.304225030853345, -22.154313786250665]","[0.33618377401684246, 0.37808237210941376, 0.4235855926444677, 0.3904402016772307, 0.2741274805826566]"
880,"[0.935091976182261, 0.9355602347126692, 0.937755424595309, 0.9470226029309282, 0.9528510229323669]","[-24.686434159871762, -23.28483001268518, -22.51967680876109, -22.340671664375055, -22.233205942195745]","[0.3977834220940546, 0.4630426214743419, 0.49059390679660125, 0.3937001729738913, 0.39657113189526877]"
881,"[0.9368973723733861, 0.9375989611524208, 0.9388594095972811, 0.9444926761737054, 0.9502668054728696]","[-24.364717528689358, -22.96633588621041, -22.19791026141346, -22.00620128079303, -21.822831909716154]","[0.47933384485313013, 0.49863743003557315, 0.49722575262719054, 0.4518389773394478, 0.4421909196622588]"
882,"[0.9369566929974564, 0.936469105776525, 0.9374193450845858, 0.9422937233177174, 0.9489184245863227]","[-24.42225818841731, -23.026560590990993, -22.30077620994124, -22.29186914949555, -22.146114643326293]","[0.3713579756696291, 0.43887405697915166, 0.46170034858153086, 0.392841434898742, 0.2849303804726113]"
883,"[0.937778084230675, 0.9393473618098557, 0.9407193000391476, 0.9470563704426505, 0.9502299559760696]","[-24.237696451418234, -22.841634584272683, -22.105682096524152, -22.028148310578608, -21.903022503443207]","[0.518352852841893, 0.5255521059797398, 0.5130277418070026, 0.5519599842678514, 0.7132943217247636]"
884,"[0.9383696041715948, 0.9408852641367802, 0.9427774506822564, 0.9462593940078584, 0.9484066341810306]","[-24.365627086605247, -22.964737625223066, -22.238407924115087, -22.28530958767215, -22.17771994072959]","[0.2128721279544258, 0.1916071258562055, 0.17911664471524175, 0.14864465973276506, 0.1788030708014419]"
885,"[0.9413844780304443, 0.9430328233718461, 0.9441495293253238, 0.9459732157142832, 0.9476117206578293]","[-24.386468410892125, -22.994291563688094, -22.259576140524686, -22.20019051337828, -22.010009645602658]","[0.27810864012101993, 0.2437383034635798, 0.23811816864773994, 0.27318301691922253, 0.3743773446444303]"
886,"[0.9186992101511112, 0.9172902444759731, 0.9208848487789844, 0.9368928238312848, 0.9467104374088984]","[-23.722692731534227, -22.12635523315908, -20.997119358914908, -20.71373796465449, -21.808582243100897]","[0.7633451253334511, 0.7645586721765117, 0.8393895210491353, 0.8549911258003516, 0.4244623377008725]"
887,"[0.9259294308728094, 0.9257226131952316, 0.9288823329386531, 0.9428713649422049, 0.9507610673422043]","[-24.312653449745536, -22.910679069709253, -22.152531976256018, -22.042941276720935, -22.00017485139354]","[0.3418807338574626, 0.30435763785190617, 0.2873998686159062, 0.25489528541094825, 0.2724458974215186]"
888,"[0.937520775920736, 0.9392946477675338, 0.9418108717104045, 0.9493329747398138, 0.9501251549561578]","[-24.268095559234023, -22.849662022686786, -22.100408688059183, -22.032952675496407, -21.943043086655123]","[0.41367299642776456, 0.39313970444933705, 0.34655557200241177, 0.28978207155358165, 0.32271196139565245]"
889,"[0.9258594852937772, 0.9266067161453231, 0.9295638978405324, 0.9437549457398784, 0.9499672279774733]","[-24.509262211551185, -23.15751684234514, -22.430806792688962, -22.34444321929718, -22.185990114719242]","[0.41663237694384025, 0.3068979370676432, 0.25667202690251767, 0.25059948208232247, 0.3462486732095983]"
890,"[0.9374643817218767, 0.939149752992261, 0.9410135132453155, 0.9488177458174908, 0.9508723320233147]","[-24.33437621352582, -22.862817280081657, -22.097506627441447, -22.06949432174012, -22.041633038595865]","[0.28643485514510486, 0.2865839337382073, 0.2966089025302984, 0.318739397775802, 0.24617939658894586]"
891,"[0.9374672562079784, 0.9379409037063189, 0.9392736813613082, 0.9446554322598377, 0.9486671610808861]","[-24.56433263353781, -23.142638343870058, -22.4055750812676, -22.388065490081758, -22.285242781134244]","[0.4155773390898307, 0.3843834295352185, 0.3788597896668844, 0.3433791897994979, 0.34789719618762793]"
892,"[0.9302870268274612, 0.9305127757766282, 0.9313275878844869, 0.9368971187185628, 0.9449453045188808]","[-24.355535109520517, -22.932237176535025, -22.209277131786216, -22.356474752280395, -22.36292216359843]","[0.4351213764527376, 0.46680276602092824, 0.5010807586488507, 0.49876618897032193, 0.33957542501421256]"
893,"[0.9320568769379153, 0.9327017599583857, 0.9345819497186612, 0.9428847877555391, 0.9484925081322632]","[-24.613144622439048, -23.235052873833276, -22.490569540390723, -22.39639716271558, -22.200798898146743]","[0.2941193017131692, 0.2851492889527014, 0.32588897441596576, 0.4195151046139482, 0.4504767284547154]"
894,"[0.9120996511624356, 0.9122958078937455, 0.9142201470718981, 0.9228248193411603, 0.9250037286241003]","[-23.044111417690328, -21.52084783408026, -20.473319301780283, -19.934732129660723, -20.325130215516538]","[0.944547469514743, 1.0694480701982212, 1.1923910354754255, 1.2659109707971665, 1.0191668354655665]"
895,"[0.94161510057487, 0.9439951111763709, 0.9457518981793288, 0.9517578112840285, 0.9504561947723977]","[-24.162286301802297, -22.68547012095595, -21.928473519879102, -21.955341471444843, -22.07100288147897]","[0.2334600713681995, 0.2637358507027853, 0.28527400855987434, 0.23314911967544769, 0.17005282922883794]"
896,"[0.9287842328473505, 0.9300938363491256, 0.9341069432220761, 0.947011923417846, 0.9498508428090195]","[-24.264218419086845, -22.84357336972942, -22.089998383468078, -22.009785996371647, -22.095775267710977]","[0.4235089576097702, 0.42134597044476735, 0.4302510878841339, 0.4367334044470199, 0.38786876891942795]"
897,"[0.9314976355178893, 0.9341767735830239, 0.937349212076244, 0.9478847944827493, 0.951542918560945]","[-24.326152923152417, -22.922341826002448, -22.18543269386246, -22.15476972000613, -22.041232067599307]","[0.29231460532533204, 0.2925588830162467, 0.3041001805663431, 0.3342927263830419, 0.29753854321115153]"
898,"[0.9328149735023329, 0.9323683110425319, 0.9364313085462721, 0.9498771422735436, 0.9510235712468371]","[-22.600837348489677, -21.414482934592034, -20.49170045721827, -19.9447350689141, -20.90125178888289]","[0.7314162682884199, 0.7529288358075134, 0.7853433091734607, 0.8340391167053838, 0.7335575687811456]"
899,"[0.9385070712755943, 0.9409747046315386, 0.9428313439758373, 0.9479570849408474, 0.9500992912941677]","[-24.691429206470033, -23.276062032972362, -22.524759326504, -22.419499742196532, -22.361423243161504]","[0.28638396440369307, 0.2425392258396252, 0.2427795505882068, 0.23859592108584793, 0.21420281776166814]"
900,"[0.9399737430797804, 0.940836383870734, 0.9431643746505405, 0.9491932948554906, 0.9513595186412591]","[-24.543756987893524, -23.126108722277834, -22.36792491737195, -22.26951039993615, -22.16354853190682]","[0.30150064372794666, 0.23811458715707046, 0.23540139531127155, 0.29948257767364667, 0.41845082950986456]"
901,"[0.9266313863624702, 0.9280287172784171, 0.932081213360558, 0.945155962868504, 0.948251158290027]","[-24.58527907006238, -23.205396769031307, -22.457605333395215, -22.32046901857908, -22.297804393240252]","[0.3462086624258948, 0.35178859840716925, 0.3619954212765113, 0.3468990673749676, 0.32815623085592033]"
902,"[0.9333969180433668, 0.9339168642665974, 0.9363807598235296, 0.9458755995179225, 0.9488407629108639]","[-24.42230914808732, -23.015497767573383, -22.267200392542737, -22.2327343922509, -22.246027486867227]","[0.2744114632231177, 0.3080350143541858, 0.3182995835297956, 0.27844310754505475, 0.2337421153169381]"
903,"[0.9271610506625207, 0.9267893575392584, 0.93011986829364, 0.9444184526877931, 0.9500943871168621]","[-24.453346342173994, -23.04223224744104, -22.27370129902842, -22.171050586131113, -22.179180950994457]","[0.275789076760483, 0.2936162666850123, 0.3244860298898704, 0.4449607981230738, 0.37525036115746857]"
904,"[0.9307237711518235, 0.9303864529628247, 0.9347908352895415, 0.9525162153297504, 0.9564108780201519]","[-24.03686742985856, -22.642291530525977, -21.86512640375804, -21.68909233528557, -21.76240068877259]","[0.39480814933200165, 0.4366780567931359, 0.476459323051694, 0.5635545276635793, 0.5423073035459063]"
905,"[0.9195534679407705, 0.9214054190188797, 0.9264866333931079, 0.9455883394113175, 0.9509682700222308]","[-24.610255442682785, -23.197339228077393, -22.408917407862678, -22.226908420248538, -22.203365330660834]","[0.2550929117456754, 0.2706757490905546, 0.2925412443937202, 0.28751329738665193, 0.27463313430632896]"
906,"[0.9172001517886061, 0.9174893364049671, 0.9204244163372064, 0.9333847656196115, 0.9430143310957445]","[-25.026886651305972, -23.545989246445103, -22.757720813588925, -22.698662038448774, -22.738735638694102]","[0.20895196698406107, 0.17436411929555662, 0.1617750047108748, 0.155895073307988, 0.16012770728525325]"
907,"[0.9178457240568717, 0.9165698540826209, 0.9192577525091133, 0.9314217237435077, 0.9349491039467085]","[-23.630673752923425, -22.05579352185767, -21.18949737066023, -20.931762409927966, -20.980553454938033]","[1.0599376325363228, 1.129543735679742, 1.1612224333298606, 1.148844308024561, 1.0050516750282434]"
908,"[0.9314952942151707, 0.9318767940012319, 0.934872556729766, 0.946934041645422, 0.9513461651803994]","[-24.077478116026374, -22.739686890013044, -22.015176778168712, -21.929968303150943, -21.793914700451538]","[0.34098713805781306, 0.39827309095623353, 0.4282549775524634, 0.4018580928290225, 0.3238103518090244]"
909,"[0.9297245865589493, 0.9295460205814293, 0.9329066412470413, 0.9470984106782321, 0.9527927401404701]","[-24.170383070887585, -22.766586753035558, -22.001857599837717, -21.86127132430699, -21.806891659861243]","[0.19684497672997622, 0.18810652879278023, 0.18269546687859414, 0.2292492126974997, 0.23160244177531386]"
910,"[0.9227986290070042, 0.9234958259698841, 0.926541402799988, 0.9393018494949078, 0.9468548381408457]","[-24.228766604799862, -22.786064544460157, -22.016558023408876, -21.92876903802808, -21.95495756027242]","[0.40632773234177205, 0.48123403640048107, 0.4882178324886268, 0.42941233106786497, 0.3773866340864656]"
911,"[0.9359927178609204, 0.9373931719154794, 0.9399837521939192, 0.9470352378177078, 0.9496953609358479]","[-24.219486416731808, -22.778217796147402, -22.036372719533507, -22.08626135154568, -22.112912243859878]","[0.29712526723174315, 0.30461437501133504, 0.30829912055679504, 0.2984641628843772, 0.30278770948707456]"
912,"[0.9251399542652246, 0.9250734882212595, 0.9258279373951175, 0.9290258993988114, 0.9295534727291145]","[-24.484280024736897, -23.088725659952647, -22.36031509892089, -22.335330754630796, -22.349615745358353]","[0.28098907067532897, 0.2776921456975965, 0.2901017381025366, 0.3317459427545877, 0.38227520721803343]"
913,"[0.9087979818408408, 0.9099868497651801, 0.9128693091560531, 0.913408766859512, 0.9118452157459875]","[-22.889301048385864, -21.78555694144571, -20.73413977643424, -19.726051235525276, -20.2839953571633]","[0.8022208326005418, 0.831564810407265, 0.8661202503565159, 0.9393640756639413, 0.9722827840975637]"
914,"[0.9204056890381926, 0.9178013112756835, 0.9217120182126443, 0.937167303328007, 0.9447103377306703]","[-23.772817330222598, -22.25253719260559, -21.420486830207338, -21.47719628243809, -21.85345040269426]","[0.06478336600130466, 0.08935540456534885, 0.09901186808716424, 0.11429464338429271, 0.26768579286273303]"
915,"[0.9421768615689685, 0.9434411981109849, 0.94510237007966, 0.9509260711803152, 0.9510660682747277]","[-24.137534952208412, -22.722160673891786, -21.983682645805146, -22.07384934229745, -22.035024553920753]","[0.551131130055334, 0.5862024225169, 0.592929937386594, 0.5033372211762136, 0.4295218575452077]"
916,"[0.9384877733845101, 0.9401665607231793, 0.9403412662790955, 0.94264384092057, 0.9449780722398503]","[-24.55187319700519, -23.12672030544904, -22.399071045535596, -22.479579992861183, -22.50078986253016]","[0.39731756815583463, 0.4191058447620659, 0.43323967163335014, 0.4905556228393378, 0.46221238899711614]"
917,"[0.9370846433100166, 0.9378081078575368, 0.9392294868000254, 0.944719517687765, 0.9488645734561857]","[-24.284630477295043, -22.852334620134233, -22.113750091698154, -22.146249156344926, -22.20363542667176]","[0.3650877388945558, 0.374940613689309, 0.36590719890907064, 0.3678826639062867, 0.33179487642474603]"
918,"[0.9227756025509475, 0.9230531575235909, 0.9250907397747073, 0.9361082758394564, 0.9444453855205481]","[-24.525170538252087, -23.149620429520464, -22.416645378459112, -22.404688556134506, -22.32461618619648]","[0.4273399810282398, 0.42467965304583694, 0.39762133622348034, 0.3996299822131267, 0.4756009977399061]"
919,"[0.9240096575968436, 0.9257579022579353, 0.9308792330318041, 0.9455131399214707, 0.949794569890476]","[-24.54762051872058, -23.184606674401405, -22.399025866677636, -22.17581312192697, -22.124505935560784]","[0.1789001382335117, 0.2190822406314134, 0.26167088119512955, 0.31422237662526714, 0.23427269478385154]"
920,"[0.9306343650682036, 0.9321196246887141, 0.9354722055757313, 0.9438705923492, 0.9465783357172745]","[-24.608142199658676, -23.20652339858384, -22.44658755783211, -22.369512938075296, -22.389105931579554]","[0.36673394620386157, 0.3350921732444727, 0.32469250872414174, 0.3260632503190159, 0.34390866309631085]"
921,"[0.9228516001520319, 0.9225120063446796, 0.9250594433341687, 0.9362701982803534, 0.9469221806625328]","[-24.56583739551894, -23.29493263384372, -22.577845551628382, -22.424282616531013, -22.232956941853278]","[0.4880018142888075, 0.3021384956935486, 0.23154341783568452, 0.22200110090055325, 0.283779585813319]"
922,"[0.9411196182514407, 0.9424439690096645, 0.9437695812080505, 0.9463171406495424, 0.9497593331306841]","[-24.32650568501191, -22.94523112640513, -22.225903017166523, -22.259515938105423, -22.196639609812756]","[0.3973159538399329, 0.4198804404169385, 0.41477556280117445, 0.3371414813125108, 0.2560033131640689]"
923,"[0.9273413304615329, 0.9292829322759151, 0.9326996193923677, 0.9406350694941493, 0.943164722480616]","[-24.697275772289558, -23.33684102611247, -22.626091462202552, -22.64918977096057, -22.59877872063144]","[0.23392747243541412, 0.22629464161767773, 0.22204154601850357, 0.20115044287222741, 0.22958590788627428]"
924,"[0.93415482440956, 0.9342755671943548, 0.936657155757289, 0.94588021480739, 0.9516634823087904]","[-24.45172552749923, -23.05025255800893, -22.29107899826146, -22.202303809464745, -22.049743535035606]","[0.34002901079398234, 0.38774585888511726, 0.41874682910611, 0.43188484289745993, 0.3491499894277328]"
925,"[0.928539906709059, 0.928128962042462, 0.9306839401474586, 0.9428050216568158, 0.946854915092737]","[-24.168988106716274, -22.765597776767958, -22.027021337250734, -22.02175541402979, -22.091249486648245]","[0.3882967486698202, 0.4451130883589571, 0.4581118580898685, 0.431215490381628, 0.333111129589394]"
926,"[0.9272474829705157, 0.9272457125849634, 0.9292222500443922, 0.9371706013194138, 0.9445793671717363]","[-24.762214343893827, -23.384796375766804, -22.645578754675416, -22.606391236130722, -22.499723047976843]","[0.2582178282626778, 0.26874884504856905, 0.2634373870282693, 0.2338610319517513, 0.17247649327847508]"
927,"[0.9348736622108315, 0.9361654330433099, 0.9371069706945518, 0.9434061069919305, 0.947253763037847]","[-24.629271265451006, -23.20323632368396, -22.44598352212324, -22.445760568946838, -22.318559683558146]","[0.4124502251235987, 0.3961759669153567, 0.3940611853768071, 0.337101971490771, 0.33018900766497067]"
928,"[0.9300257414566143, 0.9299619339554847, 0.9329765924309114, 0.9442031333890384, 0.9482557144000291]","[-24.47226121147225, -23.06638873502722, -22.29260091477269, -22.238795403105, -22.182011789758977]","[0.29125111659690633, 0.37829973192289446, 0.4051777970455758, 0.4050036815599869, 0.2712275371045155]"
929,"[0.9298566324619464, 0.9310824540477801, 0.9347429579366011, 0.945573282366826, 0.947657237813705]","[-24.529529475730516, -23.163357140807843, -22.39769218921028, -22.25436379751108, -22.177866866045353]","[0.2976238718748428, 0.30286318008836943, 0.3024079876861981, 0.2928040031711782, 0.2625178090738701]"
930,"[0.9270096863872255, 0.9287852043631525, 0.9337758156528982, 0.949069591656845, 0.951995398458006]","[-24.38083680588404, -22.944758285114414, -22.149760409347955, -22.008423813162914, -22.205600736599564]","[0.2677001631102351, 0.2726987816549909, 0.2741729610888309, 0.2514936127167651, 0.23694426966270163]"
931,"[0.9192031800299537, 0.9206745242265888, 0.9242594876015277, 0.9378345259095435, 0.9461329181911897]","[-24.5190139033835, -23.136892888407115, -22.36817698235176, -22.262534579724637, -22.19271980687335]","[0.29873211470273425, 0.29057676488293654, 0.29091579254806565, 0.3245057240265614, 0.3604797285421624]"
932,"[0.9144197174988774, 0.9144801327182206, 0.9174492569313664, 0.9279346722827805, 0.938004883664935]","[-23.50594741852583, -21.916188311320198, -21.017100145974755, -20.64170243572289, -20.7606926613109]","[0.9130945475169071, 0.9347629962226532, 0.9748291255676015, 1.1132311700033601, 1.0398823476116368]"
933,"[0.9172284606264931, 0.918884039276984, 0.923150892387575, 0.9382373399250046, 0.9467591880169565]","[-24.51746339200339, -23.10032625285931, -22.323145342817384, -22.243950557954648, -22.022054219735466]","[0.36544038998270345, 0.33729553540479723, 0.31503253090956096, 0.2957342598384695, 0.3846119315411364]"
934,"[0.9234023298415014, 0.9243161341208106, 0.929727537781368, 0.951366029432971, 0.9568921869581373]","[-24.27653874343632, -22.809294647741606, -21.966385122635085, -21.638107652452963, -21.698858725197045]","[0.37269614479460605, 0.44503922969956855, 0.4407091898989574, 0.2714111299447128, 0.21244755073433205]"
935,"[0.9212260274589635, 0.9202490402423538, 0.9237341240559479, 0.9413939056260596, 0.952868891580596]","[-24.551705375242506, -23.113015244497866, -22.306249826190626, -22.105031097413445, -22.0109019455976]","[0.3489976222306688, 0.29931445674009177, 0.27660683098870026, 0.2793143035988413, 0.2714938634539656]"
936,"[0.9359212536761415, 0.9322876665996597, 0.93361330804674, 0.946180998084142, 0.958075695040552]","[-24.24294588809869, -22.823721181256424, -22.05225872350287, -21.95558660480764, -21.81987237567116]","[0.27721013348995954, 0.2911465526475465, 0.2965864640491041, 0.42431698946213325, 0.4882442029595221]"
937,"[0.9396932654417415, 0.9406138025023768, 0.9443915803604825, 0.9544436951755257, 0.9590331645444978]","[-24.112284089346574, -22.71094806949294, -21.953042617574347, -21.896449054855836, -21.77611825492759]","[0.3322290315417164, 0.31222428403246905, 0.28983318182632845, 0.2646302860219879, 0.3433555108757867]"
938,"[0.9467080812961486, 0.9466290017613372, 0.9477716952487841, 0.953584957214684, 0.961279983678621]","[-23.98592409440566, -22.4874821121253, -21.689885287544787, -21.59697058229709, -21.561182649704172]","[0.480558351041872, 0.4083704068403577, 0.38234305181077943, 0.39470951985979824, 0.4557043358369316]"
939,"[0.9142150936487486, 0.9127214116857756, 0.9165111899179587, 0.9317161479281124, 0.9381978428085863]","[-22.165441341432967, -21.369865256277315, -20.64150362484171, -19.790356557354755, -20.012890481149295]","[0.8268431411323157, 0.7769739340978592, 0.8125507870629172, 0.9132981444046463, 0.8289539071194946]"
940,"[0.9210339220069046, 0.9212913896344306, 0.9256133533067784, 0.9437095477773241, 0.9519608459878643]","[-24.31777999496035, -23.098307265599466, -22.362420470562665, -22.124104774396365, -21.985505457566923]","[0.16300841446202938, 0.22522259830107005, 0.40661711236646136, 0.21308200274984782, 0.3597254391647518]"
941,"[0.9226745177681718, 0.9250452112586851, 0.9303607408787733, 0.94634148230737, 0.9534142939410244]","[-24.327668482495515, -23.01712360014074, -22.242095517401655, -22.020078035178486, -21.85179451369894]","[0.20984824427609516, 0.20773831765773726, 0.2268569665123686, 0.25320805762286774, 0.2528242320614323]"
942,"[0.9193470447505857, 0.9176222699273006, 0.9200976470881868, 0.9318392880921286, 0.940419616975223]","[-23.6001622309224, -22.78802397584425, -22.30343630038912, -21.930073440514047, -21.92863726779829]","[0.7187984582951374, 0.5821609762685054, 0.4540880561672089, 0.5131679198144838, 0.41132985527958954]"
943,"[0.9259580565030014, 0.9235685171883752, 0.9275687904127177, 0.9396408023603443, 0.9442146345393873]","[-22.79554986165404, -21.86042280066059, -20.982108387740755, -20.239983605287414, -20.7883154127756]","[0.7035323995570423, 0.6578541043993557, 0.7519234372797168, 0.8766484337450603, 0.8167532157289495]"
944,"[0.9277113652431518, 0.9287547372001793, 0.9321697445118236, 0.9446720576871281, 0.9536189577851814]","[-24.205006713906915, -22.759950935235757, -21.927433650739793, -21.663900290764623, -21.709563470803914]","[0.19455355895943058, 0.23666727576745256, 0.2497740908992594, 0.28842713520615954, 0.2806722912696722]"
945,"[0.9381598459244463, 0.9387058365846032, 0.9408269584251349, 0.9503777290881886, 0.9552958451946618]","[-23.838661724238257, -22.414936654388814, -21.670993800041078, -21.682565575769914, -21.794791107231447]","[0.3010663506487997, 0.3464465640410236, 0.3670728795427844, 0.3915838481654785, 0.3605139895134123]"
946,"[0.9189423418623117, 0.9178707347918345, 0.9220730520315665, 0.9336125069855833, 0.936316125874962]","[-22.27169741242738, -21.246944460778867, -20.639950718719323, -20.26481552462536, -20.277323260380687]","[0.9596747732387382, 0.8795677894415994, 0.8582079170068005, 0.9783075252565205, 0.974721781958056]"
947,"[0.922218920207903, 0.9242809075997739, 0.9293306905525429, 0.9459306724155381, 0.95022862281397]","[-24.32883773547395, -22.933066455362138, -22.15028506981698, -22.00508514106286, -22.077135024470138]","[0.4148620817484642, 0.33959453721667865, 0.2874583234143573, 0.3151359342016231, 0.2448858547277258]"
948,"[0.9222352664129978, 0.9220034240742677, 0.9247813680227726, 0.93549426686158, 0.9413548199446238]","[-23.567200099263726, -22.37647061381628, -21.46104918255309, -20.40320282176967, -20.29308914505404]","[0.6931424037211819, 0.6484087686047179, 0.6933646114385343, 0.8491158797215923, 0.9257862071991892]"
949,"[0.9149258657999614, 0.9139762726431602, 0.9166296167545086, 0.93420395186563, 0.9434583278896553]","[-24.163244982802745, -22.685711039418365, -21.90762771824238, -21.92486190536045, -22.028148300771303]","[0.3597605568608111, 0.4135440978262414, 0.44537074448991515, 0.44816094213166774, 0.4655700790726886]"
950,"[0.9168146497715107, 0.9179778613311209, 0.9232705307399826, 0.9439352088352704, 0.9491850474675744]","[-24.615051885448725, -23.180050724717233, -22.359109952979644, -22.08422457888814, -22.094492182212498]","[0.20900687274824903, 0.37862312192438585, 0.36060189263526526, 0.3678417133358191, 0.17702168864831092]"
951,"[0.9241413392447339, 0.9263391089435318, 0.9312673073594785, 0.9466513509116212, 0.9510454111306698]","[-24.33368765889648, -22.863829254319402, -22.056346844329017, -21.923359880922778, -21.931848813705745]","[0.44460717069157013, 0.47670311922444464, 0.48842125888052823, 0.5121335656012203, 0.4863494039958267]"
952,"[0.9308625247875938, 0.9300039895549286, 0.9319917636387213, 0.9451754444837143, 0.9559257940016658]","[-24.288085262879196, -22.87769369003766, -22.11444748868733, -21.98795708231193, -21.840871896595925]","[0.4106636060702718, 0.4280065354368716, 0.4681198345486731, 0.48873145915826005, 0.4603395643044634]"
953,"[0.9090851212678202, 0.9068997798778597, 0.911438384827992, 0.9327561204914123, 0.9361995957758031]","[-22.1305340218171, -21.571829598105708, -21.14312882586036, -20.489460559639575, -20.838110527288997]","[1.01928128675705, 0.833575345750522, 0.7251830404213903, 0.8246835421576575, 0.822066324855775]"
954,"[0.9263806451566123, 0.9268125570794097, 0.9294450971233486, 0.9407112832985312, 0.9464262557046277]","[-24.27549820786439, -22.830329927730673, -22.056134202961218, -21.999105628168895, -21.99031451153668]","[0.44477201139234035, 0.44674795721318306, 0.45834895105997475, 0.5131998553408291, 0.5484793339382342]"
955,"[0.930926439062211, 0.9325674692546229, 0.9361888821532215, 0.944639879272039, 0.9483543289410553]","[-24.37393994807143, -22.975479302834945, -22.189727069644718, -22.03146622309408, -21.90710458485133]","[0.31939896279398894, 0.23066879152551867, 0.2141285989420707, 0.22160120860929414, 0.33648936656815226]"
956,"[0.9191780767624979, 0.920232537078684, 0.9245979182886265, 0.9422914586364566, 0.948502421203952]","[-24.22343797414139, -22.88017274075455, -22.087059226418877, -21.79651205334094, -21.51477278831462]","[0.2495415608438563, 0.28999102385611797, 0.31646328880087776, 0.323000046316669, 0.2758704086936444]"
957,"[0.9226148215765227, 0.9232602593159929, 0.9275429991588832, 0.9405203388995418, 0.944668687661883]","[-22.783157882320992, -21.425894181780464, -20.599203857079868, -20.3870107293443, -20.444753403843375]","[0.9579965402941889, 0.9735049122034563, 1.0336432251877696, 1.050975510319473, 1.0004426757695417]"
958,"[0.918135978846152, 0.9206920825057221, 0.924472344656287, 0.9357472132940423, 0.9409822585407531]","[-24.739324456492557, -23.2798550261705, -22.472359481759597, -22.317610819565676, -22.240088465685268]","[0.20559783265302498, 0.2769675197588983, 0.34223074208104237, 0.4130438867457288, 0.2910882665482038]"
959,"[0.927055443994908, 0.9268941438604718, 0.9306972228783651, 0.9423915955154654, 0.9429471495342846]","[-23.46903746597956, -21.980989731067602, -21.087300920472018, -20.635264171593125, -20.450982680673416]","[0.9103661185758567, 0.9572930621139472, 1.0031479415659397, 1.1499315442599827, 1.0936181166226626]"
960,"[0.9155674382889143, 0.9164316759004577, 0.9193157770242144, 0.9319557808516211, 0.9420694818982746]","[-24.34599703537764, -22.887446693626618, -22.109521643089373, -22.01740295036481, -21.88057024750447]","[0.3566522424430376, 0.3393055129116944, 0.35468017735043794, 0.4580445723417053, 0.5294335777990973]"
961,"[0.9261213561252556, 0.9257024155441759, 0.9282922144662015, 0.9414334421814053, 0.9520377284163322]","[-24.60899543355411, -23.201274155489042, -22.422199488362693, -22.233853604703388, -22.003559547696884]","[0.26054921674741377, 0.2657703586174976, 0.2641848670085095, 0.2676212188573164, 0.26188305342069856]"
962,"[0.9384575504803947, 0.9393543753014928, 0.9410315896891103, 0.9484829843366057, 0.9556753044543391]","[-23.895126885048807, -22.357422135917187, -21.554389676565204, -21.443714492829017, -21.428031677902506]","[0.5579583705295239, 0.5226169822451048, 0.5235236851378656, 0.606114478536481, 0.7615176693993666]"
963,"[0.9399289791998756, 0.9414251718384268, 0.9437924611522183, 0.9514326996168357, 0.9557033890530844]","[-23.871586639462507, -22.365045521618022, -21.5781188725207, -21.557153095996206, -21.711777320462712]","[0.4398685664859424, 0.43102043283042396, 0.42649338699905326, 0.45741544200059664, 0.36206293964441316]"
964,"[0.924276643673788, 0.9251759583704924, 0.929322219012719, 0.9425033485898702, 0.945000857184232]","[-22.519908556184934, -21.358342312874957, -20.50200605119216, -20.05696244707257, -20.22924308440439]","[1.100282703135802, 1.0394921069130485, 1.0636902456385018, 1.2008448123844342, 1.1790495952915534]"
965,"[0.933872965243954, 0.9339957969362542, 0.9372627119506213, 0.9475174065099261, 0.9525024219711988]","[-24.348608538632273, -22.90375010843377, -22.12269315761473, -22.03813150034625, -22.01294049371308]","[0.20935336042318747, 0.1860032853817384, 0.20931538571516498, 0.22404267948468462, 0.2469038137162463]"
966,"[0.9291822223138464, 0.9319439042873179, 0.9359922949890019, 0.946886851218333, 0.9465997683471674]","[-24.258974561665926, -22.800720635334482, -22.00876971931594, -21.90903349653345, -22.078959161458613]","[0.363751833374406, 0.3878734116828705, 0.3874020552716873, 0.3038202863392956, 0.2836858044566865]"
967,"[0.9116040960992173, 0.909939378732471, 0.9138389181314874, 0.9281553024857803, 0.933370059005806]","[-21.88306654973693, -21.206577421090902, -20.67368891306274, -20.04466994436302, -20.293123611999555]","[0.8804240211017245, 0.6856228080429895, 0.6812357667506475, 0.8610926869837325, 0.8182568818102371]"
968,"[0.9133126596448043, 0.9133941329612874, 0.9184442060421456, 0.9367829663608835, 0.9442780286109697]","[-24.761147005552107, -23.294077113648868, -22.469045210297363, -22.289987192023464, -22.269187349983866]","[0.19309849832900663, 0.1871233286294394, 0.17831081948941332, 0.14643286442658554, 0.11800065986448771]"
969,"[0.9031037799100102, 0.9038440294271253, 0.9086444018429686, 0.9290426527816077, 0.939810482926864]","[-24.909416163794738, -23.487549666163563, -22.69564214756138, -22.536841005348123, -22.42555315903572]","[0.19150446294153925, 0.28913474157919017, 0.3464735678979505, 0.3375520733190836, 0.3102492268608872]"
970,"[0.9240796856460797, 0.9243421219657197, 0.9275376639925748, 0.9407653237197515, 0.9512622943386875]","[-24.65458261470223, -23.268717413189503, -22.490264998583925, -22.302644380988564, -22.098181006198956]","[0.47899296635328537, 0.5358040911675411, 0.5240389382354664, 0.44313061608284954, 0.37623884196334556]"
971,"[0.9169041749845586, 0.9172524065523628, 0.9216896975772428, 0.9402914674158843, 0.9499252009941979]","[-24.583983485245085, -23.18210567156324, -22.381123608352826, -22.16974724755054, -22.064744977670934]","[0.30136661682326144, 0.29967075522416753, 0.3008950193392416, 0.34816411288217725, 0.3082573420592188]"
972,"[0.9298796430467726, 0.9304556974801057, 0.9338425222043202, 0.946372502416762, 0.9518818125917672]","[-24.364892077749737, -22.96122221045108, -22.187218557338554, -22.110917776848105, -21.975468199706942]","[0.35070478854563375, 0.4687480742458111, 0.5163849913076504, 0.4951133180775232, 0.5832457877775931]"
973,"[0.930156631525655, 0.9332783761602435, 0.9372463466552006, 0.9475420404219473, 0.9524421576328841]","[-24.365128077478463, -22.882008835408566, -22.087380946118508, -22.003235405801785, -22.014145321320047]","[0.2945825773357964, 0.2693852283036904, 0.25183821479632607, 0.21867945685149692, 0.1713089599511919]"
974,"[0.9399321863532826, 0.9406338905372267, 0.942753287666544, 0.9494469748965134, 0.9566273987936383]","[-24.18102061661843, -22.646875181096394, -21.805862639156537, -21.6627141143204, -21.7568319261981]","[0.4308760078416921, 0.5250259796278651, 0.6039898364194104, 0.7216653223263874, 0.5345743081095015]"
975,"[0.9280952748942545, 0.9274191616092003, 0.9285304477753729, 0.9345653962004833, 0.9361726019743336]","[-22.167047362725267, -21.31203056234313, -20.682324834515754, -19.997999755698206, -19.718557142858828]","[0.6796000438602828, 0.5629156851280749, 0.5221480052875769, 0.6456694478343473, 0.6554777580654776]"
976,"[0.9227233266177852, 0.9240106312388242, 0.9287022944131471, 0.9459623767789445, 0.9562015254305861]","[-24.083851423118176, -22.8326184103181, -22.04502117228319, -21.662714264010198, -21.806147579185158]","[0.24860090231453857, 0.2318749461686388, 0.26542035134147246, 0.25978387452096413, 0.2773862111851697]"
977,"[0.9280553733348044, 0.9302984008475085, 0.9340653251003583, 0.9460104049472625, 0.9542563372651665]","[-24.29891203274048, -22.874911723067882, -22.099165041222907, -21.97503285428215, -21.82575732212981]","[0.3165013106138328, 0.3249061164366077, 0.32905918865231853, 0.33072461068946496, 0.28104807562350687]"
978,"[0.9084877109519204, 0.9091064305527563, 0.9120804681205164, 0.9248094186415823, 0.9360439917541855]","[-24.21377912703609, -22.855424652453905, -22.105039435794808, -21.938560007753853, -21.59403839413935]","[0.1636530561646629, 0.17908765735505855, 0.196752318400937, 0.18476724971002081, 0.16601690498274344]"
979,"[0.9431854574565992, 0.946586704354062, 0.9487989318546954, 0.9539783808455733, 0.9550570241795634]","[-23.93349213441985, -22.436535491887327, -21.653972433898687, -21.64458812863844, -21.58153499002041]","[0.16745691128559484, 0.1483593741645066, 0.15011825519709324, 0.16165254015470062, 0.18005182647358486]"
980,"[0.9424752393685464, 0.943120882448317, 0.9445319387260659, 0.9485335726732244, 0.9535964396822125]","[-24.00967422699539, -22.569219545185742, -21.82242208091802, -21.84243110348136, -21.72253128363821]","[0.31625992516579915, 0.30232501723765165, 0.28156226485511676, 0.24430307313196256, 0.2549453104658873]"
981,"[0.9196691154253502, 0.9193577052054452, 0.9217239065678164, 0.9311941201603978, 0.9354132965359334]","[-21.932603120088743, -21.32464333008595, -20.981390974050672, -20.531998127083266, -20.343817201956853]","[0.974381289962606, 0.732864808299214, 0.5511004692180527, 0.7919643354003854, 0.7959240183065575]"
982,"[0.9254790279404936, 0.9264161263855831, 0.9305144917598905, 0.945499524102398, 0.9519561652711662]","[-23.653255105136367, -22.554398965945303, -21.783963118987632, -21.206610355424598, -21.179833722105034]","[1.0213067698340987, 0.8666953186101052, 0.7730210345920984, 0.9251771068174276, 0.88566556552601]"
983,"[0.9341232016462787, 0.9352884568779636, 0.9381759894218097, 0.9461575694575486, 0.9501595146675871]","[-24.29330058904001, -22.86910203019855, -22.1221413828589, -22.129160639158183, -22.058168709953545]","[0.2468827850541689, 0.24629812526039546, 0.2539833130738944, 0.3157619256198101, 0.32181127461314646]"
984,"[0.9335279451112429, 0.9343848634110387, 0.9364111077760735, 0.9458588963282598, 0.952276594887344]","[-24.097380156699806, -22.634606184161033, -21.87982978698799, -21.896263473246737, -21.951322175414028]","[0.5557451585250931, 0.5499506840449733, 0.5030946570332081, 0.4387726873179736, 0.5023717252671527]"
985,"[0.9192027009402202, 0.9227464238213231, 0.9284938501258724, 0.9472550926830162, 0.9499671483461419]","[-24.256474123641837, -22.743631203270894, -21.923825285945227, -21.772974912853126, -21.91265957886494]","[0.32003422493608946, 0.4274973493640927, 0.4658186555530334, 0.4479365087285403, 0.3670018681190136]"
986,"[0.9275423526599872, 0.9281820285704497, 0.9313680030901073, 0.9446352801915691, 0.9525346113185645]","[-24.14752267226574, -22.73240109575004, -21.959321989798617, -21.799662803359663, -21.712615593036638]","[0.5943113139861741, 0.6951663392390777, 0.6671968977186903, 0.5673208285032625, 0.6723898722103394]"
987,"[0.9302061670791432, 0.9312811342521649, 0.9343950343065458, 0.9447849130238767, 0.9524385333469438]","[-24.3389599055351, -22.899393339019117, -22.101927212974694, -21.906114306074738, -21.74704748147163]","[0.26183175736982567, 0.25664364901974157, 0.2710616004032954, 0.30187009505647705, 0.36193157934506887]"
988,"[0.9346615321237026, 0.9370409027820736, 0.9398043074320315, 0.9480454065609085, 0.9507820816556702]","[-23.869496057470847, -22.30718081373214, -21.485961887002137, -21.36542084048345, -21.525162452664084]","[0.2168631561516898, 0.24858373097926914, 0.28958684400800105, 0.4117835140825112, 0.4172913007066783]"
989,"[0.9209541210328113, 0.919230937523913, 0.9215072365697807, 0.9330155444053649, 0.9357533880467938]","[-21.07754808682357, -20.515236489922618, -20.45506663197508, -20.835158719120844, -20.773925175809296]","[1.2048402174567152, 1.0902201357182644, 0.9993803776514361, 0.9728435445874114, 0.9404654245359634]"
990,"[0.9274129885853292, 0.927581129962475, 0.9320575719038885, 0.9487723997988372, 0.9536807386450394]","[-23.793620356629372, -22.561653001976644, -21.777988236843694, -21.458191848426843, -21.37806694038237]","[0.5454971901068881, 0.48522019865338045, 0.4394256715050232, 0.5064688801914735, 0.476167752323625]"
991,"[0.921402697156775, 0.9228958070224261, 0.9271862298310098, 0.9401825378796546, 0.9453037463346917]","[-24.357890088553763, -23.093899755768643, -22.33274222028058, -22.11525469605743, -21.940996726514587]","[0.21727349850190913, 0.15087061837526933, 0.13427082420282788, 0.1087419331992643, 0.16944697923799348]"
992,"[0.9355960233772358, 0.9369049764536485, 0.9398945217062435, 0.9488568799622378, 0.9542139604967661]","[-24.255695806051623, -22.891480960066254, -22.125821114169927, -21.961733820076944, -21.765571343163774]","[0.44329206490645073, 0.41174867020171746, 0.39071865944385104, 0.4498834085779843, 0.5307090512417583]"
993,"[0.9217526647337463, 0.925123730783687, 0.9299123763216522, 0.9437713691498977, 0.9455754875804562]","[-24.201466109703713, -22.774997724994712, -21.954669426502925, -21.77667347401103, -21.866818840677062]","[0.2623538601544072, 0.2951270883576004, 0.2517083446746794, 0.1951908843422639, 0.23189516331646365]"
994,"[0.9401740328172851, 0.9408363949985938, 0.9415630737272627, 0.9447885752183038, 0.9474553542897667]","[-24.202725290388525, -22.726270353082587, -21.940363358373517, -21.937368340778416, -21.923604219338753]","[0.3577271682069553, 0.3722475968684176, 0.3889399150963636, 0.4188742700873728, 0.4426393017498039]"
995,"[0.9161700535837239, 0.9160591570530087, 0.9206744861368829, 0.9366328004180523, 0.9360227490417173]","[-23.293081554713105, -22.50601628576669, -21.255512331016956, -20.20907992680451, -20.97831774675214]","[0.862710737975384, 0.908151597403545, 1.0888042163121658, 1.2137843930158074, 0.819068687271428]"
996,"[0.932339660894308, 0.9344573229485923, 0.9369308505353287, 0.944749148500455, 0.9473982192690156]","[-24.2674051735793, -22.781787738502562, -22.00723704141021, -22.014593425728215, -22.041302216378252]","[0.2767409324173177, 0.3190398139300493, 0.35731188117973073, 0.3314638384080808, 0.3520400076785658]"
997,"[0.9229249800575554, 0.9231870660054949, 0.9262032025695062, 0.9363616925442748, 0.943820183253723]","[-24.481521641365823, -23.04012070055079, -22.295486797748485, -22.327666653234658, -22.298823572255696]","[0.2055478955628513, 0.20963190386279215, 0.1984190849592517, 0.19491713677693734, 0.18984976504886014]"
998,"[0.9387865502672122, 0.9428071224766228, 0.9451707530103152, 0.9484861080374319, 0.9464958814980695]","[-24.15685859754415, -22.63978700578779, -21.876915660109695, -21.968293499003785, -22.19770152955206]","[0.46379151411313385, 0.450340657080118, 0.43056872170121124, 0.39268838252968163, 0.3857703129497632]"
999,"[0.9275123335041348, 0.9276335988376078, 0.9302671697374332, 0.9429146556024629, 0.948692010180538]","[-24.551918061418238, -23.13382461324661, -22.3846557006256, -22.29280047015618, -22.248579599416065]","[0.3676887731061318, 0.3887817342635632, 0.40111356976660156, 0.3045858577105706, 0.31483210168517434]"
1000,"[0.9340674394476997, 0.9364969004027826, 0.939020633722855, 0.9466416662869677, 0.9511505340384356]","[-24.51035686707887, -23.071049858581368, -22.318706482627938, -22.28857151223726, -22.278807782718584]","[0.4791585625195574, 0.45413867989817736, 0.43501768294557625, 0.3389749588330838, 0.3347223923323987]"
1001,"[0.9374358375723019, 0.9394192260287182, 0.9407860710361067, 0.944384247927435, 0.9462732966735613]","[-24.15521140955678, -22.71609442882217, -21.985842496089763, -22.023614688783944, -22.0411800998725]","[0.29460030936322446, 0.3072014099000646, 0.32146852453122426, 0.39135167094955436, 0.3800028811999563]"
1002,"[0.9416607215871687, 0.9415517778455685, 0.9426945367591755, 0.950800960201287, 0.9549412759177655]","[-24.297801256566554, -22.860472172896944, -22.086997496361096, -21.901720208526587, -21.762216332203057]","[0.2956564565286926, 0.320312166314715, 0.3356012129399075, 0.321298630878874, 0.2901354344275929]"
1003,"[0.9238848442170596, 0.9243668627207695, 0.9268209055558214, 0.9380277419994081, 0.9438739313529965]","[-24.726628707148468, -23.226276314332846, -22.443470315127712, -22.377614890530463, -22.34208966303591]","[0.24238585471082552, 0.2481217785998825, 0.2517277475928623, 0.2390795705719281, 0.24727424507978493]"
1004,"[0.9406932421566573, 0.9431828177922572, 0.9453079163723529, 0.948896358406708, 0.9498593947671107]","[-24.368523438064436, -22.953767820546563, -22.21166240510695, -22.16259293593406, -22.107541728233173]","[0.23590362315700425, 0.23841087251200338, 0.23667361842952434, 0.2526285701293542, 0.23486835515210222]"
1005,"[0.9467345728924269, 0.9484573528225907, 0.9497037117369052, 0.9536889500730343, 0.9573987736172405]","[-24.24982390327974, -22.82280652284087, -22.071885326037748, -21.967908269150993, -21.89612479498486]","[0.2198001304574941, 0.23428361150510535, 0.2447523507116927, 0.26898329652669667, 0.26989375634833374]"
1006,"[0.9376318474402471, 0.9387668289898422, 0.9400656790269551, 0.9470626209761112, 0.9521367657648484]","[-24.384662646903102, -23.007746045522406, -22.267569481454423, -22.123145333324167, -21.97856801648175]","[0.6044720268852184, 0.6035765930391456, 0.5898138878982012, 0.5252079755434355, 0.5638841815118609]"
1007,"[0.940167337397297, 0.9403905207682772, 0.9413919502329914, 0.9457683444888109, 0.9511197576352118]","[-24.169447668851426, -22.72023621655703, -21.982312855730864, -22.064297239394357, -22.095162894841636]","[0.29355286689162163, 0.30680436280455137, 0.31764985552121433, 0.34298850877996745, 0.3218263904093314]"
1008,"[0.9388667954558486, 0.9405813930805248, 0.9414097299188882, 0.9441297791881818, 0.9455276343588677]","[-24.554618001900373, -23.104267313910952, -22.365309544224594, -22.43770204226883, -22.44272007636282]","[0.32838602530082245, 0.36617636330349984, 0.3955914483813362, 0.3763397771679607, 0.292751250679752]"
1009,"[0.9342830166706109, 0.9364147055920806, 0.9390499684447985, 0.9450586384566667, 0.945404004351258]","[-24.677478528385425, -23.17212304666796, -22.385559726203496, -22.324083931297338, -22.375340478586782]","[0.4193221223868214, 0.3309219459080705, 0.3099779697426392, 0.33776692190474494, 0.27552819809054907]"
1010,"[0.9336484007735442, 0.9354327490189749, 0.9383525123209465, 0.9468787435525284, 0.9501226498668446]","[-24.290248481920443, -22.856768807379638, -22.105632364163593, -22.015822060026068, -21.983039734180412]","[0.3597690381040881, 0.28847767809798586, 0.2681246279458768, 0.248821051568875, 0.28711902650756943]"
1011,"[0.9453645265116121, 0.9458169383294533, 0.9461522740521053, 0.9484102516912419, 0.9507795050499567]","[-24.286833290309353, -22.87394653165325, -22.15033302600776, -22.174266432199516, -22.084921875172864]","[0.37374147672184055, 0.36723818159816435, 0.3944338158983679, 0.36694563121414225, 0.43429529440611087]"
1012,"[0.9392858773844158, 0.9410428080844847, 0.9424516330108679, 0.9467312724592146, 0.9474967847978848]","[-24.43783348122059, -23.003772026651003, -22.257128930268397, -22.226035571426223, -22.203758001357187]","[0.3606125929083512, 0.36019685804667667, 0.36523499672304727, 0.41692894612575265, 0.4105601359965201]"
1013,"[0.9322390189030487, 0.9325888545151693, 0.9342674064810086, 0.9414293566604511, 0.9470239563819505]","[-24.52185000272575, -23.017466267837825, -22.206418520160923, -22.019151105596908, -21.931722108834293]","[0.5440171401766324, 0.6174103051069201, 0.6594839602385111, 0.6748928398775711, 0.6269177959245419]"
1014,"[0.915946357537939, 0.9109489025504149, 0.9130874722085285, 0.9290339099464171, 0.938625345388268]","[-22.309914908149047, -21.570072796359714, -20.760079056844976, -19.811743907338865, -20.07362194505327]","[1.0865637397943653, 0.9610371257595888, 1.0687453768856081, 1.1696723214335734, 1.1335068740242102]"
1015,"[0.9286483391941542, 0.9318977040628639, 0.9360183697280909, 0.9493289318182466, 0.9521244280106111]","[-24.407400988053727, -22.932320775997546, -22.15464127467306, -22.054260386522632, -22.156379437450337]","[0.34452319565030415, 0.35930714851669293, 0.35531066850455545, 0.3151779946374468, 0.2791766551312502]"
1016,"[0.9254869961027072, 0.9263940786919254, 0.9326827558530554, 0.9517925830323652, 0.9532805721078486]","[-24.31539886945874, -22.892708067548572, -22.081659671247362, -21.847965115928464, -22.016749773445735]","[0.30984561580916237, 0.2818780540272066, 0.28606909160851796, 0.3527731762111614, 0.36578794610092435]"
1017,"[0.9308705463801025, 0.931280571737572, 0.9343421853343359, 0.945928993252163, 0.9499447833527195]","[-24.680335971966237, -23.224728265547164, -22.45415055561166, -22.379489707564158, -22.425284800527084]","[0.22931122612781504, 0.22827018975821725, 0.22641224439823446, 0.3082432967130834, 0.34707030283050594]"
1018,"[0.9238376455613185, 0.922432903627953, 0.9254696977349612, 0.9401064536024355, 0.9478511881436942]","[-24.195468474786367, -23.171371025488096, -22.571422177631984, -22.39677474852281, -22.328036517845838]","[0.45815802286579277, 0.3614918269473389, 0.3083482354890255, 0.3418273363048269, 0.33250332026846874]"
1019,"[0.9319127112131784, 0.9331812401797468, 0.9362175321777186, 0.9429243178833404, 0.9424381024914475]","[-23.524502732250934, -22.234671060304372, -21.484524133558836, -21.092763789012647, -21.064436707877103]","[0.5369010588878455, 0.5273978304154463, 0.5944402786626409, 0.5496609772151417, 0.4819079129244385]"
1020,"[0.940397542989493, 0.9369073242609997, 0.9369027660151931, 0.9431502192017855, 0.9469225463878008]","[-23.286248399591628, -22.67338729707827, -22.37169907821247, -22.042017655535712, -22.437923490695717]","[0.5389325717109151, 0.43901952420029555, 0.32300670582329544, 0.2307149237747847, 0.26907325139082033]"
1021,"[0.9455180351694614, 0.9367544031535302, 0.9337967738928861, 0.9433577875713008, 0.9458222610242323]","[-21.322854024849722, -21.129069672019597, -21.709212397674968, -20.88362625997403, -22.295617425874948]","[0.579814652476615, 0.5481419151985992, 0.4582592093269353, 0.6156576420331092, 0.40266539821771136]"
1022,"[0.9371932706547982, 0.9383108912349241, 0.9403373900948603, 0.9474721061292682, 0.9492617269044242]","[-23.734912838061213, -22.63483519139604, -21.98372023283033, -21.762328972181344, -21.754410088097774]","[0.6892777084822805, 0.4715942977557434, 0.4694392590339154, 0.5275526544013162, 0.47959771680429064]"
1023,"[0.9299115949846514, 0.9302916618886072, 0.9328507758027541, 0.9442426876312947, 0.9476629890481727]","[-23.077129211795178, -22.2449414478511, -21.411193558317173, -20.512040498201785, -20.89882654367398]","[1.0402273536204432, 0.7208975500014704, 0.8669779084033192, 1.0279960160714425, 0.7743081801461458]"
1024,"[0.9304812381731692, 0.9326322116598774, 0.9366700718024304, 0.9503230537900255, 0.9532439008917916]","[-24.37159282425913, -22.971259387431687, -22.226833392669114, -22.193728351938528, -22.230971799526372]","[0.223057821783813, 0.25487114661239396, 0.26621976873494985, 0.2528323097457091, 0.1913816154494577]"
1025,"[0.9286801392434701, 0.9302606337631918, 0.9340400149880879, 0.9434103741387777, 0.9456214134996124]","[-24.44544112016341, -22.993689925470353, -22.24708802206864, -22.302774531299228, -22.419310102834384]","[0.1914828564753282, 0.18764364644532908, 0.20320263222758547, 0.29773788370635196, 0.3692426750585687]"
1026,"[0.9254090619698709, 0.9269329766778378, 0.9311521414966425, 0.9437704962757789, 0.9484421717547191]","[-23.176145172146732, -21.499698300489545, -20.60125425380725, -20.729463010782904, -21.60458484516568]","[1.0388545241700011, 1.1208291559549777, 1.105986159037577, 0.937207421848923, 0.5304139417766031]"
1027,"[0.9341571183888752, 0.9347931611199084, 0.9369165376560489, 0.9447448724286274, 0.9465471550608046]","[-24.433492217693615, -23.01081337656442, -22.272156505561007, -22.277371596714456, -22.305757912451487]","[0.24282980128427425, 0.26340128277468694, 0.27718079264688306, 0.3072264702681391, 0.2761329339082131]"
1028,"[0.9309951630963216, 0.9321551107685963, 0.9333469509709521, 0.9385150337298668, 0.942683063298516]","[-24.72087587994203, -23.260499779721258, -22.50437232500193, -22.534347315035777, -22.53132736987299]","[0.2556898356727198, 0.2696545331249804, 0.26696106508382217, 0.345825184816801, 0.4633269587066871]"
1029,"[0.9340255683127744, 0.9352806961348914, 0.936792842000414, 0.9418180673457619, 0.9454080297943845]","[-24.7042529700599, -23.260773736665335, -22.525323029309398, -22.609742479379126, -22.62838218144358]","[0.2765157124756482, 0.3207188087677312, 0.3732557954232987, 0.4874605239427358, 0.32786341528932306]"
1030,"[0.9316169677079934, 0.9324108070179019, 0.9343173704095576, 0.939889997867842, 0.9434220265836321]","[-24.648068342695648, -23.232363530410044, -22.498502192496904, -22.537113775831777, -22.526928608966905]","[0.332203908295467, 0.3456203695044103, 0.3534585967452612, 0.3508507280576897, 0.3566347729390428]"
1031,"[0.9163087112040033, 0.9162862970234844, 0.9185980547923895, 0.9320428500836826, 0.9455561663331786]","[-24.733935647083708, -23.329442577932546, -22.57608523493399, -22.48771376121125, -22.346541281605454]","[0.2752210237010809, 0.3124572977625431, 0.3178733259417782, 0.2680808805612615, 0.2829633829011073]"
1032,"[0.9231543350394036, 0.9229874028450042, 0.9253713455421108, 0.9355159100583974, 0.944538403200502]","[-24.634465163190985, -23.19182829394514, -22.436033746557214, -22.39664201761316, -22.32612755473578]","[0.3398985889450056, 0.39259541543686455, 0.4270252920282731, 0.48239618152520186, 0.41259209730752666]"
1033,"[0.9386172948669126, 0.9394939434545403, 0.9418397088991176, 0.9469386022424744, 0.9487278836154603]","[-24.36268012769665, -22.943745664796083, -22.21537874629826, -22.299906102066778, -22.311258869108688]","[0.37246061810337033, 0.3081916341714453, 0.3135717589695877, 0.3505842929208121, 0.40886841836156934]"
1034,"[0.9402321713802606, 0.9408954876849901, 0.9408064819577184, 0.9433622662115613, 0.9463402678926714]","[-24.52047144554365, -23.04300314353774, -22.276628790889067, -22.296234593636733, -22.330449823164077]","[0.3890983609401251, 0.35536960794784916, 0.35376001816646835, 0.3849106260439248, 0.43101421635052894]"
1035,"[0.9228140438470577, 0.923346319472301, 0.9248661110376319, 0.9334758375092433, 0.9411329972665176]","[-24.68152905627124, -23.19519049650711, -22.40903994520019, -22.36600710630578, -22.43405928220742]","[0.385773463597827, 0.409089633978707, 0.4119283110990535, 0.4659110732795885, 0.4842759832222734]"
1036,"[0.9365319182954005, 0.9356692755375703, 0.9366934795301828, 0.9431504211285852, 0.9495376072455095]","[-24.50479242558961, -23.044402942411335, -22.286619808942042, -22.287534368430073, -22.29861900553913]","[0.5321505121365119, 0.5506493292570964, 0.5205711988470727, 0.3651923624133638, 0.35884485378517694]"
1037,"[0.9172207526754454, 0.9167648654765674, 0.9187559608362688, 0.9300546022940276, 0.941027173606433]","[-24.64419267272891, -23.23692318423615, -22.510538179786, -22.539116543956766, -22.486857768347587]","[0.23621686970006872, 0.21766315647316023, 0.21055302450786573, 0.2403606568453995, 0.20976670601021025]"
1038,"[0.9269882679524585, 0.9264372375228443, 0.9298032678093261, 0.9402976088435644, 0.9471463710078611]","[-24.569193829761545, -23.18229124665627, -22.443741766293076, -22.43756724549727, -22.349062608028053]","[0.4146688529560069, 0.42430396842638074, 0.4168056941281114, 0.3670088478363635, 0.33365345152207493]"
1039,"[0.9269257246222604, 0.9275385938393762, 0.9307178978115994, 0.9424580656829088, 0.948102514366904]","[-24.434566529869134, -23.005554822395368, -22.233875154286338, -22.134629732713574, -22.095846600474555]","[0.337420907845721, 0.36059760497197746, 0.35086924667916014, 0.31423471555253224, 0.3657266389586713]"
1040,"[0.9138896698081418, 0.9155008431621369, 0.9192762207051178, 0.9292184759525148, 0.9303516223560608]","[-23.151971408870814, -21.69093099824933, -20.841170660604906, -20.34280184266452, -20.230540508746063]","[0.8811038554366364, 0.9038005557148, 0.9897806495884826, 1.128544177510646, 1.1954522566418546]"
1041,"[0.9266199012950169, 0.9256368055583731, 0.9279389986255316, 0.9396650991006769, 0.945294843244052]","[-24.579155154970472, -23.17507609499753, -22.430111691823743, -22.372252202282397, -22.280729118725688]","[0.3135729194482893, 0.3735201750822793, 0.37459147327901116, 0.3339545052592579, 0.26814435412052723]"
1042,"[0.9185124602855596, 0.9193342059094249, 0.9234858135962042, 0.9392233622677644, 0.9467618789670349]","[-24.443379909982653, -23.012188386658067, -22.233574970209546, -22.091415812792064, -22.07016804062]","[0.34335738998362264, 0.3865480879232896, 0.3989878246803314, 0.426075737494361, 0.38504201841116203]"
1043,"[0.9239192348915218, 0.9248822375602457, 0.9283636532916757, 0.9396346063060116, 0.9455786616078939]","[-24.600757568588183, -23.17918260749123, -22.38860549862915, -22.229255798890236, -22.159915614655397]","[0.17970867536155935, 0.28586747248046135, 0.32639534444797413, 0.3405214044194638, 0.21905515378708143]"
1044,"[0.9184283783172571, 0.9191757450335337, 0.923262582918432, 0.9346841768685719, 0.9431566555842227]","[-24.693208157670103, -23.280383098817932, -22.50134969680604, -22.370163386356143, -22.22686746875367]","[0.34807312380591643, 0.36097237985904773, 0.3572544098579644, 0.4028157376105162, 0.4493660869719961]"
1045,"[0.9163645759097766, 0.9179571656386568, 0.9218455806604559, 0.9344164991825423, 0.9422123943217576]","[-24.500977834592064, -23.07077406421267, -22.29715834363692, -22.21483878816122, -22.156143128628248]","[0.4455474550496152, 0.511731596268862, 0.5391344943150062, 0.5399451553952241, 0.4498945986076776]"
1046,"[0.9303132183811775, 0.932319619621613, 0.9354195755716616, 0.9439694627093087, 0.949682424694106]","[-24.344832306358548, -22.88380081879651, -22.102506377117475, -22.0299817953871, -21.90638690265091]","[0.4232404246887924, 0.37896868261357286, 0.34840503764639513, 0.31970482943286693, 0.30550979967968034]"
1047,"[0.9213855071845853, 0.921944599797595, 0.9245346008775286, 0.9336089421076975, 0.9330910518989821]","[-23.007341113851655, -21.83171004479137, -20.720322761906402, -19.9063232827892, -20.732938505363844]","[1.024703213973252, 0.9327277370078276, 1.01008088590858, 1.1559503199226142, 0.9965244820423717]"
1048,"[0.9302456129535878, 0.9334234666730885, 0.9359923596566181, 0.9440702449044731, 0.9462816179010777]","[-24.70505942769784, -23.237716917405482, -22.467823242952367, -22.387640372327578, -22.348905883489547]","[0.31053000094543864, 0.29600819284805624, 0.3117099624602844, 0.3431578931916941, 0.3475704378478075]"
1049,"[0.9223638193953897, 0.925463773795306, 0.9303094874455393, 0.944799181053022, 0.9488601626179509]","[-24.245683924060433, -22.76859579034394, -21.99821239323845, -21.99848855625332, -22.2063981137362]","[0.43378267026730766, 0.45846916545733185, 0.42840652080296976, 0.2932833904681315, 0.23837034368069218]"
1050,"[0.9104144093807146, 0.9109127737064449, 0.9159334298994878, 0.9330368918974378, 0.933864954140202]","[-23.591715284783273, -22.149408493239854, -21.311107305835506, -20.79688524785064, -20.38948289936084]","[0.8083267444598113, 0.7932405973229396, 0.7796730343088832, 0.8526453150887692, 0.9006128217529757]"
1051,"[0.9172450495564017, 0.9161510748002103, 0.9210602426655082, 0.9373035819317299, 0.9431301100952927]","[-22.934702617749096, -22.267332529921543, -21.670465389996007, -20.998640731596673, -21.09249585531943]","[1.1258127894419965, 0.7888471327684855, 0.5512775330058778, 0.8223756303386722, 0.7721360986584718]"
1052,"[0.9146942398480619, 0.910811085954072, 0.9127721801111203, 0.9261517848068287, 0.9295973098777285]","[-22.79955871492292, -22.12400552262566, -21.544143087048777, -20.897430682224243, -20.467133451036933]","[1.1515568292611487, 0.9314101253474718, 0.8830376311146946, 1.0082541555767703, 1.1078516886567866]"
1053,"[0.9258652652971984, 0.9253177550089268, 0.9305545659060597, 0.9464294129515926, 0.9508070120698465]","[-24.67004464709772, -23.375925686866122, -22.5645682879222, -22.187047908860087, -22.01371592790588]","[0.31535979539757597, 0.3956429717745747, 0.39897577328431527, 0.3571082367340788, 0.29870587602011334]"
1054,"[0.9200410633691336, 0.9196680982152811, 0.9224910656296152, 0.9364025002490926, 0.9462639180504939]","[-24.454426539307384, -23.079164530496733, -22.318083810476654, -22.163159917528414, -21.981902845612343]","[0.34090378074667055, 0.33721543582331626, 0.3257045676680641, 0.30547776723516, 0.3107115977216645]"
1055,"[0.9242241448666669, 0.9252124016272479, 0.9298431895220027, 0.9452755352517729, 0.946926267821187]","[-22.9611295453683, -22.064984188966076, -21.537873048453765, -21.316866449847232, -20.807556346532337]","[0.9293805680570149, 0.8180244425029695, 0.7692372758269718, 0.8029992218032549, 0.9079096814729494]"
1056,"[0.9247241286156789, 0.9248803287725625, 0.9288716992902255, 0.9433081950841701, 0.9488584019667468]","[-24.47869456951745, -23.03853433133186, -22.255622540068746, -22.12853524997557, -22.10237427404801]","[0.4427009695667551, 0.39447463982518416, 0.35283453515147606, 0.30062231631863834, 0.3471447593284005]"
1057,"[0.9262352831997507, 0.9288153612818663, 0.932958782669902, 0.9450163401108922, 0.9485223427494404]","[-24.298504782457805, -22.840687956992102, -22.061101975151278, -22.00752083715761, -22.064377856465732]","[0.45968722381776705, 0.43027964098628424, 0.41334766704653464, 0.38349872025329873, 0.3976836901662641]"
1058,"[0.9308817890046522, 0.9330754112621632, 0.9367813221414734, 0.947857126233504, 0.952667416477916]","[-23.969151584583763, -22.5247638070981, -21.750173939793605, -21.613794497350202, -21.538528428883716]","[0.5676645113749053, 0.5331127598137675, 0.5182900024264282, 0.4561414241161627, 0.45423460035625474]"
1059,"[0.9384239874187608, 0.9382870327921553, 0.9406193148783527, 0.9487732702389196, 0.9539395908818199]","[-24.22737783890545, -22.805631865151206, -22.05536473205934, -22.008460628782554, -21.902981571298202]","[0.2584276553270123, 0.2694789573082132, 0.2771621992647863, 0.28407330883411813, 0.268143952103858]"
1060,"[0.9295915651730424, 0.9315288996400878, 0.933870777034938, 0.9428438798757834, 0.9508994959028461]","[-24.30390261889681, -22.846241770044184, -22.077337082841893, -22.064677033370003, -21.997780495878104]","[0.34639194694384595, 0.4461402923235766, 0.49090272151724346, 0.5246164593233261, 0.41040640239663245]"
1061,"[0.9274043833092074, 0.9285912843359673, 0.9310629160496477, 0.9440651646343226, 0.952637385942764]","[-24.296877927162047, -22.83868345988312, -22.056858216440563, -21.942249521237965, -21.896553039111005]","[0.2961827142319697, 0.3336731910816256, 0.35097045674648664, 0.38768313919446684, 0.38839811227322]"
1062,"[0.927092330338661, 0.9267118133233813, 0.9290721087401114, 0.9407078537219866, 0.9519666430968844]","[-24.35041502047565, -22.87818327745754, -22.088414924325694, -22.028087569740322, -21.91929349474259]","[0.35318618660287315, 0.3173186520707933, 0.2777781148625186, 0.23718651079280356, 0.2846731156234953]"
1063,"[0.931821914084232, 0.935888379705704, 0.9396880994928121, 0.9485316854830111, 0.9533965937311862]","[-23.932315088837512, -22.432511696514258, -21.656794839145334, -21.68944550819449, -21.771652606310212]","[0.32495928093532006, 0.3224216720295604, 0.32552040911622215, 0.3177786717360171, 0.3548679176807739]"
1064,"[0.9402510667290999, 0.9402331303215609, 0.9430438420602494, 0.9523973163072896, 0.9620239910897092]","[-23.965983207623708, -22.52252662428777, -21.713271364425495, -21.521335146450678, -21.426786573952104]","[0.33251866702233795, 0.2960667598173405, 0.28700088373796834, 0.31937705352798357, 0.33499012574923026]"
1065,"[0.9134719999755168, 0.9086759612919154, 0.9101630730472606, 0.9244438748850436, 0.9277722509791259]","[-21.24746047686603, -20.648712601725137, -20.271822695817658, -19.730721821851205, -20.120031298558217]","[1.0059495556150588, 0.9229533301799099, 0.8338078631524756, 0.9080146558453305, 0.8678549652376518]"
1066,"[0.9339011049365422, 0.9350553112691061, 0.9377408211221541, 0.9488977040439427, 0.9568095012103814]","[-24.16472737877156, -22.784609535280296, -22.03725835317782, -21.986179150308335, -21.872001693643085]","[0.4861538171562369, 0.4698400443366813, 0.4442152673235985, 0.3784821520255928, 0.3540068509319006]"
1067,"[0.9244468198132971, 0.9246025150704283, 0.9282021718413774, 0.9407210206003858, 0.9449354125800266]","[-23.799446019520456, -22.403503732697068, -21.596225415981557, -21.584201754036048, -21.3483929461086]","[0.306377465226098, 0.3791897166483661, 0.5023351509174994, 0.586158142511948, 0.7048101943250733]"
1068,"[0.9152697449709979, 0.9161572709558545, 0.9215255244674613, 0.9430486075718408, 0.9536829912860969]","[-24.53575289004403, -23.160400861780495, -22.360408907695653, -22.13474109770137, -21.960471666003606]","[0.3115553548905139, 0.3184256472477874, 0.3058153609451998, 0.3599267748023799, 0.40185440292538]"
1069,"[0.9326505685827192, 0.9323164025793585, 0.9365828210973817, 0.9506038515557688, 0.9563328389365513]","[-24.341734301984335, -22.94365039746241, -22.154368497347193, -21.991457759182452, -21.906288771364913]","[0.23436610442110428, 0.2081682205376223, 0.16757794762348696, 0.08568125183103038, 0.10679787325165249]"
1070,"[0.9383981138156355, 0.9394064675131982, 0.9425520789861723, 0.9524172053580656, 0.958779592576444]","[-24.325273979669657, -22.864432164541054, -22.054506415681786, -21.92792835706304, -21.88153257439701]","[0.4409508458505261, 0.35195909148126936, 0.3114919129787504, 0.2457877911735098, 0.28717524629979063]"
1071,"[0.9390310880315907, 0.9400970968233731, 0.9421759821936524, 0.949310396907653, 0.9560782488960127]","[-24.040525347245136, -22.63422162113963, -21.888254023291232, -21.841790674819983, -21.737668076490998]","[0.45397964933328183, 0.42131191709261695, 0.42382749968660294, 0.4829370387492216, 0.3853582035343139]"
1072,"[0.918307562437135, 0.9202021748606032, 0.9234363663857968, 0.9351471068915911, 0.9454444176605157]","[-23.811030568667558, -22.6490735462598, -21.98124117588525, -21.86678396323528, -21.68040702419838]","[0.5362739496487923, 0.42113347525971984, 0.3259063560187246, 0.2502225784486091, 0.2892083549633923]"
1073,"[0.9436114856133423, 0.9454024516375203, 0.9485954640419196, 0.9570892268224138, 0.9600971557377203]","[-23.99750736555336, -22.482747657388675, -21.6393279120693, -21.471502042672462, -21.617613085000468]","[0.2549337225306814, 0.3898287440089152, 0.4186729974142487, 0.5352113989537213, 0.4013951555453424]"
1074,"[0.9103880550685997, 0.9110503028558576, 0.915531437447014, 0.9282315766593477, 0.9338299861077282]","[-22.7594678805399, -21.974209255732536, -21.379021475732205, -20.85742843017648, -20.386943453147243]","[0.5886226837972506, 0.38966061571879645, 0.27214249968366067, 0.37876294266459465, 0.46790119811701747]"
1075,"[0.9131186604582842, 0.9152834986788188, 0.9195898087235157, 0.9348217139804857, 0.940595498208913]","[-23.98742330868369, -22.54940774568154, -21.62279909620974, -21.07418642281061, -21.261230519253402]","[0.12159107509107753, 0.08264404544057012, 0.08365295832186635, 0.1427275372403919, 0.10039936943845]"
1076,"[0.9243003645242929, 0.9238974378898356, 0.9259521833610167, 0.9390730413984391, 0.9539785150692573]","[-24.362836964633583, -22.948307560673673, -22.17199136245988, -22.025403114078003, -21.765038856504194]","[0.5129613100559425, 0.5784833141592679, 0.5418233441892721, 0.5014453745342035, 0.5879028601600417]"
1077,"[0.9209210095965724, 0.9216321975386521, 0.9246194931954224, 0.9386653272137351, 0.9457322919334304]","[-23.578814038178443, -22.446378780629882, -21.37222212049359, -20.273196883698304, -20.6268915203665]","[0.7809700665979594, 0.5729306242890688, 0.793893101523128, 1.061493722264708, 0.9781543677667102]"
1078,"[0.9271883769174644, 0.9303133888202713, 0.9344873650499982, 0.9489335707258113, 0.9539913952216402]","[-24.39003800539673, -22.91231729776137, -22.101847343094697, -21.888523981975055, -21.790902485675623]","[0.2548155259239872, 0.3628545126022365, 0.429369885902217, 0.43482923558593617, 0.3265616970154257]"
1079,"[0.9451093360616066, 0.9461423025730235, 0.9476443681597219, 0.9518507870379088, 0.9577144999335977]","[-23.815028564214654, -22.223610833637522, -21.37844469061606, -21.140332494813226, -21.178353208524296]","[0.2859721648403352, 0.33620081359454357, 0.3604560802694469, 0.3783632315779883, 0.3385359769778853]"
1080,"[0.9440233408698907, 0.9450483258459036, 0.9465920047146346, 0.9521138273314032, 0.956350948503384]","[-24.035417432050977, -22.548481359363922, -21.778022787030558, -21.774006361542167, -21.799256293556244]","[0.39147283053097337, 0.38141120154922115, 0.37976859790077466, 0.41104655756999525, 0.4759246613571308]"
1081,"[0.9074670975950059, 0.9106741445336534, 0.9171432541354474, 0.93652977583033, 0.9367113303604195]","[-23.55673582045923, -22.0733248738904, -21.168165426119252, -20.633825558589393, -20.66197040088899]","[0.4492043544748195, 0.3888335591794629, 0.37915454386058256, 0.38021814543382104, 0.3618156964635529]"
1082,"[0.9342782714525377, 0.9337633770879913, 0.9361643187665145, 0.9466037547811827, 0.9569355941289563]","[-24.298466457831328, -22.871690625819436, -22.10313002809148, -22.023535789987044, -21.860816848264285]","[0.44096297317403343, 0.44145214606764477, 0.4310508309015938, 0.40215000932299566, 0.3641400484381286]"
1083,"[0.9197153143087617, 0.9221260776359111, 0.9279620381010395, 0.9463132260928979, 0.9494893153106437]","[-23.29390214175472, -22.275530287280183, -21.496689120724128, -20.602024879469965, -20.73150107949185]","[0.9673676907703153, 0.7212561950931983, 0.7408550842687214, 1.0091234922632073, 0.8701549369817095]"
1084,"[0.9212608698614634, 0.9228306898606884, 0.928032692824789, 0.9457476273142726, 0.9491520666680832]","[-23.042588675583215, -21.905098223331073, -21.287727476790106, -20.677634390223474, -20.429675464867586]","[0.9221596410944906, 0.8213350261543576, 0.7546983220731671, 0.7831015818499316, 0.8422605102739325]"
1085,"[0.9325830169500247, 0.93240182002048, 0.9347943044067213, 0.9443687426856006, 0.9522166149638681]","[-24.64961730422225, -23.235504023742568, -22.447466967039176, -22.274367874524334, -22.020448879896115]","[0.4113408403847319, 0.4367576877037362, 0.44712939019740455, 0.4473143826547804, 0.470377085165913]"
1086,"[0.9282896008564064, 0.9300000314885342, 0.9345775176949461, 0.9466706365330676, 0.9527317562160629]","[-24.21643874025132, -22.80818465875922, -22.040589331421227, -21.922644429922894, -21.848949579365552]","[0.3337917065497223, 0.3044778697981749, 0.2792915650576885, 0.2942736285435287, 0.34039436558154584]"
1087,"[0.9340380465395124, 0.935061743824138, 0.9381314318310784, 0.948859022983724, 0.9567414368164863]","[-24.018176047006826, -22.53356609950718, -21.734883368853442, -21.630042982272453, -21.650767292449444]","[0.41318668403397213, 0.44978095866801443, 0.4769001125824293, 0.5187452952087559, 0.45460710520055475]"
1088,"[0.9128613193702675, 0.9156563393952892, 0.9233760943274769, 0.9428395356304607, 0.9428716007067711]","[-24.183672781200467, -22.738244401132576, -21.88468212281317, -21.507990123972636, -21.488307338770134]","[0.2697417815895974, 0.2928863501538082, 0.3474206675001488, 0.4902446419151836, 0.32114447943110425]"
1089,"[0.9219792716379707, 0.9194634946037556, 0.9226671544853291, 0.9374170656612933, 0.9422694359462569]","[-22.238492851107882, -21.364902974908325, -20.740305756571487, -20.28733712889412, -19.754255754823767]","[0.7206938495036027, 0.56169127560588, 0.48566613502943756, 0.5895248349869056, 0.6195061868380917]"
1090,"[0.9322026537655279, 0.922866877637764, 0.9237319203795102, 0.9372169796031071, 0.9307004022347388]","[-21.916215888984553, -21.570367825447196, -20.82619246645116, -20.03289523574551, -20.39701546893514]","[0.3636470993675363, 0.5457551689385642, 0.6556215937085889, 0.6615007384098741, 0.5478259824071278]"
1091,"[0.9255077057962038, 0.9244335322387238, 0.9355250961358819, 0.9485341930230416, 0.9465607688136884]","[-23.627460405068316, -23.245479809606778, -22.133963627005592, -21.285844938932083, -22.341759291894554]","[1.750232452971649, 1.439631713875464, 1.4013345748710742, 1.4924077652394465, 1.4710803183204377]"
1092,"[0.9138600248655699, 0.9056128521689144, 0.9080222005299987, 0.9237999405042814, 0.90861025915058]","[-21.994913747911514, -22.16320427261692, -21.608921074405323, -20.47703754415558, -21.56716666736079]","[1.942431202843966, 1.7313936683852307, 1.3954357955957921, 1.4837988871588006, 1.6395797113568118]"
1093,"[0.9218219415029969, 0.9012820491922818, 0.9025100833100841, 0.9276336092540678, 0.8992933911299404]","[-21.768453516499378, -22.3332983477596, -22.572495392270245, -20.859412398556533, -20.953606131017075]","[0.6806450839834908, 0.6759049597826181, 0.5889327144770102, 0.9235512508136267, 0.7152498342343755]"
1094,"[0.9203323404585166, 0.9011602180131294, 0.8924809674902467, 0.9096233616628826, 0.8950804888050202]","[-22.255944160101738, -22.636119948991727, -22.960889170442396, -21.43197856038616, -21.728799208985407]","[0.414087669201158, 0.5238977871857862, 0.6198641691293942, 0.37196230173025796, 0.33189579025970917]"
1095,"[0.9114228166413263, 0.9000611962779087, 0.8977115214463757, 0.9084704124033615, 0.8963979653707435]","[-22.581723023720667, -22.621730643034702, -22.26151459962987, -21.207510121302345, -21.379905520939918]","[0.11394442925053691, 0.14811835025000197, 0.4347699063319557, 0.40787123819387927, 0.15277225824572258]"
1096,"[0.9273144625889447, 0.9130132343861241, 0.905399735065176, 0.9186744981570654, 0.912028598475875]","[-21.945472207313482, -22.189238602149135, -22.8548311107722, -21.653523640208597, -21.142469511910587]","[1.1755755915739567, 1.1993753173586215, 1.7404920706575202, 1.0134918315523989, 1.3472710777525558]"
1097,"[0.9260380998291353, 0.9176634202669279, 0.914302458908638, 0.9194696053766748, 0.9210475688339612]","[-21.78246534865976, -21.42958829550835, -21.20374323072329, -21.067061722393486, -20.532033599678414]","[0.9326069360616465, 0.9388445835676809, 1.0842641560618842, 1.0007312968571451, 1.3364468248001016]"
1098,"[0.8927438286801636, 0.8848467309245301, 0.885088806933862, 0.8941874433359732, 0.8884695335944162]","[-22.29790213777261, -22.19762410930729, -22.18253391815348, -21.749167472675435, -21.634051082590275]","[0.3406399956851704, 0.2754005341501316, 0.219421018860174, 0.39013383192894974, 0.30482956531682875]"
1099,"[0.885910866764008, 0.8824444960247073, 0.8855507410039604, 0.8953228896125897, 0.8966755496451908]","[-22.119878982030844, -21.659254803634724, -21.492453211952306, -21.252884680886968, -20.858788236897368]","[1.3867049478863693, 1.7819568947898845, 1.2921635256878663, 1.1885698523489028, 1.8748372530505946]"
1100,"[0.8856041437122995, 0.8814654587595304, 0.884411302108229, 0.900938364642683, 0.8980989303205084]","[-22.076673306628113, -21.566773258995074, -21.357646936813843, -21.146126159702746, -20.95235345726719]","[0.3841615952797286, 0.48964944644863945, 0.2754723676719093, 0.2822171953157676, 0.39438979326808055]"
1101,"[0.90432252916927, 0.8884863597010767, 0.8834438418149669, 0.8952854329588078, 0.8816748128252251]","[-22.921886223685494, -22.897407437600403, -22.42127378795879, -21.301616515551903, -21.75579966280802]","[0.45598098022105327, 0.5092369289267936, 0.41438917057081576, 0.5847200407436081, 0.5025020761331509]"
1102,"[0.9090029352869129, 0.907095524107616, 0.9088354722527964, 0.9253680619113827, 0.9289006598864518]","[-23.357207636394772, -23.032546836897307, -23.043448820744434, -23.16799959304324, -21.463033443192394]","[0.5873889521520287, 0.47178247569774723, 0.30736422399755536, 0.15786997244503395, 0.5297681068136811]"
1103,"[0.8866560617098469, 0.8789540320847281, 0.8784148314009195, 0.9085291944231102, 0.9252284920195462]","[-27.810712327519198, -27.361247569136538, -27.44018092914745, -27.817885620505052, -25.803771612464654]","[0.18820500190154482, 0.17269724712251303, 0.178783205855138, 0.19003225894580908, 0.2177581131715908]"
1104,"[0.9281031109739073, 0.922735611492014, 0.9173841271214189, 0.9119587786853224, 0.9093681036036924]","[-21.46130516966669, -20.60918744184499, -20.18118037930899, -20.633256542799362, -20.281752717360973]","[1.534230414581531, 2.481031264823775, 1.7700113868403153, 1.3394262269431083, 1.8981492691893993]"
1105,"[0.9215033789797913, 0.9084916654407589, 0.8971530388728282, 0.9137621244632422, 0.9148276945981986]","[-22.3442797884489, -22.750146498456196, -22.94199850288631, -21.358737872213386, -21.444647860678323]","[0.16382143569987376, 0.2918459542466792, 0.12118002473617506, 0.17339711023067061, 0.2873665629788696]"
1106,"[0.9226445746803349, 0.9048508250402656, 0.8947867974238177, 0.9149720797335453, 0.907104703584534]","[-21.807041504920477, -22.087050150868627, -22.468456328061617, -21.186905922616287, -20.942380250687155]","[0.648948724174203, 0.7415931676413361, 0.5969507497859001, 0.5217859250505996, 0.8733949632542521]"
1107,"[0.917846209958138, 0.9095364784018236, 0.916679162138232, 0.9249617776457042, 0.9088513200265783]","[-22.923074296728803, -23.155107974504535, -22.185144206891135, -21.15796151089573, -21.97242344528435]","[0.5805460268232457, 0.6504354834912919, 0.4167344278755262, 0.4045068127147934, 0.789300376282273]"
1108,"[0.9053260526628625, 0.8949018855801115, 0.8949022735027702, 0.9022834501023946, 0.8951055907719038]","[-21.95011600381711, -21.62388019717656, -20.94668621026898, -20.202678024940766, -20.41397156476588]","[0.4772279377750508, 0.5700922668429415, 1.0027296207831746, 0.6976503716030895, 0.6373589847760256]"
1109,"[0.9086394353784335, 0.8959572771199473, 0.897308321387178, 0.9066030706910648, 0.8928992162080586]","[-21.9853537156363, -22.101117401143167, -21.64481049669807, -20.51552829839428, -20.912804462039368]","[0.1522068646069352, 0.16878406124361517, 0.37251084355489245, 0.2587845592275931, 0.17990428656389984]"
1110,"[0.9233276647558178, 0.9123236554667096, 0.9086403027115135, 0.9134664348751761, 0.9097626560943132]","[-21.926633816308698, -21.908347282313414, -21.82645988361686, -21.06490019119454, -20.72604620758428]","[0.3536375943424608, 0.4753024684579743, 0.9396538027695112, 0.6131174796631848, 0.4496755778039057]"
1111,"[0.9245695254091755, 0.9135558723172607, 0.9054350425043824, 0.9119520308598228, 0.9061922304832792]","[-22.228387649592342, -22.185037307159583, -22.070259847151327, -21.242942077890582, -21.090970508092422]","[0.5282438180337748, 0.6345184079026035, 0.527781706583075, 0.43207108604204186, 0.6407883125952333]"
1112,"[0.9067618790223807, 0.8987357317655529, 0.895666772671399, 0.8952558904291003, 0.8950559960159875]","[-22.37937688371701, -22.16602659617654, -22.1610295557261, -21.929529263989224, -20.75909117725337]","[1.0483464228324244, 1.0313227070049926, 0.9973077466806092, 1.1002545759240223, 1.047777798482715]"
1113,"[0.8979238122764106, 0.8874822244295009, 0.8850277473509001, 0.8891747326991004, 0.885580084643928]","[-22.806803408427545, -22.62029770811972, -22.23998839700139, -21.56157162776149, -21.072756683342817]","[0.5461258882376527, 0.6669327772688147, 0.6064169036976224, 0.35319832929625716, 0.897235094573231]"
1114,"[0.8984109766992268, 0.8937582718530407, 0.896088844923355, 0.9058109065444592, 0.890964295975677]","[-23.175840568002357, -22.77174012415379, -22.042662610983704, -21.23864619050539, -21.537741249298143]","[0.24874606622298204, 0.35716219288274015, 0.454733879694309, 0.22545771389697475, 0.44457454928864787]"
1115,"[0.9189582616653414, 0.9082455257142107, 0.9088975386896906, 0.9163073583690472, 0.9055738664197331]","[-22.31737764620425, -22.223744226520747, -21.838585062337398, -21.039341045620745, -21.036050238453928]","[0.6527101253949803, 0.48641268297486356, 0.45164432368802715, 0.5623495732286218, 0.5209274275046191]"
1116,"[0.8959640887903695, 0.8945822766262391, 0.8995027271983425, 0.9056085548686772, 0.8905085003417148]","[-23.297893337204282, -22.99527870456543, -22.512375693162934, -21.887554708562984, -21.429039689793466]","[0.4985418689248599, 0.45974418768958736, 0.4980802627648143, 0.4470974198886151, 0.5172731527474256]"
1117,"[0.8999501731252706, 0.8923709614476839, 0.8951468289704924, 0.9043204770030773, 0.8833668281621012]","[-22.973008830851484, -22.977125013021745, -22.35878628414575, -21.35991255719291, -21.79748913038825]","[0.15143992763495773, 0.25488964591702956, 0.1797649196548996, 0.16849702222693205, 0.302332918264291]"
1118,"[0.8916085338664402, 0.8856281905374056, 0.8891737529921706, 0.8949790403932048, 0.8842102723546073]","[-23.342831570967217, -23.019360096437662, -22.668919879261793, -22.247928003164123, -21.64244286427997]","[0.9344531819034434, 0.6939422906311689, 0.38362756599043724, 0.3792042445602057, 0.7207150025059755]"
1119,"[0.9031347310210317, 0.8967129977336579, 0.8960310187416423, 0.9021452147381622, 0.8901427955472646]","[-23.166907323741352, -23.13838085007979, -22.43149602288898, -21.52509036551517, -21.75905766870229]","[0.37855882098362353, 0.3624260534474226, 0.5283243947736608, 0.5902760200342596, 0.4447786201973486]"
1120,"[0.9231451550330076, 0.9070361365617507, 0.8978603974400633, 0.9167814808708833, 0.9050137631805881]","[-22.676214010918738, -22.972232942622306, -23.424188230256448, -22.08719051869075, -21.721183560604075]","[0.44992197112190185, 0.48760270950023415, 0.7936659820180214, 0.30404767889398737, 0.618747680150636]"
1121,"[0.9019019034335177, 0.9019779117328625, 0.9040861443099015, 0.9088860875593602, 0.9001660203968632]","[-24.282120071955493, -23.056084348552012, -22.276250200571837, -21.903262261429, -21.898893125813824]","[0.19078915425271034, 0.29064380979681337, 0.29867302499585263, 0.22692469499704218, 0.3302948321931032]"
1122,"[0.9235614498184913, 0.9126603589191497, 0.90121027324138, 0.9080933603321316, 0.9146154333136411]","[-22.04720318521739, -22.226024194093615, -22.657068856301102, -21.76799300375801, -20.765883412397717]","[1.0906651258456599, 0.7358761537441036, 0.634901943399671, 0.656310552306526, 0.7973340920758768]"
1123,"[0.9120182834706237, 0.9025974670194231, 0.9005899290608889, 0.90899424254843, 0.8982820843866173]","[-22.35568819180061, -22.71377807665851, -22.888801758391757, -21.363364850381277, -21.404465255091704]","[0.29986553550154355, 0.3389383969394141, 0.5655493134625524, 0.3977443113721796, 0.37421520147522336]"
1124,"[0.9009310476661252, 0.8902425951419316, 0.8919549681573318, 0.9027170551571627, 0.8873289545748858]","[-23.37739000241227, -23.278622154081113, -22.801071162858538, -21.93026811688026, -21.954195269239282]","[0.10502890875456987, 0.17283960446025104, 0.4324070466331116, 0.2151745148373729, 0.18222694085685215]"
1125,"[0.9214771418151224, 0.9056501732721279, 0.8995272119173003, 0.9158669384146392, 0.9075614850528545]","[-22.029210258158596, -22.315801890667153, -22.484897155347316, -21.22654177627633, -20.982215747963142]","[0.5987198052304233, 0.6097540337914523, 0.9060084703435335, 0.7269919894150506, 0.6277416472679367]"
1126,"[0.913991632298829, 0.9010677805129228, 0.892116441618528, 0.9040308046526786, 0.9034133038036878]","[-21.73465162051021, -21.843234441053582, -22.134321927928656, -21.228111760581463, -20.721199108153215]","[0.4947618034371192, 0.32619239500252367, 0.4188362120126576, 0.5766850972178479, 0.341381168032592]"
