epoch,stft_mean_power,wavelet_mean_power
0,"[3.13487783900705e-07, 3.391209263464168e-07, 3.3340250783156316e-07, 3.5061936958973397e-07, 3.7666794876044613e-07]","[1.628156007043102e-05, 1.7615143519598332e-05, 1.7323941217944217e-05, 1.824075274181061e-05, 1.9571938079462006e-05]"
1,"[2.6811946679900085e-07, 2.908516828299937e-07, 2.844700344642443e-07, 3.021328367885507e-07, 3.2140690079605516e-07]","[1.5624773358960907e-05, 1.704398061850881e-05, 1.648143861360751e-05, 1.7867874109300008e-05, 1.8623926406771148e-05]"
2,"[2.1858556616003378e-07, 2.3895112138957824e-07, 2.3014377784938615e-07, 2.5143669440317583e-07, 2.600702854799513e-07]","[1.4388078474090841e-05, 1.5999247499176258e-05, 1.4857985566399493e-05, 1.7230885181349192e-05, 1.6798072090624076e-05]"
3,"[2.2867956709677748e-07, 2.4817693885107234e-07, 2.423032681507692e-07, 2.579411714396774e-07, 2.7377232084567774e-07]","[1.3301776874447787e-05, 1.4567633361201179e-05, 1.3953770787317807e-05, 1.533522573142442e-05, 1.5770055712955347e-05]"
4,"[2.3370258935308505e-07, 2.518111866109443e-07, 2.498082948086995e-07, 2.5917892521988333e-07, 2.821935577780568e-07]","[1.2243026882099646e-05, 1.3241013057726477e-05, 1.3017555716906224e-05, 1.3686669777110348e-05, 1.470731041897552e-05]"
5,"[2.455603734131244e-07, 2.657879883272301e-07, 2.6096095612246937e-07, 2.756414269182626e-07, 2.948379742203176e-07]","[1.2268868818910769e-05, 1.3309572023498497e-05, 1.3001512458547402e-05, 1.3816493343519007e-05, 1.4690303990012026e-05]"
6,"[2.997688452194549e-07, 3.2890424519826154e-07, 3.136247706036993e-07, 3.4640043660992976e-07, 3.5447703384963124e-07]","[1.315007145903517e-05, 1.4306808803907688e-05, 1.3878132671194599e-05, 1.489770804044296e-05, 1.5682603356815786e-05]"
7,"[2.1798820538235428e-07, 2.3693319863785234e-07, 2.3057712142370716e-07, 2.469285811789798e-07, 2.6053827826155793e-07]","[1.178159548580318e-05, 1.2858463822844391e-05, 1.2396335326400288e-05, 1.3455712476632651e-05, 1.4009141820983179e-05]"
8,"[2.1480350046639e-07, 2.3403920489049674e-07, 2.2649603953771142e-07, 2.4428381863451476e-07, 2.5595081654159684e-07]","[1.1746192649974141e-05, 1.2771037349903976e-05, 1.241671969993474e-05, 1.3301528477153284e-05, 1.4030463652786254e-05]"
9,"[2.5153383770354104e-07, 2.72196964503262e-07, 2.673222172376011e-07, 2.814715412139234e-07, 3.020181268577272e-07]","[1.3186786988809856e-05, 1.4265756038481267e-05, 1.4008777569421847e-05, 1.4740536135454194e-05, 1.5827642412177537e-05]"
10,"[2.3853973694801236e-07, 2.600740180007592e-07, 2.512667849094226e-07, 2.7171300334728904e-07, 2.839481095501685e-07]","[1.1712057606834995e-05, 1.272385101294591e-05, 1.2389585346253469e-05, 1.3233516283779683e-05, 1.3999464386862265e-05]"
11,"[2.1555782114534682e-07, 2.3557774549995142e-07, 2.268956485985209e-07, 2.4744329833906125e-07, 2.5640910247434547e-07]","[1.1723577217328154e-05, 1.2757850281414596e-05, 1.2376083849844834e-05, 1.3298162634670925e-05, 1.3985115473672227e-05]"
12,"[3.0343357736301176e-07, 3.278608129011582e-07, 3.231938283754479e-07, 3.3900284830067437e-07, 3.651251280501582e-07]","[1.4308365112342218e-05, 1.5476849169435153e-05, 1.5198843722105002e-05, 1.598477237762377e-05, 1.7172310288601553e-05]"
13,"[2.5754652483346196e-07, 2.7964685348257586e-07, 2.7284786671004194e-07, 2.9065910234052763e-07, 3.082958621772815e-07]","[1.287786377750021e-05, 1.3938191225913245e-05, 1.3671316473536464e-05, 1.44090257739552e-05, 1.544661334181736e-05]"
14,"[3.301987991814261e-07, 3.562935895259778e-07, 3.514252964654811e-07, 3.662656617595717e-07, 3.9704056466773804e-07]","[1.6420185884184674e-05, 1.7735677332117123e-05, 1.7465112042631032e-05, 1.8272083339982583e-05, 1.973228661680569e-05]"
15,"[3.5581626857076784e-07, 3.845102163435172e-07, 3.7794085107699696e-07, 3.960281619340795e-07, 4.2702077674245675e-07]","[1.714998412529505e-05, 1.858595284414776e-05, 1.816162930933537e-05, 1.9224105564238985e-05, 2.052165972954481e-05]"
16,"[3.179981100355272e-07, 3.430858313212792e-07, 3.3842640162714633e-07, 3.5246092583312645e-07, 3.823570204808919e-07]","[1.5698780134861504e-05, 1.6989571154381595e-05, 1.6652408159110506e-05, 1.753882929185604e-05, 1.8815480359248176e-05]"
17,"[3.1830780645329305e-07, 3.443032894496341e-07, 3.3782960134002167e-07, 3.551165033225206e-07, 3.8170777277279656e-07]","[1.6561305462355865e-05, 1.7987366710094195e-05, 1.750052276503605e-05, 1.86696349010151e-05, 1.9775495533893727e-05]"
18,"[3.1653660651866646e-07, 3.431130385230752e-07, 3.3507854526633053e-07, 3.5493129537201137e-07, 3.7862307318117073e-07]","[1.6789720076795572e-05, 1.830989517147295e-05, 1.7660744225748943e-05, 1.9113686369016322e-05, 1.9958828745209334e-05]"
19,"[3.254262261058985e-07, 3.5044583053842304e-07, 3.4726064861653905e-07, 3.593270574847954e-07, 3.9231042263655113e-07]","[1.6297211068891687e-05, 1.770227103462978e-05, 1.7224292809863615e-05, 1.8380908535440728e-05, 1.9463262006267285e-05]"
20,"[3.171154867709573e-07, 3.422531158159904e-07, 3.3737656671069966e-07, 3.520086010246174e-07, 3.8117119243837597e-07]","[1.5280704175069288e-05, 1.6552540649453284e-05, 1.6205467905802135e-05, 1.7129150473937857e-05, 1.8310345166491993e-05]"
21,"[2.989221310766506e-07, 3.235757004769682e-07, 3.168886492083896e-07, 3.340215171520026e-07, 3.580561401936953e-07]","[1.569266727082554e-05, 1.7028902282174506e-05, 1.6605603819768902e-05, 1.766173830170534e-05, 1.876345356184807e-05]"
22,"[3.0080923760322853e-07, 3.251805981422382e-07, 3.194418505284916e-07, 3.350453489484728e-07, 3.609270834901146e-07]","[1.5589080953818074e-05, 1.69209203550142e-05, 1.6488137601143006e-05, 1.7552460888586055e-05, 1.863102909597293e-05]"
23,"[3.136839477867242e-07, 3.3945478304493803e-07, 3.3269407075865617e-07, 3.502929095041139e-07, 3.7591153755253627e-07]","[1.5998126108812336e-05, 1.738491155756447e-05, 1.6895142416159046e-05, 1.8057050477417622e-05, 1.909173662750696e-05]"
24,"[2.798253447987425e-07, 3.034351644508663e-07, 2.9615577340925243e-07, 3.1405561524485724e-07, 3.3464287332114384e-07]","[1.459886029948758e-05, 1.5880024724256422e-05, 1.5410698830274396e-05, 1.6529560201766195e-05, 1.7414385715146793e-05]"
25,"[2.6410348837299434e-07, 2.8581274335310536e-07, 2.801713111917001e-07, 2.950488503436214e-07, 3.1656388439206045e-07]","[1.4906168533405402e-05, 1.6196386260527112e-05, 1.5742925089423216e-05, 1.6819995290450943e-05, 1.7789686656787255e-05]"
26,"[1.8821909196015177e-07, 2.0409507769959118e-07, 1.994346802596725e-07, 2.1156833569557676e-07, 2.2534171754963403e-07]","[1.1887654481013772e-05, 1.297702612389615e-05, 1.250519694265363e-05, 1.3587679403389729e-05, 1.4132161585097866e-05]"
27,"[1.7283690785102627e-07, 1.8788683773806828e-07, 1.8256272922022458e-07, 1.954680683591348e-07, 2.0629641484703385e-07]","[1.1613332675390045e-05, 1.2693808789215031e-05, 1.2198789369182399e-05, 1.3315422680415368e-05, 1.3786386775463277e-05]"
28,"[2.1985029366432988e-07, 2.392289407037157e-07, 2.31887597943253e-07, 2.4898363121518807e-07, 2.6204293201999917e-07]","[1.3042243401812148e-05, 1.4296157005538268e-05, 1.3647563840510704e-05, 1.5045403443217677e-05, 1.542539167896076e-05]"
29,"[2.1813028699006154e-07, 2.3603098511578898e-07, 2.316465225673788e-07, 2.4393356501830703e-07, 2.6172384496282686e-07]","[1.2750673393525216e-05, 1.3966303286768466e-05, 1.3358183063780284e-05, 1.468683280017246e-05, 1.5097682915400822e-05]"
30,"[1.831929330171542e-07, 1.9873254488488015e-07, 1.939926136198514e-07, 2.06092109244384e-07, 2.1919679845654907e-07]","[1.2018952851348878e-05, 1.3159922952728549e-05, 1.2601510714309866e-05, 1.3836646853063825e-05, 1.4242180602889183e-05]"
31,"[1.8468829675662974e-07, 2.011283423170317e-07, 1.947455465161903e-07, 2.097431835835647e-07, 2.200708296295455e-07]","[1.1553550339604042e-05, 1.2637416535773356e-05, 1.2128588860165793e-05, 1.3271589853254826e-05, 1.3707218473441242e-05]"
32,"[2.0812308452262677e-07, 2.2552747610906538e-07, 2.2054693613512682e-07, 2.3360457821051258e-07, 2.49198742271e-07]","[1.1859238569689758e-05, 1.2915281805898159e-05, 1.2511941462302209e-05, 1.3485597065444183e-05, 1.413879560647756e-05]"
33,"[2.1469030482511284e-07, 2.3380198494612824e-07, 2.2642963562487566e-07, 2.4379666234619016e-07, 2.5587416179253107e-07]","[1.2936223126729703e-05, 1.4140632291508958e-05, 1.3595032727280083e-05, 1.484326883774786e-05, 1.5364044818831606e-05]"
34,"[2.2855576637291726e-07, 2.4777099807318653e-07, 2.421101124726037e-07, 2.566378607558795e-07, 2.7356529345593524e-07]","[1.3564029343963751e-05, 1.4833433141406543e-05, 1.4231548357958557e-05, 1.555920259547358e-05, 1.6084272473507604e-05]"
35,"[2.0063353404247415e-07, 2.1791345422911162e-07, 2.1211738032144542e-07, 2.2634121127510802e-07, 2.3968702313757107e-07]","[1.1771616197353528e-05, 1.2851535900978315e-05, 1.238138574049151e-05, 1.3456459220368412e-05, 1.3992353654914138e-05]"
36,"[1.6783964556012344e-07, 1.8145771775674343e-07, 1.7851020745122778e-07, 1.875057563211551e-07, 2.016805751975089e-07]","[1.096786057327922e-05, 1.1901667354851241e-05, 1.1613310966129004e-05, 1.2354309609978162e-05, 1.3122181697217448e-05]"
37,"[2.0961617976026567e-07, 2.2794597397794377e-07, 2.212409968355831e-07, 2.3699745616509398e-07, 2.5000928513374947e-07]","[1.3048766558768941e-05, 1.4271641071432194e-05, 1.3687536988099136e-05, 1.497015942712126e-05, 1.54695957775094e-05]"
38,"[2.78875644721112e-07, 3.0203327432413286e-07, 2.9545711500431266e-07, 3.1203170194617953e-07, 3.3384618503854346e-07]","[1.4064945162752698e-05, 1.5275136415539708e-05, 1.4864392674351936e-05, 1.5854746283141137e-05, 1.67965877406037e-05]"
39,"[3.0089902834314885e-07, 3.25879015701545e-07, 3.188634770039201e-07, 3.367497061976355e-07, 3.6029224068931206e-07]","[1.6316540821139216e-05, 1.7805698574709275e-05, 1.7147740106883877e-05, 1.860276366348581e-05, 1.937952379485477e-05]"
40,"[2.1271387038360067e-07, 2.311068153390537e-07, 2.2475110137107512e-07, 2.4017107150439497e-07, 2.5396909294971354e-07]","[1.313454904234592e-05, 1.4309731243103244e-05, 1.3845205661152929e-05, 1.4935484339894666e-05, 1.5645774531867008e-05]"
41,"[1.7448470631927754e-07, 1.9044286512493558e-07, 1.8365915334651635e-07, 1.9926368469604617e-07, 2.0754784201799165e-07]","[1.1267622030480496e-05, 1.237008329387141e-05, 1.178153489297259e-05, 1.3059884607090726e-05, 1.3316260996239228e-05]"
42,"[1.6711654621652417e-07, 1.8287333090070787e-07, 1.755016377549116e-07, 1.9224528655592966e-07, 1.9834096986602658e-07]","[1.1055084625418066e-05, 1.2136604460559377e-05, 1.156895401256916e-05, 1.2823511409770803e-05, 1.3075585182383447e-05]"
43,"[2.557669773842745e-07, 2.767193093587123e-07, 2.714474960739936e-07, 2.8567384343462564e-07, 3.0670290112000594e-07]","[1.4408122725508506e-05, 1.562259713551346e-05, 1.5261393859920198e-05, 1.6186412994831578e-05, 1.724415794530552e-05]"
44,"[2.4006953929909636e-07, 2.5988093641309853e-07, 2.546475734535966e-07, 2.68460667646489e-07, 2.877232204791563e-07]","[1.3519926950342773e-05, 1.4681091570335745e-05, 1.4301402762334305e-05, 1.5249456248437696e-05, 1.615989152394744e-05]"
45,"[2.4501031098509917e-07, 2.656826834994988e-07, 2.593881211613755e-07, 2.753017598298775e-07, 2.9309493065952884e-07]","[1.3593844111104679e-05, 1.4794430420238684e-05, 1.4344821389078243e-05, 1.5418306880459972e-05, 1.6209950430329738e-05]"
46,"[2.9447711679221413e-07, 3.1836497788528924e-07, 3.1265998168398327e-07, 3.2805456104827855e-07, 3.5326309913085097e-07]","[1.6633765763762887e-05, 1.803055829130355e-05, 1.762283720237053e-05, 1.8671510053943354e-05, 1.9912388057135818e-05]"
47,"[2.0892182266904082e-07, 2.2628637515373301e-07, 2.2152072050693877e-07, 2.339807703564672e-07, 2.5029517461452825e-07]","[1.2121692281111837e-05, 1.316080104055212e-05, 1.2823341451443313e-05, 1.366502964108443e-05, 1.4489812690206409e-05]"
48,"[1.8471404050903655e-07, 2.0037464943747557e-07, 1.9558426234567683e-07, 2.0782996129758302e-07, 2.2099721768578347e-07]","[1.0968361351384096e-05, 1.1955880269819086e-05, 1.1560118323664959e-05, 1.2496837458783136e-05, 1.3063555092763247e-05]"
49,"[1.6770176294054323e-07, 1.8208359378094964e-07, 1.7759680260385262e-07, 1.8949551661024744e-07, 2.0066850408159678e-07]","[1.0754444020017742e-05, 1.17696700723652e-05, 1.1278407989033731e-05, 1.2366048816406915e-05, 1.2746782140516615e-05]"
50,"[2.524723021220345e-07, 2.733238541105171e-07, 2.677403296154822e-07, 2.823094286989205e-07, 3.0251976560299156e-07]","[1.3421873691043655e-05, 1.458878809741891e-05, 1.417701919809057e-05, 1.5168349967825627e-05, 1.602006183873726e-05]"
51,"[2.7298368536560533e-07, 2.954170807169704e-07, 2.894863393275089e-07, 3.047712685016714e-07, 3.270934578261859e-07]","[1.4769422280339252e-05, 1.604298376799139e-05, 1.5603883561745466e-05, 1.6653219186234187e-05, 1.76324158637978e-05]"
52,"[3.229072633766822e-07, 3.496976438192538e-07, 3.423115538422752e-07, 3.616556707546808e-07, 3.8678352516482663e-07]","[1.583943217939149e-05, 1.7186985990255562e-05, 1.6759123050179997e-05, 1.7820830718709945e-05, 1.8937165517376384e-05]"
53,"[2.4058617164165927e-07, 2.6007952102651133e-07, 2.555139714971427e-07, 2.681019941438836e-07, 2.886960244414375e-07]","[1.3421366119955654e-05, 1.454789971139308e-05, 1.4221352731077485e-05, 1.5065703699841102e-05, 1.6068883186536396e-05]"
54,"[2.617197502394788e-07, 2.838039773700563e-07, 2.770864405488897e-07, 2.93852720406028e-07, 3.1309321596522715e-07]","[1.3276826057672077e-05, 1.447615884405011e-05, 1.3984468349342768e-05, 1.5132406082705904e-05, 1.5803410732324794e-05]"
55,"[3.3526207969648853e-07, 3.6254571420358325e-07, 3.5596368856086345e-07, 3.739196699041588e-07, 4.0219316846119116e-07]","[1.5640608806620845e-05, 1.7006225242362467e-05, 1.6531736739112105e-05, 1.771143706475376e-05, 1.8680352970056453e-05]"
56,"[3.535816179753584e-07, 3.827310233070263e-07, 3.748932582820868e-07, 3.9523636269505334e-07, 4.2359461315951303e-07]","[1.7148745941351357e-05, 1.8626410633562426e-05, 1.812647852239211e-05, 1.933823811561577e-05, 2.0482539892573598e-05]"
57,"[3.6330805011372286e-07, 3.9295518145454597e-07, 3.8538054608712125e-07, 4.049914438384486e-07, 4.354416208094256e-07]","[1.8393930671320464e-05, 1.992111387227476e-05, 1.9491304382078526e-05, 2.058326061985226e-05, 2.2023698262528923e-05]"
58,"[3.925192890087593e-07, 4.246602477774464e-07, 4.162549380065364e-07, 4.3790055600479815e-07, 4.7032915008165937e-07]","[1.941794254786671e-05, 2.1074352768007204e-05, 2.0528419010147844e-05, 2.184110415329572e-05, 2.3196966414426372e-05]"
59,"[4.3649379820264975e-07, 4.7149932894849363e-07, 4.6374982200589746e-07, 4.85232926302391e-07, 5.23971116779385e-07]","[2.2945934154208118e-05, 2.4856940161185923e-05, 2.4307809247530355e-05, 2.5689275649482746e-05, 2.7466214796331872e-05]"
60,"[3.9089675053826747e-07, 4.2222363708720457e-07, 4.1543711911067745e-07, 4.345246466595735e-07, 4.6937884708472874e-07]","[1.8782749753363527e-05, 2.035632177430872e-05, 1.9901440552519373e-05, 2.1072394626980535e-05, 2.248698764112898e-05]"
61,"[4.37555804702589e-07, 4.7246474413767265e-07, 4.6510641213741317e-07, 4.859379744410712e-07, 5.254966942849536e-07]","[2.143601124731548e-05, 2.3204393057169152e-05, 2.272826358996027e-05, 2.3958632599939032e-05, 2.5680794339456775e-05]"
62,"[4.3472920912113277e-07, 4.701880480653787e-07, 4.612125792855772e-07, 4.846421951608959e-07, 5.211235284186885e-07]","[2.087537366947711e-05, 2.2644027198988896e-05, 2.2087381066471415e-05, 2.3454447550923164e-05, 2.4957918607006585e-05]"
63,"[4.159497419581493e-07, 4.499799604927866e-07, 4.411914103899247e-07, 4.640043839283061e-07, 4.98504910352126e-07]","[2.1209341623323153e-05, 2.2997464125530065e-05, 2.2442434722680356e-05, 2.379805985103021e-05, 2.5359229933973034e-05]"
64,"[4.5889732068157457e-07, 4.958075439595792e-07, 4.873500228515277e-07, 5.101812543622708e-07, 5.506434119334736e-07]","[2.277120884236015e-05, 2.4618894925373618e-05, 2.4171372392819194e-05, 2.5364924914328425e-05, 2.731070011748969e-05]"
65,"[4.800695877500377e-07, 5.182196088404588e-07, 5.10377781241879e-07, 5.326744985556498e-07, 5.766447362473709e-07]","[2.1654495970349442e-05, 2.3434733613641612e-05, 2.296801253848386e-05, 2.4189608305544962e-05, 2.595152205865009e-05]"
66,"[3.449725766027403e-07, 3.7280829285891593e-07, 3.664403377276373e-07, 3.839953237976211e-07, 4.140258279496181e-07]","[1.7565834812553716e-05, 1.901878091954156e-05, 1.862724195897061e-05, 1.965241078913446e-05, 2.104692451446624e-05]"
67,"[4.17550650834921e-07, 4.514712524231576e-07, 4.4317430131275485e-07, 4.6516985419777163e-07, 5.007344810033066e-07]","[1.9527793788847093e-05, 2.1173907215944046e-05, 2.067216357052893e-05, 2.1920932666001227e-05, 2.3358418167969953e-05]"
68,"[4.298446474986235e-07, 4.6438872099830637e-07, 4.566030782179063e-07, 4.779834956306226e-07, 5.158986826786118e-07]","[2.102672055512377e-05, 2.2761356573899284e-05, 2.2299051569369375e-05, 2.350736835749142e-05, 2.5195638589614946e-05]"
69,"[4.6148968767094e-07, 4.987754651679737e-07, 4.898858681713909e-07, 5.134973937978197e-07, 5.535152893784593e-07]","[2.3017693175836233e-05, 2.4928857043949738e-05, 2.4387266576304168e-05, 2.5750353410978592e-05, 2.755597778159991e-05]"
70,"[4.1522755388216243e-07, 4.495728232227914e-07, 4.401014753733685e-07, 4.6416883164226903e-07, 4.972791672097782e-07]","[2.076143994480062e-05, 2.2544140741795473e-05, 2.194341733152013e-05, 2.3389449846154348e-05, 2.47957353739486e-05]"
71,"[3.855876228648261e-07, 4.1715600757468457e-07, 4.0911311760228084e-07, 4.304746916674199e-07, 4.622485649363691e-07]","[2.0236465186756192e-05, 2.1992524513925107e-05, 2.1375568217051205e-05, 2.2854272342796256e-05, 2.4154485143601297e-05]"
72,"[3.1302864635997683e-07, 3.382063984139877e-07, 3.325893327767999e-07, 3.4820062300418396e-07, 3.7577640314426927e-07]","[1.769634173409794e-05, 1.9218948438416086e-05, 1.8697036632467002e-05, 1.9940254092341886e-05, 2.1127747935073253e-05]"
73,"[3.6590402264504523e-07, 3.957431196984801e-07, 3.882823176949083e-07, 4.0792241937875597e-07, 4.387151578048318e-07]","[1.8680413632514288e-05, 2.026220102327266e-05, 1.9761709930926267e-05, 2.0980887674707827e-05, 2.2330157631562637e-05]"
74,"[3.7459759321503857e-07, 4.061545253408207e-07, 3.965805439413275e-07, 4.20457133796045e-07, 4.481123422034062e-07]","[1.800340023388085e-05, 1.9601352848990248e-05, 1.8992145320360306e-05, 2.0445359823534302e-05, 2.1461707898180514e-05]"
75,"[2.5876615150009423e-07, 2.798601857245717e-07, 2.747569168635573e-07, 2.88899948974823e-07, 3.104373773929842e-07]","[1.4414873515335553e-05, 1.56413879733901e-05, 1.5258958396950203e-05, 1.6226451920731807e-05, 1.7241622653950873e-05]"
76,"[2.5400287782671425e-07, 2.7473959612443327e-07, 2.695767976677174e-07, 2.833758606042736e-07, 3.045878156080381e-07]","[1.5032888614688627e-05, 1.6316698375871162e-05, 1.5896869330524466e-05, 1.6920225389503984e-05, 1.796310630292171e-05]"
77,"[1.84509951213493e-07, 2.01082575289955e-07, 1.9441604119634849e-07, 2.099241856524176e-07, 2.1970263188909767e-07]","[1.1500804911547089e-05, 1.2541870863155902e-05, 1.2113801121199485e-05, 1.3115620918154784e-05, 1.3689350404609802e-05]"
78,"[2.0867613282557415e-07, 2.274037622368703e-07, 2.197811871695085e-07, 2.3725958993932824e-07, 2.483691477337305e-07]","[1.2261163316617339e-05, 1.338426619493738e-05, 1.2901340639772065e-05, 1.4013757482027206e-05, 1.4579669734131211e-05]"
79,"[3.118197260707732e-07, 3.3805558249807905e-07, 3.2995094503618175e-07, 3.4968302882786043e-07, 3.728350756113169e-07]","[1.7472770033072775e-05, 1.899118921333169e-05, 1.8444453366399427e-05, 1.9726994663981995e-05, 2.084288608555407e-05]"
80,"[3.7998458639470015e-07, 4.1060838773197784e-07, 4.035711844074886e-07, 4.22761893752136e-07, 4.559822253002018e-07]","[1.9237340351021698e-05, 2.08048677578012e-05, 2.0423333051646125e-05, 2.145865581531221e-05, 2.307578316098449e-05]"
81,"[3.8122264530901624e-07, 4.124539133661795e-07, 4.043274956130494e-07, 4.2547758504194126e-07, 4.568509326583429e-07]","[1.8340198975684457e-05, 1.9915623154260887e-05, 1.9382532183507866e-05, 2.0661913587766772e-05, 2.190212675692042e-05]"
82,"[4.4743644209675234e-07, 4.837741598083021e-07, 4.7488937216705765e-07, 4.986190314411262e-07, 5.365703732014488e-07]","[2.1867115494176244e-05, 2.3644053195827157e-05, 2.3211274895957355e-05, 2.4367758749008527e-05, 2.6225933165738472e-05]"
83,"[4.4291801929557523e-07, 4.788535776777234e-07, 4.7008540113500333e-07, 4.932608946267831e-07, 5.311440749148074e-07]","[2.172330432364775e-05, 2.354957980472712e-05, 2.2991777139527586e-05, 2.436087935930771e-05, 2.5979820986159067e-05]"
84,"[4.2131147503982183e-07, 4.5568045718603155e-07, 4.470630417396276e-07, 4.6972196059348445e-07, 5.051333144795933e-07]","[2.0249688846933984e-05, 2.1957322749879235e-05, 2.1428897227494516e-05, 2.2725914989127617e-05, 2.4213919415054432e-05]"
85,"[4.5426707534772755e-07, 4.913742713159994e-07, 4.818617152301349e-07, 5.064483111662023e-07, 5.444572351090361e-07]","[2.0932378684310457e-05, 2.2683563579287282e-05, 2.2167939956435226e-05, 2.3457952961605368e-05, 2.5048536150835854e-05]"
86,"[4.898748628234765e-07, 5.291358868345332e-07, 5.205070991581974e-07, 5.443341663879795e-07, 5.880972774000274e-07]","[2.338325733351039e-05, 2.5276876962460305e-05, 2.4830353716131696e-05, 2.604340515386174e-05, 2.8054988690279812e-05]"
87,"[4.655303576562323e-07, 5.038529977988789e-07, 4.933503153802116e-07, 5.19787473190208e-07, 5.574537573886383e-07]","[2.3472210864429363e-05, 2.5449819035816307e-05, 2.483341708528469e-05, 2.632742201669744e-05, 2.8061166519675284e-05]"
88,"[4.227385266183929e-07, 4.5736504638056137e-07, 4.4838437911171205e-07, 4.716565664111399e-07, 5.066310684188702e-07]","[2.075457165230773e-05, 2.2516153346826542e-05, 2.1952299957159235e-05, 2.3322504512302728e-05, 2.480555654471003e-05]"
89,"[4.730128269866936e-07, 5.112003856138956e-07, 5.023160370266288e-07, 5.262332603492036e-07, 5.675514438023579e-07]","[2.3758932411649188e-05, 2.5769276034885626e-05, 2.5129096588964463e-05, 2.666965135072875e-05, 2.839540213186607e-05]"
90,"[4.680762044935119e-07, 5.057849520473114e-07, 4.970185920069516e-07, 5.206170124544697e-07, 5.615685064416437e-07]","[2.28494370389718e-05, 2.4752184006373617e-05, 2.4198754468746532e-05, 2.5571843169356536e-05, 2.734336614127435e-05]"
91,"[3.350141076963979e-07, 3.6321758304455485e-07, 3.546156786906531e-07, 3.759630864634655e-07, 4.0069981405534116e-07]","[1.763258154614333e-05, 1.9203154509454915e-05, 1.85707802911122e-05, 2.0003428938956746e-05, 2.098673634288019e-05]"
92,"[2.433922714175848e-07, 2.632781702501231e-07, 2.5835375757007255e-07, 2.7174649879386367e-07, 2.919072508238871e-07]","[1.54926003104226e-05, 1.6825457857973488e-05, 1.637746121404515e-05, 1.746856157246204e-05, 1.8506249178841672e-05]"
93,"[4.376512635057598e-07, 4.7323081877638046e-07, 4.643932388186473e-07, 4.875958339014493e-07, 5.247155214723264e-07]","[2.082075057886057e-05, 2.2578509348967893e-05, 2.2027273589025483e-05, 2.3365999787227783e-05, 2.489020458229294e-05]"
94,"[4.7503868327407846e-07, 5.129259813818824e-07, 5.047932259415548e-07, 5.273644385410294e-07, 5.703445536979877e-07]","[2.2346392116064027e-05, 2.4165520702703462e-05, 2.3716062073055312e-05, 2.4908727650381172e-05, 2.6796414714993363e-05]"
95,"[5.149476428491057e-07, 5.561660018460784e-07, 5.470917772894995e-07, 5.719706930858056e-07, 6.181378222534109e-07]","[2.4487398191220452e-05, 2.6539641547939743e-05, 2.591924465318325e-05, 2.7438103671252766e-05, 2.9287784261093092e-05]"
96,"[5.364046537658231e-07, 5.800475131529783e-07, 5.691706233731223e-07, 5.976357199780263e-07, 6.43100808640753e-07]","[2.5080183428980186e-05, 2.7166789921691314e-05, 2.6566623729796916e-05, 2.8067882671807042e-05, 3.001862625063177e-05]"
97,"[5.794955934098364e-07, 6.269107911610832e-07, 6.145063547972296e-07, 6.461338777646433e-07, 6.94338418201357e-07]","[2.7894307922821384e-05, 3.0251220641396188e-05, 2.9504450326400513e-05, 3.130341655045134e-05, 3.333959368449377e-05]"
98,"[5.788781199635482e-07, 6.258601551813602e-07, 6.143023889042146e-07, 6.445608182699947e-07, 6.940964370693928e-07]","[2.9541243010940622e-05, 3.194029569715936e-05, 3.1358558011994685e-05, 3.291489820234872e-05, 3.543134724038575e-05]"
99,"[4.4932651490318485e-07, 4.853615281791268e-07, 4.773565994534224e-07, 4.993552684366273e-07, 5.393461071575965e-07]","[2.343082880478831e-05, 2.536001014517257e-05, 2.4844669525712467e-05, 2.6174852285622144e-05, 2.8072183608371713e-05]"
100,"[5.124571869358135e-07, 5.538564395888893e-07, 5.441224649406303e-07, 5.702917620657048e-07, 6.147867426116779e-07]","[2.2954189240996457e-05, 2.4873894655520176e-05, 2.4313103573309193e-05, 2.572581018679879e-05, 2.7472195404332472e-05]"
101,"[5.084315948607094e-07, 5.498462793928592e-07, 5.394678821389973e-07, 5.6683081989444e-07, 6.095431152360189e-07]","[2.340201269060533e-05, 2.5342524858282028e-05, 2.4806296043893944e-05, 2.618841979548191e-05, 2.8028984563981677e-05]"
102,"[5.317150990088283e-07, 5.746142243044725e-07, 5.645063898080309e-07, 5.91345786778957e-07, 6.378264670304926e-07]","[2.7551252667001892e-05, 2.9796509156053596e-05, 2.9227369685695362e-05, 3.0703482189401865e-05, 3.3024031814824397e-05]"
103,"[5.30906275863022e-07, 5.73585874898801e-07, 5.637636606894281e-07, 5.900663780685829e-07, 6.3698311305717e-07]","[2.6758049723982046e-05, 2.8921091152338017e-05, 2.8410630172574222e-05, 2.9783680822171933e-05, 3.210050422959957e-05]"
104,"[2.2620178125469598e-07, 2.4500774815744805e-07, 2.3990900673555153e-07, 2.533251944955878e-07, 2.71070194000002e-07]","[1.2020548907715271e-05, 1.302904495452425e-05, 1.2743092240124814e-05, 1.3498927571956209e-05, 1.4398320464019857e-05]"
105,"[1.9177939322435243e-07, 2.081204067291049e-07, 2.0299793848027892e-07, 2.157665372479155e-07, 2.2937500277600244e-07]","[1.1654567463033373e-05, 1.2678030996846774e-05, 1.2299195585840059e-05, 1.3195749561393951e-05, 1.3898471979232966e-05]"
106,"[1.9437141342153236e-07, 2.1098076997145053e-07, 2.055676634361088e-07, 2.1891288931822958e-07, 2.3228442704916323e-07]","[1.2039144439025171e-05, 1.3104175443524355e-05, 1.2701223696553601e-05, 1.3657330267537182e-05, 1.4352683849046112e-05]"
107,"[2.409499292883717e-07, 2.610509393137918e-07, 2.55314065996887e-07, 2.701493401654226e-07, 2.8848281130404044e-07]","[1.318640420638357e-05, 1.4335624254769412e-05, 1.3926765452458303e-05, 1.491072901161088e-05, 1.5737226365028337e-05]"
108,"[4.657312510520738e-07, 5.035322625306753e-07, 4.942467175222247e-07, 5.186702178706246e-07, 5.584445061361326e-07]","[2.0681604756458813e-05, 2.2402474691362254e-05, 2.191140499543135e-05, 2.3151549146784803e-05, 2.4758373805748876e-05]"
109,"[5.013196083930158e-07, 5.418246337658596e-07, 5.3231608596549e-07, 5.578634886248292e-07, 6.014495089454973e-07]","[2.3235151937870106e-05, 2.516930086451633e-05, 2.461647309285922e-05, 2.6011874335701732e-05, 2.781490189786925e-05]"
110,"[5.161069146779956e-07, 5.57798416427161e-07, 5.479783003951746e-07, 5.742694297885035e-07, 6.191492366264541e-07]","[2.431569464758157e-05, 2.6325740021805163e-05, 2.577291854064914e-05, 2.7180798738306833e-05, 2.912140341779796e-05]"
111,"[4.3688321106152554e-07, 4.7290836416740374e-07, 4.631431303345166e-07, 4.880387313337008e-07, 5.233126198739283e-07]","[2.0738772421766658e-05, 2.2498881813068787e-05, 2.1933000341308966e-05, 2.3300218809974816e-05, 2.4783963187857095e-05]"
112,"[2.687552837657988e-07, 2.921979679266629e-07, 2.837137880840478e-07, 3.0383406130019494e-07, 3.2060294487173045e-07]","[1.4249360605956088e-05, 1.5455935238442805e-05, 1.5087983266479759e-05, 1.602725617477752e-05, 1.7048363887975074e-05]"
113,"[2.463144916270691e-07, 2.676503961590153e-07, 2.604134180579581e-07, 2.782911048144692e-07, 2.9426030996157546e-07]","[1.3642692374831961e-05, 1.4861485114459898e-05, 1.4372375265189695e-05, 1.549624717419331e-05, 1.624200375742024e-05]"
114,"[2.8553613043167615e-07, 3.089823021359282e-07, 3.0343237300382577e-07, 3.192742875440494e-07, 3.4283010588986705e-07]","[1.4202362013339699e-05, 1.537107931223486e-05, 1.507427427866452e-05, 1.5882768299611273e-05, 1.703196720205689e-05]"
115,"[2.9255963108257307e-07, 3.188094839746231e-07, 3.0819424619915884e-07, 3.327649427035764e-07, 3.48283864818493e-07]","[1.4742783181559207e-05, 1.593983199872085e-05, 1.566194867393347e-05, 1.6443197099879334e-05, 1.7695607155630323e-05]"
116,"[3.2660932507864836e-07, 3.527438348731452e-07, 3.4769832643088475e-07, 3.6408181719224714e-07, 3.928188415543576e-07]","[1.689837505794389e-05, 1.8286272729367645e-05, 1.7935051421717856e-05, 1.888799496762824e-05, 2.0264310859153957e-05]"
117,"[3.9190627041335286e-07, 4.249074966079467e-07, 4.151477982136069e-07, 4.4076063631647095e-07, 4.690805124570895e-07]","[1.754770882164762e-05, 1.914601369660975e-05, 1.8472570701394883e-05, 2.0031667364031047e-05, 2.0875532778036616e-05]"
118,"[6.194622961418714e-07, 6.766103124955561e-07, 6.498712084902203e-07, 7.077604876314448e-07, 7.344939298400347e-07]","[2.1832051642350312e-05, 2.3902862276276574e-05, 2.287505570820865e-05, 2.5104539204516485e-05, 2.585392973729937e-05]"
119,"[4.059234845866236e-07, 4.428550416044071e-07, 4.273795008370841e-07, 4.6274145230483297e-07, 4.829788988169834e-07]","[1.813033297435848e-05, 1.9742288419891365e-05, 1.9131599589327187e-05, 2.0601118118591817e-05, 2.1618877762742918e-05]"
120,"[4.965770485958247e-07, 5.411032500939402e-07, 5.228160358233392e-07, 5.64193977877171e-07, 5.908339119410672e-07]","[2.033780677910453e-05, 2.2319281623020064e-05, 2.1254198629055962e-05, 2.3525002174552418e-05, 2.4023563473568308e-05]"
121,"[4.2222520009181154e-07, 4.564880354258122e-07, 4.4837664596453384e-07, 4.706367400044506e-07, 5.06604503721432e-07]","[1.5496885158194316e-05, 1.6823591258104774e-05, 1.64028712000048e-05, 1.7479628349030942e-05, 1.853416233625891e-05]"
122,"[4.734337778144815e-07, 5.141769260669549e-07, 5.000500921449117e-07, 5.332276488770979e-07, 5.650646223506508e-07]","[1.617841992425144e-05, 1.7584434932041743e-05, 1.710797548373625e-05, 1.8304895835436796e-05, 1.9331218530247333e-05]"
123,"[5.787928420822584e-07, 6.341219697506882e-07, 6.05237152687617e-07, 6.657634495617158e-07, 6.840989749925876e-07]","[2.0946464278337007e-05, 2.3110179325221096e-05, 2.1749077611157685e-05, 2.453215003874776e-05, 2.4587009309397244e-05]"
124,"[5.116258494340404e-07, 5.641093803417779e-07, 5.307734603677307e-07, 5.971990005211302e-07, 6.000560711670781e-07]","[1.6416932109618928e-05, 1.8110731186866477e-05, 1.7050377710239195e-05, 1.9225377301665168e-05, 1.9275072840064876e-05]"
125,"[7.010215518893317e-07, 7.663112539367114e-07, 7.345966929186881e-07, 8.018906754357518e-07, 8.302782519590748e-07]","[2.6823061079722528e-05, 2.9336576462392048e-05, 2.8099739625221993e-05, 3.0721124341759456e-05, 3.1759807575436196e-05]"
126,"[4.598984597853786e-07, 5.007686432386918e-07, 4.845781630546954e-07, 5.212909109050555e-07, 5.476103285802056e-07]","[2.2030345402498382e-05, 2.407577992096321e-05, 2.3119009031336338e-05, 2.5209636587358723e-05, 2.6128874739282823e-05]"
127,"[5.041295371629288e-07, 5.521919931243916e-07, 5.274631114349442e-07, 5.797215235740134e-07, 5.961822877186862e-07]","[2.0943838050458246e-05, 2.3023159514094824e-05, 2.1854962283785134e-05, 2.433405689233839e-05, 2.470333433524271e-05]"
128,"[3.620006777919495e-07, 3.9207767627749587e-07, 3.836009588292696e-07, 4.0520438665518663e-07, 4.334406107356607e-07]","[1.5426822134890434e-05, 1.679579098419204e-05, 1.6266530758523188e-05, 1.750489615431003e-05, 1.8381973637593708e-05]"
129,"[3.1478253859790426e-07, 3.4087834653671756e-07, 3.336786944749513e-07, 3.522395042785716e-07, 3.770266531299877e-07]","[9.405803782006957e-06, 1.0256253600130356e-05, 9.91710087720493e-06, 1.0734463322116346e-05, 1.120652316805832e-05]"
130,"[3.861564490361801e-07, 4.1897095683137875e-07, 4.084108538111454e-07, 4.340051270134778e-07, 4.614949737896473e-07]","[1.2452640854691385e-05, 1.3600305890363368e-05, 1.3092961152932463e-05, 1.4250991489384588e-05, 1.4796569109170648e-05]"
131,"[3.001961087909031e-07, 3.2631856037260227e-07, 3.1711382805134187e-07, 3.3952909370776126e-07, 3.583377300033774e-07]","[1.3670163206793213e-05, 1.5057456846802641e-05, 1.425522296129335e-05, 1.599075585766936e-05, 1.6113045811996994e-05]"
132,"[3.3528713509156047e-07, 3.6318214175606313e-07, 3.5544930482328716e-07, 3.756323618194067e-07, 4.0162320849107027e-07]","[1.06611579363621e-05, 1.1691620189329256e-05, 1.1166199506407252e-05, 1.233266545350177e-05, 1.2620247742658891e-05]"
133,"[3.366060349023986e-07, 3.6468444836567296e-07, 3.569785255218545e-07, 3.775120173798431e-07, 4.033445147472e-07]","[1.0716265827851387e-05, 1.1683066269905136e-05, 1.1352621932303027e-05, 1.2313109449611321e-05, 1.2826531387164282e-05]"
134,"[2.9645251150140003e-07, 3.211871444854906e-07, 3.143059921845229e-07, 3.32497432959927e-07, 3.5513329378729797e-07]","[1.0361156052355918e-05, 1.1282805657966984e-05, 1.0973762397384075e-05, 1.1836679804616524e-05, 1.2398784968168562e-05]"
135,"[2.452298439787525e-07, 2.6542470703222334e-07, 2.606583249868989e-07, 2.747676411323705e-07, 2.944934821555785e-07]","[1.1571429988217e-05, 1.2560389178905616e-05, 1.2299984372723007e-05, 1.3109155239254807e-05, 1.3895859568000723e-05]"
136,"[2.310710657835182e-07, 2.5052463041777513e-07, 2.452556755983126e-07, 2.602292193720568e-07, 2.770977483903735e-07]","[1.0661503944081011e-05, 1.1604105245110945e-05, 1.1324501059754435e-05, 1.2196178631485514e-05, 1.2793660341184007e-05]"
137,"[1.8127850500578248e-07, 1.9641454301549884e-07, 1.9283137214005207e-07, 2.040753606872874e-07, 2.1785257357754094e-07]","[1.1182022309847526e-05, 1.2016012114924964e-05, 1.202525544357563e-05, 1.238525413376592e-05, 1.3581642894453779e-05]"
138,"[1.8850787213671175e-07, 2.0421701089102754e-07, 2.000172859169358e-07, 2.1149553323447728e-07, 2.2599274203533802e-07]","[1.0295245684909592e-05, 1.1131626163627244e-05, 1.0963577334711618e-05, 1.152101467651174e-05, 1.2385995328717106e-05]"
139,"[1.7602785908616285e-07, 1.911157219794854e-07, 1.8664312797636802e-07, 1.9897183592315106e-07, 2.1088029996996744e-07]","[9.982523625167769e-06, 1.0826843763296361e-05, 1.0627087615387457e-05, 1.129311332766793e-05, 1.200530803989858e-05]"
140,"[1.6181403325170686e-07, 1.7514939620950337e-07, 1.7211896652713604e-07, 1.8158667293590457e-07, 1.9445484045341513e-07]","[9.889483511382424e-06, 1.066181619944245e-05, 1.0581810774002512e-05, 1.101270299562619e-05, 1.1953015227780766e-05]"
141,"[3.1771813461704785e-07, 3.469410514216424e-07, 3.341690196610544e-07, 3.6341404908957995e-07, 3.7764725243513976e-07]","[1.3321891255656606e-05, 1.4555844603366917e-05, 1.4029223212947992e-05, 1.5300268194587712e-05, 1.5853529387911866e-05]"
142,"[1.786573148409197e-07, 1.9352129077733126e-07, 1.8964763412514118e-07, 2.0060308834263305e-07, 2.1427154156499536e-07]","[9.35228659172104e-06, 1.0122077936801202e-05, 9.956587104573075e-06, 1.0503105776845486e-05, 1.124830739945936e-05]"
143,"[1.5651500984095774e-07, 1.7086709043757876e-07, 1.6489579086880485e-07, 1.792708734907682e-07, 1.8633559138201795e-07]","[1.0548919611080448e-05, 1.1529788390217401e-05, 1.1098920969481188e-05, 1.2116501098486028e-05, 1.2542543350127288e-05]"
144,"[1.5229065744693524e-07, 1.6602975628125896e-07, 1.6054594542723609e-07, 1.7377978205324376e-07, 1.8142191547348682e-07]","[1.005539591689621e-05, 1.0977646768248025e-05, 1.0601618056426399e-05, 1.1525806196795687e-05, 1.1979941181995395e-05]"
145,"[1.4931732403977206e-07, 1.628167868903732e-07, 1.5781195770057985e-07, 1.7083336021250486e-07, 1.7831601288587458e-07]","[1.0034850459335468e-05, 1.097818557274302e-05, 1.057247030715148e-05, 1.1579221175749975e-05, 1.1946728960548502e-05]"
146,"[1.4716386680775894e-07, 1.6010999136967132e-07, 1.5572559313333583e-07, 1.6725675878629025e-07, 1.7595499734716535e-07]","[1.017682225786417e-05, 1.105929877129145e-05, 1.0799590558732773e-05, 1.1557801717046938e-05, 1.2201442811501744e-05]"
147,"[1.5034496647253212e-07, 1.6373887931545404e-07, 1.5884684834327897e-07, 1.7122508189601012e-07, 1.7949025608463207e-07]","[9.643003506002494e-06, 1.0527525450744872e-05, 1.0165995982521465e-05, 1.105004739277378e-05, 1.1487616004184062e-05]"
148,"[1.4997775219246677e-07, 1.6247600889274767e-07, 1.5964839243321486e-07, 1.6890177624109686e-07, 1.8036092183387653e-07]","[9.844572136972967e-06, 1.0648874192479023e-05, 1.0502035438704457e-05, 1.1060364081988578e-05, 1.1863738057291952e-05]"
149,"[1.4410874238508564e-07, 1.5672096414671044e-07, 1.5274019465771417e-07, 1.6390193869292745e-07, 1.7257083693110362e-07]","[9.838435381790344e-06, 1.0710998628561306e-05, 1.04135999489302e-05, 1.12211948968637e-05, 1.1766114158229994e-05]"
150,"[1.5668607588264072e-07, 1.7116684072571164e-07, 1.6507225810185936e-07, 1.79854555442097e-07, 1.8653522335032082e-07]","[1.1016527801964837e-05, 1.2025331552866265e-05, 1.1610932160828599e-05, 1.2618316404526564e-05, 1.3120574104716884e-05]"
151,"[1.3564969997828673e-07, 1.4824239960916675e-07, 1.4275373474368354e-07, 1.5575581213254434e-07, 1.6132044848495178e-07]","[9.054241928249117e-06, 9.80888566251693e-06, 9.65390593933944e-06, 1.0219279460672909e-05, 1.090556212023292e-05]"
152,"[1.5029604496432598e-07, 1.6378022324730833e-07, 1.58798155719847e-07, 1.7152391217717763e-07, 1.7943515040954885e-07]","[1.0121194130121216e-05, 1.10828521536757e-05, 1.0634206248527936e-05, 1.1688283403404516e-05, 1.2017688548345192e-05]"
153,"[1.4298269267637492e-07, 1.5652397861177238e-07, 1.5028967269263587e-07, 1.6519691485460693e-07, 1.698419427902512e-07]","[8.965725346797528e-06, 9.723960282984491e-06, 9.545921313847583e-06, 1.0158569585456639e-05, 1.0784034277069285e-05]"
154,"[1.6152862735828222e-07, 1.7610914265084515e-07, 1.7054911484604884e-07, 1.842293287151918e-07, 1.927150264651395e-07]","[1.1348768658881686e-05, 1.234757706273725e-05, 1.1998193624108538e-05, 1.2887794717303986e-05, 1.3557311251423792e-05]"
155,"[1.392233643726781e-07, 1.506027446043896e-07, 1.4848816499147556e-07, 1.5648438686173486e-07, 1.6774234574608134e-07]","[1.0069069860487083e-05, 1.0822922367928428e-05, 1.0840116190698135e-05, 1.1161861283623491e-05, 1.2242583279255033e-05]"
156,"[1.4956903893682017e-07, 1.62546674126561e-07, 1.584973674694766e-07, 1.6960289265649412e-07, 1.7908079537379872e-07]","[9.74525347707828e-06, 1.0561146951167066e-05, 1.0364646752664671e-05, 1.0987732303150596e-05, 1.1709467366002704e-05]"
157,"[1.5403718591069428e-07, 1.6765193025680168e-07, 1.6288758720172149e-07, 1.752429854223581e-07, 1.8405142582634066e-07]","[1.0806971214286074e-05, 1.1683884763039794e-05, 1.1519130516731855e-05, 1.2105243057485102e-05, 1.3013151206143496e-05]"
158,"[1.3589359458984126e-07, 1.4695126753663422e-07, 1.4471349562205226e-07, 1.5213029623794388e-07, 1.634872781946494e-07]","[8.797495365848747e-06, 9.541393255260655e-06, 9.34798694872857e-06, 9.930069954966409e-06, 1.0561128914612383e-05]"
159,"[1.64613768117082e-07, 1.8061349996878818e-07, 1.7270431981891357e-07, 1.9107558286390937e-07, 1.9517775907526248e-07]","[1.19092613763058e-05, 1.3075784398751318e-05, 1.2465970546148765e-05, 1.382775127824727e-05, 1.4089262197065444e-05]"
160,"[1.5758728059123782e-07, 1.7118732667527203e-07, 1.6726981078723963e-07, 1.7888318706329045e-07, 1.8898294775088495e-07]","[1.1614734891777604e-05, 1.2609593147059319e-05, 1.2346705165868635e-05, 1.3177136407017623e-05, 1.394862571851852e-05]"
161,"[1.4851199505906197e-07, 1.6225696630781532e-07, 1.562483509435622e-07, 1.7029006137604436e-07, 1.7657364805759596e-07]","[1.0234589524103256e-05, 1.1186331023880921e-05, 1.0761673304950138e-05, 1.1748880287631119e-05, 1.2161711343278324e-05]"
162,"[1.542922833875578e-07, 1.686410347730088e-07, 1.6243472010620578e-07, 1.773037133176389e-07, 1.8355897753889708e-07]","[1.0977911951434185e-05, 1.2040465743783892e-05, 1.151093507306435e-05, 1.2723603746948965e-05, 1.3009138583525781e-05]"
163,"[1.6781448234817654e-07, 1.8178216727990842e-07, 1.7845221408456335e-07, 1.8868357742786368e-07, 2.0161046542644327e-07]","[1.1760249650192662e-05, 1.2736737366484516e-05, 1.2505694026902113e-05, 1.3224620655504592e-05, 1.4128582760192739e-05]"
164,"[1.3118826384627032e-07, 1.4322572696734598e-07, 1.3829566331760692e-07, 1.5046178344722256e-07, 1.562747623082048e-07]","[8.716997539518721e-06, 9.508313393000012e-06, 9.208471050007994e-06, 9.98595546691171e-06, 1.0404969444538149e-05]"
165,"[1.5391890894160854e-07, 1.677380229596316e-07, 1.625024934689585e-07, 1.7563943312897883e-07, 1.8362402567103037e-07]","[1.134202308818474e-05, 1.2345614180495505e-05, 1.1999701940263837e-05, 1.2922329117762654e-05, 1.355857669825379e-05]"
166,"[1.5521278188662732e-07, 1.700725214643995e-07, 1.6274419678969262e-07, 1.7938518288567786e-07, 1.8393156467225293e-07]","[1.0286341103102855e-05, 1.1345259330860467e-05, 1.0713948193317143e-05, 1.2073943656423518e-05, 1.2110589180181854e-05]"
167,"[1.4819355515654528e-07, 1.6159240875542422e-07, 1.5628308460253126e-07, 1.6921619612306422e-07, 1.766028399090503e-07]","[9.751815930937881e-06, 1.0645222558664603e-05, 1.028101150047402e-05, 1.1174267048574514e-05, 1.1617687232714003e-05]"
168,"[1.5497877173868848e-07, 1.6860401100711993e-07, 1.6384426427914053e-07, 1.760051353201226e-07, 1.8513539807754082e-07]","[9.758475886771335e-06, 1.0665632084822216e-05, 1.0269500994106241e-05, 1.12099742304866e-05, 1.160521863079057e-05]"
169,"[1.468240709356977e-07, 1.6030172187433284e-07, 1.5469737315567042e-07, 1.683042813971265e-07, 1.748120862715745e-07]","[9.401822669958831e-06, 1.0182565504828368e-05, 1.0034120658298912e-05, 1.0623085370109685e-05, 1.1334755180284597e-05]"
170,"[1.4325575614669762e-07, 1.5540491478081362e-07, 1.5196123281168773e-07, 1.6157230922381246e-07, 1.7168982300941256e-07]","[9.182636941421307e-06, 9.841440667942433e-06, 9.893925283144526e-06, 1.0084417025003963e-05, 1.1174028684298814e-05]"
171,"[1.4281582796271516e-07, 1.5526952636950885e-07, 1.5146574168137395e-07, 1.624145676262526e-07, 1.711283171315052e-07]","[9.328351097240036e-06, 1.013319914260074e-05, 9.8999268927749e-06, 1.0582465882641669e-05, 1.1185012525952096e-05]"
172,"[1.405241185912269e-07, 1.5276729147259076e-07, 1.4873024612141717e-07, 1.5941381687002277e-07, 1.6805107148902795e-07]","[8.873323291256036e-06, 9.602369836914824e-06, 9.454165698234764e-06, 9.96874621935314e-06, 1.0680419827118399e-05]"
173,"[1.3463411938095624e-07, 1.469099277571867e-07, 1.4193756138845614e-07, 1.540833784625011e-07, 1.6039128059506874e-07]","[9.587145455725362e-06, 1.0423827447271498e-05, 1.014700634226487e-05, 1.0873704199930135e-05, 1.1465245966177562e-05]"
174,"[1.408955849941769e-07, 1.5393945640313726e-07, 1.4863821244564747e-07, 1.6180476710359572e-07, 1.6795827785409823e-07]","[9.120880657779937e-06, 9.959306856830121e-06, 9.629408478224648e-06, 1.0482267516374015e-05, 1.0880785008576773e-05]"
175,"[1.4474425831999107e-07, 1.5733494618867377e-07, 1.531896023579374e-07, 1.6399380173146623e-07, 1.730900922241237e-07]","[9.232807411018623e-06, 1.0055241424380581e-05, 9.756812999445273e-06, 1.0527490105251792e-05, 1.1024640129405803e-05]"
176,"[1.4659088077406437e-07, 1.5953737232631829e-07, 1.5494078937781512e-07, 1.6681421212401026e-07, 1.7507512576691377e-07]","[9.05543929367678e-06, 9.841262579599041e-06, 9.597552877299206e-06, 1.0273644470334187e-05, 1.0843749020464882e-05]"
177,"[1.3884806722179193e-07, 1.5097189005867178e-07, 1.4701144156792024e-07, 1.576477924416468e-07, 1.661059405680485e-07]","[9.452325999499644e-06, 1.0240153600455104e-05, 1.0066105376904481e-05, 1.0664307958421869e-05, 1.1371904670684287e-05]"
178,"[1.750573267497938e-07, 1.9021914436339033e-07, 1.8557033082443103e-07, 1.984760684616473e-07, 2.0966601677313477e-07]","[1.2655358771566538e-05, 1.3700613476096302e-05, 1.3477187889718254e-05, 1.4230947685288386e-05, 1.5225424578814144e-05]"
179,"[1.404132280399334e-07, 1.5288629639533357e-07, 1.4845955165141943e-07, 1.5990864098956233e-07, 1.6774913263202322e-07]","[8.951221589842029e-06, 9.671305447487356e-06, 9.552792572597362e-06, 1.001780647560636e-05, 1.0791386522873089e-05]"
180,"[3.427429701180619e-07, 3.766867724527625e-07, 3.5725935429714646e-07, 3.9761840243722026e-07, 4.0384186328104466e-07]","[1.3737008399446937e-05, 1.496930358136633e-05, 1.4500065502655268e-05, 1.5662124954956965e-05, 1.6384885216526055e-05]"
181,"[6.435977187664586e-07, 7.111940923145009e-07, 6.673884886972334e-07, 7.568158916261963e-07, 7.544939532246164e-07]","[2.5476803497325283e-05, 2.7877647954668975e-05, 2.6694215498440953e-05, 2.9239341300299975e-05, 3.0170699625593113e-05]"
182,"[3.065339904385551e-07, 3.3653257770968056e-07, 3.2025956591496737e-07, 3.5516434638354266e-07, 3.619920689647879e-07]","[1.5464685205429905e-05, 1.6788600313084984e-05, 1.636085700159071e-05, 1.7431122035368233e-05, 1.8487044813571068e-05]"
183,"[1.6927565156448734e-07, 1.830784221980456e-07, 1.7990812434897392e-07, 1.892668361260249e-07, 2.03263153956722e-07]","[1.12438983146361e-05, 1.215002843314385e-05, 1.1967539235627212e-05, 1.254504861710206e-05, 1.3520677397000739e-05]"
184,"[1.809670314071066e-07, 1.9644887698963893e-07, 1.915830345042052e-07, 2.0404824593641315e-07, 2.1647487641930543e-07]","[1.3091904786630401e-05, 1.4262668589963863e-05, 1.3795230039737262e-05, 1.4878348579943087e-05, 1.5589580192299487e-05]"
185,"[1.95131755878833e-07, 2.1171456809280684e-07, 2.0657778124479648e-07, 2.1990338078311694e-07, 2.334199767264871e-07]","[1.211160152119676e-05, 1.3211587754709505e-05, 1.2749133461060972e-05, 1.3816524390816217e-05, 1.4407708971444887e-05]"
186,"[1.998309905925357e-07, 2.1823440849528263e-07, 2.1019784613897948e-07, 2.2882077339773108e-07, 2.3754676300461253e-07]","[1.425828913121813e-05, 1.555831106260029e-05, 1.4998602659588664e-05, 1.6272817263369222e-05, 1.695007442618666e-05]"
187,"[2.4072106729320914e-07, 2.6302359355183846e-07, 2.5278060688354763e-07, 2.7544102140802433e-07, 2.8568533686148723e-07]","[1.6489801891546204e-05, 1.800417999126645e-05, 1.732967591984925e-05, 1.8838731385576965e-05, 1.9585063982828414e-05]"
188,"[2.181034385456436e-07, 2.396102093363144e-07, 2.277765379612873e-07, 2.5317211562122935e-07, 2.5745841082757494e-07]","[1.5434493838879e-05, 1.697375948586567e-05, 1.6087379615334556e-05, 1.793965079461601e-05, 1.81848326043997e-05]"
189,"[2.498701947352655e-07, 2.7310633765192927e-07, 2.627882051454816e-07, 2.8657513374213765e-07, 2.9697690766761205e-07]","[1.708895194728709e-05, 1.8755220993321196e-05, 1.787580891672954e-05, 1.979994638287272e-05, 2.0204359853627262e-05]"
190,"[2.4426984841471965e-07, 2.6842823530899797e-07, 2.548310872336791e-07, 2.8339920284316685e-07, 2.880504248600388e-07]","[1.596264493626534e-05, 1.753132070417845e-05, 1.6657206399624324e-05, 1.848667828743046e-05, 1.8828492540201577e-05]"
191,"[2.6952644118524183e-07, 2.9579065132871846e-07, 2.81643385191093e-07, 3.119984368142868e-07, 3.1834139914268214e-07]","[1.7594804662088088e-05, 1.938268721415359e-05, 1.831033877498036e-05, 2.054532739795723e-05, 2.069825606747141e-05]"
192,"[2.6605093889626466e-07, 2.9226160349001654e-07, 2.7799148724946196e-07, 3.084285914524614e-07, 3.142078619177886e-07]","[1.6615912063696695e-05, 1.8284571356574062e-05, 1.7303734312535694e-05, 1.9338840141103883e-05, 1.956017499864981e-05]"
193,"[2.9967190851047057e-07, 3.2925464211578164e-07, 3.12679998516277e-07, 3.475751026107872e-07, 3.534339834422024e-07]","[1.836048096025522e-05, 2.0284334358852885e-05, 1.9036521412707e-05, 2.1574881474791068e-05, 2.152126597911845e-05]"
194,"[2.930834597115963e-07, 3.233746109102563e-07, 3.0444165244848944e-07, 3.4360901818308895e-07, 3.441645114233877e-07]","[1.757627107039597e-05, 1.9425233874916068e-05, 1.8211100706151913e-05, 2.0665665923254022e-05, 2.0588577689568772e-05]"
195,"[3.250459014184844e-07, 3.5824433387477153e-07, 3.3784081220015324e-07, 3.7972903709437024e-07, 3.819132471968956e-07]","[1.967426400662666e-05, 2.16875464232328e-05, 2.045455155982456e-05, 2.3002308731131996e-05, 2.312279070921056e-05]"
196,"[3.59005876698806e-07, 3.941594143310527e-07, 3.7515002536784026e-07, 4.1571824966199454e-07, 4.2403048268732284e-07]","[1.7455843295527706e-05, 1.9274679887964235e-05, 1.812675129966871e-05, 2.0507494688478673e-05, 2.049173432725551e-05]"
197,"[3.8583235755534205e-07, 4.2808317658210136e-07, 3.981508323224758e-07, 4.577176469443828e-07, 4.5017690986330687e-07]","[1.8972487488106455e-05, 2.1113568771129627e-05, 1.9524099859780257e-05, 2.270604340659137e-05, 2.2076422342112922e-05]"
198,"[4.0941156491357847e-07, 4.520751630786927e-07, 4.2485984218967526e-07, 4.802597411818964e-07, 4.803060222197332e-07]","[1.729708136444519e-05, 1.9297734713548615e-05, 1.774716918589479e-05, 2.082008942676668e-05, 2.00685653508571e-05]"
199,"[4.466027417184188e-07, 4.926319367704241e-07, 4.636581565860324e-07, 5.225351804724536e-07, 5.241585516770826e-07]","[1.7429338241736488e-05, 1.9434605338275434e-05, 1.79310834941862e-05, 2.0993878628784055e-05, 2.027471900394025e-05]"
200,"[4.193424819653709e-07, 4.6129002463657406e-07, 4.370949884328588e-07, 4.882727573256331e-07, 4.940821319110062e-07]","[1.791644980803174e-05, 1.9847981325578376e-05, 1.8550750485486805e-05, 2.1228712525347745e-05, 2.097233026539184e-05]"
201,"[4.016849713428594e-07, 4.451307917931968e-07, 4.154361081010442e-07, 4.751497722665173e-07, 4.69681968918423e-07]","[1.749047423922057e-05, 1.9453522786377822e-05, 1.800766118488757e-05, 2.090013965788106e-05, 2.036147797706296e-05]"
202,"[4.7103118412182717e-07, 5.221957389445247e-07, 4.859978384118841e-07, 5.577540689150201e-07, 5.495075570263015e-07]","[1.8125756241643102e-05, 2.028285364326086e-05, 1.8549298915041094e-05, 2.1995773808409248e-05, 2.0976786928386332e-05]"
203,"[4.5581707667148034e-07, 5.059961720146476e-07, 4.7009800032158093e-07, 5.41922832850897e-07, 5.315304124369922e-07]","[1.7001984393593646e-05, 1.9221055126918954e-05, 1.7184616528236463e-05, 2.1115773689416905e-05, 1.9439593830343495e-05]"
204,"[4.239737811572501e-07, 4.715041778095876e-07, 4.3621185266380326e-07, 5.058273205732387e-07, 4.932473853110988e-07]","[1.806279150017148e-05, 2.0111037790602517e-05, 1.8606874401154094e-05, 2.1673429155547932e-05, 2.1038284466438307e-05]"
205,"[4.620133370370564e-07, 5.139810931848041e-07, 4.7560274772815977e-07, 5.515768743585753e-07, 5.377820913103763e-07]","[1.7681686969959616e-05, 1.9834718245063045e-05, 1.804450385684443e-05, 2.1571585957737742e-05, 2.0407146673903874e-05]"
206,"[4.271975670082299e-07, 4.7676002101990857e-07, 4.3758101511275185e-07, 5.136647595964131e-07, 4.94847089373137e-07]","[1.720075165668814e-05, 1.9237778509929058e-05, 1.7621123319636867e-05, 2.0859417136532565e-05, 1.992648485618837e-05]"
207,"[4.1363932329433296e-07, 4.5948071896139515e-07, 4.26305459469254e-07, 4.927787496630723e-07, 4.820150529023198e-07]","[1.8099023661752303e-05, 2.032423784866393e-05, 1.844526970201218e-05, 2.2136322754408346e-05, 2.0861193226219668e-05]"
208,"[4.082622225883146e-07, 4.554680037304281e-07, 4.1871645887996797e-07, 4.906978974872904e-07, 4.734890870502684e-07]","[1.8659522480827865e-05, 2.07651019621295e-05, 1.9217455137091802e-05, 2.2347507336418215e-05, 2.1728906294967512e-05]"
209,"[4.827575955953622e-07, 5.411782802547957e-07, 4.922875227638179e-07, 5.889446476230091e-07, 5.56776699887838e-07]","[2.0855793764911506e-05, 2.3102327543073115e-05, 2.160177118771391e-05, 2.4712289632029592e-05, 2.442128789586253e-05]"
210,"[4.3423329787743247e-07, 4.79888991510427e-07, 4.50192732081753e-07, 5.10201175342732e-07, 5.089531634182617e-07]","[1.7165175997057293e-05, 1.9185742396449783e-05, 1.7593565417304125e-05, 2.0773196778770557e-05, 1.9895018462408612e-05]"
211,"[4.352470068316823e-07, 4.809669168319764e-07, 4.516422261011045e-07, 5.11819667793539e-07, 5.105751418615607e-07]","[1.6856185499705083e-05, 1.888290515064715e-05, 1.7250074972372307e-05, 2.05416371986233e-05, 1.9507042844462083e-05]"
212,"[4.327632163188523e-07, 4.806121742708388e-07, 4.456679373270173e-07, 5.148056927399321e-07, 5.039297784959185e-07]","[1.8386518118438337e-05, 2.0530293624968752e-05, 1.8862492162995322e-05, 2.21897213491384e-05, 2.1329641983760344e-05]"
213,"[4.426110212597459e-07, 4.936838688926218e-07, 4.533799956034303e-07, 5.315008770735638e-07, 5.127199915233484e-07]","[1.6863664981797333e-05, 1.8873702330019365e-05, 1.7276414973183927e-05, 2.0488291818280638e-05, 1.953641659850135e-05]"
214,"[4.363639915460276e-07, 4.84539416983346e-07, 4.501736308840634e-07, 5.195331270127618e-07, 5.089910759829767e-07]","[1.845511300786139e-05, 2.065739519703475e-05, 1.8887224059470048e-05, 2.2405938054404173e-05, 2.1358699867684766e-05]"
215,"[4.627422202542932e-07, 5.14037464548162e-07, 4.765872341535538e-07, 5.504118390556829e-07, 5.388840535494685e-07]","[1.809753185185178e-05, 2.0299288439148847e-05, 1.8449052694465598e-05, 2.205753609501871e-05, 2.086578527435474e-05]"
216,"[4.83107742000445e-07, 5.3726539192326e-07, 4.971754295839516e-07, 5.768153337295764e-07, 5.621779261698957e-07]","[1.8869988415205706e-05, 2.1201372240938766e-05, 1.9219877788321237e-05, 2.311006753631602e-05, 2.173754712467814e-05]"
217,"[4.5635904881561134e-07, 5.081609648503571e-07, 4.692510490136105e-07, 5.460866434314784e-07, 5.306037955856423e-07]","[1.64260521947901e-05, 1.843479721923128e-05, 1.6786397604690388e-05, 2.0112552798638953e-05, 1.8983361072053364e-05]"
218,"[4.012206950057481e-07, 4.4409365275462267e-07, 4.162978840882535e-07, 4.7528899284441065e-07, 4.7060271020614334e-07]","[1.6547490553660765e-05, 1.8500057714673592e-05, 1.6976550816948318e-05, 2.006760475525985e-05, 1.919662368984211e-05]"
219,"[4.3080427734306446e-07, 4.80793710612661e-07, 4.4127199409452254e-07, 5.188797983793263e-07, 4.990260211641203e-07]","[1.8809645541301365e-05, 2.101420183210919e-05, 1.929422739580658e-05, 2.2751575886430875e-05, 2.1817737076331544e-05]"
220,"[4.898863405582895e-07, 5.454079623804044e-07, 5.031501412963295e-07, 5.858541783483979e-07, 5.689656849430072e-07]","[1.821212567156951e-05, 2.0251741572044677e-05, 1.8794262190966238e-05, 2.1794282039808187e-05, 2.1249051532220737e-05]"
221,"[4.805827774958168e-07, 5.300620744728656e-07, 4.991123665130867e-07, 5.62110662529069e-07, 5.642371973569328e-07]","[1.9231203046919504e-05, 2.1460988983592118e-05, 1.9733222316054894e-05, 2.317561609505427e-05, 2.2314306444067743e-05]"
222,"[4.4902592289020216e-07, 5.013347041164185e-07, 4.601255834658762e-07, 5.415061088741043e-07, 5.203391404992756e-07]","[1.7302797837799233e-05, 1.9462851574256875e-05, 1.7600347318170376e-05, 2.124248793796436e-05, 1.9906671337041875e-05]"
223,"[6.541563334405282e-07, 7.224774895161582e-07, 6.790302266857699e-07, 7.687564292923567e-07, 7.676474445941192e-07]","[2.345746385817726e-05, 2.593523386477257e-05, 2.429971701060427e-05, 2.7615800329480096e-05, 2.747201504298469e-05]"
224,"[4.2318894380232633e-07, 4.67439412537876e-07, 4.386682193014229e-07, 4.972192924359248e-07, 4.959318599680493e-07]","[1.6178719125453864e-05, 1.8011332495811795e-05, 1.6657535420609114e-05, 1.9393971763920328e-05, 1.8834502647134377e-05]"
225,"[4.1358959707024905e-07, 4.6196301002456904e-07, 4.232486524060127e-07, 4.986989272420613e-07, 4.786502547430755e-07]","[1.7269434837304846e-05, 1.9452593719987707e-05, 1.7550399291962145e-05, 2.1283804616335713e-05, 1.985025252849115e-05]"
226,"[4.459689802384362e-07, 4.947671462704318e-07, 4.6019707384194956e-07, 5.294397574783194e-07, 5.203201992502476e-07]","[1.611080320862429e-05, 1.8091394357522596e-05, 1.6439905570211367e-05, 1.9721482526219173e-05, 1.8592172422661517e-05]"
227,"[4.3193886394243024e-07, 4.816805856196516e-07, 4.4274436633476247e-07, 5.184130754848961e-07, 5.006847608132936e-07]","[1.768092750113173e-05, 1.9896819913973325e-05, 1.7960179305679788e-05, 2.171708331241681e-05, 2.0314641831768776e-05]"
228,"[4.900820883737397e-07, 5.403950296732465e-07, 5.093102401851376e-07, 5.733926459926099e-07, 5.757524047691976e-07]","[1.689679416545631e-05, 1.8853102948400737e-05, 1.736178003278143e-05, 2.0377168370410453e-05, 1.9631628157162864e-05]"
229,"[4.542188579288487e-07, 5.033768744182061e-07, 4.691917902536052e-07, 5.381751517954807e-07, 5.304812034432231e-07]","[1.696430739460415e-05, 1.9153547382407512e-05, 1.7185108602581076e-05, 2.1016974619991452e-05, 1.9438772789284126e-05]"
230,"[4.440420606325868e-07, 4.929222552477538e-07, 4.579306143532052e-07, 5.278708895151431e-07, 5.177722055048734e-07]","[1.840740855740143e-05, 2.0474632709722702e-05, 1.8966730955675858e-05, 2.201326634503583e-05, 2.1445134099048986e-05]"
231,"[4.2083222683967733e-07, 4.6726670202956434e-07, 4.3415564638813527e-07, 5.008636877952287e-07, 4.908823789081887e-07]","[1.7082355389792437e-05, 1.9187467880832186e-05, 1.7406763794410744e-05, 2.0909480011504414e-05, 1.9686814072840298e-05]"
232,"[5.329763028937591e-07, 5.919582717778099e-07, 5.50150360290664e-07, 6.344632104815947e-07, 6.220107894702736e-07]","[1.7187730403308985e-05, 1.9233861397863612e-05, 1.76481315503772e-05, 2.0921037649646603e-05, 1.9954976230396528e-05]"
233,"[5.24954878865448e-07, 5.833513210654421e-07, 5.40968772796481e-07, 6.254691789773247e-07, 6.116747389288124e-07]","[1.981228640004705e-05, 2.195472885146636e-05, 2.0478758042241438e-05, 2.345809747323123e-05, 2.3153387561097496e-05]"
234,"[4.1224522855198316e-07, 4.527719139701219e-07, 4.3002798647774055e-07, 4.7744548620244e-07, 4.860877290387737e-07]","[1.5980962404524153e-05, 1.7769480415982856e-05, 1.64560349178203e-05, 1.9078254919698055e-05, 1.860701755808459e-05]"
235,"[4.332343014658427e-07, 4.817113442340764e-07, 4.458162461982193e-07, 5.168117189384674e-07, 5.041044171933031e-07]","[1.5779817285646856e-05, 1.771459938776132e-05, 1.611912660102545e-05, 1.9309693590033854e-05, 1.822875209384542e-05]"
236,"[4.4061562855140723e-07, 4.904933995407854e-07, 4.5311416461918275e-07, 5.273305239314847e-07, 5.123653677643679e-07]","[1.7256170016898945e-05, 1.9385977887141032e-05, 1.7588637581179006e-05, 2.1132067293060386e-05, 1.9892091484658836e-05]"
237,"[4.5507624270061065e-07, 5.040483310982186e-07, 4.7111824364203486e-07, 5.380953993660987e-07, 5.326255450161522e-07]","[1.730062539060815e-05, 1.9447493325381446e-05, 1.7613777597479092e-05, 2.1213243833512034e-05, 1.992122485202226e-05]"
238,"[4.828117772101624e-07, 5.364779597765783e-07, 4.97387480665967e-07, 5.752915676767586e-07, 5.624001123546591e-07]","[1.8180463066898837e-05, 2.0384451234243296e-05, 1.8575892524290204e-05, 2.2177441784904684e-05, 2.1007373826770036e-05]"
239,"[4.7206399497544525e-07, 5.254184234802732e-07, 4.854220810092069e-07, 5.642304788598807e-07, 5.489019844147819e-07]","[1.819081687182918e-05, 2.044711591030524e-05, 1.8490673843317005e-05, 2.22734643958605e-05, 2.0914466831575522e-05]"
240,"[4.425365024813641e-07, 4.947297912882659e-07, 4.5280179155423294e-07, 5.351259965254083e-07, 5.120776249677158e-07]","[1.8202793274978735e-05, 2.0486877920273178e-05, 1.848082222180819e-05, 2.235943714902899e-05, 2.0903878458505803e-05]"
241,"[4.2545366713991423e-07, 4.709671355162778e-07, 4.4047005159178597e-07, 5.0271145344692e-07, 4.979813910055835e-07]","[1.772423547592411e-05, 1.987933113138755e-05, 1.8085967267073607e-05, 2.1612829259039592e-05, 2.0454340597254408e-05]"
242,"[4.692422733576911e-07, 5.198223153903594e-07, 4.853232941243877e-07, 5.556108523023929e-07, 5.487014900981594e-07]","[1.5945186077916673e-05, 1.7970397861594567e-05, 1.6229761321973566e-05, 1.972289141316211e-05, 1.8355213612654325e-05]"
243,"[4.355771780098988e-07, 4.862994896249923e-07, 4.460734767800048e-07, 5.246617507848677e-07, 5.044552796906073e-07]","[1.9428330538205386e-05, 2.1751949719817894e-05, 1.9855558673895945e-05, 2.358552714509898e-05, 2.2454951700865625e-05]"
244,"[4.697284464383457e-07, 5.230481370799664e-07, 4.828213334470221e-07, 5.620762237418312e-07, 5.459617693994504e-07]","[1.8929756071318405e-05, 2.1120910272415893e-05, 1.946712530900406e-05, 2.2838214950206377e-05, 2.2011462919769215e-05]"
245,"[4.5444184461677467e-07, 5.052195369449768e-07, 4.6790997747588845e-07, 5.428417299234464e-07, 5.290801029908513e-07]","[1.9070011363222116e-05, 2.1168688672804226e-05, 1.9701435343140968e-05, 2.272183010117854e-05, 2.227445676964866e-05]"
246,"[4.558623562102933e-07, 5.062239443649317e-07, 4.7057752500601694e-07, 5.427012269280835e-07, 5.320358781047398e-07]","[1.7415383052280902e-05, 1.9417531734916193e-05, 1.7909769218096203e-05, 2.0969660945896923e-05, 2.0250916865857177e-05]"
247,"[4.4321767082806157e-07, 4.917697764155017e-07, 4.5813211511790326e-07, 5.263719250779789e-07, 5.17955215476626e-07]","[1.75619882853887e-05, 1.9511886255490298e-05, 1.8146754721371362e-05, 2.0986183533440357e-05, 2.0516166353391594e-05]"
248,"[4.600626665652085e-07, 5.111897268905497e-07, 4.7423917812758304e-07, 5.489164114809247e-07, 5.361954922644967e-07]","[1.8190478645473588e-05, 2.033409273665468e-05, 1.8633030231692617e-05, 2.201723269785469e-05, 2.1071081676531046e-05]"
249,"[4.410810490180395e-07, 4.890207819787217e-07, 4.562731588986761e-07, 5.237631866299544e-07, 5.158434633788063e-07]","[1.8652140206419375e-05, 2.0829705493173097e-05, 1.9145721991024208e-05, 2.253071203384018e-05, 2.1649308715933394e-05]"
250,"[4.4541411453097325e-07, 4.975511652891547e-07, 4.560572086837808e-07, 5.374224521466473e-07, 5.157448144003314e-07]","[1.9702047599651683e-05, 2.2024397967811772e-05, 2.021636486957721e-05, 2.387243315787069e-05, 2.2859931578654172e-05]"
251,"[4.525183529209496e-07, 5.009869359567526e-07, 4.6865165558611697e-07, 5.350429378418628e-07, 5.298382274625553e-07]","[1.9434060629277085e-05, 2.1603673456567737e-05, 2.0016091706817205e-05, 2.3187322792687982e-05, 2.2632285800677466e-05]"
252,"[4.663158583101226e-07, 5.196358444911503e-07, 4.798092902872118e-07, 5.599557926950762e-07, 5.425222995349514e-07]","[1.829697531997408e-05, 2.0450922157883236e-05, 1.8772621163558777e-05, 2.217296133487532e-05, 2.1227529152891828e-05]"
253,"[4.6967778601162926e-07, 5.240066604064658e-07, 4.812938351118013e-07, 5.648421504723887e-07, 5.442462747132176e-07]","[1.9848572337140792e-05, 2.2029977633289737e-05, 2.0500246831470157e-05, 2.3616827021443714e-05, 2.317776118157423e-05]"
254,"[4.4512135278370785e-07, 4.940904851726931e-07, 4.593565780817906e-07, 5.294901346103966e-07, 5.193731397568013e-07]","[1.8231872516756953e-05, 2.0317781615864597e-05, 1.875002862623549e-05, 2.1905399861766248e-05, 2.1201075167678352e-05]"
255,"[4.689384251343429e-07, 5.219643310558655e-07, 4.818967875704274e-07, 5.604424448871296e-07, 5.449218982796556e-07]","[1.8657982554574823e-05, 2.0697426000508352e-05, 1.9271797096719093e-05, 2.215798596763882e-05, 2.1789013119849903e-05]"
256,"[4.6346523949943735e-07, 5.222387192298722e-07, 4.704468277448951e-07, 5.702685817060184e-07, 5.32108054097467e-07]","[2.035909061727708e-05, 2.2833047934696048e-05, 2.078593708210996e-05, 2.4837035935403575e-05, 2.350735745793877e-05]"
257,"[4.456598877488531e-07, 4.971387940581843e-07, 4.571045139024638e-07, 5.357435448501121e-07, 5.168952402553134e-07]","[1.914512441193354e-05, 2.13622726288544e-05, 1.9660609863137945e-05, 2.3074315437093556e-05, 2.2231506718193553e-05]"
258,"[4.5125370167442976e-07, 5.002739635666474e-07, 4.667999068986206e-07, 5.352843232872104e-07, 5.277442010793168e-07]","[1.8113543640529604e-05, 2.0144595826307267e-05, 1.8695640116376842e-05, 2.1690895756453902e-05, 2.113721955834927e-05]"
259,"[4.450579291560829e-07, 4.950913534276982e-07, 4.5836396976573396e-07, 5.320912613928325e-07, 5.182810797392959e-07]","[1.9496466972214394e-05, 2.1745781368321034e-05, 2.002211089671746e-05, 2.3458483435934955e-05, 2.2640400779095854e-05]"
260,"[4.4428346445123205e-07, 4.948759023904631e-07, 4.5743845913202747e-07, 5.321644826176887e-07, 5.172238311024711e-07]","[1.8844181555166007e-05, 2.1082642530964953e-05, 1.9277210457253935e-05, 2.2838887043674683e-05, 2.180036735328327e-05]"
261,"[4.5705899693813785e-07, 5.079156473932889e-07, 4.713969064224827e-07, 5.447744846141999e-07, 5.32988978483195e-07]","[1.777938667674419e-05, 1.9806887867397072e-05, 1.8327901530918243e-05, 2.1391096939001137e-05, 2.0721978714737838e-05]"
262,"[4.378375280803972e-07, 4.883043476463323e-07, 4.497917340039578e-07, 5.264407358437393e-07, 5.08584160301681e-07]","[1.8659468346339574e-05, 2.0785754701415855e-05, 1.9190542918340504e-05, 2.2391760554661902e-05, 2.169935737934336e-05]"
263,"[4.6866168124040793e-07, 5.218873448702384e-07, 4.815504653992667e-07, 5.610672253479723e-07, 5.445300419130449e-07]","[1.9209972072704088e-05, 2.1374341992810433e-05, 1.9792088567769234e-05, 2.3005999931366932e-05, 2.237833731101468e-05]"
264,"[4.4760797495299e-07, 4.986035454531094e-07, 4.596617017930892e-07, 5.364074358150879e-07, 5.197854799737607e-07]","[2.0398221809615116e-05, 2.2834735797505893e-05, 2.083877349909617e-05, 2.4738524635557666e-05, 2.3567202305947087e-05]"
265,"[4.4224741382826457e-07, 4.914093209410239e-07, 4.5580018467632105e-07, 5.277412221329368e-07, 5.153645373119835e-07]","[1.9312741058669616e-05, 2.149321825855761e-05, 1.9874660675827838e-05, 2.311696564065028e-05, 2.2472640077768187e-05]"
266,"[4.548336802028787e-07, 5.063672794432846e-07, 4.6712532322988416e-07, 5.43670214069366e-07, 5.282265519157697e-07]","[1.8293237686335206e-05, 2.0374012963303528e-05, 1.884021793761524e-05, 2.1976134656530058e-05, 2.1302119104978366e-05]"
267,"[4.872200926919754e-07, 5.426163657799368e-07, 5.008902168777984e-07, 5.837041625126938e-07, 5.663948743833162e-07]","[1.843867119508825e-05, 2.038150994858607e-05, 1.916621400469305e-05, 2.177200688049527e-05, 2.1665595546221167e-05]"
268,"[4.2168537808378493e-07, 4.6803445867011414e-07, 4.3500492916608585e-07, 5.015803555708286e-07, 4.918447326210803e-07]","[1.889298014360548e-05, 2.090351160678643e-05, 1.9593272143241133e-05, 2.2328160676936414e-05, 2.2149963054300187e-05]"
269,"[4.330405485702407e-07, 4.809001453948368e-07, 4.465227812797488e-07, 5.153122682011905e-07, 5.048757742473542e-07]","[1.86755936163599e-05, 2.0831425658240437e-05, 1.917902349713311e-05, 2.248200811503159e-05, 2.1687009147048588e-05]"
270,"[4.4532713101936614e-07, 4.94881653700477e-07, 4.5862946428572733e-07, 5.306608544744288e-07, 5.185790826767136e-07]","[2.004520698526283e-05, 2.2338788652103664e-05, 2.0603433526715143e-05, 2.4074867438789164e-05, 2.3297243334482908e-05]"
271,"[4.980611774606576e-07, 5.538076631376937e-07, 5.124568584776057e-07, 5.943964649906616e-07, 5.794575347411628e-07]","[1.690294060918059e-05, 1.8808053004516747e-05, 1.7455575502688278e-05, 2.0289599909843432e-05, 1.973462924634443e-05]"
272,"[4.4325485249315764e-07, 4.93314523762231e-07, 4.562057615576871e-07, 5.305326878971343e-07, 5.158304384611232e-07]","[1.8959668110046422e-05, 2.1028542877134667e-05, 1.959668312364965e-05, 2.2529260660185497e-05, 2.215579205920242e-05]"
273,"[4.2842659702224274e-07, 4.794715695010936e-07, 4.3815832359148195e-07, 5.191840827210147e-07, 4.95511437509921e-07]","[1.9183952361682523e-05, 2.1400933746937503e-05, 1.9681738544035038e-05, 2.3081949145687835e-05, 2.2256341995215494e-05]"
274,"[4.49465586838276e-07, 5.001546795442667e-07, 4.62100960915685e-07, 5.374401048819491e-07, 5.225238006708567e-07]","[1.8647416077711886e-05, 2.075554241006613e-05, 1.919734776367187e-05, 2.234014484315635e-05, 2.1706435275637665e-05]"
275,"[4.266269965278206e-07, 4.742628072609872e-07, 4.3944777452454496e-07, 5.090555686704698e-07, 4.968690662283115e-07]","[1.744064821863088e-05, 1.9376012420835203e-05, 1.8020284683629867e-05, 2.0833716799404038e-05, 2.0373173335715016e-05]"
276,"[5.661113244869313e-07, 6.272558059886818e-07, 5.865921967555951e-07, 6.700692301960075e-07, 6.631518450348897e-07]","[2.2390307924746716e-05, 2.4736479557258546e-05, 2.3234619137895952e-05, 2.6332972039196914e-05, 2.6266379811768667e-05]"
277,"[4.496559600360481e-07, 4.972595150742559e-07, 4.658406398721751e-07, 5.294932096301917e-07, 5.266435484174964e-07]","[1.5235102485121386e-05, 1.6968585529119325e-05, 1.569664389530391e-05, 1.830620673848618e-05, 1.7747341188793606e-05]"
278,"[4.1071681479724197e-07, 4.5322467021237215e-07, 4.2699812603451615e-07, 4.816038110029088e-07, 4.826846155852979e-07]","[1.62218615985336e-05, 1.8020336922816422e-05, 1.6727495855600362e-05, 1.9325269942150388e-05, 1.8913185126580637e-05]"
279,"[4.0447351190580756e-07, 4.490115185306278e-07, 4.167205840275587e-07, 4.802747021731631e-07, 4.711875044854373e-07]","[1.6738643896387555e-05, 1.8526498742767407e-05, 1.7351940303973472e-05, 1.9797391823744688e-05, 1.9616370396758762e-05]"
280,"[4.0453392562495174e-07, 4.4535447350544465e-07, 4.213668948279248e-07, 4.716560533052488e-07, 4.7631044664162045e-07]","[1.709069909031711e-05, 1.906905432032567e-05, 1.7525181148418012e-05, 2.0563672369538324e-05, 1.9817947824581903e-05]"
281,"[4.311816706011599e-07, 4.748850326039938e-07, 4.4894512445917826e-07, 5.02968986630655e-07, 5.074841693495383e-07]","[1.6927362787921692e-05, 1.878649813781152e-05, 1.7487219926203056e-05, 2.0141236626662518e-05, 1.9771029271608203e-05]"
282,"[4.4859508135840233e-07, 4.979454971896624e-07, 4.620416751904617e-07, 5.323560014646751e-07, 5.224427022155325e-07]","[1.6306426873631745e-05, 1.812587400321345e-05, 1.6801079962461573e-05, 1.9461078443843593e-05, 1.8996804306702473e-05]"
283,"[4.2115521165608825e-07, 4.659322365328127e-07, 4.362140579362208e-07, 4.969787208706855e-07, 4.931619499782545e-07]","[1.6966316087714013e-05, 1.886449431087424e-05, 1.749062323969352e-05, 2.0274280310559008e-05, 1.9775974689579755e-05]"
284,"[4.5496309821415476e-07, 5.060010746564255e-07, 4.6751612559682393e-07, 5.426740336173515e-07, 5.286688471272682e-07]","[1.8147355727891196e-05, 2.0237859773290292e-05, 1.861364184358974e-05, 2.1805134460667412e-05, 2.1048819692420445e-05]"
285,"[4.3092595846051197e-07, 4.771953768553893e-07, 4.4553951537011834e-07, 5.089625140325031e-07, 5.037342696502221e-07]","[1.7955532283146955e-05, 2.0007828238953576e-05, 1.844266685297497e-05, 2.1546732898213628e-05, 2.08546858068671e-05]"
286,"[4.445201580248256e-07, 4.920949550938736e-07, 4.600393703023851e-07, 5.251604296080249e-07, 5.201125926323866e-07]","[1.809887530712469e-05, 2.0102547716461336e-05, 1.8659174977910015e-05, 2.154833766704054e-05, 2.1097448243654723e-05]"
287,"[4.421006660264972e-07, 4.885781617514069e-07, 4.5836358914661746e-07, 5.199840977648926e-07, 5.181824088822851e-07]","[1.7436993667216123e-05, 1.9347890095056745e-05, 1.802058005143838e-05, 2.074292608713107e-05, 2.0373834772927042e-05]"
288,"[4.3045831705263006e-07, 4.797407252501928e-07, 4.424353349276824e-07, 5.158623041824487e-07, 5.002806826035788e-07]","[1.7822793314699746e-05, 1.9732898478907302e-05, 1.8451205784498125e-05, 2.1073632672132948e-05, 2.086001723881793e-05]"
289,"[4.3961234063955823e-07, 4.919371794972877e-07, 4.4876984531733934e-07, 5.320090241196705e-07, 5.075486471350179e-07]","[1.7428279573434776e-05, 1.9320431673816174e-05, 1.8036458017865085e-05, 2.0690856598445293e-05, 2.0390976273265188e-05]"
290,"[4.6157112214566824e-07, 5.110252763919044e-07, 4.770482131668449e-07, 5.449180328723182e-07, 5.393598912130932e-07]","[1.8259141670560485e-05, 2.0425971977228028e-05, 1.8685270723324826e-05, 2.2132874327820228e-05, 2.113065491711601e-05]"
291,"[4.4370724230941594e-07, 4.900432455170764e-07, 4.6026983418424985e-07, 5.216401299214971e-07, 5.203441777956666e-07]","[1.7448684873549128e-05, 1.936052940933676e-05, 1.8033200921572364e-05, 2.0757608081374656e-05, 2.038812623937873e-05]"
292,"[3.9942737927196946e-07, 4.451176366455956e-07, 4.1028158071348513e-07, 4.791305296819202e-07, 4.639421472419074e-07]","[1.7383100024718027e-05, 1.9243098882767116e-05, 1.8012131507111254e-05, 2.05638858228544e-05, 2.036293452872987e-05]"
293,"[4.782705756955892e-07, 5.322080167349762e-07, 4.912606707318489e-07, 5.707387349135212e-07, 5.555074753062163e-07]","[1.8014582158194603e-05, 1.9944857328705896e-05, 1.8655779794995357e-05, 2.1306005696819514e-05, 2.1091079274965744e-05]"
294,"[4.1941520671382887e-07, 4.6571876881278523e-07, 4.3256837312557066e-07, 4.996900342971242e-07, 4.890852501463239e-07]","[1.7950247145500946e-05, 1.9859117319263852e-05, 1.8604994042043506e-05, 2.119116670808221e-05, 2.103316798720936e-05]"
295,"[4.172725884617804e-07, 4.616637173363597e-07, 4.3245112822129323e-07, 4.926148654561287e-07, 4.88890508878364e-07]","[1.794249412549913e-05, 1.9885963528553324e-05, 1.8564824574229267e-05, 2.1279102339384767e-05, 2.098858647729745e-05]"
296,"[4.7423248723908177e-07, 5.286676669244484e-07, 4.86282417608059e-07, 5.687912693403304e-07, 5.499159261726396e-07]","[1.740866456398672e-05, 1.9353983958648452e-05, 1.7960768313808077e-05, 2.0816220133471275e-05, 2.0306862159581458e-05]"
297,"[4.3704782833682987e-07, 4.810039393594658e-07, 4.5529406755645515e-07, 5.086615896411183e-07, 5.146588600322249e-07]","[1.6482946808122134e-05, 1.829751998912698e-05, 1.702300445206067e-05, 1.962222734815423e-05, 1.9246367365748114e-05]"
298,"[4.37075390985931e-07, 4.871585358119803e-07, 4.4811722476093973e-07, 5.241744495984356e-07, 5.067603950911139e-07]","[1.7418588315123914e-05, 1.9293828136145423e-05, 1.8042704526594986e-05, 2.064655732973501e-05, 2.0397542166347476e-05]"
299,"[4.5988451735100414e-07, 5.120744356696495e-07, 4.7218682465573587e-07, 5.500167159239843e-07, 5.339498497627955e-07]","[1.7932625682569574e-05, 2.001400843517532e-05, 1.840066239367739e-05, 2.161230274796218e-05, 2.0807397466538465e-05]"
300,"[4.194900797553735e-07, 4.644321460785496e-07, 4.3406110737528457e-07, 4.955099861454159e-07, 4.907324318106523e-07]","[1.8093243967244333e-05, 2.010453000732714e-05, 1.8664745401010643e-05, 2.158764660741535e-05, 2.110316620446465e-05]"
301,"[4.255887916968826e-07, 4.7447053178125396e-07, 4.367080450286084e-07, 5.104717304880723e-07, 4.938351841956954e-07]","[1.8455040187207388e-05, 2.0470527525904167e-05, 1.906750231231084e-05, 2.1919043276560945e-05, 2.1557811189452867e-05]"
302,"[4.044042836600744e-07, 4.460747471379988e-07, 4.203346016304104e-07, 4.737115451344243e-07, 4.751655345545685e-07]","[1.6934268977069964e-05, 1.879730576584905e-05, 1.7516709484960063e-05, 2.0183347308591096e-05, 1.9803273896099265e-05]"
303,"[4.673311268260749e-07, 5.220860301631428e-07, 4.780058588976211e-07, 5.632964470175828e-07, 5.405850247651756e-07]","[1.8329721039280166e-05, 2.0441821760196802e-05, 1.882370489884989e-05, 2.2053122661849946e-05, 2.1285403828791936e-05]"
304,"[4.378831617631274e-07, 4.885857187494053e-07, 4.4884055704351917e-07, 5.266683205653864e-07, 5.075678508876849e-07]","[1.5866289038503703e-05, 1.774927983232723e-05, 1.6264349037154833e-05, 1.92640264321203e-05, 1.839160635148788e-05]"
305,"[4.539861418589892e-07, 5.035136254455182e-07, 4.6893883737563193e-07, 5.388609033731775e-07, 5.301825586481004e-07]","[1.7397893232627915e-05, 1.9418354671510368e-05, 1.7841846800554767e-05, 2.095773976003042e-05, 2.017589975020315e-05]"
306,"[4.0197723942490804e-07, 4.439086082314759e-07, 4.177631007030207e-07, 4.72665300513707e-07, 4.722527637438353e-07]","[1.7604184367588026e-05, 1.9533555953720192e-05, 1.8182869628652946e-05, 2.0921481338483362e-05, 2.0557798066563663e-05]"
307,"[4.160807614576299e-07, 4.6084923969651466e-07, 4.301060713956698e-07, 4.918846927673019e-07, 4.862864696494772e-07]","[1.7877781806602575e-05, 1.986372435675798e-05, 1.842849789376916e-05, 2.1309682841647167e-05, 2.083669159053939e-05]"
308,"[4.26748076822145e-07, 4.7327466691234844e-07, 4.407449466036832e-07, 5.068346204534004e-07, 4.983200883273181e-07]","[1.6628631309775124e-05, 1.8410172356224983e-05, 1.725236601342748e-05, 1.969954315620536e-05, 1.9503048149581886e-05]"
309,"[4.319982572479263e-07, 4.814674174741189e-07, 4.4304614684644864e-07, 5.181039643110515e-07, 5.010064554141211e-07]","[1.738278221511527e-05, 1.9253106169880386e-05, 1.7995664198919182e-05, 2.0583234724199607e-05, 2.034494430118124e-05]"
310,"[4.3684386813444794e-07, 4.851940072404902e-07, 4.5057526328480866e-07, 5.197939313889176e-07, 5.094455870162638e-07]","[1.8188832582672e-05, 2.0296882043176044e-05, 1.8661277247667905e-05, 2.190538698213002e-05, 2.11022276751234e-05]"
311,"[4.115651091763982e-07, 4.593015805021051e-07, 4.2236194556305207e-07, 4.954614503944999e-07, 4.775992099883404e-07]","[1.7456779415672902e-05, 1.942835098578155e-05, 1.7970487768236892e-05, 2.090131529401425e-05, 2.0319325598398574e-05]"
312,"[4.34185892751622e-07, 4.809032429777571e-07, 4.4876847196127813e-07, 5.135832247390737e-07, 5.073899621099527e-07]","[1.7156751122548138e-05, 1.89791829297463e-05, 1.7786000858351546e-05, 2.0252172989368546e-05, 2.010720731003476e-05]"
313,"[5.058705986394911e-07, 5.655114122255044e-07, 5.172737609304711e-07, 6.118504028142477e-07, 5.849975129268125e-07]","[1.9232207763475096e-05, 2.1453609283283314e-05, 1.9773407374215922e-05, 2.3195031885928506e-05, 2.2358061386395436e-05]"
314,"[3.4999143414346445e-07, 3.8905865292113705e-07, 3.6094183343577816e-07, 4.174285277516676e-07, 4.0810403709201784e-07]","[1.52963314995978e-05, 1.6868296392136235e-05, 1.591656510676788e-05, 1.7927216974982557e-05, 1.7992173057851723e-05]"
315,"[3.749051326142888e-07, 4.1616327579628684e-07, 3.8644823915981965e-07, 4.454197183170312e-07, 4.369573989363072e-07]","[1.4025471003086628e-05, 1.5602414637936782e-05, 1.4455070476479602e-05, 1.6785374174844347e-05, 1.634372966400749e-05]"
316,"[3.2256165006142307e-07, 3.5817726883489776e-07, 3.3266676667330866e-07, 3.83975423755447e-07, 3.761308418776615e-07]","[1.639147692829378e-05, 1.8179776765063834e-05, 1.6932144155131666e-05, 1.9458181195953243e-05, 1.914378417410887e-05]"
317,"[3.8603525092843526e-07, 4.3104886319652106e-07, 3.9534185191645294e-07, 4.655807246921913e-07, 4.470838456851581e-07]","[1.8896374657808948e-05, 2.1155104233660223e-05, 1.9330376904099266e-05, 2.2959976879856793e-05, 2.186021718120699e-05]"
318,"[2.980851990284464e-07, 3.294421567681324e-07, 3.095646649203403e-07, 3.507063547259987e-07, 3.499452213184602e-07]","[1.812401979435844e-05, 2.0009988140715517e-05, 1.8840046474185793e-05, 2.1305411508245946e-05, 2.1297197525475515e-05]"
319,"[3.2581296316170773e-07, 3.642319735397073e-07, 3.3305704330592724e-07, 3.9338584907004484e-07, 3.766697166210265e-07]","[1.7862884486989658e-05, 1.9744301510779617e-05, 1.8538707760396637e-05, 2.10526021218422e-05, 2.0957464998119653e-05]"
320,"[2.8500530291217416e-07, 3.155578084124505e-07, 2.9493396077128324e-07, 3.366265960672687e-07, 3.334460591776859e-07]","[2.1886817428323187e-05, 2.4249220743567652e-05, 2.26161192635198e-05, 2.5889097057907053e-05, 2.557033907462103e-05]"
321,"[2.7573918556814604e-07, 3.0555688967341034e-07, 2.852664319138398e-07, 3.2667727045846834e-07, 3.225165811344085e-07]","[2.1123845740953237e-05, 2.3529455071597444e-05, 2.168519764682906e-05, 2.5299423546749308e-05, 2.4522033960995993e-05]"
322,"[3.00951933413182e-07, 3.330189322423239e-07, 3.115410345505116e-07, 3.5542120486634145e-07, 3.522137256657049e-07]","[2.2245835955010013e-05, 2.4768831147715665e-05, 2.2858014056555074e-05, 2.6629941185112667e-05, 2.5847466660447127e-05]"
323,"[2.5704338427871055e-07, 2.843887101477109e-07, 2.661847572330728e-07, 3.0379088464334257e-07, 3.009349723737583e-07]","[1.9327942360481166e-05, 2.147384613650083e-05, 1.990944692928191e-05, 2.3020608748093556e-05, 2.251178047371804e-05]"
324,"[2.272014252199832e-07, 2.492370018413687e-07, 2.377048235450437e-07, 2.62823869371137e-07, 2.686681770307992e-07]","[1.752181503083885e-05, 1.925699882711559e-05, 1.8287979735883442e-05, 2.0351416704457943e-05, 2.067144218042512e-05]"
325,"[1.9727630808151263e-07, 2.1586377796826215e-07, 2.0729773014839256e-07, 2.2695781387098214e-07, 2.3427113000477964e-07]","[1.5198752020641649e-05, 1.661681585240217e-05, 1.5971111784067876e-05, 1.7452555481333096e-05, 1.804934810631269e-05]"
326,"[1.9926698022777916e-07, 2.1826448222457994e-07, 2.0894231249830134e-07, 2.3011317421690776e-07, 2.3614329075856734e-07]","[1.571276327298981e-05, 1.7276772158948125e-05, 1.63997610218811e-05, 1.827407327296414e-05, 1.8536921254531442e-05]"
327,"[2.1254496141503354e-07, 2.3353253819491e-07, 2.2202001840781988e-07, 2.469713016301759e-07, 2.509484290396047e-07]","[1.6817684953703363e-05, 1.8547824045199184e-05, 1.748659637582107e-05, 1.9703991377934438e-05, 1.9767270947166568e-05]"
328,"[2.1145640149446566e-07, 2.3316447395970535e-07, 2.2006233661782809e-07, 2.4758155720250295e-07, 2.4875906602966104e-07]","[1.7107975288010268e-05, 1.902511895290937e-05, 1.7612570921030243e-05, 2.042858371783458e-05, 1.991486657626998e-05]"
329,"[2.1488899438392522e-07, 2.361148246474572e-07, 2.2458021395067468e-07, 2.4973418820847995e-07, 2.538335016990303e-07]","[1.6795815666951107e-05, 1.8615985323487156e-05, 1.736844579961704e-05, 1.9920167832943932e-05, 1.963643863036374e-05]"
330,"[1.97173914552488e-07, 2.1610846856962978e-07, 2.067453857940989e-07, 2.2833538477217472e-07, 2.3365979051830943e-07]","[1.5628950371657097e-05, 1.7221639199189645e-05, 1.628887944450216e-05, 1.83008549616037e-05, 1.8412171291049303e-05]"
331,"[1.7778759293819374e-07, 1.9624577521814164e-07, 1.852956306933803e-07, 2.0959841507633878e-07, 2.0944451981153256e-07]","[1.5450492128320743e-05, 1.7142051313292e-05, 1.5984901660995648e-05, 1.83896796826553e-05, 1.8071626768592126e-05]"
332,"[2.1718265883833736e-07, 2.387106923537902e-07, 2.2698188341337054e-07, 2.525980101154032e-07, 2.565480099045632e-07]","[1.7165734635765556e-05, 1.8787064559702888e-05, 1.8005501142597358e-05, 1.974209415044966e-05, 2.0349559324790254e-05]"
333,"[1.6608925393094516e-07, 1.8058991009287856e-07, 1.760386300448514e-07, 1.8867980468464087e-07, 1.988984263569815e-07]","[1.2380946047445835e-05, 1.3499105031497833e-05, 1.3069762774622122e-05, 1.4149671337699636e-05, 1.4768449459048614e-05]"
334,"[1.899313469831507e-07, 2.066137387709512e-07, 2.0064875562936144e-07, 2.1538494028471389e-07, 2.2673065708222707e-07]","[1.5748188826638742e-05, 1.7248976690028683e-05, 1.6496274579319628e-05, 1.813599031327852e-05, 1.8644543254606786e-05]"
335,"[1.8698252712965132e-07, 2.0444871845733293e-07, 1.9657143601822708e-07, 2.1485169375213137e-07, 2.2214395078576077e-07]","[1.2481910015023709e-05, 1.3757247894998817e-05, 1.3007396719755938e-05, 1.462419746367263e-05, 1.47028272042155e-05]"
336,"[1.7519054928821315e-07, 1.9139950152518398e-07, 1.8454028516306378e-07, 2.0102920963042964e-07, 2.085371079309947e-07]","[1.4230212977872015e-05, 1.5610391847805127e-05, 1.490066446504471e-05, 1.6475438925560374e-05, 1.6840955490660844e-05]"
337,"[1.963015032700332e-07, 2.141148332849907e-07, 2.0701950123253066e-07, 2.2433746367752044e-07, 2.339354496131057e-07]","[1.3120550544820027e-05, 1.4421405356817673e-05, 1.3711556600420281e-05, 1.5264796181059105e-05, 1.5497777865187052e-05]"
338,"[2.1305682573352484e-07, 2.316744459767615e-07, 2.2522789053175258e-07, 2.4152750503255637e-07, 2.5449729972231614e-07]","[1.2056830353711416e-05, 1.3098398913201582e-05, 1.278438199278089e-05, 1.3667474662495888e-05, 1.444437503867766e-05]"
339,"[1.72981732829398e-07, 1.889020857516523e-07, 1.8223611272968829e-07, 1.9837809983708295e-07, 2.059328190751878e-07]","[1.224694137539379e-05, 1.3431231755339985e-05, 1.2854751930979772e-05, 1.4197251259128747e-05, 1.4527407807611641e-05]"
340,"[1.796402094901067e-07, 1.9567874962396746e-07, 1.8972347417805645e-07, 2.0471210141604854e-07, 2.1437744562204891e-07]","[1.0936634912667109e-05, 1.1923330334192352e-05, 1.1560164446926909e-05, 1.2520471267379603e-05, 1.3062033213197225e-05]"
341,"[1.6737650544841997e-07, 1.8242397901768456e-07, 1.7661690125462603e-07, 1.909796481556531e-07, 1.9957563067203376e-07]","[1.3156094742078246e-05, 1.4373775696343182e-05, 1.3844108928578864e-05, 1.5091446881541774e-05, 1.5644873987988682e-05]"
342,"[2.0742206196851619e-07, 2.2502179826061883e-07, 2.2000039488780796e-07, 2.3386166227391558e-07, 2.4856641318609353e-07]","[1.3771719546284173e-05, 1.5030994611946457e-05, 1.4500833486595089e-05, 1.5748184612619143e-05, 1.6386843861551412e-05]"
343,"[1.6098391046760073e-07, 1.7509420695722243e-07, 1.703516628135003e-07, 1.8281602592154352e-07, 1.9248402301359562e-07]","[1.145128215474853e-05, 1.2479932342640832e-05, 1.2085488445949684e-05, 1.3058604319623666e-05, 1.3656441119781696e-05]"
344,"[2.1183248014420014e-07, 2.303575086981333e-07, 2.2407259991185378e-07, 2.4026328939191397e-07, 2.5318596026953876e-07]","[1.1063583140783603e-05, 1.2141782881060431e-05, 1.161596612735237e-05, 1.2864346423693111e-05, 1.3127079847491991e-05]"
345,"[1.8803290005620454e-07, 2.0490278786215771e-07, 1.9836480921119608e-07, 2.1423817769116766e-07, 2.2415459884533677e-07]","[1.3938305341321181e-05, 1.533601696791729e-05, 1.452460347946432e-05, 1.6227075807342648e-05, 1.6418297907429005e-05]"
346,"[2.847797494253953e-07, 3.1144738597556516e-07, 2.989883031312406e-07, 3.267747322630966e-07, 3.3790783641515994e-07]","[1.6197299265954924e-05, 1.786473986065229e-05, 1.6832751906457284e-05, 1.8965433614345746e-05, 1.9028601451743036e-05]"
347,"[2.3206959491545788e-07, 2.549747356104104e-07, 2.425612481687177e-07, 2.695767694145595e-07, 2.7415924459644833e-07]","[1.639325397753413e-05, 1.8073112522754543e-05, 1.707843480894249e-05, 1.922068855387769e-05, 1.930463464020128e-05]"
348,"[2.536216442423765e-07, 2.784173630727666e-07, 2.649115435148276e-07, 2.9357269715401753e-07, 2.994340438728503e-07]","[1.525637328190127e-05, 1.6847118786886445e-05, 1.5838104168328887e-05, 1.792186643234819e-05, 1.7904621850786156e-05]"
349,"[2.573216936355274e-07, 2.822093538942739e-07, 2.6903786110809046e-07, 2.972710214014975e-07, 3.04091350306032e-07]","[1.3695796259680709e-05, 1.5204273984059128e-05, 1.413136531995206e-05, 1.6290684913122286e-05, 1.5977645237103208e-05]"
350,"[2.324749048376019e-07, 2.559565852168756e-07, 2.4221974022440276e-07, 2.7142166731421983e-07, 2.7380120585431077e-07]","[1.563012692511395e-05, 1.7354523201714304e-05, 1.6132540909258567e-05, 1.8608208530021117e-05, 1.8239961997911136e-05]"
351,"[2.777629216736882e-07, 3.038552801904805e-07, 2.9130217722146664e-07, 3.1890812600173977e-07, 3.2923011269267445e-07]","[1.7353983954711066e-05, 1.9123808559915317e-05, 1.8056156028009924e-05, 2.0283097298583634e-05, 2.0410961008487465e-05]"
352,"[2.228132861759375e-07, 2.4399893309117866e-07, 2.336686411815616e-07, 2.5682600707600503e-07, 2.6408692762982734e-07]","[1.4630885538341464e-05, 1.616700215233248e-05, 1.518436761195093e-05, 1.722550373162183e-05, 1.7165534130731543e-05]"
353,"[2.5280461353354525e-07, 2.770211978745067e-07, 2.6464610663434963e-07, 2.913410664086897e-07, 2.9911345295459286e-07]","[1.4731378597229334e-05, 1.6256071356936176e-05, 1.5306252702451713e-05, 1.728736748339665e-05, 1.7303019817743868e-05]"
354,"[2.4712699287683883e-07, 2.711785360366853e-07, 2.5858776022122363e-07, 2.860692296603875e-07, 2.9226755571724313e-07]","[1.2184559448018963e-05, 1.3552394964343103e-05, 1.2553347594974198e-05, 1.4575427770009195e-05, 1.4193817662837248e-05]"
355,"[2.4730348029466007e-07, 2.716146250898715e-07, 2.5838530199784126e-07, 2.8704744766742387e-07, 2.9205134623604467e-07]","[1.6168739057729724e-05, 1.792446032437054e-05, 1.6714712003345286e-05, 1.917502234113932e-05, 1.8897526853975423e-05]"
356,"[2.361220367515176e-07, 2.5932690814300763e-07, 2.465104258387253e-07, 2.735674393370051e-07, 2.7863556248465193e-07]","[1.3367888788700836e-05, 1.4836990725569063e-05, 1.3804502846081892e-05, 1.5898787967730513e-05, 1.5607492800962677e-05]"
357,"[2.0864289262331683e-07, 2.279628478448063e-07, 2.19230821074582e-07, 2.3888485538782686e-07, 2.477628108262795e-07]","[1.2741992079513635e-05, 1.3996558320519003e-05, 1.3305634043635944e-05, 1.4778107265768597e-05, 1.5039614661223467e-05]"
358,"[2.0702319838399579e-07, 2.2695026843339767e-07, 2.1700975853596616e-07, 2.391401579667821e-07, 2.4526149695752627e-07]","[1.3230804907302573e-05, 1.460242559420437e-05, 1.3739284195309193e-05, 1.5517314871937603e-05, 1.553189813282631e-05]"
359,"[2.5080119167369626e-07, 2.752702055448284e-07, 2.6222500238008784e-07, 2.904881135405956e-07, 2.9638678726076255e-07]","[1.3880468017713146e-05, 1.5368769132948177e-05, 1.4393576706322053e-05, 1.6447895164491974e-05, 1.6271589202742024e-05]"
360,"[2.0534510564750288e-07, 2.255542616168728e-07, 2.143331378616997e-07, 2.3802825570759578e-07, 2.42268689456147e-07]","[1.2559277296203924e-05, 1.3864735112067635e-05, 1.3036829633559977e-05, 1.4737811393032986e-05, 1.4738000685339282e-05]"
361,"[2.1792883656432152e-07, 2.388515447113244e-07, 2.2836598609950487e-07, 2.5188809271547076e-07, 2.5809973519153957e-07]","[1.2977919993470309e-05, 1.437983840202477e-05, 1.3422615252415429e-05, 1.5373744938565345e-05, 1.5175401306369267e-05]"
362,"[2.740211787163841e-07, 3.026658049528187e-07, 2.8417679291142307e-07, 3.219079666647188e-07, 3.212643806801866e-07]","[1.5334382110884518e-05, 1.7000300712268264e-05, 1.584747055353787e-05, 1.8181482900830005e-05, 1.7917147885422574e-05]"
363,"[5.565325421363932e-07, 6.143270256683404e-07, 5.7730383996184e-07, 6.532687937668879e-07, 6.52655659978322e-07]","[2.1858587390316413e-05, 2.4254787158401342e-05, 2.2537830632319922e-05, 2.5939307210338518e-05, 2.5483337752246293e-05]"
364,"[6.365185391669614e-07, 6.935153653430271e-07, 6.697382363078133e-07, 7.227414364430167e-07, 7.568886934069938e-07]","[2.6259283791410914e-05, 2.8653812701929166e-05, 2.7591104742089456e-05, 2.9923448994006964e-05, 3.118242497887696e-05]"
365,"[2.904636012813255e-07, 3.1811288771318943e-07, 3.0397988067009834e-07, 3.3404883235928877e-07, 3.435806154600764e-07]","[1.3999473200006627e-05, 1.5384104053376464e-05, 1.4610190423421095e-05, 1.624699963672107e-05, 1.651427065694152e-05]"
366,"[3.220383861290861e-07, 3.5365913515032865e-07, 3.360507408524194e-07, 3.7279988873453625e-07, 3.798492534749926e-07]","[1.3437226592918889e-05, 1.4956351183959624e-05, 1.382184195220094e-05, 1.6072894588765615e-05, 1.562886909139502e-05]"
367,"[3.803541927619707e-07, 4.177003888297073e-07, 3.966494541512553e-07, 4.4025129579392936e-07, 4.483617461320115e-07]","[1.920260323566407e-05, 2.098654552404455e-05, 2.015333960192797e-05, 2.1981702553915307e-05, 2.2776970542142652e-05]"
368,"[3.539472241972785e-07, 3.899250043017037e-07, 3.678361430337091e-07, 4.1267047526732834e-07, 4.1582867830418034e-07]","[1.279916562604436e-05, 1.435899671924568e-05, 1.3041047682387923e-05, 1.559849118170988e-05, 1.4749525694494799e-05]"
369,"[3.184447583709658e-07, 3.4774239185637303e-07, 3.3436022832972067e-07, 3.6354176395620885e-07, 3.77889097664796e-07]","[1.3948432405987746e-05, 1.540886815159215e-05, 1.445918607549482e-05, 1.638205279924284e-05, 1.634670486045261e-05]"
370,"[2.7428462443860725e-07, 2.9910668919409277e-07, 2.8839121897651186e-07, 3.12051199835314e-07, 3.2592420026559775e-07]","[1.2955341940669876e-05, 1.4235262938762989e-05, 1.3515759092414635e-05, 1.5025814012337415e-05, 1.5277526081498622e-05]"
371,"[2.632888040481131e-07, 2.8697422088781535e-07, 2.770786744597265e-07, 2.9938782273833985e-07, 3.131300712598518e-07]","[1.3991471512492984e-05, 1.5292064244133785e-05, 1.468315791617753e-05, 1.6018672423805735e-05, 1.6594777511291784e-05]"
372,"[2.4144021756823705e-07, 2.6333480608189187e-07, 2.539645239924375e-07, 2.7496145733331187e-07, 2.8701136140083927e-07]","[1.2846588139827773e-05, 1.4079503542670988e-05, 1.3445665093368137e-05, 1.4816370201636805e-05, 1.519708157588463e-05]"
373,"[2.4418250359017146e-07, 2.663938139586939e-07, 2.568158425947781e-07, 2.7828980427507794e-07, 2.9023378668654455e-07]","[1.4031414220672788e-05, 1.5405782035755116e-05, 1.465114166314491e-05, 1.6243939761640244e-05, 1.656067863803465e-05]"
374,"[2.4257625997176053e-07, 2.6416695003375645e-07, 2.555820649075842e-07, 2.753066571196307e-07, 2.8882635138844663e-07]","[1.3492427784045738e-05, 1.485074896854588e-05, 1.4050648611629103e-05, 1.5715450399750866e-05, 1.5882861209363593e-05]"
375,"[2.6370462623188444e-07, 2.885203748214671e-07, 2.763232507432211e-07, 3.0253567769211686e-07, 3.123115756773819e-07]","[1.348407339214273e-05, 1.484346330086886e-05, 1.4040289066385133e-05, 1.571164146299642e-05, 1.5871222881934213e-05]"
376,"[2.657164047177799e-07, 2.909347418659277e-07, 2.782577694853629e-07, 3.056245231026583e-07, 3.144994418710496e-07]","[1.4596200058042038e-05, 1.6120671948508477e-05, 1.5138544802852621e-05, 1.713631712001506e-05, 1.711431050015249e-05]"
377,"[2.70266692121904e-07, 2.9515262876335e-07, 2.841795161424499e-07, 3.0884552976551513e-07, 3.2115742485632593e-07]","[1.4956528882857685e-05, 1.6503691392592003e-05, 1.5524915461353502e-05, 1.7520317467533502e-05, 1.75509207401008e-05]"
378,"[2.5932129978219254e-07, 2.8234808584907104e-07, 2.7351803007247725e-07, 2.9429607043044845e-07, 3.0908434481168975e-07]","[1.4484004411182939e-05, 1.584190869330216e-05, 1.5199080009078359e-05, 1.6626464786335304e-05, 1.7177606812112506e-05]"
379,"[2.5782064552598276e-07, 2.819007432498416e-07, 2.7054994401254096e-07, 2.955307577286678e-07, 3.0577173524540277e-07]","[1.4881942930060013e-05, 1.6384258099376108e-05, 1.549667571181566e-05, 1.7347854152241302e-05, 1.75173916807777e-05]"
380,"[2.3720140856800553e-07, 2.6011690816443687e-07, 2.480990685527091e-07, 2.737792024832594e-07, 2.80421296592115e-07]","[1.546739476497893e-05, 1.694433568940421e-05, 1.6194059870323317e-05, 1.7812994408378288e-05, 1.8303381968010844e-05]"
381,"[2.609336473808411e-07, 2.856400956804331e-07, 2.733828176072788e-07, 2.9974827514899046e-07, 3.089893872973178e-07]","[1.5324538039028977e-05, 1.690609955577851e-05, 1.5913158630988277e-05, 1.7946108280913923e-05, 1.7989676110026265e-05]"
382,"[2.471136994062295e-07, 2.707886860680283e-07, 2.587018744481299e-07, 2.8514397517162173e-07, 2.923951271569451e-07]","[1.5114343343728441e-05, 1.6667356120490127e-05, 1.570071424164797e-05, 1.7678810399596153e-05, 1.7749292215687437e-05]"
383,"[2.46842602944851e-07, 2.7064441683038946e-07, 2.5826330212510126e-07, 2.848853377296426e-07, 2.919059206167066e-07]","[1.5668402665485167e-05, 1.7237894324968832e-05, 1.6329568583299542e-05, 1.8238682517653645e-05, 1.845845459227317e-05]"
384,"[2.606231981550987e-07, 2.8612040019961845e-07, 2.720283764169198e-07, 3.0152741152633003e-07, 3.074853553608586e-07]","[1.5239785330116456e-05, 1.6849749577334458e-05, 1.578687361970006e-05, 1.793518731487299e-05, 1.7847813929323263e-05]"
385,"[2.4923984842947287e-07, 2.730282475676848e-07, 2.607644513433255e-07, 2.8675489725624396e-07, 2.9473683363243874e-07]","[1.4584292105414445e-05, 1.6014745511560748e-05, 1.522780905300044e-05, 1.6893030722060237e-05, 1.721241728214172e-05]"
386,"[2.587608279809861e-07, 2.830944533025268e-07, 2.714249692158873e-07, 2.972378601989144e-07, 3.067606426467566e-07]","[1.601424070710493e-05, 1.765736546065629e-05, 1.663616010103509e-05, 1.872503531250292e-05, 1.8806903236313264e-05]"
387,"[2.642852358325882e-07, 2.9013037786871695e-07, 2.761850758268339e-07, 3.058724462126712e-07, 3.12172783510255e-07]","[1.717086299444764e-05, 1.8923525189022115e-05, 1.783912230251212e-05, 2.004102334279058e-05, 2.016683523248176e-05]"
388,"[2.832804186157809e-07, 3.1089033280325907e-07, 2.9575339886955e-07, 3.2767138031095066e-07, 3.3430229190484514e-07]","[1.6400417414886854e-05, 1.808548927950597e-05, 1.70285773197147e-05, 1.9172122333186738e-05, 1.9250746219054336e-05]"
389,"[2.5796465661341053e-07, 2.8264096245660263e-07, 2.7000249750795016e-07, 2.970912583208986e-07, 3.051734238434401e-07]","[1.57015131542289e-05, 1.7248183147497654e-05, 1.638102436804171e-05, 1.819584082004744e-05, 1.8516407693823688e-05]"
390,"[2.728573357446966e-07, 2.9859775994842656e-07, 2.8599772182616384e-07, 3.136307521930899e-07, 3.232412018070951e-07]","[1.4848973611132975e-05, 1.6324991635595915e-05, 1.549895484802439e-05, 1.7266409637071073e-05, 1.7518842049959942e-05]"
391,"[2.8378772994335457e-07, 3.100419226595711e-07, 2.978436200796705e-07, 3.2443590174751607e-07, 3.366205849549863e-07]","[1.593712738482013e-05, 1.7523457457671063e-05, 1.6611853503286304e-05, 1.8512498580805864e-05, 1.877773572603483e-05]"
392,"[2.9965532360495437e-07, 3.3094207188296416e-07, 3.105692085326617e-07, 3.515176321369063e-07, 3.511125070565551e-07]","[1.5465569185111893e-05, 1.7116506801687016e-05, 1.6008410919243236e-05, 1.8255633319641427e-05, 1.8098557711882283e-05]"
393,"[2.6713351312307814e-07, 2.9282156536112054e-07, 2.793331291631677e-07, 3.08005390645925e-07, 3.1572761344343737e-07]","[1.5499063578394745e-05, 1.7103148657237235e-05, 1.6097320054449986e-05, 1.816898643662696e-05, 1.819752330131678e-05]"
394,"[2.741249279985379e-07, 3.0157933725036114e-07, 2.854661810528685e-07, 3.188575819997229e-07, 3.226950230309995e-07]","[1.6418057058578055e-05, 1.802820805631226e-05, 1.7137671746356618e-05, 1.9008140440773175e-05, 1.9371420667559687e-05]"
395,"[2.7753246391545813e-07, 3.052347759983166e-07, 2.89144843922035e-07, 3.223059083571978e-07, 3.268490462127065e-07]","[1.608322597869665e-05, 1.778126801042449e-05, 1.6658793814822888e-05, 1.8925132579993417e-05, 1.883371877563534e-05]"
396,"[2.7966465804300525e-07, 3.0785164389745843e-07, 2.9098737933584344e-07, 3.2542480259074827e-07, 3.289392558706377e-07]","[1.5598820502365665e-05, 1.7226927371748032e-05, 1.6168516258953727e-05, 1.8298729154667983e-05, 1.8279242155414145e-05]"
397,"[2.758787223179099e-07, 3.028424621376447e-07, 2.8802538446092574e-07, 3.194044270129338e-07, 3.2556511569900635e-07]","[1.5489953191267585e-05, 1.7046245496770925e-05, 1.6132911277163667e-05, 1.8031903922646668e-05, 1.82366064942882e-05]"
398,"[2.7256329699885475e-07, 3.003263961658248e-07, 2.834020557596978e-07, 3.180992929753991e-07, 3.203731487633187e-07]","[1.632795212158841e-05, 1.8042755947345687e-05, 1.6916147755809888e-05, 1.918494556168719e-05, 1.9124643154958536e-05]"
399,"[2.7598531245716196e-07, 3.0137161494433626e-07, 2.900141043558529e-07, 3.155603046457991e-07, 3.2775874173641733e-07]","[1.6271249539843454e-05, 1.7854882354368964e-05, 1.700879056790022e-05, 1.8820004082068182e-05, 1.9224873996391052e-05]"
400,"[2.990145641067642e-07, 3.274264729704516e-07, 3.134519050348118e-07, 3.440836525505129e-07, 3.5426898594122823e-07]","[1.7024812952030267e-05, 1.875214493102252e-05, 1.771292441041332e-05, 1.986266398756513e-05, 2.0023170546622524e-05]"
401,"[2.806098300738856e-07, 3.0727197111026275e-07, 2.941079614091194e-07, 3.2270468362184764e-07, 3.32406072826867e-07]","[1.6641315285420186e-05, 1.8357766523066202e-05, 1.7278402315831673e-05, 1.94797167386321e-05, 1.9533130609812066e-05]"
402,"[2.933767226357e-07, 3.2353123522777475e-07, 3.0474816671909496e-07, 3.431568687630647e-07, 3.445108283995558e-07]","[1.5891978743502546e-05, 1.7586929959606752e-05, 1.6442585558869665e-05, 1.874330065726841e-05, 1.8589675195077557e-05]"
403,"[2.6261933843760463e-07, 2.887288724074041e-07, 2.7376689050213166e-07, 3.048894983404451e-07, 3.0945679851093636e-07]","[1.569853614891691e-05, 1.731033502761327e-05, 1.6311362119890507e-05, 1.8362394839931954e-05, 1.843942176421444e-05]"
404,"[2.8070735577366684e-07, 3.104281636220809e-07, 2.9057397047251727e-07, 3.308188897598734e-07, 3.285187422919557e-07]","[1.67324977836068e-05, 1.8422752028313338e-05, 1.7416513313032034e-05, 1.9504211219360932e-05, 1.968801043333537e-05]"
405,"[3.221206035350876e-07, 3.5877791145635465e-07, 3.3073982473829695e-07, 3.8591676939354033e-07, 3.7400172190918847e-07]","[1.6603108071795294e-05, 1.832602784361928e-05, 1.724441961259445e-05, 1.9481898401212218e-05, 1.9494309311480397e-05]"
406,"[3.104064241576326e-07, 3.4187256428502994e-07, 3.22949889288175e-07, 3.616566283746736e-07, 3.6507292573582985e-07]","[1.7000679908663312e-05, 1.8779695814964133e-05, 1.763086599745049e-05, 1.9970570065173394e-05, 1.9931889681405566e-05]"
407,"[2.8479288722852344e-07, 3.122909349375191e-07, 2.9792658588575624e-07, 3.286795028907899e-07, 3.3673044629920465e-07]","[1.5140843464879376e-05, 1.6677629898544487e-05, 1.5756742331908782e-05, 1.7673024653614848e-05, 1.781164874670336e-05]"
408,"[3.642862766997678e-07, 4.017647292946779e-07, 3.780385991805365e-07, 4.2584613175118986e-07, 4.2738188714774364e-07]","[1.691584215050015e-05, 1.8771513565979972e-05, 1.744007666350361e-05, 2.0078969559360708e-05, 1.9719424957493933e-05]"
409,"[3.0666371184849586e-07, 3.384896406028475e-07, 3.1809923536943787e-07, 3.596609519951957e-07, 3.5961714458262516e-07]","[1.685053852753992e-05, 1.862274300759016e-05, 1.746789719565097e-05, 1.9822192756101236e-05, 1.9747928705911032e-05]"
410,"[3.067509975246442e-07, 3.383115024720125e-07, 3.1843081778664805e-07, 3.5858253634247756e-07, 3.5999000953404264e-07]","[1.6527244493957946e-05, 1.822946094937663e-05, 1.716507162168865e-05, 1.9344849857208868e-05, 1.9404754723382805e-05]"
411,"[3.1490225953891236e-07, 3.4728102816617817e-07, 3.269362282786491e-07, 3.683490726533504e-07, 3.696008225655951e-07]","[1.6368394250160743e-05, 1.7965657831341285e-05, 1.7103502248345407e-05, 1.8942871242652447e-05, 1.9332066284484338e-05]"
412,"[3.140406967508343e-07, 3.437865905448252e-07, 3.292468823763215e-07, 3.613418890422649e-07, 3.7211551218971246e-07]","[1.749844958879975e-05, 1.9237780793849147e-05, 1.824199723560956e-05, 2.0320435651490528e-05, 2.062027549988646e-05]"
413,"[3.3392946329025065e-07, 3.6717021840959175e-07, 3.4795558921381805e-07, 3.8784017728745113e-07, 3.9332874888576395e-07]","[1.7705052032338572e-05, 1.9583407419127463e-05, 1.8321596050247854e-05, 2.0849978643093514e-05, 2.0714107574389845e-05]"
414,"[3.1921796631122987e-07, 3.5324806494633415e-07, 3.3074513143577054e-07, 3.767699638833633e-07, 3.7391452036439863e-07]","[1.676015160642638e-05, 1.8571621440922168e-05, 1.731873466399883e-05, 1.9836364493282546e-05, 1.9580866514729496e-05]"
415,"[3.120531557034967e-07, 3.4337142780254034e-07, 3.2512502565903447e-07, 3.630284439411685e-07, 3.675179645004974e-07]","[1.657187243278414e-05, 1.832838512554967e-05, 1.7158833210056367e-05, 1.9521880264291748e-05, 1.9399191074308477e-05]"
416,"[3.4699846047573383e-07, 3.8156950311833325e-07, 3.618413693275581e-07, 4.0297616871104636e-07, 4.0901001888458175e-07]","[1.5359529810756356e-05, 1.6940633249171206e-05, 1.5978689463730006e-05, 1.8005228669246764e-05, 1.806241176334386e-05]"
417,"[3.250158193704899e-07, 3.593233331163827e-07, 3.367438647677239e-07, 3.827662802916632e-07, 3.80705171665404e-07]","[1.713062203901779e-05, 1.897406763526079e-05, 1.7710996048026686e-05, 2.025291757821152e-05, 2.002414874444307e-05]"
418,"[3.2562948337199613e-07, 3.6008043868581937e-07, 3.370196897611109e-07, 3.833986591876764e-07, 3.810314586174066e-07]","[1.6755323350761017e-05, 1.855827163522609e-05, 1.7334440604881038e-05, 1.9825133038931804e-05, 1.959795942491564e-05]"
419,"[3.3648514216372387e-07, 3.709227783891617e-07, 3.4974427514415903e-07, 3.935431306729306e-07, 3.953720026394467e-07]","[1.796147626781355e-05, 1.9917538235783758e-05, 1.8548090595618033e-05, 2.1297502951876693e-05, 2.0971138922532006e-05]"
420,"[3.4160103374514767e-07, 3.7491393029144395e-07, 3.568167019335609e-07, 3.95406785239812e-07, 4.033127372587541e-07]","[1.6590964080318546e-05, 1.8358273439145932e-05, 1.7171862540784424e-05, 1.9573090623699033e-05, 1.9414101922804053e-05]"
421,"[3.592079254607951e-07, 3.9824858148952585e-07, 3.70402675112906e-07, 4.2522332751055916e-07, 4.188162919018237e-07]","[1.719685913081303e-05, 1.9087189112527628e-05, 1.7732469277966762e-05, 2.0428853670893572e-05, 2.004982497383196e-05]"
422,"[3.7470057425362824e-07, 4.1481044334287636e-07, 3.8743446861890064e-07, 4.422199598799645e-07, 4.3804049102921e-07]","[1.6609648696518824e-05, 1.837512965607144e-05, 1.7197608841377313e-05, 1.9582908690235833e-05, 1.944286799959461e-05]"
423,"[3.564361818531278e-07, 3.950046030842518e-07, 3.6815412288954584e-07, 4.218373512248915e-07, 4.1625086988778133e-07]","[1.6845069464596468e-05, 1.8649230806218075e-05, 1.7434881496872914e-05, 1.991361691036139e-05, 1.9711312042453517e-05]"
424,"[3.5606613245183515e-07, 3.9208678937219915e-07, 3.7020835703509395e-07, 4.1468907077363667e-07, 4.18507567502158e-07]","[1.6624535225941704e-05, 1.8406114374303248e-05, 1.7187467385783244e-05, 1.9628567551386414e-05, 1.9432310038473237e-05]"
425,"[3.4981012547244487e-07, 3.881132703382052e-07, 3.6073005246742307e-07, 4.146529869194519e-07, 4.0785596038721435e-07]","[1.7217615550499916e-05, 1.9092892558121603e-05, 1.7777993794724477e-05, 2.0413302411031352e-05, 2.01004763851909e-05]"
426,"[3.792480961629131e-07, 4.173268755724011e-07, 3.9470976639068073e-07, 4.4155037143261525e-07, 4.461926634521437e-07]","[1.621590698183854e-05, 1.7992065351203517e-05, 1.6732017279077707e-05, 1.9252694378135606e-05, 1.8918174707438113e-05]"
427,"[3.347741469844154e-07, 3.690515055771731e-07, 3.479420338234642e-07, 3.912852315852462e-07, 3.9333645249505465e-07]","[1.534342109777991e-05, 1.6899543696330106e-05, 1.597052399089596e-05, 1.7910026151306506e-05, 1.805327320408019e-05]"
428,"[3.8495026036201654e-07, 4.276510979861581e-07, 3.9697384511401377e-07, 4.586667618452204e-07, 4.4885187398029454e-07]","[1.6629858837014072e-05, 1.8503478870027117e-05, 1.711098882845122e-05, 1.9885706979154337e-05, 1.934798104981542e-05]"
429,"[3.71161407475504e-07, 4.098386900509383e-07, 3.851268126101184e-07, 4.3554444664833556e-07, 4.35390254768411e-07]","[1.694819245987777e-05, 1.8760510609747267e-05, 1.7534624388634148e-05, 2.001023774577e-05, 1.9824342933371857e-05]"
430,"[3.7844045316955783e-07, 4.2142654970169576e-07, 3.886033074960882e-07, 4.527650286933105e-07, 4.39429528840803e-07]","[1.6167079515752696e-05, 1.787304261548836e-05, 1.677982657792023e-05, 1.90715198992321e-05, 1.8969091857787345e-05]"
431,"[3.843080380004043e-07, 4.2129693813059004e-07, 4.027985008712993e-07, 4.437133994364635e-07, 4.552404455708699e-07]","[1.7017562664784966e-05, 1.8833373287363304e-05, 1.7627028718157022e-05, 2.0099043473689924e-05, 1.992786022607321e-05]"
432,"[3.6708984889198543e-07, 4.0384464021978815e-07, 3.834858881193388e-07, 4.2750773697153296e-07, 4.3344997527799624e-07]","[1.6001531076424365e-05, 1.7612643703880692e-05, 1.6675374584221394e-05, 1.8660190328429142e-05, 1.8849347875685383e-05]"
433,"[3.9751198886925203e-07, 4.3935513510750163e-07, 4.1237477449464293e-07, 4.676482282845778e-07, 4.6616786121384995e-07]","[1.8066032929574123e-05, 2.0084946849285625e-05, 1.8597556665369607e-05, 2.154732499378761e-05, 2.102863985738714e-05]"
434,"[3.5648746530022347e-07, 3.936360124961442e-07, 3.7069655385203695e-07, 4.186607605481135e-07, 4.1903832527869664e-07]","[1.5213463962237637e-05, 1.6754466215079555e-05, 1.5845216190136676e-05, 1.7760125313956412e-05, 1.7911138991010116e-05]"
435,"[4.309125574220512e-07, 4.818382409939373e-07, 4.4030628018303393e-07, 5.206647175180868e-07, 4.979737055121691e-07]","[1.7219198712467507e-05, 1.9116631005838406e-05, 1.7767102856814616e-05, 2.0492006691489773e-05, 2.0088438360443923e-05]"
436,"[3.6827779187269084e-07, 4.0749144999259346e-07, 3.8148374853683523e-07, 4.343119396488957e-07, 4.312856211167583e-07]","[1.6498416599744638e-05, 1.8274161465602094e-05, 1.7062976705685995e-05, 1.951671251182239e-05, 1.929121658433031e-05]"
437,"[3.8344619711559017e-07, 4.2487546329713083e-07, 3.964815489102811e-07, 4.53658190431263e-07, 4.482650377700258e-07]","[1.7707925227419055e-05, 1.9506254946768726e-05, 1.8428967458463168e-05, 2.067346612722539e-05, 2.0832296011103006e-05]"
438,"[3.9051358161646146e-07, 4.328876075381581e-07, 4.036213138867971e-07, 4.627241589716691e-07, 4.563413573752853e-07]","[1.6096381644288847e-05, 1.782073818631077e-05, 1.6660504690937672e-05, 1.902995280702354e-05, 1.8835794437425406e-05]"
439,"[4.23754175984725e-07, 4.710302003764319e-07, 4.3625298923917325e-07, 5.044546621649491e-07, 4.932899610410249e-07]","[1.5722592233284216e-05, 1.7446281900492856e-05, 1.624613094751393e-05, 1.870623843579017e-05, 1.836779374046299e-05]"
440,"[3.9146189631273556e-07, 4.325101266613779e-07, 4.056967470143972e-07, 4.601164877293356e-07, 4.586611119187347e-07]","[1.6838189770012683e-05, 1.8621128833314534e-05, 1.7442125741360822e-05, 1.9843926568401452e-05, 1.9719156982121166e-05]"
441,"[4.1708567396298266e-07, 4.637803375395099e-07, 4.2961030424212864e-07, 4.98173574364329e-07, 4.857724769153125e-07]","[1.6784377305002712e-05, 1.8626936037531747e-05, 1.7322557412816782e-05, 1.9946851230908598e-05, 1.9585668955084207e-05]"
442,"[3.8507033161200987e-07, 4.2708060648921935e-07, 3.985121251562594e-07, 4.589383199043442e-07, 4.50497912373994e-07]","[1.6756031185485753e-05, 1.8626682152993368e-05, 1.727659442785725e-05, 2.0005172368935086e-05, 1.9533880413433046e-05]"
443,"[3.75469713984363e-07, 4.145732194691461e-07, 3.90151738127952e-07, 4.41644145302179e-07, 4.410373374578881e-07]","[1.7535741008948304e-05, 1.937994818582835e-05, 1.8202648657358447e-05, 2.0657990893397637e-05, 2.0577378784569784e-05]"
444,"[4.1500842195162584e-07, 4.60350287178835e-07, 4.281398748509021e-07, 4.925412038691199e-07, 4.840912717469597e-07]","[1.707744203905978e-05, 1.883254417973414e-05, 1.7754590830837153e-05, 1.9997297908328813e-05, 2.007045416754268e-05]"
445,"[3.868412876811247e-07, 4.2568177082590694e-07, 4.032507585675306e-07, 4.5052754286805914e-07, 4.558167247163889e-07]","[1.7182870798489044e-05, 1.8993923560248514e-05, 1.781676619903326e-05, 2.0235936580556957e-05, 2.0142032009559477e-05]"
446,"[4.062266774624901e-07, 4.521398974349676e-07, 4.172412628329319e-07, 4.85616904989721e-07, 4.718193511297822e-07]","[1.5886076661153628e-05, 1.7600698945424556e-05, 1.6438919313175922e-05, 1.8820666768036277e-05, 1.8585170856609648e-05]"
447,"[3.8544656755828554e-07, 4.2885582433617677e-07, 3.967353871828324e-07, 4.6068351014200046e-07, 4.486046584256694e-07]","[1.7056031036212673e-05, 1.878490028606546e-05, 1.778167110293431e-05, 1.9935763996667875e-05, 2.0099306906067758e-05]"
448,"[4.019466457245149e-07, 4.432582771294398e-07, 4.1770475457883635e-07, 4.708220492448352e-07, 4.7219831032141884e-07]","[1.609412514577309e-05, 1.772446428004439e-05, 1.677858437395884e-05, 1.8822020939224113e-05, 1.896557767601774e-05]"
449,"[4.529379415492294e-07, 5.030531943859602e-07, 4.663060071653567e-07, 5.38874754726827e-07, 5.272750521675819e-07]","[1.5604325338057555e-05, 1.7312061333330568e-05, 1.6133021636516993e-05, 1.856323220948184e-05, 1.8239639397398288e-05]"
450,"[3.916742526819458e-07, 4.340777102325548e-07, 4.0461355694514255e-07, 4.6399623152496313e-07, 4.574631669721576e-07]","[1.682002031564248e-05, 1.8466306823274184e-05, 1.758914701410575e-05, 1.950181355679525e-05, 1.988034930582126e-05]"
451,"[4.5043335049623544e-07, 5.036234994491623e-07, 4.6066941446888806e-07, 5.445070403124107e-07, 5.209827021377062e-07]","[1.7419583629032e-05, 1.9276278186760062e-05, 1.8041528807617987e-05, 2.0566206362868914e-05, 2.0396699908924823e-05]"
452,"[5.641710738316174e-07, 6.17986539572888e-07, 5.956480760151378e-07, 6.545488654420433e-07, 6.730095456222722e-07]","[2.2130197343835944e-05, 2.441464132446968e-05, 2.301723485036228e-05, 2.5959888458551873e-05, 2.60190345239682e-05]"
453,"[3.935774343716225e-07, 4.339443129845988e-07, 4.097602550823327e-07, 4.608939906662063e-07, 4.631914440815105e-07]","[1.8268063357635743e-05, 2.0274575445672036e-05, 1.884196741437806e-05, 2.1702428555003496e-05, 2.1304179264310235e-05]"
454,"[3.908848094985995e-07, 4.3291068383991244e-07, 4.0375074752695996e-07, 4.618687762484053e-07, 4.5649555387098175e-07]","[1.870563493865541e-05, 2.0748803291366878e-05, 1.9305187110154745e-05, 2.219202196837218e-05, 2.18276005174461e-05]"
455,"[4.0574798980173024e-07, 4.498495757639529e-07, 4.187516364956952e-07, 4.804571956184092e-07, 4.734560573628256e-07]","[1.7378329882957426e-05, 1.94354162073586e-05, 1.7773670021180208e-05, 2.1032003817568428e-05, 2.0100407982463674e-05]"
456,"[3.051438967189571e-07, 3.3495990009598814e-07, 3.185693306237773e-07, 3.529373282031682e-07, 3.6009202098710696e-07]","[1.4953911666483014e-05, 1.6515000372893695e-05, 1.5517079868935017e-05, 1.7564605573049178e-05, 1.754210202285785e-05]"
457,"[2.693015608475503e-07, 2.962296501256763e-07, 2.807037885615445e-07, 3.131195714085548e-07, 3.1729808492489873e-07]","[1.4960635852050389e-05, 1.6652760274351734e-05, 1.5376316196216447e-05, 1.7892591266820905e-05, 1.7387179855083214e-05]"
458,"[3.08517310407274e-07, 3.410537141648803e-07, 3.1936026425482544e-07, 3.6288545512179335e-07, 3.610641302590384e-07]","[1.5991132656481035e-05, 1.769366332382404e-05, 1.6557736692915883e-05, 1.8868351685172198e-05, 1.8719447767007247e-05]"
459,"[2.7073978817660295e-07, 2.973926708646519e-07, 2.827694549487558e-07, 3.1404455563884297e-07, 3.1961783281081527e-07]","[1.8915688341166846e-05, 2.1085949263146375e-05, 1.938940985281661e-05, 2.267950428455775e-05, 2.1926872454911728e-05]"
460,"[3.113617298983803e-07, 3.4548871805068366e-07, 3.211170547591306e-07, 3.699557225834383e-07, 3.630831336960549e-07]","[2.1678451938990464e-05, 2.4212813792970065e-05, 2.219868916799804e-05, 2.6151553381247344e-05, 2.51040443292607e-05]"
461,"[3.410443008513751e-07, 3.777301368372551e-07, 3.5247988118138785e-07, 4.0292266095324175e-07, 3.985180559449328e-07]","[2.242524420589025e-05, 2.490705192309003e-05, 2.3094620979441848e-05, 2.6672462326804178e-05, 2.6113765263462237e-05]"
462,"[2.9466752689383025e-07, 3.23729690642421e-07, 3.0741415946769345e-07, 3.415518593678987e-07, 3.474877425486371e-07]","[2.0476564865328948e-05, 2.2571436445292407e-05, 2.129094338737125e-05, 2.3939687739761064e-05, 2.4068065172516283e-05]"
463,"[2.6344155782855754e-07, 2.907947996387374e-07, 2.734498967161542e-07, 3.092047376640994e-07, 3.091339500772564e-07]","[2.1719830959547556e-05, 2.405164999007688e-05, 2.2452040129063383e-05, 2.5657528995983467e-05, 2.5384618158883642e-05]"
464,"[2.2191768389528056e-07, 2.428520159556521e-07, 2.326817704754426e-07, 2.5502332036485027e-07, 2.629779657518931e-07]","[1.4234759081129584e-05, 1.561605339557837e-05, 1.4893389262181712e-05, 1.646940265392522e-05, 1.683325646359541e-05]"
465,"[1.872168133584574e-07, 2.042419501458591e-07, 1.972648243600494e-07, 2.138904733421981e-07, 2.229195060119996e-07]","[1.275896405719699e-05, 1.395830260821952e-05, 1.3394440511968864e-05, 1.466768502993427e-05, 1.5137882257112127e-05]"
466,"[2.3942899869807817e-07, 2.6113189103170427e-07, 2.5244165045220845e-07, 2.733760435307333e-07, 2.8526492105108865e-07]","[1.1937785663472122e-05, 1.3058748239749742e-05, 1.2563792614373317e-05, 1.3760536969563388e-05, 1.4197715583248475e-05]"
467,"[1.8792827049970022e-07, 2.0460273441804682e-07, 1.9895084223194777e-07, 2.1419310113370334e-07, 2.2479182688706e-07]","[1.2863278028595516e-05, 1.4074975549541462e-05, 1.3510990535492343e-05, 1.4805848947718408e-05, 1.526921768108429e-05]"
468,"[1.8658562324851352e-07, 2.0294750462827456e-07, 1.9714775438607224e-07, 2.1172722166551514e-07, 2.2276943471384995e-07]","[1.301491521706784e-05, 1.4258316946609474e-05, 1.364942868661302e-05, 1.5028094520252283e-05, 1.542622272119075e-05]"
469,"[1.608637689317621e-07, 1.7431572653000098e-07, 1.7103628254642698e-07, 1.8131822762196132e-07, 1.9323093959251824e-07]","[1.2052815310427631e-05, 1.3093623851256835e-05, 1.2791123191818265e-05, 1.3677302276636999e-05, 1.4451453925958539e-05]"
470,"[1.3958619910329715e-07, 1.5160387080791547e-07, 1.4822280626411673e-07, 1.5833312237990784e-07, 1.674559055125183e-07]","[9.706924267003185e-06, 1.053482742401873e-05, 1.0297416014211235e-05, 1.0966532001908806e-05, 1.1634420855683791e-05]"
471,"[1.6295603549659531e-07, 1.763417349583778e-07, 1.733070870773752e-07, 1.8256743541811022e-07, 1.958010870321763e-07]","[1.2487429192099701e-05, 1.3535180741559008e-05, 1.324375729803684e-05, 1.4033608337907544e-05, 1.4963816264393304e-05]"
472,"[1.8315967039704958e-07, 1.98656714852006e-07, 1.9414698047921096e-07, 2.0616534136756657e-07, 2.193613673689169e-07]","[1.2923919537524347e-05, 1.409334632512938e-05, 1.3615258387610896e-05, 1.4739915277543517e-05, 1.5385995328013053e-05]"
473,"[1.5819873423041945e-07, 1.7129054236586582e-07, 1.682832367983822e-07, 1.7774436759926902e-07, 1.901206676708725e-07]","[1.1413738334888636e-05, 1.2370401859262248e-05, 1.2126072014255845e-05, 1.2853323317265671e-05, 1.3700038629164669e-05]"
474,"[1.693803313159828e-07, 1.8305888374201706e-07, 1.8055129347146904e-07, 1.8936090448208612e-07, 2.0396979331702252e-07]","[1.194486889913618e-05, 1.290756971689873e-05, 1.2743063402144437e-05, 1.3367392931691325e-05, 1.4395407008965368e-05]"
475,"[2.2929371093425605e-07, 2.5169658602856657e-07, 2.396381980219173e-07, 2.655196500031175e-07, 2.7086108088175884e-07]","[1.376992587651985e-05, 1.5165665435784405e-05, 1.433837435644609e-05, 1.6076995920297176e-05, 1.6208028593686597e-05]"
476,"[1.638543812316465e-07, 1.7806658487737314e-07, 1.7353538397573803e-07, 1.8546890271808117e-07, 1.9607472245305538e-07]","[1.1235271529589237e-05, 1.2189868564604386e-05, 1.1916635898137577e-05, 1.2673612742021375e-05, 1.3464039903263828e-05]"
477,"[1.7535971624740295e-07, 1.906032382787406e-07, 1.854465496807274e-07, 1.9847180211391918e-07, 2.0954485394065302e-07]","[1.1472757618457338e-05, 1.2455527067072026e-05, 1.2158524943786322e-05, 1.2960955731243955e-05, 1.3737606863118103e-05]"
478,"[1.8926296434665257e-07, 2.053657993676973e-07, 2.0069745172879422e-07, 2.135086404328536e-07, 2.2676034125467146e-07]","[1.1342068646782453e-05, 1.2398300184546286e-05, 1.1932136723723228e-05, 1.3036655737446305e-05, 1.3484332172224397e-05]"
479,"[1.6149410325430068e-07, 1.7570444429216172e-07, 1.707271058618699e-07, 1.8349071251074083e-07, 1.929110410771416e-07]","[1.0929322142135714e-05, 1.1904188512555458e-05, 1.1534355039969641e-05, 1.2435761341831303e-05, 1.3033805707807945e-05]"
480,"[1.6209394402178413e-07, 1.7663627065082808e-07, 1.7139962569835932e-07, 1.8482998894861425e-07, 1.9366676905699978e-07]","[1.1491943211172312e-05, 1.2585359339946112e-05, 1.2065711831785211e-05, 1.3265805381539704e-05, 1.3635849510414639e-05]"
481,"[1.4624481347926356e-07, 1.5834294235161926e-07, 1.5610401372702503e-07, 1.6588034101522104e-07, 1.7633886673104316e-07]","[1.0326779055272647e-05, 1.1288240770184115e-05, 1.0878690185192882e-05, 1.188760942502057e-05, 1.2293167751549592e-05]"
482,"[1.4451359867291168e-07, 1.5682287706914455e-07, 1.532351349183821e-07, 1.6315787650422528e-07, 1.7313617544948163e-07]","[1.024274393740749e-05, 1.1110143095870773e-05, 1.0882397006743086e-05, 1.1563967768805016e-05, 1.2294848937252003e-05]"
483,"[2.2205016924400477e-07, 2.43786890034928e-07, 2.3229429077917298e-07, 2.580684393623384e-07, 2.6254809337063446e-07]","[1.154379028108476e-05, 1.2533469493923848e-05, 1.2254339067077056e-05, 1.3070124810890274e-05, 1.3845049811221456e-05]"
484,"[2.3601297464620744e-07, 2.584823520805302e-07, 2.48023737490149e-07, 2.751878392939506e-07, 2.802933709991169e-07]","[1.3746392537245059e-05, 1.5007418363739528e-05, 1.446223662158696e-05, 1.5719472000627534e-05, 1.634379218469086e-05]"
485,"[1.4532015413626265e-07, 1.578532658289036e-07, 1.5407370810940604e-07, 1.6434586303966993e-07, 1.740819707237155e-07]","[1.1441167291477608e-05, 1.2357471826569189e-05, 1.219026663348225e-05, 1.275793008758377e-05, 1.3771770443974712e-05]"
486,"[1.834564358793655e-07, 1.988631619321981e-07, 1.945463650007296e-07, 2.0624356114618825e-07, 2.1981404603886322e-07]","[1.1865154708318958e-05, 1.2905696432544517e-05, 1.2536494232796587e-05, 1.3448884645136871e-05, 1.4165929893929736e-05]"
487,"[1.6133654427332887e-07, 1.7585983970112216e-07, 1.7000258446618773e-07, 1.8384521090586003e-07, 1.921117577525244e-07]","[1.0288190645783201e-05, 1.1180162423777422e-05, 1.0890561952079158e-05, 1.1654035438216183e-05, 1.2305347379832776e-05]"
488,"[1.7642939993962314e-07, 1.915996728784972e-07, 1.867670968921035e-07, 1.9929383298190628e-07, 2.110328710111849e-07]","[1.248664781965328e-05, 1.3606307205896077e-05, 1.3163118390700456e-05, 1.4213484989912655e-05, 1.4874894270945153e-05]"
489,"[1.6115723363595145e-07, 1.7547195207250203e-07, 1.7006618102030232e-07, 1.832620817881281e-07, 1.9217683429410198e-07]","[1.1744603100017563e-05, 1.2815924473745307e-05, 1.2355705595996019e-05, 1.340647120370498e-05, 1.396331837875895e-05]"
490,"[1.5515483602246628e-07, 1.6857690872008862e-07, 1.64377576268526e-07, 1.758157819490129e-07, 1.8572445879976557e-07]","[1.1004135761384333e-05, 1.1970446991676682e-05, 1.1635245788169602e-05, 1.2487707255498103e-05, 1.3147229358536618e-05]"
491,"[1.8017112828527833e-07, 1.9588146172722602e-07, 1.9038684316416018e-07, 2.0389757699876322e-07, 2.1513250645499937e-07]","[1.0006708257441614e-05, 1.0923285629675726e-05, 1.0542970397617666e-05, 1.14582488083906e-05, 1.191395571368965e-05]"
492,"[1.824106100755576e-07, 1.9772983195306314e-07, 1.9345593846406934e-07, 2.0514722490643775e-07, 2.1858206634166121e-07]","[1.339927242486941e-05, 1.4571631316564987e-05, 1.4158309987955737e-05, 1.5177882105416721e-05, 1.5998523607758946e-05]"
493,"[1.999483928255839e-07, 2.1833220927114895e-07, 2.1025920537882099e-07, 2.2869487728172342e-07, 2.3761601645913334e-07]","[1.1988289936296654e-05, 1.3103459596837909e-05, 1.2597970071835978e-05, 1.3749759221105052e-05, 1.4237302170522478e-05]"
494,"[1.8699920497448556e-07, 2.037648920641138e-07, 1.971771980267841e-07, 2.1283129061506427e-07, 2.2281692771252915e-07]","[1.1173517268479826e-05, 1.2205346780556129e-05, 1.1759757584323406e-05, 1.2813014632533308e-05, 1.3289394266579624e-05]"
495,"[1.779252116061093e-07, 1.929518691966832e-07, 1.8867519452139502e-07, 2.0035899801817806e-07, 2.1318046327510425e-07]","[1.3022159578949347e-05, 1.4075080633426805e-05, 1.3881902999181246e-05, 1.4572226477348211e-05, 1.5682443086257968e-05]"
496,"[1.606318853497755e-07, 1.7535159707861746e-07, 1.6946050900242628e-07, 1.8441066422211787e-07, 1.9148800855359646e-07]","[1.144372593134873e-05, 1.2479253969607885e-05, 1.2107156289427214e-05, 1.3118520298165468e-05, 1.3679620627177221e-05]"
497,"[1.681656500634805e-07, 1.8302174405172095e-07, 1.7749898927458376e-07, 1.9092639470136988e-07, 2.005742949691615e-07]","[1.0970034250137008e-05, 1.1945490365230619e-05, 1.157269782969547e-05, 1.246462822137208e-05, 1.307745222003598e-05]"
498,"[1.735878270316611e-07, 1.8915891884535754e-07, 1.8300112281873895e-07, 1.9770863112480525e-07, 2.0679697649269772e-07]","[1.2647254838971263e-05, 1.3721263094512745e-05, 1.340617924930319e-05, 1.4255032372375583e-05, 1.5147356092153071e-05]"
499,"[1.5870667520800668e-07, 1.7311001125094085e-07, 1.6711115757533118e-07, 1.8113173737760857e-07, 1.8884763374004069e-07]","[1.1598247845331994e-05, 1.2628194187186059e-05, 1.2233083970096394e-05, 1.3169143981742346e-05, 1.3823813992389883e-05]"
500,"[1.6757915757508104e-07, 1.8172489019312075e-07, 1.777291099914616e-07, 1.8872298373311052e-07, 2.008102511003595e-07]","[1.136943497914405e-05, 1.2341386530290484e-05, 1.2049759308445547e-05, 1.2839953335566975e-05, 1.3614721152271732e-05]"
501,"[2.119865022024046e-07, 2.3150713644573285e-07, 2.229274779673754e-07, 2.424411096822089e-07, 2.519338106497632e-07]","[1.2636692069058024e-05, 1.3877899270172086e-05, 1.3211145084836719e-05, 1.4664063891002773e-05, 1.4932073420638329e-05]"
502,"[1.7486501432326824e-07, 1.8972338431448406e-07, 1.855169137998837e-07, 1.9722498017915578e-07, 2.096058948603249e-07]","[1.1922497206703524e-05, 1.2952599897956212e-05, 1.2641014059457623e-05, 1.3515049090916679e-05, 1.42823969711869e-05]"
503,"[1.7162683451861086e-07, 1.871267631036657e-07, 1.8102593779280866e-07, 1.957364665193865e-07, 2.045594625541006e-07]","[1.134292733981573e-05, 1.237009425010127e-05, 1.1959568303091164e-05, 1.2954602937462632e-05, 1.3514585834162988e-05]"
504,"[1.548494505598937e-07, 1.682321735669456e-07, 1.6389603476917693e-07, 1.7511007980751905e-07, 1.8518854717471624e-07]","[1.1648257760759103e-05, 1.2605893210926845e-05, 1.2387060793851924e-05, 1.3052594604534021e-05, 1.399470113641188e-05]"
505,"[1.6140153952245133e-07, 1.7428151271563088e-07, 1.7216887368291936e-07, 1.8020625021933076e-07, 1.944957565642169e-07]","[1.0309520403422246e-05, 1.1196486450546893e-05, 1.0935045641389012e-05, 1.1674123339675997e-05, 1.2354867587255956e-05]"
506,"[2.455436139702616e-07, 2.6831638282551033e-07, 2.577724550384008e-07, 2.809641402042784e-07, 2.9132881219341884e-07]","[1.0797082719418278e-05, 1.185341462063179e-05, 1.1294115885984354e-05, 1.2521828834359933e-05, 1.2765248228434414e-05]"
507,"[1.6464374020302936e-07, 1.7965218555143582e-07, 1.7345945383809267e-07, 1.8832353104501888e-07, 1.9601655979221198e-07]","[1.192521752737599e-05, 1.2998513771165375e-05, 1.2574737795328963e-05, 1.3590420726536277e-05, 1.4209762288307113e-05]"
508,"[1.4756713920258277e-07, 1.6042098001572759e-07, 1.5619344664140617e-07, 1.6727907539653546e-07, 1.764834622637489e-07]","[1.0973130206633442e-05, 1.1927085083563397e-05, 1.1624439079486358e-05, 1.2451289041774253e-05, 1.3134174175757406e-05]"
509,"[1.570103407873247e-07, 1.7094703833825902e-07, 1.65794122921569e-07, 1.7853518185540192e-07, 1.8734256399872304e-07]","[1.0968122765619921e-05, 1.1946084660419023e-05, 1.1578491656230368e-05, 1.2483951626857997e-05, 1.3083591678632856e-05]"
510,"[1.8486453791123603e-07, 2.0074706923392604e-07, 1.9570030172533794e-07, 2.0875128864743723e-07, 2.2112569491765452e-07]","[1.038303866744919e-05, 1.1321875514282331e-05, 1.095182963033114e-05, 1.1856045709315193e-05, 1.2375603841792777e-05]"
511,"[1.7954210765019022e-07, 1.9617113164702943e-07, 1.8865398481051864e-07, 2.0562769856044002e-07, 2.1320459951554534e-07]","[9.56688917765252e-06, 1.0458175669963253e-05, 1.0064561441572678e-05, 1.0997500292597033e-05, 1.137367566965983e-05]"
512,"[1.585491770085766e-07, 1.727498226921674e-07, 1.6730679442507496e-07, 1.8058915193318027e-07, 1.8905721269959212e-07]","[1.0321805033580359e-05, 1.1271792891156605e-05, 1.0862538103397307e-05, 1.1819633707019304e-05, 1.2275460736474712e-05]"
513,"[1.797423721725029e-07, 1.9697383276044564e-07, 1.8824836278519946e-07, 2.0746094969136548e-07, 2.127625655514814e-07]","[1.3027097933986083e-05, 1.4275163971208588e-05, 1.3642798700851227e-05, 1.5026416432441917e-05, 1.541960828621181e-05]"
514,"[1.7773920764770286e-07, 1.9372408127636062e-07, 1.8755969181894826e-07, 2.0278043529190935e-07, 2.1193834908930093e-07]","[1.1684002869119481e-05, 1.2779651888444456e-05, 1.227929917585026e-05, 1.3441067717565048e-05, 1.3877005501704416e-05]"
515,"[1.8314717025602082e-07, 1.9874415745204638e-07, 1.9408049058638855e-07, 2.0667544600379507e-07, 2.192881590691927e-07]","[1.0888820286774083e-05, 1.1868572621493715e-05, 1.1493690473547604e-05, 1.242540540858591e-05, 1.298762648486794e-05]"
516,"[1.7304961643893492e-07, 1.8738568741060918e-07, 1.8384285965843064e-07, 1.9402128060569986e-07, 2.0770684735432515e-07]","[1.2397887406766344e-05, 1.344265519989748e-05, 1.3150667386951443e-05, 1.3956157951305789e-05, 1.485835373588447e-05]"
517,"[1.5230522983137678e-07, 1.668285832486177e-07, 1.5981105960771255e-07, 1.7549473016016398e-07, 1.8061265220874617e-07]","[1.0324607122428902e-05, 1.1314563832774234e-05, 1.0817679863553292e-05, 1.1916980367904154e-05, 1.2226341492678878e-05]"
518,"[1.615237869831519e-07, 1.7525063387455432e-07, 1.7124762261857985e-07, 1.8236686284142547e-07, 1.934873649305652e-07]","[1.0864166238804375e-05, 1.1827304287624876e-05, 1.1497346249004393e-05, 1.238256623409107e-05, 1.2990795910632398e-05]"
519,"[1.9308322024653242e-07, 2.1042570725968408e-07, 2.0355482200931682e-07, 2.1990487938905964e-07, 2.3002408179842416e-07]","[1.1609871440287309e-05, 1.2715393865536964e-05, 1.2176407139559027e-05, 1.3382671252092693e-05, 1.3761447037068317e-05]"
520,"[1.9705204313967558e-07, 2.1461327044025894e-07, 2.0787003082211834e-07, 2.243108479105011e-07, 2.348974649861334e-07]","[1.2665112337652694e-05, 1.3832791508000552e-05, 1.3321703905000912e-05, 1.4506411970867225e-05, 1.5054816749916904e-05]"
521,"[1.679981684748858e-07, 1.8287955181507005e-07, 1.7738956153667444e-07, 1.907865999993088e-07, 2.0044812216142006e-07]","[1.1566824366308503e-05, 1.258659949383768e-05, 1.2213195755421668e-05, 1.3123814156541305e-05, 1.3800931414503369e-05]"
522,"[2.0927201160784628e-07, 2.2782906860564317e-07, 2.2088442300971047e-07, 2.3781252386911746e-07, 2.496008552397674e-07]","[1.1957202382580928e-05, 1.3063345590179146e-05, 1.2575998349644617e-05, 1.3707757674680516e-05, 1.4212111106752803e-05]"
523,"[2.2066718883684067e-07, 2.411215800819932e-07, 2.319888055730705e-07, 2.531122166271486e-07, 2.6217375519145717e-07]","[1.3852853585358555e-05, 1.53257519309347e-05, 1.4358337539436763e-05, 1.636425319075809e-05, 1.623234342585851e-05]"
524,"[2.114747306444796e-07, 2.304103842414435e-07, 2.22837140536964e-07, 2.404984159140287e-07, 2.518148162952571e-07]","[1.1241967691002336e-05, 1.2329027391509367e-05, 1.1782288042829543e-05, 1.3022091015745618e-05, 1.3316142780079078e-05]"
525,"[1.7439221560305567e-07, 1.902694121087514e-07, 1.8374056135882825e-07, 1.9918885143956638e-07, 2.0763045804319795e-07]","[1.1581276240440956e-05, 1.2589855644257407e-05, 1.2254022799345917e-05, 1.3123701371043613e-05, 1.3846078056889902e-05]"
526,"[2.224998821966089e-07, 2.42615003859084e-07, 2.3444483153588815e-07, 2.537513842369958e-07, 2.649321428502711e-07]","[1.3357343958134406e-05, 1.4623723437061157e-05, 1.4013286196318727e-05, 1.5386676261226598e-05, 1.583745486000595e-05]"
527,"[1.8936675489729004e-07, 2.0605410493427973e-07, 1.9995559875635706e-07, 2.1472360903993913e-07, 2.2594885086967485e-07]","[1.1299110834603602e-05, 1.2403409944390945e-05, 1.1810596477964821e-05, 1.3089682051301567e-05, 1.3349375725181592e-05]"
528,"[2.008872615993874e-07, 2.201372039759912e-07, 2.1039912794932153e-07, 2.3163626804740694e-07, 2.3780068088327048e-07]","[1.2906937986170053e-05, 1.4213739903826434e-05, 1.3440893300482268e-05, 1.5061422804570301e-05, 1.5193477202453009e-05]"
529,"[2.296446411369367e-07, 2.511396057891435e-07, 2.4096447700448546e-07, 2.63384241167191e-07, 2.723349935798699e-07]","[1.3235291000278823e-05, 1.4521096382987388e-05, 1.3845028022728788e-05, 1.531179162760036e-05, 1.5648479637601842e-05]"
530,"[2.2934585000119975e-07, 2.5081780531735037e-07, 2.407371631371523e-07, 2.631326775969359e-07, 2.7207480588796305e-07]","[1.2597936189566118e-05, 1.3862880740144351e-05, 1.3140457289501475e-05, 1.4690683100949998e-05, 1.485322233849787e-05]"
531,"[2.0646472511996247e-07, 2.2640552399746572e-07, 2.1586302516090134e-07, 2.383575990325388e-07, 2.43988330751164e-07]","[1.2067555983841958e-05, 1.3225449309174925e-05, 1.263728644940708e-05, 1.3925447587485881e-05, 1.4283103454381587e-05]"
532,"[2.001597592244564e-07, 2.185167638286832e-07, 2.1050450056825127e-07, 2.288996547463098e-07, 2.3789451202477842e-07]","[1.0742624529756028e-05, 1.1786982400008636e-05, 1.124731612141438e-05, 1.244624544565249e-05, 1.271195441845928e-05]"
533,"[2.1569293535792905e-07, 2.3582204457776219e-07, 2.262419525324693e-07, 2.471090615913738e-07, 2.5569900039895455e-07]","[1.1160834630533836e-05, 1.228144366752872e-05, 1.1635551005367946e-05, 1.30034560933159e-05, 1.315231596538231e-05]"
534,"[2.6970612037164487e-07, 2.957016996059752e-07, 2.8205228281168217e-07, 3.11028247186088e-07, 3.1879829256704157e-07]","[1.2066123402651802e-05, 1.3357453888660551e-05, 1.2487723815227357e-05, 1.4253734740692457e-05, 1.4118226744321738e-05]"
535,"[2.2557031799562978e-07, 2.474350908040422e-07, 2.3598101808544054e-07, 2.6074069240668637e-07, 2.667208938505443e-07]","[1.2117496987243813e-05, 1.3362352578298136e-05, 1.2612352015770837e-05, 1.4204656611249125e-05, 1.4256816011164115e-05]"
536,"[2.3485535669113824e-07, 2.5811836277894206e-07, 2.452058130580169e-07, 2.727987655054461e-07, 2.7716313065100925e-07]","[1.3393672518942811e-05, 1.480887418553015e-05, 1.3879853954231269e-05, 1.5775230273041758e-05, 1.5691558791682487e-05]"
537,"[2.4720694984766123e-07, 2.715945707411314e-07, 2.578949466204297e-07, 2.8658196510768144e-07, 2.915128655366951e-07]","[1.286575866568486e-05, 1.4204622418325937e-05, 1.3359137428147813e-05, 1.5106857020941826e-05, 1.5102085457513077e-05]"
538,"[2.231815705011309e-07, 2.4433095795552775e-07, 2.3394662278050238e-07, 2.5679107647837054e-07, 2.644070375102505e-07]","[1.2172601875192402e-05, 1.3365795709057844e-05, 1.2726756447936895e-05, 1.4116493804425805e-05, 1.4384609057400559e-05]"
539,"[2.2887355710963645e-07, 2.513116859373662e-07, 2.3901037055628146e-07, 2.651205425870771e-07, 2.701527282243583e-07]","[1.2607036370836335e-05, 1.39769824835608e-05, 1.3024687732854795e-05, 1.49430000512818e-05, 1.4725985715498234e-05]"
540,"[2.0587508897879587e-07, 2.2527357942748738e-07, 2.1600799605700378e-07, 2.3667761066370679e-07, 2.44124680380906e-07]","[1.3582586682698814e-05, 1.4978546629325564e-05, 1.4108020015643397e-05, 1.588641348305548e-05, 1.5948845303899157e-05]"
541,"[2.3548792655023217e-07, 2.581818087871902e-07, 2.464282845570714e-07, 2.7173004736914116e-07, 2.785286440663814e-07]","[1.3455844057706879e-05, 1.4861704928536996e-05, 1.3952142404034263e-05, 1.5796314933372528e-05, 1.5773320841552358e-05]"
542,"[2.3734000043671262e-07, 2.596954659063545e-07, 2.4874295266972264e-07, 2.724193997423806e-07, 2.811355595460411e-07]","[1.2649223468179693e-05, 1.3917797555190147e-05, 1.3189829335958196e-05, 1.4732969878436709e-05, 1.490913321954898e-05]"
543,"[2.603321056908146e-07, 2.844277952169878e-07, 2.734174975458506e-07, 2.979980466455315e-07, 3.090057727393576e-07]","[1.2250373388074672e-05, 1.3560862086236735e-05, 1.268368824032495e-05, 1.4477959819438339e-05, 1.4339572730215399e-05]"
544,"[2.430622728769609e-07, 2.655123140767982e-07, 2.553117869838783e-07, 2.7805546359236423e-07, 2.885420441899738e-07]","[1.2730647054596786e-05, 1.4050705159302697e-05, 1.32199156422238e-05, 1.4930180521093373e-05, 1.494472209393184e-05]"
545,"[2.687949895664016e-07, 2.945607742073151e-07, 2.813340362701393e-07, 3.097487621803919e-07, 3.1797819335067487e-07]","[1.3258705876874658e-05, 1.4624246846821444e-05, 1.377562849486073e-05, 1.552531287014424e-05, 1.557276665390475e-05]"
546,"[2.5223989747537494e-07, 2.7645835606046136e-07, 2.638357236572797e-07, 2.906964746702128e-07, 2.982086183207765e-07]","[1.3201874418371127e-05, 1.4519225755404331e-05, 1.3758790470875338e-05, 1.5348070967618656e-05, 1.555265432285942e-05]"
547,"[2.2772603101823507e-07, 2.4907453327500484e-07, 2.3889835079333455e-07, 2.6140790010114655e-07, 2.7000144395533543e-07]","[1.2703842069681506e-05, 1.398079769234133e-05, 1.324118203709089e-05, 1.4805120431352892e-05, 1.4967408719813546e-05]"
548,"[2.483954805661923e-07, 2.7257283924192265e-07, 2.5955500073043134e-07, 2.8731884731274363e-07, 2.9337709993369475e-07]","[1.4648621258385032e-05, 1.6174632175737934e-05, 1.5197495585219569e-05, 1.719080560010976e-05, 1.718086148375171e-05]"
549,"[2.386818056469553e-07, 2.605314514822197e-07, 2.509608782567023e-07, 2.727249061955462e-07, 2.836178018276622e-07]","[1.3091471148430432e-05, 1.4377417866089363e-05, 1.3675231830037535e-05, 1.5177488430599353e-05, 1.545717280862143e-05]"
550,"[2.532484179708608e-07, 2.7671093082714105e-07, 2.660978930622838e-07, 2.8988531326746214e-07, 3.007275142345464e-07]","[1.384858808610745e-05, 1.529115794114304e-05, 1.4377348216893576e-05, 1.626359641258372e-05, 1.6253327986035295e-05]"
551,"[2.881685719721025e-07, 3.158353936331534e-07, 3.0134349383763076e-07, 3.321439881911162e-07, 3.406059604918296e-07]","[1.3360495910889485e-05, 1.481508365167698e-05, 1.3794910567127449e-05, 1.5837933768811924e-05, 1.559713003137202e-05]"
552,"[2.592286948583174e-07, 2.843135439695667e-07, 2.709720344157994e-07, 2.9922565045584625e-07, 3.0627652309111666e-07]","[1.3550010221051614e-05, 1.4973210337610607e-05, 1.4044924765541926e-05, 1.5929856303980027e-05, 1.587831274180872e-05]"
553,"[2.52724428676404e-07, 2.772580888575939e-07, 2.64164767098699e-07, 2.920871946519659e-07, 2.985826352990642e-07]","[1.3301398460226637e-05, 1.4643957984760318e-05, 1.3855906601388743e-05, 1.5512166763172946e-05, 1.5662493139959322e-05]"
554,"[2.675336590928166e-07, 2.940116288784828e-07, 2.790305453433137e-07, 3.103424125707691e-07, 3.1540339181449656e-07]","[1.4330586647716416e-05, 1.583777033756029e-05, 1.4852844287259775e-05, 1.685514879252511e-05, 1.6791676881352755e-05]"
555,"[2.3579779612144076e-07, 2.597031929684498e-07, 2.4555182263585616e-07, 2.7576626788569e-07, 2.7757072840169946e-07]","[1.3243594508754231e-05, 1.4628404471255931e-05, 1.3739674212994744e-05, 1.556301924055945e-05, 1.553273511530974e-05]"
556,"[2.8185996255528323e-07, 3.0897066091761907e-07, 2.947437906178652e-07, 3.249853968315681e-07, 3.331473215686497e-07]","[1.2876719359660324e-05, 1.4173300474956922e-05, 1.3427055078981217e-05, 1.502342799190936e-05, 1.5177180943369892e-05]"
557,"[2.3189869433049172e-07, 2.540894819951781e-07, 2.429747185977266e-07, 2.671940487586543e-07, 2.7461421995653117e-07]","[1.351598791851176e-05, 1.4894106680881317e-05, 1.405562552960657e-05, 1.578921013566879e-05, 1.5889028441424115e-05]"
558,"[2.5566022070255343e-07, 2.793732824926519e-07, 2.685327753296391e-07, 2.9263263740367576e-07, 3.0348220927861585e-07]","[1.3266209663482405e-05, 1.4655391127727377e-05, 1.3766629149026655e-05, 1.5600755165774927e-05, 1.5563066564285063e-05]"
559,"[2.865914527084832e-07, 3.136801084436641e-07, 3.005382577034601e-07, 3.294159777800472e-07, 3.396648408891515e-07]","[1.3637677544813232e-05, 1.5059474795481859e-05, 1.4162478938696537e-05, 1.6023833819694018e-05, 1.6010199474271245e-05]"
560,"[2.519044478159289e-07, 2.766435624887476e-07, 2.6336895480030465e-07, 2.9224511001864794e-07, 2.976681456962739e-07]","[1.4176687044922562e-05, 1.569138271089283e-05, 1.4682033252275973e-05, 1.6751606225021577e-05, 1.6598654472476786e-05]"
561,"[3.975823479830317e-07, 4.4083188732244117e-07, 4.113205398966849e-07, 4.715283019856072e-07, 4.6503007293392585e-07]","[1.6642130118715994e-05, 1.830909831734749e-05, 1.7365870377189254e-05, 1.939864070093759e-05, 1.962900476627337e-05]"
562,"[2.743149001027088e-07, 2.999829328203532e-07, 2.8823613448052375e-07, 3.1486684043339413e-07, 3.25747313879216e-07]","[1.3896098151659394e-05, 1.5339587476733344e-05, 1.4436114924238185e-05, 1.6313986352687438e-05, 1.6319364618143083e-05]"
563,"[2.5368836086630715e-07, 2.7904890564262436e-07, 2.643935482919293e-07, 2.949344528465438e-07, 2.9885872819363576e-07]","[1.3714461980852244e-05, 1.519624676499038e-05, 1.4183756956355234e-05, 1.624109848601502e-05, 1.603580727054391e-05]"
564,"[3.0193547471511726e-07, 3.319887836566244e-07, 3.146327395288644e-07, 3.509149103605942e-07, 3.556582455828453e-07]","[1.4087803996896614e-05, 1.566955068882797e-05, 1.4501504103770112e-05, 1.683105065732158e-05, 1.6397108445438728e-05]"
565,"[2.7425134907048874e-07, 3.01307726566542e-07, 2.8643712709742427e-07, 3.1801187211915296e-07, 3.237574990794875e-07]","[1.3884510243176262e-05, 1.536674840033189e-05, 1.4372844778860879e-05, 1.6391895730483912e-05, 1.624937105986081e-05]"
566,"[2.536509219946138e-07, 2.7774516712306923e-07, 2.6560176867300744e-07, 2.916064087242885e-07, 3.0019649753152175e-07]","[1.3638514617638934e-05, 1.500788290528755e-05, 1.4206696440267416e-05, 1.5878351823798454e-05, 1.6059200964496705e-05]"
567,"[2.646608203006017e-07, 2.90949865630605e-07, 2.760047868861636e-07, 3.0722857188634754e-07, 3.119856193218393e-07]","[1.4149214591638592e-05, 1.557292066270759e-05, 1.4732755544499407e-05, 1.647639637763894e-05, 1.6654003663851507e-05]"
568,"[2.7013315614698394e-07, 2.956345611754405e-07, 2.831942356986283e-07, 3.102843306002281e-07, 3.200717038800649e-07]","[1.4648457225691793e-05, 1.6143654135369106e-05, 1.5237970312232001e-05, 1.712039320481171e-05, 1.7225339233326697e-05]"
569,"[2.3995756339140624e-07, 2.6257358722648405e-07, 2.51821436272382e-07, 2.7602680072687577e-07, 2.846030018471241e-07]","[1.3389097509808169e-05, 1.4736502746479104e-05, 1.3951863048288003e-05, 1.5606571547785705e-05, 1.5770826744227487e-05]"
570,"[2.728899673767596e-07, 2.9920389920678487e-07, 2.852866026247499e-07, 3.1465569271052515e-07, 3.2245982167828734e-07]","[1.3888322089819413e-05, 1.539383229345417e-05, 1.4339501179710074e-05, 1.6438997359304195e-05, 1.6213019833606676e-05]"
571,"[2.8833805923633426e-07, 3.1715463423734936e-07, 3.0042293249877835e-07, 3.3524047450169317e-07, 3.3959566333430896e-07]","[1.482645959053075e-05, 1.6381927079588192e-05, 1.5371981627240253e-05, 1.742899637989275e-05, 1.7378411014997883e-05]"
572,"[2.955015699350175e-07, 3.2413244190241063e-07, 3.0891926356198774e-07, 3.4122627902046357e-07, 3.491693320728728e-07]","[1.456836113137199e-05, 1.6112269987992115e-05, 1.5092883374996464e-05, 1.7171490418745722e-05, 1.7063182555090604e-05]"
573,"[2.982531304949859e-07, 3.2827870098619577e-07, 3.1064677580866664e-07, 3.474857210325698e-07, 3.511540967201206e-07]","[1.430240035860172e-05, 1.5907977876169032e-05, 1.47186523218458e-05, 1.7083661489371266e-05, 1.6642863996207306e-05]"
574,"[2.8414649023587415e-07, 3.1201381377619623e-07, 2.9659069699057456e-07, 3.2896851105647133e-07, 3.352469423383692e-07]","[1.3869584894990922e-05, 1.5320516714464224e-05, 1.4386025094543941e-05, 1.6295702633176033e-05, 1.626361998332232e-05]"
575,"[2.8989171700054903e-07, 3.1713360474162995e-07, 3.040290613610757e-07, 3.3278009003287743e-07, 3.4361284277121236e-07]","[1.5053843320986705e-05, 1.6621732992656994e-05, 1.5616036089915867e-05, 1.7663510979121764e-05, 1.765414316281169e-05]"
576,"[2.7399889914651825e-07, 2.999771697540514e-07, 2.871333565237734e-07, 3.150404044831888e-07, 3.245251360945055e-07]","[1.4133163128715492e-05, 1.5514061676342782e-05, 1.4778284928659114e-05, 1.6377020761216808e-05, 1.6703433134594816e-05]"
577,"[2.7454101182529214e-07, 3.020504119933924e-07, 2.861712471644841e-07, 3.1945979907502704e-07, 3.234790188914905e-07]","[1.4165127086674742e-05, 1.5580495262544056e-05, 1.4768304698380369e-05, 1.6480019090883654e-05, 1.669354282591101e-05]"
578,"[2.825422563176045e-07, 3.116176341165459e-07, 2.934910235280157e-07, 3.306567096933535e-07, 3.3178303246412467e-07]","[1.4568906546935839e-05, 1.605866764303161e-05, 1.5164819050811964e-05, 1.70516269725763e-05, 1.714218920515175e-05]"
579,"[2.8601034447958866e-07, 3.153649688234949e-07, 2.970426775042868e-07, 3.344704843611939e-07, 3.358035279349764e-07]","[1.5255577078403715e-05, 1.683921826701966e-05, 1.5837124869151593e-05, 1.7895811465353917e-05, 1.790368140708251e-05]"
580,"[3.010651279314465e-07, 3.3155014815898965e-07, 3.1353606353112047e-07, 3.511742596126238e-07, 3.54421363741148e-07]","[1.5587987271963497e-05, 1.718228248403501e-05, 1.622010926809817e-05, 1.823970227786667e-05, 1.833538120822617e-05]"
581,"[2.820754093764733e-07, 3.098970726189571e-07, 2.945344073674424e-07, 3.2703624078494836e-07, 3.3291889478987035e-07]","[1.4809048823989836e-05, 1.6333867113893276e-05, 1.5385428425786824e-05, 1.7340886781721774e-05, 1.7392744521999833e-05]"
582,"[3.2528843173090753e-07, 3.596586263875199e-07, 3.3654315053213216e-07, 3.8237104110941307e-07, 3.8049562435409287e-07]","[1.3546443428801289e-05, 1.5059646098089327e-05, 1.394825408279634e-05, 1.615999122305353e-05, 1.577152037535686e-05]"
583,"[3.225133268420463e-07, 3.558542105246208e-07, 3.348525297349817e-07, 3.778638543127678e-07, 3.785498443889232e-07]","[1.5175281440683929e-05, 1.6665528198366698e-05, 1.587591663981226e-05, 1.7621107895019463e-05, 1.7943544104998393e-05]"
584,"[3.1253857504872984e-07, 3.4356924312160355e-07, 3.259636870982564e-07, 3.6270416915342405e-07, 3.6844917728447017e-07]","[1.4974248405973026e-05, 1.656340738331281e-05, 1.5508401367147297e-05, 1.7651960615009766e-05, 1.7533080505105586e-05]"
585,"[3.1191691034552503e-07, 3.4277147362923795e-07, 3.2559938350207226e-07, 3.6180604882628593e-07, 3.6802589304153063e-07]","[1.4735192480021488e-05, 1.6269640156227882e-05, 1.5300138601866444e-05, 1.7307776096545115e-05, 1.7296401711444326e-05]"
586,"[3.3221066663316344e-07, 3.6637936567857885e-07, 3.4519187985849703e-07, 3.88918426094137e-07, 3.9023245270182113e-07]","[1.445099185808067e-05, 1.593335419267626e-05, 1.5027005997287936e-05, 1.6912423248696568e-05, 1.6987009092407395e-05]"
587,"[3.2527926745333516e-07, 3.583016560897243e-07, 3.3829166428205085e-07, 3.795983121139186e-07, 3.8242258241427206e-07]","[1.5003911647885361e-05, 1.6514922965406615e-05, 1.562458285467888e-05, 1.7479850364914464e-05, 1.7662108641847117e-05]"
588,"[3.487214382158645e-07, 3.8393121203178806e-07, 3.629169590103289e-07, 4.063303817370051e-07, 4.1025229438437875e-07]","[1.5333872568608436e-05, 1.695952220761034e-05, 1.5902687772680155e-05, 1.8098024849130144e-05, 1.7977818692333765e-05]"
589,"[3.225439323144543e-07, 3.544793509711891e-07, 3.3667634786718916e-07, 3.7431355827979543e-07, 3.805607548511768e-07]","[1.6184397567189337e-05, 1.7803334490242144e-05, 1.6865113161725984e-05, 1.8823623014699708e-05, 1.906401051857929e-05]"
590,"[3.2970177156810226e-07, 3.6308578043611857e-07, 3.435325806623532e-07, 3.8575702995679736e-07, 3.883214702003272e-07]","[1.5312089155632504e-05, 1.6946451433389978e-05, 1.5855001825289536e-05, 1.8083082633418157e-05, 1.7924874275805035e-05]"
591,"[3.4484052147597915e-07, 3.783109663622697e-07, 3.6088240641725227e-07, 3.9822902666388695e-07, 4.0788525827529713e-07]","[1.5783217678986803e-05, 1.7430410789593013e-05, 1.6378310064412064e-05, 1.8536738744127232e-05, 1.851553189406453e-05]"
592,"[3.4613986418691956e-07, 3.783168933583208e-07, 3.6329978504539206e-07, 3.9627726967563535e-07, 4.1059413187691063e-07]","[1.4338647718891649e-05, 1.5788282655562332e-05, 1.4930765889160345e-05, 1.6724695338087074e-05, 1.6877753618960437e-05]"
593,"[3.3457149358642227e-07, 3.6839487495016686e-07, 3.4820351242773003e-07, 3.9042333398235916e-07, 3.936158543217003e-07]","[1.5810538963804104e-05, 1.7428478504854602e-05, 1.6452341889643977e-05, 1.8504374721211347e-05, 1.859775149157099e-05]"
594,"[3.736946792602594e-07, 4.120195445470565e-07, 3.883102417021083e-07, 4.3712215565729796e-07, 4.3897584814154853e-07]","[1.4432090862286079e-05, 1.6028917584817322e-05, 1.4886397186199428e-05, 1.7187610751382238e-05, 1.6831341092101214e-05]"
595,"[3.625428700235444e-07, 3.999790167921709e-07, 3.767814571319238e-07, 4.253606376011092e-07, 4.259315498111549e-07]","[1.4717049829326029e-05, 1.6310152411409744e-05, 1.5223593972816039e-05, 1.744476240864124e-05, 1.7211267175564514e-05]"
596,"[3.510126264249203e-07, 3.857958157104476e-07, 3.6598740009097775e-07, 4.072581391650428e-07, 4.137036924520132e-07]","[1.5150372547766083e-05, 1.6710732400767357e-05, 1.5763303822442998e-05, 1.776934737070506e-05, 1.7818838568839e-05]"
597,"[3.5815846387778703e-07, 3.9784946622511425e-07, 3.6864320621975527e-07, 4.258060664302537e-07, 4.1684479283963844e-07]","[1.5045192063382116e-05, 1.665061538985094e-05, 1.557601710974831e-05, 1.7764149722121096e-05, 1.7609647474893925e-05]"
598,"[3.715868520274623e-07, 4.094695631197951e-07, 3.863376847349592e-07, 4.3404439750944723e-07, 4.3673716720648463e-07]","[1.4093427179219773e-05, 1.5649524101338146e-05, 1.4541392690441134e-05, 1.6781845510572784e-05, 1.64412389285895e-05]"
599,"[3.7443197730602853e-07, 4.1408713437144656e-07, 3.878239018763803e-07, 4.4184698283228273e-07, 4.384526781195634e-07]","[1.4602474636865831e-05, 1.6137392558690996e-05, 1.5155253999121911e-05, 1.719681290939511e-05, 1.7132619159481767e-05]"
600,"[3.972559547907187e-07, 4.349365016045735e-07, 4.1604333855601545e-07, 4.5728454317497127e-07, 4.7021747695629764e-07]","[1.5362138216046867e-05, 1.6991925333387134e-05, 1.591627101667128e-05, 1.8114432296124648e-05, 1.799393451790203e-05]"
601,"[3.499288618693089e-07, 3.8554521065738634e-07, 3.641108452297044e-07, 4.086904469036073e-07, 4.1160294737277407e-07]","[1.4595985541927207e-05, 1.6112533479605226e-05, 1.5161676656799163e-05, 1.713529304085185e-05, 1.7139591584473862e-05]"
602,"[3.612432349400992e-07, 3.9844917887948305e-07, 3.750237998094047e-07, 4.228802883876396e-07, 4.239581749100276e-07]","[1.421553378527629e-05, 1.5606071356882205e-05, 1.4870431585512227e-05, 1.6486784296975242e-05, 1.68072694369947e-05]"
603,"[3.751749299516089e-07, 4.163078482268508e-07, 3.865379920990016e-07, 4.4509377098492323e-07, 4.370640921669335e-07]","[1.5782414819699324e-05, 1.7528380423179136e-05, 1.62669975756235e-05, 1.8780153269138063e-05, 1.839291250914801e-05]"
604,"[3.650670742589004e-07, 4.031049084650095e-07, 3.788896227777827e-07, 4.2850760691317173e-07, 4.2832879421059806e-07]","[1.4552885226256178e-05, 1.6037728269942218e-05, 1.5169979800508587e-05, 1.7045124536383102e-05, 1.7147162063703698e-05]"
605,"[3.5871732164279233e-07, 3.947653447532731e-07, 3.7373345607057313e-07, 4.1762238428540476e-07, 4.224602487959592e-07]","[1.6025158398220823e-05, 1.76994879829799e-05, 1.6633516523007652e-05, 1.8832726331184473e-05, 1.880389402319127e-05]"
606,"[3.764391179132456e-07, 4.176585250774893e-07, 3.8816901946456454e-07, 4.468706963104402e-07, 4.3889704342776123e-07]","[1.5227394320776467e-05, 1.6836251779959985e-05, 1.581557891856645e-05, 1.797685212069233e-05, 1.7878342329946668e-05]"
607,"[3.8025005776271693e-07, 4.2073631100158645e-07, 3.9364612660910834e-07, 4.48136243165558e-07, 4.4502834505525306e-07]","[1.4781909973855265e-05, 1.6285330808600027e-05, 1.5399176109835647e-05, 1.7286327186150982e-05, 1.7406707085784474e-05]"
608,"[3.856745578067731e-07, 4.2427292746494713e-07, 4.0223594616923077e-07, 4.488610639946459e-07, 4.546729810243486e-07]","[1.5234888162663507e-05, 1.6835371522235537e-05, 1.5833873299332706e-05, 1.795932075121376e-05, 1.789879806674783e-05]"
609,"[3.5110223432923744e-07, 3.8630218880148603e-07, 3.656611949271591e-07, 4.089689677046607e-07, 4.1333939547857356e-07]","[1.5986398232914153e-05, 1.766275757173898e-05, 1.657276137107462e-05, 1.8786449654218868e-05, 1.8736056239421867e-05]"
610,"[3.737355285977041e-07, 4.1313531191420196e-07, 3.873882346109928e-07, 4.402281466123927e-07, 4.379458020621933e-07]","[1.560053921193821e-05, 1.7199076858727976e-05, 1.6255518823429815e-05, 1.8297107665084707e-05, 1.837440565438993e-05]"
611,"[4.1164763277226233e-07, 4.5815174626128536e-07, 4.231508781972006e-07, 4.920376947382807e-07, 4.784887422247168e-07]","[1.4161009816875501e-05, 1.5666164696898218e-05, 1.470260997145472e-05, 1.6757536189185963e-05, 1.662041238217503e-05]"
612,"[3.7380813403841436e-07, 4.147629122698269e-07, 3.857412038179898e-07, 4.435955234923976e-07, 4.361448606839659e-07]","[1.536236234885068e-05, 1.6902111296082984e-05, 1.6016883143705952e-05, 1.7890834389814853e-05, 1.8104770521426338e-05]"
613,"[4.191827291282202e-07, 4.667562289524479e-07, 4.305578757525374e-07, 5.014308308901242e-07, 4.868729090940464e-07]","[1.5221560161744904e-05, 1.6899241097824155e-05, 1.5715661454189593e-05, 1.8118129755532075e-05, 1.7768410652226277e-05]"
614,"[4.0155475556690876e-07, 4.4976177608262267e-07, 4.098397490279853e-07, 4.873998570204799e-07, 4.6351828845369805e-07]","[1.5400216992327828e-05, 1.7097192630577568e-05, 1.591039412163355e-05, 1.834426463470036e-05, 1.798807096870462e-05]"
615,"[4.3450385371768713e-07, 4.819797079218595e-07, 4.484404933691125e-07, 5.150478901416294e-07, 5.070319451355002e-07]","[1.5917251793445594e-05, 1.7623028265217665e-05, 1.648481099098217e-05, 1.8824787407983537e-05, 1.8636640576984993e-05]"
616,"[4.2396635863813586e-07, 4.7050877369024095e-07, 4.371735967360951e-07, 5.031921829532476e-07, 4.943016846364282e-07]","[1.5146727363262418e-05, 1.67651521088447e-05, 1.5695047411645852e-05, 1.791041244427185e-05, 1.7743493597546512e-05]"
617,"[3.851427866640186e-07, 4.222755423959901e-07, 4.0275336985512547e-07, 4.4443060434093435e-07, 4.552275314695783e-07]","[1.4815859772065948e-05, 1.634894372850323e-05, 1.5421138517404825e-05, 1.740881593963266e-05, 1.7431667393326286e-05]"
618,"[3.734689188477036e-07, 4.13817560880492e-07, 3.862558403006236e-07, 4.4204459874304383e-07, 4.36683472002387e-07]","[1.434195453981137e-05, 1.5826347052124314e-05, 1.493277036748339e-05, 1.6862665173351267e-05, 1.6879440196781362e-05]"
619,"[4.0729662108514235e-07, 4.50941092840819e-07, 4.2117419325241446e-07, 4.807711729092619e-07, 4.7617821287294177e-07]","[1.5253601644619105e-05, 1.6802883836132417e-05, 1.5893749352630232e-05, 1.783468213772354e-05, 1.7965668156719146e-05]"
620,"[3.7408246402340396e-07, 4.1453057619558146e-07, 3.868062841491636e-07, 4.4236893328861123e-07, 4.373240209979695e-07]","[1.5233251110401913e-05, 1.6866014771409326e-05, 1.5768148694060342e-05, 1.8010072168042306e-05, 1.7826861222495535e-05]"
621,"[3.8180374369063346e-07, 4.2038044158295324e-07, 3.9725982129931136e-07, 4.450346810507505e-07, 4.4907541442225877e-07]","[1.603520046423491e-05, 1.7700732188143313e-05, 1.6669026205321674e-05, 1.8841670466793095e-05, 1.884311130040312e-05]"
622,"[4.0776081112708546e-07, 4.504355937832867e-07, 4.225922038270751e-07, 4.789305615903336e-07, 4.777592475851446e-07]","[1.5580736569491994e-05, 1.7101334266094307e-05, 1.630684960511009e-05, 1.806430879832432e-05, 1.8430393072081294e-05]"
623,"[3.697087328737581e-07, 4.0646930693945603e-07, 3.853426272101647e-07, 4.298390160312026e-07, 4.3558182565551434e-07]","[1.624463704055191e-05, 1.788802186655528e-05, 1.6910386983431206e-05, 1.8945749441568485e-05, 1.9115633631833518e-05]"
624,"[4.1242841612102313e-07, 4.5741990781680876e-07, 4.2529700218370134e-07, 4.892273346676942e-07, 4.8088521480795e-07]","[1.5636292735826194e-05, 1.7325170297457408e-05, 1.6163630838808865e-05, 1.850893722419925e-05, 1.827464401592503e-05]"
625,"[4.098004268586767e-07, 4.5308701221591156e-07, 4.240150449848045e-07, 4.822263041244176e-07, 4.793927617190048e-07]","[1.6496031694107855e-05, 1.8141740158955577e-05, 1.7211456468022623e-05, 1.919989528532985e-05, 1.9454582754682306e-05]"
626,"[3.516674500253164e-07, 3.8707547244231614e-07, 3.661373924652547e-07, 4.095826944404609e-07, 4.138836401583805e-07]","[1.5394623607637966e-05, 1.699110979611129e-05, 1.59942135271216e-05, 1.8065469809136494e-05, 1.8080611556487932e-05]"
627,"[4.151370734541971e-07, 4.6095163335786867e-07, 4.285268353340759e-07, 4.947234930025124e-07, 4.845098414643747e-07]","[1.6715628035160273e-05, 1.8474691673358088e-05, 1.733277202876987e-05, 1.9675067960014797e-05, 1.9594993411422915e-05]"
628,"[3.808554524919953e-07, 4.213717816282024e-07, 3.9415996477168413e-07, 4.4879068485528144e-07, 4.456296124337341e-07]","[1.40624751604967e-05, 1.546701850001915e-05, 1.4672581842520883e-05, 1.6374353208279254e-05, 1.658487798604289e-05]"
629,"[4.0762517331686806e-07, 4.5104203128783435e-07, 4.217673074684127e-07, 4.806432535620995e-07, 4.768422153093361e-07]","[1.4825231863370796e-05, 1.6350433478780144e-05, 1.543087722091463e-05, 1.7384691314728585e-05, 1.7442772109596585e-05]"
630,"[3.9910887477810016e-07, 4.4194061397782526e-07, 4.1224285750257385e-07, 4.7122534338661703e-07, 4.660995375797272e-07]","[1.5978361768256833e-05, 1.7686016602364838e-05, 1.6557928999604167e-05, 1.8892491771759787e-05, 1.871899908581918e-05]"
631,"[3.9512453231424656e-07, 4.375064705330429e-07, 4.084975613179792e-07, 4.668531278830514e-07, 4.6185372647257926e-07]","[1.5879568985409673e-05, 1.7493710976243655e-05, 1.6549604881411554e-05, 1.8575883915619285e-05, 1.8706898346522297e-05]"
632,"[3.6812846255371844e-07, 4.0860553020851504e-07, 3.7966261753533167e-07, 4.3793649209508945e-07, 4.292724783073657e-07]","[1.5345724809038332e-05, 1.6810848476058686e-05, 1.609449513518437e-05, 1.7711534129514273e-05, 1.8189551424266473e-05]"
633,"[4.004506077066082e-07, 4.428906333198159e-07, 4.1513719951001373e-07, 4.722976695772504e-07, 4.693208790287425e-07]","[1.596254752627284e-05, 1.761590774068194e-05, 1.659520155304386e-05, 1.8734223754570692e-05, 1.8759600240278835e-05]"
634,"[4.027335480419453e-07, 4.448772117235922e-07, 4.1750692738091057e-07, 4.73114564063041e-07, 4.7200746461940683e-07]","[1.6666378044080994e-05, 1.842607888347566e-05, 1.728214447387854e-05, 1.96346578390825e-05, 1.953765446513176e-05]"
635,"[3.7201093442945386e-07, 4.10371472883843e-07, 3.866598538320969e-07, 4.356493990215883e-07, 4.371008511938824e-07]","[1.6147818167136708e-05, 1.7758338960606746e-05, 1.6850941339476806e-05, 1.8794162338159727e-05, 1.904699415731654e-05]"
636,"[3.545565142640825e-07, 3.922396626681633e-07, 3.672238172014739e-07, 4.1854386938541645e-07, 4.151669825170842e-07]","[1.4396991253631166e-05, 1.5913768409627162e-05, 1.4970982227583396e-05, 1.6993721279358615e-05, 1.6922821861854507e-05]"
637,"[3.853031782938818e-07, 4.281601096909288e-07, 3.964611349173547e-07, 4.5869115238170283e-07, 4.4830101010284687e-07]","[1.5728566372279702e-05, 1.7341706410831793e-05, 1.6360397381399632e-05, 1.8411564726263667e-05, 1.8494095147963723e-05]"
638,"[3.8359685184289443e-07, 4.256576722869183e-07, 3.960011158609278e-07, 4.557345390764298e-07, 4.477369133008224e-07]","[1.5638694357368578e-05, 1.7290115618330338e-05, 1.6233156791173478e-05, 1.844941899385594e-05, 1.83509505310015e-05]"
639,"[3.741964872447358e-07, 4.1311968956334734e-07, 3.885962117258279e-07, 4.3928488571591827e-07, 4.3929257340735633e-07]","[1.4588567128250452e-05, 1.599090727851686e-05, 1.528915476400242e-05, 1.685811605965533e-05, 1.727968119324389e-05]"
640,"[3.981508699715769e-07, 4.400657631948595e-07, 4.127371414985775e-07, 4.682165612570157e-07, 4.666126896345257e-07]","[1.5159427463131932e-05, 1.676137618391323e-05, 1.5732024412380904e-05, 1.788287204127972e-05, 1.7784508215012867e-05]"
641,"[3.8305770136527567e-07, 4.281562464230257e-07, 3.9189255283209853e-07, 4.629031791214641e-07, 4.4319015485576746e-07]","[1.5152705719446455e-05, 1.6746459378503155e-05, 1.5726601010756016e-05, 1.7851258553434483e-05, 1.7778542375825355e-05]"
642,"[3.998085310812245e-07, 4.408975852751875e-07, 4.1569547062740157e-07, 4.680501650121325e-07, 4.6991735660914153e-07]","[1.4920205465696057e-05, 1.6523275667995793e-05, 1.5450770052215972e-05, 1.765832098535565e-05, 1.746762719395847e-05]"
643,"[4.0139863799548607e-07, 4.4771616956215095e-07, 4.11313218361374e-07, 4.820199148870426e-07, 4.651413700054722e-07]","[1.629444290871475e-05, 1.797938472949109e-05, 1.6932440107799498e-05, 1.9108124586948062e-05, 1.9141211114471016e-05]"
644,"[3.7590952794216736e-07, 4.1718466758618324e-07, 3.874889006405273e-07, 4.464668231523776e-07, 4.3813571986980136e-07]","[1.5433969522718726e-05, 1.7020311775644045e-05, 1.6045314981805293e-05, 1.8069141700744037e-05, 1.8138276863881317e-05]"
645,"[3.6986413016400893e-07, 4.079820948589457e-07, 3.8439201657703804e-07, 4.330571817718765e-07, 4.3454178727414216e-07]","[1.5196418020053954e-05, 1.676666433286097e-05, 1.5801456728157203e-05, 1.7828714484209734e-05, 1.7862254329467218e-05]"
646,"[3.945877952800246e-07, 4.368931942314742e-07, 4.077445730978609e-07, 4.663890746085288e-07, 4.610110648937425e-07]","[1.578726484396966e-05, 1.735180366116714e-05, 1.6488644146743136e-05, 1.835384768742639e-05, 1.8637031172753846e-05]"
647,"[3.6323158223954814e-07, 4.002082661797792e-07, 3.778716449498433e-07, 4.2453004985416006e-07, 4.2715318416108303e-07]","[1.5747066155290163e-05, 1.7377748756004823e-05, 1.6361209478333007e-05, 1.847311789994078e-05, 1.8495563908341397e-05]"
648,"[4.122259776242914e-07, 4.5518325810684536e-07, 4.280588213790582e-07, 4.841101827587232e-07, 4.838974300816853e-07]","[1.5385407792646482e-05, 1.6980754213689542e-05, 1.599285736183875e-05, 1.8065771443409394e-05, 1.8078738296903013e-05]"
649,"[4.0103880465524473e-07, 4.4547359305881584e-07, 4.136434234382406e-07, 4.77559518878054e-07, 4.676892341553258e-07]","[1.5187659409130307e-05, 1.671953970514278e-05, 1.584959841430264e-05, 1.7738716032588428e-05, 1.791481371113152e-05]"
650,"[4.142154051176799e-07, 4.566167226061607e-07, 4.3016554632782243e-07, 4.836010970089038e-07, 4.862993157218259e-07]","[1.4223728780919824e-05, 1.574063613682166e-05, 1.4754893408255536e-05, 1.682616002838286e-05, 1.6679934809933557e-05]"
651,"[4.7458313986103854e-07, 5.26348745109211e-07, 4.901578069566687e-07, 5.630606844780683e-07, 5.541888825886166e-07]","[1.7071857104084422e-05, 1.8920041517146527e-05, 1.7662924118712412e-05, 2.0244654861750294e-05, 1.9969046289523604e-05]"
652,"[3.7684129321156735e-07, 4.1186745443475594e-07, 3.9647381327754566e-07, 4.3266772845894255e-07, 4.480446300840411e-07]","[1.6131215330430273e-05, 1.7741238577373794e-05, 1.6831928528032798e-05, 1.8775381453154788e-05, 1.9025502101779423e-05]"
653,"[2.796924562868404e-07, 3.0879391886172217e-07, 2.9012936762667807e-07, 3.284225597418124e-07, 3.279970409330629e-07]","[1.5184807338475887e-05, 1.681959676855015e-05, 1.5706913928774248e-05, 1.796933318131769e-05, 1.7758030820677504e-05]"
654,"[3.251018758947241e-07, 3.6152907933399634e-07, 3.3462059013335055e-07, 3.881721085946159e-07, 3.7836885241564705e-07]","[1.6440214750877463e-05, 1.8252559944989417e-05, 1.6979999948823506e-05, 1.9586080924900223e-05, 1.919771611523213e-05]"
655,"[2.8534101243654533e-07, 3.1673097625768473e-07, 2.9420336292566994e-07, 3.3913098519237825e-07, 3.3263927732596154e-07]","[1.940264133842479e-05, 2.1529090739778772e-05, 2.001830771392257e-05, 2.3040751859354692e-05, 2.2634004716951876e-05]"
656,"[2.8538012347836705e-07, 3.1772534377065384e-07, 2.933005197823476e-07, 3.4133758102438864e-07, 3.316558182010659e-07]","[2.030128857021743e-05, 2.2735993192043546e-05, 2.0699901107210154e-05, 2.4611334288869588e-05, 2.3411875948432278e-05]"
657,"[2.6417168252297336e-07, 2.9293229449435455e-07, 2.72684322667863e-07, 3.1301574642764746e-07, 3.0830954230282986e-07]","[1.783178319651807e-05, 1.9678776770745036e-05, 1.8523157718381428e-05, 2.0918936613256833e-05, 2.0939679584918112e-05]"
658,"[2.555018105132542e-07, 2.8146125725229955e-07, 2.657365477730797e-07, 2.981316168227614e-07, 3.0039783225930965e-07]","[1.695956149899155e-05, 1.8712380603919254e-05, 1.7606940124920614e-05, 1.9866563054059583e-05, 1.9904477700324184e-05]"
659,"[2.4946918963898164e-07, 2.767667630644949e-07, 2.5751420963339393e-07, 2.961659274561645e-07, 2.9115532671679444e-07]","[1.8868959706663694e-05, 2.0887938292940173e-05, 1.9540925750099008e-05, 2.2325727191998648e-05, 2.2091922700573637e-05]"
660,"[2.2497797529303293e-07, 2.488870703685995e-07, 2.3310969161884226e-07, 2.6575011378741945e-07, 2.6353749982840793e-07]","[1.7357599551681075e-05, 1.919449871996636e-05, 1.8000028382269605e-05, 2.0474680708264808e-05, 2.0349093648889148e-05]"
661,"[1.776708371408122e-07, 1.938357914004185e-07, 1.8727991565964126e-07, 2.032020214459864e-07, 2.1162362902321542e-07]","[1.2095925025082608e-05, 1.3340638600785438e-05, 1.259871650519365e-05, 1.4191702064465244e-05, 1.4240891758418386e-05]"
662,"[1.753777736523963e-07, 1.9138296285847491e-07, 1.8480598135041047e-07, 2.008192960334671e-07, 2.0883747189200864e-07]","[1.2868934008720795e-05, 1.4121558723251404e-05, 1.3479719469473242e-05, 1.492113185805893e-05, 1.5234693325223758e-05]"
663,"[2.0060614800467258e-07, 2.1929421543350264e-07, 2.1087542524999737e-07, 2.304591699117468e-07, 2.3831101634175275e-07]","[1.4830286465585106e-05, 1.6323770057644013e-05, 1.546410931906998e-05, 1.7300805792385725e-05, 1.74796272148718e-05]"
664,"[1.8239298437255157e-07, 1.980895401562524e-07, 1.9333766436695416e-07, 2.0637605279132054e-07, 2.1844790515700743e-07]","[1.4391108461576622e-05, 1.5682992349454163e-05, 1.517700267177163e-05, 1.639594889270717e-05, 1.715037226879561e-05]"
665,"[1.799602411167344e-07, 1.9641301602662238e-07, 1.8944551247601893e-07, 2.0573585273396893e-07, 2.1408867401562523e-07]","[1.3589568458237657e-05, 1.4899061711291118e-05, 1.4225140348962814e-05, 1.5696803326003334e-05, 1.6077922365535558e-05]"
666,"[1.7526479821786554e-07, 1.9168428508250475e-07, 1.8431520347517091e-07, 2.02018498116665e-07, 2.0829409894341374e-07]","[1.1678150081357422e-05, 1.2765266501468487e-05, 1.2297666478478755e-05, 1.3437599599272377e-05, 1.3896885269703942e-05]"
667,"[1.6648157810890202e-07, 1.8162146173756388e-07, 1.7557152018671376e-07, 1.9050680691487559e-07, 1.9839658034647212e-07]","[1.1586557280527924e-05, 1.2599755870715705e-05, 1.227092966280836e-05, 1.3167113091666504e-05, 1.3864627407300189e-05]"
668,"[1.5847135753914906e-07, 1.726779355300269e-07, 1.6754864110318892e-07, 1.8093529701581653e-07, 1.8931509736476238e-07]","[1.1657337123458542e-05, 1.274202537072254e-05, 1.2279848749743458e-05, 1.341366419698661e-05, 1.387647942560436e-05]"
669,"[1.9060974253739775e-07, 2.078967332045607e-07, 2.0085191155770767e-07, 2.1767216776802602e-07, 2.2697288501905113e-07]","[1.3513812497778585e-05, 1.4817973826340394e-05, 1.4158954845886195e-05, 1.5636001387387046e-05, 1.600253335754906e-05]"
670,"[2.201622602092328e-07, 2.3675342979462622e-07, 2.366399407680402e-07, 2.462125244345916e-07, 2.672495759804698e-07]","[1.2645353565693189e-05, 1.3816659972082848e-05, 1.3320504164887072e-05, 1.4531271435126554e-05, 1.5052616059236432e-05]"
671,"[1.697531387238507e-07, 1.8434653733818758e-07, 1.8037435384142303e-07, 1.9357317222328995e-07, 2.0378243510866219e-07]","[1.1921996018777138e-05, 1.2944780017365458e-05, 1.265138688831481e-05, 1.3499361273928397e-05, 1.429372686880825e-05]"
672,"[1.614691815618814e-07, 1.770614213525388e-07, 1.6920351933048741e-07, 1.8674306526406447e-07, 1.9123084592183728e-07]","[1.2920055999469449e-05, 1.4077973084677285e-05, 1.3624117950426614e-05, 1.4707580569297691e-05, 1.5395685040634218e-05]"
673,"[1.5742158950575462e-07, 1.7221329655653018e-07, 1.6529539311683323e-07, 1.809764549127133e-07, 1.8680844214705056e-07]","[1.1517394141383868e-05, 1.2565969193522657e-05, 1.2134047396925232e-05, 1.3162596520446571e-05, 1.3712065294189365e-05]"
674,"[1.6264035448554728e-07, 1.7773178346991855e-07, 1.7107795968287788e-07, 1.8673903147692761e-07, 1.933290178825426e-07]","[1.1633287317545791e-05, 1.2643210171644806e-05, 1.2313010069288489e-05, 1.3176071482193902e-05, 1.391260920276947e-05]"
675,"[1.6070574646177707e-07, 1.742882033939483e-07, 1.7064712303194656e-07, 1.8111073446999868e-07, 1.9279721688176852e-07]","[1.2221676576806657e-05, 1.3301677025946988e-05, 1.2913701285225584e-05, 1.3888439736112432e-05, 1.4591980434167193e-05]"
676,"[1.7167807411578754e-07, 1.8619693809792434e-07, 1.823358728451367e-07, 1.9365305298298115e-07, 2.060062515588869e-07]","[1.2277710459257554e-05, 1.3355752221139605e-05, 1.2988746744654244e-05, 1.3944685152725525e-05, 1.4676167489516532e-05]"
677,"[1.7535534773296798e-07, 1.9110885938490203e-07, 1.8517155962505293e-07, 2.000889013192669e-07, 2.0923852769071655e-07]","[1.1825847402512008e-05, 1.300613271650702e-05, 1.234228321447984e-05, 1.3769887368189648e-05, 1.3950796873108005e-05]"
678,"[1.5511916877876813e-07, 1.6916294380463667e-07, 1.634455522728386e-07, 1.7709133181452815e-07, 1.847000992487582e-07]","[1.2199617835701075e-05, 1.327209868878255e-05, 1.2894572874833634e-05, 1.3846720852464709e-05, 1.4570279736648797e-05]"
679,"[1.9953041892025256e-07, 2.180463649801694e-07, 2.0994511549953595e-07, 2.288935075799784e-07, 2.3725408314672363e-07]","[1.6267031682762596e-05, 1.7707748953719974e-05, 1.7180880403491495e-05, 1.848964883146957e-05, 1.9413931589359316e-05]"
680,"[1.803306641343175e-07, 1.9675290198592242e-07, 1.899835682504006e-07, 2.062862938833458e-07, 2.1469031084965556e-07]","[1.2817816780676888e-05, 1.4020666969661419e-05, 1.3458940421373635e-05, 1.472675294669148e-05, 1.5210522970034443e-05]"
681,"[1.6436364779639982e-07, 1.781547948659097e-07, 1.7443589154105983e-07, 1.8516017809715193e-07, 1.9708374939452927e-07]","[1.2125640169496184e-05, 1.3143064098481398e-05, 1.2878186823096989e-05, 1.365755569933478e-05, 1.4549973480082487e-05]"
682,"[1.697966477636014e-07, 1.8552791915395964e-07, 1.7854173199151254e-07, 1.9470560625124045e-07, 2.0177148665453672e-07]","[1.1669736263074792e-05, 1.2744205997509785e-05, 1.227869035368208e-05, 1.3361963572039446e-05, 1.3875952270006791e-05]"
683,"[1.4163775126252893e-07, 1.5392068192731727e-07, 1.498735540941052e-07, 1.6027019610266245e-07, 1.6934606947489514e-07]","[1.0559434880167278e-05, 1.1478465711094167e-05, 1.116280886098371e-05, 1.1948649862092595e-05, 1.2613595307276984e-05]"
684,"[1.9144477890966295e-07, 2.090963503631778e-07, 2.0130608349232414e-07, 2.1922284086603066e-07, 2.2749801622083813e-07]","[1.5758362273001498e-05, 1.730626056933109e-05, 1.6443778393598114e-05, 1.8250672993318832e-05, 1.8587246005950298e-05]"
685,"[1.4954600632641622e-07, 1.623303617668349e-07, 1.5869833372799165e-07, 1.6912378363536636e-07, 1.7930202486522338e-07]","[1.0760485302842065e-05, 1.165383345185819e-05, 1.1455812428354083e-05, 1.2122616540632345e-05, 1.2941923025119225e-05]"
686,"[1.8263517313434595e-07, 2.0021880634852149e-07, 1.9146936620345237e-07, 2.112698899928578e-07, 2.1639130679454151e-07]","[1.4417592850269096e-05, 1.5908260737125674e-05, 1.4995594961046165e-05, 1.6921509147343423e-05, 1.695112577262821e-05]"
687,"[1.9027722237385624e-07, 2.085117296775688e-07, 1.9956372299079466e-07, 2.197158463305201e-07, 2.2553982713286037e-07]","[1.1136635166842958e-05, 1.2177021680669242e-05, 1.1727554190351985e-05, 1.2820399800657379e-05, 1.3252419489436156e-05]"
688,"[1.6982780705680906e-07, 1.8473958807464508e-07, 1.7963633746549142e-07, 1.9277387190451555e-07, 2.0297478735845198e-07]","[1.1535754190026163e-05, 1.2567045861409996e-05, 1.2175878437598621e-05, 1.3139715905855723e-05, 1.3758734064488691e-05]"
689,"[1.5282742556423022e-07, 1.6656291057158598e-07, 1.6135375900804028e-07, 1.7432801210621392e-07, 1.8232488155617648e-07]","[1.057160670188162e-05, 1.148524059068934e-05, 1.1208368952675242e-05, 1.1982917169485848e-05, 1.266374624794513e-05]"
690,"[3.199136613018366e-07, 3.5202998940638954e-07, 3.385799685160495e-07, 3.7699753694594925e-07, 3.8250434766130513e-07]","[1.0836216836852538e-05, 1.1901496607322146e-05, 1.1341022069083205e-05, 1.2590046274560431e-05, 1.2817747277170925e-05]"
691,"[2.887085340522496e-07, 3.138039418493199e-07, 3.0539525580961025e-07, 3.266756377893527e-07, 3.450769653666146e-07]","[1.1503871191318848e-05, 1.2580595667328208e-05, 1.2079284859536406e-05, 1.32068148940901e-05, 1.3651438226762724e-05]"
692,"[1.9025974801553797e-07, 2.0725582475019716e-07, 2.0052299333055863e-07, 2.1635788839637844e-07, 2.2660393070043642e-07]","[1.3241359863895523e-05, 1.4457816792484508e-05, 1.3915756107149411e-05, 1.5129206594065076e-05, 1.5726839460802098e-05]"
693,"[1.971475053592557e-07, 2.1569045780495122e-07, 2.0671899216359423e-07, 2.2638519965245048e-07, 2.3363682682846082e-07]","[1.3226485926813937e-05, 1.45211892583776e-05, 1.3816692393014535e-05, 1.5315212749400563e-05, 1.5617213400301007e-05]"
694,"[1.7129988842340768e-07, 1.866818833724642e-07, 1.8051504195701532e-07, 1.9503464214929975e-07, 2.039904519177961e-07]","[1.0466849970451364e-05, 1.1390088101751188e-05, 1.105775441665026e-05, 1.1885159087761e-05, 1.2494991665720187e-05]"
695,"[1.776038462293331e-07, 1.938960187275277e-07, 1.8670327093131707e-07, 2.0300233356552337e-07, 2.110000036613784e-07]","[1.1246905898281711e-05, 1.2280715090490095e-05, 1.1828899461605367e-05, 1.2866021848377948e-05, 1.3368025831327547e-05]"
696,"[1.7951659067725996e-07, 1.9551287515245832e-07, 1.8928067465698318e-07, 2.041154288863737e-07, 2.1389327115076763e-07]","[1.3125072005167605e-05, 1.4266540068826822e-05, 1.3872329954239943e-05, 1.484738811909628e-05, 1.5675374332405183e-05]"
697,"[1.7710457961756527e-07, 1.9269093974472903e-07, 1.8705506375073212e-07, 2.0084347535072587e-07, 2.1136910503290691e-07]","[1.2602966473881745e-05, 1.3701756427936723e-05, 1.3320091975824853e-05, 1.4266568321615151e-05, 1.5051373405360064e-05]"
698,"[1.4774160994953676e-07, 1.605147858536396e-07, 1.5629532309009259e-07, 1.6697825266501008e-07, 1.7660403342915292e-07]","[1.078016922444406e-05, 1.1726176358275879e-05, 1.1389934878608103e-05, 1.2221854537908681e-05, 1.2870385461604813e-05]"
699,"[1.8235940033425672e-07, 1.9842567644978738e-07, 1.9245273866735827e-07, 2.0666637580765464e-07, 2.1747436263331798e-07]","[1.1456034650979136e-05, 1.2542909776212334e-05, 1.2002039268159704e-05, 1.3175970146840187e-05, 1.3565175563260696e-05]"
700,"[1.909349579739664e-07, 2.0860604914113366e-07, 2.0107857636745477e-07, 2.189996248157891e-07, 2.2721169453025937e-07]","[1.1000977142927215e-05, 1.1987053317097132e-05, 1.1599769647598612e-05, 1.2525162811565703e-05, 1.3108147056529318e-05]"
701,"[1.9601394873345064e-07, 2.1460859555905932e-07, 2.0558341025121433e-07, 2.2580079463615032e-07, 2.3234775543488699e-07]","[1.0923795435991256e-05, 1.1953137017634456e-05, 1.1481972213855415e-05, 1.2584314490446263e-05, 1.2975723995672682e-05]"
702,"[1.6827431144899465e-07, 1.8304684441267758e-07, 1.7773699670675792e-07, 1.9071986676022596e-07, 2.0084126531766652e-07]","[1.1596929096790614e-05, 1.2631693409380768e-05, 1.2241040606580703e-05, 1.320101782278782e-05, 1.383229945754408e-05]"
703,"[1.6682507694512262e-07, 1.820090013429974e-07, 1.756376517808215e-07, 1.9068921187411205e-07, 1.9848496260354077e-07]","[1.1991675797846895e-05, 1.3045862688970473e-05, 1.2684015502030658e-05, 1.3623059808654182e-05, 1.4332006608717935e-05]"
704,"[1.497116815084078e-07, 1.624903216885515e-07, 1.5854901715277023e-07, 1.6877309939738806e-07, 1.791467689246847e-07]","[1.0120812249496361e-05, 1.1040147988591545e-05, 1.0661078268683698e-05, 1.1553140154863134e-05, 1.2047637844126809e-05]"
705,"[1.6408308925135822e-07, 1.7796084310934295e-07, 1.7395892151501616e-07, 1.8469134555169154e-07, 1.9655154103264079e-07]","[1.27941648744942e-05, 1.3890484394564633e-05, 1.3530558914700098e-05, 1.4416048537892773e-05, 1.528922863642928e-05]"
706,"[1.700203368898575e-07, 1.8419156119423853e-07, 1.8032950280949194e-07, 1.9079219624607554e-07, 2.0374955683388333e-07]","[1.1674921807920211e-05, 1.2664866703090165e-05, 1.2371288341073796e-05, 1.3150960914499574e-05, 1.3978282931090595e-05]"
707,"[1.5603545145805178e-07, 1.6989758627570823e-07, 1.6481462491403434e-07, 1.7733576256060699e-07, 1.8623108267912465e-07]","[1.032562000248554e-05, 1.1211282077449535e-05, 1.0942190227253118e-05, 1.166602884804586e-05, 1.2363372419981276e-05]"
708,"[1.6239407521545204e-07, 1.7656139226878572e-07, 1.7153980775973842e-07, 1.8368586710255757e-07, 1.9383745270187248e-07]","[1.1614550857256166e-05, 1.262564161954072e-05, 1.2265273107867368e-05, 1.312745679922875e-05, 1.3859885345785727e-05]"
709,"[1.9840188424552548e-07, 2.172486882254019e-07, 2.078804590544676e-07, 2.2819154844876815e-07, 2.3495040882294774e-07]","[1.114497007669735e-05, 1.2245036344044328e-05, 1.1636448605679986e-05, 1.293240432810598e-05, 1.3152890833663525e-05]"
710,"[1.4922478488233598e-07, 1.6152439436714732e-07, 1.5862484263465523e-07, 1.6724879942242547e-07, 1.79215411726206e-07]","[1.089326583689812e-05, 1.178965489873675e-05, 1.1576770211612676e-05, 1.2205183624965272e-05, 1.3079576465577662e-05]"
711,"[1.5092937707728641e-07, 1.6529039645636317e-07, 1.581252828988719e-07, 1.7395163807170608e-07, 1.787172356740299e-07]","[1.0730949698339564e-05, 1.1746290984111087e-05, 1.1244517093230249e-05, 1.2334560728304506e-05, 1.2708902481387608e-05]"
712,"[1.8436323067321584e-07, 2.0152069782785364e-07, 1.9354224392405096e-07, 2.111653990133411e-07, 2.1873278497476354e-07]","[1.2572635207182685e-05, 1.3749994518711797e-05, 1.3186347615184295e-05, 1.4419491081618064e-05, 1.4903283550562458e-05]"
713,"[1.750816344628452e-07, 1.904716196395953e-07, 1.848607094276279e-07, 1.9840259647271826e-07, 2.0889321840998278e-07]","[1.1137535864528103e-05, 1.2112714888565927e-05, 1.1769036596122551e-05, 1.2621339734939137e-05, 1.3298752733424496e-05]"
714,"[1.8253390359096557e-07, 1.9990611641902494e-07, 1.9136324610228294e-07, 2.1017344206352157e-07, 2.1627639121260856e-07]","[1.1610610036916575e-05, 1.2687511501252253e-05, 1.219898861077255e-05, 1.3305457356442512e-05, 1.3786581301921132e-05]"
715,"[2.1579959079320203e-07, 2.3522522182238368e-07, 2.273309591676227e-07, 2.458523323878357e-07, 2.568988779849222e-07]","[1.4768986261281179e-05, 1.617237519624787e-05, 1.5477296718872516e-05, 1.7000420773544557e-05, 1.7492637433683593e-05]"
716,"[1.5900506577772356e-07, 1.732705389474579e-07, 1.6765898077593304e-07, 1.8108569953394048e-07, 1.894602307448475e-07]","[1.0641606119621982e-05, 1.1644620553974054e-05, 1.116225434612763e-05, 1.2230844821117097e-05, 1.2615415839037067e-05]"
717,"[1.7241069014575712e-07, 1.8877774783151523e-07, 1.8064509523383847e-07, 1.9834660342264454e-07, 2.041704820630218e-07]","[1.1623432889813546e-05, 1.266600665819429e-05, 1.2243701518968392e-05, 1.3218623681674778e-05, 1.3836329657819915e-05]"
718,"[1.7972779909291924e-07, 1.9702545699404075e-07, 1.8801077184336534e-07, 2.0730400018301755e-07, 2.1250298414568787e-07]","[1.081417100724023e-05, 1.1849659974661533e-05, 1.1328257135638354e-05, 1.2474019838610738e-05, 1.2803363257402739e-05]"
719,"[2.199252505504614e-07, 2.411321061938939e-07, 2.3001984160001164e-07, 2.5362513569096227e-07, 2.5998570196745764e-07]","[1.331344172327616e-05, 1.4643927977330026e-05, 1.3870495357676884e-05, 1.5474603531978027e-05, 1.5678985850608134e-05]"
720,"[1.6843278471662796e-07, 1.8441932810827834e-07, 1.7654111913828435e-07, 1.9372879186208717e-07, 1.9953017956051238e-07]","[1.1847612437838392e-05, 1.2998192240111101e-05, 1.237919566548632e-05, 1.3688630180658199e-05, 1.3992296739168598e-05]"
721,"[2.0134653507365933e-07, 2.1942459510594924e-07, 2.1210067955118197e-07, 2.2913180451291987e-07, 2.396905153543153e-07]","[1.411425362265364e-05, 1.553767582330196e-05, 1.4690845199212022e-05, 1.644245407712158e-05, 1.660696209625703e-05]"
722,"[1.8943157545745088e-07, 2.0680783798980376e-07, 1.9917510968950253e-07, 2.1641558963645522e-07, 2.2509227636015561e-07]","[1.2492576092330344e-05, 1.3610525059818786e-05, 1.316118303632108e-05, 1.4199450779311997e-05, 1.487309663791558e-05]"
723,"[2.2373336941090696e-07, 2.4346990024099094e-07, 2.3631104659927172e-07, 2.539610009688311e-07, 2.6702859391189233e-07]","[1.2984501683272002e-05, 1.4186316656504563e-05, 1.3634119955211907e-05, 1.4855930007569488e-05, 1.5408891654074623e-05]"
724,"[1.6748588175952776e-07, 1.8252397300933473e-07, 1.7661852434598556e-07, 1.9068902702458432e-07, 1.9958485751102203e-07]","[1.1299791713065937e-05, 1.2346931617132557e-05, 1.1868416994974433e-05, 1.2937894793099382e-05, 1.3413104752722083e-05]"
725,"[1.9647044670502e-07, 2.1547873022541523e-07, 2.0567647538774648e-07, 2.2706698760402074e-07, 2.324596806964068e-07]","[1.2041228843369725e-05, 1.3202150313606346e-05, 1.2594108825446488e-05, 1.389677589505935e-05, 1.4234860354615595e-05]"
726,"[1.962959490136558e-07, 2.144097083010488e-07, 2.0624209319107758e-07, 2.2435700173196062e-07, 2.330855274716842e-07]","[1.2158756155585066e-05, 1.331586803097729e-05, 1.2730991183130149e-05, 1.3989840120121502e-05, 1.4389278263240384e-05]"
727,"[1.7385155667445262e-07, 1.9081410683267247e-07, 1.815750803871106e-07, 2.011039463874067e-07, 2.0523791648256707e-07]","[1.1053033058376992e-05, 1.2116182790690789e-05, 1.1558174569142726e-05, 1.274233286245951e-05, 1.3064035707864214e-05]"
728,"[1.906045029717142e-07, 2.0827917858287693e-07, 2.0009617549263682e-07, 2.1810931729101897e-07, 2.261436363224747e-07]","[1.0962371663256428e-05, 1.200637942958587e-05, 1.1478358627593985e-05, 1.2616386340776573e-05, 1.2973373345556982e-05]"
729,"[1.9392279778336925e-07, 2.1211868509535062e-07, 2.0328877270452948e-07, 2.2243193359114423e-07, 2.2976158903687747e-07]","[1.1407660727700924e-05, 1.2544631731608091e-05, 1.1890020130947481e-05, 1.3256339842362374e-05, 1.3440207844183692e-05]"
730,"[1.920448154188607e-07, 2.0943458920526662e-07, 2.021499020459073e-07, 2.1900864647225635e-07, 2.2844804934216523e-07]","[1.2814488090342492e-05, 1.4075796319272524e-05, 1.3371123677907592e-05, 1.4847701281177658e-05, 1.5113992231467219e-05]"
731,"[2.231017889968897e-07, 2.434497774692917e-07, 2.3452577697708906e-07, 2.545363597158128e-07, 2.6504709149767335e-07]","[1.245038380255931e-05, 1.3685809790767191e-05, 1.2983487851638008e-05, 1.4455152921736797e-05, 1.467595255445866e-05]"
732,"[2.021758550787252e-07, 2.2047501992517392e-07, 2.1264790123567437e-07, 2.3014863957192426e-07, 2.403194415203908e-07]","[1.2161854769115381e-05, 1.3341259671126076e-05, 1.2705447943329877e-05, 1.4042521878730693e-05, 1.4361314429303732e-05]"
733,"[2.0733455905295196e-07, 2.2529257269586897e-07, 2.1908490087313185e-07, 2.3405231938435772e-07, 2.475647033768455e-07]","[1.1723548521280857e-05, 1.280385638015559e-05, 1.2315471450002642e-05, 1.3400718527822214e-05, 1.3918389226688953e-05]"
734,"[2.1856685195028009e-07, 2.385916239524932e-07, 2.2965491003853666e-07, 2.49431853550157e-07, 2.5954521618904126e-07]","[1.3092006676849909e-05, 1.4373414544686226e-05, 1.367927887556685e-05, 1.5164141840556221e-05, 1.546163398882122e-05]"
735,"[2.1219370956469442e-07, 2.3197770895717514e-07, 2.2267043796281067e-07, 2.4305041779676326e-07, 2.5166184506351894e-07]","[1.2857273465384825e-05, 1.4057434862891025e-05, 1.3486964838749839e-05, 1.4732733322910344e-05, 1.524309523064692e-05]"
736,"[1.9524657993331734e-07, 2.1329525715221143e-07, 2.0509933160864927e-07, 2.2338696859483233e-07, 2.3179362786387491e-07]","[1.2442421681780702e-05, 1.365742717481898e-05, 1.2997650682784974e-05, 1.4398290586350021e-05, 1.4691434496607647e-05]"
737,"[2.238228619948692e-07, 2.438247604406564e-07, 2.3578865726853977e-07, 2.54288754528862e-07, 2.6646023810971955e-07]","[1.2948658905303361e-05, 1.4177080092507428e-05, 1.3565165063806576e-05, 1.4892664060141295e-05, 1.533177885141601e-05]"
738,"[2.0527920955640092e-07, 2.2322330101746735e-07, 2.167303687402252e-07, 2.3231840538832e-07, 2.449055841878319e-07]","[1.2114219112869482e-05, 1.3227979963931716e-05, 1.2734021128043993e-05, 1.3849311819299855e-05, 1.4391090176710258e-05]"
739,"[2.0864975849173683e-07, 2.2764714089703413e-07, 2.194420373886943e-07, 2.3788811213544375e-07, 2.4799581161720786e-07]","[1.2990398552087003e-05, 1.4250851714409245e-05, 1.3574340816332364e-05, 1.500610609757686e-05, 1.5343145926331598e-05]"
740,"[2.2552843620542468e-07, 2.457600936276366e-07, 2.376028343937014e-07, 2.5652092196571743e-07, 2.6850841632942767e-07]","[1.3305171987979021e-05, 1.4565900117984214e-05, 1.3937556199576912e-05, 1.5295102230657345e-05, 1.575276373677391e-05]"
741,"[2.1714792339717385e-07, 2.3686657362729618e-07, 2.2840884118210263e-07, 2.4738332544532056e-07, 2.581279612851211e-07]","[1.2265909989536715e-05, 1.3428925409444383e-05, 1.2848292162595487e-05, 1.4102472904061678e-05, 1.4521592738112318e-05]"
742,"[2.2522904661026103e-07, 2.459655427276598e-07, 2.3673457149118447e-07, 2.577735104816632e-07, 2.6754291242250866e-07]","[1.475053883245383e-05, 1.6242806213117257e-05, 1.5344637913321346e-05, 1.719008707274314e-05, 1.7346202917688226e-05]"
743,"[2.0730923530042162e-07, 2.2568850277495187e-07, 2.1860144772035085e-07, 2.3527152185282517e-07, 2.4703041830596724e-07]","[1.1697946608611961e-05, 1.2804355342458808e-05, 1.2261215463955515e-05, 1.344739067298074e-05, 1.385776673229533e-05]"
744,"[2.1877179746189975e-07, 2.3904291501265794e-07, 2.2964704589445263e-07, 2.502954227409267e-07, 2.5954236487771085e-07]","[1.3130979632360722e-05, 1.440109445979399e-05, 1.3732409208386475e-05, 1.516821548439866e-05, 1.552149365659023e-05]"
745,"[2.0208317320446061e-07, 2.199482494338137e-07, 2.1311361332822605e-07, 2.2905354761676093e-07, 2.408273421358103e-07]","[1.253044198289437e-05, 1.3746748851269399e-05, 1.3092116349742767e-05, 1.4473458042036696e-05, 1.4798209954175112e-05]"
746,"[2.040483705653072e-07, 2.2283805535470255e-07, 2.143085286869919e-07, 2.3327274177046124e-07, 2.422053009707587e-07]","[1.252268517062112e-05, 1.3732656517944994e-05, 1.3094196842662775e-05, 1.4456650327306202e-05, 1.4800211887958268e-05]"
747,"[2.1917029053731137e-07, 2.3955516012231386e-07, 2.3001630374223496e-07, 2.509660149560231e-07, 2.5996126388503226e-07]","[1.2981484296346859e-05, 1.4288629944435948e-05, 1.3514310884833835e-05, 1.5117622557870244e-05, 1.5276756936877094e-05]"
748,"[2.170489115941229e-07, 2.370870382520802e-07, 2.2789994395769145e-07, 2.480391806848425e-07, 2.5756517903851213e-07]","[1.3209596323665579e-05, 1.4482704863355484e-05, 1.3810687866362696e-05, 1.5234131833422056e-05, 1.561021024215166e-05]"
749,"[2.098076103470974e-07, 2.2923138325642706e-07, 2.203979005383152e-07, 2.401276829411222e-07, 2.490807999838352e-07]","[1.298034537503206e-05, 1.418154847724056e-05, 1.3627416951523756e-05, 1.4848092250553704e-05, 1.540135287617253e-05]"
750,"[2.1702877733411878e-07, 2.3641309099294866e-07, 2.287594021009379e-07, 2.4663000828058084e-07, 2.585085780798844e-07]","[1.4038000374951359e-05, 1.5376802104332508e-05, 1.4701952559206176e-05, 1.6167602566727186e-05, 1.6616761935825988e-05]"
751,"[2.2431455554385628e-07, 2.453074398499937e-07, 2.353023878472748e-07, 2.5721406044806293e-07, 2.6593648594760563e-07]","[1.4382766735183855e-05, 1.5709634515670097e-05, 1.51033550713044e-05, 1.644039438247536e-05, 1.706935335492992e-05]"
752,"[2.2014993695923864e-07, 2.404414360053196e-07, 2.3120786361746613e-07, 2.515491012594614e-07, 2.6130021607415184e-07]","[1.3559556406338955e-05, 1.4913962929014047e-05, 1.4123231246503705e-05, 1.575680735789568e-05, 1.5964952437826383e-05]"
753,"[2.0661458225097572e-07, 2.2478513087048375e-07, 2.180410536834353e-07, 2.3412886800716814e-07, 2.463933942193819e-07]","[1.2378186734923752e-05, 1.3508984227069652e-05, 1.3016824761484662e-05, 1.4129284628233878e-05, 1.4710677013838972e-05]"
754,"[2.238117745287601e-07, 2.4396538926177064e-07, 2.3563777525460737e-07, 2.5479494878541397e-07, 2.6629321421579726e-07]","[1.3213414112505262e-05, 1.4482194096474463e-05, 1.3821430549541896e-05, 1.5231398801975368e-05, 1.562210747702943e-05]"
755,"[2.2068406325729098e-07, 2.408687737021696e-07, 2.3200994336568027e-07, 2.5190734577598773e-07, 2.6220119046876855e-07]","[1.358868665745892e-05, 1.487884753389109e-05, 1.4241969948007039e-05, 1.56388050839155e-05, 1.6096528128722642e-05]"
756,"[2.1124429034569863e-07, 2.3069644202160514e-07, 2.220072577112502e-07, 2.414944153520486e-07, 2.508975064065214e-07]","[1.3273531874912568e-05, 1.4611833636758665e-05, 1.3819849110268936e-05, 1.546697779604602e-05, 1.5621966011128584e-05]"
757,"[2.1883849266082745e-07, 2.3949102531139567e-07, 2.2921683497627402e-07, 2.5127540687286345e-07, 2.5907257282144886e-07]","[1.291171195122296e-05, 1.4136979047037518e-05, 1.3528952031462733e-05, 1.4854737847173414e-05, 1.5290800785480028e-05]"
758,"[2.1350205169202933e-07, 2.326628696668898e-07, 2.248643889123146e-07, 2.42753826495338e-07, 2.5411508595845035e-07]","[1.2168467746072998e-05, 1.3355809839972655e-05, 1.271601441889128e-05, 1.4083786353135151e-05, 1.4372895550542868e-05]"
759,"[2.493737207644226e-07, 2.720238543060723e-07, 2.621820884931081e-07, 2.8410569302636513e-07, 2.9630174199190326e-07]","[1.3820126480292055e-05, 1.5173427315910418e-05, 1.4425035589948548e-05, 1.5992067527044807e-05, 1.630521588100907e-05]"
760,"[2.2056764424652796e-07, 2.409110718778251e-07, 2.31639591731974e-07, 2.522234132779449e-07, 2.617878184171821e-07]","[1.3668371604300035e-05, 1.5032334134398983e-05, 1.424366966305351e-05, 1.588688791483534e-05, 1.6100851152829815e-05]"
761,"[2.524671462030773e-07, 2.7682670726637343e-07, 2.638346367275292e-07, 2.9115274854337537e-07, 2.9821713256014427e-07]","[1.577722831769632e-05, 1.7335422150051392e-05, 1.6450393547646338e-05, 1.8287422077196174e-05, 1.8595181004532957e-05]"
762,"[2.0709807466283173e-07, 2.2660405378076272e-07, 2.170582291502644e-07, 2.3800008937179078e-07, 2.453239702380874e-07]","[1.3168745624557094e-05, 1.4509746292256759e-05, 1.3686710663311443e-05, 1.5364006810669288e-05, 1.5472375667278322e-05]"
763,"[2.5316434335522974e-07, 2.7774805701306474e-07, 2.646734016345641e-07, 2.925367716135562e-07, 2.991583692564682e-07]","[1.5153294336105528e-05, 1.6674962122971005e-05, 1.5775623112376862e-05, 1.7628928048181467e-05, 1.783304465659077e-05]"
764,"[2.3281094434150363e-07, 2.5365422038783887e-07, 2.453194879042279e-07, 2.6467934944428327e-07, 2.772252548446433e-07]","[1.296370223023987e-05, 1.4219668691352772e-05, 1.3555392771384793e-05, 1.4979938752968955e-05, 1.53214193481141e-05]"
765,"[2.236156404138281e-07, 2.44227589103338e-07, 2.3482608032355927e-07, 2.5552491021244393e-07, 2.6539184933054233e-07]","[1.3514237801394508e-05, 1.4831211850076526e-05, 1.4113045371871559e-05, 1.56217680231576e-05, 1.5952332513036357e-05]"
766,"[2.191804014874778e-07, 2.3989423034058804e-07, 2.2957883359009003e-07, 2.5177562122742093e-07, 2.5948001159649906e-07]","[1.3309247478109377e-05, 1.4620548611524938e-05, 1.3888238482298755e-05, 1.542671635821317e-05, 1.569846622529387e-05]"
767,"[2.41947598150784e-07, 2.649060362282076e-07, 2.534862602084312e-07, 2.783890298629835e-07, 2.8649790238319304e-07]","[1.3658934964568188e-05, 1.4996710377558837e-05, 1.426419482096554e-05, 1.581498747720962e-05, 1.612310104490606e-05]"
768,"[2.1717135313497117e-07, 2.3687075310568351e-07, 2.284266693144235e-07, 2.475363663202355e-07, 2.5814838238314844e-07]","[1.3057238726906572e-05, 1.4320455660376437e-05, 1.3652317315738244e-05, 1.507889601689922e-05, 1.5430948612132496e-05]"
769,"[2.3659511635979263e-07, 2.58132458660658e-07, 2.4875325118130877e-07, 2.6969599023850457e-07, 2.8112201369889426e-07]","[1.4344600494562234e-05, 1.5742747430694088e-05, 1.4985098123797456e-05, 1.659142552313426e-05, 1.693783882682171e-05]"
770,"[2.3743282363053657e-07, 2.610581711129889e-07, 2.475713152452004e-07, 2.757779297819275e-07, 2.798438603677637e-07]","[1.4441667497461873e-05, 1.591762829349584e-05, 1.5017867873463029e-05, 1.6879925939783718e-05, 1.6976724930921293e-05]"
771,"[2.1927086692287434e-07, 2.3868824620938884e-07, 2.3116279991662033e-07, 2.486867841170474e-07, 2.612287125437036e-07]","[1.2996066298956692e-05, 1.4223234816241427e-05, 1.3626390523867611e-05, 1.4939122471542497e-05, 1.5400623018430487e-05]"
772,"[2.3365102621696494e-07, 2.5438125641919526e-07, 2.463759917662134e-07, 2.6503866829255627e-07, 2.7841742066924336e-07]","[1.3606804785104626e-05, 1.4970282074727512e-05, 1.4175300180671724e-05, 1.5832640092528765e-05, 1.602360826600139e-05]"
773,"[2.2131346828054927e-07, 2.41583717363097e-07, 2.3254485987725658e-07, 2.526217617385226e-07, 2.6281051716649584e-07]","[1.3701354739416212e-05, 1.4997139227774641e-05, 1.4352924268285987e-05, 1.5741974208964192e-05, 1.6222229234458284e-05]"
774,"[2.3445305358522848e-07, 2.563787040019718e-07, 2.458660442396318e-07, 2.6862043845753123e-07, 2.7788028572881295e-07]","[1.280547989861521e-05, 1.4079017552226455e-05, 1.3343865327814533e-05, 1.4866397509665156e-05, 1.5083781894921738e-05]"
775,"[2.6077584876159825e-07, 2.8600450815353043e-07, 2.724595104072393e-07, 3.00924207048186e-07, 3.0796731304691797e-07]","[1.5569927945808538e-05, 1.7181878205221703e-05, 1.615067591115495e-05, 1.822942118456797e-05, 1.8258748636012554e-05]"
776,"[2.398609437698409e-07, 2.6306957448722773e-07, 2.5055340534333035e-07, 2.7672397221346693e-07, 2.832080343581306e-07]","[1.42323381100202e-05, 1.5671932157218242e-05, 1.4803790083726064e-05, 1.6581083674895273e-05, 1.6734848336788857e-05]"
777,"[2.4091302339474235e-07, 2.6260640805722596e-07, 2.53542095877007e-07, 2.7408872597724337e-07, 2.8653033083281814e-07]","[1.4313267921212827e-05, 1.5642318881148873e-05, 1.5024581912726969e-05, 1.638748317879183e-05, 1.698057777288453e-05]"
778,"[2.1881943429809348e-07, 2.399841307767617e-07, 2.2871368665150991e-07, 2.528410849353314e-07, 2.5851511109868126e-07]","[1.432624293546487e-05, 1.5794034767157403e-05, 1.4885488090397186e-05, 1.674537143620375e-05, 1.682756057092385e-05]"
779,"[2.4265067773814727e-07, 2.6540330380246985e-07, 2.5435327439279614e-07, 2.782830286401739e-07, 2.874702987469376e-07]","[1.322191521467293e-05, 1.4559413781368799e-05, 1.3758053081015506e-05, 1.5412469502081006e-05, 1.555251082731639e-05]"
780,"[2.367050327337078e-07, 2.5916209003598737e-07, 2.479062904201001e-07, 2.72033531587599e-07, 2.8019427331000036e-07]","[1.5191159629463059e-05, 1.6697942850506785e-05, 1.58347986601607e-05, 1.7626542933594778e-05, 1.7899410525305908e-05]"
781,"[2.1976379536529554e-07, 2.403737029424985e-07, 2.3037925637390764e-07, 2.521188857473542e-07, 2.603806261401676e-07]","[1.348441688394787e-05, 1.47288529381615e-05, 1.4169485927545332e-05, 1.543054465386896e-05, 1.601355338484947e-05]"
782,"[2.3426198711890293e-07, 2.5597585252906115e-07, 2.460661900233138e-07, 2.68428714762234e-07, 2.780947970834235e-07]","[1.4387937029794997e-05, 1.580579634050576e-05, 1.501151116382853e-05, 1.667705905006812e-05, 1.696824007854186e-05]"
783,"[2.2782934396088124e-07, 2.483292705093299e-07, 2.398970467607267e-07, 2.5924860408672994e-07, 2.711061357509567e-07]","[1.4026807841498483e-05, 1.5394962624054302e-05, 1.465221528701286e-05, 1.622475697535552e-05, 1.656170728503518e-05]"
784,"[2.0575613030930676e-07, 2.2544222605049856e-07, 2.1545622192707648e-07, 2.369681559692921e-07, 2.4351561956339114e-07]","[1.3814969090688347e-05, 1.5141622759025288e-05, 1.444956715506998e-05, 1.592136728274729e-05, 1.6332034721060285e-05]"
785,"[2.4476211397695453e-07, 2.6668535767177035e-07, 2.5769860712960913e-07, 2.7811711339163946e-07, 2.912236682659157e-07]","[1.406444357601348e-05, 1.545131685397512e-05, 1.4672253723969228e-05, 1.6302465234591358e-05, 1.6584838797793145e-05]"
786,"[2.132536760345166e-07, 2.338173594414297e-07, 2.2304393289240815e-07, 2.4596846485533923e-07, 2.5210284791667816e-07]","[1.4602458880929454e-05, 1.6053420671290503e-05, 1.5211779188346132e-05, 1.6940999508687734e-05, 1.7195568217836638e-05]"
787,"[2.5159869791423356e-07, 2.7468457142763335e-07, 2.6437111562347835e-07, 2.873519651234566e-07, 2.987802791009825e-07]","[1.468053340856948e-05, 1.617042050015765e-05, 1.5272516445573425e-05, 1.7128258330516144e-05, 1.7264564897076286e-05]"
788,"[2.2787973925287875e-07, 2.4981763056955266e-07, 2.3835393042063558e-07, 2.6305382669697653e-07, 2.694028877748492e-07]","[1.4273935003383862e-05, 1.5631302775419987e-05, 1.4948718552096462e-05, 1.6423593071490808e-05, 1.6895648972726456e-05]"
789,"[2.223623368645967e-07, 2.422922191013204e-07, 2.3432651146318136e-07, 2.5288642240799886e-07, 2.6480432913853237e-07]","[1.3005165735639112e-05, 1.4262695119408692e-05, 1.3598048812564895e-05, 1.501610340319525e-05, 1.5369693574116164e-05]"
790,"[2.274787095717909e-07, 2.484604183126385e-07, 2.389639107321725e-07, 2.6032402324282156e-07, 2.700666616078583e-07]","[1.4283418486930698e-05, 1.5676765632996114e-05, 1.4915291326443824e-05, 1.6514847312644877e-05, 1.6859242836479e-05]"
791,"[2.4739973210621384e-07, 2.7125433958223204e-07, 2.586484527407824e-07, 2.8567706542491566e-07, 2.92351014826992e-07]","[1.5830299571879817e-05, 1.7372586978544867e-05, 1.6526936319260346e-05, 1.8291465546827747e-05, 1.8681133132911917e-05]"
792,"[2.2796787980608672e-07, 2.4913666693375646e-07, 2.394340511695008e-07, 2.611618010263259e-07, 2.7059967042121257e-07]","[1.37802703222494e-05, 1.5137788448987139e-05, 1.4380096622939951e-05, 1.597302781358601e-05, 1.6254498662211835e-05]"
793,"[2.1733572879979514e-07, 2.3731433909743988e-07, 2.2837227024748132e-07, 2.4834455853363073e-07, 2.5809558539332286e-07]","[1.3302846082608748e-05, 1.4637139739824295e-05, 1.3850614560633226e-05, 1.547353904875794e-05, 1.5656963152520034e-05]"
794,"[2.3578924192931298e-07, 2.5634958886604754e-07, 2.4907115883446167e-07, 2.667413323184722e-07, 2.8144700281026595e-07]","[1.4303614006280383e-05, 1.5703993066369014e-05, 1.4934143581630185e-05, 1.6557833958928564e-05, 1.6880534940895286e-05]"
795,"[2.2170383543944056e-07, 2.429644283320068e-07, 2.3199043030827214e-07, 2.556636727378841e-07, 2.6221166334187305e-07]","[1.4265221418894461e-05, 1.5676594614431424e-05, 1.4872910202297096e-05, 1.654200061298587e-05, 1.6811937478053075e-05]"
796,"[2.2383253434895742e-07, 2.4475942399896583e-07, 2.3473941948532887e-07, 2.5643736283374787e-07, 2.653011942043368e-07]","[1.318267691582191e-05, 1.4461771011999565e-05, 1.3776083597580377e-05, 1.5227723324152581e-05, 1.5571236490647148e-05]"
797,"[2.3757772587591518e-07, 2.5967854204142977e-07, 2.492735788078796e-07, 2.720677558585839e-07, 2.817283306551909e-07]","[1.3892126131892073e-05, 1.5185339961040397e-05, 1.4585405567256487e-05, 1.592413367823452e-05, 1.6483970030157735e-05]"
798,"[2.3789993320588004e-07, 2.58975078289563e-07, 2.5083884371122643e-07, 2.699456240256868e-07, 2.8346403288067327e-07]","[1.318022928863774e-05, 1.4422333676332098e-05, 1.3818782238945316e-05, 1.5140604907992438e-05, 1.5618216902971033e-05]"
799,"[2.5542387845870945e-07, 2.8113292163971595e-07, 2.6576577102539785e-07, 2.971595691268885e-07, 3.004301192320638e-07]","[1.4777925059023378e-05, 1.6240606321725897e-05, 1.5408032840751462e-05, 1.714132392284863e-05, 1.7416919250412502e-05]"
800,"[2.3811126901318042e-07, 2.5992584010652273e-07, 2.5020264261814866e-07, 2.7174483202218806e-07, 2.82766896177933e-07]","[1.370109186015982e-05, 1.5053196369936596e-05, 1.4291350400930027e-05, 1.588272656132603e-05, 1.6154389811090943e-05]"
801,"[2.2499983090085057e-07, 2.4550368949529437e-07, 2.3657643905750598e-07, 2.565924884833552e-07, 2.6736206719478996e-07]","[1.4905242346054139e-05, 1.6420358347068994e-05, 1.549200468455257e-05, 1.7381820605810132e-05, 1.751326119205964e-05]"
802,"[2.3744375742559873e-07, 2.6007708946534366e-07, 2.4856150172824165e-07, 2.7325863181472876e-07, 2.809382208584252e-07]","[1.4479975672760745e-05, 1.5921609756838207e-05, 1.508952235134464e-05, 1.6818251391641015e-05, 1.705702714248061e-05]"
803,"[2.407802701899648e-07, 2.6290186211703675e-07, 2.5307813750056307e-07, 2.7512665871216153e-07, 2.860097562789385e-07]","[1.4114293269783355e-05, 1.5499099166816887e-05, 1.473685345591238e-05, 1.634726468830658e-05, 1.6657335966505792e-05]"
804,"[2.3389371596993514e-07, 2.554452006856696e-07, 2.457586432868291e-07, 2.672266704047458e-07, 2.777412847172687e-07]","[1.4094730458337369e-05, 1.5470906730918185e-05, 1.4713079840321486e-05, 1.6295529216820664e-05, 1.663082946113475e-05]"
805,"[2.1529230572674422e-07, 2.3571312359166377e-07, 2.2567791732372494e-07, 2.4759762137439366e-07, 2.5506103428976023e-07]","[1.3008252522803193e-05, 1.4291268701683893e-05, 1.3574859888500091e-05, 1.508546793140368e-05, 1.5344277040401295e-05]"
806,"[2.680175281286647e-07, 2.9259365279170514e-07, 2.817583230454122e-07, 3.059680594668414e-07, 3.184237210408427e-07]","[1.492320215735531e-05, 1.636763977274975e-05, 1.5597211255664434e-05, 1.7228322978319997e-05, 1.7629566921653882e-05]"
807,"[2.2049107481319617e-07, 2.4014345130176915e-07, 2.3239491949928895e-07, 2.506513816027902e-07, 2.626209617546425e-07]","[1.3924297635621555e-05, 1.5219232856220326e-05, 1.4610453363088903e-05, 1.5940948775233972e-05, 1.6512658882217192e-05]"
808,"[2.546546493322698e-07, 2.7902526801997374e-07, 2.664419521813561e-07, 2.9311343041134404e-07, 3.011552032900414e-07]","[1.2311798232398774e-05, 1.3471181390997338e-05, 1.291299719805375e-05, 1.4146203674765736e-05, 1.4594231573234265e-05]"
809,"[2.6396550910512713e-07, 2.8834034147778753e-07, 2.772242896563037e-07, 3.0200982952363725e-07, 3.1331101984075525e-07]","[1.5586415361907937e-05, 1.7209841183196345e-05, 1.6160488763923205e-05, 1.8279029287168606e-05, 1.8270038284727808e-05]"
810,"[2.574324301804635e-07, 2.8107643137447173e-07, 2.706369509010555e-07, 2.9427979886546155e-07, 3.0585404467691396e-07]","[1.3318500252319063e-05, 1.4622534232589583e-05, 1.3915242627431355e-05, 1.5428092006270053e-05, 1.572840039056967e-05]"
811,"[2.5225003150472285e-07, 2.742611917435011e-07, 2.6635623068609965e-07, 2.8519936998065893e-07, 3.009852082318221e-07]","[1.3774209195985659e-05, 1.5078602209518894e-05, 1.4431198026594439e-05, 1.5833478589346107e-05, 1.6310562785703824e-05]"
812,"[2.357382315878732e-07, 2.5681674293010293e-07, 2.484745527327356e-07, 2.678192363044537e-07, 2.8078764165245734e-07]","[1.361011950338884e-05, 1.4978363282728296e-05, 1.4173529085255243e-05, 1.5847408284581293e-05, 1.602179024052903e-05]"
813,"[2.6662989084915706e-07, 2.9141087680331063e-07, 2.7970068079073647e-07, 3.051240983246413e-07, 3.1611938676568454e-07]","[1.4144398447795774e-05, 1.5569844895366468e-05, 1.472305089693594e-05, 1.6474239781523e-05, 1.664324962062503e-05]"
814,"[2.3084099354244273e-07, 2.5097578352419427e-07, 2.4361724158460145e-07, 2.609249421136675e-07, 2.752958153414551e-07]","[1.2544208708015487e-05, 1.3771813537974828e-05, 1.309566781733276e-05, 1.4514345763652314e-05, 1.4802512255910531e-05]"
815,"[2.499117344379214e-07, 2.738352814222634e-07, 2.6156302793170156e-07, 2.877094726462182e-07, 2.95633883532116e-07]","[1.4294926112510111e-05, 1.5771404089136788e-05, 1.4835360423264853e-05, 1.6731817075796433e-05, 1.6771552281566446e-05]"
816,"[2.598296364334122e-07, 2.8398646437887257e-07, 2.7258568214482033e-07, 2.9746779609737605e-07, 3.080780184120959e-07]","[1.4695481624816806e-05, 1.6068694320368113e-05, 1.5417600226159037e-05, 1.6846878561432373e-05, 1.7424932435935383e-05]"
817,"[3.0556675862428826e-07, 3.368662694387554e-07, 3.1726999185438017e-07, 3.568665371032441e-07, 3.586758118409806e-07]","[1.5987495097726198e-05, 1.7616922657173437e-05, 1.66165776054709e-05, 1.865989544127629e-05, 1.8784483960766324e-05]"
818,"[4.810541615111558e-07, 5.353907370100252e-07, 4.949272150649429e-07, 5.76652895976849e-07, 5.596270967128773e-07]","[1.6545702307161423e-05, 1.8464746421363094e-05, 1.7000995732747296e-05, 1.9962890225569608e-05, 1.9223731786799487e-05]"
819,"[2.6962254751075206e-07, 2.956064478459993e-07, 2.822422067601761e-07, 3.1140407959514337e-07, 3.1900550140999273e-07]","[1.5815807534449927e-05, 1.743962056000092e-05, 1.6426385422938006e-05, 1.8492214442830987e-05, 1.8569724947099575e-05]"
820,"[2.531995431523839e-07, 2.783590190499225e-07, 2.644460097415981e-07, 2.9427240653842697e-07, 2.989057584253769e-07]","[1.3637605359643217e-05, 1.5155381168329059e-05, 1.4044907945080927e-05, 1.6251627162552727e-05, 1.5880815937896746e-05]"
821,"[2.913089046213398e-07, 3.2235076557425196e-07, 3.015365118615114e-07, 3.4349766942502704e-07, 3.4090786558130244e-07]","[1.577445599548653e-05, 1.7511519712022667e-05, 1.6267661271200773e-05, 1.8750411367041693e-05, 1.83934541584867e-05]"
822,"[2.494975264769858e-07, 2.7643102229581053e-07, 2.5776050501351757e-07, 2.949987205256189e-07, 2.9143184187612844e-07]","[1.5301197726397685e-05, 1.694037877934981e-05, 1.5835856029557874e-05, 1.8085057176271768e-05, 1.7903506197057965e-05]"
823,"[2.410716212813975e-07, 2.6429316859381827e-07, 2.521666224290902e-07, 2.7811382791132154e-07, 2.850170953648163e-07]","[1.5366759802787396e-05, 1.6856214531169846e-05, 1.6071681458720656e-05, 1.7762191782175973e-05, 1.816532264085671e-05]"
824,"[1.784095061716006e-07, 1.9468385527667656e-07, 1.8772448455941288e-07, 2.036188576404596e-07, 2.1214668870526283e-07]","[1.3079774247620846e-05, 1.4288160074256396e-05, 1.3750231511149571e-05, 1.4977736209565005e-05, 1.5539470474734795e-05]"
825,"[1.8008100362592108e-07, 1.9591945029725784e-07, 1.901383844537456e-07, 2.0415523740198016e-07, 2.148572842116805e-07]","[1.256208416837106e-05, 1.363272428520056e-05, 1.3301232751864631e-05, 1.4155432470881385e-05, 1.5029432485373062e-05]"
826,"[1.6574760032867913e-07, 1.805103017717568e-07, 1.7488724656125315e-07, 1.8866140157119124e-07, 1.9762706312258035e-07]","[1.2668584427162809e-05, 1.3757275727983372e-05, 1.3412828510195025e-05, 1.4312515592436668e-05, 1.5155484108509483e-05]"
827,"[1.5081588469723845e-07, 1.6388219093865924e-07, 1.5967073202178768e-07, 1.706518097704383e-07, 1.8041327502246782e-07]","[1.0184376349422161e-05, 1.1011632606225496e-05, 1.0845707632297142e-05, 1.1394115929960072e-05, 1.2252891532710628e-05]"
828,"[1.620903516013599e-07, 1.7644348972796046e-07, 1.7118677573996596e-07, 1.841340606985879e-07, 1.9343749643236787e-07]","[1.0525857374496025e-05, 1.1418297610199063e-05, 1.1162747043549782e-05, 1.1864920567332145e-05, 1.2612349053436465e-05]"
829,"[1.5285851429000088e-07, 1.6524338946250495e-07, 1.6255232676677353e-07, 1.7078614298927145e-07, 1.83653221546288e-07]","[1.0265258791960588e-05, 1.1097735526105512e-05, 1.0911753860045593e-05, 1.1453273203549956e-05, 1.232834242596763e-05]"
830,"[1.5044815907437759e-07, 1.6272186046183708e-07, 1.6004889673048468e-07, 1.6843165827948465e-07, 1.8081961000659316e-07]","[1.1063179538596916e-05, 1.1956642231057081e-05, 1.1782499552856758e-05, 1.2360618906816013e-05, 1.3311233872310117e-05]"
831,"[2.790215680469184e-07, 3.0434742488968584e-07, 2.93814673052213e-07, 3.1823498260218693e-07, 3.320349487975648e-07]","[1.3921197496367492e-05, 1.5179307052498993e-05, 1.468535326335869e-05, 1.5895170616612062e-05, 1.6594482567893452e-05]"
832,"[3.454972390675493e-07, 3.802709595831538e-07, 3.6026026209332643e-07, 4.0268978657974633e-07, 4.0721334463776807e-07]","[1.3547256456237505e-05, 1.5029980641973325e-05, 1.4046186352994807e-05, 1.6154431270603866e-05, 1.5878392100597622e-05]"
833,"[1.6582566561249275e-07, 1.7896376541478955e-07, 1.7695467550523384e-07, 1.8449061103168364e-07, 1.99896904643996e-07]","[1.1009277926215915e-05, 1.1962926758342065e-05, 1.1646795742542964e-05, 1.2451226290329551e-05, 1.316016460679426e-05]"
834,"[1.9272930912908127e-07, 2.0457196675085865e-07, 2.0928474490128044e-07, 2.059023684937029e-07, 2.3632653938060136e-07]","[1.2639720293233541e-05, 1.3634733842229227e-05, 1.3475881602224663e-05, 1.4038254732494231e-05, 1.5224088147128858e-05]"
835,"[1.4451041281353258e-07, 1.5781242125081175e-07, 1.5209037678736913e-07, 1.6545304287889675e-07, 1.7187276719404812e-07]","[9.660322202293104e-06, 1.0528661371451328e-05, 1.0188041714290303e-05, 1.1010170643669706e-05, 1.1512698837108915e-05]"
836,"[1.673058135610971e-07, 1.8140469099947782e-07, 1.7739285205109866e-07, 1.8825012990541753e-07, 2.004309351019494e-07]","[1.0451025729533677e-05, 1.133922319800508e-05, 1.1081133096608853e-05, 1.1787265327715449e-05, 1.2520155652574204e-05]"
837,"[1.620787410311413e-07, 1.7661838178910156e-07, 1.7079451604543274e-07, 1.8451374895417837e-07, 1.9300800463626814e-07]","[1.1461391989766082e-05, 1.2437675655671333e-05, 1.2141392604012227e-05, 1.2918635211324552e-05, 1.3718599135893424e-05]"
838,"[2.490977900913032e-07, 2.6905831849130975e-07, 2.664496297092138e-07, 2.7875176905454986e-07, 3.009745152190199e-07]","[1.1676780901400502e-05, 1.2514579512798721e-05, 1.256898029162588e-05, 1.2806677786730282e-05, 1.4195799049798552e-05]"
839,"[1.8830097093615872e-07, 2.0066946061675477e-07, 2.044077212989998e-07, 2.0378076637538014e-07, 2.3081751444280369e-07]","[1.0220644526382313e-05, 1.1080332696605668e-05, 1.085218233604015e-05, 1.1510292008279839e-05, 1.2260938777624671e-05]"
840,"[1.4924396934441686e-07, 1.6246929323036718e-07, 1.5756060849672034e-07, 1.6949771960315815e-07, 1.780420902047715e-07]","[9.744252703275755e-06, 1.056981781211293e-05, 1.0337884471858812e-05, 1.0986752825735335e-05, 1.1680166714869884e-05]"
841,"[1.4273511710195861e-07, 1.5588800975953056e-07, 1.5028329104712544e-07, 1.63684986898789e-07, 1.6983057418801752e-07]","[1.0146845408002991e-05, 1.0995219047377065e-05, 1.0778958120282771e-05, 1.1415669868455544e-05, 1.2178197669381932e-05]"
842,"[1.480346737701935e-07, 1.6111395754092903e-07, 1.5636016552501534e-07, 1.6809916000530814e-07, 1.7668099659210335e-07]","[1.063376477728382e-05, 1.152316056020055e-05, 1.1283535527154824e-05, 1.194565777262141e-05, 1.274877760168432e-05]"
843,"[1.8910167526902982e-07, 2.0536385535677365e-07, 2.000194539194596e-07, 2.134909447062342e-07, 2.2601134324477042e-07]","[1.0829329139419488e-05, 1.1758605792511815e-05, 1.1461950844467843e-05, 1.221999253405701e-05, 1.2951103973641325e-05]"
844,"[2.3780018627620216e-07, 2.5842865515751913e-07, 2.514897841463049e-07, 2.6933661027162545e-07, 2.841714254073761e-07]","[1.2195756963502413e-05, 1.3301862877729313e-05, 1.284996673845897e-05, 1.3922338522783312e-05, 1.452104147060975e-05]"
845,"[1.544766264915905e-07, 1.681561894156088e-07, 1.6314898781597713e-07, 1.7541001333254752e-07, 1.8435552643820902e-07]","[1.0587146986958794e-05, 1.1494439120062326e-05, 1.1210199306587816e-05, 1.1949742537447133e-05, 1.2666544644540517e-05]"
846,"[1.501674527947591e-07, 1.629971782319283e-07, 1.590280101621394e-07, 1.6934107308319566e-07, 1.7968958718662346e-07]","[1.0604666977208224e-05, 1.1471633363879922e-05, 1.1272694047935314e-05, 1.1862524773596212e-05, 1.2736085282880734e-05]"
847,"[1.4848384284099027e-07, 1.6114507293711334e-07, 1.5747869521160623e-07, 1.675063278225359e-07, 1.7792875206443322e-07]","[1.0221913710242668e-05, 1.1053988975998005e-05, 1.0873280411143247e-05, 1.1427873029221922e-05, 1.2284429801152413e-05]"
848,"[1.585407482555704e-07, 1.7385389628976776e-07, 1.6584576197077183e-07, 1.8312720184241713e-07, 1.8745132958133605e-07]","[1.1391605785013359e-05, 1.2519213928123099e-05, 1.1883910537640679e-05, 1.3221208629424838e-05, 1.3433021677028408e-05]"
849,"[1.8169495165679223e-07, 1.97826397967965e-07, 1.917644605318232e-07, 2.061787234383192e-07, 2.1669490300947355e-07]","[9.877471259540506e-06, 1.0740980041414407e-05, 1.044424713536205e-05, 1.1196868270988563e-05, 1.1801437007376315e-05]"
850,"[1.5487080005670216e-07, 1.6905295876311242e-07, 1.62884205989305e-07, 1.7689339242557562e-07, 1.8407480545094657e-07]","[1.0836087269606752e-05, 1.1773651801187251e-05, 1.1455055318476316e-05, 1.2240509433815136e-05, 1.294391956050431e-05]"
851,"[1.40120298924759e-07, 1.5239930141716197e-07, 1.481705867352163e-07, 1.5892258967581314e-07, 1.6742498658283094e-07]","[1.0092863775251655e-05, 1.0858900041112591e-05, 1.079566397334919e-05, 1.114345517016063e-05, 1.2195149741171588e-05]"
852,"[1.3042191153068236e-07, 1.4279444120953384e-07, 1.3703875496001036e-07, 1.503043177769785e-07, 1.5486930584454802e-07]","[9.137342366154787e-06, 9.956477746708887e-06, 9.640864720222069e-06, 1.0412266259749574e-05, 1.0894222682978793e-05]"
853,"[1.603724450140482e-07, 1.747972526277559e-07, 1.689488861675141e-07, 1.825694310106086e-07, 1.909232853372149e-07]","[1.0911437484246703e-05, 1.1879678576187419e-05, 1.1512492731604076e-05, 1.239120594017993e-05, 1.3009366740717864e-05]"
854,"[3.0777618368825296e-07, 3.396632114617876e-07, 3.204971988512325e-07, 3.613558113890891e-07, 3.6227644208784663e-07]","[1.053562859910651e-05, 1.1593062551125731e-05, 1.1009859460386533e-05, 1.2305986369094008e-05, 1.2443881595943292e-05]"
855,"[1.6651919050436462e-07, 1.814235493135699e-07, 1.7543077707336853e-07, 1.893532523933715e-07, 1.9824920140272643e-07]","[1.2004371819796578e-05, 1.3102496090161984e-05, 1.2622573670853006e-05, 1.3704394910181673e-05, 1.426512891938633e-05]"
856,"[1.734718735573466e-07, 1.892000875782979e-07, 1.826928334832294e-07, 1.9801653071866916e-07, 2.064523228646131e-07]","[1.1417630563005901e-05, 1.2409774850661516e-05, 1.2071142927978899e-05, 1.2915611841471257e-05, 1.3639980578579462e-05]"
857,"[1.8964417288702155e-07, 2.0692736933382429e-07, 1.9955579573204083e-07, 2.1662145836320965e-07, 2.2551653657949238e-07]","[1.397251811803531e-05, 1.5257980428151345e-05, 1.4683539922067679e-05, 1.5966589956064835e-05, 1.6594469237599545e-05]"
858,"[1.8542688047226399e-07, 2.0225298733376273e-07, 1.9511955609464293e-07, 2.11380349697286e-07, 2.2050419534069004e-07]","[1.2668907806080945e-05, 1.3832330322783507e-05, 1.3313212838833737e-05, 1.4471371465095302e-05, 1.5045843322240483e-05]"
859,"[1.5600558389310084e-07, 1.6931537330097138e-07, 1.6531129752844208e-07, 1.7614032315616902e-07, 1.8678306670016174e-07]","[1.0747655914967216e-05, 1.164350846194823e-05, 1.1420073441108635e-05, 1.2083447358716478e-05, 1.2902403284029123e-05]"
860,"[1.7149051571902337e-07, 1.8618697833210465e-07, 1.8148143977414943e-07, 1.9344862588827227e-07, 2.0506242565089235e-07]","[1.1633130769718747e-05, 1.2607461615133013e-05, 1.2341491206463679e-05, 1.3071669398876913e-05, 1.3944124899645265e-05]"
861,"[1.7048239579049732e-07, 1.862549764480428e-07, 1.7927034316318428e-07, 1.9514329883943322e-07, 2.0259535311458437e-07]","[1.0928038231772499e-05, 1.1894633165516838e-05, 1.1539627763811353e-05, 1.2411164431161336e-05, 1.3039648911846054e-05]"
862,"[1.5739753855263106e-07, 1.705738979919155e-07, 1.669800857248399e-07, 1.7690523399517772e-07, 1.8866375394995897e-07]","[1.0281603905673787e-05, 1.1149127772850054e-05, 1.0903339801320655e-05, 1.1573504034494303e-05, 1.2319328677948687e-05]"
863,"[1.5926522104083482e-07, 1.736293079613504e-07, 1.6802393175545353e-07, 1.8162578272290682e-07, 1.8986712457928437e-07]","[1.062818346194336e-05, 1.1541093341891586e-05, 1.1255113171825989e-05, 1.2004999197258795e-05, 1.2717314449937674e-05]"
864,"[1.6591569154420435e-07, 1.8215710962007005e-07, 1.7363683754939335e-07, 1.9249777902524725e-07, 1.9624954953580925e-07]","[1.1101290037451242e-05, 1.2159696732827643e-05, 1.1634207236704332e-05, 1.2795100131831485e-05, 1.3148972025809269e-05]"
865,"[1.5863199245986195e-07, 1.7201065154024986e-07, 1.681485202389276e-07, 1.7835760010315534e-07, 1.8998917686058995e-07]","[9.741304569372737e-06, 1.0585423173369845e-05, 1.0301311971958512e-05, 1.101472606272573e-05, 1.1640141240635009e-05]"
866,"[1.5649697995288123e-07, 1.7000222762360637e-07, 1.6560581469117848e-07, 1.7686385106441464e-07, 1.871223697206588e-07]","[1.0283793648408802e-05, 1.120610828150591e-05, 1.0838818385301896e-05, 1.1701748008314353e-05, 1.2248401525589259e-05]"
867,"[1.5667005983304217e-07, 1.7035203962296568e-07, 1.654990467256711e-07, 1.7736705587623757e-07, 1.8701275536539296e-07]","[1.0211825988030732e-05, 1.1126930349048429e-05, 1.0765525725012975e-05, 1.162121505867757e-05, 1.2165511074796584e-05]"
868,"[1.423348054220918e-07, 1.5525337366275862e-07, 1.4988222747910997e-07, 1.624414605761973e-07, 1.6937603647383565e-07]","[1.0160425648811258e-05, 1.1040442581200871e-05, 1.0744129240441124e-05, 1.1485850647213473e-05, 1.2140384101782475e-05]"
869,"[1.481020868102167e-07, 1.612503463698598e-07, 1.5641706372615087e-07, 1.6838813382330752e-07, 1.7674712626113266e-07]","[1.0898674033082512e-05, 1.1863305056726944e-05, 1.1513100093801735e-05, 1.2384234844961122e-05, 1.3009455098747984e-05]"
870,"[1.5674229294914315e-07, 1.702696293926933e-07, 1.6587598879396494e-07, 1.7713097558285726e-07, 1.8742798132753024e-07]","[1.181150885296811e-05, 1.2817626656636372e-05, 1.250947415164607e-05, 1.330937387750719e-05, 1.4134607269830466e-05]"
871,"[1.6024054968614213e-07, 1.7412768039451058e-07, 1.6942567764542737e-07, 1.8131828568741532e-07, 1.9144321506877803e-07]","[1.0383755475688815e-05, 1.1247733438424366e-05, 1.1017095160699809e-05, 1.1646378103132732e-05, 1.2447853728949375e-05]"
872,"[1.5492603638296363e-07, 1.68666586828719e-07, 1.635919101019651e-07, 1.7598089052952775e-07, 1.8485573713911904e-07]","[1.0313826564138213e-05, 1.1223664924620644e-05, 1.0908135797817205e-05, 1.1726835488146124e-05, 1.2325299797560776e-05]"
873,"[1.6313096160679495e-07, 1.783471686266882e-07, 1.7149948686292435e-07, 1.8711518460646069e-07, 1.9381160194738933e-07]","[1.1586909845446748e-05, 1.2633968307173041e-05, 1.2200763297572938e-05, 1.3201526784121157e-05, 1.3787924757731856e-05]"
874,"[1.375005117228644e-07, 1.4956443891601023e-07, 1.452125185356463e-07, 1.5579833335862638e-07, 1.6409036025707714e-07]","[9.557987614224632e-06, 1.0407097555151129e-05, 1.008121569065914e-05, 1.0854272758552391e-05, 1.139204913126902e-05]"
875,"[1.4677732287211886e-07, 1.5860585179762027e-07, 1.5630838257384617e-07, 1.6409808467661823e-07, 1.76586125242132e-07]","[1.0637266479485291e-05, 1.147073979090141e-05, 1.1350237719781774e-05, 1.1811460512925676e-05, 1.2822344090759954e-05]"
876,"[1.6929322492074543e-07, 1.840465353172102e-07, 1.7895342021485686e-07, 1.9182374261566566e-07, 2.0221172271593224e-07]","[1.1146771020702006e-05, 1.212857417437907e-05, 1.1773410211027837e-05, 1.2649583945364977e-05, 1.3303795731218597e-05]"
877,"[1.4345651301465427e-07, 1.562976984254032e-07, 1.5144050173011638e-07, 1.634415194352888e-07, 1.711259545852591e-07]","[1.0536692495090537e-05, 1.1461744198441469e-05, 1.1136019474530827e-05, 1.1951510671417237e-05, 1.2583235271845576e-05]"
878,"[1.6996250141279017e-07, 1.8488265828361589e-07, 1.794969174602549e-07, 1.9255679560581829e-07, 2.0283043921953585e-07]","[1.1200818671709715e-05, 1.2163660270340242e-05, 1.1859249552400401e-05, 1.2652366094295863e-05, 1.3399948263683362e-05]"
879,"[1.6053824469607298e-07, 1.740028422441601e-07, 1.705082861794994e-07, 1.8058165240812173e-07, 1.926417520550117e-07]","[1.1107873080189746e-05, 1.2014362980288856e-05, 1.1813227628950689e-05, 1.2425524459786257e-05, 1.334646932299914e-05]"
880,"[1.7862036354043035e-07, 1.9882732022004553e-07, 1.8394065119736476e-07, 2.1382199790906536e-07, 2.0796921006931739e-07]","[1.04686433452265e-05, 1.1361195366190887e-05, 1.1103755381339233e-05, 1.1816122215351873e-05, 1.2545546360950412e-05]"
881,"[1.3331372703909866e-07, 1.4610977473931426e-07, 1.3975827043970084e-07, 1.5394732757111696e-07, 1.5795082380972957e-07]","[8.843117414332026e-06, 9.604047538869706e-06, 9.36365163151565e-06, 9.99265284535703e-06, 1.0580111190453995e-05]"
882,"[1.344006065077214e-07, 1.463120919230517e-07, 1.4198708623615367e-07, 1.527461351917554e-07, 1.6044095657193864e-07]","[9.545602277449541e-06, 1.0286056542496477e-05, 1.0197631551684114e-05, 1.0584897835098354e-05, 1.1519910220484338e-05]"
883,"[1.5743137501027037e-07, 1.7140279034348782e-07, 1.6624521207847577e-07, 1.7893027235209657e-07, 1.8785811948142539e-07]","[1.180988555705438e-05, 1.2802650880919466e-05, 1.2516147611130349e-05, 1.326673568640761e-05, 1.4141967331645751e-05]"
884,"[1.7213911070772579e-07, 1.86927313329982e-07, 1.820490752791824e-07, 1.9417405401448324e-07, 2.0570651800798297e-07]","[1.1392446949787004e-05, 1.2303082570271738e-05, 1.2131630769934754e-05, 1.2687243531012282e-05, 1.3705850903847632e-05]"
885,"[1.4849393810890657e-07, 1.6153598833957004e-07, 1.570205910678591e-07, 1.68539635548531e-07, 1.774238398849192e-07]","[1.0536057843754331e-05, 1.1439098545307294e-05, 1.1160252305924493e-05, 1.1896693020098255e-05, 1.26099456607642e-05]"
886,"[1.5236844205757984e-07, 1.6553975420950205e-07, 1.6122776940015165e-07, 1.722122983730124e-07, 1.8217708630993862e-07]","[1.0647441704257639e-05, 1.1580151883710018e-05, 1.1251377699931401e-05, 1.2068200555334732e-05, 1.2713885063447007e-05]"
887,"[1.646491888774691e-07, 1.7955020631088086e-07, 1.735560817668731e-07, 1.8777546218953088e-07, 1.9612483778013935e-07]","[1.1139530469414815e-05, 1.2064493411493614e-05, 1.1830879248075782e-05, 1.2501634430990115e-05, 1.3366858937094519e-05]"
888,"[1.7647633144951168e-07, 1.9159371580804364e-07, 1.867122814977939e-07, 1.9899002725474971e-07, 2.109760740620064e-07]","[1.1026029419645306e-05, 1.2002686968765696e-05, 1.163365486566757e-05, 1.2516100084527842e-05, 1.3146346475516545e-05]"
889,"[1.5895251316339124e-07, 1.7215887022803784e-07, 1.6883089562993843e-07, 1.7833089021690458e-07, 1.907467151109169e-07]","[1.0665261984190683e-05, 1.1502055060208147e-05, 1.138483548533949e-05, 1.1853973328962052e-05, 1.286121649952914e-05]"
890,"[1.843485528951866e-07, 1.9974763555881969e-07, 1.9547009480930879e-07, 2.0680652392375253e-07, 2.2085959514329994e-07]","[1.0862207690213125e-05, 1.1690913192631842e-05, 1.1611319594673842e-05, 1.1999199355505888e-05, 1.3116778642656212e-05]"
891,"[1.7810435842625596e-07, 1.9285522230536377e-07, 1.889510561204817e-07, 1.9946961661535502e-07, 2.1348929627698827e-07]","[1.047173074403157e-05, 1.1360296832746921e-05, 1.1092671051913174e-05, 1.1789318251926328e-05, 1.2533800502964527e-05]"
892,"[1.4031099772277267e-07, 1.5234983607635359e-07, 1.4860609740684174e-07, 1.5837775885035976e-07, 1.679098186021048e-07]","[9.942089878018074e-06, 1.0811648599968149e-05, 1.0510223699029125e-05, 1.1267149473567058e-05, 1.1876070091686898e-05]"
893,"[1.477074912300361e-07, 1.6112970164957926e-07, 1.5572728015143113e-07, 1.6857500359507063e-07, 1.7597681506812107e-07]","[1.0388175008567116e-05, 1.1264251905936327e-05, 1.1015003787837804e-05, 1.1688559978186892e-05, 1.2445613067494577e-05]"
894,"[1.4829802002836688e-07, 1.6106447848052833e-07, 1.569645366317686e-07, 1.6742711535288867e-07, 1.7735524427116516e-07]","[1.0517342980378485e-05, 1.142545434865037e-05, 1.1124521672079001e-05, 1.1880622708701614e-05, 1.257010327160475e-05]"
895,"[1.619182687678616e-07, 1.7585554534928507e-07, 1.7131505089283897e-07, 1.8291455762088137e-07, 1.9357615064610453e-07]","[1.207524831463641e-05, 1.3126150561387642e-05, 1.2762384880713772e-05, 1.3660457094245661e-05, 1.442114511983917e-05]"
896,"[3.2763893480737623e-07, 3.594711376608181e-07, 3.43767970832711e-07, 3.8044088828287065e-07, 3.885109897549543e-07]","[1.2247299432506086e-05, 1.3540152745209812e-05, 1.273885048764967e-05, 1.447997818221923e-05, 1.4399569213637824e-05]"
897,"[3.1447959849572213e-07, 3.3932705894901124e-07, 3.359845844360532e-07, 3.5038196458944114e-07, 3.79540857808466e-07]","[1.6260587678326284e-05, 1.775564597083873e-05, 1.7113114022186506e-05, 1.863270922857772e-05, 1.9339191363366636e-05]"
898,"[1.4898280396737804e-07, 1.6213569804912757e-07, 1.574677616641205e-07, 1.6917673788113447e-07, 1.7793027694061016e-07]","[1.0281403099648094e-05, 1.1141944119241098e-05, 1.0905690352812349e-05, 1.1546440280888425e-05, 1.2322065055973236e-05]"
899,"[1.684736125915875e-07, 1.8253455474284925e-07, 1.7875219778233613e-07, 1.8907848391530155e-07, 2.0196284424746638e-07]","[1.083524564011032e-05, 1.1757805607955274e-05, 1.1469234242852255e-05, 1.2200234700782834e-05, 1.2959520198297225e-05]"
900,"[1.7707274839532597e-07, 1.9277484345857878e-07, 1.8701047668312054e-07, 2.0117231634166586e-07, 2.1131997604750704e-07]","[1.1565333300903507e-05, 1.2604877079040938e-05, 1.2190716506155356e-05, 1.3169489918908387e-05, 1.3776024662792836e-05]"
901,"[1.6698714715124992e-07, 1.8148099157548268e-07, 1.764445632329695e-07, 1.8874599978032443e-07, 1.993803723358503e-07]","[1.1128326325951066e-05, 1.2103103294952311e-05, 1.1745035355149845e-05, 1.2592549190197966e-05, 1.3272214138531628e-05]"
902,"[1.4942474778306363e-07, 1.621480441928891e-07, 1.584939849812084e-07, 1.688495499764894e-07, 1.790767361638699e-07]","[1.0894303776005306e-05, 1.181780361094268e-05, 1.155868706846411e-05, 1.2285263671734393e-05, 1.3059488421786615e-05]"
903,"[2.053649125151957e-07, 2.2393480506137374e-07, 2.1672666121457128e-07, 2.3430643273565768e-07, 2.4490093003692186e-07]","[1.1049759047440664e-05, 1.2014784806358822e-05, 1.1682130391757688e-05, 1.2519325047853957e-05, 1.3200262325025359e-05]"
904,"[1.8360354813206343e-07, 2.0113417477501117e-07, 1.9244047400997158e-07, 2.1165591480470968e-07, 2.1749406315535311e-07]","[1.070583389942555e-05, 1.1675661359684361e-05, 1.128419106565065e-05, 1.2219266772661437e-05, 1.2751420672142859e-05]"
905,"[1.6244691248454842e-07, 1.779011184020193e-07, 1.702114100000984e-07, 1.8709761176483752e-07, 1.9237501162622185e-07]","[1.1704198510126014e-05, 1.284885984845808e-05, 1.2234237560907959e-05, 1.3561628745024015e-05, 1.3828075005380688e-05]"
906,"[1.7280024953321035e-07, 1.8764163084526854e-07, 1.8286693655539548e-07, 1.9497243511103564e-07, 2.066266742073095e-07]","[1.1064620232436055e-05, 1.1991669759236259e-05, 1.1743024946364154e-05, 1.2441151256420176e-05, 1.326780509546457e-05]"
907,"[1.6861977229083427e-07, 1.8384666168554832e-07, 1.7759281476656903e-07, 1.922664609758976e-07, 2.006916360350347e-07]","[1.1218962877584597e-05, 1.2238105595604413e-05, 1.1807668716243984e-05, 1.2795792610913584e-05, 1.3343816125788558e-05]"
908,"[1.4870224813724377e-07, 1.6130767568991253e-07, 1.5763265334342533e-07, 1.673988696821707e-07, 1.7810627300740498e-07]","[1.048034120749128e-05, 1.1331776538725643e-05, 1.1143691119744507e-05, 1.1706217938169496e-05, 1.2590193723996251e-05]"
909,"[1.597920018403175e-07, 1.7412570038934296e-07, 1.684588788547908e-07, 1.818830932254301e-07, 1.9036649242722336e-07]","[1.1222010273370447e-05, 1.2194812221427741e-05, 1.1870722223877957e-05, 1.2692904986980052e-05, 1.3413212490277234e-05]"
910,"[1.5625275647680576e-07, 1.6969075574879374e-07, 1.65398621864507e-07, 1.7658357904322824e-07, 1.8688893613084484e-07]","[1.1358432858474528e-05, 1.236420652446161e-05, 1.1987597919049295e-05, 1.2897385197262557e-05, 1.3546142486964963e-05]"
911,"[1.470541413349829e-07, 1.599051340946571e-07, 1.5557494881275248e-07, 1.6683416061576243e-07, 1.7578683420307164e-07]","[1.1362979270051953e-05, 1.236832270065751e-05, 1.1998418857495701e-05, 1.2904896750911372e-05, 1.3558158071142638e-05]"
912,"[1.445073617081575e-07, 1.5580267843591791e-07, 1.5426570307258717e-07, 1.6051944862764775e-07, 1.742698132265799e-07]","[1.0212817149674508e-05, 1.1012575579109447e-05, 1.0902806931486138e-05, 1.1344265707475065e-05, 1.2316644103378367e-05]"
913,"[1.6993016271167207e-07, 1.8437311774507825e-07, 1.8001898447012381e-07, 1.914233193644673e-07, 2.0340199082130162e-07]","[1.1096328268095986e-05, 1.206609630441235e-05, 1.172765409598656e-05, 1.2567887645538022e-05, 1.3251784740168686e-05]"
914,"[1.7859398616924737e-07, 1.938434007761826e-07, 1.890549341167771e-07, 2.0128324209960787e-07, 2.1361837912975417e-07]","[1.072940146259751e-05, 1.1636639594000336e-05, 1.1381998895310954e-05, 1.2092702861506908e-05, 1.2859941297532238e-05]"
915,"[1.445309819833154e-07, 1.5539862482183585e-07, 1.5488267041336486e-07, 1.5969377983197637e-07, 1.749512551362018e-07]","[9.930480984327197e-06, 1.0789128299872274e-05, 1.0502493639692679e-05, 1.1219394935981385e-05, 1.1867297620701042e-05]"
916,"[1.4278251019822825e-07, 1.556161394664691e-07, 1.50451296035148e-07, 1.6265236995814343e-07, 1.7001708753238705e-07]","[9.489279649058998e-06, 1.031305438211316e-05, 1.003301125467857e-05, 1.0732325973660047e-05, 1.1336900231459532e-05]"
917,"[1.5378521326167042e-07, 1.6733981988318306e-07, 1.6226491422111754e-07, 1.7434108557958603e-07, 1.8336448239869748e-07]","[1.0017639535414819e-05, 1.0906132722906127e-05, 1.0568390345597621e-05, 1.1374230136819788e-05, 1.1942604056148973e-05]"
918,"[1.5162708452614815e-07, 1.6534961033066766e-07, 1.5970039378050698e-07, 1.7295568380630617e-07, 1.8047297619615737e-07]","[1.0642721286945062e-05, 1.1602731151583085e-05, 1.1216254429592116e-05, 1.21295461465018e-05, 1.2674931810133769e-05]"
919,"[1.580741416937512e-07, 1.7246417569146357e-07, 1.6650153073117192e-07, 1.8054952115734896e-07, 1.8815789507169252e-07]","[1.1753092570839822e-05, 1.2820588999120474e-05, 1.2376019566193224e-05, 1.34125582413707e-05, 1.3985865469182576e-05]"
920,"[1.5965487075104986e-07, 1.7437836048871817e-07, 1.677566953340778e-07, 1.8262936822745196e-07, 1.8958795112708178e-07]","[1.0210470559399015e-05, 1.1086213721206694e-05, 1.080382097394504e-05, 1.1516728727707637e-05, 1.2207720424798747e-05]"
921,"[1.820477019166999e-07, 1.98198311233181e-07, 1.9213081877058715e-07, 2.0684880639369455e-07, 2.1711139870659277e-07]","[1.1929657463032662e-05, 1.2940449174413018e-05, 1.2646160965454565e-05, 1.3446140945917995e-05, 1.4288696306853498e-05]"
922,"[1.686826549150395e-07, 1.8336919442870367e-07, 1.7826083718922002e-07, 1.9089581773867188e-07, 2.0143183146652592e-07]","[1.0906181396924876e-05, 1.1898572757861876e-05, 1.148266058240592e-05, 1.2450381164977898e-05, 1.297630243374605e-05]"
923,"[1.5744111785362502e-07, 1.717048676544443e-07, 1.6597889266808184e-07, 1.795450722887256e-07, 1.8756082910938248e-07]","[1.0407740329187146e-05, 1.136072926023404e-05, 1.0952697664944543e-05, 1.1899474587283005e-05, 1.2377533427183735e-05]"
924,"[1.706108914356654e-07, 1.8557138363068665e-07, 1.802183934706638e-07, 1.9313565153519167e-07, 2.0364422841634203e-07]","[1.1298758844047123e-05, 1.2294555347550603e-05, 1.1922790382261476e-05, 1.2805771332763057e-05, 1.3473027103929442e-05]"
925,"[1.681047084323938e-07, 1.8294175913164737e-07, 1.7749124941419245e-07, 1.9083352834359122e-07, 2.005650827637941e-07]","[1.1698389480093825e-05, 1.2769293327128924e-05, 1.2301533039721674e-05, 1.3361406046427157e-05, 1.390229033428801e-05]"
926,"[1.510897843877135e-07, 1.6418764938513676e-07, 1.5981356389528816e-07, 1.7101633982087026e-07, 1.805798664329866e-07]","[9.753462510426562e-06, 1.0579741320990664e-05, 1.0337120745958851e-05, 1.098232247721865e-05, 1.1679892412021765e-05]"
927,"[1.6012306578945737e-07, 1.747735505704897e-07, 1.6853317645954806e-07, 1.8288332004857573e-07, 1.9045514249129362e-07]","[1.119357919349402e-05, 1.2219566295753008e-05, 1.1778534719382226e-05, 1.2801954748838979e-05, 1.3310836679429616e-05]"
928,"[2.8201869808509263e-07, 3.0910768441290824e-07, 2.9557249686473964e-07, 3.257019885867438e-07, 3.3405125816869266e-07]","[1.1712524237528986e-05, 1.2818314553930547e-05, 1.2299859993392495e-05, 1.3491811071521399e-05, 1.3900466591574418e-05]"
929,"[1.8534950535799816e-07, 2.019394518094326e-07, 1.9555200941146032e-07, 2.1122759618604627e-07, 2.209708741153348e-07]","[1.115528226923004e-05, 1.2220944611137447e-05, 1.169283006597276e-05, 1.2866873329575307e-05, 1.3215144322826469e-05]"
930,"[1.5144154454869937e-07, 1.6501917344261976e-07, 1.5991002827149717e-07, 1.7274818170188101e-07, 1.8069469660929865e-07]","[1.0805875726450905e-05, 1.168678765803788e-05, 1.1499033668025935e-05, 1.2094064574433104e-05, 1.2991170735075053e-05]"
931,"[1.507913790181289e-07, 1.6417055776619154e-07, 1.5940747697123823e-07, 1.7165283459686054e-07, 1.8012206448616544e-07]","[1.0540244110804057e-05, 1.1364838837055521e-05, 1.1261588052253787e-05, 1.1720611703588068e-05, 1.2721612737381969e-05]"
932,"[1.7293578870186495e-07, 1.8799566602291668e-07, 1.8285339315956962e-07, 1.9591831903255673e-07, 2.066160106286436e-07]","[1.0632320169280195e-05, 1.1611491330054697e-05, 1.1199064264520135e-05, 1.2187089441079567e-05, 1.2655357679463349e-05]"
933,"[2.0409756678518262e-07, 2.2132693237437615e-07, 2.162895273881624e-07, 2.297938435682436e-07, 2.443863617449267e-07]","[1.3225747999750499e-05, 1.4404352963033472e-05, 1.3948558437024646e-05, 1.5032087041911476e-05, 1.576237996601724e-05]"
934,"[1.6640458272467224e-07, 1.8210252267413988e-07, 1.7455822400080774e-07, 1.9137311249814723e-07, 1.9728195701732183e-07]","[1.168268841630463e-05, 1.2700263287200605e-05, 1.2350449938848473e-05, 1.3223939912121382e-05, 1.3955601859374107e-05]"
935,"[1.5952916946257152e-07, 1.7367562993138052e-07, 1.6840481593686073e-07, 1.8143685898039336e-07, 1.902958684674073e-07]","[9.953191500513368e-06, 1.082957096847596e-05, 1.0515020077357925e-05, 1.1294851708679058e-05, 1.1881706846777067e-05]"
936,"[1.7140406301550976e-07, 1.8653935449969135e-07, 1.8134603034923925e-07, 1.9474828118482532e-07, 2.049059233100188e-07]","[1.0916681578753735e-05, 1.193816264808377e-05, 1.1482314767488537e-05, 1.2558266530506344e-05, 1.2975873786934676e-05]"
937,"[1.6313122455022035e-07, 1.772918136878462e-07, 1.7260933066539365e-07, 1.847952953383725e-07, 1.950316808504488e-07]","[1.1643256741220716e-05, 1.2675040056038017e-05, 1.2277841213562761e-05, 1.3208085703441719e-05, 1.3874547117757411e-05]"
938,"[1.8838312243381385e-07, 2.04733345361712e-07, 1.9937936932124756e-07, 2.1334014015961024e-07, 2.2528419550484923e-07]","[1.2255240642881978e-05, 1.3294824419321776e-05, 1.2992081384691621e-05, 1.3811345880070916e-05, 1.4679471194035051e-05]"
939,"[1.892067294744327e-07, 2.0567766722025258e-07, 2.0013901651068786e-07, 2.1442461703263436e-07, 2.2614591471076898e-07]","[1.1438775707231802e-05, 1.2477179613665835e-05, 1.2060498730692061e-05, 1.3074345501535864e-05, 1.3628632964326773e-05]"
940,"[1.7414414135924757e-07, 1.8910347063357104e-07, 1.844878244403534e-07, 1.9664565706500112e-07, 2.0845299508971606e-07]","[1.0693322601466957e-05, 1.1623888632243797e-05, 1.1313295536559673e-05, 1.2113362802378833e-05, 1.2783222931935185e-05]"
941,"[1.7365228870385538e-07, 1.882669905780252e-07, 1.8426947143189565e-07, 1.9549161255796224e-07, 2.0819654029527388e-07]","[1.101169873385225e-05, 1.20158976607432e-05, 1.1598442083648783e-05, 1.258865528354185e-05, 1.3106934613711089e-05]"
942,"[1.9602776029020497e-07, 2.126867575975969e-07, 2.0789476040307537e-07, 2.210382241940928e-07, 2.3488955203144914e-07]","[1.115878327463845e-05, 1.211234026035447e-05, 1.1840916862682551e-05, 1.2623591507995353e-05, 1.3378214158737523e-05]"
943,"[1.7598218594075238e-07, 1.9147238749567138e-07, 1.8608508898661335e-07, 1.999931242936877e-07, 2.1025848499174361e-07]","[1.2613528057726902e-05, 1.37554745300297e-05, 1.328090884725059e-05, 1.4377977870424235e-05, 1.5008581064525608e-05]"
944,"[1.797519794261845e-07, 1.960559051746203e-07, 1.892198471645715e-07, 2.0509761087408696e-07, 2.138346626273542e-07]","[1.181667920339436e-05, 1.2871019018840813e-05, 1.24592904851214e-05, 1.3431715806760034e-05, 1.407953375048521e-05]"
945,"[1.9229109676787607e-07, 2.1029394246865099e-07, 2.0200762676721053e-07, 2.209568713128251e-07, 2.282955841219783e-07]","[1.2588555777522034e-05, 1.3767464557858035e-05, 1.3209970782684678e-05, 1.4446621967972847e-05, 1.4929666708176397e-05]"
946,"[2.3681639326149182e-07, 2.6014586909393247e-07, 2.47613353186315e-07, 2.748365170538624e-07, 2.7986866833018447e-07]","[1.2967506139910999e-05, 1.416455809061959e-05, 1.3654197357342464e-05, 1.4867947406839781e-05, 1.543001359929504e-05]"
947,"[1.7851880584508725e-07, 1.9549957783201828e-07, 1.870117655256911e-07, 2.0557412945868812e-07, 2.1136606803102816e-07]","[1.1200009395537331e-05, 1.2283536996288906e-05, 1.1711076033802274e-05, 1.2934257328174118e-05, 1.323692321990206e-05]"
948,"[2.1266072170800297e-07, 2.3148887549129416e-07, 2.244877339163799e-07, 2.4130410876100563e-07, 2.536734026239274e-07]","[1.2696959337701628e-05, 1.3882613466508522e-05, 1.333018129147573e-05, 1.4565124666186046e-05, 1.506537317801422e-05]"
949,"[1.8879012174141262e-07, 2.0544704265333276e-07, 1.9935851380588436e-07, 2.1424589622647498e-07, 2.2527039476318093e-07]","[1.2234539584040248e-05, 1.3342527288448441e-05, 1.2881557736973814e-05, 1.3947197300796681e-05, 1.4557227361921704e-05]"
950,"[1.8332525879602334e-07, 2.0030146582488794e-07, 1.9267554688526713e-07, 2.102200393246084e-07, 2.177482266739217e-07]","[1.2133586533535108e-05, 1.329872868541698e-05, 1.2696705273663355e-05, 1.3991139081340666e-05, 1.435067651834642e-05]"
951,"[2.0696635875270718e-07, 2.2564021109439634e-07, 2.1790088346933835e-07, 2.3580387941610962e-07, 2.462446271215031e-07]","[1.230049129150805e-05, 1.3436082302626668e-05, 1.293045016122457e-05, 1.4080085765292325e-05, 1.4613000896009114e-05]"
952,"[2.1316420240866325e-07, 2.336089645224093e-07, 2.230799715011379e-07, 2.4572692141704606e-07, 2.521349896363488e-07]","[1.2815609345051371e-05, 1.4073137181250179e-05, 1.3379412855551468e-05, 1.4843611107312572e-05, 1.5123257064205286e-05]"
953,"[1.7872254414055206e-07, 1.9561146134886806e-07, 1.8760757302850375e-07, 2.0576930617452605e-07, 2.1202634683571667e-07]","[1.2310805124969558e-05, 1.3463323643467696e-05, 1.2928067179091729e-05, 1.4139838592950084e-05, 1.4610652352094878e-05]"
954,"[2.0620907197624074e-07, 2.2456555560391784e-07, 2.1747738696970762e-07, 2.3427714798262689e-07, 2.4575790488823545e-07]","[1.2825853890536661e-05, 1.397976427462483e-05, 1.3516169060291093e-05, 1.4607995960879868e-05, 1.5274043809228007e-05]"
955,"[2.0891260320865402e-07, 2.2720293936607122e-07, 2.2066198629630687e-07, 2.3658207156870656e-07, 2.4934581243401115e-07]","[1.253662619575009e-05, 1.3699522061860454e-05, 1.3170066689374046e-05, 1.4363030335483962e-05, 1.4884128407826539e-05]"
956,"[1.938048735841548e-07, 2.111956815805893e-07, 2.0432682135391455e-07, 2.2066202461805826e-07, 2.308990868521221e-07]","[1.3237855296751753e-05, 1.444860101118019e-05, 1.3923008203302968e-05, 1.5114960021544455e-05, 1.573466643464623e-05]"
957,"[2.2604787425788665e-07, 2.472152550374508e-07, 2.371881319854848e-07, 2.5940671293058576e-07, 2.6806593406107024e-07]","[1.3577515883051422e-05, 1.4912526662517795e-05, 1.4181728309640753e-05, 1.57435121031152e-05, 1.602976401075573e-05]"
958,"[2.0852130644491466e-07, 2.2697776212631873e-07, 2.2001797407958514e-07, 2.366178720384999e-07, 2.4862495889206826e-07]","[1.3407828130249214e-05, 1.4693259923120086e-05, 1.4036971917828029e-05, 1.546025219666498e-05, 1.5865213700902153e-05]"
959,"[2.2578329082559637e-07, 2.46886359797761e-07, 2.3684300720576069e-07, 2.5890691195104436e-07, 2.676794760352563e-07]","[1.3006659212727237e-05, 1.4263201756878438e-05, 1.3602000360141975e-05, 1.5017139305922089e-05, 1.5374034754020586e-05]"
960,"[2.0324350159080332e-07, 2.2289025459320476e-07, 2.1264239305947776e-07, 2.3485282433064213e-07, 2.4034247103631697e-07]","[1.2922815394128778e-05, 1.415595565606189e-05, 1.3536008090441898e-05, 1.4886398577618623e-05, 1.5298862507341625e-05]"
961,"[1.9196648234344977e-07, 2.0955074782002864e-07, 2.0195563843657044e-07, 2.1941325352922025e-07, 2.2823165821979706e-07]","[1.1540429952162673e-05, 1.25594045399356e-05, 1.2190670807558084e-05, 1.310589887944682e-05, 1.3775201975458854e-05]"
962,"[2.1270633834876251e-07, 2.3288587030276292e-07, 2.2293348244414054e-07, 2.4470831704578733e-07, 2.519635346685951e-07]","[1.2966446787292499e-05, 1.4259265531735248e-05, 1.3524683804545795e-05, 1.5079778951487633e-05, 1.528756904131245e-05]"
963,"[2.0767834256560428e-07, 2.2719865310103351e-07, 2.1811252515881101e-07, 2.3871806817589305e-07, 2.4649619937425925e-07]","[1.2990842129239077e-05, 1.4194967118792946e-05, 1.3649874843941289e-05, 1.4882405290522811e-05, 1.5426287526823362e-05]"
964,"[2.283504149320483e-07, 2.500490547157797e-07, 2.39553272771617e-07, 2.628923379250325e-07, 2.7072902351422835e-07]","[1.3465983363902725e-05, 1.4770651840317104e-05, 1.4101975978883422e-05, 1.558347502379808e-05, 1.5938186482313965e-05]"
965,"[2.13100453566935e-07, 2.3367485951009242e-07, 2.231814017636764e-07, 2.4608949232700174e-07, 2.522464849002953e-07]","[1.3029061891943754e-05, 1.4241378643602413e-05, 1.3681251987995582e-05, 1.4932798013645093e-05, 1.5461999672529712e-05]"
966,"[2.26737457663422e-07, 2.4809815004252107e-07, 2.3789556083253203e-07, 2.6042049910857073e-07, 2.688661000496236e-07]","[1.3916901085409888e-05, 1.520901276707393e-05, 1.4625091539900864e-05, 1.594853678936999e-05, 1.6528215527146106e-05]"
967,"[2.2425667915076307e-07, 2.450761919726425e-07, 2.3565521319513543e-07, 2.5689729749052463e-07, 2.663224549659971e-07]","[1.4040887728984584e-05, 1.540723766304449e-05, 1.4674799218049604e-05, 1.6237715266403537e-05, 1.658682412758807e-05]"
968,"[2.398626425657679e-07, 2.6208991738823925e-07, 2.5196023424025866e-07, 2.746495201664135e-07, 2.847549381398286e-07]","[1.3334790380166151e-05, 1.4602133249716123e-05, 1.3977106020002343e-05, 1.535601175479905e-05, 1.5796991295174265e-05]"
969,"[2.398380857130578e-07, 2.614235364239457e-07, 2.5272359981023104e-07, 2.73173317120949e-07, 2.855911922211505e-07]","[1.4324473877796677e-05, 1.575363733956395e-05, 1.494012827609686e-05, 1.666322717612884e-05, 1.6887549027901033e-05]"
970,"[2.3004245553496155e-07, 2.5087133925568003e-07, 2.4237302663213406e-07, 2.623739903949219e-07, 2.7389458250437887e-07]","[1.3709316812295204e-05, 1.4974935415296924e-05, 1.4417755261348934e-05, 1.570295852404267e-05, 1.6293545970185513e-05]"
971,"[2.23385402404013e-07, 2.435983668104534e-07, 2.353895201156626e-07, 2.5470592896795085e-07, 2.660043727376879e-07]","[1.3806899823690637e-05, 1.5113145070423602e-05, 1.447806591985849e-05, 1.5883413168025014e-05, 1.636298430345227e-05]"
972,"[2.462220554062253e-07, 2.6913561749062586e-07, 2.583408439228437e-07, 2.8195718531540127e-07, 2.9197780661792677e-07]","[1.492644562887675e-05, 1.632028931880933e-05, 1.5656086425432194e-05, 1.7102169477687794e-05, 1.7694587745453703e-05]"
973,"[2.541567373121594e-07, 2.7803032484112984e-07, 2.6651670603806873e-07, 2.918534017018196e-07, 3.0121763979204966e-07]","[1.449033856202105e-05, 1.596314921885765e-05, 1.5078394386140325e-05, 1.6921195322076102e-05, 1.704485831036761e-05]"
974,"[2.534711020664014e-07, 2.761448980846442e-07, 2.6743804093102135e-07, 2.8887892806309083e-07, 3.0220968217917644e-07]","[1.4566512805903212e-05, 1.597540858991177e-05, 1.524976279620525e-05, 1.684422612468348e-05, 1.7235763737994905e-05]"
975,"[2.6317509781142295e-07, 2.859423319745842e-07, 2.781986765022195e-07, 2.9730130495959877e-07, 3.143537877890985e-07]","[1.4279924025120547e-05, 1.5630163519583065e-05, 1.4979319536563316e-05, 1.642998319873728e-05, 1.6929261088629493e-05]"
976,"[2.531472625119833e-07, 2.7661453243852755e-07, 2.6600159453868234e-07, 2.9010448572229925e-07, 3.0061169217305925e-07]","[1.3944960590986393e-05, 1.5309739370106676e-05, 1.4581248022362693e-05, 1.616805591328673e-05, 1.6480716603467058e-05]"
977,"[2.6125806123301983e-07, 2.8581723256479905e-07, 2.739757910864904e-07, 2.999306032535893e-07, 3.096481781571322e-07]","[1.4064500146990276e-05, 1.5364049511010875e-05, 1.4786390926785077e-05, 1.610471625659685e-05, 1.671035003950021e-05]"
978,"[2.552010307623063e-07, 2.7829908484422843e-07, 2.687300499784944e-07, 2.908002129045565e-07, 3.0368162062115634e-07]","[1.3777579090396565e-05, 1.5100487949703318e-05, 1.4427811326349343e-05, 1.5900498230025172e-05, 1.630675101221281e-05]"
