epoch,higuchi_fd,lyapunov_exponent,hurst_exponent
0,"[0.9204053921947126, 0.919464098079972, 0.9215050231704632, 0.9181663380687325, 0.9214765686189487]","[-20.907806946073393, -20.752089949244645, -20.783278087852462, -20.686499488038386, -20.539249458713815]","[0.2839716261009437, 0.31070636068194646, 0.26280308810167136, 0.34728090061600725, 0.2628190664791454]"
1,"[0.9343419144490989, 0.9340198551729831, 0.9346461880809488, 0.9335834343052939, 0.9346403305174344]","[-21.22994292776867, -21.07553197274727, -21.103645625343347, -21.011391357692972, -20.859663932479037]","[0.30807888288424246, 0.3150000391755166, 0.2993405999675307, 0.3250029202720486, 0.29944639040302173]"
2,"[0.9491993681332683, 0.9497941663946303, 0.9485575064291741, 0.9504852868939535, 0.9485725666380023]","[-21.59012493934408, -21.418579560058635, -21.480083196957832, -21.326481143755732, -21.23574527580571]","[0.5395601809872808, 0.5405410296473958, 0.540790790786551, 0.5415646616137516, 0.5407605790736065]"
3,"[0.9420748004472056, 0.9421932031582728, 0.9419305712981878, 0.9422374219538314, 0.9419343840792521]","[-21.511538930255057, -21.361150421837785, -21.380382578639612, -21.302260081425196, -21.136525800999987]","[0.5967470640734954, 0.5924236265893201, 0.6015568406243269, 0.585582485686589, 0.6014898447392952]"
4,"[0.9078240534134342, 0.9080933879808483, 0.9074647617988606, 0.908666954370348, 0.9074754502968663]","[-21.594188720311266, -21.44893718847513, -21.456184402988043, -21.395909554811354, -21.212509126466465]","[0.3612712084252311, 0.3812164138592452, 0.3418011351535512, 0.3887126210118726, 0.34222123545063626]"
5,"[0.9109795743329349, 0.9114126318259277, 0.910439238468224, 0.9120903067173004, 0.9104532352045981]","[-21.439260978126434, -21.27311886119399, -21.324257957023494, -21.189978669573417, -21.08002632856034]","[0.28958078587749775, 0.29468393951113653, 0.3094915878541478, 0.31490619362849986, 0.30890642629713233]"
6,"[0.8965974654063315, 0.8969456471149071, 0.8962192577948679, 0.89754231294813, 0.8962269295479599]","[-20.89563450346772, -20.701688608420387, -20.814373063964627, -20.582462049648406, -20.569272528554972]","[0.6037628834299997, 0.6044662153562038, 0.5996536626921748, 0.5816185170373455, 0.5998006519755342]"
7,"[0.9226139339273861, 0.9226158097501193, 0.9225129335802558, 0.9227809460892986, 0.9225187861798306]","[-21.516391651332107, -21.354661127642355, -21.397403916976828, -21.278973167949083, -21.153251926919776]","[0.4839043824663993, 0.48664725146800286, 0.4811127747415668, 0.48936064171165766, 0.48117733673278973]"
8,"[0.9058196181169427, 0.906183845700746, 0.9055534476632959, 0.9068755767048601, 0.9055590232026345]","[-21.82682785017461, -21.658138244042163, -21.71513052976451, -21.571975661968796, -21.470804411629835]","[0.5389072391933214, 0.5237414097237596, 0.5569052694624886, 0.5049511191038336, 0.5564294205641743]"
9,"[0.8999724690870899, 0.9005145785168611, 0.8994214385255191, 0.9014591043197079, 0.8994348350513411]","[-21.478396423510024, -21.322367966060266, -21.352642037418267, -21.254249714181658, -21.10866653537889]","[0.5021432087663442, 0.459888871636795, 0.501398696698378, 0.3867985695355817, 0.5015915960013414]"
10,"[0.8995978491373323, 0.9002092702054285, 0.8990931376455451, 0.9011441277026585, 0.8991057272047598]","[-21.510485273386585, -21.337699028585412, -21.404845996241804, -21.247569685681622, -21.160351516853638]","[0.426490834841947, 0.4333896879287385, 0.4132473267247487, 0.44112856244278875, 0.4137689383247039]"
11,"[0.9177983614660538, 0.9180182645610053, 0.9176838376647645, 0.9183535070914959, 0.9176875210538543]","[-21.548871045923004, -21.35880614458612, -21.462937412159548, -21.244664084218815, -21.217954550576536]","[0.45518749948274456, 0.4761576280785031, 0.4353961909173037, 0.5078226827776635, 0.43585939851292915]"
12,"[0.8958872985941905, 0.8962211260319556, 0.8955613204243934, 0.896646499796546, 0.8955696565234392]","[-20.987076537441222, -20.829485275458556, -20.862494590631318, -20.7584212319602, -20.618492779644566]","[0.750332577727681, 0.7482042557052244, 0.75347684278356, 0.7443181205747892, 0.7535372875299818]"
13,"[0.9006741703986705, 0.9003735372578938, 0.9010572009456134, 0.8999247867817455, 0.9010487881908213]","[-21.42951139053776, -21.26004571554533, -21.319411052149775, -21.173696142010876, -21.0750376054454]","[0.29057153021407833, 0.29558805924870973, 0.2910043506135691, 0.3029926794226573, 0.2908380497039684]"
14,"[0.877464540045378, 0.8777333828878783, 0.8772515338196915, 0.8781280303503497, 0.8772559248483629]","[-21.232042141515294, -21.078852520678797, -21.10631841722776, -21.01904558111162, -20.86229075643669]","[0.2983631106330103, 0.3079501876997247, 0.28868348746997863, 0.32403664658930365, 0.2889231023369222]"
15,"[0.8729850253802329, 0.8730551814533877, 0.8729687167608894, 0.8732005171215225, 0.872968517649638]","[-21.145797991909003, -20.990937013242128, -21.02475562173371, -20.932424780830612, -20.780575967356864]","[0.1924670693893368, 0.1923288966689059, 0.19265115104481878, 0.1921307238015529, 0.19264574679842209]"
16,"[0.870566517085604, 0.8707277792090103, 0.8704155183240905, 0.8710034341993865, 0.8704186724103812]","[-21.371579903464543, -21.220096349949262, -21.246551884065017, -21.16622033730315, -21.002471893230375]","[0.6303457697010889, 0.6222461691855227, 0.6391659138850821, 0.611660234365385, 0.6389566688241728]"
17,"[0.8748097774236631, 0.8751552358386763, 0.8744554179210319, 0.8756882186516797, 0.8744617074880955]","[-21.41254611389087, -21.252936539820297, -21.296513462587725, -21.18715666767192, -21.052215921608184]","[0.4086295413090818, 0.40988385006550365, 0.4073000354157988, 0.4108658442499711, 0.4073301191868501]"
18,"[0.874488190179723, 0.8749324318863523, 0.874067765818711, 0.8755514224337437, 0.8740771413913103]","[-21.398565741656377, -21.233550190741777, -21.28886618941871, -21.16035833458676, -21.04441450480965]","[0.36811633390249976, 0.36695202371751995, 0.37068449208956505, 0.36533786442656846, 0.3706172467975228]"
19,"[0.8783039329762086, 0.8785616345956593, 0.8780646214887572, 0.8789780943345058, 0.8780708414382049]","[-21.241738261104512, -21.099385735809996, -21.10492197933347, -21.056585436698484, -20.861159696094465]","[0.38430559801957903, 0.37677058235016114, 0.39291617637539755, 0.36600831583735494, 0.39269582751383075]"
20,"[0.8811982002191023, 0.8813712647487763, 0.8810518945377079, 0.8817288783560301, 0.8810549739245549]","[-21.29646738783184, -21.14560028755946, -21.17023025465629, -21.091918893882056, -20.926192107245058]","[0.40135221507633645, 0.39173002430554227, 0.41335501192880086, 0.38202169694205385, 0.4130429105301929]"
21,"[0.8751117300369634, 0.8754306562212973, 0.8748013715999415, 0.8759431681347865, 0.8748081873833619]","[-21.51209954229607, -21.35392750367575, -21.39442440332051, -21.29019736085116, -21.15017280537731]","[0.3335787913604718, 0.33395948663868613, 0.3330952686779654, 0.3336734680196712, 0.3331143178560156]"
22,"[0.8784163123968322, 0.8787040704975236, 0.8781130662319095, 0.8791520168734552, 0.8781196653067654]","[-21.49985451658877, -21.34454202194958, -21.378770870054193, -21.28466239194784, -21.134599492766927]","[0.4003459268250926, 0.39683504632767974, 0.40434533871727474, 0.39111371845219406, 0.4042474635322281]"
23,"[0.8801621336551079, 0.8803972280340947, 0.879982859231245, 0.8808072974967456, 0.8799857425348411]","[-21.392625679738728, -21.23326860550921, -21.276430307804812, -21.168034439434404, -21.03213718676897]","[0.34443141155987606, 0.33795957092771245, 0.3522412147687908, 0.32915454803082883, 0.35203895811033675]"
24,"[0.881576401859303, 0.8820408617802397, 0.8811246642064333, 0.8827838870635214, 0.8811348616630328]","[-21.630452483384836, -21.466955018262556, -21.517952518829713, -21.394518570386065, -21.27357841096562]","[0.42862775762978395, 0.4217880855212686, 0.4317535816997026, 0.41242498451718385, 0.431697506760139]"
25,"[0.8925374846674857, 0.8929310741273202, 0.8921295062115697, 0.8935455009452549, 0.8921399138348445]","[-21.712401134594774, -21.553278065507403, -21.59536168028805, -21.487593402325817, -21.351098890460577]","[0.44429067411531925, 0.45156773572021713, 0.4366133604390822, 0.4521747824331711, 0.4368328580207243]"
26,"[0.9030882509385404, 0.9042130288280874, 0.9019991530788188, 0.9058864071805564, 0.9020232211976865]","[-22.227071766274886, -22.06058279910338, -22.115795133154002, -21.98115376702606, -21.871425294632576]","[0.26447580899557654, 0.2611539707707474, 0.2681520801614348, 0.25637811858704096, 0.26806173796267035]"
27,"[0.9049333328998403, 0.9060909140660486, 0.9038338158589637, 0.9078616664747879, 0.903861650811677]","[-22.37804665787072, -22.2041892198354, -22.275461817204818, -22.114807247853218, -22.030868798497252]","[0.19972985218690145, 0.1969852827787177, 0.20296928181064536, 0.1933394213103605, 0.2028877308153239]"
28,"[0.9054838807893513, 0.9065702808775177, 0.904384332514884, 0.9082396522444208, 0.9044098514511136]","[-21.908528699232125, -21.736972858120538, -21.804433150190086, -21.65220080788402, -21.559856143744703]","[0.513200203619917, 0.5083411238313251, 0.5161503706980487, 0.5015346746084003, 0.5160869270258698]"
29,"[0.9086174041995461, 0.9097161546249944, 0.9074852419241392, 0.9113849283662225, 0.9075118734527109]","[-21.77483588716051, -21.622062956453497, -21.649031533004795, -21.5633659851465, -21.405011614503387]","[0.48022908958403, 0.4705523591000499, 0.48948773374343324, 0.4558985870926549, 0.4892614976271004]"
30,"[0.910839531053811, 0.9116912369543232, 0.909904969040548, 0.9129641574776627, 0.9099333018665109]","[-22.213134912789886, -22.04868495817131, -22.099806802541412, -21.972501471698042, -21.85547996953542]","[0.24665023960948948, 0.23976189082717647, 0.25479066743543943, 0.23025216722968717, 0.2545793646525396]"
31,"[0.920988324521666, 0.9226863155168538, 0.9191047989538645, 0.9251300396368349, 0.9191511496665941]","[-22.16487452439617, -21.98951813247515, -22.06427489684852, -21.898381312182696, -21.819630071626296]","[0.3636372247361022, 0.36757430997500384, 0.354743612040005, 0.3727366109662007, 0.35494109964893933]"
32,"[0.9037816497688127, 0.9044449577719825, 0.9032697654240264, 0.9055534739339928, 0.9032810287326524]","[-21.94820231484443, -21.787718748123417, -21.831275289716007, -21.718258355839833, -21.58702616003398]","[0.4277155470377805, 0.4198129096396421, 0.43627685982427855, 0.41215509916621296, 0.43606887729709504]"
33,"[0.8896464081003278, 0.8908243218641974, 0.8884957962379256, 0.8925739651639927, 0.8885224759423102]","[-22.086474031977584, -21.913663267358686, -21.983082386150528, -21.826235715814153, -21.73850413979295]","[0.28429381577625773, 0.28305539858926443, 0.286275200084916, 0.28147810991659544, 0.28621219599701825]"
34,"[0.8942895694966088, 0.8951874525926717, 0.8933273334696518, 0.8965226333726437, 0.8933509323551377]","[-21.95219056039525, -21.787551810433737, -21.839958447130094, -21.71219955806729, -21.59559800014453]","[0.3252451015626186, 0.3331721515448065, 0.3164272956911652, 0.3451172286839716, 0.3166228757460539]"
35,"[0.8985052375343957, 0.8996110311249909, 0.897393263811031, 0.9012648867195839, 0.897417783607841]","[-22.056622367989043, -21.88938869646997, -21.947788784924526, -21.81095023825909, -21.703334137718862]","[0.3633175912541684, 0.36884363716550417, 0.35808870851377755, 0.3781311524860415, 0.35822847694449256]"
36,"[0.9109973331216619, 0.911931567823838, 0.9099780588442946, 0.9134828978051387, 0.9100008099471293]","[-22.409540069490504, -22.247153453674905, -22.294293948229996, -22.174422808416715, -22.050009989682195]","[0.35277562361112447, 0.3515347349894058, 0.35397999957115245, 0.349199364318511, 0.35396974052611146]"
37,"[0.9010795031815385, 0.9021480408618167, 0.8998922037336762, 0.9037374840171357, 0.8999212186655907]","[-22.029305172569227, -21.854764714551468, -21.929061871101386, -21.76637203398669, -21.684385305442802]","[0.22964450751227888, 0.22940171022039638, 0.22973283970643787, 0.22964024878929487, 0.22973147740151328]"
38,"[0.8714405007261024, 0.8716812214781661, 0.8712052368571666, 0.8720946134837784, 0.8712108643213702]","[-21.675873443354515, -21.514316962361583, -21.56203971612344, -21.445766165545372, -21.31768951904507]","[0.4078012864333851, 0.412531157945456, 0.4019633467730923, 0.41863036825595557, 0.40209936124229273]"
39,"[0.8850464267677278, 0.8854177936785224, 0.8846565302902969, 0.8860263779492784, 0.8846653609946562]","[-21.491518628819104, -21.327733576896318, -21.380056409373445, -21.255798209130504, -21.13564433010395]","[0.32873934213762596, 0.32649823919975024, 0.32684084117917583, 0.32356524964053746, 0.32692530708464146]"
40,"[0.9013792181441338, 0.9022893931702513, 0.9004785448913112, 0.9038167193122308, 0.9004987205087349]","[-21.919362416505624, -21.753667229059353, -21.808782104808127, -21.677377873410112, -21.564365492130406]","[0.3959496625429161, 0.3906405334659693, 0.40169293529235994, 0.3831283296540086, 0.40154337432156334]"
41,"[0.9121193368275912, 0.9138239427209485, 0.9103017421028321, 0.9164360822516081, 0.9103456418677449]","[-22.342072692149806, -22.162209449052952, -22.245615134419005, -22.063555237026552, -22.000878188856632]","[0.30053601487543036, 0.2995670734239407, 0.3006530879939132, 0.2981205172828411, 0.30066771766099837]"
42,"[0.924013878448814, 0.9255898713949323, 0.9219539977856867, 0.9278346341259522, 0.9220020508484051]","[-22.385519179907586, -22.20498692236035, -22.287552288012183, -22.10269389982159, -22.042886493859765]","[0.41267170709444106, 0.42016878730321366, 0.4037758102577958, 0.429844595413266, 0.40399013259879996]"
43,"[0.9104178059996139, 0.9106470776608708, 0.9101483993583376, 0.9109511626460128, 0.9101548779349464]","[-21.643660812316323, -21.480909402955067, -21.530070446610868, -21.40922369196082, -21.285728643510662]","[0.36326384602098905, 0.3628061043166005, 0.36397289795596627, 0.3620974714095387, 0.3639482575958903]"
44,"[0.8936222270702593, 0.8940174622834326, 0.8932387693221655, 0.8946384530504393, 0.8932472709920593]","[-21.82950386961649, -21.66820535052732, -21.714172482352105, -21.598462405642085, -21.46987366788389]","[0.31394711756966376, 0.3178195028918031, 0.3095721677486722, 0.3221630733105324, 0.30968542124676746]"
45,"[0.8810434471076607, 0.8814392645163543, 0.8807193712448074, 0.8821221842252222, 0.8807236083947355]","[-21.86371698550058, -21.69876284091586, -21.75262392273474, -21.623973460314428, -21.50821834082027]","[0.34265977362026945, 0.34157143895417447, 0.34518882513602533, 0.33645782084378406, 0.3449274040104554]"
46,"[0.8889494270499546, 0.8890662394808438, 0.8888659805904494, 0.8892980765547874, 0.8888678038796364]","[-21.447978849632573, -21.29315096498679, -21.32575006622219, -21.233200968405622, -21.0816145952549]","[0.5604606500636287, 0.5445200289458059, 0.5793054735578878, 0.5224505186344567, 0.5788283163681766]"
47,"[0.9024580254542216, 0.903385756070768, 0.9013439477658568, 0.9047999562050744, 0.9013711567490263]","[-21.999731341319098, -21.83668922884756, -21.886020702230493, -21.76403004651075, -21.641686286469355]","[0.4206804003082535, 0.4153723153812031, 0.4245574450577051, 0.41629448999876895, 0.42452786920919855]"
48,"[0.9091862446540776, 0.9101021207293768, 0.9083345747116213, 0.91165093958198, 0.9083542410577273]","[-22.237103485084525, -22.067551178384427, -22.130352219420217, -21.985118337520706, -21.88585119842662]","[0.31626648085503833, 0.3140800701695703, 0.31941374854696863, 0.3099181530709648, 0.319329791706818]"
49,"[0.9139914778509358, 0.9148167992821559, 0.9130689755163376, 0.9160816457620478, 0.9130880440243065]","[-22.415494805582323, -22.245338535832403, -22.306800001386634, -22.158811322299815, -22.062388898757245]","[0.4078701484460666, 0.42129826472622767, 0.38346940540535523, 0.45412000672035047, 0.3840787570351963]"
50,"[0.8865694497954034, 0.8869478113055018, 0.886184012486677, 0.8875189191431117, 0.8861933413880314]","[-21.68557257999794, -21.5250453990541, -21.57040548292243, -21.457761592728552, -21.32609111580186]","[0.3321854639531984, 0.3387548765195524, 0.32366602435997777, 0.35533581129500985, 0.32385804167066656]"
51,"[0.8812875451143286, 0.8815063095531113, 0.8811357038096026, 0.8819316292654391, 0.881138866415613]","[-21.68143346153063, -21.522254186996413, -21.564776904444532, -21.45694861005457, -21.320498893781114]","[0.31072919199810933, 0.3191179773365847, 0.3010318270027892, 0.33080597302613707, 0.30128092944453283]"
52,"[0.886858782747956, 0.8872729361268933, 0.8864232533996848, 0.8879206089311013, 0.8864331559162756]","[-21.112120637700276, -20.949613355178542, -20.99891334834328, -20.879125713928225, -20.754548825617842]","[0.7057152437373581, 0.7053030169326713, 0.7051043924490767, 0.7050694604801535, 0.7051170171150792]"
53,"[0.9027101773170377, 0.9029484426845157, 0.9025340556808354, 0.9032828112579699, 0.9025380994207776]","[-21.711309818025537, -21.55399766214613, -21.592453478689418, -21.49123014192136, -21.34822587033615]","[0.4357451540000121, 0.4270724272501994, 0.4460179673599857, 0.41598189428616944, 0.4457550763024907]"
54,"[0.8831254929072193, 0.8835386945179674, 0.8827209207193248, 0.8842363529954865, 0.8827295899778215]","[-21.76318793854309, -21.60287208644548, -21.64671047326931, -21.534469567952502, -21.40244031932739]","[0.253837027106812, 0.2583407102986269, 0.24873662362779864, 0.26434568470373776, 0.24886018014705952]"
55,"[0.8799706655931818, 0.8801979182297042, 0.8797532061061777, 0.8806052110438956, 0.8797575923575824]","[-21.247901284356942, -21.092373611214665, -21.126986578533295, -21.032100324626352, -20.882815353968663]","[0.33316358578844757, 0.3267752681101326, 0.3400344627683978, 0.3191925733588964, 0.33985824849849444]"
56,"[0.8762971844517454, 0.8764215682239535, 0.8761620181768575, 0.8766341490203224, 0.8761651029002281]","[-21.161653612051918, -21.00387209206475, -21.044003786824533, -20.941302831422064, -20.799742557759913]","[0.22956269685417688, 0.22883392945907927, 0.23039149353160476, 0.2306021295610787, 0.2303704915640233]"
57,"[0.8746185166289625, 0.8747654750247777, 0.8744788585899453, 0.8750089475685412, 0.8744820672353425]","[-21.108087527133655, -20.95118432575109, -20.989907566684522, -20.890490218710585, -20.745653814481464]","[0.3074728391409342, 0.3225971695031222, 0.2906067509566995, 0.33562126085573984, 0.29104176231238615]"
58,"[0.8756100456087756, 0.8757702580982915, 0.8754553099376641, 0.8760352621401208, 0.875458935407406]","[-21.007641958605177, -20.850199104091175, -20.89017563426182, -20.78887970514417, -20.645901055247233]","[0.1901359234166322, 0.18860714968882666, 0.19583841668197183, 0.186007570452219, 0.19552860946158454]"
59,"[0.8889781610654685, 0.8891451383844853, 0.8888095838057091, 0.8894075653781037, 0.8888134834062208]","[-20.69401198453149, -20.539439763345325, -20.573264854132585, -20.482186207593756, -20.329070800423576]","[0.38880257179457495, 0.3857913196866283, 0.39198554482653425, 0.3817325943504401, 0.3919097215184643]"
60,"[0.8810326333019605, 0.8812698919270265, 0.8807946394749415, 0.8816514408278456, 0.8808005160653524]","[-20.972590855728786, -20.817530443435604, -20.85181383046782, -20.758788332772145, -20.607631572258143]","[0.41713509476236615, 0.4141975994109118, 0.42018419383088, 0.41012540933620306, 0.42015434708068927]"
61,"[0.8810863569539916, 0.881207260233964, 0.8809665923864299, 0.8813962635958899, 0.8809692695978288]","[-20.699755058446524, -20.5467410209995, -20.577279094114935, -20.491742266947927, -20.333128008974796]","[0.25401085067523876, 0.2558747451347749, 0.25194824101212193, 0.2582840410183983, 0.25199579546250456]"
62,"[0.8778098920692179, 0.8779854772168058, 0.8776296975850889, 0.8782787131365475, 0.8776339324468857]","[-20.734859342552294, -20.577256164093264, -20.617647644637252, -20.515783331382664, -20.373364686971488]","[0.34985847422844657, 0.34932500598129657, 0.35141770601511846, 0.34823377367827857, 0.3513641522893592]"
63,"[0.8898230690362383, 0.88994297577901, 0.8896936968239976, 0.8901234926918176, 0.8896969082454734]","[-20.76327124309808, -20.60602271397065, -20.64566128335848, -20.54506911307486, -20.40138967972127]","[0.5022517289652794, 0.49927663996921284, 0.5051229384932318, 0.4893541786910096, 0.5050654950589624]"
64,"[0.8832948668661541, 0.88341360910882, 0.8831762951986064, 0.8835851763650729, 0.8831790159413833]","[-20.607252729183838, -20.45301216518716, -20.486493953092843, -20.396699275417284, -20.242295954130782]","[0.36785054481408963, 0.36937586510547943, 0.3682845474637443, 0.3689961672538368, 0.36824305839708854]"
65,"[0.8719305644982135, 0.872039729961879, 0.8718113351701591, 0.8721962798681839, 0.8718139859408218]","[-20.584400912067256, -20.431429358661276, -20.462044778238035, -20.376723794906038, -20.217889967622625]","[0.15661383410435833, 0.15717566697715496, 0.15596344737052498, 0.1580179236385518, 0.15597603264920654]"
66,"[0.8919651056814163, 0.8921486556841166, 0.8917742040904665, 0.8924399093553855, 0.8917790920738133]","[-21.043849751848523, -20.88855853771022, -20.92362285144982, -20.829855412054815, -20.679419372838726]","[0.6238174416990202, 0.6176775087637216, 0.6309867453633488, 0.6091916490337378, 0.6308043533871482]"
67,"[0.8742218775533991, 0.8743553499262777, 0.874096138273856, 0.8745837477276203, 0.8740991928061279]","[-20.861076863100223, -20.70522893612925, -20.741634607433696, -20.64595526080854, -20.49741190354176]","[0.312738221233196, 0.3169836028625109, 0.3082505796358664, 0.32166369546057766, 0.3082837352379571]"
68,"[0.8794520104279828, 0.8795518932833881, 0.8793573250507554, 0.879735859750686, 0.8793588866326477]","[-20.769525272060683, -20.615579574562183, -20.6480888956143, -20.55923890982647, -20.403913509017013]","[0.2843321237368642, 0.29251639430594667, 0.2744473779843854, 0.3041711354612844, 0.27472754864298227]"
69,"[0.8852509361493938, 0.8852258828270693, 0.8852969271754264, 0.8852070941440001, 0.8852957883728937]","[-20.607087907214378, -20.451854849854506, -20.487381638641956, -20.39403231051545, -20.243157203357804]","[0.32714192409873155, 0.32293534937124074, 0.3320071996773188, 0.3171702350033559, 0.3318884504829272]"
70,"[0.8825828743832765, 0.8827954596953969, 0.8823827800466431, 0.883134773821452, 0.8823866813816763]","[-20.85645295543853, -20.698291457065235, -20.739368181150287, -20.635350187522516, -20.49509158267114]","[0.29575907043699573, 0.29912766937552254, 0.2940019058085217, 0.30366545517941473, 0.2940457594296376]"
71,"[0.8863634533032054, 0.8865180188526581, 0.886217863724955, 0.8867806569643891, 0.886220140013358]","[-20.981723293489335, -20.824696006044594, -20.862655900946255, -20.762480370748204, -20.618436912569237]","[0.29596916071085, 0.289931192459476, 0.30302175170209433, 0.27983999351461714, 0.30283771786778163]"
72,"[0.8990574801287075, 0.8993387859781189, 0.8988181928733622, 0.8998425224662996, 0.8988232685565956]","[-21.306450142099198, -21.149111655117945, -21.18787834302852, -21.086633713853843, -20.94364214824654]","[0.3324390491832976, 0.33018048292064, 0.3336299344162466, 0.3256390368154782, 0.33368051306758856]"
73,"[0.878422227754202, 0.878595743735427, 0.8782713353692828, 0.878881477166306, 0.8782753634878189]","[-21.11084572571211, -20.953724298976915, -20.992713215417687, -20.892452343008458, -20.74845965166247]","[0.45305434891311924, 0.450513102064019, 0.4553923559682707, 0.44657338054591966, 0.4553278057565997]"
74,"[0.8746843267138437, 0.8748093940712874, 0.8746516299228532, 0.8751417346057423, 0.8746511960944885]","[-21.080082449872812, -20.919419346360275, -20.96496826659704, -20.851793959262263, -20.720654283621432]","[0.21368042316050057, 0.21855347674106135, 0.20958658903269475, 0.22574747085238403, 0.20963667327544164]"
75,"[0.8953968231298973, 0.8958107940620478, 0.8949704702491104, 0.8964244867849347, 0.8949808976267211]","[-21.463491828441036, -21.307139264265842, -21.34327913749892, -21.245376832419478, -21.099094509168665]","[0.4865977306281793, 0.478875070802371, 0.4954426806119198, 0.46772810070293436, 0.49522424727619313]"
76,"[0.9089947832381623, 0.9092146666396655, 0.9087395336790487, 0.9095506356863939, 0.9087440886799742]","[-21.508044959684597, -21.356025373198346, -21.383236781383946, -21.300848049977677, -21.139160932043982]","[0.20616179271819465, 0.2055535065429897, 0.20718954738069326, 0.20470849219358006, 0.20714740041169197]"
77,"[0.9054022724849549, 0.9061294057874024, 0.9046470829329801, 0.90733267922001, 0.9046621665929184]","[-22.32195927762203, -22.14510475512412, -22.2229850448667, -22.05175478018167, -21.97829850583812]","[0.37757228203195803, 0.37792332472912393, 0.3791209127180298, 0.3868646760813434, 0.37907663583589835]"
78,"[0.9021145901999409, 0.9028937472065258, 0.9013795371514204, 0.904038088418619, 0.9013958908045677]","[-22.017226157815266, -21.846432315866032, -21.91078342501824, -21.760887377976033, -21.666293903232535]","[0.27291690349327713, 0.27323952703640475, 0.2719635929090765, 0.2745011463419713, 0.2719924062669268]"
79,"[0.8868718252982422, 0.8871406138792699, 0.8866426065016539, 0.887610350995739, 0.8866481391188207]","[-21.38493342123072, -21.222840492840717, -21.271908249476564, -21.153780226078084, -21.027529337634395]","[0.3839794310115272, 0.3826418434909454, 0.3824721002745214, 0.3785490557582741, 0.3825381744859118]"
80,"[0.8801655586803002, 0.8802507071507474, 0.8800953872167913, 0.8804545995198324, 0.880097097912213]","[-21.01864164913748, -20.864609492992326, -20.89695794988194, -20.80770233283291, -20.652791303969533]","[0.38994905991166956, 0.3890877635844323, 0.3909926120292032, 0.38821063267026973, 0.39095527364115196]"
81,"[0.8720208511722007, 0.8722499544981507, 0.8717734191400549, 0.8725897700529411, 0.8717792688794528]","[-21.03301049457863, -20.875023953582282, -20.915943271502037, -20.812632293117368, -20.67166015542909]","[0.4084434406501427, 0.42720376538253657, 0.3925785501190021, 0.45194410201626717, 0.3929934870993782]"
82,"[0.8870003357891124, 0.8870554789733754, 0.8869382643981253, 0.8871552711455869, 0.8869397213501524]","[-20.606430396915393, -20.449064053239518, -20.48857626193077, -20.38744592998098, -20.244315441032466]","[0.4889027718054446, 0.4877194198590113, 0.4901174106110162, 0.4854721517587511, 0.49008937532286784]"
83,"[0.8805014230153262, 0.8806094568036612, 0.880382264416046, 0.8807909206217815, 0.8803853380973758]","[-20.718039451563836, -20.563161879143085, -20.597759663104547, -20.505619011254616, -20.353549484991518]","[0.28092140493257445, 0.2733429946949191, 0.28906852362235963, 0.26285617850593374, 0.2888723655758215]"
84,"[0.8721979747874857, 0.8723277009708652, 0.8720703295403999, 0.8725419019919242, 0.8720738652050252]","[-20.861783177133084, -20.705493344939594, -20.74299346063362, -20.645793754832248, -20.498747815773896]","[0.2177334010002731, 0.22276351966528746, 0.21177301455987066, 0.22967852734653738, 0.21192159738999367]"
85,"[0.8744806525797053, 0.8745860247830746, 0.874363377276505, 0.8747536881328127, 0.8743657442370094]","[-20.694527954860668, -20.539086891301572, -20.574941625275105, -20.48080636265082, -20.33071702159372]","[0.29162746239009374, 0.28860743704516933, 0.2955746342673599, 0.2853063676351091, 0.295492261544295]"
86,"[0.8803707867799889, 0.8804369792845816, 0.8803179800324742, 0.8805501366135221, 0.8803190255629607]","[-20.500335740592842, -20.34664647264483, -20.37882113900583, -20.29095522261091, -20.134645233984635]","[0.3270502751133951, 0.3273316759825684, 0.32654342176410983, 0.32740910679297053, 0.32655491253660657]"
87,"[0.8828343258972071, 0.8829459410020288, 0.882728708890318, 0.8831181776581793, 0.8827311582883225]","[-20.550119530414477, -20.393047474738296, -20.432661616097793, -20.33279573040351, -20.188378605284374]","[0.28081573519247727, 0.28240035747978715, 0.27919661355397163, 0.2840893214105641, 0.2792335683850397]"
88,"[0.8850642284058434, 0.8850792144470305, 0.8850749490159384, 0.8851482757431722, 0.8850740784442379]","[-20.7216432255134, -20.565233963018244, -20.602968877761416, -20.50531470398901, -20.358725819841627]","[0.2910060162526687, 0.28843158829402193, 0.29387622402429453, 0.2850064351560577, 0.2938012142429979]"
89,"[0.8883562590546079, 0.8884374922129168, 0.8882708849477198, 0.8886027346655159, 0.8882732204712435]","[-20.564567432310128, -20.40988910121052, -20.4442065844393, -20.352821862598383, -20.200002103744207]","[0.17735216246339877, 0.17865682746360173, 0.1789655664247788, 0.1822785122922836, 0.17890903493185714]"
90,"[0.8828705462697201, 0.8829585849885576, 0.8827792070603716, 0.8830839761918395, 0.8827812750344786]","[-20.581914819589564, -20.427179212006905, -20.461707362348598, -20.370147449306316, -20.217494856345375]","[0.20545375055897003, 0.20226102946628596, 0.2092761224958368, 0.19822312972415015, 0.20917713027613502]"
91,"[0.8828133651785363, 0.883137551604575, 0.8824601669834596, 0.8836636349446669, 0.882469413373954]","[-21.09920233330169, -20.938564818281673, -20.984626143087617, -20.871703394567156, -20.740287645188562]","[0.2735011589541825, 0.26909647871825365, 0.28203923995959324, 0.2642329571168695, 0.2817827258425485]"
92,"[0.910073593861364, 0.9103068238187194, 0.9098641332822519, 0.910762088865051, 0.9098675960459588]","[-21.596162944648515, -21.440386083468717, -21.47530813543907, -21.379467112536382, -21.23113428938868]","[0.2428202993871374, 0.2385689136919873, 0.24803126791190103, 0.2327847506618332, 0.24789720433841067]"
93,"[0.8782350005575407, 0.8783505227593142, 0.8781238170751906, 0.8785610108374509, 0.8781261504595349]","[-20.738174649007714, -20.582322479381027, -20.619187132042086, -20.523639987677328, -20.374946398363317]","[0.26333575008792476, 0.2656890813327649, 0.27143052390799555, 0.2694193433157186, 0.27122071455868435]"
94,"[0.8850853625936148, 0.8850802080114452, 0.8850966846960102, 0.8850798037574372, 0.8850958717878304]","[-20.54495915885816, -20.392023865663564, -20.42270648913149, -20.33756654548782, -20.178545056637716]","[0.23375374505589583, 0.23225757462308563, 0.23551764911676687, 0.23542557044282839, 0.23547350345850632]"
95,"[0.8823734977606539, 0.8824269158500102, 0.8823193914757905, 0.8825131523662532, 0.8823202007999912]","[-20.408715379482636, -20.25513650372423, -20.28723982213623, -20.19980168227783, -20.043060561739523]","[0.4048589876298669, 0.3954840483446546, 0.4148599232658596, 0.3837703919957282, 0.41463063481312235]"
96,"[0.8876426271032362, 0.8877551747366867, 0.8875167561219105, 0.8879354969855598, 0.8875196707428752]","[-20.247962819467425, -20.091124075439627, -20.13005690705606, -20.03096696778294, -19.88578971691772]","[0.485131608445636, 0.4970610807192186, 0.47079026973575816, 0.5130204163175028, 0.4711647868163708]"
97,"[0.8737424147789192, 0.8737990321759908, 0.8736994614167183, 0.8738839947327715, 0.8737005585228498]","[-20.198333486386588, -20.042640641165878, -20.079257714302912, -19.984293824676097, -19.835017945511026]","[0.2631444902709423, 0.25762654900594034, 0.26957889192634726, 0.25101502702776973, 0.26940451617306443]"
98,"[0.8824264343022608, 0.8824579051018973, 0.8823960574348952, 0.8825129542780951, 0.8823971802927498]","[-20.15419554829158, -19.99907052690725, -20.034542597796243, -19.941618049489392, -19.790315050897423]","[0.3315389442955181, 0.34165843663935175, 0.3201615924222569, 0.3560040390005535, 0.3204548789746003]"
99,"[0.8845518770728081, 0.8846361012236804, 0.884465014330915, 0.8847543933294086, 0.884467154345395]","[-20.566379424696883, -20.413531084483683, -20.44399875713609, -20.35916131158455, -20.19984187376436]","[0.22971592102148147, 0.22919528979615975, 0.23031513611576224, 0.2282363205378236, 0.23030033113358941]"
100,"[0.8787014831664036, 0.8787847142132985, 0.8786361926589726, 0.8789275945070758, 0.878636559111673]","[-20.414543463018266, -20.26006068745794, -20.293863571326927, -20.2031497383516, -20.04967027815348]","[0.3016523027977968, 0.29916071711667913, 0.3109534305292589, 0.2963453964036051, 0.3106911443486197]"
101,"[0.880854784281386, 0.8809697348534471, 0.8807572541170913, 0.8811719595535941, 0.8807591638070305]","[-20.429727341733447, -20.274110599916888, -20.310183949896093, -20.215383591348594, -20.065958330000456]","[0.23383877320698435, 0.2346768361583461, 0.2331300626067697, 0.235865736277338, 0.2331338176806198]"
102,"[0.890340013670506, 0.89042135829575, 0.8902447373852053, 0.8905484359775226, 0.8902469725345412]","[-20.315564177259855, -20.160752006185835, -20.195628149042644, -20.103846389769053, -19.951406685201484]","[0.48323477409798277, 0.4810864287364483, 0.48593628384751697, 0.4786255885106208, 0.48586518154090264]"
103,"[0.8945750378294193, 0.8944910997496458, 0.8946810223034962, 0.8943835767914816, 0.8946784448352663]","[-20.175968530700555, -20.021243263456352, -20.055916398178187, -19.964442325905043, -19.81169898383822]","[0.6137937527842725, 0.6134592625474669, 0.615032191539548, 0.6128704690289835, 0.6149927458078343]"
104,"[0.8987997127307101, 0.8989089716262946, 0.8987139775189003, 0.8991836996363203, 0.8987148485379934]","[-21.83567294469825, -21.67724737934838, -21.71753497302315, -21.612188075238272, -21.473303435896266]","[0.1603450354354069, 0.1651959494321958, 0.1545180998959294, 0.17083263915178928, 0.15459064926604954]"
105,"[0.8984816906759615, 0.8989019716503611, 0.8980851421360343, 0.8997070241835943, 0.8980955926807765]","[-22.313615389060097, -22.14804408770056, -22.202343326634423, -22.071256661821536, -21.95795865823567]","[0.27503134184726297, 0.2780771742177045, 0.28777830048454367, 0.289054703760796, 0.28747215530776]"
106,"[0.9034486271979024, 0.9040542724617682, 0.9028963268920952, 0.9049860964412134, 0.9029070928749687]","[-22.240336521877346, -22.074850762565926, -22.129392515549796, -21.998720521355967, -21.884997181802415]","[0.34738658297064196, 0.34108838908674116, 0.3489733533399519, 0.33090579567302747, 0.34894422483247]"
107,"[0.8998800550821271, 0.9004026815675621, 0.8994162436385028, 0.9012743107550909, 0.8994262360914428]","[-21.727534376627712, -21.570671735250546, -21.607189396416608, -21.507263011060264, -21.363021373815016]","[0.3487537653922216, 0.35471168594905034, 0.3420260254264218, 0.36190647074122645, 0.34219527610936584]"
108,"[0.8781333689389758, 0.8782502728836978, 0.8780134922173894, 0.8784120998343398, 0.8780159117524591]","[-20.612666760479947, -20.45825436753631, -20.492013469903803, -20.40159045223855, -20.24781659917862]","[0.12626069246927282, 0.12816164591876272, 0.12401704840330086, 0.13078982093941172, 0.12407584944455141]"
109,"[0.8837863322881971, 0.8838189581183518, 0.8837659569491487, 0.8838834087902969, 0.8837662080667191]","[-20.435860231350812, -20.281449676999376, -20.31522791238557, -20.22481408260081, -20.071029692689745]","[0.26079685784306, 0.2604719574457857, 0.26120359496550144, 0.26142432590351333, 0.26119593927178675]"
110,"[0.8812218503831984, 0.8812512571424856, 0.8812075893993512, 0.8813130495969665, 0.881207618664951]","[-20.34879003130189, -20.19503656672947, -20.227524227413884, -20.139483505223406, -19.98333598029372]","[0.22728916143566946, 0.22230009484720323, 0.23316198216807388, 0.2154361187106956, 0.2330126080239889]"
111,"[0.8833984120652962, 0.8834475946084814, 0.8833730974439589, 0.8835436027147805, 0.883373625379279]","[-20.444130764282928, -20.288509986485458, -20.32503395844639, -20.23034336797916, -20.080792830157115]","[0.32508509231609745, 0.31297191936337243, 0.33973016784344273, 0.2962224359946172, 0.33935534710256704]"
112,"[0.8989375972570197, 0.8988386819941048, 0.8990963812141041, 0.8988270774853026, 0.899092062081232]","[-21.16255672455193, -20.996105483020827, -21.054280121436012, -20.92059492123064, -20.80978907376851]","[0.2653961271503942, 0.2654914754646844, 0.26681611688994844, 0.2719310628786369, 0.2667714909221371]"
113,"[0.8970756057779365, 0.8973622654971113, 0.8967871327863979, 0.8978925536231979, 0.8967957380890986]","[-21.551870937238625, -21.380250297404924, -21.444674797087668, -21.29145162837469, -21.200224618803993]","[0.2700358894600333, 0.26328475391263795, 0.27467340452951566, 0.2532239044547604, 0.27464325426881925]"
114,"[0.9077573492630739, 0.9082255259742917, 0.907257266439087, 0.9089024904447205, 0.9072681607132366]","[-21.1931507108093, -21.034573196524068, -21.07455232877012, -20.96846891851818, -20.830338384229215]","[0.24702771632681214, 0.2514392945570704, 0.24476999919672235, 0.2576425812252294, 0.24482519629946076]"
115,"[0.9107643432653659, 0.9109056783011229, 0.9105949053066142, 0.9110772238243879, 0.9105954455843499]","[-20.971618971295623, -20.79728852903026, -20.870215115370698, -20.708034307846916, -20.625584993193087]","[0.3750046981034942, 0.3799035592359208, 0.36944642794995064, 0.3872280466616972, 0.36958982228800724]"
116,"[0.8951869716596601, 0.8950450285785724, 0.8953833034533434, 0.8949242183026848, 0.8953785968458329]","[-20.964428926840785, -20.81072599922974, -20.837765539136598, -20.74818682430347, -20.593787211528024]","[0.5017889996428768, 0.4971511740662638, 0.4938892079599256, 0.48811981911790314, 0.49414382872507845]"
117,"[0.8816269386891653, 0.8820131598100767, 0.8812495422425498, 0.8826165064910324, 0.8812580545617357]","[-20.612568363894752, -20.443662498799238, -20.505196030804022, -20.362319343824517, -20.260707315943133]","[0.37046310882731415, 0.395201882473897, 0.34458469299611083, 0.4337583715185378, 0.3452195083950356]"
118,"[0.9062656029676066, 0.9062601190491586, 0.9063189374933337, 0.9062071276398952, 0.9063184843251896]","[-19.332466315976614, -19.14877899534569, -19.244982291858552, -19.050298565088244, -18.99995580986174]","[0.46557591708541135, 0.46648610789479816, 0.46403463069461737, 0.46683490168260405, 0.4640779793777864]"
119,"[0.9545493755973863, 0.9540714310160096, 0.954898169309409, 0.9531818095129111, 0.9548900584209371]","[-19.80873013568837, -19.63022249259933, -19.71235359042978, -19.535455732472265, -19.467592781247774]","[0.6489911816989957, 0.6497011751593652, 0.6499205539132625, 0.6529839694724913, 0.6498817406996327]"
120,"[0.9600223072915608, 0.9600663476267369, 0.9598188561937575, 0.9595305200681995, 0.959832161385165]","[-19.4506223041078, -19.274848320469783, -19.354060782259598, -19.187495158275816, -19.10926261346476]","[0.3663215128758808, 0.3748463726203033, 0.35610075982193296, 0.38638901675593773, 0.3563646504147663]"
121,"[0.9639725627171151, 0.9638063438101877, 0.9640713489940972, 0.9634894091625107, 0.9640715779783786]","[-19.852288253432338, -19.69704353543328, -19.732751624779283, -19.639408652330648, -19.48852086485605]","[0.46790642673792465, 0.46816425998613515, 0.4672298982320998, 0.46829432331896165, 0.4672498202950794]"
122,"[0.9684247079544913, 0.9680840648098457, 0.9687317350834408, 0.9674452427847929, 0.9687283611303994]","[-19.534021918228493, -19.363432798654184, -19.432359596493416, -19.284436338221823, -19.1876777071181]","[0.4350489505006853, 0.4412588316805625, 0.42777348146565036, 0.44986021318732294, 0.4279591752486604]"
123,"[0.9653043792431509, 0.9649734612928915, 0.9655020365618361, 0.9643541965688612, 0.9655028279434533]","[-19.023595585990126, -18.833411705011013, -18.94408253323123, -18.726411546058607, -18.698848057265028]","[0.6183585028894557, 0.6301971846274423, 0.6083920778383394, 0.6479175545631508, 0.6086391814961803]"
124,"[0.9231727145482131, 0.9228893459922007, 0.9235480930892975, 0.9225189610519171, 0.9235369732862219]","[-19.40290451212973, -19.187807683400855, -19.35317980781145, -19.04731667282518, -19.107179827857056]","[0.5593065790151764, 0.5696018341369938, 0.5468624076950551, 0.5834268222244459, 0.5471829729929786]"
125,"[0.8936310740700761, 0.8936012956588025, 0.8936497927638549, 0.893511008752561, 0.8936499270644181]","[-19.435397166167817, -19.25504645539374, -19.344674964747522, -19.161961559496515, -19.099720454618875]","[0.36055492211711726, 0.3667609496154131, 0.3532644396398647, 0.37947722130494244, 0.3534482077798297]"
126,"[0.8888914379104302, 0.889284552479553, 0.8885242233542889, 0.8898982356104609, 0.8885326366837094]","[-20.32892802901165, -20.159240060964194, -20.22385204446313, -20.078540592909757, -19.979288026048113]","[0.516022174541243, 0.509061184480364, 0.5253162174026026, 0.49998925977038466, 0.5250906361834379]"
127,"[0.9265950435684818, 0.9268960750138898, 0.926196445843035, 0.927243824985969, 0.9262069985840842]","[-19.390746390366907, -19.198620295608826, -19.31261532109315, -19.087934148882532, -19.067359360932805]","[1.0404616970082774, 1.047876245106462, 1.031417570188079, 1.057284855856006, 1.031656109099299]"
128,"[0.9632000024553337, 0.962983814057438, 0.9632334335466822, 0.9624315445567507, 0.9632355060795864]","[-20.099764161616964, -19.935798151971312, -19.989742600234663, -19.865193877437935, -19.74527914801046]","[0.3487491263092563, 0.34633403284081204, 0.3497782869215619, 0.34491606929024066, 0.3497826167003425]"
129,"[0.9494946216901655, 0.9498050513401562, 0.9487627410026729, 0.9498938962471982, 0.9487822343795658]","[-20.355297509151004, -20.198451682181158, -20.2378685068801, -20.13890380595352, -19.993584445201552]","[0.35483654240599943, 0.354202751995057, 0.3555788496251785, 0.3533155816874503, 0.3555609558734594]"
130,"[0.9581220073585663, 0.9578693649882855, 0.9581296345326122, 0.9572674981349742, 0.9581313034978373]","[-19.8928848871049, -19.7280438166875, -19.784475752626268, -19.656983243911377, -19.539964717641094]","[0.48370593571613724, 0.4814960305786306, 0.4841763239556294, 0.47822240552593326, 0.48415856018666886]"
131,"[0.9631906830680843, 0.963418555755045, 0.9628875305230047, 0.9635970313640879, 0.9628968390315006]","[-20.64682138251996, -20.481592150628934, -20.53707779950593, -20.407735734581983, -20.29262492555407]","[0.21950817305004214, 0.2165856187882267, 0.22304457503209785, 0.2126146410285595, 0.2229528492644139]"
132,"[0.9520470073527907, 0.9520116678040609, 0.9516025672624518, 0.9517545551118214, 0.9516156030301213]","[-20.241945192182065, -20.08836353370337, -20.12027468053914, -20.032781848351874, -19.87610247976219]","[0.2769131865108503, 0.27693211407956103, 0.2768852600708702, 0.27690485328497677, 0.27688507002806384]"
133,"[0.9551135111759514, 0.9553015397064933, 0.9547803934954017, 0.95521687288344, 0.9547909434409697]","[-20.20100738684474, -20.046575350722236, -20.079986585207898, -19.98935881364359, -19.83580309661418]","[0.1894234807847382, 0.1894419826783733, 0.18939250211489367, 0.1894539245758973, 0.18939381203427755]"
134,"[0.9567677866121108, 0.9569995794404098, 0.9564898804067439, 0.9570433200351776, 0.9565017560435891]","[-20.501772755180205, -20.347028099253166, -20.380773161067015, -20.288927069772793, -20.136592554111893]","[0.5109486440757017, 0.5094986209441486, 0.5115465593288355, 0.5063840370411047, 0.5115409379723335]"
135,"[0.9553760056581901, 0.9555315109766107, 0.9551613588274529, 0.9554581682270228, 0.9551695297591961]","[-21.032524409783164, -20.877708853438275, -20.90982128824592, -20.817162908875716, -20.66571045570572]","[0.38699045974801277, 0.3805344120271252, 0.39547926806095013, 0.3722855274475204, 0.395248477473879]"
136,"[0.9542385307405749, 0.954531376709765, 0.9535414538456508, 0.9546147099477305, 0.953563219211218]","[-21.196192889121832, -21.037279209608208, -21.076765813639273, -20.969111252683174, -20.832586933332855]","[0.2899849955744833, 0.2920458406424177, 0.2876113995847157, 0.2965451021764677, 0.28768008246386817]"
137,"[0.9519176660472861, 0.9517283507216373, 0.9521730765695114, 0.9512204281649842, 0.952165650748395]","[-21.83544577888082, -21.67556243030451, -21.713454115671293, -21.601303066687233, -21.469387892075844]","[0.45004706424408913, 0.44921045694028994, 0.4496327891690963, 0.451059040589657, 0.4496548817054695]"
138,"[0.9536844017637236, 0.9536303718810042, 0.9534868117808644, 0.9534419216704668, 0.9534913297227657]","[-21.76535644550419, -21.60953560050805, -21.643456444825933, -21.54713927695642, -21.399325086809657]","[0.3705435517811835, 0.37508343518966947, 0.365749785897904, 0.3807534290418041, 0.3658635864383689]"
139,"[0.9525448325728442, 0.9525207019857366, 0.9522965634866721, 0.9523910473223836, 0.9523031734295802]","[-21.923208608548197, -21.762098576982055, -21.8045031827812, -21.688552388499524, -21.560332847782163]","[0.2762257928682139, 0.2735735906678958, 0.2798853184930339, 0.2629472875281364, 0.2797913364311521]"
140,"[0.9497164951550388, 0.9493991556255862, 0.9499956820546676, 0.9485403207655937, 0.9499879843617665]","[-22.08926967577312, -21.934483891895567, -21.962160920929957, -21.868210925983348, -21.718217647539234]","[0.316226643520565, 0.31968480120959364, 0.3107458510279467, 0.3244617683835984, 0.31102640572585233]"
141,"[0.9574251375640156, 0.9575242097197942, 0.9572966371390097, 0.9571542130186091, 0.957295133355495]","[-19.96308461817336, -19.77777484980394, -19.877521088029525, -19.677087982196667, -19.63244681094782]","[0.9392589080790769, 0.9379663117934214, 0.9373949030849399, 0.9360424279997834, 0.9376797209709917]"
142,"[0.9487168755224348, 0.9486820871245639, 0.9485668039692051, 0.948318620086386, 0.9485681022628255]","[-21.867936370941433, -21.70950567570469, -21.748399279689785, -21.642614521160805, -21.504221656750648]","[0.34713370064584076, 0.3456565910610548, 0.3485890701021761, 0.3433555536156329, 0.348548748552306]"
143,"[0.9536283725111663, 0.9535087016403626, 0.9534725875751252, 0.9531182928358607, 0.9534807994147043]","[-22.218657403459737, -22.04588688162456, -22.112375967132838, -21.955024348184107, -21.867919412990155]","[0.5095763323210941, 0.5146597612450072, 0.5053063275213122, 0.5180633637032679, 0.5052169410739401]"
144,"[0.9502472807337294, 0.9501647286328748, 0.9503323781162109, 0.9498176586684203, 0.9503299185970316]","[-22.32347635002478, -22.152853821454748, -22.21495372506432, -22.0652341259202, -21.970529139081492]","[0.40960836504086007, 0.4121084994755275, 0.4067200183333909, 0.41590818766310506, 0.4067900821131536]"
145,"[0.9524340926819385, 0.9524933111975825, 0.952286951106339, 0.9525190176224996, 0.9522976424228499]","[-22.33334277939373, -22.15742475898271, -22.22807966027535, -22.058995622201692, -21.983624781309672]","[0.38554465866972243, 0.3873506030296698, 0.3793594481732512, 0.3965042576493648, 0.37952256881836893]"
146,"[0.9539144512232481, 0.9539642379161769, 0.9537532535905893, 0.9537678859278648, 0.9537575124026411]","[-22.35708339802385, -22.19756217111501, -22.233226642981585, -22.12191638475411, -21.989229867396467]","[0.14463904731652008, 0.15139069111108833, 0.1411974492173899, 0.16984435138963816, 0.14120657895357375]"
147,"[0.9505288391594131, 0.9507032395601737, 0.9502255052801464, 0.9506370178281734, 0.9502345298836113]","[-22.301996262158326, -22.13260997305833, -22.19197765397269, -22.046607728244428, -21.94760165589155]","[0.3506773352556643, 0.35537560839098026, 0.3432842168964272, 0.35819965413963406, 0.34346065270278764]"
148,"[0.9490691477155891, 0.9488301077996956, 0.9493597642782242, 0.9485390468435047, 0.9493571777357159]","[-22.282101867369327, -22.12999599877654, -22.149928755180827, -22.064820070678497, -21.906138775523484]","[0.3011841400083032, 0.297958017805394, 0.30448853237892815, 0.29472016749526997, 0.3044286885453872]"
149,"[0.9495508330883217, 0.9494715014885305, 0.9492976250960253, 0.9490845601369766, 0.9493054356466466]","[-22.456197147575867, -22.293949299553145, -22.33509767008489, -22.21408326522034, -22.091042663367812]","[0.5004428452305719, 0.514583134509832, 0.48432235954024344, 0.5237140319810777, 0.48473267223182986]"
150,"[0.9540303310030912, 0.953568544329285, 0.954044404986203, 0.952932357101043, 0.954045203431797]","[-22.19749795938074, -22.026194859898993, -22.08940037128586, -21.937174653231658, -21.844978117374794]","[0.5275776089550261, 0.5230376360572548, 0.5332945398110699, 0.517897141159566, 0.5331423493805114]"
151,"[0.946502911903384, 0.9463919565513065, 0.946393820900933, 0.9458719471730745, 0.9463977793310113]","[-22.6283633166307, -22.452224743916446, -22.523993127952956, -22.3543021806715, -22.279505075306638]","[0.18770176238137876, 0.18777139384062638, 0.18796033402459478, 0.18850151182639052, 0.1879448422969188]"
152,"[0.9520591962424335, 0.9519955997319115, 0.9518442810364659, 0.9516580406206904, 0.9518551468566107]","[-22.28421984668828, -22.114784966277156, -22.172063969311857, -22.025958623565412, -21.92777089140304]","[0.4939824261148497, 0.4794206060138, 0.5168347551135123, 0.4616265182011651, 0.5161456357093314]"
153,"[0.9472990503195112, 0.9472928676823804, 0.9472330046078983, 0.947006533258186, 0.9472367411250191]","[-22.420215536172666, -22.243136469584318, -22.316214169441245, -22.143067307922145, -22.071728737517162]","[0.2943425810624038, 0.2841587061087517, 0.30629106257060823, 0.26726275331918853, 0.3059860362948774]"
154,"[0.952422311760661, 0.9523232405874715, 0.9524869127827503, 0.9520263633304894, 0.9524913390532393]","[-22.263284718753297, -22.092148622888853, -22.155588635242058, -22.004083099143482, -21.911147337832972]","[0.20208486349640756, 0.19783973286235063, 0.20786740983251317, 0.19274691973150498, 0.20771525818064243]"
155,"[0.9534065835688352, 0.9529896861363745, 0.9536068495927954, 0.9520739974094747, 0.9536080649380128]","[-22.57897213596892, -22.429233181190522, -22.439571671151946, -22.361244651646086, -22.196017971707338]","[0.22058125843472917, 0.22024926919025575, 0.2291503786828214, 0.23629165705829136, 0.22894909938705177]"
156,"[0.9506132488418728, 0.9504725353615409, 0.9505882244327215, 0.9502242566909435, 0.9505914123700977]","[-22.370336009522923, -22.203042882700196, -22.256638867474525, -22.118306121225363, -22.012383415639245]","[0.42775426136301786, 0.4128807172908441, 0.4435575015155077, 0.39158940704814893, 0.44321069830468246]"
157,"[0.9543335473861915, 0.9540986936728038, 0.9544969708084887, 0.9538015536959308, 0.9544945506193835]","[-22.312771532580637, -22.147269459153282, -22.19578655803246, -22.063444385855764, -21.95162014129933]","[0.5332671648248289, 0.5383809481613322, 0.5249668264621328, 0.5450531935902213, 0.5249569777687945]"
158,"[0.9424051197548226, 0.9418758806929537, 0.9427622106071971, 0.9413199354887097, 0.9427563151319154]","[-22.58231737531947, -22.429517258960107, -22.45229371402421, -22.36513563519687, -22.208433013663196]","[0.5097237824850069, 0.49071709984352946, 0.5245371071112922, 0.4666961932014517, 0.5241605892251684]"
159,"[0.9543763886675416, 0.9544915061212006, 0.9540272294444065, 0.9547573022187235, 0.9540422323265572]","[-22.095001855319953, -21.903523180369568, -22.008625439075033, -21.785015405406405, -21.76369120373158]","[0.25631163246094973, 0.2513317810765856, 0.2630639343785067, 0.24536574112364357, 0.2628793181400923]"
160,"[0.9554652627947233, 0.955094753019911, 0.9562504663073093, 0.9545768686026715, 0.9562324610078164]","[-22.21767071486194, -22.04984867481761, -22.10021027309797, -21.95884247563117, -21.856094426915064]","[0.3928131921231109, 0.3858076372375226, 0.4011432683107698, 0.375756834193759, 0.4009300314357738]"
161,"[0.9527639902128691, 0.9526204218969089, 0.952693064741101, 0.952212590005827, 0.9526964498274867]","[-22.369305473405056, -22.193527798027784, -22.267436569154242, -22.099684719906524, -22.022848672075483]","[0.38290401256841833, 0.38949533299086425, 0.38470498761118893, 0.3699130581869647, 0.3845833363274431]"
162,"[0.953435242027167, 0.95350682734041, 0.9531048913195082, 0.9534821817234185, 0.9531116617390364]","[-22.263838905005667, -22.08518629998963, -22.162336025423787, -21.983809685222294, -21.91778277972069]","[0.3486801787105444, 0.35392861354420035, 0.3386260906702158, 0.35962154802669516, 0.3389621820657626]"
163,"[0.957234176468473, 0.9567758689492281, 0.957598590718776, 0.9559120141247264, 0.9575926769018254]","[-22.10000169440032, -21.94371524892272, -21.974306121540163, -21.874972024243263, -21.73033177748415]","[0.1841381871225789, 0.18699017514593974, 0.18827098871274078, 0.19618560392903153, 0.18814709362171325]"
164,"[0.9494678703769919, 0.9492454081761165, 0.9494342642524782, 0.9489352188672027, 0.9494321581044575]","[-22.65817981021892, -22.481034048168297, -22.55469518807745, -22.381427569713836, -22.310192944227712]","[0.23289285494896467, 0.2218657465337127, 0.24572385653974474, 0.20764712695510643, 0.24540738643894383]"
165,"[0.9548458753527466, 0.95506693591267, 0.9547766361038839, 0.9551629134587505, 0.9547779540492104]","[-22.252662399658234, -22.083016998512125, -22.140832162492124, -21.99396922033918, -21.896534249848088]","[0.354699998920183, 0.34885474537211564, 0.36340391392718885, 0.3469843736858812, 0.3631603909623972]"
166,"[0.9527302170643579, 0.953117292523976, 0.9522737267663359, 0.9534073509832842, 0.95228240351912]","[-22.258527192289062, -22.07248862504714, -22.167817659253203, -21.963714500698142, -21.922953676424406]","[0.5065161491894208, 0.5206837177283069, 0.49091436464800803, 0.5336880828334795, 0.4913192571185471]"
167,"[0.9527196380255193, 0.9524569675211464, 0.9527106410363588, 0.9521408931974952, 0.9527152568816819]","[-22.340691082678678, -22.165773946006382, -22.238460694348955, -22.07388861996624, -21.993864359243105]","[0.2822876724869311, 0.28311125373111834, 0.2774950223424117, 0.28102512854799383, 0.2776179644300565]"
168,"[0.95114353482819, 0.9512190433515012, 0.9511878722221612, 0.9511077789479216, 0.9511819307898566]","[-22.210666873799575, -22.041874224222433, -22.10059411140686, -21.957484658036382, -21.85621863558568]","[0.4307717767503953, 0.43044792246007224, 0.42854990120012815, 0.4238306745406978, 0.4285974835327434]"
169,"[0.950722200795664, 0.9507016030922564, 0.9507491869891512, 0.95045067094557, 0.9507477515418967]","[-22.33351290641658, -22.1660978682025, -22.21990984956976, -22.08113393960437, -21.975640029802328]","[0.39765682859907237, 0.41385696280519313, 0.37695199509134714, 0.4352574434413251, 0.37747965098816044]"
170,"[0.9532397717728829, 0.9529625725544285, 0.9534467403405774, 0.952436270540577, 0.953445738142406]","[-22.4522942766717, -22.297163030137984, -22.324674739571744, -22.229224400963094, -22.080757321818023]","[0.3907449922347147, 0.3923988233189004, 0.39075171132079345, 0.39527673180994843, 0.39075619525369226]"
171,"[0.9514149082738773, 0.9514826200855161, 0.9511298474757491, 0.9512070435316877, 0.9511382272364098]","[-22.418891384129278, -22.25462481078223, -22.30006617294945, -22.171952785262295, -22.05594892363615]","[0.43653505411299703, 0.4484127922131341, 0.4294897642159401, 0.4610370852497188, 0.42966042068974164]"
172,"[0.9475739696747628, 0.9472618351319383, 0.9477178726781949, 0.9465442299226924, 0.9477131558240399]","[-22.476541941070032, -22.308084720926672, -22.364378516193497, -22.221992572641625, -22.120071549978334]","[0.405760651681394, 0.4231717264019662, 0.39251519164389237, 0.4172357558367688, 0.39296723088368635]"
173,"[0.9511130398639674, 0.9506635225648272, 0.951495112526793, 0.9500690271594732, 0.9514833059755959]","[-22.61996815049982, -22.448067965671452, -22.51186009607807, -22.357324724618746, -22.267451665947437]","[0.28070880331599746, 0.2815736184873444, 0.27259309560763445, 0.2882194254251787, 0.27279532715591454]"
174,"[0.9482989038793216, 0.9483277207107262, 0.9481377503293709, 0.9479802866608339, 0.9481440071365312]","[-22.440445896470056, -22.272313419368068, -22.32667234864066, -22.18512698843435, -22.082420291794698]","[0.48275057068706123, 0.4721500131971258, 0.4863494415471186, 0.4568350509686689, 0.48637301751725176]"
175,"[0.9503593756638332, 0.950070656271114, 0.9505606978590208, 0.9496317354066793, 0.9505568330644523]","[-22.395915364596522, -22.23189532892866, -22.28033590803973, -22.154055457721935, -22.036088717805146]","[0.4839080888015487, 0.49136509731552425, 0.476289916885634, 0.501522235322166, 0.476378667446019]"
176,"[0.9465640259653404, 0.9463120205386568, 0.9467838981809134, 0.9459346118159837, 0.9467789023137788]","[-22.403003748268418, -22.236224389921645, -22.288114229160197, -22.151401778120075, -22.04389147946853]","[0.4120628119348935, 0.41495852561109825, 0.4072626401516428, 0.4192590299992336, 0.4074689731344149]"
177,"[0.9485064161944835, 0.948272346562023, 0.948711595270601, 0.9476521199070068, 0.9487134662571948]","[-22.545849412480884, -22.380927516121766, -22.42860417621028, -22.29840242504667, -22.184432557459424]","[0.28879735271584195, 0.2946227876912275, 0.28167759042964685, 0.30095035871959824, 0.28182540297252556]"
178,"[0.9590737932092599, 0.9588863488046885, 0.9593999212698006, 0.958477322038447, 0.9593913557553955]","[-22.050181034142543, -21.889944386774182, -21.925470693229496, -21.81111932257537, -21.68151865718915]","[0.47349674459496516, 0.5072725473883833, 0.4640447472030839, 0.5616389636062776, 0.4642163579141786]"
179,"[0.9472517191528899, 0.9472527574113514, 0.9473410480801754, 0.9468813353108789, 0.9473401059554517]","[-22.507769346502798, -22.341950278141884, -22.392456356044097, -22.259324469953132, -22.148225405791113]","[0.33882844055664074, 0.339843040743904, 0.3280860847987945, 0.33969582455186514, 0.3283751400258634]"
180,"[0.9479860557487205, 0.9476194345836585, 0.9483769164060829, 0.9470646633894617, 0.9483663286733938]","[-19.79143676604719, -19.573522472276604, -19.74497924531629, -19.42914612457097, -19.49889728459488]","[1.0294374520920146, 1.0290272651947343, 1.0301063372259627, 1.028702089814792, 1.0300544000440421]"
181,"[0.8940540300458129, 0.893948916456291, 0.8942291534827601, 0.8938267823526015, 0.894224502903027]","[-19.525671478788293, -19.303384026224357, -19.478843063731553, -19.147346784084323, -19.232853660211898]","[0.2528711847222018, 0.2557015456977285, 0.2527693929602637, 0.2618927864594637, 0.25277275152936]"
182,"[0.9008300544716252, 0.9011025746758067, 0.900496128737852, 0.9014594529367765, 0.9005046203167351]","[-20.69054433345601, -20.447405955059562, -20.661903881036395, -20.257468694965475, -20.415555286076586]","[0.47414062186290895, 0.5080506584481548, 0.43472479765794847, 0.5564760574296573, 0.43557442263487506]"
183,"[0.9357534503245738, 0.9359041124800702, 0.9355950114082526, 0.9360701186002763, 0.9355962066020479]","[-22.300460026324423, -22.146683223240988, -22.17361872486672, -22.083676797128305, -21.929650072642396]","[0.34397355982935135, 0.3525602050808552, 0.33298593209106936, 0.36397941298017744, 0.333247320561111]"
184,"[0.9479892316659354, 0.9482161597090426, 0.9477290674594855, 0.9484014633631885, 0.9477336572186714]","[-22.01679725396089, -21.85203274666431, -21.904133946918677, -21.77580178267565, -21.65978921732291]","[0.2623575786316394, 0.2665915319087259, 0.2577343175813466, 0.2724911241499698, 0.25785094580055]"
185,"[0.9528971381337802, 0.9529524481141327, 0.9526538170010862, 0.9529283982373898, 0.9526669026788864]","[-21.870429613239306, -21.70742994851311, -21.7543627645097, -21.63185200767319, -21.510114558876293]","[0.32881475496331, 0.322198487983038, 0.3359293619578724, 0.3118788255383243, 0.33576790677272145]"
186,"[0.9557302030103805, 0.9556869436919261, 0.9558309124168393, 0.9554969880066598, 0.955830249522414]","[-21.790949731291764, -21.609566832907124, -21.69688862861739, -21.509586723720844, -21.45208197153324]","[0.17428508474952406, 0.18476747127668217, 0.16453344351286261, 0.19996037890089266, 0.16471594730226502]"
187,"[0.9596510506337547, 0.959678684401656, 0.9594545129551179, 0.9595909578694691, 0.9594622180131532]","[-21.42263606968774, -21.244353041256506, -21.326662476967165, -21.150710324495172, -21.08188047074968]","[0.40951109213704057, 0.4157617809873121, 0.40325630632940507, 0.4265193656091696, 0.4035110892958813]"
188,"[0.9584411641973877, 0.9587144932172992, 0.9580270363219668, 0.9590519897105422, 0.9580386950002198]","[-21.5868954810621, -21.398532537460873, -21.50101255867922, -21.289089675589594, -21.25599843395407]","[0.3889291336209289, 0.3732212825774889, 0.39250412370851845, 0.3444675724873034, 0.39240696306624656]"
189,"[0.9586469760459729, 0.9588105836135458, 0.9584867250144475, 0.9588534361649534, 0.9584936828682756]","[-21.310587920008338, -21.13364241609821, -21.210474557196157, -21.038658658472755, -20.965830782067368]","[0.40083803429234266, 0.405764516493963, 0.3922374822594169, 0.4047967620563694, 0.3924409099190089]"
190,"[0.9606149901340124, 0.9606574882420571, 0.9605007052092513, 0.9607100789914065, 0.9605056493546101]","[-21.286078426688075, -21.097942663353404, -21.201972766439354, -20.991195857993073, -20.956885532526016]","[0.37308903934781995, 0.3710205074161149, 0.3766320528070068, 0.36884114615655583, 0.37651550777105514]"
191,"[0.962541363036998, 0.9627630330762157, 0.9623109092918741, 0.9629896144085259, 0.9623184813837736]","[-21.09992439245085, -20.911850268140018, -21.01491427737666, -20.804235221223205, -20.769866305406172]","[0.26709829690820974, 0.27583163368556785, 0.25671019399019623, 0.28777105291014743, 0.2569753402837096]"
192,"[0.9617924059644937, 0.9620407784554648, 0.9613849124785548, 0.9623059229984391, 0.9613974844823951]","[-21.06309240434384, -20.876593232302987, -20.976187761792225, -20.77104035549131, -20.73118251082632]","[0.16157980895264334, 0.16564499579255465, 0.15615133938229678, 0.1711537855257243, 0.1562979253923013]"
193,"[0.9645749569089657, 0.9647044262202564, 0.9642314967703823, 0.9647049169626332, 0.9642467437161061]","[-20.787879295707203, -20.5989698203561, -20.70365807683006, -20.489972713818634, -20.458589417378708]","[0.27611933072555445, 0.2748858300166182, 0.27924943968591776, 0.27400873563049116, 0.27914107620121975]"
194,"[0.9646825262931159, 0.9649310579437678, 0.9643149007773996, 0.9651087000648644, 0.9643262611170555]","[-20.72573682028569, -20.528950666580712, -20.650834595666446, -20.40934620391883, -20.40552557497257]","[0.5409325256410638, 0.5349315538173226, 0.5483418001314599, 0.5270616336236285, 0.5481500473732561]"
195,"[0.967041882027427, 0.9674059141352536, 0.9665760206592344, 0.9677467010435687, 0.9665875248695008]","[-20.62613007596028, -20.428202605872357, -20.55244996558505, -20.306898156658857, -20.3071149470664]","[0.41424484880281814, 0.41316577987102493, 0.41591392114321457, 0.41188857198925993, 0.41586688278761696]"
196,"[0.9634224970096196, 0.9636507442070575, 0.9628323004195551, 0.9639053024271227, 0.962846858238474]","[-20.26881898035862, -20.085253409385064, -20.179067959229492, -19.984403605005898, -19.934129488578627]","[0.38697116284979943, 0.38367150942248196, 0.39135660200168954, 0.38005938850049503, 0.3912326549497011]"
197,"[0.9657422444659306, 0.9659826782490449, 0.9655286869469699, 0.9661291370593894, 0.9655345041407695]","[-19.99606833472296, -19.786641537351905, -19.936358222029156, -19.6502870832386, -19.690660094654625]","[0.5047002380726037, 0.5033266240395313, 0.5056806644102324, 0.5006019894680528, 0.5056689336375116]"
198,"[0.9643809986632573, 0.9645039506569429, 0.9640709940036646, 0.9645714102012414, 0.964080500723654]","[-19.816851129923947, -19.622520567557128, -19.740270569479982, -19.50762695156053, -19.494990368258026]","[0.3734888067446351, 0.37466315933680294, 0.37240018770575356, 0.37897259840253233, 0.37242337450091384]"
199,"[0.9675883697518853, 0.9678161043688093, 0.9672049620159425, 0.9680914368358053, 0.9672130011557136]","[-19.683742276258943, -19.48948617322757, -19.60710811723358, -19.37472805634901, -19.36182731023151]","[0.24699033000068527, 0.2474600674659144, 0.24649258088324774, 0.24816116964809215, 0.24650510461505468]"
200,"[0.9668805280861202, 0.966875989946355, 0.9667871906456345, 0.9668260226848958, 0.9667903337932384]","[-19.742029203952633, -19.552211207805673, -19.657488069669597, -19.44036701920354, -19.412445431696042]","[0.34841808708287414, 0.33271587324895413, 0.37445494883047903, 0.31162663619955683, 0.3736649177865012]"
201,"[0.9686562232929433, 0.9689940587732514, 0.9682600497326063, 0.9691190045901706, 0.968267037082521]","[-19.91972900340275, -19.71555597591526, -19.853779516431754, -19.58623541500205, -19.608240946355792]","[0.41233784564959486, 0.4130572916641803, 0.4115953591205323, 0.4141988596226308, 0.4116133162942158]"
202,"[0.9693827439809667, 0.9694043301808425, 0.9691223881771562, 0.9694314962246173, 0.9691314734852995]","[-19.524693399087262, -19.318770570204, -19.461431370986503, -19.187780182714462, -19.21581805155154]","[0.35691029236867167, 0.35548631851556695, 0.3585620907822556, 0.3544890234791932, 0.3585205316105125]"
203,"[0.9676445332357589, 0.9679490219835458, 0.9674784538148352, 0.9683138296236262, 0.9674831772868866]","[-19.600907821426038, -19.392415821888346, -19.539139489352607, -19.256276861112397, -19.29350922938076]","[0.4245462302744023, 0.426762801755492, 0.42221025490018244, 0.4298042649668396, 0.4222641555083284]"
204,"[0.9669132592307216, 0.9667598960471123, 0.9670589345888724, 0.9665769707328362, 0.9670517684028763]","[-19.76067140287385, -19.552358590600456, -19.69932930920531, -19.417154615646126, -19.45367789263846]","[0.6353258249277495, 0.6293223785676612, 0.6414334095127731, 0.6213131400158987, 0.6413207514522432]"
205,"[0.969090938919378, 0.9688512563331197, 0.9694278604270247, 0.9685402605853624, 0.9694138129148867]","[-19.581586518138693, -19.37567298735649, -19.518231585093478, -19.244601060741367, -19.27262120477591]","[0.2775346309992239, 0.2706396712196199, 0.2860437721300029, 0.2615057971772614, 0.2858217336340746]"
206,"[0.9686678153785121, 0.9685247477476147, 0.9687327906253516, 0.9684717119760051, 0.9687303407808555]","[-19.73694526250425, -19.51486161548701, -19.691741569249412, -19.36103497605253, -19.445684080532146]","[0.30534758694990927, 0.30603177035056867, 0.30485546087499316, 0.3081440864157459, 0.3048679238464221]"
207,"[0.9696661273432428, 0.9695582132903506, 0.9696786742298683, 0.9692545073165708, 0.9696803566645283]","[-19.78942588789151, -19.57975619371484, -19.727933814751403, -19.44082775614747, -19.482312815255654]","[0.3621987934025208, 0.3508307585917094, 0.3762148191057865, 0.33600099278975065, 0.3758466576418331]"
208,"[0.9705874355286311, 0.9706057040266314, 0.9704748449777729, 0.9705106678991895, 0.9704804177579529]","[-19.823343978829, -19.60553122267968, -19.7735399387276, -19.45789638672343, -19.527592426845853]","[0.23944141329513607, 0.2320262622404655, 0.24930290870881064, 0.2265036511117298, 0.2490329889737357]"
209,"[0.9546769661685592, 0.9549499311205442, 0.9546204806891867, 0.9554381813622683, 0.9546200828203645]","[-19.42111249656079, -19.193089534907124, -19.378764855782965, -19.027078207497265, -19.132695883196675]","[0.37349078718013756, 0.3778056667418955, 0.3693987922870947, 0.38458316204279375, 0.3694954533761597]"
210,"[0.9715540599092729, 0.9712604767113999, 0.9716456774481828, 0.9707085192311652, 0.9716435887034812]","[-19.725042186574473, -19.528265648594033, -19.650037157360313, -19.408560747390833, -19.40473496402313]","[0.41937205922079046, 0.40534434197133135, 0.4157460952881261, 0.38017988244826917, 0.41585039363911247]"
211,"[0.967138157853796, 0.9669441446587702, 0.9673092619433551, 0.9666760353114485, 0.9673060333096795]","[-19.730509209037415, -19.538092906371606, -19.64758723453636, -19.42108951593048, -19.402525820835198]","[0.19841285134437084, 0.19985520128778397, 0.19706387123907526, 0.20213349250604254, 0.19709807274991606]"
212,"[0.9689727451361971, 0.9691511229501149, 0.9688742116045439, 0.969386795809004, 0.9688779737123537]","[-19.75663002723134, -19.543774160192044, -19.701449474979224, -19.403318745508077, -19.455629160009707]","[0.3594390378633763, 0.3600019623506659, 0.35863577857672624, 0.36060219937770455, 0.35862375823694903]"
213,"[0.9708284601905687, 0.9705053422640016, 0.9711561538344828, 0.9701007639361856, 0.9711462348172133]","[-19.647550341688465, -19.43684395793322, -19.587200679177144, -19.29643289417775, -19.34155083643344]","[0.2595385227208653, 0.2579954080592973, 0.2614602110409556, 0.25659671997224914, 0.2614110938435826]"
214,"[0.9711592162531694, 0.9712184988994985, 0.9710708861737823, 0.9711402952060703, 0.9710778171747901]","[-19.673481138728185, -19.463892380566755, -19.61288774632723, -19.326154873144112, -19.36722984300209]","[0.4183447879145169, 0.41292400467154355, 0.4252840612944002, 0.40596292846864623, 0.4250999783019678]"
215,"[0.9710868317977638, 0.9710468097866606, 0.9710769604969227, 0.9710937810984135, 0.9710789651712395]","[-19.547984020985115, -19.340807705367933, -19.485129104297894, -19.206946015074767, -19.239519033098368]","[0.2727203169590658, 0.2840606302067018, 0.26035506983266604, 0.3007255482100387, 0.2606535304714105]"
216,"[0.9698555763306593, 0.9698693434717064, 0.9698305879839112, 0.9700164892900266, 0.9698306565620617]","[-19.500603368887866, -19.291152668262583, -19.437114942979758, -19.15062971211181, -19.19156887341285]","[0.32987206367470434, 0.31942637320366446, 0.3429432293507966, 0.30580149486046254, 0.3425966758800517]"
217,"[0.9683871214943938, 0.9682939197278574, 0.9685382944642958, 0.9685321363589956, 0.968540925892703]","[-19.516315900401736, -19.30386951844717, -19.458124713104088, -19.161241933159904, -19.21241994122423]","[0.41245755244751675, 0.4005876951352279, 0.42889036196939506, 0.39128652191816043, 0.4284435751016151]"
218,"[0.9712523224692451, 0.971298368506046, 0.9714827472535937, 0.9712592055381467, 0.9714766229365214]","[-19.828754045477673, -19.626156296369917, -19.756099823418836, -19.493568704929356, -19.510802497875936]","[0.46117244338797797, 0.46254847522684933, 0.4477175349663002, 0.44470060521229404, 0.4480506500551581]"
219,"[0.9716638042626868, 0.9717441394924321, 0.9715454148968958, 0.9717348387812216, 0.9715538058787138]","[-19.679794920719814, -19.45793165536188, -19.632726881017685, -19.302734119989868, -19.386740200623283]","[0.5170518144429808, 0.5233231911886038, 0.5089578690600389, 0.5313527430651935, 0.5091775759450903]"
220,"[0.9739066840434496, 0.9737030235727658, 0.9740701861859196, 0.9733371203630252, 0.974068854185446]","[-19.431811307041812, -19.21841413763422, -19.376409061621075, -19.076293832349393, -19.13060876401424]","[0.39389703906419965, 0.38572408389923085, 0.40251342671350454, 0.37211266872735604, 0.4023327615973324]"
221,"[0.9734729850155497, 0.9734024793807441, 0.9735068295638909, 0.9731061196091827, 0.9735082466870051]","[-19.47670528550318, -19.283509653832873, -19.39613201262608, -19.167098745998413, -19.150989987032638]","[0.24176841672950372, 0.23898655684465986, 0.24616144877607268, 0.23636476022434602, 0.2460387058108428]"
222,"[0.9743882655919758, 0.9745574886548777, 0.9741173593375168, 0.9745842860824347, 0.9741239409664261]","[-19.582515648820156, -19.358873946380015, -19.537408896379464, -19.201154019888705, -19.29137412140385]","[0.4803779495072563, 0.47491844196104344, 0.48802765833278483, 0.4683220857140056, 0.4877972250465575]"
223,"[0.915376423237983, 0.9160749085707839, 0.9146398294806212, 0.9170424633737897, 0.914657588726848]","[-19.009355366219594, -18.806764304911535, -18.93903583487987, -18.67679033329391, -18.693645300665967]","[0.37076109499389537, 0.36823398102550925, 0.38502912394470845, 0.3652201644898227, 0.3846700233920615]"
224,"[0.9704283627899066, 0.9705603580970058, 0.9701357906835174, 0.9704926639399338, 0.9701461376083844]","[-19.588115899762645, -19.386287706244136, -19.520294854717267, -19.26113813433293, -19.274791051242676]","[0.4163527640784486, 0.4176960550918554, 0.4156837572612744, 0.4198559056900465, 0.4156844474395381]"
225,"[0.9690523482256979, 0.9690278036292399, 0.968800801208988, 0.9690060550260685, 0.9688089850052132]","[-19.68727613330185, -19.458667758162786, -19.649924983540984, -19.296249268062347, -19.40366545814494]","[0.43612498515032716, 0.43822234680275646, 0.4334055803406047, 0.44059967728632543, 0.4334741819889702]"
226,"[0.9703220973373471, 0.9701589913479852, 0.9703473923344791, 0.9699584183745501, 0.9703499479527345]","[-19.590153612795373, -19.385758728750567, -19.524529039890716, -19.256210209988236, -19.27898204358754]","[0.22150846772839342, 0.22336151631003492, 0.21925759359671643, 0.22504018256746353, 0.2193152310142656]"
227,"[0.9737449576615237, 0.9737979704536228, 0.9738199152997156, 0.9738440187130712, 0.9738199952591362]","[-19.679664766627987, -19.458725494069803, -19.633568561253885, -19.306907043148477, -19.387526548785896]","[0.2911083536206968, 0.2906778492902875, 0.2917038210888453, 0.2901988836250099, 0.29168818785963335]"
228,"[0.9767240982587598, 0.9763460936955646, 0.9769733185279366, 0.9756788753046685, 0.9769651606907676]","[-19.318440787369738, -19.129876494136056, -19.233204892732754, -19.020634294323603, -18.988169535984085]","[0.34069364873690716, 0.3393498304313498, 0.342275307555982, 0.3374786250373168, 0.3422337337430155]"
229,"[0.9742214916332668, 0.9739375846097409, 0.9743543567538745, 0.9737393236832268, 0.9743549144604634]","[-19.538610743093155, -19.32526943939896, -19.482664651345246, -19.182713723609883, -19.236883345462495]","[0.38828360635898707, 0.40544085001867936, 0.36834470110512607, 0.42203686243522515, 0.36884935273423763]"
230,"[0.9751067386637187, 0.9750052335940732, 0.9753821590035326, 0.9746872893969074, 0.9753711122982196]","[-19.563049221965958, -19.35484878147816, -19.500784408284304, -19.21893250935419, -19.25516833467161]","[0.41197963839782253, 0.4115447442221233, 0.41241838031090056, 0.4118540370305812, 0.412435994352473]"
231,"[0.9726683233794639, 0.9727777850875431, 0.9723795289149302, 0.9727388456645111, 0.9723836621371592]","[-19.75979213596256, -19.55234385553622, -19.69229683779577, -19.412685008519862, -19.446876784840157]","[0.4111234181615475, 0.4073521175325588, 0.4152127564233485, 0.4027125719115022, 0.41512110525843504]"
232,"[0.976146634257248, 0.9760646127447786, 0.9763781780753553, 0.9760771634946631, 0.9763747900028641]","[-19.1266184890399, -18.921464386448143, -19.057818599828117, -18.786401255608553, -18.81241292335359]","[0.370081271850321, 0.37202439757511224, 0.3679348207755015, 0.37663194988234144, 0.36787924811507755]"
233,"[0.9003238832312832, 0.9009683384415408, 0.8995758432838049, 0.9019086017204102, 0.8995954425759584]","[-19.419497998528765, -19.192479534100638, -19.379054640355193, -19.03095144746688, -19.132891282746584]","[0.26697850341572876, 0.26039991013201663, 0.27245110130598515, 0.25435061184235114, 0.27230453673906285]"
234,"[0.958452472927288, 0.9583950709363076, 0.9585350294852263, 0.9582027138634647, 0.9585344248463713]","[-19.80966597599538, -19.62488272854644, -19.722227120534832, -19.52342051095259, -19.47721654185589]","[0.3732906408460508, 0.37335950989536054, 0.3689272909050182, 0.37351332377879887, 0.36904804375541356]"
235,"[0.9632232940473628, 0.9632027472488968, 0.9630888914278829, 0.9630994184131757, 0.9630904374701688]","[-19.614102111529697, -19.398835596323682, -19.562013448929633, -19.25538900496312, -19.316112381228688]","[0.4380171575898337, 0.44164425586758377, 0.43357304293839394, 0.4464433025369444, 0.4336894832367149]"
236,"[0.9677014967354408, 0.9678109318686205, 0.9676553586865242, 0.968051344026944, 0.9676566015514727]","[-19.660830989038743, -19.44794541985059, -19.6033573604923, -19.30494898692749, -19.357632869779984]","[0.3625233910665533, 0.3644839503515835, 0.36020035810159134, 0.3671909545904666, 0.3602599149723089]"
237,"[0.9696581573367962, 0.9699380412665244, 0.9693203912817464, 0.9702178835698876, 0.9693285510312989]","[-19.56963938544628, -19.36555541761983, -19.502320483801874, -19.234958907218044, -19.256836670641363]","[0.3080876046538297, 0.3096613413000868, 0.3082339027196869, 0.31199277889494126, 0.30820129891972714]"
238,"[0.9705404019117316, 0.9704984216105754, 0.9705510177439899, 0.9704150436365824, 0.9705549409943612]","[-19.413251869611386, -19.207387096135893, -19.34816499508356, -19.07453866859194, -19.10262301887823]","[0.2681647985659939, 0.2715915291057485, 0.2639446383852123, 0.27625032107926983, 0.26405237695381395]"
239,"[0.9731504233294666, 0.9733894755466621, 0.9727624084540145, 0.9736365483321769, 0.972777269907841]","[-19.441830563496257, -19.23295286522408, -19.381234048727194, -19.097081273680875, -19.135562434734013]","[0.4664974747641712, 0.46059874980781995, 0.47406357838185437, 0.45946982191142305, 0.47387207262354336]"
240,"[0.9724349293083149, 0.9724325683652183, 0.9724121484632733, 0.9723947314106566, 0.9724137874332871]","[-19.62164296613586, -19.403872523797, -19.568965699104538, -19.253313219808206, -19.32313249494345]","[0.37819132656732424, 0.3784441538151858, 0.37384463145595137, 0.3662134499769336, 0.3739759699163927]"
241,"[0.9726741302829776, 0.9727249872967939, 0.972372245489896, 0.9725503885314838, 0.9723835411575231]","[-19.70650030963229, -19.505733841668356, -19.633032405066153, -19.377094810135084, -19.38773791413804]","[0.3616319573749356, 0.36232298057442264, 0.36239491981256244, 0.36412629428438953, 0.3623423168053962]"
242,"[0.9704264185649419, 0.9703895113953648, 0.9703638379908841, 0.9702230088847057, 0.970366799575148]","[-19.466521097375583, -19.270282174375094, -19.38946753717155, -19.14968831324576, -19.144236789827048]","[0.3122850709390843, 0.31136664398669506, 0.3132227161893783, 0.309621004121458, 0.3132022773845087]"
243,"[0.9743814589245953, 0.9744421924776839, 0.9743986839559834, 0.974493090302228, 0.9744014154048063]","[-19.64698370629888, -19.423492637226527, -19.601227507208865, -19.265490883564247, -19.355215999792037]","[0.5419093390402547, 0.522498491287546, 0.5653225931489014, 0.49826160046532286, 0.5651673681707571]"
244,"[0.9747319210465536, 0.9746910379896873, 0.9746771040147342, 0.9746329315217065, 0.9746807753236205]","[-19.488943128244994, -19.27928510567071, -19.427750239617925, -19.14071520065844, -19.182116889356944]","[0.3306495554845169, 0.32860620259214735, 0.33307682476020595, 0.32575121232015936, 0.33301265384683426]"
245,"[0.9724610206317992, 0.9723523341574589, 0.9725072328790173, 0.9721467326490553, 0.9725022994759974]","[-19.679473235335, -19.467147629729542, -19.61974609363829, -19.32317985296058, -19.374100202105282]","[0.28449532620566237, 0.27258755022909115, 0.2995743841135732, 0.26042962268003633, 0.29918147462977546]"
246,"[0.9719766936911354, 0.9717115615379055, 0.9722665176921956, 0.9715041956614846, 0.972261148576332]","[-19.50950738897224, -19.298354426017486, -19.448803078810055, -19.156395228769764, -19.203176423188054]","[0.206941388174572, 0.206828389829195, 0.20718006617457377, 0.20683229370246925, 0.2071741602800445]"
247,"[0.9724559781953331, 0.9721888072242025, 0.9727044374700881, 0.9719733135403581, 0.9726999784559508]","[-19.580179536038372, -19.377180397845144, -19.50837001933299, -19.24446773529039, -19.263045604190385]","[0.3565364981220806, 0.34995452352861234, 0.3649382606300972, 0.3413488351576768, 0.3647240306965995]"
248,"[0.972679787031969, 0.9725181408604795, 0.9728529983113846, 0.9722873614303557, 0.9728478436394525]","[-19.520771688605763, -19.311184754990872, -19.459501467416356, -19.172709396032154, -19.213869706725447]","[0.4585272951365124, 0.45542165961112646, 0.46330152522705736, 0.4510192217762036, 0.4631722747488796]"
249,"[0.9736690719463053, 0.9735622003389981, 0.9737231889080175, 0.9735466123424457, 0.973718425878272]","[-19.61235270842157, -19.40825719782333, -19.542567974434085, -19.27489530855245, -19.2971822315426]","[0.35216390615063925, 0.34036629479023917, 0.3712573425126818, 0.3314424618990533, 0.3708581297229329]"
250,"[0.9745910896748734, 0.9746627943474844, 0.9744890347980515, 0.9746052494748899, 0.9744893878799841]","[-19.642928547767344, -19.42163117353949, -19.5943081953999, -19.26626054727543, -19.348374519013998]","[0.3746860323823771, 0.36047622306866134, 0.39416107942574563, 0.34317776307987646, 0.39362274270375763]"
251,"[0.9746008486718666, 0.9745621917396307, 0.974764164787546, 0.9743826249392029, 0.9747608011698367]","[-19.61240492457472, -19.41137713074826, -19.541402346279398, -19.284796977717356, -19.29601315391885]","[0.4285635643267535, 0.4229856625668055, 0.4365216717657354, 0.4176574534206905, 0.4363305392684297]"
252,"[0.9744498716174903, 0.9745114361203275, 0.9744542551017297, 0.9745605388057416, 0.9744549059353459]","[-19.479636810494135, -19.2636042022999, -19.424804487833935, -19.115251134831645, -19.179028221631448]","[0.1823502825727009, 0.1831398698159689, 0.1816071885910888, 0.18442136157528324, 0.1816241871381142]"
253,"[0.9754494893618436, 0.9751906506272, 0.9757463547515915, 0.9749230649232536, 0.9757410510794917]","[-19.50075767367297, -19.282561876853897, -19.448612925587604, -19.131474431704248, -19.202765725762195]","[0.38819586023655545, 0.38577442505276166, 0.39146759184161384, 0.38279760110068056, 0.3913683476897668]"
254,"[0.9735485138611228, 0.9735067491692322, 0.9736245716590963, 0.9734023889946299, 0.973626404749834]","[-19.644313929235313, -19.436781776865168, -19.57974590537054, -19.300113459190097, -19.334211240323675]","[0.39897982539824267, 0.39858282275920354, 0.3995512326939047, 0.39861355700863355, 0.3995259852266014]"
255,"[0.9739943679250934, 0.973962490753684, 0.9739687615978997, 0.9738121871141892, 0.9739724180558459]","[-19.517794992525488, -19.305026415520715, -19.462096467654863, -19.164238010298305, -19.216297061796716]","[0.38322028827374455, 0.3791317196167805, 0.38660968404877677, 0.3727451547480481, 0.38652143728962496]"
256,"[0.976284287504838, 0.9765848085348042, 0.9757131108520859, 0.9769461462738623, 0.9757338332612211]","[-19.527465016671613, -19.286906103593886, -19.501517115176405, -19.10590664891046, -19.255011833090368]","[0.38193868774235623, 0.37516623219313316, 0.39053999457876987, 0.36709622720742957, 0.39030641719475123]"
257,"[0.975881104003596, 0.9757554972976777, 0.9760570269528277, 0.9754877314017107, 0.9760526861080342]","[-19.601787336526076, -19.383936636424203, -19.54965947368262, -19.233751501732435, -19.3038044773971]","[0.3534829533338679, 0.35338832963501293, 0.3528155260615511, 0.3528076198976136, 0.3528438914137911]"
258,"[0.9736611589512653, 0.9735618197403303, 0.9738692139596512, 0.9733673207145624, 0.9738612478079013]","[-19.591627939081338, -19.392872897148145, -19.51646548748687, -19.26768403802047, -19.271203880194417]","[0.31127189218390916, 0.305574388438235, 0.31840790225552457, 0.298305833687363, 0.3182193265361746]"
259,"[0.9761463018514269, 0.9761800694992742, 0.9760680481194933, 0.9762486999027202, 0.9760698962262588]","[-19.596666232202384, -19.378569795574254, -19.544846730093077, -19.228072634695216, -19.2989833073748]","[0.4059183147147719, 0.4093943922999427, 0.40303527831625785, 0.42400242975168434, 0.4031021118473933]"
260,"[0.9759265495315231, 0.9757956632974449, 0.9760525215494331, 0.975426025097978, 0.9760503968763502]","[-19.626424763555946, -19.414288201220245, -19.566122447779634, -19.27020321917013, -19.320496805797905]","[0.3697791836784121, 0.37619518450166295, 0.36265213640558136, 0.38849626440626644, 0.36283004754110393]"
261,"[0.9746830926492565, 0.9745929072601532, 0.9748414724179205, 0.9745053432588932, 0.9748354290347283]","[-19.553982793071572, -19.34102416371513, -19.496379655220704, -19.19769409296368, -19.250659752839972]","[0.3459935543966992, 0.3391587031754389, 0.35412762274410825, 0.33018817394674904, 0.3539394914075202]"
262,"[0.973485933148392, 0.9731873555290486, 0.9737463228879738, 0.9729584151434308, 0.9737391878954885]","[-19.679221514926798, -19.464138007519797, -19.623492131029693, -19.317290762040273, -19.377732948871344]","[0.34146877520817365, 0.3274349158006182, 0.35884610645201437, 0.30939732675508946, 0.3584208081050868]"
263,"[0.9767826791522878, 0.9768973566248979, 0.9765886896070182, 0.9770700787513318, 0.9765950133558282]","[-19.517413900759937, -19.30723623696318, -19.455969735107033, -19.16702477932173, -19.210355788965575]","[0.38754851761040326, 0.37724545610630894, 0.39989226318619303, 0.36297744945877175, 0.39957226217543634]"
264,"[0.9733585258328008, 0.9734204391294473, 0.9733190208669024, 0.973391215313678, 0.9733203369484484]","[-19.63124296526661, -19.410906840671213, -19.583693405469823, -19.25911511995389, -19.337697761861023]","[0.4011077313547946, 0.39862581608602465, 0.4042722898014506, 0.39542512409661507, 0.40417464257386837]"
265,"[0.975655293397747, 0.9756196002673705, 0.9756028554374894, 0.9755748935556465, 0.9756035223760989]","[-19.58564886891388, -19.376339113509545, -19.523467776181874, -19.237601543389026, -19.277868475078467]","[0.2233166001907461, 0.21848481800262962, 0.23092624275514625, 0.21517276941139207, 0.23065547308733025]"
266,"[0.974360428409708, 0.9742456221161505, 0.9743928681481562, 0.9740841192114902, 0.9743873585156264]","[-19.57157416808937, -19.359273979474626, -19.5138134176719, -19.217493213684218, -19.26808725331261]","[0.4540795551635361, 0.45698564291802546, 0.449755842393332, 0.46214725069313, 0.44986744590078437]"
267,"[0.975679383060256, 0.9755149762232408, 0.9758302883157, 0.9751071920030143, 0.9758241220826016]","[-19.420579683420033, -19.204321273323693, -19.368275497610128, -19.058063244199747, -19.12239851863322]","[0.3172818352672335, 0.3132620149071842, 0.3249619818365833, 0.30903634805837077, 0.32475923942065327]"
268,"[0.9762329041389637, 0.9761917276868274, 0.9762860751387994, 0.9759732725879424, 0.9762863702574551]","[-19.743105002898428, -19.53126327197218, -19.682163381849655, -19.387244530894467, -19.436557534629483]","[0.42410029591397375, 0.42944723004258123, 0.41845760766646173, 0.43723492217384113, 0.4186000416167341]"
269,"[0.9749238418416792, 0.9749442597643733, 0.9748057748739375, 0.9750656663892446, 0.9748085204694339]","[-19.671023528447773, -19.461811682837897, -19.608492764916736, -19.322955282872144, -19.36290689396957]","[0.3700324252399937, 0.377381703683297, 0.3616167518869856, 0.3916913532506944, 0.3618369649486243]"
270,"[0.9743727285064416, 0.9744577452923078, 0.9741291271928469, 0.9744629421025268, 0.9741377930413465]","[-19.688287983893616, -19.47579004612891, -19.629983693170423, -19.33290938233059, -19.38428416882234]","[0.4603080365419251, 0.4583830230345857, 0.4608262636528859, 0.45775705035402886, 0.4608073995266144]"
271,"[0.9746910688552821, 0.9746013390639338, 0.9747218045498093, 0.9745082896849918, 0.9747241237368846]","[-19.33688301512951, -19.12465024919548, -19.280153537850214, -18.984154597146944, -19.034383414065566]","[0.315365760328185, 0.31383769097302117, 0.3176240787618007, 0.31231632850151697, 0.31755861066562513]"
272,"[0.9773793829217812, 0.9775013911465252, 0.9769299145830074, 0.9775079882456208, 0.9769439366140527]","[-19.611354528374488, -19.397306119708407, -19.555127675090905, -19.252615149301217, -19.30937175955349]","[0.26760587812694436, 0.27252369621700223, 0.2617292203695001, 0.27909247531710785, 0.26188116267191525]"
273,"[0.9744453080386077, 0.9743671510716665, 0.9744661644921224, 0.9742496091245832, 0.9744707100370942]","[-19.685708703099586, -19.4612466906157, -19.643160441668627, -19.30407166341869, -19.397037643170194]","[0.3679537744515634, 0.3637755133480838, 0.37635553929363463, 0.3608404962411302, 0.3761024516574086]"
274,"[0.9752959067249238, 0.97538265583906, 0.975090938908975, 0.9755554678541671, 0.9750980401372484]","[-19.592893535942427, -19.377038638562667, -19.53881671470836, -19.229951640792535, -19.29300600719924]","[0.17925668005884574, 0.1784287944900562, 0.18062765981352358, 0.17734427598629415, 0.18059100046824333]"
275,"[0.9738732095284183, 0.9739172351726689, 0.9737381301459488, 0.9740090529953994, 0.9737395644766295]","[-19.724239428999713, -19.52017306790754, -19.654852116773856, -19.387330832641393, -19.40945061313587]","[0.2860064393233306, 0.2835266131856863, 0.2890469802682137, 0.28024544065546897, 0.28896562144468146]"
276,"[0.9271338949342007, 0.9281307771792894, 0.9259297913488779, 0.9296482534384467, 0.9259603343542334]","[-19.261834113155842, -19.051467960652403, -19.192876655679243, -18.902629201312173, -18.9475663267009]","[0.2778128679033731, 0.28038575707032837, 0.2800202759619404, 0.28464743975577994, 0.27992272043962385]"
277,"[0.9717278807060198, 0.9713631848615695, 0.9720206537447902, 0.9710574489530854, 0.9720136560187926]","[-19.52752018771689, -19.330250126511203, -19.45284565149442, -19.209592172132457, -19.207538302879467]","[0.3281547870408695, 0.3258470804223488, 0.3308043829211951, 0.322675574246609, 0.3307408279029675]"
278,"[0.9703840986064854, 0.9704648878254556, 0.9702110343809088, 0.9704437013413536, 0.9702207585372625]","[-19.77158117512476, -19.566163236241543, -19.705028621926004, -19.432884638825016, -19.45953664255342]","[0.2870606498785244, 0.28545878321634605, 0.2890098834038787, 0.2880042505979152, 0.2889610438971608]"
279,"[0.9682268329579125, 0.9681628675796022, 0.968046302471137, 0.968146208380125, 0.9680556861152825]","[-19.86387335794422, -19.649040440493405, -19.809374672987786, -19.504155891396447, -19.563564090245603]","[0.25747434140091696, 0.2593590718970736, 0.25527097208592275, 0.2626086024381561, 0.2553274273212474]"
280,"[0.9668024961167495, 0.9666504541930022, 0.9667719632594561, 0.9663759903230659, 0.9667744786970891]","[-19.85724902118647, -19.670541533502885, -19.7701155542894, -19.564146723223462, -19.525126238479903]","[0.47375980390781686, 0.4509260784910398, 0.4704170356215724, 0.43811642439111026, 0.4719764002033884]"
281,"[0.9703252240559248, 0.9703396312436928, 0.9703200917537794, 0.9701784624629787, 0.9703235036396621]","[-19.654736298281815, -19.46596320605115, -19.570371187591576, -19.35717081093903, -19.325304997896286]","[0.49079026566335937, 0.49105873065759675, 0.49048062759748723, 0.4910735986045301, 0.4904731040498423]"
282,"[0.9729020291115619, 0.9729829945069188, 0.9726403992466098, 0.9728461649630631, 0.9726485813595388]","[-19.5729764828985, -19.364306644524167, -19.514029351515415, -19.230770313414574, -19.268289584432452]","[0.26452333128131966, 0.25381516872362625, 0.28091069873759733, 0.24130552718463757, 0.2804808851561374]"
283,"[0.9689405587486426, 0.9690013406338525, 0.9689182905881392, 0.9692378061256126, 0.9689225217849333]","[-19.742162297844907, -19.545686924289363, -19.666304147979492, -19.42582410250809, -19.421029927465444]","[0.4958290428399894, 0.4855337909731409, 0.5069638341605732, 0.4673715832157475, 0.5067223608377515]"
284,"[0.9736111317337491, 0.973627556880406, 0.9737199374192191, 0.9736204940387544, 0.9737183139151182]","[-19.57996714378498, -19.366632299594745, -19.52551694405724, -19.225703198394466, -19.279678910464657]","[0.19733013045976985, 0.19300827222286585, 0.20274518519290807, 0.18739569712375806, 0.20260298786085154]"
285,"[0.9727682986089148, 0.9725386378221782, 0.9728426630749183, 0.9724061578547226, 0.9728420687991243]","[-19.690889596002762, -19.492245326561083, -19.61797207258334, -19.36989851932834, -19.372618927917966]","[0.39554972848699044, 0.39730883443330456, 0.3935334849155026, 0.3973919838878654, 0.3935837440754163]"
286,"[0.9723973262717903, 0.9722474492535579, 0.972528047577159, 0.9720006517436101, 0.9725266338734073]","[-19.612322705267886, -19.409817284603307, -19.54360768185687, -19.281863561292788, -19.298153238020298]","[0.34326936923207785, 0.33108888254405705, 0.35872515313431164, 0.3154827429398051, 0.35831018875765336]"
287,"[0.9730911955181527, 0.9728576904548486, 0.9731720443668855, 0.9724384400736746, 0.9731709478941994]","[-19.578986106767825, -19.375715869513634, -19.510377609384108, -19.24584331955122, -19.264930901878177]","[0.44319406041933795, 0.45707636265856394, 0.42894870749603814, 0.4795585527539389, 0.42928582204900223]"
288,"[0.9738794739145905, 0.9739857017298957, 0.9737648107842833, 0.9741765517001294, 0.9737711461088843]","[-19.627177830520512, -19.40158468248122, -19.587470664544064, -19.244442156374667, -19.341252706943603]","[0.41944064298680317, 0.41928473087538387, 0.4203704173751298, 0.42004757039253804, 0.4203467625196934]"
289,"[0.9729246770360371, 0.9727437434476321, 0.9731094368986344, 0.9726211068804318, 0.9731082540800844]","[-19.649293276427656, -19.423261279839387, -19.609059320922004, -19.264458538271956, -19.362870166154188]","[0.373668527535375, 0.37910758686387447, 0.3649307253012333, 0.3870726873370705, 0.3651075707782306]"
290,"[0.974040359292229, 0.9741889589803987, 0.9739400093599563, 0.9743212595664916, 0.9739431738005397]","[-19.539152315333716, -19.332152566707386, -19.474922847325182, -19.197243592785583, -19.229365201308966]","[0.4551644031531874, 0.4540943944122038, 0.4564038417665975, 0.45245562727491695, 0.4563754238319527]"
291,"[0.9743772800476531, 0.9743424440564928, 0.9745404559554104, 0.974010275285987, 0.9745346609429925]","[-19.66961146670948, -19.467291571181132, -19.60007939920405, -19.338918173068603, -19.354650852602248]","[0.30847095172826766, 0.3090418965865692, 0.30781546014073285, 0.3096973279161835, 0.30784542159471373]"
292,"[0.9734965391608962, 0.9733464683786807, 0.9737633964514473, 0.9731736580378729, 0.9737608960206037]","[-19.8889537610753, -19.670139986152872, -19.8367505255926, -19.517397858435295, -19.59091672016909]","[0.3007445128263571, 0.3062758068560155, 0.2941161860368376, 0.313881657216667, 0.29428505631719887]"
293,"[0.9763428421452137, 0.9766013962105722, 0.976113439351821, 0.9767026966763519, 0.9761162820450714]","[-19.46270350445773, -19.246369106650786, -19.411110789760595, -19.100674755196625, -19.165210042469827]","[0.4204702010483397, 0.4160553742451331, 0.4256051361461159, 0.41011556147591427, 0.42547302889551497]"
294,"[0.9741591459903888, 0.9741084483036223, 0.9741853769408065, 0.9738299801330839, 0.9741810014896083]","[-19.70622496718824, -19.49040018498389, -19.652811550252302, -19.344100411563186, -19.406974422091707]","[0.3187709201224727, 0.31829464463488055, 0.31954242847110764, 0.3185961425362739, 0.31952476110635925]"
295,"[0.9717860781861272, 0.971701738532579, 0.9718252447949797, 0.9715923202800942, 0.9718238634460377]","[-19.833880682788973, -19.627649186963662, -19.767543096368815, -19.492462257962554, -19.52205633295541]","[0.26513931823309267, 0.2726688661658268, 0.2578003809233364, 0.2867803373286221, 0.25798155805651457]"
296,"[0.9743287220681885, 0.9744677362914351, 0.9741788385146084, 0.9745450034087719, 0.9741769277992847]","[-19.45428165927682, -19.232884108390316, -19.409749396826978, -19.08151015079497, -19.163652644037892]","[0.26236561600125563, 0.25940053732621016, 0.26612544402315313, 0.25677758475816176, 0.26602709698263916]"
297,"[0.9732681350134678, 0.9732021396751517, 0.9731923231753751, 0.9729684857704237, 0.97319537486253]","[-19.63699067056093, -19.445665870018622, -19.554920966770744, -19.33258886738251, -19.309806903602638]","[0.2814800536277423, 0.2843753896482987, 0.27829714231676417, 0.28840194588842855, 0.2783432637607262]"
298,"[0.9728225309746098, 0.9731597623305006, 0.9724430284826663, 0.9734918535223346, 0.9724525357791326]","[-19.700984718082015, -19.474768727195364, -19.660716763893824, -19.315460121895377, -19.414532399670286]","[0.29261641688241463, 0.3062333154354641, 0.2784046620401502, 0.32972318302746106, 0.2787554944321146]"
299,"[0.9733578073972905, 0.9733455652004442, 0.9732653453084692, 0.9733765187603939, 0.9732697523536487]","[-19.574533013453333, -19.35266594549008, -19.528972310158448, -19.199023182995315, -19.282927147091673]","[0.2670894208792129, 0.2617624284761142, 0.2739746750501288, 0.2547564586434264, 0.27377881838542856]"
300,"[0.9724755899617366, 0.9724970155387361, 0.9724757905203766, 0.9724557801557391, 0.972476923175942]","[-19.76200854076982, -19.557673112121677, -19.69433804869911, -19.426019668047633, -19.44887049900174]","[0.2723860386260619, 0.2718146062081219, 0.2733843587759804, 0.27159309757652306, 0.2733571335499562]"
301,"[0.9722535600649292, 0.9725957164478256, 0.9719459431435682, 0.9729011437096202, 0.9719498323764416]","[-19.677869056943287, -19.460510290231856, -19.6265516307213, -19.312448961384135, -19.380656924844807]","[0.4972044409238621, 0.5035384730043584, 0.4892794883139278, 0.5139017926199893, 0.48948594568434906]"
302,"[0.9745334345224562, 0.9746196369263607, 0.9743649132901043, 0.9747597063938855, 0.9743684175341217]","[-19.853959292239477, -19.660225790107514, -19.77254904300042, -19.541414411313323, -19.52745002727754]","[0.27733184806522737, 0.2826392443349706, 0.271676044660988, 0.2911038612660187, 0.2718122869188122]"
303,"[0.9746155548953652, 0.9744533640373921, 0.9746973898776563, 0.9742157118296491, 0.9746981771141286]","[-19.43950103209994, -19.214797754345767, -19.39955693381679, -19.05969481848473, -19.15333209938327]","[0.28093219905134237, 0.2885973883457707, 0.27716622854172096, 0.29910549406745995, 0.27724930702916334]"
304,"[0.9733792918783709, 0.9732414391666204, 0.9734620014841817, 0.9732203326153653, 0.9734631802041115]","[-19.599763909820286, -19.380778437202974, -19.551576856836437, -19.231806703932218, -19.30558512931699]","[0.2725773159873801, 0.27511868994313654, 0.268830282376208, 0.27843122124297454, 0.2689295392991862]"
305,"[0.9748185282028132, 0.9749695730618182, 0.9745932997421616, 0.9752002237394178, 0.974600376723502]","[-19.498269287149387, -19.29293229943752, -19.432232624691782, -19.160426679889206, -19.18671854283964]","[0.37785412605977775, 0.3716977691981825, 0.3822854412818377, 0.3598824424078533, 0.3822129912868005]"
306,"[0.9735336090655681, 0.973658048279326, 0.9734613328077467, 0.9737782003881899, 0.9734659878385209]","[-19.840574035596664, -19.641974468995198, -19.76505959219951, -19.51680492594804, -19.51980674349839]","[0.27732227452601377, 0.2781816996041219, 0.275137503037796, 0.27974213868103304, 0.2752162966893663]"
307,"[0.972996136703035, 0.973071599175565, 0.9729557243839471, 0.9730732488256584, 0.9729565071373131]","[-19.73796771039522, -19.532755226747927, -19.67289614537467, -19.401649018596906, -19.427340638463985]","[0.37611014671714393, 0.3723022182530578, 0.38134911987418824, 0.36795336314321175, 0.3812062491681069]"
308,"[0.9713032206310502, 0.9712113606428391, 0.9714816955608755, 0.9712888137600116, 0.9714808541551986]","[-19.6919661989217, -19.475753637589303, -19.63929234260635, -19.329224175568502, -19.39343115955133]","[0.36779327166170983, 0.3730904815185155, 0.3610877457869726, 0.37971717555673146, 0.36126207319125336]"
309,"[0.9744295589936345, 0.9744295715112096, 0.974382715791081, 0.9744697784360525, 0.9743885626067426]","[-19.64393604946597, -19.425660336951992, -19.595237845185284, -19.27798892913437, -19.34925297442723]","[0.5644882855157519, 0.5534578738094464, 0.5738182814695135, 0.5298418700635578, 0.5735437079706192]"
310,"[0.9714406944031738, 0.9715516605978377, 0.9714584269395921, 0.9716836214733626, 0.9714592665155992]","[-19.632013132932432, -19.426802809414013, -19.565728452987216, -19.294363500634162, -19.320221662831898]","[0.32160613294070867, 0.3299524500746873, 0.3122725725486219, 0.34143034957197876, 0.3124770372274798]"
311,"[0.9724729615573026, 0.9723669516896434, 0.9724928659599636, 0.9722769385845426, 0.9724920441828216]","[-19.7637724446445, -19.548143619731057, -19.70750126561775, -19.39930493377376, -19.46177651200381]","[0.2439532789109055, 0.24274233133231482, 0.24472151585717208, 0.24324523854733038, 0.24471458631565898]"
312,"[0.9742501917996722, 0.9741800311410506, 0.9744375311326156, 0.9739215144851615, 0.9744309560678684]","[-19.619946065552885, -19.407216729312957, -19.563544697202087, -19.26577484353429, -19.31777309669827]","[0.6319891453702168, 0.6524871278523234, 0.6095882473127078, 0.6818470809681595, 0.6101263072696398]"
313,"[0.9685090477907977, 0.9693137957865186, 0.9676316375672843, 0.97013231433625, 0.9676477845824931]","[-19.26421426239845, -19.03649694852552, -19.22400009646476, -18.873430315049085, -18.97784111663278]","[0.6214381613228847, 0.6161224163123149, 0.6286158084424317, 0.6099069855191417, 0.6283677134661342]"
314,"[0.9763614689001787, 0.9763767297415281, 0.9760545701715271, 0.9762917945188775, 0.9760661379756679]","[-20.09600186213531, -19.883692968151927, -20.036718713595036, -19.74024339964758, -19.79105497936157]","[0.30467800791788857, 0.2920024632168922, 0.32528262389532114, 0.2762762211636384, 0.3247267074497207]"
315,"[0.9725213773483179, 0.9726105717010528, 0.9721709494169113, 0.9724982312348635, 0.9721867005023567]","[-19.915453793455935, -19.70649510797476, -19.856414008566116, -19.57209866280607, -19.610683616914844]","[0.42716228543177115, 0.4459528974670568, 0.4094141926501124, 0.47318128690982286, 0.4098337738067919]"
316,"[0.972571199294172, 0.9729535680926392, 0.9720861365229226, 0.9730451775667951, 0.9720942083387953]","[-20.34686071051505, -20.1304372442666, -20.293642121085902, -19.982796644514522, -20.047808766980538]","[0.24554826592960555, 0.2377148223359491, 0.25552752082331337, 0.23001695473081105, 0.2552535799099433]"
317,"[0.9737067559546474, 0.9738125524941238, 0.9734459474260357, 0.9736336340032163, 0.9734520787968284]","[-19.861355646600796, -19.64497084760221, -19.808702114707895, -19.498020976316152, -19.562844586626184]","[0.316536519186312, 0.3109106705202852, 0.32324839187861554, 0.30324514483651516, 0.32307729989137085]"
318,"[0.9713462725688188, 0.9718611763619083, 0.9706684810701471, 0.9722444714313555, 0.9706856749566679]","[-20.549330675551513, -20.34216635291646, -20.4867412423158, -20.20862886613563, -20.241120882010513]","[0.19785452263084663, 0.1967556281173749, 0.19863399353102615, 0.19460223436984436, 0.19831983872672848]"
319,"[0.9704089233939238, 0.970709246517776, 0.9698631812821326, 0.9709700783890824, 0.9698767948531271]","[-20.286441786357937, -20.044324882179662, -20.268361611876497, -19.867107808556245, -20.021561065793673]","[0.3918630796834909, 0.3893993614257654, 0.39651938300369455, 0.38528126439421256, 0.3963212521423497]"
320,"[0.9715929074342893, 0.9718770463893216, 0.9711214560579187, 0.9721593917790144, 0.9711344752288418]","[-20.80238940119762, -20.591388385539133, -20.74429042821887, -20.452637785836604, -20.498554924070753]","[0.48418987539498265, 0.48534646536601955, 0.4865348029824568, 0.4887142852245742, 0.486469667410998]"
321,"[0.9724709207794251, 0.9728800403762929, 0.9717356921804373, 0.9734588838778364, 0.9717568849174422]","[-20.87891783440672, -20.665193832042597, -20.82292367005909, -20.521599843186117, -20.57715321979019]","[0.28265282992887836, 0.28401749502882934, 0.28280286839314817, 0.2867770837600623, 0.2827999452533493]"
322,"[0.9734697718002697, 0.9738407503015456, 0.9729629227995498, 0.9740986734383114, 0.9729771410702198]","[-20.640227428616924, -20.42460407496195, -20.58801154974624, -20.280088454552637, -20.342122310069243]","[0.37132378477923955, 0.3642153712889999, 0.3790293267069831, 0.3573244830823421, 0.3788235691554567]"
323,"[0.9721649225891028, 0.9728192536824647, 0.971471986327129, 0.9736491044987652, 0.9714839157277652]","[-20.985720827840748, -20.777950785362002, -20.923436828978975, -20.643149332495746, -20.677816522298343]","[0.1798050279281203, 0.18006484765698583, 0.1797085191676611, 0.18077834232849396, 0.17970482356307302]"
324,"[0.9708748581473647, 0.9711118684427447, 0.9704917877626298, 0.971170425281427, 0.9705031300907542]","[-21.306410843584107, -21.118402916274608, -21.22022920663091, -21.009559889397437, -20.975221382652332]","[0.4020504671259214, 0.40008212711485835, 0.40543913201669546, 0.39632430975588606, 0.4053293354628872]"
325,"[0.9694669572485802, 0.9695047809984917, 0.969128752088482, 0.9695896135031612, 0.9691389164785795]","[-21.653446052198248, -21.465358763611565, -21.565840017245947, -21.354644638017707, -21.32089699601522]","[0.40337983791352305, 0.4140115813856815, 0.38744690848215463, 0.4217127461958651, 0.3878623380856189]"
326,"[0.9680759329778634, 0.9683633776714364, 0.9675485982615428, 0.9686617805687946, 0.9675633521303306]","[-21.70400149738857, -21.520037946997803, -21.609402011286747, -21.41234138081027, -21.36466120954708]","[0.32463830755293926, 0.33522897385433104, 0.3121199609824822, 0.35137366968545203, 0.31240260053071967]"
327,"[0.9664799130762548, 0.9671627404651616, 0.9655631114469311, 0.9678211929044941, 0.9655858885558771]","[-21.515270518946203, -21.323074042747304, -21.43273990705129, -21.207099820265803, -21.187662970478364]","[0.4121755862008451, 0.4017213001390933, 0.42584928250435305, 0.38751590492780946, 0.42550359157164613]"
328,"[0.9700662175049612, 0.970478411711311, 0.9692951583567779, 0.9708658972914679, 0.9693132144923401]","[-21.506192553470367, -21.30809576070969, -21.43010988289263, -21.1836285112278, -21.18487165699865]","[0.29598931869473716, 0.2953882438767039, 0.29688129457577594, 0.29467192528074326, 0.29685237652416085]"
329,"[0.9707881298716381, 0.9712953556703617, 0.969997050843233, 0.9718453798856845, 0.9700189359120178]","[-21.4541887709648, -21.263066694809684, -21.369626477505673, -21.14766556155371, -21.124612925329135]","[0.2827921709467504, 0.28437444853680327, 0.27823289542703394, 0.28573019319797155, 0.2783503030846805]"
330,"[0.9697324027058704, 0.9698171812480225, 0.9694430879815131, 0.9699350791128333, 0.9694534963602645]","[-21.687360873031892, -21.49348396605754, -21.603610397232927, -21.371595466368863, -21.358598098887303]","[0.36200417546605634, 0.3695442714196903, 0.35017901591642486, 0.3707008720104075, 0.35051436283460313]"
331,"[0.9696728951130453, 0.9703717176990234, 0.9687850216966047, 0.9712224095058009, 0.968808778564058]","[-21.88263477235453, -21.672494904704184, -21.817281240858307, -21.528144103558105, -21.571817408079294]","[0.2366197094268791, 0.24757319159632835, 0.23177942324447107, 0.2626391951506604, 0.23185659920577067]"
332,"[0.9698803620149369, 0.9702787710025651, 0.9693645613814896, 0.9708180016173399, 0.9693763375191513]","[-21.15611989832515, -20.918265745747227, -21.128780491854645, -20.742603433503906, -20.88227764154325]","[0.7157570456723481, 0.730800790498452, 0.6916399236191102, 0.7457421267679544, 0.6923055648090702]"
333,"[0.9643169982148122, 0.9643428033486826, 0.9642956732615292, 0.9643686413691421, 0.9642986888725225]","[-22.109044079561027, -21.939542452698195, -21.996406340901885, -21.849925930668878, -21.7521339355256]","[0.2679909939377938, 0.2680727794541091, 0.2654043535646468, 0.27163773456277357, 0.26555546364580634]"
334,"[0.9696492742518755, 0.9697084858430222, 0.9693680428161132, 0.9695361484592028, 0.9693787502689084]","[-21.71071918435811, -21.544504768373987, -21.599314670393525, -21.465714517987777, -21.354943462587183]","[0.41662970345599415, 0.4087284319205925, 0.42576369933861963, 0.3977824489840253, 0.4255293104396894]"
335,"[0.9632457985918238, 0.9634755866934125, 0.9629037499735715, 0.9635408414117336, 0.9629153317326881]","[-21.429586019981752, -21.25354223042926, -21.330262353438584, -21.162056658712757, -21.08557424239791]","[0.9433176964704826, 0.9507039051839455, 0.9348541476005865, 0.9605474753580479, 0.9350650013813676]"
336,"[0.9664959247286967, 0.9667736559048888, 0.9659217638038606, 0.966961688853554, 0.9659412406777398]","[-21.947390133035945, -21.77051203430138, -21.84424483088838, -21.672057814590463, -21.599723873301112]","[0.3591111063499477, 0.3544120749352089, 0.36649629517601245, 0.3475993638271844, 0.36629546804608704]"
337,"[0.9648036052464961, 0.9652583383326581, 0.9642049921979344, 0.9655978267262871, 0.9642192625508326]","[-21.594113176520622, -21.423427243695905, -21.48721791191959, -21.337631596661115, -21.242739077644046]","[0.5100801081977079, 0.5070841609274851, 0.5086948930190809, 0.49040982344807815, 0.5087293816094559]"
338,"[0.962849972253715, 0.9631224702705004, 0.9624273869400181, 0.9631537275734843, 0.9624406768441507]","[-21.23400342799336, -21.073208970423483, -21.11802315485102, -21.004089281605, -20.87374223345786]","[0.5921822856021454, 0.5878791858639103, 0.5971410545716956, 0.5818266811147637, 0.5970248423875207]"
339,"[0.9630532466058574, 0.9631616453861511, 0.962803138186375, 0.9633154051891873, 0.9628116675130921]","[-21.951144853004752, -21.774546888363066, -21.84927518563981, -21.67841740112078, -21.604695925330816]","[0.2889406603880946, 0.28643392791002575, 0.2917561412157936, 0.28533149002969044, 0.29168705758039193]"
340,"[0.9584547710929504, 0.9588346603605116, 0.9578954529702166, 0.959506999585525, 0.9579119608243455]","[-21.813957027035077, -21.64625975356225, -21.702017237949853, -21.562590559456655, -21.457692668949782]","[0.5967896969927525, 0.5926625785192372, 0.5975639844880788, 0.5880438970081876, 0.5975669693746434]"
341,"[0.9652089260537854, 0.9655903210780369, 0.9647369237701299, 0.9659223668501966, 0.9647502924415498]","[-22.100272079858943, -21.927314290544466, -21.99326845644951, -21.8349948691833, -21.748832398890794]","[0.3889742339667888, 0.3905996003203788, 0.3876925773237553, 0.39323106578012773, 0.38771156055701506]"
342,"[0.9657856216244833, 0.9657907498532291, 0.9656732674020859, 0.9658156361250055, 0.9656791555042399]","[-21.46853803142095, -21.31107891813285, -21.346671115257536, -21.243930078274854, -21.10256985933355]","[0.6439830260309302, 0.6465372601114799, 0.6395448386791323, 0.6463707286310086, 0.6396566620705271]"
343,"[0.9633750945098867, 0.9637351333509079, 0.9627898062228957, 0.9639324731027924, 0.9628052459469483]","[-22.17231819959282, -22.00489263449883, -22.05914794377752, -21.920426594474584, -21.814860876274107]","[0.4566214599309626, 0.4539102980773993, 0.45931039009944474, 0.4470547439464838, 0.4592407915699826]"
344,"[0.9597392411792951, 0.9601721471765556, 0.9592109875713382, 0.9606301470167653, 0.9592254991477442]","[-21.15969655073995, -20.998974964783738, -21.043469275180385, -20.929762529530926, -20.79920025388759]","[0.7131573499557258, 0.7116772900733109, 0.7102672957110364, 0.7119177327151854, 0.7103056939797061]"
345,"[0.9677639929042706, 0.9680656725635952, 0.9672636293937834, 0.9682149414639181, 0.9672763878248279]","[-21.74124407121437, -21.569202623752318, -21.63565192610553, -21.481221343874537, -21.39114492958954]","[0.19503879398005577, 0.19455167079960867, 0.19556837240774627, 0.19369521485889257, 0.19555721167020745]"
346,"[0.9694796923765733, 0.9693606003867182, 0.9694180686969399, 0.9689622757009168, 0.9694255870379056]","[-20.62140140848547, -20.44703148812113, -20.521985932961474, -20.360130785119726, -20.277276398499673]","[0.7963753206070342, 0.7845166138460817, 0.805457743393602, 0.7673200313864692, 0.805225759309752]"
347,"[0.9693404054390554, 0.9696916491667351, 0.9689297522444255, 0.9700748640150387, 0.9689421529589424]","[-21.257620638465205, -21.05546319783861, -21.187661516649463, -20.927033605298124, -20.94225197947244]","[0.21093959889779543, 0.2205849038286861, 0.19922850752798107, 0.23364421175192057, 0.19952836595363327]"
348,"[0.9694273789796136, 0.9698459521255107, 0.9685624550630638, 0.9700175700596242, 0.9685864524962184]","[-20.806526441463316, -20.620507921288706, -20.720130137973204, -20.516894684859068, -20.475097961070286]","[0.627573799415608, 0.6312270376002206, 0.6182899407008945, 0.6298760277247671, 0.6185368922977226]"
349,"[0.9658011688435731, 0.9662974957993005, 0.9651289211505311, 0.9669409287112505, 0.9651464264095534]","[-20.80795841312778, -20.631505573213243, -20.710059808103736, -20.54061554600643, -20.465323101295862]","[0.2929743372161264, 0.28923805148184095, 0.2975090604414056, 0.2840766779628195, 0.2973910706729067]"
350,"[0.9663037085500706, 0.9667381385062079, 0.9656701326210241, 0.9671322407175053, 0.9656845727745152]","[-21.133728589733185, -20.9369430397947, -21.05897405965514, -20.81751386415491, -20.813661934803616]","[0.5225749460678143, 0.5168400341240447, 0.5291712290161834, 0.5088985983033281, 0.5290081531392957]"
351,"[0.9655785726662456, 0.9657879836247867, 0.9650722254822861, 0.9660253991507339, 0.9650834952007344]","[-20.7364400384065, -20.563335177987963, -20.635105296404397, -20.47762382484101, -20.390451176048945]","[0.8748679870363918, 0.8751026050924001, 0.8742503129801271, 0.8754441568195037, 0.8742633221641626]"
352,"[0.9659863805494311, 0.9661994290054626, 0.9654986492177767, 0.9663466595100249, 0.9655122544716713]","[-21.235879292725176, -21.04524392063709, -21.15364464954547, -20.933837446667, -20.90852650096828]","[0.4960924179202169, 0.49785111348613087, 0.4937554069943719, 0.49982390741351757, 0.4938173696248547]"
353,"[0.9639483461675912, 0.9639247935137824, 0.9639720016323262, 0.9637449004910894, 0.9639720462301736]","[-20.928320448077077, -20.75156019024829, -20.830925649629943, -20.66041193378316, -20.58617286832956]","[0.8386486786694782, 0.827769419672693, 0.8486994746131856, 0.8136092474756548, 0.8486457457521649]"
354,"[0.9602176862925021, 0.9604990947029305, 0.9598228404325956, 0.9606011079192318, 0.959827104027879]","[-20.946729256088442, -20.769944323942468, -20.84911326910923, -20.67848528009152, -20.60437184221923]","[0.45602315175276276, 0.4554573029917733, 0.4564773006430051, 0.4541550932876243, 0.4564689905710436]"
355,"[0.9661449030173914, 0.9663405222735532, 0.9657738402553224, 0.9664317921301456, 0.965787101336693]","[-21.05564776318615, -20.874814237378796, -20.960826257745122, -20.77544546067351, -20.716042099272105]","[0.30354944868801115, 0.30317175997058965, 0.3040072123230123, 0.3026845445379736, 0.3039962845660997]"
356,"[0.9631814965543372, 0.963378872883967, 0.9627561890991163, 0.9633693479264541, 0.9627660469467633]","[-21.110196829617127, -20.917180838267438, -21.03211234523574, -20.804114871289872, -20.78687027833169]","[0.7535445746170621, 0.7537789106245482, 0.7521631109487814, 0.7507965641586964, 0.7522298002484236]"
357,"[0.9649689320172121, 0.9650069807567264, 0.9647898556299424, 0.9649418634444874, 0.9647978938239273]","[-21.49651298259584, -21.327659835684404, -21.389101619000378, -21.24642589613349, -21.144613395054087]","[0.4310050408281207, 0.42870700132749273, 0.43353057187949, 0.4240546630035041, 0.43345311798306907]"
358,"[0.9645324269770246, 0.9647377446754533, 0.964151904388523, 0.9647879087415965, 0.9641613672077561]","[-21.36604336942617, -21.181868714033, -21.276165350264705, -21.079188947608234, -21.031244090322545]","[0.2521988950208621, 0.25244913762706883, 0.2536685130802942, 0.26112377051636115, 0.25359714847691456]"
359,"[0.963426273951338, 0.9638051407926385, 0.9628377834405661, 0.9641979170974606, 0.9628613665199204]","[-20.97502297763494, -20.7879008526089, -20.88879538853158, -20.681434427258335, -20.643774877196034]","[0.2798903904340962, 0.27764827903547945, 0.2828303685664141, 0.2758885079313206, 0.2827563667183953]"
360,"[0.9638072151948753, 0.9641582722624087, 0.9630487186856487, 0.964522371701679, 0.9630710497624689]","[-21.483523874486416, -21.294674620406628, -21.39959289089959, -21.18617652498882, -21.154511239408045]","[0.3882794071841771, 0.3870131349245021, 0.3936707534469734, 0.38907801478998394, 0.3935314267684848]"
361,"[0.9629691599445228, 0.9632715501746175, 0.9626378171346068, 0.9634720188106592, 0.9626502255612205]","[-21.468526333096335, -21.28792660174745, -21.372370230536085, -21.187591387850553, -21.12763110378949]","[0.5003877352549864, 0.5026177234097472, 0.4970458669341637, 0.5054750465595476, 0.4971326594215198]"
362,"[0.9638962940545236, 0.9641435953383692, 0.9636177298895865, 0.9642971326023342, 0.963624558035137]","[-20.71981300254722, -20.519872264598416, -20.650007183227117, -20.39754654251739, -20.40455310041431]","[0.44713449862184645, 0.4359159680486899, 0.4642447315477213, 0.4232887597311806, 0.4638100241731277]"
363,"[0.8792201070618207, 0.8796988662117919, 0.8787015201760506, 0.8803072445939765, 0.8787132221566265]","[-19.79807609121466, -19.586254455161107, -19.729307586237766, -19.433865442343944, -19.484014662575888]","[0.3116718076815271, 0.3116934068370619, 0.31429199413023107, 0.32729710996135847, 0.31422322576616885]"
364,"[0.8727921768000134, 0.8730574698651579, 0.8725313584773552, 0.8734394685659994, 0.8725365252737325]","[-19.82533636609461, -19.63551955840819, -19.741323125423623, -19.524294001328254, -19.496262117092048]","[0.2953870021436741, 0.31137670896437075, 0.2751635098492632, 0.331900783997859, 0.2756946594721594]"
365,"[0.8979843174253213, 0.8987266757170301, 0.8973484262460218, 0.8999566490047364, 0.8973596381637858]","[-20.78688480592791, -20.5725235652739, -20.734662684697962, -20.431290650827687, -20.488755387671663]","[0.38462575902351, 0.3914941700675264, 0.37650905182380046, 0.4009224575645093, 0.376717068514553]"
366,"[0.9228901502689641, 0.9238949758372688, 0.92190862531059, 0.9252060217654713, 0.9219272725115156]","[-20.40940724702455, -20.223559583826887, -20.322920068553728, -20.12029462495858, -20.07788865570722]","[0.9803160738108233, 0.9730941925492286, 0.9883154937090849, 0.9624484510155464, 0.9880980025608583]"
367,"[0.8874645264346671, 0.8882538112740802, 0.8865997151505213, 0.8894613853642341, 0.8866207893545647]","[-20.578410616509355, -20.33006257074057, -20.56031022318918, -20.13751402419899, -20.313629235513687]","[0.6279774186761021, 0.6753919489552219, 0.5666516896159501, 0.7297488996910891, 0.568305620507336]"
368,"[0.9377700600852062, 0.9386668990743819, 0.9368486659497357, 0.9397978691917863, 0.9368686555024412]","[-20.16785769260222, -19.98122043316661, -20.083313236752286, -19.878067426128077, -19.83821628195373]","[0.8425668448500381, 0.8503813347559068, 0.8329935439235515, 0.8608481477888149, 0.8331516124390794]"
369,"[0.9531045836394675, 0.9534205656452428, 0.9527459817157155, 0.9537912528288098, 0.9527559882324598]","[-20.515733173109812, -20.346795479767863, -20.411052006948555, -20.268729583656814, -20.166461870576832]","[0.4016716020512795, 0.40201774083867003, 0.40129084039325597, 0.4025287082837091, 0.40129800935699844]"
370,"[0.9470226022636745, 0.9474423989037913, 0.9464664923284744, 0.9482101557711005, 0.9464827020803052]","[-20.922731945540335, -20.752539346690924, -20.819683586601222, -20.672947729128712, -20.575048413016585]","[0.4350274268694605, 0.43652889693945574, 0.43322690124854807, 0.43849517875550703, 0.43327259006176333]"
371,"[0.9509651807215935, 0.951137986458691, 0.9506898126190851, 0.9513973349289331, 0.9506950060365296]","[-21.07119958919765, -20.90330901564271, -20.96489659867817, -20.82617997617729, -20.720355764862344]","[0.33599423233242093, 0.33354316176298743, 0.33888735701324696, 0.3301811470015374, 0.33881032843495307]"
372,"[0.9496571536685395, 0.9501714475593297, 0.9490645217588713, 0.9507112816024047, 0.9490829371156931]","[-21.17423755479183, -21.003216503081088, -21.071223918117784, -20.921281204222158, -20.826601276423652]","[0.41919412931298305, 0.41569277050348263, 0.4236069989101973, 0.4111543968420074, 0.42349074730204267]"
373,"[0.9524856479558407, 0.9527124901632636, 0.9521873244210172, 0.95320255934399, 0.9521994078051013]","[-21.287519784153254, -21.116302662076297, -21.18397566597621, -21.03320295213071, -20.939377210932893]","[0.22691195602760714, 0.2291737538077978, 0.2243313424907701, 0.23232081818522243, 0.22439563997237882]"
374,"[0.9520371059509198, 0.9526319034258791, 0.9513367640929011, 0.9532836155697999, 0.9513567699021425]","[-21.343086551498498, -21.17868113614899, -21.2314912729735, -21.10481712073341, -20.987096030678494]","[0.44403134332275684, 0.4389696900725188, 0.44989508072690687, 0.43184367330863493, 0.44974569860537617]"
375,"[0.9555516108487944, 0.9559718830259569, 0.9548772837388995, 0.9565421688430115, 0.9548932022582336]","[-20.96843985864241, -20.795201633090763, -20.86829532776744, -20.71058475216069, -20.62359318047284]","[0.51597354889181, 0.5191888958273482, 0.5121624922135023, 0.5236068798998486, 0.5122621732666857]"
376,"[0.9551738549234812, 0.9557455407599748, 0.9545412354451778, 0.9563239923202163, 0.9545571287623844]","[-20.94443341805853, -20.767255456129128, -20.847833540784485, -20.675900754572858, -20.60305736155567]","[0.34232036813741384, 0.34155614153772657, 0.34320152090633, 0.3404764660176508, 0.34317882084778273]"
377,"[0.9559685613015421, 0.9564447476939463, 0.9554035427448295, 0.9569748100439103, 0.9554198854223938]","[-21.01386874118397, -20.847209574617324, -20.904951606324836, -20.770303236944756, -20.660490605789295]","[0.3405780041619735, 0.33895640951394934, 0.3425333472814227, 0.33671551995979315, 0.3424858709687214]"
378,"[0.957171851368101, 0.9575371785230676, 0.9567311187777776, 0.9579408915243256, 0.9567431049491102]","[-21.109264356157063, -20.938414065983586, -21.00494329595486, -20.85536386033816, -20.76036976341482]","[0.31787667625406274, 0.31616504282820435, 0.3209358816213196, 0.3145270675781808, 0.320856973769957]"
379,"[0.9540676923048386, 0.9544241495357795, 0.9536099639933611, 0.9550247599214227, 0.953622362112075]","[-21.150348553390746, -20.969718229684396, -21.05733513806853, -20.873108840642217, -20.81247552734897]","[0.3335252020535366, 0.3292000153112434, 0.33873935823235984, 0.32344865214240776, 0.33860262320959233]"
380,"[0.9548954436152514, 0.9554763381167706, 0.9541465708352672, 0.9560345730586245, 0.9541639000183632]","[-21.373438307893192, -21.189012440365225, -21.284638022642888, -21.08693054154575, -21.0396748272498]","[0.5327999486536035, 0.531029217139737, 0.5347241204419318, 0.5287637450179546, 0.5346806426252257]"
381,"[0.956974406522696, 0.9575076253552203, 0.9563624183661169, 0.9580924497881719, 0.9563808766989726]","[-21.181042948914243, -21.003198478161025, -21.0849384390735, -20.910607385955334, -20.840152024983297]","[0.40858525598438383, 0.4083837036314552, 0.40885012573487906, 0.4081309634240803, 0.40884653028724854]"
382,"[0.955747729656605, 0.9561972479860629, 0.9550844308068874, 0.9569006170800379, 0.9551025822774317]","[-21.30342656936118, -21.118070151786036, -21.214009921329946, -21.012696126516893, -20.9690895801586]","[0.23742900973737746, 0.24372602677544047, 0.23063858835943105, 0.25225299023985037, 0.23078552713117578]"
383,"[0.9581353159749993, 0.9585563127435502, 0.9575722668417457, 0.9588675511506132, 0.9575877857739706]","[-21.2364487990412, -21.047594261575732, -21.15253806706144, -20.939110305579522, -20.907455978031983]","[0.5618411519219806, 0.5443142357075137, 0.5813761353744992, 0.521359950694558, 0.5808832283677396]"
384,"[0.9576155016578889, 0.9582333337303379, 0.956785759846996, 0.9589805560992481, 0.9568075380668293]","[-21.131914565935368, -20.946716499146923, -21.044467642716953, -20.844106005522114, -20.79946095819349]","[0.5957760625761972, 0.589868762121588, 0.6025133033915842, 0.5821539639526525, 0.602355340057964]"
385,"[0.9539610491874172, 0.95455803129895, 0.9532654897549302, 0.9553393050786405, 0.953279939203048]","[-21.295132197281582, -21.11731876458822, -21.198634557137567, -21.024326802013388, -20.953866533018374]","[0.3639404100156928, 0.3522293231316115, 0.3780716457313792, 0.3367262387750306, 0.3777056441848535]"
386,"[0.9569309011555894, 0.9572601580866513, 0.9563764459403228, 0.9577659762215287, 0.9563930378638549]","[-21.18355898367129, -21.005036735991578, -21.08616130020949, -20.90898508176553, -20.841435015820085]","[0.36073238829914617, 0.365194944944603, 0.35560070393468246, 0.372453848929819, 0.35573420906212394]"
387,"[0.9575356067846278, 0.957898319068964, 0.9570810323577544, 0.9583440777343012, 0.9570893788870989]","[-21.167399520775305, -20.974611844756396, -21.08659585081546, -20.85904285606127, -20.841454606888203]","[0.2761057610230209, 0.27635836726374297, 0.2754633115725649, 0.2785171655213109, 0.27555251781124834]"
388,"[0.9599704274030572, 0.9603520529426277, 0.9594036043820254, 0.9606616533205028, 0.9594231751852792]","[-20.901354370127404, -20.71268570405645, -20.817514212635217, -20.604792258992653, -20.57242820435945]","[0.3686644546033455, 0.3710188556610905, 0.366187833277782, 0.37432200069064836, 0.36622857189744173]"
389,"[0.9582373083342913, 0.9585080169688247, 0.9577842741757836, 0.9591259202980346, 0.957792471786475]","[-21.18143674407909, -20.998829008729725, -21.090461391612823, -20.899173556888258, -20.84555126797595]","[0.4416565282436093, 0.4253819755817894, 0.46212871429453256, 0.4052256542400894, 0.461577982756064]"
390,"[0.9590745038359534, 0.9594352971301622, 0.9587647960343955, 0.9599699956153648, 0.9587728555626049]","[-20.977880970781598, -20.796950485957073, -20.884654425506533, -20.699233515165858, -20.639806285342065]","[0.280056348968927, 0.27866493949345866, 0.2817473366725245, 0.2768171480860697, 0.2817040362285886]"
391,"[0.9575664123307839, 0.957985577477723, 0.9569805950248159, 0.9585462395687706, 0.9569949671668729]","[-20.856469818962367, -20.679013724278427, -20.760103379004033, -20.58717177496403, -20.515321284679555]","[0.33534640852218794, 0.3421057261753577, 0.3273207770991624, 0.35102773119556496, 0.32752753426968717]"
392,"[0.9569677490398408, 0.9575680645858605, 0.9564499190674068, 0.9585042085466882, 0.9564652577376077]","[-20.687851578188596, -20.477521705292357, -20.630340061107283, -20.341168688811198, -20.38457181269777]","[0.49617209202279683, 0.5054504898191081, 0.4848372778137393, 0.517855952824409, 0.48512698084232697]"
393,"[0.9567539278377182, 0.9571270967032237, 0.9563481386546132, 0.957750840395728, 0.956358430742591]","[-21.099700141857493, -20.913686685103364, -21.01144478541119, -20.807891410145665, -20.766489351480242]","[0.3866960150537174, 0.3907898711818226, 0.3825799186432398, 0.3972170863238918, 0.3826827800700007]"
394,"[0.9578715716900391, 0.9583402512711141, 0.9570841209651839, 0.9589956764852503, 0.957103493295214]","[-20.96704239514541, -20.767564406164364, -20.896263430574773, -20.64538570025307, -20.650838459732185]","[0.1774951225650892, 0.18191612014763547, 0.18128054757087694, 0.1879672621958259, 0.18118157174374608]"
395,"[0.9574043244872414, 0.9579332893671769, 0.9567356676011552, 0.9587014641274993, 0.9567549187083403]","[-21.00221568921759, -20.814896838648927, -20.91709117776676, -20.709198218740283, -20.67203165642349]","[0.3522221903759631, 0.3521127975474229, 0.35292832968962523, 0.3511842761440695, 0.352862886256211]"
396,"[0.957387729626478, 0.9579875469708411, 0.9566554257169633, 0.9587648066078889, 0.9566741899354355]","[-20.866169070880936, -20.668964520339166, -20.793912645164323, -20.551221497804924, -20.548508040390864]","[0.6317844099879375, 0.6414913247877674, 0.6189918365277193, 0.6520731787610285, 0.6193173180294032]"
397,"[0.9571430862841458, 0.9578568424751083, 0.9562752091808145, 0.958970640835122, 0.9562959373382037]","[-20.890720416975466, -20.68771891803526, -20.82357208654293, -20.560194458624554, -20.57806053469491]","[0.4345226583287435, 0.4449718729028418, 0.42545798473444457, 0.45764037315237305, 0.42567257274063547]"
398,"[0.9586567305941243, 0.9593300557679922, 0.9576043280001038, 0.9601270752494935, 0.9576328793783992]","[-20.97548644625611, -20.77780158374102, -20.90189302010622, -20.657253037346614, -20.65654773990009]","[0.3988851694665999, 0.3983590623973731, 0.3996612601488055, 0.39782090918929847, 0.3996360245725325]"
399,"[0.9571632228078808, 0.957560495848125, 0.9567247823774444, 0.9582117781290914, 0.9567340045745605]","[-21.0154458748578, -20.8392634565554, -20.914982122864256, -20.745988381194596, -20.670338496948403]","[0.38489192686400525, 0.37481342529178285, 0.4078482091782962, 0.36639743168402794, 0.40726694527436064]"
400,"[0.958421542577555, 0.9589512161180807, 0.9578800587148174, 0.9595685333117437, 0.957893361505467]","[-20.751161149506075, -20.57015326898143, -20.65842822046176, -20.47281555978592, -20.413561636982067]","[0.3366817451018873, 0.3431605288389739, 0.3295422060997925, 0.3526790487742515, 0.3297165531358794]"
401,"[0.9588194468807066, 0.959155526633287, 0.958304831358439, 0.9596669034228639, 0.9583204136269292]","[-20.985931280069963, -20.800138148349976, -20.89713356252591, -20.69429780787574, -20.652193571886038]","[0.20620456274275334, 0.20840409072339205, 0.2073318352762053, 0.2124667301578216, 0.2073024259603568]"
402,"[0.9568078181791047, 0.9574974808588644, 0.9560011949846912, 0.9584145963014116, 0.9560235245632162]","[-20.79915427182068, -20.59876235011819, -20.727857075785867, -20.47355539291975, -20.48246603097912]","[0.1832946181496888, 0.18731817864795275, 0.1815171397842325, 0.1927972473576591, 0.18150178569942443]"
403,"[0.9556061595586209, 0.956055322737825, 0.9551142598671193, 0.956727353924954, 0.9551286496718902]","[-21.134517103474174, -20.941858315283767, -21.05322737770502, -20.8260868548863, -20.808107208580857]","[0.4577164944828374, 0.47824009961857383, 0.4358149448501055, 0.49811412912656533, 0.4363337376278053]"
404,"[0.9602788075904277, 0.9605369772646676, 0.9599367200008257, 0.9607352239416839, 0.9599474372193254]","[-20.943470413881517, -20.729100232170136, -20.886760406499846, -20.58306198364753, -20.64103095456412]","[0.22529651787268393, 0.24087457905029944, 0.21624903474702475, 0.2732911832961838, 0.21648756138384703]"
405,"[0.9608447061978019, 0.9614463701528446, 0.9599765063157857, 0.9620194730678562, 0.9600037564261414]","[-20.420183791906755, -20.179183384608248, -20.397247517481826, -20.00001757741243, -20.15062703703246]","[0.4227134957262575, 0.4327236711262788, 0.40983404571884036, 0.4455722588997774, 0.4101756794564513]"
406,"[0.9594749529995412, 0.9600507278237081, 0.9586597427022954, 0.9607481635417622, 0.9586795196045661]","[-20.59515443706346, -20.395628369964676, -20.523813516511268, -20.272678848576604, -20.278412714964894]","[0.4024879577129048, 0.40504875122197687, 0.399428281299481, 0.40859587353489746, 0.39950641614434657]"
407,"[0.9571522376314836, 0.9577627071135654, 0.956492329037683, 0.9585238301195429, 0.9565095434799388]","[-20.807611398778082, -20.620170966529546, -20.72156241302872, -20.513051651908334, -20.476542731522613]","[0.25809905959105967, 0.2677764985271256, 0.24738731526925214, 0.28105270951949196, 0.2476501316402391]"
408,"[0.9606373157247154, 0.9609687565655611, 0.9600497569159048, 0.9613522890526166, 0.9600650391949226]","[-20.15158728467602, -19.94845994391999, -20.087396505107236, -19.823880035893737, -19.84176961411516]","[0.17477505957612136, 0.1687265895343489, 0.18206390266478628, 0.16272643704098, 0.1819186421304382]"
409,"[0.9599290139088024, 0.9606125453977293, 0.9591672195756498, 0.9613913347825948, 0.9591850535067723]","[-20.7073739990105, -20.50516155973695, -20.639462767486016, -20.378876232119225, -20.393972846303893]","[0.34951059946140456, 0.3609719843958101, 0.3355707156723023, 0.37574047124125615, 0.3359314220278585]"
410,"[0.9574132206802507, 0.958046150360684, 0.9567285603510929, 0.9588113041798212, 0.9567437245288692]","[-20.709783220045324, -20.506110034535197, -20.644517981015476, -20.37888849794288, -20.398944395403966]","[0.392193210281144, 0.38953879513173434, 0.3952922110639021, 0.3854807434953529, 0.39521706963991854]"
411,"[0.9604378617488313, 0.9608492429602573, 0.9598651419966304, 0.9614549860914431, 0.959879114442035]","[-20.56034140299107, -20.356530268549808, -20.494800652898235, -20.228619024586013, -20.249239166570355]","[0.5063064625710779, 0.512278779963049, 0.4981130436482862, 0.5200306554127683, 0.49833066516090124]"
412,"[0.9613934388758274, 0.9619231775210008, 0.9607796528116053, 0.9625329164964097, 0.9607946289547127]","[-20.66748676096659, -20.48969378411071, -20.57027888612579, -20.395904191811074, -20.32553757406649]","[0.28773744727167094, 0.28436807463185115, 0.29157441195585015, 0.27957366211140394, 0.2914763315775358]"
413,"[0.9605310175475308, 0.9608909621831337, 0.9600789666559891, 0.961396385380666, 0.9600907011450293]","[-20.53429330147837, -20.340625795714132, -20.457563141038005, -20.227352422934135, -20.21227802921207]","[0.3318260438467229, 0.3349448569501308, 0.3284779318077635, 0.3384016177531433, 0.3285870703836664]"
414,"[0.9588713692077657, 0.9595783322627227, 0.9580158106135385, 0.960409241733057, 0.9580383752630298]","[-20.520272059645215, -20.30960138019488, -20.46278835735994, -20.172383397043365, -20.21702554672071]","[0.4151704782083952, 0.41687422809029134, 0.41244279984684634, 0.4190997927668117, 0.4125272117743358]"
415,"[0.9583029709823235, 0.9589951690191401, 0.9575001043565339, 0.9598103688503469, 0.9575194395421356]","[-20.610550130456545, -20.42245970150823, -20.52614564267948, -20.31550575973979, -20.281072457936684]","[0.3915524614701727, 0.39944686484398234, 0.38346089193618665, 0.4109273901809919, 0.3836547573859633]"
416,"[0.958026862680651, 0.9585721486631046, 0.9574673750315751, 0.959184668465726, 0.9574830690954831]","[-20.283323153501847, -20.0962360402112, -20.19834699717973, -19.991348084294106, -19.953278713962384]","[0.3223021036830668, 0.31866927255327493, 0.32496389040784446, 0.31537434422940164, 0.3249009307291155]"
417,"[0.9611642355908712, 0.9617938733479744, 0.960512725086427, 0.9625776570266297, 0.9605282564197883]","[-20.42210119318513, -20.205860130951923, -20.369280734632518, -20.05911010742276, -20.12342621376215]","[0.3556122879755914, 0.35712438605228153, 0.3529422296382766, 0.3590810329657774, 0.3530125937312781]"
418,"[0.960182645144091, 0.9607169844353205, 0.9596904456832971, 0.9613484425159796, 0.9597079673069397]","[-20.517996103584522, -20.311434340175758, -20.455817809266126, -20.17993528776042, -20.21016948236171]","[0.386148726312546, 0.38825895427905927, 0.38375794574312544, 0.39127119545220174, 0.38381732683321595]"
419,"[0.9634706467283889, 0.9640364226830879, 0.9626209897191101, 0.9647217658992998, 0.9626409627961472]","[-20.37089484670588, -20.165254903907297, -20.305565866495094, -20.03272895225718, -20.060028448910824]","[0.4634012769664773, 0.4614216263727959, 0.46563104457982335, 0.4694438965046245, 0.4655581176714495]"
420,"[0.9611537026830507, 0.9616848754017872, 0.9605324028168507, 0.9623275212645362, 0.9605488219567363]","[-20.285108188913853, -20.095725896919735, -20.202190774299748, -19.986959437405737, -19.957076394565657]","[0.37256689772398754, 0.37817928181935023, 0.3660471654991505, 0.3860369482041257, 0.36621288074070085]"
421,"[0.9621996353302675, 0.9626995606103351, 0.961471230435812, 0.9634006927773907, 0.961490454955095]","[-20.22225771775245, -20.00626503776084, -20.1715166317884, -19.862364184108007, -19.925573498396705]","[0.44696853781263457, 0.4623982808757103, 0.42652451546900216, 0.47558230061651846, 0.4270479294177184]"
422,"[0.9617670399961523, 0.962156427097021, 0.9613112830285646, 0.9624932511387123, 0.9613240814584473]","[-20.058143637734233, -19.84546702825673, -20.002935897686978, -19.7054433542567, -19.757115328185876]","[0.34608054640682834, 0.3485794406469837, 0.3474365514769714, 0.35523836754229643, 0.34740185505004056]"
423,"[0.9599140535903409, 0.9604425449000865, 0.9592349413941287, 0.9611055196955475, 0.9592557334948656]","[-20.184756376094285, -19.972552567982063, -20.128702709800333, -19.83285951571427, -19.882908324871384]","[0.499243910720602, 0.5070903530073086, 0.49129519233567603, 0.521133516708073, 0.49147204685339513]"
424,"[0.964554456554783, 0.9649851164502281, 0.9639474294242409, 0.9654450042868354, 0.9639610199367616]","[-20.287332736591413, -20.092943139235757, -20.21045582979909, -19.977545894706328, -19.96518682193985]","[0.2748426810644049, 0.27545045834665643, 0.28036613647375386, 0.27792505591427025, 0.28012026268989887]"
425,"[0.9630511401966814, 0.9637168686588383, 0.9624537820831455, 0.9646076923086162, 0.962469380821269]","[-20.272321018704663, -20.052303094592634, -20.224386658964363, -19.90093956934727, -19.978406914600356]","[0.4987069609711695, 0.5063662587439939, 0.4883830589684412, 0.5163868417153273, 0.48865876991705537]"
426,"[0.9623831503673148, 0.9625017987897746, 0.9620338345435886, 0.9628657919871908, 0.9620451720063309]","[-20.038542282781773, -19.840550734725035, -19.965351974847614, -19.719627327586608, -19.719996676937836]","[0.48155647757889336, 0.4783030591293734, 0.48586583749378787, 0.4742930318257208, 0.4857491553165056]"
427,"[0.9621823089867023, 0.9625213792205471, 0.9617859428858396, 0.9629975462181832, 0.9617898414555872]","[-20.32118088989196, -20.131116344816625, -20.239147624774144, -20.02152051579211, -19.99401096352767]","[0.2450836397639544, 0.23876514415465866, 0.2535297910480229, 0.23113862219924142, 0.2532985737700418]"
428,"[0.9659813595907943, 0.9662183608655701, 0.9656650554649904, 0.9663444478948802, 0.9656775273088343]","[-19.899742174654087, -19.680286296907703, -19.85272461892582, -19.531324212759202, -19.60669269537218]","[0.3788784407286925, 0.3836716444487678, 0.37448596345763124, 0.3900605480716334, 0.37457759262848184]"
429,"[0.9648470151536446, 0.9651513247020669, 0.9643381352946224, 0.9655128876974609, 0.9643539338813114]","[-20.117349029736864, -19.913615865462855, -20.050155687758227, -19.784086768556502, -19.804661760987894]","[0.3745859091721991, 0.3717167027266995, 0.3787072696059543, 0.36597565313019464, 0.37859463319117237]"
430,"[0.9636321963617644, 0.964080102059618, 0.9628626297581648, 0.9646007603744107, 0.9628834432498189]","[-20.06159251856306, -19.84043188657442, -20.016217250927333, -19.688795123261045, -19.770151332696038]","[0.5014530446208428, 0.4986715759062825, 0.5048271718837009, 0.49483673932507793, 0.5047443961466358]"
431,"[0.9640419942761309, 0.9642198263042201, 0.963593142624201, 0.964329796976449, 0.963602349752797]","[-19.981764709241713, -19.800603373931242, -19.882056221269945, -19.694467299117154, -19.63746862479162]","[0.441474704381044, 0.41505408141003564, 0.4886865229063355, 0.37860252607070893, 0.48748803611699776]"
432,"[0.9609002700895125, 0.961425506390208, 0.9604442075236543, 0.9620057530153976, 0.960452547036676]","[-20.11682050447667, -19.923089310282364, -20.035837226934536, -19.804770817936692, -19.79072006907047]","[0.40353935519786727, 0.3962699443623516, 0.4109816618588987, 0.38678795222888757, 0.410787179756509]"
433,"[0.9645843316964431, 0.9648417130048419, 0.9640476884960679, 0.9651663310758367, 0.9640643363566717]","[-19.915331654934388, -19.708290457365248, -19.85061588521778, -19.57274930005994, -19.605077881657273]","[0.33405705320896434, 0.3430509538253902, 0.32967393251121935, 0.3559095764128458, 0.3297267342985772]"
434,"[0.9618278822086155, 0.9622622887829965, 0.9611351073069584, 0.9628829080120249, 0.9611529716406113]","[-20.172107143984423, -19.967172707575692, -20.100978909031895, -19.830105009088395, -19.855661568737887]","[0.2914475636637788, 0.2936271189582759, 0.2841237844506085, 0.29474011376371806, 0.28409495344599633]"
435,"[0.9663283395506457, 0.9667964420901991, 0.9656160079151628, 0.9672216609219119, 0.9656346956296444]","[-19.7075262289339, -19.47612077610371, -19.674472701854143, -19.310975383410376, -19.428089975773545]","[0.4015130566054728, 0.3962964201159874, 0.40727788337316156, 0.3909703689627404, 0.40717025281428226]"
436,"[0.9636694983670508, 0.9641242344122682, 0.9630374835797291, 0.9645890733464045, 0.9630546197545319]","[-20.101394507742313, -19.89985327417399, -20.02957534649781, -19.771011755466542, -19.784229590202596]","[0.2987980644765272, 0.2906714614966812, 0.31058092340711835, 0.27865092913859557, 0.31008023299965354]"
437,"[0.9667223575431395, 0.966940583995985, 0.9664811522724697, 0.967124552972882, 0.9664863240761596]","[-20.00297199472562, -19.791161332774145, -19.945333664574154, -19.65078192866607, -19.69959696671874]","[0.2662774439271001, 0.26222503420608495, 0.26888045055933546, 0.25454539577916396, 0.2688108943330741]"
438,"[0.9659347971729314, 0.966303819070129, 0.9654927390626317, 0.9666882495649206, 0.9655082309001682]","[-19.9437696300308, -19.727312350454625, -19.891924146599983, -19.58103027558519, -19.646033299780317]","[0.45680828593059886, 0.45775043349494654, 0.445449955088588, 0.45453921167163275, 0.4456359278152596]"
439,"[0.9659633166219685, 0.9660141907625085, 0.9658249410756629, 0.9662689630104594, 0.9658346772910779]","[-19.792681896990796, -19.582040382081686, -19.734722764054194, -19.44438300509012, -19.488977658089162]","[0.40443495073289465, 0.3930936724668484, 0.4152690007439824, 0.3792228324606666, 0.4150282280457727]"
440,"[0.9655950442490575, 0.9658742455665367, 0.9652979208977859, 0.9662350187913762, 0.9653049410375767]","[-19.942512900376, -19.740606164585607, -19.87185003677688, -19.61206026403996, -19.626463106476756]","[0.2425387648359431, 0.2446848528803248, 0.24013626403415764, 0.2494478097897617, 0.24019289064284588]"
441,"[0.9648427580064541, 0.9652480413194537, 0.9643953271595576, 0.9658274647125976, 0.9644051819803452]","[-19.777985587785377, -19.564421959256602, -19.722639228083082, -19.421933396046416, -19.47683860061002]","[0.396014329908625, 0.39763514255502497, 0.39624189068427673, 0.39996193572402383, 0.39618381003310843]"
442,"[0.9662232970524129, 0.966398408504917, 0.9659839231438622, 0.9666595438569571, 0.9659939021093381]","[-20.001007087145567, -19.787563413035247, -19.940368528550533, -19.639711989821663, -19.694777075746675]","[0.4381212881395703, 0.43644094577577436, 0.43621253417308076, 0.42848245793752465, 0.4361936744546065]"
443,"[0.9667378617947556, 0.9667944414862235, 0.9664430948737193, 0.9671264577682945, 0.9664576039112451]","[-20.0660979845991, -19.865571356625768, -19.991355361611287, -19.736135956102366, -19.746104926330506]","[0.23306797352675632, 0.2522393817033184, 0.21463229328193406, 0.28526033361759945, 0.2150709408588863]"
444,"[0.9673642038708521, 0.9673641302014747, 0.9673102519733808, 0.9672748933595716, 0.9673114518060042]","[-19.796001961584007, -19.587104240409058, -19.733947719499778, -19.449589719953185, -19.488333796199566]","[0.31774641651453, 0.30283883127747574, 0.34263424508814894, 0.28567148050013874, 0.34193660728534514]"
445,"[0.9674025632678267, 0.9676440189376302, 0.966962620307871, 0.9678586750991321, 0.9669741874063353]","[-19.982874656740258, -19.78962077496354, -19.9026674706762, -19.673479117866556, -19.6575111436116]","[0.2742535743073496, 0.2778359215246459, 0.2706374712893664, 0.283739112030501, 0.270721688245325]"
446,"[0.9656688570996894, 0.9658893902469362, 0.9652757298811855, 0.9661514161883501, 0.9652892381137008]","[-19.824117899790025, -19.600411676300318, -19.782059756310016, -19.445677268155166, -19.535904098351008]","[0.26167532247804987, 0.2592794294103749, 0.2659883289657621, 0.2559937953504789, 0.26583290307335006]"
447,"[0.9636423817083175, 0.9638387420254618, 0.9634055250972698, 0.9641258240459502, 0.9634100704397918]","[-19.977925884245487, -19.761162783314422, -19.924970148534214, -19.612913396903927, -19.679131569177656]","[0.3643067532914213, 0.3685774891630592, 0.35876759575161593, 0.3737632040042845, 0.3589151059540279]"
448,"[0.9668026475583983, 0.9671010341800241, 0.9663594659857017, 0.9673407552041488, 0.9663671847344876]","[-19.865734426610405, -19.665040809902447, -19.79355241077127, -19.538029888542525, -19.54820366478687]","[0.3640715221456874, 0.36081523129161264, 0.3661364422845923, 0.35628727292135937, 0.36618752389613374]"
449,"[0.9677110043114985, 0.9680439433678372, 0.9674122461198812, 0.9682306577990902, 0.9674175459190887]","[-19.544168694202902, -19.32687302840851, -19.494334207634974, -19.1805437886901, -19.248377521627354]","[0.2511945376398241, 0.2599214190899504, 0.24791727471421263, 0.2714509481572671, 0.2479575159947124]"
450,"[0.9651220599229304, 0.9653829416330397, 0.9648764990075227, 0.9654975294129854, 0.9648800368638077]","[-19.97462498416884, -19.7636053508164, -19.91372615231923, -19.6217805578613, -19.668104669648113]","[0.2235101970625018, 0.22321473557250548, 0.22527533103119837, 0.22380067300337875, 0.22519555126728552]"
451,"[0.9700430922704317, 0.9704280113149616, 0.9696512003129656, 0.9708190939429077, 0.9696586992524363]","[-19.54452424537018, -19.313315042291915, -19.510164052080764, -19.147337474677958, -19.263829411272372]","[0.33257651434424745, 0.3306059566896442, 0.3351299600430911, 0.3280754147000701, 0.33506112491562584]"
452,"[0.8978042467931839, 0.8982991486782835, 0.8974962336657839, 0.8990399387406375, 0.8975018796540463]","[-19.436917087118104, -19.26349686195402, -19.312430793952732, -19.148400368489618, -19.068677780866107]","[0.3621541173332883, 0.3492016947499039, 0.3776291574980245, 0.3358326209951023, 0.37735847699731206]"
453,"[0.9125886710711719, 0.9132670907401395, 0.9119062904574035, 0.9144320733325642, 0.9119241073751335]","[-20.21404256146708, -20.018282418385752, -20.129321270347656, -19.89024971846775, -19.884385411138382]","[0.3257512298301735, 0.3538199387717579, 0.30708578977832174, 0.34811823293285105, 0.307167426727795]"
454,"[0.9364526668498596, 0.9375467012698642, 0.9351057856305083, 0.9389706979070209, 0.9351383621339346]","[-20.155388819884568, -19.94618295842437, -20.094083507381832, -19.80866817880289, -19.84844687778334]","[0.4725651792337634, 0.4731532108705225, 0.4715804548583105, 0.47379720211887194, 0.4716075444694777]"
455,"[0.9469639623953187, 0.9477859724648424, 0.9459079100085054, 0.9489428497987465, 0.9459329296831178]","[-19.852171388155632, -19.644606363222422, -19.791593725421755, -19.5122126693428, -19.54590010398461]","[0.20803310047625503, 0.20463766705621847, 0.21238409133594488, 0.2001987144294507, 0.21224796629930778]"
456,"[0.964403181301493, 0.9648407597281045, 0.9636891276155352, 0.9653402314557171, 0.9637118125721492]","[-20.431874078785007, -20.233996697612273, -20.35970136869613, -20.114546277325502, -20.11430167225667]","[0.4257416125931252, 0.44520638853309386, 0.4119090698915067, 0.4723033036956214, 0.4122704107403336]"
457,"[0.9617923776210157, 0.9624952160006714, 0.9608950913180343, 0.9631897196350494, 0.9609174478190429]","[-20.832253964225956, -20.6471725728154, -20.744672822291975, -20.544728170036738, -20.499672224375622]","[0.33600865658147044, 0.32397693716644943, 0.3504146195266428, 0.30754546663630095, 0.3500427882537108]"
458,"[0.9646517122972914, 0.9650001790994934, 0.9642825702803492, 0.9653334003056679, 0.9642893882833822]","[-20.512806218346633, -20.30355727035834, -20.454475952137187, -20.169161460394243, -20.208720388033303]","[0.5056295425372734, 0.5070484600071842, 0.5037113564439737, 0.5088515133933973, 0.5037606345048772]"
459,"[0.9697105077787304, 0.9701133100939587, 0.9690996890979252, 0.9706654114941959, 0.9691178785376852]","[-20.912156316559436, -20.723938915988363, -20.826476537623275, -20.615136792744696, -20.581453687925354]","[0.14965239971277217, 0.13951619769767884, 0.16517913134850795, 0.1272412116985006, 0.16478437947206517]"
460,"[0.9704350834898178, 0.9710828761608344, 0.9697007642643124, 0.9718467944336576, 0.9697206642923872]","[-20.579773453291015, -20.35211203531005, -20.542136797687288, -20.19181569770701, -20.29587213112895]","[0.426741850053062, 0.4416270086500229, 0.40805018116449704, 0.4610784469361206, 0.40854330549293905]"
461,"[0.9721372181790294, 0.9724304980926658, 0.9717394284378253, 0.9727044283174876, 0.9717498478065442]","[-20.30637601309171, -20.088806376635823, -20.257868618656076, -19.94316686923845, -20.011863215402492]","[0.5346097006780582, 0.5418582085678159, 0.5273054719430346, 0.5529807461254821, 0.5274464023347394]"
462,"[0.9703450549493015, 0.9705708307370265, 0.9697851574134156, 0.9707581999802404, 0.9698036068410109]","[-20.790501978189365, -20.593824161560743, -20.715982831189805, -20.47494371884143, -20.47066186422373]","[0.35761172249347073, 0.3638184223699856, 0.3501397534930655, 0.37212858751130246, 0.350333141430657]"
463,"[0.9711857168118827, 0.9718374558593613, 0.970441654241881, 0.9726206727167932, 0.9704586661528198]","[-21.10745772844571, -20.906945898359762, -21.036770115577234, -20.782094284365975, -20.791359231806883]","[0.23602748720403344, 0.23868476996717566, 0.2329705295298701, 0.24240273406332333, 0.2330493800704984]"
464,"[0.9642056585689639, 0.964476168978019, 0.9637075694882308, 0.9646649869710974, 0.9637181786623724]","[-21.378967905298097, -21.19608600308171, -21.28672927215742, -21.09416784332375, -21.04187582622648]","[0.29265966747768263, 0.2835206286210388, 0.30389895696815217, 0.27169950996745584, 0.3036034766748481]"
465,"[0.9599826351143356, 0.9603194463820518, 0.9596037778604775, 0.960536924603237, 0.9596120410180881]","[-21.82617455600837, -21.653745887092015, -21.721004387853334, -21.565202657535817, -21.476486018212707]","[0.35000843791517794, 0.3578445469149724, 0.3410846500701785, 0.3693159139463187, 0.3413089590635663]"
466,"[0.9594167994346964, 0.9596199650539731, 0.9589572922368591, 0.9597501035762676, 0.9589681783705194]","[-20.634913672283393, -20.460028282745686, -20.53271087601296, -20.36826522512334, -20.288118902469083]","[0.5937711578861932, 0.602332549919262, 0.5836533369060832, 0.6145107348926303, 0.5839104165307618]"
467,"[0.9612035146861734, 0.9613059283532287, 0.9609415414939244, 0.9614752483654927, 0.9609526598713195]","[-21.67567865182586, -21.509252515591232, -21.56024242283386, -21.424754528825616, -21.316027946914993]","[0.6616052143110738, 0.6459684771631089, 0.6857836509334557, 0.6292951664920445, 0.6858846413070601]"
468,"[0.9633906110185114, 0.9637379007717887, 0.9628594756234536, 0.9638570506338494, 0.9628690792760893]","[-21.89280615988924, -21.723731602650705, -21.781627833857474, -21.63712294700156, -21.537289435750214]","[0.36228189161537394, 0.38185302407615807, 0.34363650293006126, 0.40995991260067016, 0.3437968451102863]"
469,"[0.957831023880411, 0.9575751607272497, 0.958115373998322, 0.957220294425879, 0.9581159904647042]","[-22.192939049604597, -22.028869231942416, -22.075010913801073, -21.94787509170712, -21.830861655455163]","[0.20590325067343238, 0.20961599496336086, 0.20550389866883303, 0.2153443965859487, 0.20549963468735657]"
470,"[0.9540055876760227, 0.9539530169372802, 0.953942596852632, 0.9535805550496547, 0.9539422084078818]","[-22.531315255063667, -22.367276206277005, -22.41114510264152, -22.28353752633641, -22.167081408160758]","[0.2404239602707476, 0.24009110437161363, 0.24091983469328254, 0.24423069337156586, 0.24095617414277415]"
471,"[0.9610907209702184, 0.9608802852350916, 0.9612345996896628, 0.960339260407888, 0.9612324012716854]","[-22.151598881735058, -21.995724912531156, -22.02684680801832, -21.92941609197774, -21.782832764756353]","[0.4074144745347486, 0.4111748819959907, 0.40303143041132744, 0.41013215050039803, 0.4031067285954212]"
472,"[0.9592615231331865, 0.959491723205618, 0.9589260650057386, 0.9595351939845648, 0.9589377755961249]","[-21.909231449120124, -21.75179406946265, -21.786192985448157, -21.68320262871413, -21.54214046829602]","[0.3600923081903267, 0.3622244286104996, 0.35821554126088945, 0.366461443865036, 0.3582993491753754]"
473,"[0.9586265860896804, 0.9585967358123703, 0.9584464832665909, 0.9583243070756523, 0.9584505199766069]","[-22.23789742132849, -22.078355095891986, -22.1154348657865, -22.004443105178257, -21.871386742395067]","[0.3400042374299535, 0.34955451083306244, 0.32612541018302604, 0.3582925841448382, 0.3264482672393381]"
474,"[0.957460486664466, 0.9575145117461842, 0.9575226365750592, 0.9571874946574087, 0.9575182221099919]","[-22.11279219895822, -21.95981313966053, -21.982347968701678, -21.894369221164506, -21.738503452950365]","[0.4585565564004011, 0.4551774917464951, 0.46162893437877206, 0.44849191255444326, 0.46155119663614613]"
475,"[0.9607966956802693, 0.9608192258738861, 0.9606284217778563, 0.9610125488048482, 0.9606327110342909]","[-21.026885106387855, -20.83098944479825, -20.952145822362617, -20.71397166334001, -20.70681870264262]","[0.3546454582360811, 0.3533309443968939, 0.35630872800187, 0.3515529003580144, 0.3562626958751459]"
476,"[0.9567439925254945, 0.956754717525466, 0.9567668804061528, 0.9565329163713131, 0.956771745135251]","[-22.180498381764096, -22.021808194201096, -22.05738549670435, -21.949522829095493, -21.813347398392054]","[0.34002403414487997, 0.3205156012055021, 0.36138613301464684, 0.29682364304417075, 0.36082467548281105]"
477,"[0.9590558977475552, 0.9590407216327071, 0.9590732750260424, 0.9587037951072706, 0.9590751955582917]","[-21.917897708431873, -21.757358427043027, -21.79970623489175, -21.686101915132205, -21.555507835429434]","[0.23397432197982493, 0.23301923857449622, 0.235087041897514, 0.23186092461896124, 0.2350584627190216]"
478,"[0.9591852082445126, 0.9593735373896514, 0.9587792828388156, 0.9593935457547356, 0.9587873979477584]","[-21.54606256554307, -21.386792784396064, -21.427290323021815, -21.318448784848595, -21.183095016884824]","[0.8449215083069772, 0.8442781169575174, 0.8455788014540104, 0.8425364795018678, 0.8455611870709834]"
479,"[0.957597712889354, 0.9575702638418279, 0.9574185110559811, 0.9573476788382244, 0.9574257290438721]","[-22.079167568583017, -21.91650293925119, -21.961813185797972, -21.84026765767774, -21.717617464731795]","[0.7944698438848754, 0.7878006562802528, 0.7869969992518296, 0.7657636565933409, 0.7872134286908561]"
480,"[0.9580489897518192, 0.9580057471304357, 0.9577388521855886, 0.9578660283298066, 0.9577442460918218]","[-22.177165630936056, -22.009692270501972, -22.06464237629143, -21.925921827459174, -21.82033256328197]","[0.1470450882742603, 0.14580686026099446, 0.148422553167707, 0.14492458374028033, 0.14838690495928974]"
481,"[0.9554762387536805, 0.9554795589639821, 0.9554118642877466, 0.9553583344504043, 0.9554192312405791]","[-22.418834685244143, -22.25565013203625, -22.282529694382156, -22.153772429264226, -22.039070579696727]","[0.39331168591220045, 0.3484504434706348, 0.4441236736240394, 0.326571816577634, 0.4428762210136635]"
482,"[0.953756130118919, 0.9537148435734419, 0.953803138342585, 0.9535215519143643, 0.9538047623726421]","[-22.44944741342323, -22.28279604417301, -22.33551202942923, -22.19952180746675, -22.09123830544714]","[0.3083998342987985, 0.3162273923146408, 0.30639845662928206, 0.32682506943647044, 0.30644091319613176]"
483,"[0.9337838890735385, 0.9342463388746711, 0.9331721333318189, 0.9349385333910167, 0.933183812053563]","[-20.99846072151699, -20.71064501227155, -21.01486957448555, -20.456810328932775, -20.767531116729163]","[0.898960555572874, 0.9395724306017175, 0.843510653382782, 0.9876785961885932, 0.8450300567196816]"
484,"[0.9444728545402066, 0.9450932664006552, 0.9436697637266951, 0.945934289914756, 0.9436913438394943]","[-21.054230813698325, -20.805204914400946, -21.012527504526744, -20.588679928657676, -20.76681625962195]","[0.5648749317523265, 0.6753575233092297, 0.4658700404922849, 0.6479336479525303, 0.46833816171270803]"
485,"[0.9581582350088266, 0.9578924265847456, 0.9584796458623814, 0.9575240346997609, 0.9584790053056602]","[-22.39134831117975, -22.22823815561054, -22.27444861352652, -22.15128346727389, -22.03023658592951]","[0.3093706848265799, 0.3088066443282642, 0.31389247190082076, 0.30638191064325215, 0.3137073037028595]"
486,"[0.958682631673177, 0.9587092180151169, 0.9584790915143752, 0.9586810585185401, 0.958483306117548]","[-21.807832240621508, -21.64446318497588, -21.693937448274045, -21.5706280337875, -21.44961674039465]","[0.44637449174153454, 0.4553374279998029, 0.4363080561677931, 0.46842778858214584, 0.4365572112956339]"
487,"[0.9563923708020658, 0.9563007600322897, 0.9563475326823185, 0.9559041357859328, 0.9563556485163706]","[-22.12420025858035, -21.962998573743334, -22.006828658901714, -21.89092091769343, -21.762613370722047]","[0.4391728063821791, 0.4364808895042174, 0.4336890775104516, 0.4353913581690441, 0.4338850901750353]"
488,"[0.9592828157853796, 0.9596386327757168, 0.9588076981813591, 0.9600270753834511, 0.9588209889049609]","[-21.995512035356988, -21.83110646866587, -21.881737050301624, -21.754462374646042, -21.6374258287268]","[0.3549674197634946, 0.35511344598067424, 0.35490370151171124, 0.3562830582407305, 0.3548982934920127]"
489,"[0.9589812273849057, 0.9590144436283794, 0.9586973891218745, 0.9587991939647523, 0.9587056316561282]","[-22.15319170439693, -21.987248529145837, -22.040812652151722, -21.90797542108175, -21.796473546325252]","[0.30724575556637224, 0.30438781816946636, 0.31198037411773355, 0.30064631053263685, 0.31185326340009834]"
490,"[0.9575335840792308, 0.9578510857932928, 0.9571900718795919, 0.9580555495652322, 0.957197100157228]","[-22.24542115597, -22.076362328152392, -22.13451088299587, -21.99013812894022, -21.890160903220607]","[0.3824282858428981, 0.3848202401460668, 0.3794462855172425, 0.3834708917964098, 0.3795234362707449]"
491,"[0.9554148079414678, 0.9552501085527856, 0.9555550477689423, 0.9549738379506847, 0.9555519537227334]","[-21.432198014523493, -21.260658284149766, -21.329291489615073, -21.177429942013905, -21.08467286539713]","[0.2968819329225469, 0.29584850372125987, 0.2979456954853037, 0.29430603583606096, 0.2979301175990311]"
492,"[0.9639161828512415, 0.9636995099356922, 0.9640665444812235, 0.9631631495317486, 0.9640657270437417]","[-21.780335449232258, -21.61761652921956, -21.665868853415663, -21.54491372518901, -21.421558967283794]","[0.26549311571602574, 0.2637823642674593, 0.2675705828521203, 0.2614381396433783, 0.2675153604173939]"
493,"[0.9620164762940346, 0.9618462779391053, 0.9620988995881602, 0.9615898697279706, 0.9621016317183458]","[-21.268193742867677, -21.08365879217521, -21.180073717306747, -20.982069034050237, -20.935086193385875]","[0.8507604701111056, 0.8583646728385277, 0.8419712606498506, 0.8691118205057451, 0.8421931214631508]"
494,"[0.9604544648701447, 0.960532989406213, 0.9601891763155889, 0.960544847032174, 0.9601990957348604]","[-21.48451449776783, -21.303801330548872, -21.39107542491297, -21.20642595997531, -21.14623284240718]","[0.9450898490151712, 0.9289605624243674, 0.9602506955670976, 0.9073369258527051, 0.9599838588900924]"
495,"[0.9624918614921477, 0.962411796609968, 0.9625216153229756, 0.9621414238504323, 0.9625219493832108]","[-21.911861242006182, -21.75090207639549, -21.793067311193195, -21.67767111221117, -21.548892950375155]","[0.39076527354068846, 0.39386925721765165, 0.3865650078335127, 0.3977572509605527, 0.3866748676308805]"
496,"[0.9606076872914132, 0.9604534889695147, 0.9604789463190965, 0.9602424590376542, 0.9604830358831539]","[-22.197841699791706, -22.020690140574626, -22.093679126593663, -21.920221905472545, -21.849197523543573]","[0.28009386891703636, 0.2790547861689715, 0.28474791580283465, 0.2765928735354671, 0.28456319667796925]"
497,"[0.959607985110392, 0.9595138010198146, 0.9594190074264218, 0.9591095688487213, 0.9594264281498506]","[-22.05136581107005, -21.881071758660134, -21.94430282929475, -21.79615568143801, -21.699826925337856]","[0.27544949421096676, 0.2636874619620886, 0.2879137506886927, 0.24557354986521893, 0.2875977912615061]"
498,"[0.9602531664620009, 0.9603654072113744, 0.9600819356537387, 0.9603920125071563, 0.960086208205694]","[-22.02152084059338, -21.846771145967875, -21.91938678429735, -21.75546656919673, -21.67479755061094]","[0.32540884057239533, 0.32309325782549414, 0.32796192989464684, 0.3166440497106041, 0.3278695921580269]"
499,"[0.9580741676128592, 0.9583091611783605, 0.9576497436500896, 0.9584122613927665, 0.957665777021181]","[-22.209911324434355, -22.03867472459744, -22.104067239588165, -21.952665866170484, -21.85956135230902]","[0.4340342412063973, 0.4089257292593409, 0.4663587290368932, 0.3728948131019112, 0.46549303684107274]"
500,"[0.9568262363706801, 0.9566439607101307, 0.9570267432176852, 0.9563084230878328, 0.9570255803429807]","[-22.14422075830913, -21.98352193546441, -22.02591369312003, -21.9116496404454, -21.781726861569393]","[0.3499091956784018, 0.35040234441406193, 0.34935196447636857, 0.3510463672083706, 0.34936779426947034]"
501,"[0.9610897367411653, 0.9611030084206283, 0.9608952680400045, 0.9610659466920732, 0.9609020291299515]","[-21.192622533685626, -21.012579372370453, -21.09970239927802, -20.9176997765944, -20.854832246248534]","[0.9319254731910586, 0.9300407775267481, 0.9339930419696597, 0.9267547057827072, 0.9339332585814637]"
502,"[0.9635252585442797, 0.9637977148629561, 0.9632463483716894, 0.9640629010466258, 0.9632565113775794]","[-21.92619679259986, -21.766320552422226, -21.80646455993323, -21.695003597468904, -21.562314045224714]","[0.5525733222386329, 0.5488371389934935, 0.5572822877140309, 0.5439211786526031, 0.5572358311584097]"
503,"[0.9595831219068972, 0.9596088646944957, 0.9594807261869587, 0.9595910935436271, 0.9594835442347104]","[-21.98675963048664, -21.814201869629994, -21.88217016680582, -21.726014580796544, -21.63763044716964]","[0.2591532953242196, 0.2609131289445062, 0.25701148574111377, 0.26319398954881984, 0.2570675828862578]"
504,"[0.959809576871208, 0.9598519760696934, 0.9597037715951523, 0.9597437071702823, 0.9597080621662402]","[-22.242085919992963, -22.077118049398155, -22.128269805789284, -21.99881261750549, -21.88397092543445]","[0.2640607358481726, 0.26995237335273664, 0.25723909340103235, 0.2782734501356388, 0.2574183430240647]"
505,"[0.9566636903644642, 0.9566563765360973, 0.9566200014189905, 0.9563432474237497, 0.9566232380505238]","[-22.0972933724632, -21.950040486371165, -21.96255607491449, -21.895554110744495, -21.718789958145944]","[0.43954912845704264, 0.4421162523418896, 0.436782591553247, 0.4427257249633138, 0.4368471156162252]"
506,"[0.9581338474073714, 0.9581160918283523, 0.9581064227591269, 0.9580452296303993, 0.9581105824243497]","[-20.765804905712326, -20.583878041458615, -20.675918754580508, -20.487412815951046, -20.43095468846629]","[0.7743676394268759, 0.777782585140166, 0.7703057637725566, 0.7825491055751346, 0.7704063654011318]"
507,"[0.960972330389158, 0.9610185723214039, 0.9606627849743441, 0.9608112401935233, 0.9606772929264078]","[-22.142478419470542, -21.96954587500499, -22.035788327428477, -21.877702696516998, -21.791342178847177]","[0.20431610770772055, 0.20300094353432427, 0.21168979996738851, 0.20181118665747294, 0.21148548077295468]"
508,"[0.9554099506866279, 0.9553223469905757, 0.9552940039284, 0.9552326704263532, 0.9552979730406213]","[-22.41198385907621, -22.245858558980963, -22.29749931934935, -22.163419226512683, -22.053244238749418]","[0.4128605457640653, 0.4166854784734504, 0.4072738691360816, 0.41510797680819256, 0.40740530455618856]"
509,"[0.9570084780086233, 0.9570603573591282, 0.9569112647689781, 0.9568696465388273, 0.956914070607263]","[-22.238503341314605, -22.067735028787656, -22.131748918930874, -21.981882177674425, -21.887265996437343]","[0.4386665613479135, 0.4426676822371546, 0.43402400395269586, 0.44710095781899195, 0.43414348113191725]"
510,"[0.9551423879394482, 0.9546994313674448, 0.9554520835551145, 0.954198297891629, 0.9554406019583238]","[-21.4239321423437, -21.263262650949404, -21.308304796663787, -21.194948070620402, -21.06401251880921]","[0.8581681012636874, 0.8499901056149407, 0.8679687130544876, 0.8275924169771327, 0.8677927907316004]"
511,"[0.9528556966636995, 0.9527277758805686, 0.9525341792844384, 0.9524858636962487, 0.9525494827282193]","[-21.48130066853674, -21.29431991242379, -21.395896783870644, -21.189207305074937, -21.15084110130374]","[1.0068505673633128, 1.0082154777384733, 1.0033268531002741, 1.0087639753301345, 1.003489132542393]"
512,"[0.9575321877199331, 0.9576088138886659, 0.9571716324270443, 0.9575299352270911, 0.9571823455057323]","[-22.21658910831764, -22.04321905232987, -22.1129404844101, -21.953911181937222, -21.868381924473997]","[0.3147911495785692, 0.3238984106698298, 0.2978234414218878, 0.32407127602803015, 0.29823858114111823]"
513,"[0.9618224665724142, 0.9623396606272826, 0.961158586667689, 0.9627930799580166, 0.9611822185179676]","[-21.94495807211597, -21.756717705370278, -21.858831254178686, -21.64731438027368, -21.613823448987944]","[0.44671754378640505, 0.44440262592995056, 0.4509995835620348, 0.44082202898472395, 0.4509100245580254]"
514,"[0.9594015895401818, 0.9596189219291191, 0.9590322952105531, 0.9596204899964692, 0.95904499847174]","[-21.914979368831514, -21.747162404967618, -21.804555183564666, -21.665045940048056, -21.56017318125884]","[0.5017338364446888, 0.4936580262523406, 0.5123070483038255, 0.4823912611969287, 0.5119565427270115]"
515,"[0.9599293396489554, 0.95996391984763, 0.9597504478178192, 0.9598736697715293, 0.9597609200222528]","[-21.671248665951104, -21.511909037357906, -21.552718279366967, -21.443701868396943, -21.308515589312442]","[0.39454424151643686, 0.39330487404487935, 0.39598316816468865, 0.39161164541443044, 0.3959447044027923]"
516,"[0.9605794854592212, 0.9603573734224252, 0.9606434468937922, 0.9599451489308317, 0.9606463238613527]","[-22.009336317080496, -21.855691130806033, -21.881322476266615, -21.791535211984613, -21.637402162417917]","[0.1944145408397028, 0.20614692241697447, 0.1808792270292099, 0.2236032931258511, 0.1812235137473227]"
517,"[0.9578659983909236, 0.958073368567727, 0.9575221999225431, 0.9583826321184323, 0.9575365513839749]","[-22.225635410754766, -22.04412394489757, -22.131984923706266, -21.944294751068654, -21.887161354893202]","[0.16636875977713156, 0.16730616659260364, 0.16525166979180114, 0.1685910326324097, 0.16527826857515857]"
518,"[0.9563649638580007, 0.9562628738338439, 0.9564444434630791, 0.956169993810874, 0.9564443500680486]","[-22.094265884685377, -21.93566661387299, -21.970448045134177, -21.862689652640203, -21.726438456170698]","[0.2590934822320056, 0.2539377129109531, 0.2682959444626899, 0.25260039165888454, 0.26805344909201306]"
519,"[0.9591178740241013, 0.958966112802528, 0.9591160980087785, 0.9587155203118294, 0.9591184338342618]","[-21.466360020437943, -21.29614621827976, -21.360635852751894, -21.213159212422635, -21.116108918384725]","[0.8412167372237692, 0.846739237522882, 0.8347726913543384, 0.8551401627244153, 0.8349355290879098]"
520,"[0.9596174995006947, 0.959866026911093, 0.9594274697640911, 0.9601639275482248, 0.9594319714257835]","[-21.666520783918816, -21.49422363577292, -21.560618756497796, -21.405142383199717, -21.316129219128058]","[0.6171618622184685, 0.6102292242982142, 0.6253798224492482, 0.5946860102277065, 0.6251944799478962]"
521,"[0.9597371961862687, 0.9598732169193752, 0.9593725333625274, 0.9600034614261548, 0.9593841048948889]","[-22.08684598903607, -21.919034129118447, -21.975721996982674, -21.836047909850457, -21.73136517976889]","[0.39321816430693657, 0.4081895769162821, 0.373377870230405, 0.4244047705646053, 0.37386079454433496]"
522,"[0.9601622290805916, 0.9599845990503617, 0.960204407219898, 0.959646559325514, 0.9602060860072988]","[-21.262696931756047, -21.09079334119896, -21.159341026042487, -21.005973060070737, -20.914746961419052]","[0.8541484511758963, 0.8586192564888245, 0.8488605275397512, 0.8641917830396685, 0.8490094019727589]"
523,"[0.960087201211376, 0.9605465296903851, 0.9594741154619082, 0.9610418060063612, 0.9594926895208828]","[-21.315267041755472, -21.143532222840772, -21.209934483107094, -21.05672280827779, -20.965413494473438]","[0.301502735748763, 0.30273053635848945, 0.30005797539405665, 0.30444867197018904, 0.30009542423693514]"
524,"[0.957497620533173, 0.9572787127236633, 0.957754573412656, 0.9570883973513036, 0.9577571561002793]","[-21.215990725765643, -21.051415911904215, -21.104888898021784, -20.97769752429977, -20.8604782559065]","[0.5142263381256152, 0.5140498049544043, 0.514274264106111, 0.5136394647027487, 0.5142695739833609]"
525,"[0.9577026239816576, 0.9576861755925282, 0.9577299790883654, 0.957654868417411, 0.9577267475798968]","[-21.986899864731132, -21.81361996153835, -21.882204622383416, -21.723238020299767, -21.63768581990524]","[0.25203183832901077, 0.25620047983046423, 0.24719689027071792, 0.2622079106584347, 0.24731877323275686]"
526,"[0.9601142949408066, 0.9600180256919109, 0.9602099643151161, 0.9596935117638562, 0.960207195328931]","[-21.326107441606233, -21.15659373596695, -21.218972032714987, -21.07381085926452, -20.974485840794323]","[0.7120167362957315, 0.714990675537302, 0.7084698347533716, 0.7193990744011124, 0.7085653811862744]"
527,"[0.9586648292062133, 0.9587439571727455, 0.9585617667658874, 0.9587202879757064, 0.9585647420692288]","[-21.74019436054174, -21.575567938959455, -21.62727711250422, -21.499393813530975, -21.38293913612365]","[0.26167719095509046, 0.2639100800793096, 0.25936622975609486, 0.26744269437532975, 0.259422156792733]"
528,"[0.959520209287888, 0.9598353816410437, 0.9592096816645244, 0.9602312976952383, 0.9592160169376721]","[-21.449019019266775, -21.265506050764092, -21.35906875413285, -21.164568787321716, -21.114134516988937]","[0.6144431947359154, 0.6302862984605224, 0.5962546577243415, 0.6509890572694733, 0.5967157477405122]"
529,"[0.9605050654212982, 0.9606009517694176, 0.9602286647635269, 0.9606660673989327, 0.9602383329498743]","[-21.311754909820742, -21.138932339781945, -21.209281318067077, -21.05261642992413, -20.96466714339361]","[0.6170825683627257, 0.6127787251770994, 0.628007602943481, 0.6092745019059381, 0.6277252565775207]"
530,"[0.9611215955013367, 0.9612002974044037, 0.9608671996281861, 0.9611486942887336, 0.9608732772203122]","[-21.056638220015298, -20.877035890883306, -20.962926119830296, -20.782429683289454, -20.718074614976832]","[0.5188802746869604, 0.5133742790926151, 0.525599974596186, 0.505708034539467, 0.5254279256516128]"
531,"[0.9600837207944474, 0.9601237913337486, 0.9599572728120037, 0.959921165316575, 0.959960723297315]","[-21.47914241339704, -21.30114717716303, -21.382823633554743, -21.20786614367005, -21.13804839162902]","[0.6738829717830311, 0.6551930338620519, 0.6975408743999791, 0.6312339876203765, 0.6969190627493085]"
532,"[0.958892133490867, 0.9589469460404375, 0.9588365995650594, 0.9589205319823848, 0.9588370942585113]","[-21.35961172953823, -21.18906867143357, -21.254768958433864, -21.106238905563124, -21.010209939096264]","[0.6214073798031958, 0.6371305656585956, 0.603738012123976, 0.6571915633147553, 0.6041751190911079]"
533,"[0.9589681414494771, 0.9591329404492495, 0.9586756597649697, 0.9591227615661008, 0.9586867013018526]","[-21.36289076791668, -21.192936552139177, -21.257982840455483, -21.111694281453754, -21.013417340023956]","[0.26380871639667314, 0.26240932888367735, 0.2655044292519718, 0.26064001250768715, 0.26545950493174153]"
534,"[0.9594159741878966, 0.959687607471846, 0.9589448151101951, 0.9598449548693782, 0.9589601800070258]","[-20.7582309746042, -20.579485809202342, -20.66421931954111, -20.486913161482768, -20.419363645856755]","[0.7538667274285112, 0.771034566966424, 0.7345232101824111, 0.7959866181731551, 0.7350001190583331]"
535,"[0.9605426297215934, 0.9605215744646188, 0.9605165862073902, 0.9601590259778721, 0.9605204281154092]","[-21.23665055757249, -21.06084303733441, -21.138001939501983, -20.970830065622533, -20.89328576962064]","[0.33524208939686484, 0.33853766002419045, 0.33134118925737027, 0.34286747814044843, 0.33144333042237206]"
536,"[0.9625181416376054, 0.9626741869536388, 0.9621115820975206, 0.9628888036374372, 0.9621216106153245]","[-21.17508497392265, -20.989313530870525, -21.087791101133305, -20.885293001887067, -20.84279228137734]","[0.6305873183823769, 0.6304925534438497, 0.631346235276524, 0.6320716130935079, 0.6313061292645948]"
537,"[0.9626704928463935, 0.9625552596986152, 0.9626991049135121, 0.9622024818851385, 0.9627006931609208]","[-21.051365434372585, -20.87080728524719, -20.95936545613518, -20.775606806539916, -20.714466270221553]","[0.49530368811611225, 0.4941615099360788, 0.49650849352058746, 0.4921914693547544, 0.4964946450308718]"
538,"[0.9621104140820653, 0.9622759964211807, 0.9618508525564814, 0.9622191770674746, 0.9618607714436488]","[-21.206899509211986, -21.034235121708544, -21.104985371448976, -20.949048195589132, -20.860346014383392]","[0.5748496316547123, 0.5714894418529065, 0.5796922595700623, 0.5668872979146753, 0.5795527030992067]"
539,"[0.9610629626801136, 0.961377277289476, 0.9605091228578819, 0.9617320015281141, 0.9605249238732394]","[-21.193462480295217, -21.01340291813539, -21.09946140161734, -20.917180062439893, -20.854632315135103]","[0.7472918730967895, 0.7532063237363567, 0.7402844501427154, 0.7615575516370152, 0.7404727690495931]"
540,"[0.9639668210586385, 0.9641818528811436, 0.9633483889188357, 0.9643642279080529, 0.9633697434489534]","[-21.531159405732613, -21.360619079071466, -21.42411605323516, -21.27504026131604, -21.17964213873278]","[0.4548050958679453, 0.4486282935651635, 0.4622508526630327, 0.44027657062996567, 0.4620489630317671]"
541,"[0.9637193986656535, 0.9638696007127383, 0.9634768122309273, 0.9640849966062037, 0.9634840166807136]","[-21.148941588206252, -20.97056031142877, -21.054076174591042, -20.877967889568893, -20.809251446865517]","[0.8633065128082441, 0.8729029546196118, 0.853027655704444, 0.8864018543141926, 0.8532685386842239]"
542,"[0.9631556142178921, 0.9633572073818254, 0.9629674594205491, 0.963550868031809, 0.962975891329453]","[-21.204229509497917, -21.028059710491497, -21.106039068909972, -20.93760214961823, -20.861309012561435]","[0.4195074316756014, 0.41915810342882104, 0.4180597856647947, 0.4186895818054836, 0.41812903239530586]"
543,"[0.9620808979223485, 0.9622044947091815, 0.9616977473310347, 0.9622054758799656, 0.9617127715277843]","[-20.89253412368483, -20.718884611959613, -20.79191829242697, -20.632536002140466, -20.547239984620525]","[0.7950291799862861, 0.7935255148103585, 0.795157706299521, 0.7922099354932826, 0.7951538973135781]"
544,"[0.9635425819705828, 0.9638242026585115, 0.9631402868074634, 0.964000464585145, 0.9631497913283011]","[-21.066756372775778, -20.898309646395596, -20.960140921568357, -20.81921465899165, -20.715619471725475]","[0.421273893773105, 0.4228531686071494, 0.4196660660820345, 0.4246082347566426, 0.4197046212937688]"
545,"[0.9626486336284856, 0.9628416072759394, 0.9623461320059505, 0.9629772857358239, 0.9623499681387812]","[-20.928657499155126, -20.75090738705433, -20.833108953695593, -20.659239917888527, -20.588303545292977]","[0.27615444326537886, 0.2783802691818068, 0.27352916753635165, 0.28112460933972516, 0.2735986480665895]"
546,"[0.9616192030109466, 0.9620708948907595, 0.9610287945822841, 0.9624296591317706, 0.9610463058687643]","[-21.10410188593889, -20.928579026535424, -21.00583335181696, -20.839841754718844, -20.761095409407236]","[0.4654251261965046, 0.4581867140719606, 0.47365691466919024, 0.44824623703993294, 0.47348069811534793]"
547,"[0.9610666816439444, 0.9613214278331732, 0.9607387265634626, 0.9617114201366479, 0.9607468026941278]","[-21.319836835992845, -21.14592847548364, -21.217449444219653, -21.056662165564582, -20.97284632687397]","[0.4611495225970518, 0.4563195172166393, 0.4667404821171831, 0.4494998611315108, 0.46659447158545503]"
548,"[0.9641312528142634, 0.9642556251359017, 0.9638172531090563, 0.9644999335525379, 0.963825821109334]","[-21.07540544948418, -20.892559112943378, -20.985168677321536, -20.793122644667502, -20.740236810781198]","[0.5337949315055492, 0.5242490633415632, 0.5454128226202198, 0.5115784993946643, 0.5453338735958673]"
549,"[0.9650574948818031, 0.9650807788175615, 0.9648470594956446, 0.9649785929678403, 0.9648578599267952]","[-21.111468610978523, -20.939727935057796, -21.00761200097765, -20.854742558779467, -20.763033779872657]","[0.5579148845155465, 0.5509953863221756, 0.5664734747337594, 0.5411691165761773, 0.5662514162399657]"
550,"[0.962751903736736, 0.963025449416398, 0.9624539910789114, 0.9632247621427619, 0.9624599449945335]","[-21.058838548971877, -20.88653700727943, -20.95561844845479, -20.800743099333808, -20.711021081255303]","[0.22820227291444398, 0.22527333509750827, 0.23166222431915995, 0.22123965070783622, 0.23157622419330695]"
551,"[0.9609003711335353, 0.9609848820340234, 0.9606079350346868, 0.9610854657512011, 0.9606156599197595]","[-20.65457421358774, -20.478821651932623, -20.55709210172221, -20.3904048372454, -20.312330599571304]","[0.7125778448207984, 0.7166070782430017, 0.7076707857291118, 0.7191060492729515, 0.70778454721801]"
552,"[0.9631040516393395, 0.9635957660198813, 0.962507912036495, 0.9640659704120665, 0.9625205653466196]","[-20.982851988281546, -20.80275168241439, -20.890183738092144, -20.708039574135153, -20.64530291619469]","[0.5378788369403203, 0.5412946459792173, 0.5339402963686524, 0.5461723706572382, 0.534036998323332]"
553,"[0.9599313896354655, 0.9599897471178755, 0.9597532152919406, 0.9599101404605437, 0.9597652747950544]","[-21.010601275073327, -20.82725258931839, -20.921260448503382, -20.727484148631206, -20.676301713608254]","[0.34118109261926727, 0.34282667714786824, 0.3394250768151468, 0.346636764664625, 0.33946999112615733]"
554,"[0.9654263847368095, 0.9657774235302576, 0.9648537941052638, 0.9662109366290311, 0.9648689430305846]","[-20.825027352638006, -20.635109162966366, -20.74427001188782, -20.52740164660402, -20.499079892340454]","[0.40503803210884565, 0.3981667161870068, 0.4106942366364814, 0.387710549624681, 0.4105843435472057]"
555,"[0.9643239987184862, 0.9644985440200005, 0.9639703988611622, 0.964712131864749, 0.9639782414959854]","[-20.936223598256007, -20.72298195308648, -20.880230282759847, -20.580640575311815, -20.6344491617613]","[0.793910156488945, 0.795073942681995, 0.7510729163971224, 0.7834580903191317, 0.7521123360417464]"
556,"[0.9632381339150007, 0.9634066656810827, 0.9628030610937837, 0.9635081701059874, 0.9628166332076626]","[-20.76294183328258, -20.588349711061785, -20.66354385626684, -20.50082210287656, -20.418838318944957]","[0.3695995579074627, 0.3667333881321597, 0.3728144164054532, 0.36271219003603467, 0.37273582585399306]"
557,"[0.9629047272741634, 0.963359660803502, 0.9621064072572333, 0.9638799864743608, 0.9621251453058431]","[-21.242071189865122, -21.06666388625921, -21.141694497445712, -20.975667255030174, -20.89703821069396]","[0.5780249660534841, 0.580898773157821, 0.5737803606568616, 0.5828416661528741, 0.5738787967593385]"
558,"[0.9621791007359872, 0.9623791365462634, 0.9618471749612594, 0.9625060083475473, 0.9618567345028171]","[-21.020534095241665, -20.84780387269925, -20.918364117509782, -20.76212006249384, -20.673735922286518]","[0.6606958852336375, 0.6638276910080015, 0.6539665915722062, 0.6659401009049145, 0.6542136679170536]"
559,"[0.9591566425385694, 0.959513482498453, 0.9588364225278718, 0.9600420434525647, 0.958850416689609]","[-20.719029133833118, -20.541593892783343, -20.623113551182872, -20.45036352295586, -20.37831425340714]","[0.26524471110245346, 0.2628112774719631, 0.26839863417663856, 0.25962701078769884, 0.2683165273001676]"
560,"[0.9607847658493951, 0.9613452350771169, 0.9600506124449564, 0.9620822072197469, 0.9600629569135336]","[-21.04048759100768, -20.853839660391593, -20.95263252434798, -20.746769900098574, -20.707671358796254]","[0.36948083989772573, 0.3730305189311472, 0.3656351710485566, 0.3782112958135316, 0.3657291231665308]"
561,"[0.9482278549864481, 0.9489134945319825, 0.9473519347587723, 0.9496916741994406, 0.947377567990134]","[-19.828916447836843, -19.59329252635783, -19.787889564235453, -19.40966254282956, -19.54190489094043]","[0.7137943489586872, 0.7094865667588814, 0.7262451444228551, 0.7176077420106249, 0.7259874320919274]"
562,"[0.9519190971520886, 0.9524828648958666, 0.9512767419212049, 0.9530661805099394, 0.9512929588950201]","[-20.820460747379798, -20.64236501089748, -20.72351963758631, -20.54804852253267, -20.478771482618832]","[0.299292888843359, 0.28952449544517533, 0.30894222628284623, 0.27826684758590936, 0.3087397933040493]"
563,"[0.9564749667025577, 0.9569760529778121, 0.9559123627466557, 0.9575979415227832, 0.9559287539522803]","[-21.09683392537705, -20.910734056610025, -21.009389760038463, -20.805633288226257, -20.764400671531497]","[0.6440404694032243, 0.6488552198373404, 0.6382617806543744, 0.6555784978087055, 0.6384054923004965]"
564,"[0.9583539573034207, 0.958714543978686, 0.9578923880060529, 0.9591580320694428, 0.9579006975313534]","[-20.532246735756736, -20.33566086694771, -20.457415146531357, -20.216669499461872, -20.21210259031763]","[0.2983973293490067, 0.30738316997407006, 0.28871778418765515, 0.32041646975819565, 0.28880338831984387]"
565,"[0.9566351517847184, 0.9570803001821924, 0.955977920728411, 0.9577894188450412, 0.9559933073528903]","[-20.78795445337301, -20.602791648756703, -20.699876547413794, -20.499523214271456, -20.454896979672917]","[0.420628433908053, 0.4228661905141014, 0.4202156329219178, 0.42978129893746025, 0.4202210749987549]"
566,"[0.9542541571852844, 0.9548279610737657, 0.9537792025634293, 0.955395191020375, 0.9537915606022087]","[-21.061957767939113, -20.88435034141402, -20.96607708962369, -20.792688411589047, -20.721283890169683]","[0.32023469441040137, 0.31722622753580304, 0.3232440172370762, 0.3131851993869308, 0.3231705364203983]"
567,"[0.9578581628771993, 0.9584249011997349, 0.9570609955931095, 0.9590914215654666, 0.9570841008900988]","[-20.964833587558942, -20.7777589748842, -20.8804658801602, -20.67363431166893, -20.63537258050643]","[0.2667367674298954, 0.26606302905072715, 0.26753733604187907, 0.2651638732596793, 0.2675142517070414]"
568,"[0.9570444520513316, 0.9575241460579185, 0.9566035076749587, 0.9582080851009145, 0.9566105564678882]","[-20.907775865327853, -20.71900593920842, -20.82353525566643, -20.61036980651787, -20.57846379337735]","[0.33984744311464016, 0.3431389648201747, 0.3333895438887764, 0.34678275041010975, 0.33357423001552616]"
569,"[0.9546863646117871, 0.9551137747049238, 0.9539746557204264, 0.9556373404818084, 0.953997586358533]","[-21.17363300222143, -20.99469153155909, -21.077486930894267, -20.898995748754587, -20.832725781036906]","[0.39842346908033327, 0.3920814790979975, 0.40482491949285804, 0.38253135573570407, 0.4046676729955807]"
570,"[0.9537851318273418, 0.9543944199050335, 0.9531532515111882, 0.9552222644779284, 0.9531660813035232]","[-20.85304490984458, -20.673225333215004, -20.758950710437457, -20.57755972134073, -20.514119509570296]","[0.43960454263835536, 0.43329167303664806, 0.4499555130827325, 0.42522554101334936, 0.44970838649400957]"
571,"[0.9564435027567284, 0.9571418911089262, 0.9555646351421475, 0.9579848936586729, 0.9555886831673692]","[-20.597848049909853, -20.390927736078606, -20.536715002293793, -20.259635298231746, -20.291033519026186]","[0.42582300327986744, 0.4315642429150889, 0.4172669723831812, 0.4387390079865684, 0.4175123830601974]"
572,"[0.9543660637681006, 0.9549523624126349, 0.9537569630039066, 0.9557663894357532, 0.9537734458144072]","[-20.746024795042764, -20.56596266972439, -20.65085570150303, -20.468326385338347, -20.406073643399804]","[0.13601545139372043, 0.13634260248902091, 0.13818714561728052, 0.13774012579838774, 0.13813107419075546]"
573,"[0.9550891520170135, 0.9558727278057179, 0.954202004124955, 0.9569378154904102, 0.9542224169913707]","[-20.696730835485592, -20.50983977718974, -20.611384298179455, -20.405059673442192, -20.36632631055437]","[0.2911410603120846, 0.29246588451146016, 0.2898484257684179, 0.29472063371361257, 0.2898790083001433]"
574,"[0.9549046235567988, 0.955599051554805, 0.9539840395828185, 0.956488449490661, 0.9540111376478758]","[-20.812877700370883, -20.632103370747537, -20.720649438185674, -20.536036824756273, -20.47575954966135]","[0.3493245948001657, 0.3491035563667204, 0.3496437075067902, 0.3489160472041597, 0.3496344901049344]"
575,"[0.9563951499277725, 0.9569093620565806, 0.9556464315770494, 0.9577215506562391, 0.9556679569203173]","[-20.74660389689864, -20.570288751061657, -20.648096206599728, -20.479044761624113, -20.40338426281641]","[0.4654917680595637, 0.4709593704460286, 0.45892775580266854, 0.47375748466418155, 0.4590936745847525]"
576,"[0.9537823512978071, 0.954651615445003, 0.9530560491849451, 0.9559919958959703, 0.9530715273687177]","[-20.876644680287733, -20.701875188976118, -20.776379659687624, -20.61280527108027, -20.53170808357119]","[0.3577142624771767, 0.36152967298378164, 0.35530482815190906, 0.36791106787777833, 0.35536392149332485]"
577,"[0.9513624404916239, 0.9520700997470248, 0.9503103017873153, 0.9527403325554644, 0.950341430736479]","[-20.85835571112438, -20.658288175245534, -20.78673272507361, -20.533588981754512, -20.541354151254772]","[0.44155883977671123, 0.4386296908176485, 0.4448390916524776, 0.434869030198104, 0.4447530851152451]"
578,"[0.9541081642109218, 0.9546061090038795, 0.9532486388343656, 0.9552137566224375, 0.95327490321628]","[-20.727401246745636, -20.525345596549595, -20.658308072053977, -20.398150824932983, -20.412859770246914]","[0.4511171606160759, 0.46460818450209884, 0.43461561179664476, 0.4828019913431896, 0.4350465482167345]"
579,"[0.9587171002296375, 0.9595193146811689, 0.9575726508433492, 0.9603245227494004, 0.9576038656751703]","[-20.63761163812177, -20.432199118016772, -20.574618392221044, -20.30285489750639, -20.32898317762602]","[0.5877650785018279, 0.604989278484666, 0.5667200732203603, 0.625230970446548, 0.5672834393078424]"
580,"[0.9589873616734917, 0.959270486435449, 0.9584702053466211, 0.9595261097406061, 0.9584852669388418]","[-20.63728991605804, -20.443169820206347, -20.55891136989305, -20.326773200622803, -20.31369764770433]","[0.5001905012366581, 0.4932627391784983, 0.5000371072976134, 0.48600545666858846, 0.500055268890303]"
581,"[0.9583572101422588, 0.9588200787183426, 0.9578380953169405, 0.9595489171928626, 0.9578532397761256]","[-20.74731979510937, -20.557669663353785, -20.665246903146805, -20.44916911017545, -20.420103476177935]","[0.3097998800053719, 0.30670732105414605, 0.3129517442921816, 0.3024682077636628, 0.312876157620163]"
582,"[0.9549238177033055, 0.9556099912519017, 0.9541488696161646, 0.9565729486364737, 0.9541696604823385]","[-20.326707894098096, -20.116987737778647, -20.26884211633488, -19.981858761105133, -20.023077690853047]","[0.4025891494849732, 0.408231575727519, 0.39506483921846575, 0.4156496264135671, 0.3952479303950317]"
583,"[0.9556083532158052, 0.9563510669654415, 0.9548220069240249, 0.9574272660443679, 0.9548421824652596]","[-20.358747939991034, -20.154179969923863, -20.292952796356136, -20.02396609510573, -20.047413095516106]","[0.39159113169397536, 0.3979177713557126, 0.3842562381210738, 0.4066256019379197, 0.38444068070384674]"
584,"[0.9581650877576819, 0.9588881612481387, 0.9571891799661378, 0.9598912182340958, 0.9572131823775539]","[-20.520324671459868, -20.33050334714479, -20.437830311093972, -20.22104328360062, -20.192705196195856]","[0.3245112241990782, 0.3249647146442437, 0.3241349412698337, 0.32576597329959417, 0.32414158234423307]"
585,"[0.9591411453761095, 0.9596320614215017, 0.9586437860398838, 0.9603287409814945, 0.9586578477231017]","[-20.451310660634803, -20.265512422526232, -20.364906739129786, -20.16248099059935, -20.119870351047737]","[0.39966102292342853, 0.40830398615669167, 0.3906709209449449, 0.403886497815403, 0.39086495886698425]"
586,"[0.9549412672050984, 0.9559040177907828, 0.9539027337655129, 0.9571382876818377, 0.9539302115671693]","[-20.154670374547244, -19.94874135158791, -20.09332743393036, -19.81984495360464, -19.847635485478005]","[0.4200869239627964, 0.41444053757214894, 0.4280927854351227, 0.40808113758335923, 0.42791576482992616]"
587,"[0.9610506775935462, 0.9614423328630761, 0.9605153353445937, 0.9618710915968726, 0.9605333212657804]","[-20.301620132332815, -20.106254343237552, -20.22595331375734, -19.989593199121828, -19.980654849228397]","[0.537628506484066, 0.538440347252727, 0.5348851992622164, 0.5394388199060561, 0.5349573706429347]"
588,"[0.9599369538275355, 0.9603149613069958, 0.9595971927529474, 0.9610007943519856, 0.9596016456107964]","[-20.23684424950607, -20.04074704473146, -20.162629272789335, -19.923769660742593, -19.917281837186675]","[0.486686441118431, 0.4915688259296739, 0.48104189386177637, 0.49873241042367644, 0.48118071373445925]"
589,"[0.9585027247021118, 0.9590134649219445, 0.9579269663669137, 0.959777122332206, 0.9579403474817931]","[-20.440282494659346, -20.249057192768465, -20.35955856837392, -20.1378113700343, -20.114385924650957]","[0.4295874362360269, 0.43642128387089413, 0.427822056111706, 0.4550988995314484, 0.4278572191548632]"
590,"[0.959543611074707, 0.9601012979865801, 0.9588905926845023, 0.9608877792941921, 0.958907813246248]","[-20.327882728459606, -20.12605087598273, -20.256852350612355, -19.99730301637228, -20.011478535416657]","[0.29319839075203585, 0.29878653240795655, 0.28902985176031465, 0.3117839098019839, 0.2890387004030276]"
591,"[0.960485282675761, 0.9610393167718061, 0.9598092468408714, 0.961599123025972, 0.9598260179548732]","[-20.227647913077746, -20.04409754770427, -20.137426350895073, -19.94273206852737, -19.892504459566194]","[0.4380312564211974, 0.4328679008448299, 0.4445369023757309, 0.4253849463670999, 0.4443583061010401]"
592,"[0.9600428346216994, 0.9602197603903968, 0.9597162679922406, 0.9603182501891135, 0.959723687085792]","[-20.19246992627722, -20.01672567915908, -20.094642760412253, -19.927907995057847, -19.84989203640593]","[0.24088772990501506, 0.24283074982745262, 0.2404946878229346, 0.24403117537649166, 0.24058436854016088]"
593,"[0.9596627715243556, 0.9599261999044955, 0.9593088673585718, 0.9602542223620288, 0.9593162407479618]","[-20.344934156907566, -20.152362014929952, -20.26540830797004, -20.03885132517967, -20.02021565028534]","[0.363207267747774, 0.35871027356330043, 0.3689110180174238, 0.35263142962679445, 0.3687542494766382]"
594,"[0.9588926747782516, 0.9594631970270323, 0.9581110162502069, 0.9601689019538041, 0.9581306539437273]","[-20.036080326007486, -19.838451894230936, -19.962938947887704, -19.718578692272455, -19.71757827025339]","[0.18512535051697784, 0.184650935663769, 0.1865516922066473, 0.18413397325384248, 0.18639667409985297]"
595,"[0.9596375823908623, 0.9599005945514637, 0.9593634327233526, 0.9602824779636857, 0.959371872584207]","[-20.121785830030944, -19.918099476436687, -20.05408250520974, -19.78813458171263, -19.808607902866783]","[0.31429611891514575, 0.3011306326838468, 0.3293212006159233, 0.2839685633528613, 0.32893516056206074]"
596,"[0.9630712739644691, 0.9634991314263236, 0.9626487073306756, 0.9639241657548426, 0.9626599441389248]","[-20.171967760294574, -19.984098904773862, -20.086404885453874, -19.87638741096633, -19.841371375679014]","[0.269673341525326, 0.26658178931870646, 0.2730240917653755, 0.2622131351267154, 0.2730113670694455]"
597,"[0.962849252200559, 0.9634418768646991, 0.9620805111642413, 0.9640958653345405, 0.9621005471530455]","[-20.03122956048295, -19.816590308095126, -19.98001328249334, -19.675713667271353, -19.734065286418407]","[0.3980301578853816, 0.3869532877194492, 0.41211392831636184, 0.3723572946450239, 0.4117418894623632]"
598,"[0.9583495377464949, 0.9586807021023207, 0.9578036399660925, 0.9591404994829665, 0.9578168974484768]","[-20.00378706793641, -19.812323941718105, -19.924164110794365, -19.70172376604615, -19.678954841402614]","[0.36487024122056283, 0.3639454162393972, 0.3668374654872397, 0.3650330686641627, 0.3667803543752535]"
599,"[0.9627482423713872, 0.9630087261207292, 0.9625198261824679, 0.9632439047688712, 0.9625297017419796]","[-19.909339680098224, -19.70032505247238, -19.849407454752864, -19.564813314991138, -19.603713751540248]","[0.29072764052630795, 0.29611876928472597, 0.28478968891507167, 0.30574348146703717, 0.2849103713724178]"
600,"[0.9605815316102193, 0.9608001755243055, 0.9602928661001718, 0.9609777665670325, 0.9602996445232852]","[-19.873258237863187, -19.686669406382165, -19.78629860746576, -19.580815296127238, -19.541298716961126]","[0.33224248125157524, 0.3321874339738005, 0.33244323375561646, 0.332286483829521, 0.3324360326266167]"
601,"[0.9589563446600656, 0.9592808699567482, 0.9585252571492642, 0.9594894315900938, 0.9585357851602134]","[-20.14299997836258, -19.948769588925337, -20.063527408210774, -19.830827103597006, -19.818359141562095]","[0.4085218729247007, 0.4157630286733949, 0.39950701013573203, 0.4253544461351331, 0.39975051416183116]"
602,"[0.9563852485773969, 0.9570722174099281, 0.9554830545794254, 0.9576286374544546, 0.9555099092755229]","[-19.959556788506145, -19.758634071925314, -19.89056823635993, -19.634597799266764, -19.645095164372677]","[0.3584246331769405, 0.35706676082049954, 0.3639017133363989, 0.3563830742363263, 0.363677027913904]"
603,"[0.9613008765700952, 0.961864246179192, 0.9604769480107533, 0.9623854411500645, 0.9604947373739325]","[-19.983632563291522, -19.76863676490451, -19.93107644268976, -19.625399600193713, -19.685190688511256]","[0.6023327581791891, 0.5890201108180677, 0.6189624135382695, 0.5778339631245583, 0.6185226979465348]"
604,"[0.962763845520583, 0.9630288397563719, 0.9624337954944538, 0.9634045268086739, 0.96243977882687]","[-20.04354678171658, -19.837793380603603, -19.978903433758983, -19.705731930107184, -19.73333814576374]","[0.4051268722183268, 0.415401586927308, 0.39339302182448715, 0.429276577239747, 0.3936841379578954]"
605,"[0.9606528921375633, 0.9610609727706838, 0.9601570629089949, 0.9616957298334046, 0.9601700896984596]","[-20.130113039148377, -19.944242100727735, -20.04142707026905, -19.838324063877852, -19.796481837049225]","[0.2517209434267422, 0.25350632923146643, 0.25001357775017086, 0.25543209401956185, 0.25005524855303624]"
606,"[0.9641281188113343, 0.9637141720801726, 0.9644981859935551, 0.9634023982015585, 0.964491373004571]","[-19.96683174158713, -19.751367960186624, -19.913851310898213, -19.606458925248155, -19.66799182781752]","[0.23953972366531173, 0.23236849755674663, 0.24896062369242655, 0.22425877397745195, 0.24870635330482646]"
607,"[0.9589491500765059, 0.9596482838089364, 0.9582391133007858, 0.9605113620100562, 0.9582548717186526]","[-19.948639115057738, -19.741110130307536, -19.88759379613169, -19.60829656908717, -19.641917537219115]","[0.32338249426152793, 0.32965350667059357, 0.3162390398085088, 0.3383102091651202, 0.3164248987190786]"
608,"[0.9617546074045887, 0.9618690240975603, 0.9615551231395708, 0.9620938725195348, 0.9615621900598096]","[-19.914945821399517, -19.723105664684123, -19.834449505388537, -19.61045912549658, -19.58928282767094]","[0.35744082187994036, 0.3606511324223363, 0.3521066864919568, 0.36790598599697893, 0.3523374126258224]"
609,"[0.9611613066504467, 0.9616690942685057, 0.9605988656615319, 0.9622131853535744, 0.9606128392118469]","[-20.167236529721308, -19.97447009759453, -20.087402610908285, -19.860059712040712, -19.84222261846482]","[0.2975088422339492, 0.2872336086513312, 0.3091125855261615, 0.27330206909563376, 0.3088056324981817]"
610,"[0.9648934248226018, 0.9653388215540933, 0.9641064046912191, 0.9657968695804169, 0.964130530161092]","[-19.944854176140133, -19.736644499285163, -19.882948126667298, -19.60109486859348, -19.6373196726527]","[0.4537330164317632, 0.44881367674722694, 0.46216494670431185, 0.4451567028831083, 0.4620509564466543]"
611,"[0.9598986691957792, 0.9604334967741667, 0.9594067511905605, 0.9611364232408705, 0.9594191125407796]","[-19.72589069792375, -19.509727976246086, -19.675628075308552, -19.36588462739899, -19.429668397683393]","[0.41298312332537174, 0.3814033938273458, 0.38739513966652783, 0.35994865460896763, 0.3878440044681201]"
612,"[0.9612329223414041, 0.9613164398660431, 0.9609313733876947, 0.9616638927662345, 0.9609375222757452]","[-20.00627469536044, -19.799369781919136, -19.943454398725965, -19.666263509361812, -19.697840021817402]","[0.2536939719258878, 0.249451434393883, 0.2598532174752624, 0.24587857975506092, 0.25963612342119324]"
613,"[0.9610365560341393, 0.9615894974514027, 0.9603851394399097, 0.9622678685112194, 0.9604013508518743]","[-19.64498052977363, -19.435446695055873, -19.586227109500886, -19.29984653780696, -19.340493659035864]","[0.5538109629880688, 0.5450712269827442, 0.5644031597538746, 0.5337634333898627, 0.5641200253246941]"
614,"[0.9614495355685405, 0.9621260133770204, 0.9605893026078066, 0.9629361639595602, 0.960614006831332]","[-19.79497289193293, -19.55639321240145, -19.772016290280302, -19.383241313628275, -19.525351171482804]","[0.347219074120488, 0.32797216261348194, 0.3531635541219808, 0.3062302662310648, 0.3529340946247956]"
615,"[0.9629992003827568, 0.9637474111043386, 0.962047767685316, 0.9645221744933058, 0.9620714944453135]","[-19.63143062993923, -19.418292591336495, -19.577812122426575, -19.27877398344635, -19.331933760579563]","[0.33439161775775617, 0.3313695419701672, 0.3390067999240813, 0.32617210620370013, 0.3388816812351239]"
616,"[0.9587886723096001, 0.9593743865937134, 0.9581830657836877, 0.9601330692177208, 0.9582012827914705]","[-19.729489153970434, -19.51088775923189, -19.680123445859422, -19.361668608187976, -19.434171613005518]","[0.235758925857761, 0.24138208772146627, 0.22878573582858455, 0.25087411181231895, 0.228967572828439]"
617,"[0.9559248994911486, 0.9560741965430661, 0.9556994491297773, 0.9559897839794476, 0.9557061043178978]","[-19.949574684274992, -19.765725635295, -19.860108616347063, -19.66443484234328, -19.6151612022944]","[0.5125056221963376, 0.5129387557424412, 0.5120790218873262, 0.5134238230992078, 0.51209022069151]"
618,"[0.9584922012562348, 0.9590993795811387, 0.958030189797439, 0.9594943557399203, 0.9580386052381595]","[-19.9535179803848, -19.748086661703255, -19.885893936862768, -19.61359125735059, -19.64044530169115]","[0.32166574124545977, 0.3163094736894253, 0.3347746723177156, 0.3125599616237682, 0.3344557833602239]"
619,"[0.9603731346067982, 0.9606851153810629, 0.9598888152508045, 0.9609683811153046, 0.9599027235741383]","[-19.782460561983168, -19.57920975641873, -19.71517570855286, -19.450871506414007, -19.469676228758225]","[0.47263272350580776, 0.4632038627776174, 0.4855671030135041, 0.4515168955345932, 0.48519817505699614]"
620,"[0.9590439648266228, 0.9593745871620386, 0.9585604676523332, 0.9598413371374593, 0.9585719683654669]","[-19.990067713451502, -19.782228305195922, -19.92763386751834, -19.647078308645202, -19.682019301132833]","[0.306088668677822, 0.3130109801721049, 0.2997346724771759, 0.3230050190467402, 0.2998748936989877]"
621,"[0.9600144354330787, 0.960553696062267, 0.9593297711038267, 0.9614030259628699, 0.959344950225382]","[-19.96693693186764, -19.773755924188485, -19.886402551747004, -19.657440010775385, -19.641259174186708]","[0.3343889643620532, 0.3309945719650281, 0.338368519839524, 0.3361422744194551, 0.3382679607355068]"
622,"[0.9614906807790716, 0.9620624490066212, 0.9607840540886868, 0.9625321849759859, 0.9608058511216429]","[-19.733678937630323, -19.520865070991217, -19.678417704951848, -19.38042645642307, -19.43260109291057]","[0.4524747419154218, 0.46993448381402425, 0.43124737729667895, 0.4928916205697296, 0.43179310125891135]"
623,"[0.9571342753112603, 0.9575502874055172, 0.9566252436919815, 0.9581267577024531, 0.9566385588802626]","[-20.04954040703617, -19.85693240685916, -19.9688317236877, -19.741964502322972, -19.723683674942254]","[0.28713272892394226, 0.2868787566845012, 0.28742827481850636, 0.2832668354595588, 0.28744052209700727]"
624,"[0.9606023344312662, 0.9608582459779488, 0.9601984296438943, 0.9613640891088772, 0.9602141691607756]","[-19.750587346855436, -19.539931142480164, -19.69272796480842, -19.402349849622976, -19.446977852886185]","[0.2910292223919927, 0.28802770446116477, 0.29476543311604086, 0.2965924407022933, 0.2946743030279456]"
625,"[0.9569895402585049, 0.9571961770697287, 0.9566001345774113, 0.9575209080426339, 0.9566085401367143]","[-19.84977782431411, -19.64229391901514, -19.78960537301059, -19.51056181230065, -19.543896141140557]","[0.216116072611753, 0.22551231702697208, 0.2055694182939421, 0.23795505794460822, 0.2058341605582319]"
626,"[0.9549701134020364, 0.955564221522584, 0.954177584122036, 0.9566172248909238, 0.9541989308028618]","[-20.191595570724704, -19.993837024712533, -20.117632847036933, -19.872672913013812, -19.872303375315855]","[0.20599075501470127, 0.1941753137499437, 0.22111092689312734, 0.1829259856283759, 0.2207095753186594]"
627,"[0.9615327367127265, 0.9619821842179629, 0.9609026095714629, 0.9623363783694714, 0.9609207125172616]","[-19.759893739004784, -19.54147024257885, -19.71056523267657, -19.39274811398854, -19.464608947302395]","[0.22057718604440246, 0.23282770276731343, 0.20835415193727452, 0.24997139756534467, 0.2086753652923028]"
628,"[0.9557930154070517, 0.9563437980232976, 0.9551845070483651, 0.9569759244784528, 0.9552045552937776]","[-19.946807468802252, -19.739481630780993, -19.88511588558782, -19.60650153811763, -19.639460010588433]","[0.18285768805280847, 0.18591794620783023, 0.1793791666461668, 0.18994214330358988, 0.17946516873067353]"
629,"[0.9546141964782807, 0.9551310100772136, 0.9539599281346485, 0.955773429294443, 0.9539812395155854]","[-19.723297348889666, -19.5119931721473, -19.666967333262697, -19.37435743315084, -19.421166479647535]","[0.45320297329859965, 0.44258947024754725, 0.4673392165983179, 0.4287610998732316, 0.4669720995969881]"
630,"[0.9598403499033555, 0.9603535625881916, 0.9590958716968642, 0.9609299134168962, 0.9591152763328326]","[-19.864635949659537, -19.659238821573734, -19.79992151627677, -19.528033707407143, -19.5543558708294]","[0.3810837885454188, 0.3823370449867271, 0.3855967594877986, 0.37938668186116753, 0.3853736314079184]"
631,"[0.9573555107483679, 0.957962453470916, 0.9566666507764683, 0.9588345498170147, 0.9566842190571694]","[-19.88657964848656, -19.67378991427997, -19.831616418193356, -19.533734931361245, -19.585787534832413]","[0.30201316287464663, 0.3148659308983126, 0.29211585981171057, 0.3316176846056183, 0.2923434985189383]"
632,"[0.9522672877937559, 0.9529292698873262, 0.951560345113568, 0.9538906557372886, 0.9515771848705579]","[-20.090726316634736, -19.877716913035552, -20.033663355777424, -19.734834478579288, -19.787924172458716]","[0.20711061409981993, 0.20681349421459017, 0.20806656305633436, 0.20708200884753017, 0.20799915640143216]"
633,"[0.9570441750165511, 0.957382785544991, 0.9568004494374945, 0.9578333182591378, 0.9568001710949886]","[-19.830150905976915, -19.628502306026533, -19.75975486845665, -19.50096023748766, -19.514350524529334]","[0.2374009674275293, 0.2416834394609649, 0.23571717842287385, 0.2563563553525394, 0.23575449841398985]"
634,"[0.9600914729450698, 0.9606677365484879, 0.9594294508910384, 0.9614852715926645, 0.9594446337913993]","[-19.826911054161705, -19.623917633472374, -19.760710755677625, -19.497454112672965, -19.515160388433447]","[0.3410958650747208, 0.32352636910934657, 0.3628514006307022, 0.3046456337361636, 0.3622829933798085]"
635,"[0.9579684810622714, 0.958190478661822, 0.9577164410013065, 0.9585873306834021, 0.9577204840536007]","[-20.00789957985846, -19.79554985207385, -19.950901785641506, -19.654460882505806, -19.705148721473755]","[0.29884140245174673, 0.3031573794204223, 0.2937279077579419, 0.3100133114235776, 0.2938591255703474]"
636,"[0.9500567658465897, 0.950366194672993, 0.9498394941429814, 0.9507056254205892, 0.949839427181777]","[-20.097439581463902, -19.883741891342495, -20.04151718641236, -19.74028733966015, -19.795745491112218]","[0.27880361461126213, 0.2743055996525888, 0.2841120683348572, 0.26548213292787637, 0.2839444814603671]"
637,"[0.9543013257071308, 0.9548088187829147, 0.9536065719900143, 0.9554766780585273, 0.9536247275697464]","[-19.913652615824066, -19.695380937505277, -19.86606593767075, -19.548890169881293, -19.620036609778506]","[0.24523252430341017, 0.24411643333232647, 0.25960545208527275, 0.2436587842937078, 0.2592284042206635]"
638,"[0.9532565369167012, 0.9537448680198117, 0.9526890103055798, 0.9546461874811174, 0.9527057095009913]","[-19.927713751062765, -19.710906082718484, -19.87673732435094, -19.5646334573545, -19.6308184848755]","[0.4089782992807296, 0.41083995223589653, 0.4057314687704466, 0.4134309294470343, 0.40586182692805395]"
639,"[0.9565357675295102, 0.9569455757697015, 0.9560915614367326, 0.957492209808204, 0.9561050704583394]","[-19.96428138616409, -19.76224965240503, -19.896783973220952, -19.636911989533385, -19.651271278994123]","[0.25243347326639626, 0.2668237153868693, 0.23672240107702547, 0.28748934888900957, 0.2370030236295225]"
640,"[0.9568977070715875, 0.9573875057923381, 0.9562698563851655, 0.9578825747306436, 0.9562805247164532]","[-19.889728750793847, -19.686405251608367, -19.823275574071065, -19.558791630440435, -19.57774575601299]","[0.5061558340589667, 0.5275529892933872, 0.4903626247497808, 0.5231132095786587, 0.4907214243348143]"
641,"[0.9569038162863178, 0.9573607134574976, 0.9564041620084556, 0.9579613036984348, 0.9564163641137272]","[-19.908926675408974, -19.680521137632393, -19.871858290643743, -19.51891199342777, -19.625585264218543]","[0.22783113352283804, 0.23915748116946942, 0.2138656010695075, 0.2540223834052904, 0.21423095757746638]"
642,"[0.9584094377987217, 0.9585789073838457, 0.9581373929843903, 0.958812242839556, 0.9581434321296427]","[-19.763600712188722, -19.56896537155696, -19.68622007439377, -19.4523221782371, -19.440974396653527]","[0.4848538469447899, 0.4867993808077517, 0.48033883265407445, 0.4870755195360616, 0.4804643038272969]"
643,"[0.9579710442212699, 0.9583490289159596, 0.9576877795048352, 0.9588405148050705, 0.9576987202993774]","[-19.87090180014186, -19.642038806073167, -19.834030524763655, -19.479467523375625, -19.587757016998506]","[0.31311352199377784, 0.2962027947488142, 0.3325487633579203, 0.273906791166357, 0.33202725324354043]"
644,"[0.9560952418784108, 0.9564527226306742, 0.9558327904297387, 0.9568723250757563, 0.9558371338289099]","[-19.95493738760619, -19.734452230391703, -19.908496271026277, -19.58343121185647, -19.662458922392126]","[0.3855922091714887, 0.3908679351738666, 0.37925312208508133, 0.398023869852963, 0.3794129553391429]"
645,"[0.9541458578065998, 0.9542337650400878, 0.9538965520514343, 0.9544134595428355, 0.9539031088367861]","[-20.070812987363894, -19.869126927764345, -19.998932676285914, -19.73982748549973, -19.753590021765447]","[0.35689447860852275, 0.36658400131060137, 0.34097455296905815, 0.38320112011702556, 0.34139468488023417]"
646,"[0.9578380623164222, 0.9581584196564835, 0.9573169798134908, 0.958505692243008, 0.9573317237467089]","[-19.841243767784007, -19.632779216005428, -19.780817805419062, -19.498164248750673, -19.535133708998057]","[0.5230589967071556, 0.5197737355418285, 0.5211371085343689, 0.5070260807510664, 0.5214685507831696]"
647,"[0.952053875445813, 0.952676114614275, 0.9513870241096206, 0.9535240537284478, 0.9514029645970256]","[-20.096293053069612, -19.896898622524787, -20.02362928576214, -19.772819420415022, -19.778279405845208]","[0.3284728091581023, 0.32161354794533137, 0.3350594661939284, 0.31106035839811114, 0.3348881316552319]"
648,"[0.9580216563484129, 0.9583413939385852, 0.9575007969790681, 0.9586279975107229, 0.9575152840392069]","[-19.776403172254962, -19.5776189647491, -19.704156207835506, -19.45564844210405, -19.45877608950329]","[0.2852941498671665, 0.28816595549653773, 0.28216914712316277, 0.2926011913682239, 0.2822626610355521]"
649,"[0.9575444545990187, 0.9574268563339621, 0.9574903673987093, 0.9574966244744587, 0.9574940940379396]","[-19.885898165792398, -19.67039629062629, -19.832209692876674, -19.524634132751125, -19.58637661513048]","[0.3273652634539447, 0.32326776810103486, 0.331804979270877, 0.3180713202252208, 0.33170842380203097]"
650,"[0.9527926944856931, 0.9533089656143678, 0.9521664580464532, 0.9540284896792073, 0.9521837462226272]","[-19.7890887449925, -19.598796843309994, -19.70785257548321, -19.48951342507311, -19.46268913442623]","[0.20662998269260255, 0.22061851977325195, 0.1999751390622023, 0.23845352688961605, 0.20012389048374105]"
651,"[0.9232313471945933, 0.924458489525277, 0.9219986333918285, 0.9261343079073538, 0.9220256292878105]","[-19.564187632494463, -19.348159277201923, -19.509563465508727, -19.200039255266486, -19.263776276488603]","[0.5210412042237141, 0.5197838183100244, 0.5255613956211557, 0.5193550149487547, 0.5254465708314194]"
652,"[0.9253539999412942, 0.9260290315435532, 0.9245104203602665, 0.9268011507196584, 0.9245285882286051]","[-20.16837785084298, -19.992722742558428, -20.055817098901834, -19.886141710770698, -19.811642087284664]","[0.3623732208174145, 0.3608785843412714, 0.38359795106352645, 0.3586555743682353, 0.3827505059686594]"
653,"[0.9651924137093316, 0.9657625371781751, 0.9644072961241253, 0.9662142388286801, 0.9644311686731984]","[-20.746076980760684, -20.542551075304413, -20.679685378804706, -20.414457932953866, -20.434152529770692]","[0.5148197035178534, 0.5098338185185458, 0.5223644135318141, 0.5091927791677638, 0.5221319288969253]"
654,"[0.9704275557331943, 0.9705548128046999, 0.970132348877947, 0.9706430242417365, 0.9701401711387371]","[-20.343805537838023, -20.122912531488506, -20.298966717357555, -19.97252436456877, -20.05287089385323]","[0.35978176163802356, 0.36171057443085675, 0.357567830625026, 0.36590919440371505, 0.3576229102744125]"
655,"[0.9693636249048772, 0.9697546207539856, 0.9686652615211432, 0.9701289157837757, 0.9686823261400821]","[-20.786884127170524, -20.57011197376152, -20.735938973631434, -20.423960945695995, -20.490020567957455]","[0.3435184862839228, 0.34259195604288784, 0.34482452483693166, 0.3413751285731274, 0.3447905429956181]"
656,"[0.9717939705519545, 0.9724533386817884, 0.9709840337660961, 0.9731707058138387, 0.971006446436131]","[-20.775317642734855, -20.552353347038398, -20.7332843116037, -20.399551512484315, -20.487116591125098]","[0.3836494847463121, 0.3866131759350813, 0.37998960424502926, 0.39036258510881666, 0.38008498181467265]"
657,"[0.9686953300358959, 0.9690741456263119, 0.9680612871394266, 0.9695708739427169, 0.9680793048214159]","[-20.970347964499116, -20.751561034393095, -20.92185774230508, -20.602785425433833, -20.67587436775385]","[0.3443237814687708, 0.35271777917240577, 0.3340993477946477, 0.3639529268018182, 0.3343680953253516]"
658,"[0.9671058007891692, 0.9673294707885967, 0.9667381681644953, 0.9673942576475592, 0.9667485991415421]","[-20.824026382839058, -20.61656618387791, -20.762676161943066, -20.483601133963695, -20.517014864824013]","[0.741237083558299, 0.7536948411758081, 0.7246429266120942, 0.7696239748903628, 0.7251063254169542]"
659,"[0.9709168753684484, 0.9713974246616983, 0.9701357596482701, 0.9718834464492792, 0.9701577092289175]","[-21.10233205995405, -20.88865174810207, -21.044713438039256, -20.743439447572616, -20.79900819694993]","[0.49510410327199, 0.5009169912512138, 0.4880830554084321, 0.5133301066853985, 0.4882813740061909]"
660,"[0.9694354727196552, 0.9700764061390083, 0.9684954312733821, 0.9708111595015609, 0.9685202859041677]","[-21.2619618277604, -21.052550104913845, -21.200369579719247, -20.914186938929987, -20.954746757103074]","[0.5284102051227237, 0.5265840222422539, 0.5300334731546359, 0.5274681565900272, 0.5299911108088684]"
661,"[0.9587237010648382, 0.9589442678423865, 0.9586255665860302, 0.9592580503187672, 0.9586274457821918]","[-21.960217766696324, -21.791003725470844, -21.845143090353634, -21.699153636796495, -21.60096338978852]","[0.29745742723699525, 0.2963507705876705, 0.28947991409130996, 0.3133282275036799, 0.2897426201979669]"
662,"[0.9646062073380764, 0.9651908548872976, 0.9638657941967504, 0.9657318258725797, 0.9638874101264361]","[-21.904342346805524, -21.72202295331924, -21.807958545850504, -21.61669209274907, -21.563264975021962]","[0.28017129647055333, 0.30540163081554356, 0.2519298425264232, 0.32932462843271937, 0.25221806341751213]"
663,"[0.9675441949398011, 0.9681319159589963, 0.9666560748430799, 0.9685140890356028, 0.966680918576379]","[-21.605296510471263, -21.426561656869925, -21.504912605872672, -21.32631146370505, -21.260316461676236]","[0.502859558162543, 0.499168122915153, 0.511530508635716, 0.4959470782102865, 0.5112717458943313]"
664,"[0.9651328235201274, 0.9651351978016517, 0.9649612564331609, 0.9650390489955846, 0.9649698027456328]","[-21.870759731430578, -21.705321997594446, -21.755250366290873, -21.623546146989106, -21.511019460684576]","[0.30327968508178976, 0.2932068041846058, 0.3106695986165938, 0.28136311994410945, 0.3105207147011629]"
665,"[0.9635406278677846, 0.9639724556697938, 0.9628978927318411, 0.9645111441453322, 0.9629148639929734]","[-21.874472468267864, -21.699496093612996, -21.771695520720385, -21.606761053010683, -21.52712033266827]","[0.3789126926169496, 0.3841204712563216, 0.3724231184237897, 0.38469306734319897, 0.37258980059060914]"
666,"[0.960971501033703, 0.9611336515358454, 0.9605925592925197, 0.9614095621815714, 0.9606065281526126]","[-21.979197789948245, -21.796499189921867, -21.88275433634519, -21.690085986041865, -21.638063533136]","[0.28655668490253766, 0.2865343444605756, 0.28541082439892423, 0.28176431284515463, 0.2853642334413214]"
667,"[0.9536713282324328, 0.9539454865792562, 0.9532225572060461, 0.9542602044164982, 0.9532313584546266]","[-22.131025597390884, -21.954858687427976, -22.02730783329397, -21.85765574760252, -21.782801725365157]","[0.2223212419265805, 0.21332931676998398, 0.23627158696177383, 0.20144348756637695, 0.23583046249487338]"
668,"[0.9626847445463217, 0.9630469863981435, 0.9619178605975179, 0.9633605263304761, 0.9619402967718642]","[-22.17228093847492, -22.000918126536245, -22.06066714000431, -21.907375650470073, -21.81638512946739]","[0.3448359440788794, 0.33825781380682135, 0.3492188262189095, 0.3287398579956637, 0.34919512736034214]"
669,"[0.9647181562953844, 0.9649003427583712, 0.9643300223727902, 0.9648640981743577, 0.9643423907525267]","[-21.7655016711695, -21.58920447576619, -21.664444671853403, -21.49487311618061, -21.419828018494577]","[0.46672312539357025, 0.4674327471597673, 0.4642324900025717, 0.46451164306072124, 0.46427487227212705]"
670,"[0.9462259207417268, 0.9466257399565448, 0.9458667793036402, 0.9471256829758716, 0.9458746133743897]","[-21.19858781646755, -21.06255677089666, -21.002694787002685, -20.956332776309658, -20.761045811391654]","[0.5837289656890936, 0.5600869776396865, 0.6174544779690295, 0.5746560960829075, 0.6165388488930605]"
671,"[0.9609950201459972, 0.9612394627999372, 0.9605859133048466, 0.9614948747890315, 0.9606009494889701]","[-21.996247614661545, -21.825482433414635, -21.87915617966777, -21.726779679227885, -21.63508704973623]","[0.28379236017120624, 0.293452091471508, 0.2986491159208874, 0.32368071844586077, 0.2972759186876637]"
672,"[0.9633287492005465, 0.9637831491914525, 0.9626895739695732, 0.9638481323639376, 0.9627027192452341]","[-22.128046757835786, -21.941906736752745, -22.036870599485, -21.832303611142105, -21.79203502489427]","[0.36227136629539614, 0.3648878220580347, 0.3600818023938363, 0.3668712505122032, 0.36012731779426227]"
673,"[0.9561861901024256, 0.9564984702833313, 0.9559508219254497, 0.9567983215294706, 0.9559554706658515]","[-22.2133368716226, -22.031732825066896, -22.11800098115247, -21.929619152293863, -21.873248493676957]","[0.35450577882176343, 0.3534449081528621, 0.3559271193958726, 0.35219225748134686, 0.35588271894324014]"
674,"[0.959245617349495, 0.9595697127758224, 0.9589438069037474, 0.9599472036689765, 0.9589503931775198]","[-22.093961281907212, -21.911635051963376, -21.999306912188693, -21.80832204604666, -21.754539811139892]","[0.5157773524494006, 0.5223812347447476, 0.5088163155415101, 0.5287101498263801, 0.5090814421164268]"
675,"[0.9610732676995147, 0.9611328109462673, 0.9608009849901489, 0.9610386679443825, 0.9608096669678763]","[-22.180869702259898, -22.01870285692628, -22.06135945709396, -21.941117694801232, -21.81724209580491]","[0.3047405021328671, 0.31489326359207737, 0.29291311793189473, 0.32892423188072156, 0.293220596501892]"
676,"[0.959691086294044, 0.9598403181267766, 0.959498709604937, 0.9601646441526864, 0.9595069135163027]","[-22.00421386965433, -21.841559461535088, -21.885190350995803, -21.76320344929511, -21.641059520398297]","[0.5607954812700139, 0.5544972674543138, 0.5683140547575536, 0.5363090731539323, 0.5680275881952644]"
677,"[0.948791354585488, 0.9494216487549568, 0.9480729367047885, 0.9500880969166714, 0.9480909384119768]","[-22.029513484729808, -21.855543364055805, -21.923500652900753, -21.76163550640734, -21.679032891505116]","[0.47661978886155487, 0.45282814331318794, 0.49962911774578883, 0.419197261885824, 0.4991096025282757]"
678,"[0.9633840480697372, 0.963385953379497, 0.9632286263288118, 0.9629979168042803, 0.9632386320899674]","[-22.189677866686466, -22.012643140153827, -22.088844623673186, -21.91651793872373, -21.84423982112953]","[0.3333363237687096, 0.33545728103244615, 0.3305248349377589, 0.33834911601068474, 0.3306213773451895]"
679,"[0.9680015414120686, 0.9680959687671455, 0.967652908383789, 0.9682195851645945, 0.9676613926496673]","[-21.686088025794188, -21.50616297590277, -21.58931653378959, -21.40697251013088, -21.344595856865165]","[0.3836150047869338, 0.3808638643815925, 0.3788215380971054, 0.3771890208459185, 0.3790998623705035]"
680,"[0.9623338805255662, 0.9623482324572132, 0.9621151088220259, 0.9623395016880184, 0.9621207701796635]","[-21.889710124809234, -21.710486201878407, -21.791962620363073, -21.612062115497892, -21.547272772609396]","[0.41851584898054134, 0.4289438930946049, 0.4055588472348252, 0.44122849908582545, 0.40589935348235795]"
681,"[0.9598037919563199, 0.9598377542142454, 0.9597336791276933, 0.959869104851305, 0.9597374350150729]","[-22.108421800258554, -21.940259348230956, -21.99725401111877, -21.856233612312117, -21.752897685666998]","[0.4002365391878515, 0.39918181425617405, 0.40288567110033446, 0.3978332284209845, 0.4028241996697973]"
682,"[0.9579070760698367, 0.9581063555720549, 0.9577007452396279, 0.958161761484889, 0.9577053443703617]","[-22.02548078581234, -21.846437675143534, -21.92872982404839, -21.74970153585589, -21.683990345262654]","[0.25118537397246365, 0.25225496508585527, 0.24919531700964084, 0.25428611730174355, 0.24924137360297227]"
683,"[0.957111478321645, 0.9573319433943502, 0.9566407923148733, 0.9573382076493312, 0.9566516021032363]","[-22.43875052171198, -22.27362856490957, -22.32535210719232, -22.195412898004253, -22.08103636586703]","[0.2941278058294987, 0.30519400425161586, 0.2799872923446684, 0.3205485529665447, 0.2803633250938199]"
684,"[0.9670104770037798, 0.9671747175943045, 0.9666427949442128, 0.9673439727288466, 0.9666529417859836]","[-21.787999196720854, -21.608229880349388, -21.691070458272865, -21.509286378636045, -21.446352000749272]","[0.34246710214729303, 0.32556940135915435, 0.3643259957334137, 0.3017665833767557, 0.3637595548441803]"
685,"[0.9580914318415303, 0.9581106992841324, 0.9578885699650578, 0.9577998390682844, 0.957893377397718]","[-22.37784289413703, -22.219053630109126, -22.253074512521746, -22.14430742116607, -22.00910205131176]","[0.2505908624934546, 0.2539616054298015, 0.24651009883974986, 0.25837347596829824, 0.2466153859415641]"
686,"[0.9672533190082893, 0.9675328579561613, 0.9667150066332463, 0.9677641840839107, 0.9667294076666553]","[-21.84387051510852, -21.65816064505736, -21.752314347057016, -21.549287624065645, -21.507483874779894]","[0.5867215664544588, 0.591338373396282, 0.5815862305434836, 0.5925009331059709, 0.58168419603732]"
687,"[0.9604001849613203, 0.9602274208594541, 0.9605221592253528, 0.9598193463671237, 0.960518395845152]","[-21.295031163296724, -21.112670166520203, -21.20346560593882, -21.012976691138473, -20.958572706858313]","[0.42972160295978495, 0.4301141011786173, 0.4324909300046435, 0.42953596045337095, 0.43241642797407165]"
688,"[0.960514248455025, 0.9609198414185686, 0.9600666103128163, 0.9610414988979173, 0.9600778739448107]","[-22.007710580014543, -21.839672828829276, -21.89633615964048, -21.755752249042363, -21.651990323261]","[0.1770510362212242, 0.17661587314189486, 0.1775796626262344, 0.1760317226640675, 0.17756464875895672]"
689,"[0.9586053628081191, 0.9585778693469036, 0.9583340076620517, 0.9583630962385087, 0.9583441266665361]","[-22.240686003307662, -22.064503811147123, -22.138799000539297, -21.969497259366083, -21.894209555580424]","[0.39488911196939763, 0.40031166140478136, 0.38662085907023624, 0.41033605947204493, 0.386840408453029]"
690,"[0.9181567027173891, 0.9185438743858049, 0.9175730381884145, 0.9190739194992755, 0.9175871057653596]","[-20.118352245944873, -19.913238619768098, -20.030952113478047, -19.75779039417241, -19.786278226477958]","[0.9160575159307712, 0.9326547951950092, 0.9067501788017138, 0.9467664146959323, 0.9069207565531301]"
691,"[0.927406486681763, 0.9273944535368034, 0.9273968323134268, 0.9275098484658066, 0.9273942394536951]","[-20.484650661191115, -20.32847624476037, -20.363564173576034, -20.266084129982268, -20.11940730063798]","[0.42755785052040357, 0.4287307281063433, 0.42623178713544707, 0.43228520888929706, 0.4262662845335721]"
692,"[0.9615559229855453, 0.961717787339095, 0.961315256854514, 0.9617760782684485, 0.961324331676892]","[-21.724275422482588, -21.54847063707848, -21.625753675197647, -21.45863603354761, -21.381035347967853]","[0.3382196212747363, 0.36102253173559634, 0.3135813455336414, 0.3934973078126111, 0.3141837828803051]"
693,"[0.9604324478685751, 0.9606149456992592, 0.9600161346930348, 0.960849402916968, 0.9600299970625319]","[-21.68289263552762, -21.496607504923727, -21.596240322361684, -21.391945903766118, -21.351222113099503]","[0.639851094837314, 0.6440246655364595, 0.626066778105229, 0.6445213676484467, 0.6265135150550241]"
694,"[0.9568008666316797, 0.9566280887823766, 0.9566858332392255, 0.9561149127365385, 0.9566943398020767]","[-21.86404341027168, -21.689294935141294, -21.764333564856425, -21.600953700664252, -21.51963901179058]","[0.5715342887274169, 0.5730065849129682, 0.5673497273360845, 0.5750864392872271, 0.5675068563351188]"
695,"[0.9584278227297486, 0.9584573328787956, 0.9581665304710374, 0.9584149873775009, 0.9581758992803214]","[-21.939224676301276, -21.758676585131596, -21.846044753457786, -21.662091139015477, -21.601186542832536]","[0.14849228804800954, 0.15114472777357132, 0.1454778695742986, 0.1547214612800535, 0.1455269800577069]"
696,"[0.9611248076496298, 0.9611869233137049, 0.9610538087619639, 0.9612863447569415, 0.9610572473490082]","[-21.836353920262294, -21.662875631049385, -21.73404203021655, -21.574897110275295, -21.48943154436635]","[0.2923687797363768, 0.2932335721392444, 0.2912347602319729, 0.2944330661030077, 0.2912627243716304]"
697,"[0.9601806633735502, 0.96014301129486, 0.9601502724348898, 0.9599641562009407, 0.960154082134131]","[-21.967929522869465, -21.789277863020356, -21.87003875386012, -21.69225392558705, -21.6253343990434]","[0.2355536814962019, 0.23698277370725107, 0.23396550131065155, 0.2389442383442414, 0.2340032753591408]"
698,"[0.9575805325467601, 0.9574658149068076, 0.9576663067024987, 0.9570714494173395, 0.9576656467375616]","[-22.345445935629247, -22.177058411704994, -22.2362347556269, -22.09486292662382, -21.991808819304698]","[0.38811282665406427, 0.40090403010045483, 0.3695242287032916, 0.41686406694308675, 0.37016700069975617]"
699,"[0.9575606967473466, 0.9577647016449495, 0.95720604232846, 0.9577113085233661, 0.9572177676164259]","[-21.601313119797833, -21.432471502041036, -21.495349972038134, -21.353057752908487, -21.25080502992621]","[0.8481473013774652, 0.8456748300346304, 0.8505692477969032, 0.8417870018437127, 0.8505109381982623]"
700,"[0.9401135217093102, 0.9399008644568685, 0.9401393877220509, 0.939515677044578, 0.940141953382288]","[-21.083194840629567, -20.909369310920457, -20.975843199930214, -20.81420141422126, -20.731435847921542]","[0.7038860191471726, 0.6903697232216256, 0.7198049076557447, 0.6698208917875522, 0.7194396729617161]"
701,"[0.9542824168375467, 0.9547119248961836, 0.9537505765059537, 0.9549244509186613, 0.9537610665588035]","[-21.370684175715397, -21.18218437824216, -21.285195421197383, -21.072813483911528, -21.040170097388508]","[0.5969424950252269, 0.6407804522747512, 0.5489630845223016, 0.6743511995876487, 0.5501216365794187]"
702,"[0.9598737253633467, 0.9600638865026996, 0.9597454841171532, 0.96034953984758, 0.959749374599414]","[-22.101018861203585, -21.933204331895716, -21.990346172023106, -21.85079865142565, -21.7459696117146]","[0.6015389032618335, 0.6044129474644326, 0.5992641922891401, 0.6071988410566125, 0.5993148971551081]"
703,"[0.9610734782807814, 0.9611713919693253, 0.9608348607201013, 0.9611844436162569, 0.9608426692540804]","[-22.128356304051305, -21.947441222269994, -22.03271231360127, -21.846888645854744, -21.787961494459033]","[0.2378134689164746, 0.23980618817069443, 0.23576392110000607, 0.24263563727932844, 0.23581164900833557]"
704,"[0.9544879559960204, 0.9545790470177788, 0.954365513194237, 0.9544989732603398, 0.9543684842304125]","[-22.390925060089625, -22.223872172497323, -22.280355106509266, -22.14374648113853, -22.035958999748612]","[0.27238855648134536, 0.2741896361189254, 0.2719325029590594, 0.2782575351008528, 0.27192273136142425]"
705,"[0.9624543417141496, 0.9622222035798731, 0.9626022674151681, 0.9618019089754233, 0.9626004855373611]","[-22.0974255300129, -21.933007768266723, -21.98415239995449, -21.85694241023198, -21.739819387684648]","[0.32875697075902105, 0.3182090728800499, 0.3436527346560404, 0.3042500235632669, 0.34327007334492055]"
706,"[0.960662793383777, 0.9605631671414481, 0.9606285512543291, 0.9600238697411895, 0.9606341982110584]","[-22.054684903949035, -21.89241682103379, -21.938964440957783, -21.819372540617213, -21.694700656603935]","[0.43194795981300455, 0.4359782750282189, 0.43010231480748434, 0.44166620786711636, 0.43024451925594226]"
707,"[0.9580545080467116, 0.9581267932389731, 0.9578478761168742, 0.9580241910228118, 0.957853583144842]","[-22.21003666843361, -22.043503216850013, -22.097930190383096, -21.96291221607867, -21.853591432521636]","[0.4634359909453114, 0.46182005125378256, 0.46528066266238566, 0.4591468379413779, 0.46523777326737215]"
708,"[0.9591748744383285, 0.9592171665274686, 0.9590055863193001, 0.9589698454462917, 0.9590084159563268]","[-22.126166575497418, -21.959461712221795, -22.016899511513856, -21.881972653501396, -21.772448845522895]","[0.3193118571088243, 0.31764869095384557, 0.32133064970693426, 0.315436137530397, 0.32127970060893424]"
709,"[0.9576369194527733, 0.9575297334037681, 0.9575674011713105, 0.9572336392313607, 0.9575711813985821]","[-21.271113840408344, -21.079128435797852, -21.192560636519172, -20.96834173246473, -20.94732028892307]","[0.5053908758690177, 0.505923536581412, 0.5043870491616023, 0.5055754694027811, 0.5044325744655717]"
710,"[0.9563137098674704, 0.9563517680570159, 0.9561826420327965, 0.9559834765374645, 0.9561850399806081]","[-22.324033686151573, -22.158446354844212, -22.210831015252964, -22.079126910262627, -21.96652052338655]","[0.4061232658329587, 0.4181085087238205, 0.39254619863610823, 0.43563218051469843, 0.39279761668382684]"
711,"[0.9555754095277547, 0.9556724563566575, 0.9553527966032016, 0.9557170585414686, 0.9553601470987115]","[-22.271555863801126, -22.087101639135593, -22.181182015428632, -21.983065509325176, -21.936280237089285]","[0.2923969322603192, 0.2921880743758769, 0.29592029356894317, 0.30457323123488705, 0.2958247397492612]"
712,"[0.9628758933219693, 0.9628565920890624, 0.962729197190524, 0.962725832654543, 0.9627361017007897]","[-21.72879888702224, -21.55231794237536, -21.63117476928127, -21.461695797283937, -21.386427801238582]","[0.7060475847701667, 0.7021309617627484, 0.7112542389575128, 0.7003665148598616, 0.7111248855980986]"
713,"[0.957539588329665, 0.9575634946272923, 0.9573980896845026, 0.9574525725202655, 0.9574051762370543]","[-21.89848736227393, -21.737231456526914, -21.781572933430954, -21.665591460232807, -21.537337841279317]","[0.5727997356715006, 0.5567423185844961, 0.5914044698170339, 0.5327756800421855, 0.5909228363057669]"
714,"[0.9606871830546696, 0.9609105021013564, 0.9602915015145783, 0.9610124098676779, 0.9603021202709835]","[-21.45846217246705, -21.257319339466903, -21.390345371303646, -21.13366859542631, -21.144841855230325]","[0.4106377408117615, 0.4145825138045929, 0.40562005750598434, 0.4196368199224515, 0.4057576214069674]"
715,"[0.9614260576212053, 0.9617333653070314, 0.961080520356817, 0.9619791378460193, 0.9610898036123732]","[-21.399952273434614, -21.217566023291802, -21.30732393999586, -21.11656963998814, -21.062478087693155]","[0.4966024040255175, 0.5081607733061614, 0.4814536616768909, 0.5239124005362558, 0.48185443504638104]"
716,"[0.9581083357834966, 0.9583020838412047, 0.9577546351335796, 0.9582283737886372, 0.9577607131216842]","[-22.17439982224543, -22.00398189277685, -22.067498148025177, -21.918950594359742, -21.823012387136046]","[0.4471748874520102, 0.45981995554562594, 0.42928866990819786, 0.47247858783310537, 0.4297581408832192]"
717,"[0.9592781488634989, 0.9592196370014534, 0.9592119580576909, 0.9589314969530598, 0.9592167647287425]","[-22.007253362470365, -21.826970444351428, -21.911726781990254, -21.728291802907076, -21.66695857484982]","[0.22898152494614724, 0.24187458471177206, 0.22833940271593203, 0.2537153557927332, 0.22835102150034248]"
718,"[0.9595021756798073, 0.9596595427721305, 0.9591792498490702, 0.9596804967113762, 0.9591900292658275]","[-21.907194982514284, -21.726982752711244, -21.813600111062804, -21.630807163384244, -21.56875998037833]","[0.506426745841256, 0.49729808170735773, 0.5182699671414138, 0.4859440430803809, 0.5179608584066099]"
719,"[0.9615332765818966, 0.9615761475931237, 0.9613499666368517, 0.9614711406416231, 0.961357926100973]","[-21.15783360500216, -20.970170692768342, -21.07449250674422, -20.865620295936534, -20.829371045095918]","[0.430403445685515, 0.4310410510070447, 0.42898049912684977, 0.4316819653544987, 0.4290160399534641]"
720,"[0.9618375921960772, 0.9621026725573534, 0.9613691617466714, 0.9621611611103812, 0.9613794975090919]","[-22.028787293149943, -21.844811936222857, -21.939293559258758, -21.743118054845635, -21.69435263851728]","[0.34265130749902445, 0.34000472710553065, 0.34545718222703026, 0.34420223346423867, 0.3453675911527619]"
721,"[0.9620173006828948, 0.9622083823263463, 0.9617395805227467, 0.9624352242084121, 0.9617486383290642]","[-21.67053653680651, -21.498227068311095, -21.566249149333476, -21.41109770532396, -21.321690882822235]","[0.4546552821075316, 0.45544055921924037, 0.45403178897691426, 0.4577106527826889, 0.45403254237057483]"
722,"[0.9603900174619118, 0.9604298318525626, 0.9602203735003734, 0.9604236108014446, 0.9602241305912792]","[-21.82460801439689, -21.64912755852545, -21.725432646532937, -21.55937906009349, -21.48073298734124]","[0.2985434279981893, 0.29587290203679517, 0.3020953254151894, 0.29263892296214966, 0.3020011883014642]"
723,"[0.939254936820346, 0.9394383156370401, 0.9390796029144396, 0.9397293421582943, 0.9390825734802243]","[-21.351121524703974, -21.18101631126455, -21.24523712236029, -21.098112403877117, -21.000709543533418]","[0.4405505146348673, 0.4480524476881176, 0.4278168721168191, 0.45862604982306027, 0.42813107319479066]"
724,"[0.9578080441286391, 0.9581597886220632, 0.9574104629048502, 0.9583704277385978, 0.9574223576894636]","[-22.067192642514378, -21.899625989439485, -21.957333929272306, -21.81894313972926, -21.71292528361684]","[0.42710233770400985, 0.4293840044923253, 0.42575318438555415, 0.4247576529963836, 0.4257855229316004]"
725,"[0.96166548585798, 0.9619061639955026, 0.961343349974628, 0.9620727751042062, 0.9613493306043513]","[-21.516335982106764, -21.32610501925147, -21.434089139482328, -21.21579592926706, -21.18896235884367]","[0.1889510132229051, 0.1903793238071308, 0.1957294623953688, 0.19362248456473088, 0.19555303565687723]"
726,"[0.9583867944135043, 0.9585333796266806, 0.9581056470871069, 0.9587010366909722, 0.9581161883192302]","[-21.64975969595682, -21.47654551637015, -21.548766366227547, -21.3909285895705, -21.30409600796517]","[0.7738094176794879, 0.7735701188586288, 0.7737412680336541, 0.7720065223047976, 0.7737396088210942]"
727,"[0.9565706062566675, 0.9569144219202881, 0.9561141847821196, 0.9572099079953159, 0.9561255010923431]","[-22.053465465530326, -21.870982341968134, -21.961758723498843, -21.770790600714644, -21.71688297606089]","[0.36679704735176594, 0.35839208737608774, 0.3792217447549718, 0.3492122250962246, 0.378906396329864]"
728,"[0.9539669996103753, 0.9544022071657673, 0.9534070507078457, 0.9548018810020629, 0.953420647866395]","[-21.65294736203167, -21.48151295169654, -21.549977585088435, -21.398482313474688, -21.305361898915162]","[0.6584520045676886, 0.6599333785707114, 0.6569503724689832, 0.661563219322039, 0.6569791880024007]"
729,"[0.95695135130207, 0.9573744298962418, 0.9563578336223323, 0.9578126772755318, 0.956376074172623]","[-21.64142564872969, -21.47092006700776, -21.537124969160928, -21.388860218137246, -21.2925444751095]","[0.7595682315304263, 0.7578501406326871, 0.7616405661481545, 0.755563082287369, 0.7615959171871529]"
730,"[0.9565738098215053, 0.9571014259263688, 0.9559045167876195, 0.9576272690753372, 0.9559256090977925]","[-21.798837410895672, -21.62493336446824, -21.69716314947817, -21.536554397939792, -21.45253649646694]","[0.47760398549085264, 0.48033774546695296, 0.4745804011059561, 0.48095188219809326, 0.4746461037569591]"
731,"[0.9553682830245906, 0.9557108225505402, 0.9547770853902484, 0.9562107079115746, 0.9547938648506724]","[-21.40521416186495, -21.236167348471337, -21.299779124125223, -21.15684364903435, -21.055222729227868]","[0.3954280338516781, 0.39506757777917983, 0.3961256965980776, 0.3946780715526967, 0.3961061627147786]"
732,"[0.9559995479840083, 0.9563264153209065, 0.955487247584373, 0.9566316172043811, 0.9555015666134693]","[-21.630022059269777, -21.461306151513106, -21.523192566653016, -21.38116500153558, -21.278680899676807]","[0.1832477215361753, 0.18396194085372125, 0.18243544470112094, 0.18498088020226788, 0.1824566109560951]"
733,"[0.9525347940581049, 0.9529637239655249, 0.9521166587836621, 0.9535183782723942, 0.9521269460164614]","[-21.540637688575966, -21.380888010124472, -21.42386411392055, -21.313753788156916, -21.179598611470194]","[0.7266971988513661, 0.7252624055225182, 0.7283732220663094, 0.722656523652197, 0.7283304404083657]"
734,"[0.9559380839615076, 0.9563980272072772, 0.9553173350984857, 0.9570083847057927, 0.9553317342566392]","[-21.565791046665712, -21.397215565057376, -21.458474897559558, -21.31688168184149, -21.21398291377985]","[0.3696686061183193, 0.3668916372342046, 0.3762387216729113, 0.3631363811155196, 0.37606985015577143]"
735,"[0.9544348207400745, 0.9547064017270722, 0.9540516284656912, 0.95525381162695, 0.9540603509252399]","[-21.523895102636033, -21.350132598927313, -21.42234783431354, -21.2623194174564, -21.17770531797444]","[0.6796229237457551, 0.6889747233167294, 0.6690600709656368, 0.7026224059123519, 0.6693237658641438]"
736,"[0.9562685801846887, 0.9567831493103361, 0.9555798306160297, 0.9573513851409347, 0.9556022294228362]","[-21.760953512303374, -21.590417239684587, -21.655557769932777, -21.506909944678682, -21.411019389537966]","[0.3879934176229447, 0.38441568947600835, 0.392114568232237, 0.3793999464705938, 0.3920054490334158]"
737,"[0.9559075949855728, 0.9562473300496769, 0.9554751911868119, 0.9566201797894661, 0.9554843584230102]","[-21.421482538568632, -21.250943310044967, -21.31733954155448, -21.16898003063213, -21.07275596545718]","[0.4572617591244202, 0.45902338743679555, 0.45532492983990025, 0.46156641657838793, 0.45537179281469137]"
738,"[0.952998364455726, 0.9535171081136473, 0.9522733192147336, 0.9540106187649899, 0.9522881164536706]","[-21.629554554286383, -21.458965931790907, -21.52462865094302, -21.375880015204842, -21.28007342920042]","[0.3020298588829726, 0.3027258037181591, 0.3012586819384013, 0.30372554953248576, 0.3012803217474294]"
739,"[0.9575687873361598, 0.957975006392546, 0.9571155399034063, 0.9583764040271936, 0.9571236641300325]","[-21.593197636131595, -21.42315923918335, -21.488050657167317, -21.341379689446388, -21.243495717519007]","[0.395767175874041, 0.38928892453485503, 0.4025372553733504, 0.3791474341165582, 0.402445991724574]"
740,"[0.956390485306215, 0.9566971173095954, 0.9560278697963606, 0.9571180025239746, 0.9560343891255447]","[-21.363962668868616, -21.192571208112906, -21.261014110610105, -21.109694436023567, -21.016395520409052]","[0.5930552979288314, 0.5968679910926357, 0.5895202082483576, 0.6028264427505186, 0.5895892748981745]"
741,"[0.9552625163041742, 0.9557052963361783, 0.9546580202301266, 0.9561975722411953, 0.9546777359687596]","[-21.444311125119633, -21.274298608115952, -21.33982626964544, -21.193388667545847, -21.095248349451424]","[0.4077332091964174, 0.39986879227067845, 0.4178914082034442, 0.39112602541716907, 0.4176193026213633]"
742,"[0.9601820051607453, 0.9604673207442929, 0.9597574440805392, 0.9607786176039678, 0.9597678589903528]","[-21.43576655935217, -21.259813924573905, -21.335877215849198, -21.1678926560927, -21.091206138111747]","[0.6257737843802642, 0.6136708818385994, 0.6400865537288508, 0.5952408995961601, 0.6397200994504197]"
743,"[0.9541536534318206, 0.9543998151722537, 0.9536931195493203, 0.9545006695878718, 0.9537039746691632]","[-21.447107964005465, -21.284914929169403, -21.333159504960193, -21.214368560729014, -21.088820745118635]","[0.28593247200635336, 0.2890252113074014, 0.2823792083563503, 0.2935003636638448, 0.28247264671788724]"
744,"[0.9550402002178793, 0.9556803905121074, 0.9542349276630386, 0.9563040155894964, 0.9542551034984874]","[-21.55246758055708, -21.37828331399767, -21.451573689628418, -21.290093487255604, -21.206919197170357]","[0.26141276404110214, 0.26930719348037946, 0.25222594247824465, 0.2803563201601144, 0.2524565505918299]"
745,"[0.9566331722247987, 0.9569527644570338, 0.9562378101807832, 0.9574115386793786, 0.9562502350113817]","[-21.621170256856075, -21.45389265013336, -21.512889036509748, -21.376019072940643, -21.268413988709423]","[0.7763346194150946, 0.7773029303974787, 0.7753390269019573, 0.7766292176887045, 0.7753502822467181]"
746,"[0.9552756439159777, 0.9556256826514575, 0.9548597764888729, 0.9560186829286409, 0.9548702554343382]","[-21.606136484601535, -21.434717287625602, -21.502348596706184, -21.35071639054684, -21.25776002717873]","[0.4216954722899827, 0.4154433835228858, 0.42739629896527587, 0.4068666143716325, 0.4272895582542059]"
747,"[0.9542513187711645, 0.9546529885853658, 0.9537503488663631, 0.9550197248179303, 0.9537664703137564]","[-21.434263744774764, -21.26082999251247, -21.33290022971478, -21.174158581630497, -21.08825580516288]","[0.42913549362940534, 0.4304347542391811, 0.4276130532176721, 0.432241863265072, 0.4276542383385358]"
748,"[0.9553435830048229, 0.9557008481538154, 0.9548957199877944, 0.9561755785552549, 0.9549054687970319]","[-21.494496805985, -21.32172730851, -21.393237537267495, -21.237079386572262, -21.148574331823756]","[0.7195722760235566, 0.7107202025321597, 0.7273961896109021, 0.6940219323385853, 0.727209721558717]"
749,"[0.9539195326152317, 0.9547045236424406, 0.9529884808960177, 0.9557996146731413, 0.9530102682613364]","[-21.49686512370516, -21.3216345136737, -21.39744220295972, -21.232305573288023, -21.152749679561687]","[0.2714786225250459, 0.2679022239425587, 0.2758724457572453, 0.2624117796533541, 0.2757606254669989]"
750,"[0.9564735111984026, 0.9569236286295846, 0.95600923998059, 0.9573241742101419, 0.9560195765218368]","[-21.53615156212566, -21.373744406998163, -21.421321982687672, -21.301465928906353, -21.177019216868885]","[0.40759121823337363, 0.4118404410831254, 0.4028518269240916, 0.4177863605061296, 0.40295889542783]"
751,"[0.9592480912887555, 0.9596196133927479, 0.9587874995162876, 0.9601371248214481, 0.9588010750729455]","[-21.223303507477127, -21.027108917036394, -21.149483781004143, -20.910343581044234, -20.90412812373304]","[0.4323526967356711, 0.43800043932123317, 0.42620713103733177, 0.44576470927427314, 0.4263681111218266]"
752,"[0.9558236401497349, 0.9564471039936726, 0.9550743696864942, 0.9571824845099498, 0.9550927505229057]","[-21.438715120995603, -21.26474554119259, -21.338167813454806, -21.177568511371177, -21.09350118893951]","[0.2614823107835144, 0.25495421871616103, 0.2648416029733532, 0.2456245008919975, 0.2647547691897942]"
753,"[0.954589270576024, 0.9550394221715819, 0.9539477236497406, 0.9555397473727139, 0.9539663270315959]","[-21.617655638789145, -21.45447711217538, -21.504146993139788, -21.38167416447972, -21.25980488165791]","[0.3730168402894088, 0.36312623119555826, 0.38278632205609436, 0.34988777938693744, 0.38256100634717183]"
754,"[0.9579120745170826, 0.9584685727659205, 0.9572018812333524, 0.9590329816578795, 0.957221167405316]","[-21.39735559790011, -21.229677117179065, -21.2895696497753, -21.151301149722993, -21.045081188784522]","[0.27781293999050655, 0.27029892084931745, 0.2896887638659874, 0.2607253966002438, 0.28932290565463836]"
755,"[0.953719397283965, 0.9542909770605046, 0.9530935541770609, 0.9548931576037804, 0.9531076602153464]","[-21.46609450294449, -21.29559259124694, -21.361059044048634, -21.212634284146127, -21.1165035116511]","[0.5674305960260145, 0.5663538007563614, 0.5605409856114862, 0.5631767720884022, 0.5607065562825629]"
756,"[0.9580135108132565, 0.9583747869135245, 0.9575917828817326, 0.9587891485447327, 0.9576031747551909]","[-21.540497503139235, -21.364642543534046, -21.441154667781777, -21.273660451450823, -21.19646887420133]","[0.4166524293062741, 0.41878005474880176, 0.41719121129869385, 0.4194966566952955, 0.41721399584384006]"
757,"[0.9541856254089351, 0.9544392289274289, 0.9540786671479737, 0.9549856754053487, 0.9540826626532185]","[-21.353276040376546, -21.173496729900194, -21.260470970913033, -21.079507744651217, -21.015592265493044]","[0.6901112710135344, 0.6911361364653865, 0.6884181796719332, 0.6885612549018881, 0.6884537131302291]"
758,"[0.9536414487258683, 0.9540657551084802, 0.9530260960950248, 0.9543611205040653, 0.9530432917190981]","[-21.54561917277046, -21.379386886430833, -21.435560607566618, -21.302243774753585, -21.191137615413133]","[0.49728496750617407, 0.4991678787952109, 0.4919174508948356, 0.504373849660008, 0.49207584334081333]"
759,"[0.9597758348091339, 0.9602868356781189, 0.959128123864385, 0.9609178093348099, 0.9591485050942925]","[-21.167455135544706, -20.99826076375826, -21.061792851559108, -20.918223033735106, -20.817247834378247]","[0.2893793189912713, 0.29242023399126005, 0.28579031235959934, 0.29645357830678587, 0.28588200460938984]"
760,"[0.957492143393974, 0.9580936322860368, 0.9566668860280557, 0.9587710910322269, 0.9566875585968658]","[-21.425818579720392, -21.251680019354488, -21.325536345375266, -21.16433244292382, -21.0808554216168]","[0.20892821392155225, 0.2156936421545026, 0.20447468045455194, 0.21577342033814526, 0.20456935721898126]"
761,"[0.9610101431921423, 0.9615167794690176, 0.9603130491509311, 0.9621218202716687, 0.9603314444612138]","[-21.036806001521146, -20.838244941496804, -20.9656683231943, -20.71811485705719, -20.72024369142541]","[0.6703324464040712, 0.6793492830822291, 0.6597487665009466, 0.6907853664733861, 0.6600079015649711]"
762,"[0.9571107208678363, 0.9577831019030767, 0.9562399545616971, 0.9585825123869312, 0.9562632688414451]","[-21.549844815953293, -21.374753679840815, -21.449463812461047, -21.28463912508084, -21.20479977895022]","[0.5810907840659029, 0.5807349360778954, 0.5799946408998793, 0.5773400903599771, 0.5800179567417364]"
763,"[0.9588070114583512, 0.9591723195943286, 0.9583313235180144, 0.9596345566750987, 0.9583463721000309]","[-20.988270190259183, -20.79465355994626, -20.910818861727915, -20.680691131489294, -20.665559584363397]","[0.5443847418550116, 0.547198973074285, 0.5411089105182724, 0.5511610472573913, 0.5411746184956138]"
764,"[0.9584974723831988, 0.9588961115760655, 0.9578915407852825, 0.9593137355539416, 0.9579056784910397]","[-21.24417631801066, -21.073940066699972, -21.13906121765048, -20.991630951562815, -20.89450960671318]","[0.311257004037464, 0.3170675830783291, 0.3041602760789072, 0.32365064631230733, 0.3043428010625128]"
765,"[0.9561399199145071, 0.9565445393711027, 0.955440692767611, 0.9570267236598387, 0.9554610548711427]","[-21.42871007217823, -21.251708116205553, -21.331642926223694, -21.16029961534331, -21.086888512567995]","[0.308429337284253, 0.307801311446765, 0.3095924719347355, 0.3068117250887463, 0.3095576096800911]"
766,"[0.956316218416272, 0.9565968077605396, 0.9556707666124723, 0.9569545931407888, 0.9556887261339939]","[-21.457421372711433, -21.274082391956263, -21.36747115626294, -21.173634247357082, -21.122538831066567]","[0.270030319159964, 0.2684035778362004, 0.2720545130176139, 0.26932330260001386, 0.2720006987200154]"
767,"[0.9565513088981223, 0.9572802051761445, 0.955807468366643, 0.9582828749654643, 0.9558338641930081]","[-21.006395209338734, -20.82159308538112, -20.91943907429273, -20.72066815105324, -20.674409902946714]","[0.6523153255311996, 0.6552572497235561, 0.6487829189156794, 0.6592150124981366, 0.6488843603316079]"
768,"[0.9576817500591699, 0.9580569995794418, 0.9571573600768527, 0.9585498410933435, 0.9571713890839263]","[-21.507728037249127, -21.3338964017191, -21.406295587172032, -21.24600526079878, -21.161662110175655]","[0.22984555998460898, 0.23154594578149898, 0.22793668482457488, 0.23398700705325673, 0.22798817775093125]"
769,"[0.957102703463505, 0.9575692453881881, 0.9565294181595627, 0.9580583900602629, 0.9565451761554047]","[-21.205167982381518, -21.028443096543903, -21.107053960936266, -20.936534790292047, -20.86233206884469]","[0.612138726510076, 0.6238512282680934, 0.5988839070757693, 0.6409598927956215, 0.5992100362188449]"
770,"[0.9591168279394977, 0.9596625098566602, 0.9583636634748061, 0.9601899424062409, 0.9583830668501836]","[-21.32941085545027, -21.13336342882645, -21.254516328329338, -21.015743079053152, -21.0091964980557]","[0.33873304346718464, 0.341629013718158, 0.3357180823214294, 0.34482326948114567, 0.33579329298024113]"
771,"[0.9546235041794313, 0.9549751127672548, 0.954269863495097, 0.9553152674929897, 0.9542776854336122]","[-21.437221826099016, -21.271410161041658, -21.32655519408628, -21.19469659734859, -21.082141050308717]","[0.5246375425590509, 0.5395031500034666, 0.5077933089939389, 0.5573949306900241, 0.5082160478535191]"
772,"[0.957524449076764, 0.9579093264298326, 0.9569247267724861, 0.9583863461232326, 0.9569396259253803]","[-21.341836410225643, -21.171980390422476, -21.236768100341315, -21.09080354241904, -20.99220758768596]","[0.27033992666595535, 0.2686875490086489, 0.27233779104696765, 0.26642505931930216, 0.27228579158449207]"
773,"[0.9578485011480584, 0.9581684978957626, 0.9573937992160535, 0.958582991929065, 0.9574082700254708]","[-21.393164039861794, -21.21523598777328, -21.297069553656737, -21.122413257156357, -21.05229020199454]","[0.18355451891915467, 0.1842227410498185, 0.18311291118754616, 0.18569262629554037, 0.18312369251767344]"
774,"[0.9529165393341652, 0.9533106795259608, 0.9524125994851926, 0.9537388386158169, 0.9524220439342678]","[-21.19185135855483, -21.01607150041023, -21.094509540422116, -20.927761319849413, -20.849741374343044]","[0.4795622472854499, 0.4733290383964028, 0.487264718252703, 0.46520292348220793, 0.48706737940872785]"
775,"[0.9589588895391896, 0.9594416788641253, 0.958320140244098, 0.9600964500374994, 0.9583379068165057]","[-21.03935241630626, -20.853009043985736, -20.95424107575671, -20.750016537754973, -20.70916238986993]","[0.4021892713203546, 0.40706089423449854, 0.3966936550989389, 0.41383704060692306, 0.3968274064490189]"
776,"[0.9581565514532019, 0.9587541894036241, 0.957433391372655, 0.9594815054204702, 0.9574533697102078]","[-21.15043267596103, -20.95498553600226, -21.07623058870172, -20.839756703153235, -20.830873952960587]","[0.2556739570010418, 0.2502341129144995, 0.2617431761909238, 0.24262299313920524, 0.26157969028041317]"
777,"[0.9576780057218554, 0.9579178297046839, 0.9575017426244624, 0.9582873339988862, 0.9575074762422734]","[-21.257032682147084, -21.09178405421638, -21.146409925344297, -21.01673198042263, -20.901992116101844]","[0.42610715228493523, 0.4375499085870582, 0.4133869431088747, 0.45210346001546076, 0.4137089068549909]"
778,"[0.9599978648622906, 0.9605254068315363, 0.959429697494599, 0.961109950848734, 0.959442282148947]","[-21.478564192220997, -21.298932435797788, -21.383721105444288, -21.2028856145435, -21.13891818917921]","[0.406301331433795, 0.40116320172630693, 0.41244766000622896, 0.39419652630948726, 0.41228439616198714]"
779,"[0.9551628120378172, 0.9554459971665349, 0.9547768594650111, 0.9556741573854782, 0.9547867551421007]","[-21.11130810002609, -20.93372156142995, -21.015595819644272, -20.842304963004622, -20.770791742994565]","[0.5046146492149165, 0.5058263359646509, 0.5033322689392129, 0.5059280589883887, 0.5033611960348755]"
780,"[0.9623768076143475, 0.9627184184405013, 0.9618408657464412, 0.9630422638350704, 0.9618549000651512]","[-21.27754363939314, -21.09974118582265, -21.180814726721852, -21.006514176101007, -20.93605382495484]","[0.4354247998704019, 0.4377610040825681, 0.43339496818376994, 0.4427676320163044, 0.43343542348794467]"
781,"[0.9549408730621152, 0.9555714092399729, 0.9542263628408632, 0.9562905820042894, 0.9542436915839696]","[-21.436327615796653, -21.252930486063743, -21.34586591421298, -21.151708225778787, -21.10095457410576]","[0.3549988067857709, 0.3498446410575218, 0.3611653602266761, 0.3426958497805595, 0.3610086660184786]"
782,"[0.9568595410861573, 0.9574134801554526, 0.956250611074028, 0.9581108456646101, 0.9562681041538827]","[-21.312641669038964, -21.13933858645401, -21.210903965445464, -21.052565394347948, -20.96627098801247]","[0.4467774300236981, 0.448149864428729, 0.44485615549713764, 0.44973600922754137, 0.44490979671746184]"
783,"[0.9576103584115656, 0.9578934048892257, 0.9572444840522923, 0.9582659271014918, 0.957254157718253]","[-21.439510654465305, -21.26868168434744, -21.334626179118143, -21.18498833435143, -21.09007120357272]","[0.5938507331656684, 0.5988246668802318, 0.586589789285715, 0.5986667363893563, 0.586761620634534]"
784,"[0.9584078030265589, 0.9588687624970941, 0.9579270019260391, 0.9593033275233042, 0.9579368962660444]","[-21.64892239739168, -21.462182917883997, -21.56271175049647, -21.356816824448146, -21.31768944624721]","[0.40044831803375247, 0.38806657940063877, 0.4154834293829569, 0.37145543559792865, 0.41509684144861436]"
785,"[0.9557691436637662, 0.9562313435325622, 0.9551140051679029, 0.9569612985667472, 0.9551324483003178]","[-21.217005316619122, -21.05111386160811, -21.10714433612718, -20.97517819799497, -20.862708109485165]","[0.5647509657006289, 0.5829820733604991, 0.5447285012874992, 0.6098870594592062, 0.5452205041803733]"
786,"[0.955588006347425, 0.9560478729862592, 0.9550263854170871, 0.956729931811598, 0.9550416159387726]","[-21.537469057035, -21.350675225295785, -21.45007875556886, -21.243736917396834, -21.205096266048912]","[0.2174835152891022, 0.19767390561284487, 0.24359616064918208, 0.17286642604042973, 0.24286865292183302]"
787,"[0.958088581679055, 0.9586743204103558, 0.957463324164683, 0.9593305632257861, 0.9574795259751965]","[-21.11989498368158, -20.949133409096962, -21.01553338062483, -20.866298374265522, -20.77095672840262]","[0.4854205729267466, 0.4772673831781474, 0.4988298952938484, 0.46613515383577775, 0.4984309869166633]"
788,"[0.9556185182733363, 0.9561401891127291, 0.9549217367503074, 0.9567517223929044, 0.9549379773214692]","[-21.235613168771447, -21.043273537116793, -21.15556801548394, -20.929794695728926, -20.910391121302833]","[0.5368822376165652, 0.5450606139109727, 0.5292018745972064, 0.5560725944995442, 0.5293375268321997]"
789,"[0.9544276085423886, 0.9550007881000563, 0.9536676622597482, 0.9557637169840432, 0.9536858168074899]","[-21.42633739827593, -21.25999849298177, -21.316047241403858, -21.182286464181733, -21.071635209081162]","[0.3478096127408844, 0.3482114437747115, 0.34728942730168255, 0.3487503835347183, 0.3473058363939823]"
790,"[0.9572095888894717, 0.9576347353941167, 0.9567410378897482, 0.9580755097887235, 0.9567534176987234]","[-21.354953689860995, -21.18126132380533, -21.253676537110355, -21.093963606361605, -21.009028544591647]","[0.23074578346893068, 0.23255432514816063, 0.2287511919207809, 0.2355760088769876, 0.22880267480672226]"
791,"[0.9588369409898875, 0.9591904134684711, 0.958358611032487, 0.9595534267788546, 0.9583710569053118]","[-21.09620421676502, -20.900937558996535, -21.02006879610829, -20.78402526124388, -20.774784612750835]","[0.4031706482262497, 0.4029326993465497, 0.40319786753283043, 0.4026789805049292, 0.40320290306040807]"
792,"[0.9555822132827152, 0.9562707612944017, 0.9548314515875553, 0.9571598700105175, 0.954850157167817]","[-21.305278871821116, -21.12588634135148, -21.211163627142714, -21.03138252633581, -20.966328488402944]","[0.41255397631491536, 0.4082579957509109, 0.41869077252527626, 0.40303000507125447, 0.41850519232610783]"
793,"[0.9583184393223562, 0.9587710771555703, 0.9575483104468457, 0.9592137600122783, 0.9575700118939655]","[-21.52510575104882, -21.348498395358636, -21.426947760646033, -21.256865693973477, -21.182227076940446]","[0.36869923566882257, 0.3714183201910233, 0.36564888014341135, 0.3750971744156651, 0.36572310931029994]"
794,"[0.9566340908391927, 0.9570712644688555, 0.9561698663914555, 0.9574173402997983, 0.9561841773719598]","[-21.28606163600368, -21.12124355214272, -21.173302446914082, -21.04469353337818, -20.928960675657105]","[0.4764376080567216, 0.4789767677225816, 0.4722117024081611, 0.48141184050736563, 0.4723198952699116]"
795,"[0.9558428104915314, 0.9563127421073457, 0.955335606287472, 0.9569403656330615, 0.955346788339827]","[-21.434470759482636, -21.24457413313456, -21.352489455674288, -21.135514030883648, -21.107352135708133]","[0.22509528178368468, 0.22657722575325542, 0.2236325300753502, 0.22898892123982478, 0.2236639760388075]"
796,"[0.9545729004284975, 0.9550813697001113, 0.9539117491936232, 0.955581914432935, 0.9539288516786752]","[-21.376507082661323, -21.198359962943794, -21.280473140170596, -21.105003637877388, -21.035690418321426]","[0.2863046979868326, 0.28707073875698197, 0.2888925500482128, 0.28810163054532106, 0.28879116259688403]"
797,"[0.9589340675021693, 0.9593445883038163, 0.9583916072633751, 0.9598693297444417, 0.9584050322176073]","[-21.131254683606375, -20.9480087215042, -21.04154703072688, -20.84811883935671, -20.796600519873266]","[0.5364604993032299, 0.5487310679264982, 0.5189627831977698, 0.5612045158665603, 0.5194442999317929]"
798,"[0.9559956175869435, 0.9565558005064189, 0.9554185544226984, 0.9571669761445851, 0.9554335822189745]","[-21.135604470069765, -20.963900546960417, -21.032797289503115, -20.880325995615316, -20.788174372528545]","[0.3693899723903542, 0.3704758296637916, 0.3702377786434213, 0.37590878400317457, 0.37023380429895947]"
799,"[0.9592968184481828, 0.9599600744500943, 0.9585735815952694, 0.9607823137680185, 0.9585917788510894]","[-20.871333523051266, -20.673017294769608, -20.8006495859181, -20.55406144023999, -20.555198405956617]","[0.6176099813626076, 0.6247970148016275, 0.6080977749837871, 0.6345126747243374, 0.6083437340483092]"
800,"[0.9580964617284998, 0.9585583778277557, 0.9575899841451684, 0.9590083559784768, 0.9576038275827237]","[-21.197708349250934, -21.029137185738985, -21.091332446843776, -20.949991330464076, -20.846803316685133]","[0.602056766345888, 0.5995014842024488, 0.6010507559058793, 0.5934499800670885, 0.6010664175624923]"
801,"[0.9579545242074343, 0.9584581145577645, 0.9573809563487845, 0.959077137427451, 0.957398223678066]","[-21.479655309980107, -21.30976473484966, -21.373252924019468, -21.226826820116393, -21.128750851524394]","[0.30828129248760205, 0.309413994931293, 0.30732745912372733, 0.3104071614713465, 0.307345384069925]"
802,"[0.9588125919367612, 0.9594515497208371, 0.9580323200549834, 0.9600652544026796, 0.9580514164786316]","[-21.3913037069889, -21.211067306528598, -21.297377168134826, -21.114438320153738, -21.05254684934026]","[0.15078446615501634, 0.149881653174122, 0.15189886695272992, 0.1487078238871143, 0.15186835099371004]"
803,"[0.9578396363803783, 0.9581680787382398, 0.9573747227543726, 0.9585625525129212, 0.9573875139712438]","[-21.204486225011582, -21.030290882899905, -21.10332005949737, -20.94173601427039, -20.858676833776578]","[0.35043951361507136, 0.3410090094583225, 0.36180872020656146, 0.32832893832239274, 0.36151283730145073]"
804,"[0.9586602847505777, 0.959005911102015, 0.9582087654826842, 0.9593776951165492, 0.9582223304218678]","[-21.250066064678343, -21.07286174903109, -21.153574754255427, -20.98156696098699, -20.908799921296303]","[0.5313885424692311, 0.5488288422882583, 0.5124479334861867, 0.5736733469940535, 0.5128160177943539]"
805,"[0.9552486004445847, 0.9556923700860434, 0.9546195524114899, 0.9563321385294439, 0.954637826385445]","[-21.477990059065252, -21.302687128419155, -21.377062536368197, -21.211301613309402, -21.13242787043655]","[0.4387432334328777, 0.4191022276923525, 0.4532386885553004, 0.394032471997366, 0.4529252748861157]"
806,"[0.9580512664100321, 0.9584426877653989, 0.9575170401612215, 0.9587493829822955, 0.9575284317792091]","[-20.86451653681292, -20.680890731784416, -20.775009476896066, -20.580181616339836, -20.530063219481164]","[0.46354424262060334, 0.4840941292719764, 0.4418763359014553, 0.5122974961535445, 0.44238290388904306]"
807,"[0.9595251835578376, 0.9598979942246192, 0.9589429405060905, 0.960246122345147, 0.9589561436490505]","[-21.4500385371759, -21.280517141552632, -21.34372351565751, -21.19875218259598, -21.099203459774255]","[0.3434898891871417, 0.34759095624907316, 0.33991535705622444, 0.3528256672007614, 0.33994349095176774]"
808,"[0.9539488660972409, 0.9544891604419538, 0.9531783538192273, 0.9550164023938762, 0.953198005815731]","[-20.865097027383875, -20.664616159698163, -20.796674050873, -20.542396274096753, -20.551170689951128]","[0.4941526787805323, 0.5034801921783087, 0.48293664330426045, 0.5166946535034885, 0.4832188137332336]"
809,"[0.9599922834711064, 0.9606598684160522, 0.9592277942632466, 0.9614028930384151, 0.9592480689589884]","[-20.947907077435488, -20.768742349052953, -20.853334491564908, -20.67431643113956, -20.608513218875242]","[0.5738531316003742, 0.5820546764531511, 0.5645932099846153, 0.5879682019620546, 0.5648240459356567]"
810,"[0.9559560843635817, 0.9563014426337151, 0.95548432476914, 0.9568619700260256, 0.9554959605336466]","[-20.935726838768456, -20.762165448173704, -20.834988564660716, -20.67590238644697, -20.59031709836993]","[0.27223976675918204, 0.2714107612925704, 0.27325175731174794, 0.270391994388575, 0.2732266121953226]"
811,"[0.9560685465769224, 0.9564321200768047, 0.9556184783955556, 0.9569267421753537, 0.9556286731236402]","[-21.127238210689548, -20.964714668922532, -21.013380620074383, -20.89335055150796, -20.769043539823738]","[0.3260750992748086, 0.3282676196192782, 0.32357616973244124, 0.332093593942882, 0.3236403914434597]"
812,"[0.9584002945240442, 0.9587909174676084, 0.95789860257252, 0.959366196472148, 0.9579075434400197]","[-21.26973685720364, -21.1065655222238, -21.15659695930468, -21.0342564906503, -20.912247151023504]","[0.4368012628204884, 0.4356709681975135, 0.43826274162559414, 0.4339074306965505, 0.4382259395155539]"
813,"[0.9570125945285046, 0.9576987908479285, 0.9560686625800661, 0.9584564357153873, 0.9560940374523966]","[-21.01565619836391, -20.844057812223017, -20.912872659777655, -20.76079438334429, -20.668248480291197]","[0.33853120666829123, 0.3360847030000154, 0.34185443235126284, 0.334226323750889, 0.341763751724432]"
814,"[0.9520301286518561, 0.9526571738230376, 0.9511994962606312, 0.9533347864303598, 0.9512227619616608]","[-21.3240918691437, -21.161309844419147, -21.21055720770597, -21.089618857935644, -20.966215238190234]","[0.3483792697000873, 0.3480066571394466, 0.34863618763693155, 0.34361606869136063, 0.34862350077182475]"
815,"[0.9582865991363585, 0.9587573374692292, 0.9577602727359347, 0.9592801448862439, 0.9577744787478215]","[-21.13645945395271, -20.95827828284613, -21.040540059809697, -20.864972198022013, -20.795754350489954]","[0.34025597658836443, 0.340377532804939, 0.33864281643049826, 0.33859025269328075, 0.33868462768044916]"
816,"[0.9601096353922148, 0.960681739133705, 0.9593495327719044, 0.9611860959211257, 0.9593666204747278]","[-20.838204453900374, -20.648777218127535, -20.756542175836127, -20.54134548668958, -20.511378695682474]","[0.5339123735114472, 0.548688330362466, 0.5148090198004683, 0.5666051497703238, 0.5153150200979779]"
817,"[0.9459403628444898, 0.9465014966987197, 0.9452343909370625, 0.9471724622940466, 0.945252725883696]","[-20.493137484979602, -20.291294446076275, -20.42741569885142, -20.168444567395625, -20.181829717621383]","[0.5646914581269682, 0.5788158855256162, 0.5476639308603908, 0.5993673386950289, 0.5481041649698295]"
818,"[0.9076091303843582, 0.9077738018924788, 0.9075405983002218, 0.9079511122694696, 0.9075386459526271]","[-19.436002892957937, -19.225463252333345, -19.36829883408067, -19.07753439314467, -19.12294139609596]","[0.9076350658595763, 0.8827824564744164, 0.9292582832597889, 0.8477414551376399, 0.9289480786449356]"
819,"[0.9420645353639345, 0.9428918516613961, 0.9409733046930091, 0.9439434489495542, 0.9410038190962435]","[-21.007824176497884, -20.818682688565335, -20.917162953524052, -20.701533578632173, -20.67235296004153]","[0.35975415376536146, 0.3455535974417906, 0.37786572020241616, 0.32210206393400687, 0.3773951700203548]"
820,"[0.9606641756391926, 0.9609943495972033, 0.9603000240767086, 0.9612413205798442, 0.9603115043598239]","[-20.960633279598767, -20.776364179326794, -20.870609633425563, -20.67326175714049, -20.62569002222662]","[0.40501513728025723, 0.4034581214094403, 0.4071944179200158, 0.4029856990702667, 0.4071444893117471]"
821,"[0.96361216076883, 0.9640296639683723, 0.9630741585866971, 0.9645196471697981, 0.9630866569851807]","[-20.641879243397, -20.42018036794274, -20.595087062819122, -20.265686936257072, -20.349087967380374]","[0.46691639982201794, 0.47702972203070565, 0.45131340323710856, 0.4902564023624338, 0.45170988777043]"
822,"[0.9643083558378361, 0.9644568612454182, 0.9639236702836972, 0.9643466127236485, 0.9639340560176451]","[-20.99954172100826, -20.77942711936479, -20.950886288971212, -20.627056034695215, -20.704931553486222]","[0.3964285175263332, 0.40071095665136514, 0.3907367986605373, 0.4111834600065418, 0.39088837794345743]"
823,"[0.9652636170874973, 0.9653805853707981, 0.9649959717102453, 0.9655374660524753, 0.9650053667645885]","[-21.167874721857494, -20.987507458433424, -21.073922704670508, -20.890487537409424, -20.829097929225473]","[0.6151638996328285, 0.5987570849981028, 0.6342262153012563, 0.5766880001677754, 0.6337367675056793]"
824,"[0.9654064581813774, 0.9656024422853996, 0.9650483581363783, 0.9656679494148436, 0.9650611083940954]","[-21.97913549508592, -21.802405063867933, -21.87895907758338, -21.707972230454224, -21.634315217674946]","[0.4524621541407614, 0.4550949303375068, 0.4483816684702343, 0.45618652284936295, 0.44848446738405684]"
825,"[0.9620488621697924, 0.9618611945615055, 0.9622431909306126, 0.9615138109726848, 0.9622420086795159]","[-21.94334171414116, -21.774761040271798, -21.83450882295929, -21.692514478410732, -21.59006684985833]","[0.17792181451352454, 0.178446506693799, 0.17734143343894576, 0.17926999573076263, 0.17735732921021644]"
826,"[0.9613621584459553, 0.9613385880390612, 0.9611590280607116, 0.9611376390546397, 0.961165811341544]","[-22.165696265595706, -21.98888064073558, -22.064457761402327, -21.89291689353106, -21.819847152155724]","[0.28840076185642155, 0.29060395508817044, 0.2873580006959566, 0.2939205709585641, 0.28736743303937357]"
827,"[0.9563403951956795, 0.9561063262964712, 0.9566251892146579, 0.9556152748752174, 0.9566185222262203]","[-22.24952875178789, -22.080419059809117, -22.139809910162565, -21.995545202389675, -21.895415365580224]","[0.1979728552269009, 0.19317360827651023, 0.2025345864185165, 0.18666703081954988, 0.2024196436614231]"
828,"[0.9567769424383286, 0.956526080940772, 0.9570099921173649, 0.9560886120292396, 0.9570045515800191]","[-22.134572199606495, -21.965250922117097, -22.025077323737065, -21.880032967231077, -21.780682106770957]","[0.5357379274672291, 0.5435497189467176, 0.5196007285671648, 0.5499630752166648, 0.5202151961699263]"
829,"[0.9565264454472788, 0.9562056583543348, 0.9566592770174219, 0.9554800772572309, 0.9566602401068315]","[-22.294646147811726, -22.138989309928167, -22.17034608124776, -22.073885111951906, -21.926307066552287]","[0.3770798871181289, 0.38267519630302693, 0.37337781260535063, 0.3889428288249148, 0.3735342812360843]"
830,"[0.9586651780446812, 0.958354840912081, 0.959117573352598, 0.9580091825478901, 0.9591090098534006]","[-22.32573482151415, -22.16948240917902, -22.201340702972132, -22.102521544760258, -21.95731247435043]","[0.19201937562580537, 0.19303663069527918, 0.19125567220250184, 0.1972941317313421, 0.19124784736850423]"
831,"[0.91703538830172, 0.9167715707456247, 0.9172905045274252, 0.9164195047176401, 0.9172821890559619]","[-20.90841018778465, -20.732421537176485, -20.80467627098009, -20.63569209561954, -20.56016146462037]","[0.6866496330888799, 0.6736061923812415, 0.7041675208826527, 0.6598809621122377, 0.703851809858589]"
832,"[0.9223195001422869, 0.9219963571474323, 0.9222932196339669, 0.9216364013022521, 0.9223002962665862]","[-20.119064927822823, -19.916784083512947, -20.046530254052428, -19.785173989852144, -19.801223541038723]","[0.446935437282642, 0.4556518960926511, 0.4356336767913719, 0.464958472670131, 0.43593294610627276]"
833,"[0.9574212123400478, 0.9573312187057904, 0.9575764041902458, 0.9569678428496698, 0.9575738249093323]","[-22.091814320394654, -21.946675710376304, -21.951244442912785, -21.890472675485537, -21.707668675847977]","[0.5233553181753412, 0.5197519947060497, 0.5252219573476098, 0.5171499270789107, 0.525263470132784]"
834,"[0.9587351509421804, 0.9584424631709665, 0.9590987834232515, 0.9580541754318944, 0.9590861780278436]","[-21.529025381215757, -21.49048799209851, -21.26712537961354, -21.578819702349463, -21.02655639967295]","[0.7040925559124717, 0.646669240076916, 0.764640538038416, 0.5531203806233326, 0.7631732924407071]"
835,"[0.9519703561176583, 0.9520365219511094, 0.9519236075256506, 0.9519422248096544, 0.9519267644406384]","[-22.437613621559528, -22.261224359989914, -22.337284827399472, -22.167538742655836, -22.092647480320426]","[0.4952570612011286, 0.4926993783498555, 0.4959864834261892, 0.48792898555486075, 0.4959508249453937]"
836,"[0.9545689682252525, 0.9544461299488545, 0.9546232685586579, 0.9542977721273086, 0.9546226034157148]","[-22.072919022642917, -21.909884727207686, -21.957417073175492, -21.834927557324896, -21.713160979241056]","[0.38935307798088775, 0.3840421993309558, 0.39547470522257966, 0.3722058124999051, 0.3953216805604134]"
837,"[0.9582185547781612, 0.9578366159489023, 0.958633623813374, 0.957393035447996, 0.9586275785818764]","[-22.195295367426155, -22.026120164792363, -22.086739764990188, -21.94248760050018, -21.842301944713082]","[0.24933391862769191, 0.24987841840391992, 0.24833860413203962, 0.25048873326993015, 0.24836630589175737]"
838,"[0.9422579508294853, 0.9420697852566293, 0.942465805150101, 0.9419378940686167, 0.9424587991107061]","[-20.617249238307643, -20.494846255585067, -20.442159244642035, -20.45736974582007, -20.19954927231484]","[0.581104709842701, 0.5359844890678143, 0.595251431985633, 0.47074626255222085, 0.5956248961582177]"
839,"[0.9571340971422592, 0.9570384818390243, 0.957029844817496, 0.9567185640903619, 0.957034964972736]","[-21.405296769691592, -21.33324797043977, -21.181797707395525, -21.3777332448423, -20.94027990622872]","[0.1695420441433656, 0.16451721549918233, 0.17400932381392487, 0.15513013117418833, 0.1739108119366744]"
840,"[0.9520967044783608, 0.9516161452920487, 0.952418438226816, 0.9507041970547219, 0.9524120106325487]","[-22.31330220495188, -22.147001465434492, -22.20107997628906, -22.066935550135252, -21.95673934795608]","[0.39098801067557154, 0.38886264321209213, 0.3943077913946889, 0.3873897583546949, 0.3942094942111176]"
841,"[0.9548975995695715, 0.9549059533831465, 0.9548956528348154, 0.9546252943419681, 0.9548972424505539]","[-22.442461680681276, -22.264926040218793, -22.342345815689413, -22.168287428759815, -22.097714401004975]","[0.19533230280427077, 0.20014544190525776, 0.1911964551655607, 0.20649197271373598, 0.19130945521605144]"
842,"[0.9575892362641452, 0.9576348503312814, 0.9574659371774795, 0.9573304006652276, 0.9574737473517373]","[-22.41025389968797, -22.243001415003945, -22.298191203005654, -22.160453408699524, -22.05385849725428]","[0.2357183494439203, 0.23727230385678533, 0.23379479398473563, 0.24237591123493515, 0.23383392086761368]"
843,"[0.9541555853350374, 0.9538735027938079, 0.9545392939472749, 0.9531215055558453, 0.9545320151122102]","[-21.15026487394739, -20.97628942960243, -21.050503877559898, -20.890066616406692, -20.80580020316716]","[0.49071372623461124, 0.4889986954367283, 0.4921448873508588, 0.48637837217925106, 0.4921087126304274]"
844,"[0.9134081277067414, 0.9131176808790086, 0.9136919087030481, 0.9127411717410681, 0.9136841159670808]","[-21.247741429068615, -21.07361106395553, -21.144959022731435, -20.983227928911646, -20.900378435862883]","[0.20603068936228666, 0.2065766455031787, 0.2054885129652898, 0.2074614671702457, 0.20550140304411443]"
845,"[0.9547215727211653, 0.9545068783035013, 0.9548303895587908, 0.954221113945685, 0.9548330269162036]","[-22.230134817445457, -22.062200579864196, -22.11980744889484, -21.979879923229674, -21.87542327005493]","[0.5635169396941869, 0.5450754074339047, 0.5904115958268078, 0.5223749292682486, 0.5897050386621105]"
846,"[0.9553017509242588, 0.9551714309051437, 0.9552915445816147, 0.9548938605896089, 0.9552918895015059]","[-22.32810561765065, -22.162909186420375, -22.215536443466142, -22.0855499047619, -21.971191254055693]","[0.3593934642280729, 0.35577628654918547, 0.3733187268618427, 0.35126193169436604, 0.37293482763530833]"
847,"[0.954701156327518, 0.9544578484012078, 0.9548972039857279, 0.9538558912727189, 0.9548939756527108]","[-22.381250358679385, -22.22100325771989, -22.262373746436403, -22.149711941911608, -22.018195643888234]","[0.3916712135788098, 0.39142276791385355, 0.393209751034128, 0.3913543191571002, 0.39316325924785017]"
848,"[0.9593706222446454, 0.9597919984164545, 0.9587765274615984, 0.9601693603423841, 0.9587967737198553]","[-22.256656129122007, -22.075413434690105, -22.160676799489842, -21.973544721984187, -21.915942558688045]","[0.2665843424350888, 0.27250910030352954, 0.25985720536557017, 0.2824241221481388, 0.2600335175309791]"
849,"[0.9550397399626115, 0.9546531137323607, 0.9552968537160655, 0.9540164324971728, 0.9552967986314194]","[-21.62318364717521, -21.45723061814617, -21.513985542145562, -21.381984003977774, -21.26952011726898]","[0.8590716375169113, 0.849792721444724, 0.8666801843859733, 0.8383565955762753, 0.8665573923818782]"
850,"[0.9598983837190227, 0.9596377949959365, 0.9600170244068118, 0.9591180864910352, 0.9600174844325764]","[-22.24396670522776, -22.069132261015106, -22.143535623734454, -21.979680047211716, -21.898870379040645]","[0.3132700856551812, 0.3124724769275997, 0.31838675573488195, 0.3125400618181699, 0.3182232267545311]"
851,"[0.9560360315046784, 0.9553756894374957, 0.9567473161924858, 0.9544679357804072, 0.9567327372947891]","[-22.485605568593336, -22.31837022413275, -22.374503807953964, -22.23704227408198, -22.130139612791414]","[0.36494935896290376, 0.3679670930632278, 0.3613213430802073, 0.3753587298828837, 0.3614094656529946]"
852,"[0.9515557580945596, 0.9515680172436859, 0.9513692652747856, 0.9514309727495244, 0.9513767079774201]","[-22.692293439903835, -22.513298278169913, -22.593187969301567, -22.413879823696266, -22.34854038301901]","[0.20233680173414595, 0.20123291518618366, 0.20521277614518757, 0.19708787200095065, 0.20514856454764507]"
853,"[0.958848521906239, 0.9587268261938853, 0.9588221992562136, 0.958419647593177, 0.9588265662589891]","[-22.14693590107768, -21.978604456618346, -22.03786207566351, -21.8967461428992, -21.79343228922161]","[0.3707249751076927, 0.37264188194518416, 0.36861993988327435, 0.378548023410933, 0.3686843797931758]"
854,"[0.9366621320603022, 0.9355682836995589, 0.9380353937709506, 0.9341808552497038, 0.9379982006504625]","[-20.067065006845414, -19.862357557855262, -19.989830897308956, -19.719166397005512, -19.74475231989461]","[0.7347717396192128, 0.741215502732236, 0.7273882347046474, 0.7513654032894161, 0.7275731025415001]"
855,"[0.9575982348225722, 0.9575335328881087, 0.9574752708274202, 0.9573336135875468, 0.9574810854557876]","[-22.144963287582534, -21.976977956349458, -22.035274234351753, -21.89532220098595, -21.790861518032056]","[0.40220403890865625, 0.39331059652315514, 0.41217964833432585, 0.38028407816058424, 0.4119289998380315]"
856,"[0.9569817414020624, 0.9571837963019818, 0.9566947543575895, 0.9572554359726823, 0.9567042303146239]","[-22.02526194622293, -21.851196311224903, -21.92168343031956, -21.76000273058341, -21.67712954447848]","[0.268845502918664, 0.269609009154534, 0.27272968906477824, 0.28858799840865984, 0.272638108742817]"
857,"[0.9625691313920798, 0.9625333785655106, 0.9623919531754727, 0.962398541960517, 0.9623996211851995]","[-21.764135431733443, -21.59123492588752, -21.661507130524683, -21.50451478397067, -21.416903773892773]","[0.4950146280906193, 0.5047113515896504, 0.4869878339898054, 0.5199952743171959, 0.4870438202430216]"
858,"[0.9582657716470548, 0.9582350126480057, 0.958018755999853, 0.9581103499095498, 0.9580272524485145]","[-21.91674601309942, -21.741752998710126, -21.81706390056322, -21.652787930445516, -21.57238200331636]","[0.29471507301650435, 0.2932123653789516, 0.29521532358144426, 0.2906457726041629, 0.29521420233392337]"
859,"[0.9537723410636524, 0.9535892212264102, 0.9538443575525366, 0.9533191635941294, 0.9538454790425336]","[-22.313181940519947, -22.148756386868968, -22.19736098037584, -22.069456364073123, -21.95313655434728]","[0.2593111655865677, 0.26132699139971594, 0.2571398565360018, 0.2643941175868381, 0.25718115883641285]"
860,"[0.9561813482917803, 0.955921466038836, 0.9563753839953406, 0.9554483296137306, 0.9563756250153648]","[-21.885845489435013, -21.72184555491107, -21.772934606807798, -21.647472190472566, -21.52858569733587]","[0.6185438734859688, 0.6216602831678623, 0.6138489535199234, 0.6250316810965504, 0.6139810793335294]"
861,"[0.955354197043599, 0.9551294557058634, 0.9554193299602098, 0.9547472057891161, 0.9554231956184713]","[-21.953217430546328, -21.78220663218545, -21.847989190381476, -21.697584678808724, -21.603452127478388]","[0.6905473693104265, 0.6957633246695005, 0.6799812534580001, 0.7031983278561306, 0.6802482058295476]"
862,"[0.9534850459118035, 0.9532739667737212, 0.953543567719357, 0.9528222166113454, 0.9535413438329761]","[-22.235495162554066, -22.074419300816096, -22.118078656684265, -22.00263913129534, -21.873858112611412]","[0.38289991251256567, 0.3795612403627598, 0.38760809243812044, 0.37845905849769945, 0.3874651178177851]"
863,"[0.9556375385678242, 0.9554959213395079, 0.9558177188313053, 0.9554796848370487, 0.9558156305045117]","[-22.243401182831253, -22.074343356687557, -22.133798290149397, -21.989727655025337, -21.889399083364506]","[0.43176388049889375, 0.42817545522295897, 0.43600079986130896, 0.4237915099777665, 0.4358998812381109]"
864,"[0.9565672583792741, 0.95673024429925, 0.9561922353071577, 0.9567232190043182, 0.9562045618146862]","[-22.141043315571785, -21.952111172349085, -22.055586996013666, -21.84159026916391, -21.81057261382554]","[0.19849473472501644, 0.1994063044091609, 0.19712299267343664, 0.20007401317270243, 0.19715582782779356]"
865,"[0.9522270685563722, 0.9523313702019853, 0.9520279828982452, 0.9522221787404189, 0.9520368314996575]","[-22.170354602649333, -22.017989771710205, -22.04217532704848, -21.95731196104915, -21.798231779752186]","[0.4326710883119412, 0.42859057159132596, 0.4376179516676349, 0.42253450456737224, 0.43747713602239935]"
866,"[0.9536443627104721, 0.9536090119233824, 0.9535711759029769, 0.953390397063054, 0.9535749617411022]","[-22.28469228664342, -22.122371710507476, -22.16808734659627, -22.04807415260992, -21.92386087786083]","[0.2706317899791832, 0.265326431745981, 0.27689038606725863, 0.2579457063312563, 0.27672773697275255]"
867,"[0.9565838996920013, 0.9565908337999635, 0.9565725524720922, 0.9563653712269109, 0.9565758193501285]","[-22.23509142657045, -22.065681314329545, -22.12628852932827, -21.981103038215227, -21.88186506532531]","[0.4507314596513352, 0.4683985122277275, 0.430403113753707, 0.4923721534541463, 0.43090686242852627]"
868,"[0.9480765282477954, 0.9476284047581978, 0.9483405522250757, 0.9469382783490069, 0.9483367934041702]","[-22.51717275438629, -22.347985724366804, -22.407822834546042, -22.263332506854614, -22.163417043126923]","[0.2643248016516572, 0.26417980690089904, 0.2637277098703652, 0.2631198169572068, 0.2637446372000661]"
869,"[0.954604384634559, 0.9544587740959581, 0.9546723644162466, 0.9542447494130429, 0.9546768243326974]","[-22.404912561484394, -22.231368764102456, -22.30018248486515, -22.140261051519232, -22.055670449549226]","[0.3463773868517387, 0.3456218274791436, 0.3478924718086427, 0.3435592660890625, 0.3478506896397722]"
870,"[0.9558125616537101, 0.9555168901169699, 0.9559130172635866, 0.9550287898310501, 0.9559152465173183]","[-22.323589022116813, -22.156701942618938, -22.211932768352508, -22.07570486583766, -21.967586648152412]","[0.3050277298704848, 0.31615976105818105, 0.29172854448455776, 0.3285539143020552, 0.292060007339117]"
871,"[0.9518203857456732, 0.9514409818714096, 0.9522143817898852, 0.9507943366147272, 0.9522049810684575]","[-21.968217645597864, -21.80293763020059, -21.85748471669303, -21.7276361384616, -21.61307495731342]","[0.723605101978835, 0.7329006558077944, 0.7126359010316864, 0.7435801093952094, 0.7129326013200319]"
872,"[0.9546073933498711, 0.9545277712851827, 0.9546846432243314, 0.9544252879489445, 0.954685431601271]","[-22.321046196609803, -22.152077849698006, -22.210231074159367, -22.066268705706065, -21.965882107251147]","[0.2739445738456519, 0.26534053616604175, 0.291564459068523, 0.25430743035143266, 0.29112098773080763]"
873,"[0.9556313192546506, 0.955533705053203, 0.9557541517664471, 0.9552569061233741, 0.9557565974599663]","[-22.24552424191605, -22.069628916444266, -22.144345030240043, -21.976268326966437, -21.899730390198602]","[0.3701407372067278, 0.36389610652845605, 0.37776509615170517, 0.355092994838922, 0.37760288086154475]"
874,"[0.950828982625167, 0.9507073932901675, 0.9509326947109668, 0.9504721155366813, 0.9509268620150748]","[-22.575937935470574, -22.40884500131217, -22.46479784480477, -22.32790135833277, -22.22043228557349]","[0.29747095432290327, 0.30280528431615567, 0.2939977939385158, 0.3113652426883542, 0.2940790336615513]"
875,"[0.9530392232485332, 0.9529177903704649, 0.952977618370678, 0.9526338881884048, 0.952984743593769]","[-22.46591697758237, -22.31290111801949, -22.33681019688231, -22.24912119147652, -22.092917173613756]","[0.3193950508970221, 0.3236353017153687, 0.3354355518995398, 0.3277936798491779, 0.3349795840275804]"
876,"[0.9571367915883995, 0.957037093910504, 0.9570699062467893, 0.9567982993042747, 0.957076235359929]","[-21.95926851442885, -21.79907540563987, -21.841211258323185, -21.729034023624408, -21.59700214844032]","[0.6821834113195151, 0.6666878953252094, 0.7007354205067475, 0.6456089463131526, 0.7002974764672963]"
877,"[0.9558313876196033, 0.9558958238215153, 0.9557093121025407, 0.9560073444272594, 0.9557100332346306]","[-22.440624083156372, -22.268613674446545, -22.334470038678916, -22.18002293080929, -22.089982964446826]","[0.35125846502351976, 0.35887774222794705, 0.3442132339378889, 0.36856742658148317, 0.34439067355202535]"
878,"[0.9574038079323506, 0.9571185245859875, 0.9575979582621883, 0.956710757226686, 0.9575948299117166]","[-22.099493169401416, -21.93482663791619, -21.98656279411956, -21.858543780939872, -21.742227335022637]","[0.34489077724239864, 0.3440910842426491, 0.3455669105520174, 0.3428875443656698, 0.3455551532312564]"
879,"[0.9542306936537022, 0.9543000434792877, 0.9541633172885026, 0.9541490374337809, 0.9541681786728534]","[-22.220497661846423, -22.061601688993896, -22.098949698127782, -21.990727863493618, -21.85485794639599]","[0.373602601776009, 0.377515590168356, 0.36945193759711803, 0.38346663233863265, 0.36954651467524086]"
880,"[0.9568191386416564, 0.9567202949903962, 0.9567478404437464, 0.9564013184383148, 0.9567533865014789]","[-21.615242951356983, -21.361161765513756, -21.589398386280667, -21.147583929499774, -21.34314809474827]","[0.702860313008463, 0.7295156203239346, 0.6984031556425286, 0.7711066305397435, 0.698632503956693]"
881,"[0.9465023655723216, 0.9464905351144126, 0.9464504737514148, 0.9463131814135606, 0.9464497732681891]","[-22.633878617624045, -22.44450556526345, -22.542156908542385, -22.32552238479479, -22.297391775229357]","[0.3098368182117363, 0.3146351455236996, 0.27489223868749174, 0.29115272787690843, 0.27593572757622287]"
882,"[0.9511836001023549, 0.9510449395227519, 0.9513133789498125, 0.9506882255333421, 0.9513143717146163]","[-22.59628021157126, -22.430394053502937, -22.48343967832362, -22.350694424554835, -22.239119233132932]","[0.4028727605975485, 0.4057737578736612, 0.3994358759308738, 0.40929786732522067, 0.3995587587401572]"
883,"[0.9597198770022631, 0.959251181100798, 0.9600625372099421, 0.958531264190061, 0.9600552475360772]","[-22.29339415645971, -22.1254255325857, -22.183301338902655, -22.04328463496302, -21.93890605044489]","[0.5329357882175728, 0.5381301052189691, 0.5242680254899463, 0.5422427520577214, 0.5244998819118791]"
884,"[0.9554162756690795, 0.9551869449355735, 0.955580314412645, 0.954517902795916, 0.9555743186134311]","[-21.995293542667937, -21.8315575177501, -21.882170530855085, -21.757660384687547, -21.637828289084275]","[0.4159203143287624, 0.4060286588043926, 0.42799559911236323, 0.3976497894410022, 0.4276851922994688]"
885,"[0.9541039167438683, 0.9540813632297515, 0.9540701845041691, 0.9537374929761504, 0.9540735746007697]","[-22.38150405269832, -22.21271977787982, -22.27178440630657, -22.12873952035054, -22.027396546808205]","[0.3403453797548853, 0.3366469740854544, 0.34643898393257017, 0.33196926473773564, 0.3462744546306881]"
886,"[0.9528342952131008, 0.9528710152712297, 0.952749035581563, 0.952711408376259, 0.9527554197674867]","[-22.260544869240107, -22.09796216426787, -22.144586111448536, -22.023718527564547, -21.90032186136816]","[0.3804998792518706, 0.3814352658020623, 0.37957497188577805, 0.38206236643749353, 0.37956950114535815]"
887,"[0.955211718659011, 0.955091412723786, 0.9553377972302961, 0.954707998423996, 0.9553340945482494]","[-22.118752572672204, -21.95437544245726, -22.004864123863207, -21.877656875257504, -21.760554899290483]","[0.5001474889012116, 0.4951043179017366, 0.5023513665641427, 0.48813688470731903, 0.5023377857558166]"
888,"[0.9535387852303098, 0.9532274806725357, 0.95376263816497, 0.9526655883334485, 0.9537574849983121]","[-21.934432232607666, -21.77157624445728, -21.820253128977086, -21.69884818997037, -21.575932109858478]","[0.40323201775499373, 0.39738214870512006, 0.4101320583011139, 0.3897197992281439, 0.4101875818034701]"
889,"[0.9549923968951235, 0.9546073337921448, 0.9553687358583952, 0.9539963226267061, 0.9553653686620593]","[-22.08107033780525, -21.927731774667663, -21.954860712994826, -21.866838844371816, -21.710864751683616]","[0.7934562058715415, 0.7949170820677606, 0.792723483215705, 0.7963811778506691, 0.7927117982505935]"
890,"[0.9522448295097438, 0.951743565769299, 0.952633760793577, 0.9508616034962085, 0.9526247707958898]","[-21.71634148512719, -21.554937167911454, -21.601936993431785, -21.486088863633352, -21.35760491943393]","[0.7869394336206396, 0.7790491510304295, 0.7923646769365039, 0.7682613956931906, 0.7922407494183248]"
891,"[0.9473490722673676, 0.9469548311199077, 0.9477180241640748, 0.9463582685551466, 0.9477105311339691]","[-21.84050633828318, -21.682334914069255, -21.721589045825667, -21.617010713894647, -21.477382089728945]","[0.3847680564699406, 0.3860498193505997, 0.38341950434058636, 0.3880433506638683, 0.38345512288214395]"
892,"[0.9504698374140209, 0.9501561636800808, 0.9507999556222029, 0.9495026932873254, 0.950793752406009]","[-22.551397669153015, -22.387138847881285, -22.435546109520914, -22.308286576130683, -22.1913142850591]","[0.422143614570963, 0.42976572461505635, 0.4131837494343464, 0.43966496953886847, 0.41341350214589795]"
893,"[0.9545864446911233, 0.9539093189934283, 0.9551005899575574, 0.9530019543731318, 0.9550897580143389]","[-22.392644600653828, -22.22189751132629, -22.285191712311885, -22.135256415513616, -22.040738081125827]","[0.6479957907066104, 0.646812622733464, 0.6454465945244575, 0.6447209286929343, 0.6455568611752168]"
894,"[0.9531141430280226, 0.9526566522536112, 0.9534159694932777, 0.9518394377320701, 0.9534101854936933]","[-22.367122674335484, -22.202193614488902, -22.253820133931246, -22.12468016899667, -22.0095023220947]","[0.3395566572811879, 0.3408226679101009, 0.33756432437613215, 0.3419711024945691, 0.3376289384558494]"
895,"[0.9569970657487815, 0.9568809398318804, 0.957096857652633, 0.9565683812225284, 0.9570953822411525]","[-22.131009762351066, -21.962673597657396, -22.02189437700075, -21.880733955329745, -21.77746468992401]","[0.5635759285113193, 0.5897533293958014, 0.5362798010222166, 0.6122227579894932, 0.5368558229636226]"
896,"[0.9281845801594433, 0.9256302260665753, 0.9309511449846927, 0.9225413376879228, 0.9308816431571103]","[-19.967542391304427, -19.810658737347367, -19.842077374827085, -19.74048723582013, -19.59810116484894]","[1.247283067925906, 1.2212707012407369, 1.2704035954261654, 1.1849310849154895, 1.2698133781976886]"
897,"[0.9444572767498094, 0.9441219899287635, 0.9448711609564431, 0.9438273250086464, 0.9448654288424518]","[-20.28515893765465, -20.163804374730244, -20.111813037433556, -20.132050063668217, -19.869123230950642]","[0.656492821268873, 0.6593308296843692, 0.655305217022233, 0.6595865667160232, 0.6549540039022529]"
898,"[0.9496132191893969, 0.9495313320028621, 0.949507158082891, 0.9490662603196687, 0.9495124126289074]","[-22.476750888976856, -22.30753644109839, -22.366684663331686, -22.221891335745507, -22.122303441660392]","[0.1318404397677498, 0.12668395181373773, 0.13808401419335992, 0.11982480999453624, 0.13792575122306003]"
899,"[0.9545368634645884, 0.9544471402331807, 0.9546313690558599, 0.9542384294622377, 0.9546329936655688]","[-22.05595048746038, -21.896113844970223, -21.937286125470955, -21.826304963154456, -21.693099278288773]","[0.3953757356044544, 0.402258777618232, 0.3878381129950452, 0.4123576575231705, 0.38797559690766215]"
900,"[0.9564430968158829, 0.9565633517097039, 0.956155508282228, 0.9565062961302814, 0.9561634650452498]","[-21.933421981186182, -21.774767707813222, -21.812280377956068, -21.70514407799939, -21.568170984374827]","[0.4659464244141006, 0.4545791645095494, 0.47974225596868236, 0.4383301789109813, 0.47938789505585133]"
901,"[0.9547971177348654, 0.9546796404161748, 0.9546257279195569, 0.9542612637365882, 0.9546313030254213]","[-22.029489108881542, -21.864755233125084, -21.917202089187004, -21.78904866677217, -21.672841981631898]","[0.28423574081328734, 0.27492886652452353, 0.2952247905334384, 0.2623501904459909, 0.29499002107359773]"
902,"[0.9529688892201509, 0.9526799288733722, 0.9532826476155531, 0.9523201184974862, 0.9532793957543857]","[-22.363402965235295, -22.202886419242255, -22.242820621500556, -22.12863778533014, -21.998710893635266]","[0.1532822836430686, 0.15457047554171446, 0.15469109306526566, 0.15730743993876986, 0.15462703229863226]"
903,"[0.9510592466382696, 0.9507639099853603, 0.9512502716368054, 0.9503325525058215, 0.9512484984669823]","[-21.106649434446222, -20.931753496278823, -21.0061899361151, -20.842083382335712, -20.761534335844114]","[0.7352921844740641, 0.7599350116561963, 0.7057560403337542, 0.7953941363749717, 0.7064851283487356]"
904,"[0.9546014019325556, 0.9545380503409422, 0.9547079230617591, 0.9542141339429397, 0.9547070549298009]","[-21.41725534860581, -21.189981327309646, -21.376474267581738, -21.027462895157424, -21.130330410093926]","[0.21993707907489243, 0.2195802606780054, 0.22045047862812453, 0.21918765998864476, 0.22043609193879407]"
905,"[0.9560999598057729, 0.956726237566005, 0.955386571713929, 0.9574597014372378, 0.9554082225536974]","[-22.21630137540042, -22.03117482796347, -22.126708607565657, -21.926237521581978, -21.88179804314985]","[0.40939075513057666, 0.42380270025876965, 0.3928067070994103, 0.4441718988271522, 0.3932100652265811]"
906,"[0.9563089504600973, 0.9560270580754432, 0.9566602652924422, 0.9556598494683999, 0.9566536910336105]","[-21.930679863412063, -21.765278408811856, -21.819244311835064, -21.688794919474514, -21.574864336276526]","[0.7424541451463121, 0.7498003946672365, 0.7323705488524545, 0.7598330435777928, 0.7326618993324745]"
907,"[0.9559948433287194, 0.9559316338411447, 0.9559548766656508, 0.9556885786232022, 0.955960014505951]","[-22.110219102126543, -21.938715658551697, -22.00330775781651, -21.850637952307263, -21.758844174720256]","[0.43494599284238067, 0.43009064209930675, 0.44083636396422665, 0.4235924046288734, 0.44067828281338256]"
908,"[0.955482536247205, 0.9553090171362589, 0.9554529233100202, 0.9545863197316414, 0.955452890153257]","[-22.431487704593316, -22.26802984003085, -22.316289554274732, -22.19226159779633, -22.07201599005459]","[0.3038101298417621, 0.30416538854999614, 0.30362913502741534, 0.3049151870563899, 0.3036228656038636]"
909,"[0.955631723788342, 0.955818688420512, 0.9553498121350517, 0.9557427548336532, 0.9553623349637982]","[-22.222009934195345, -22.05078097862926, -22.116476193729387, -21.965151547234765, -21.871955084574513]","[0.48377887780682255, 0.4925395013347669, 0.47326864186977524, 0.5036474914636435, 0.47353463091340237]"
910,"[0.9582399681482786, 0.9582171882777719, 0.95817610293042, 0.9579340841445528, 0.9581777604906487]","[-22.31149904267378, -22.141435957485346, -22.203858932083897, -22.056470589575294, -21.959400715769796]","[0.24152619465670244, 0.2330387042620532, 0.2517206464274219, 0.23603976389676545, 0.25146731299408637]"
911,"[0.9584479316999166, 0.9583007645087569, 0.9583905224435025, 0.9578684629873573, 0.9583956419393221]","[-22.412891789037587, -22.24386499020987, -22.302304342926504, -22.15812825165909, -22.057940291683718]","[0.28531108501785896, 0.28286716905599313, 0.28866125965548733, 0.2795132387587535, 0.2885722171813466]"
912,"[0.950980841705994, 0.9507605018131164, 0.9510581358856709, 0.9504189783929521, 0.9510559069244169]","[-22.47991303729069, -22.334876093461634, -22.341664654867714, -22.282140645390747, -22.09800481671241]","[0.33520723758073806, 0.3346072229357738, 0.3400192276405545, 0.3343919578192509, 0.3398936487536113]"
913,"[0.9574211556787537, 0.9572272910437821, 0.9574879980971528, 0.9568289008364153, 0.9574854774088876]","[-22.04050198433388, -21.875294844168963, -21.927206195461704, -21.796982234902128, -21.68289096378701]","[0.5127642617588695, 0.509388306319702, 0.5155454332191047, 0.501324711793055, 0.5154558326310623]"
914,"[0.9547612422139996, 0.9545210812995363, 0.9549572949760771, 0.9539552008148053, 0.9549520014601394]","[-21.8442385423651, -21.685674865234247, -21.724511038868613, -21.618129970583766, -21.480342825698536]","[0.31192296428611416, 0.30919048668169674, 0.31514122779769077, 0.30549963084526743, 0.31506143776899476]"
915,"[0.9502305321345994, 0.9500242189985614, 0.9504127934687975, 0.9496536291982284, 0.950411246393666]","[-22.458155768025783, -22.325510545915748, -22.304468423886313, -22.28814376169197, -22.061203539585836]","[0.16610399103794118, 0.15923549825768563, 0.1738405708046371, 0.15112087381632563, 0.17364665416662917]"
916,"[0.9484253449495204, 0.9480952628284116, 0.9488223069542174, 0.9473574257183984, 0.9488169796506631]","[-22.48445361180959, -22.309990440914376, -22.38280494337233, -22.220081624806305, -22.138188090657994]","[0.2054598114696659, 0.20306962157279124, 0.20898090458344584, 0.19984604136348602, 0.2088604720660192]"
917,"[0.9527495767436596, 0.9524913274921173, 0.9526563824804427, 0.9518110642569244, 0.9526623822406389]","[-22.256669898997817, -22.08771819260826, -22.149484482889395, -22.006469746346, -21.904987646068225]","[0.4715541344510914, 0.4612496585505342, 0.48306673330963507, 0.4470437300622989, 0.48276636715491666]"
918,"[0.9542976127729866, 0.9541991985864203, 0.954366553733247, 0.9539237079038108, 0.9543624156640654]","[-22.341627372504895, -22.172037414522244, -22.23382072809954, -22.08823735064129, -21.989357494744862]","[0.36356599883704505, 0.3709565538101488, 0.35478719055388475, 0.3820557969594833, 0.35501636745051557]"
919,"[0.9542728354616243, 0.954501571008174, 0.9539481824758401, 0.9545924771197003, 0.953958944748504]","[-22.266711546923176, -22.096426019941553, -22.159412335753196, -22.011243121015735, -21.914940828015187]","[0.3122504022472969, 0.30051203050882025, 0.3263243692411725, 0.28479298017561544, 0.3260235947929615]"
920,"[0.9524183060420848, 0.9525959947958077, 0.9520356579904548, 0.9523803604443837, 0.9520478480279145]","[-22.13380948727853, -21.961767447139973, -22.029866767437777, -21.87582444945932, -21.785295591211547]","[0.47034338971749656, 0.4669671593196822, 0.4742672295992302, 0.46105290428285445, 0.4741712299103126]"
921,"[0.9582188533184568, 0.9580901513257291, 0.9581703933429924, 0.957819857389054, 0.9581723456951138]","[-21.78004546287181, -21.61221469050182, -21.671333744600485, -21.532219987130656, -21.426883835957867]","[0.6354459248433725, 0.6247840941744068, 0.6481846405815036, 0.6105654481499391, 0.6478656552868856]"
922,"[0.9538987291697066, 0.9540436931761218, 0.9538453021023885, 0.9541557811729011, 0.9538434366479084]","[-22.08797598563423, -21.918583850943445, -21.980914555527082, -21.83624522837854, -21.73642263585621]","[0.4686512206268658, 0.4800928080700521, 0.4555425291536446, 0.4963604783554058, 0.455872375269566]"
923,"[0.9536703092171943, 0.9537400305103264, 0.9534569484553691, 0.9535757977921665, 0.9534652782448519]","[-22.21585553819201, -22.0447953393976, -22.109642629526846, -21.95882394081511, -21.865146554031867]","[0.5336709871211759, 0.5510545104466104, 0.5170016587500385, 0.5771776321850958, 0.5173864934124099]"
924,"[0.9566674518633264, 0.956493687962285, 0.956776178597763, 0.956086367907435, 0.9567788844108822]","[-22.093631054706922, -21.930253297835005, -21.97973350402222, -21.856385545552893, -21.735413408413393]","[0.3963740284558924, 0.3889421920295617, 0.4050052795345184, 0.3786119467030992, 0.4047863509958657]"
925,"[0.9567398765499128, 0.9568515403105936, 0.9563753226747258, 0.9567276376285808, 0.956390247091623]","[-22.010745439515617, -21.84287682339, -21.902309354294893, -21.763121734605548, -21.657843910723596]","[0.31975070685302154, 0.31576257468000335, 0.3242580120620135, 0.30991703731609865, 0.3241447680810582]"
926,"[0.9498918014684423, 0.9495502183842567, 0.9502561224081171, 0.9489339787791174, 0.9502520093911873]","[-22.314241331059687, -22.13961300082013, -22.211764177727723, -22.048233697292453, -21.967174106226302]","[0.26797855017825106, 0.2816291094087722, 0.25224868412399937, 0.29847714419413424, 0.25259732650019434]"
927,"[0.9554465803652558, 0.9554495794815017, 0.9553889371935407, 0.9552347086108566, 0.9553871507082117]","[-22.186880152255505, -22.015812956743613, -22.0807610422555, -21.9299060764374, -21.836259219553934]","[0.5115435149487814, 0.5150401510175934, 0.5083217465759607, 0.5197967575327226, 0.5084151759182374]"
928,"[0.9383503555201146, 0.937444748950316, 0.9395724597563709, 0.93641535627499, 0.939538884760396]","[-20.22570210111545, -20.032042767233445, -20.14439834291428, -19.91355319252187, -19.89929152910387]","[0.7909118414339767, 0.7877477064500925, 0.7942503417052177, 0.7837630926432008, 0.7941741277749808]"
929,"[0.9540947744402867, 0.9537705817724433, 0.9544177854259083, 0.9530986655382296, 0.9544128053579922]","[-21.698351205055, -21.51990670008655, -21.598951557973688, -21.421646013631783, -21.35430699011175]","[0.24453082139960006, 0.2514743311180099, 0.23694489691335444, 0.26175946324943833, 0.23713208082382076]"
930,"[0.9517942328245028, 0.9512778654356613, 0.9524038916486673, 0.9504070845605989, 0.952391066777761]","[-22.359741571430565, -22.192048857481826, -22.245997302302346, -22.10615505556664, -22.001738057350483]","[0.26654966532709234, 0.2667798872339537, 0.26634626195246724, 0.26714430420817054, 0.2663527525465951]"
931,"[0.9524179283123897, 0.9520669862418221, 0.952743298160059, 0.9513398765065271, 0.9527349155924763]","[-22.3958456063427, -22.227050916234507, -22.283256886077833, -22.139454968209012, -22.038972467798803]","[0.6644586377589821, 0.6609541439247091, 0.6680984659029847, 0.6547837545887174, 0.6680831123241502]"
932,"[0.9528291357694775, 0.9529070543130015, 0.9525993216660648, 0.9528772712142752, 0.9526143470109957]","[-22.08060676275798, -21.913699305298955, -21.968097862024372, -21.831556533733334, -21.723782585868413]","[0.5329409855056688, 0.5414985575582393, 0.52314648097379, 0.5540947721500956, 0.5234038796533508]"
933,"[0.9590173761920455, 0.9585702486154463, 0.9593948418366048, 0.9579773080385471, 0.959392750393739]","[-21.63907380529358, -21.479699430067477, -21.51883360034383, -21.40915728873813, -21.274693694797783]","[0.3018083394128819, 0.29220294051582746, 0.31248068768058285, 0.2808970909786895, 0.31221690296645116]"
934,"[0.957155082471232, 0.9570449173031479, 0.9572124648642104, 0.9568524946469734, 0.9572112915028782]","[-22.046402946580617, -21.868967600856745, -21.947739548927007, -21.774391423065797, -21.703044985440986]","[0.40293972589322763, 0.3968940835345835, 0.4095684828658261, 0.3886937972092898, 0.40943062300427685]"
935,"[0.9523946696621571, 0.9522522357927559, 0.9524533549600895, 0.9518051196126529, 0.9524528170122278]","[-22.207351095496925, -22.032944769350703, -22.104614965632603, -21.94183458408529, -21.860034831292705]","[0.2913377423137959, 0.29198601529904833, 0.2900739432387748, 0.3048799482190805, 0.29012124911668086]"
936,"[0.9524029965993888, 0.9524715269979556, 0.9523507745213237, 0.9527575554621339, 0.9523547050000142]","[-22.037471454256828, -21.870849018932713, -21.923289476067687, -21.787424549598796, -21.679035346194553]","[0.29348195365927743, 0.30521423118053886, 0.28064187559954085, 0.3223105299601735, 0.28095911109014204]"
937,"[0.9545109896123917, 0.9542821147636387, 0.954594754653104, 0.9539029899749574, 0.9545941809266134]","[-22.20035841226359, -22.03814684990438, -22.082746473105406, -21.962842246632356, -21.838547924555165]","[0.27689511848485004, 0.27545956065360305, 0.2849077653568317, 0.2739343648891832, 0.2846782548027196]"
938,"[0.9571290625544672, 0.957227496131606, 0.9568589088045504, 0.9573185478813748, 0.9568681969230046]","[-21.780691378131763, -21.61587152270146, -21.66653415261791, -21.537555448526515, -21.422246681817107]","[0.3291052592512098, 0.33267310072259904, 0.3235757191682022, 0.33784265132539293, 0.32371639276986913]"
939,"[0.9559211226550354, 0.95574848317231, 0.9560803873885619, 0.9555586494639876, 0.9560779521515599]","[-21.79716228243401, -21.63502874216798, -21.67909495833684, -21.559391794295582, -21.43491698760972]","[0.5408656919217245, 0.5463740546653442, 0.5345585425086616, 0.5543271421553292, 0.5347127090617351]"
940,"[0.9546368596886575, 0.9544396197296784, 0.9547662325649126, 0.9539989527510011, 0.9547678746831679]","[-21.994186132962042, -21.828304208435917, -21.8816063892074, -21.748971095042947, -21.637268229368523]","[0.3501995133251288, 0.33775988535452267, 0.35661262215176265, 0.3213352341668386, 0.3564529059325767]"
941,"[0.9551536746070649, 0.9551875776304507, 0.9551031082071721, 0.9550567157001818, 0.9551030811213592]","[-21.917727370564144, -21.756856121261343, -21.798601554074448, -21.68347825194384, -21.554445231727954]","[0.46878897877124476, 0.4607340828892889, 0.47303234186647175, 0.4389624088674769, 0.4729236600129427]"
942,"[0.9550692035079463, 0.9548389167488971, 0.9552544241996741, 0.9546939458300276, 0.9552516163975134]","[-21.682919567057603, -21.521982077539754, -21.56459212631215, -21.449455186939126, -21.32041071288089]","[0.4402738053323815, 0.4430589235304548, 0.43708999887571287, 0.4476343844935843, 0.43716744566279925]"
943,"[0.9578705922549935, 0.9577159676869413, 0.9580053401993345, 0.9574323023856769, 0.9580025367300679]","[-22.020859792886576, -21.860692423312273, -21.90061848576867, -21.787896678607616, -21.656493747367094]","[0.7493626524979956, 0.7434229058383777, 0.7505607386767268, 0.7030389269572271, 0.7506827594387198]"
944,"[0.9574090119157141, 0.9574052074469523, 0.9572192183649133, 0.957062222998166, 0.9572226059736934]","[-21.889895771510407, -21.718600906071746, -21.78533116263338, -21.634008511803216, -21.54077635651389]","[0.32251371757958297, 0.3137331382432374, 0.32893574286733385, 0.30156043676862704, 0.328780472669465]"
945,"[0.9586759793080467, 0.9587764172163782, 0.9584514814431043, 0.9586281884427807, 0.9584600160856466]","[-21.873588164056194, -21.688350517786315, -21.782004348549236, -21.580737068216074, -21.53716006547372]","[0.287668745554546, 0.28774198048982014, 0.28796839132400265, 0.3050391754057771, 0.28795811250641734]"
946,"[0.9494679744712187, 0.9494618186657056, 0.949574710194464, 0.9492906257947785, 0.9495700546563716]","[-20.825308026732433, -20.63186165037023, -20.7441738911658, -20.514138915204665, -20.4990600879397]","[0.6197132876922837, 0.6154674463658572, 0.6165563678397643, 0.6020088680989006, 0.616704579860003]"
947,"[0.9504773483729047, 0.9509454361197202, 0.9497344570087661, 0.9512894143749774, 0.9497513484194109]","[-21.836108187698674, -21.64715928914159, -21.7524795140422, -21.538771362433668, -21.507386221426167]","[0.5166782432822772, 0.5235998427430977, 0.507549502226266, 0.5319767849788718, 0.507788165288447]"
948,"[0.9587849343359811, 0.959013076292645, 0.9583797876353319, 0.9591949833259783, 0.9583913894326294]","[-21.522035063872796, -21.35535154540903, -21.4125585430416, -21.277657863420156, -21.168116041211466]","[0.5418431602817934, 0.5434929559204773, 0.5392112660608311, 0.5421661379963982, 0.5392929326177716]"
949,"[0.9578524178833036, 0.9578367514926588, 0.9577050533704086, 0.9577245991293971, 0.9577079006513424]","[-21.865757151860134, -21.698521866213582, -21.754891282268787, -21.617500922399607, -21.51051204462561]","[0.472209585448485, 0.4834921810916298, 0.45824321660349454, 0.4956307887179294, 0.45859735905213045]"
950,"[0.9566252353304946, 0.9567409353456419, 0.9565128884302088, 0.9568209927254496, 0.9565169294287227]","[-21.914224034777174, -21.731583270968073, -21.821539789606554, -21.629789947629813, -21.576693912511256]","[0.39708144523270356, 0.4155175307373593, 0.3820643971967479, 0.441718061806771, 0.38238837139375953]"
951,"[0.9565017376500706, 0.9567524521993429, 0.9561423690315399, 0.9571133126797523, 0.9561557139558005]","[-21.643865732027297, -21.47511142369732, -21.53685980053531, -21.394632747979472, -21.292353647715327]","[0.2431269060723117, 0.24439767392944717, 0.2416732542989801, 0.24621591998741532, 0.2417058943671048]"
952,"[0.9581262195574145, 0.9582790907326171, 0.9578674149451771, 0.9584123999797612, 0.9578783566808904]","[-21.527256700957448, -21.34847338170085, -21.431721973785407, -21.253965243008103, -21.186932212152772]","[0.4099275490968729, 0.40584489170015925, 0.41314484620345826, 0.3992169698696921, 0.4130724927959237]"
953,"[0.9573291032160519, 0.957721100280442, 0.956963100497245, 0.9582747143058734, 0.9569756406546281]","[-22.02788470770502, -21.840901636765132, -21.938697754770548, -21.73133934511138, -21.693789739670294]","[0.3744667990540239, 0.36637478945393265, 0.3851970406529527, 0.36083669409561353, 0.38491885276491883]"
954,"[0.9586222222860359, 0.9585668349532066, 0.9586662997633967, 0.9584306037205995, 0.9586701924884106]","[-21.59454940705525, -21.418350811460517, -21.495402408433048, -21.326655876062684, -21.250709703592726]","[0.3938463633188353, 0.4008210056836506, 0.38581292045361354, 0.404072476447016, 0.38601521046719756]"
955,"[0.9588181880165001, 0.9588332685883524, 0.9586957200131846, 0.9586065197450537, 0.9587018109695105]","[-21.566297546683124, -21.403912206811555, -21.45102608514234, -21.331118812597232, -21.20674443177504]","[0.27870676934732425, 0.2777424622219512, 0.2800893366770878, 0.2766896049717987, 0.2800418101954739]"
956,"[0.9597065038009562, 0.959961664584961, 0.9592670065912379, 0.960102102978361, 0.959281992944127]","[-21.766835059455428, -21.594594040702706, -21.66271065493037, -21.507872023860987, -21.41814773382375]","[0.49581241857203645, 0.4979392645742768, 0.4937957989813545, 0.5034732224693989, 0.49382921236456573]"
957,"[0.9592766411406171, 0.9597666973648232, 0.9586404374428094, 0.9601208431397418, 0.9586548982165578]","[-21.390959086188474, -21.207495778992552, -21.300142199860478, -21.105678362507607, -21.055244775961786]","[0.408779208791019, 0.4033402420244682, 0.4167218895112541, 0.3959943018289062, 0.4164510674597055]"
958,"[0.9590294533637492, 0.9592697157927329, 0.9586659482742057, 0.9594243195379328, 0.9586780102445934]","[-21.599173628773336, -21.431321605643785, -21.48926519619968, -21.349777673354765, -21.244859589289007]","[0.3281029687278983, 0.33505218586500907, 0.3200890815637179, 0.34483584065248907, 0.3202898943088863]"
959,"[0.9590419448278258, 0.9591202263663426, 0.9587471181074103, 0.9591710553531267, 0.9587549440961384]","[-21.41140477249414, -21.237361672212423, -21.310711953174813, -21.149801418626556, -21.066047890545562]","[0.25386531603200424, 0.2489562161918736, 0.25972477314970105, 0.24219966856280112, 0.25957472844100726]"
960,"[0.9585953141231158, 0.9587360925437255, 0.9583151261107563, 0.9587813930929108, 0.9583227231985488]","[-21.730423748051788, -21.54868592952571, -21.63633339627147, -21.447731138253964, -21.391532365626233]","[0.43823775554047967, 0.4592237917957521, 0.4164813228006546, 0.48228406425533676, 0.4169933645686438]"
961,"[0.9570970815108084, 0.9575162977189198, 0.956745894231584, 0.9579373874956983, 0.9567544474964356]","[-21.77761474961146, -21.602511879126588, -21.67642971268768, -21.511367876341414, -21.43179747139682]","[0.47532231053729534, 0.48267361305760226, 0.4633215404581, 0.4927854528313795, 0.4636230640002562]"
962,"[0.9589868874291103, 0.9591283981979213, 0.9588271731673754, 0.9591779121982013, 0.9588296095202724]","[-21.53977461395208, -21.361567169434082, -21.443126130718944, -21.267313363553264, -21.19837222552188]","[0.506450919546085, 0.4993693168246503, 0.5116729504949356, 0.4900220995006839, 0.5115817618273332]"
963,"[0.9596095434785753, 0.9598633050875084, 0.9592122323628783, 0.959905413298749, 0.9592254645361733]","[-21.610445233229974, -21.432468320856493, -21.513400958693808, -21.338372293149796, -21.2686531722864]","[0.48918489497299567, 0.49244948282323453, 0.48547193817864037, 0.4971032214429352, 0.48557017796160484]"
964,"[0.9582185553267524, 0.9586322085009503, 0.9576145357891348, 0.9590412871308946, 0.9576322165568263]","[-21.331950619430383, -21.15320205461171, -21.234366991289658, -21.05630119901116, -20.989657635042853]","[0.4829788139204584, 0.47943656770574744, 0.4717195388438517, 0.48121488343470437, 0.4719186476816674]"
965,"[0.9607439079054257, 0.9607814596620704, 0.9605994704142364, 0.9608399583286183, 0.9606072052580353]","[-21.446581640389596, -21.262334217638845, -21.356823615087084, -21.159594266584598, -21.111899051931502]","[0.222770357502741, 0.22958924305114664, 0.21456359380939968, 0.23881975835533342, 0.21477503199238165]"
966,"[0.9600686133619746, 0.9601269002874891, 0.9599202661271469, 0.9601335907849426, 0.9599249403299901]","[-21.431374588877222, -21.2560394340598, -21.330726965193055, -21.164932765566213, -21.08608151633696]","[0.5200294995526533, 0.5184597848875309, 0.5240233673020838, 0.5134675970329033, 0.5239249657936755]"
967,"[0.9584642796900316, 0.958692503414735, 0.9580575477843678, 0.9590399793448553, 0.9580666097772893]","[-21.486431462750218, -21.31366174097471, -21.383042638622868, -21.22635505396083, -21.13846487102975]","[0.34408429004483404, 0.3413661344442027, 0.34536649111247775, 0.33653549385393666, 0.3453315003971648]"
968,"[0.9598513692937516, 0.9598864222116869, 0.9596956155615692, 0.9598686511720258, 0.9597014961722956]","[-21.23082282742097, -21.059390584670368, -21.126910240232323, -20.975206513429264, -20.882326653151168]","[0.37774889552015745, 0.3733561986737264, 0.3830754250029433, 0.3674513027270451, 0.38294090118019736]"
969,"[0.9616763772780276, 0.9617354438983818, 0.9612723013984974, 0.96152052548884, 0.9612854339874201]","[-21.275249861854984, -21.104862871468235, -21.168547832264988, -21.02016266034985, -20.924060570171918]","[0.5259283693654561, 0.5308820505227525, 0.519547600694009, 0.5334602496332053, 0.519710357678455]"
970,"[0.9594056346277112, 0.9594303843342192, 0.9593450149474525, 0.9593035208033375, 0.9593451424664532]","[-21.326740256282616, -21.152976268686558, -21.224070967896836, -21.06375828609703, -20.979478033388187]","[0.2826965266240123, 0.2846907591013677, 0.2815395233917923, 0.2878530779655977, 0.28156723664476074]"
971,"[0.9609118818273509, 0.9609360077598826, 0.9607263316633904, 0.9609239457027362, 0.9607295395681897]","[-21.37630807889902, -21.206257239999214, -21.26994322715088, -21.122922316603116, -21.02543966617907]","[0.41898510041953435, 0.4216544430074558, 0.4167100441024563, 0.4223724619273531, 0.41675636467970595]"
972,"[0.9615691610844642, 0.9615379097858034, 0.9615641549265509, 0.9613004313977768, 0.961565903799817]","[-21.164200597013906, -20.987697973723595, -21.06710730851219, -20.897649767826056, -20.822336360466448]","[0.5840028660120492, 0.5788513210954082, 0.5897048655522944, 0.5727917124522107, 0.589559422491419]"
973,"[0.9627620224912741, 0.9631848634312246, 0.9622385986676737, 0.9634900350491726, 0.9622545784024015]","[-21.04041428839458, -20.859832569609555, -20.946934548600886, -20.762785496469014, -20.702095834119152]","[0.35012159317469066, 0.34279193818735904, 0.35847311348290434, 0.33267951516750116, 0.35827381306577266]"
974,"[0.9609608711450209, 0.961157539177407, 0.9606831453499558, 0.9613180088010126, 0.9606925260340965]","[-21.102463112927417, -20.933108913799906, -20.993916118666846, -20.849017886104125, -20.749482373390137]","[0.5043519090266556, 0.4974796871156615, 0.5118720620992425, 0.48332430673334864, 0.5116931028380456]"
975,"[0.9622148597898753, 0.9623632667332722, 0.9619490047998637, 0.9624376521374695, 0.9619531153184262]","[-20.941005777202236, -20.775559213113898, -20.829508886003904, -20.6988516519277, -20.585129338612138]","[0.40845721163614496, 0.4084396835565317, 0.40695939388762403, 0.4080690318844495, 0.40701499908481875]"
976,"[0.9607897800470735, 0.9607901968378033, 0.9607879520603424, 0.9607950717851065, 0.9607892791730863]","[-21.143850474752607, -20.966366860018496, -21.045508598440456, -20.872066137439063, -20.800807920766204]","[0.2868613558224028, 0.2921048650467372, 0.2815148642289975, 0.2997469939387856, 0.281641341345292]"
977,"[0.9622688473086102, 0.9623148587485146, 0.9622463502973463, 0.9622348112578643, 0.9622460277376408]","[-20.955336901501173, -20.774387344174336, -20.86281351778349, -20.677468489947277, -20.61793943639462]","[0.5260538112490825, 0.5263106240692436, 0.5251411244241915, 0.526735674999453, 0.5251983315473081]"
978,"[0.9631402628041779, 0.963361133647832, 0.9628043769746087, 0.963542416458671, 0.9628155370899795]","[-20.977791675310804, -20.802591474210406, -20.87779553646437, -20.71264081603945, -20.633124580119773]","[0.45655969024648885, 0.45949480608142923, 0.45285752150810576, 0.463295001166317, 0.4529460830901445]"
