epoch,stft_mean_power,wavelet_mean_power
0,"[1.9917220482067583e-07, 2.2400318806264962e-07, 2.1911766627624338e-07, 2.535968001983048e-07, 2.637733311995157e-07]","[1.571913289030178e-05, 1.774915652475634e-05, 1.7357713919451866e-05, 2.0088555487667225e-05, 2.0901363088141088e-05]"
1,"[1.814644650297164e-07, 2.0688418815789238e-07, 2.0563045493177134e-07, 2.3804917594788e-07, 2.446801140884955e-07]","[1.388581339072311e-05, 1.6135597269754793e-05, 1.6172489448598313e-05, 1.8722896286710802e-05, 1.916043959808403e-05]"
2,"[2.2833509481161703e-07, 2.5392698900581047e-07, 2.4776910902802917e-07, 2.867886368959301e-07, 2.983151945587136e-07]","[1.6405398671718993e-05, 1.8786525646219645e-05, 1.8591940530221317e-05, 2.15197891624134e-05, 2.221675377223627e-05]"
3,"[2.5595584787797585e-07, 2.9011008440499947e-07, 2.8341789823961787e-07, 3.279772427977391e-07, 3.417881891430043e-07]","[1.7153573631791617e-05, 1.926184509524378e-05, 1.8601977530297766e-05, 2.1522643793927756e-05, 2.261501140636699e-05]"
4,"[1.7611442156045502e-07, 2.0111012587712295e-07, 2.0112521174352488e-07, 2.3285925196881867e-07, 2.3826276658691532e-07]","[1.313962836082747e-05, 1.5128799089860603e-05, 1.5312511262704612e-05, 1.773231460885559e-05, 1.7983533450007394e-05]"
5,"[2.337783249375941e-07, 2.7271339626053817e-07, 2.7652635708839215e-07, 3.2020241681067977e-07, 3.2486764909672086e-07]","[1.7900951365415722e-05, 2.082345146864467e-05, 2.079852766566614e-05, 2.407606520153406e-05, 2.4715801500689213e-05]"
6,"[1.977177599852761e-07, 2.273097759483254e-07, 2.3059937033159517e-07, 2.670461380098539e-07, 2.704323490520645e-07]","[1.3680880300058135e-05, 1.560219183906201e-05, 1.5717587920615968e-05, 1.8200756625314724e-05, 1.8507735438485174e-05]"
7,"[1.8778326896016947e-07, 2.1458250173710914e-07, 2.164441103816777e-07, 2.506447701653796e-07, 2.547283105428941e-07]","[1.4486446055120835e-05, 1.6855273891829075e-05, 1.7032458784094718e-05, 1.9721218593970717e-05, 2.005838524942685e-05]"
8,"[2.0203077931040677e-07, 2.2808918028012578e-07, 2.2675771169595026e-07, 2.625311571378167e-07, 2.694926622900987e-07]","[1.4146291757911828e-05, 1.6725988710207737e-05, 1.729075155220882e-05, 2.0027924193286692e-05, 2.003494581090507e-05]"
9,"[2.0576069008163018e-07, 2.3143145569729561e-07, 2.2911583746806936e-07, 2.6523966029602986e-07, 2.73082315956609e-07]","[1.510935835684271e-05, 1.7370462913508583e-05, 1.736291198273612e-05, 2.0101054601155472e-05, 2.0593330314146902e-05]"
10,"[2.0691032568538447e-07, 2.3317354573967553e-07, 2.3274957777813872e-07, 2.694919756353723e-07, 2.757549614407711e-07]","[1.4045701297623228e-05, 1.6471402454788244e-05, 1.6807728209645782e-05, 1.946474973388534e-05, 1.9652004585687415e-05]"
11,"[2.1150420262092862e-07, 2.3569178016287855e-07, 2.3181951089626456e-07, 2.683563419222976e-07, 2.775321743586123e-07]","[1.39123802247659e-05, 1.566539697016049e-05, 1.5416204686936562e-05, 1.784474525626335e-05, 1.846378245432773e-05]"
12,"[1.7931490595508713e-07, 2.0945883411506284e-07, 2.1451300511895111e-07, 2.484441251900929e-07, 2.5004794972448815e-07]","[1.3110778364226554e-05, 1.5449222989709448e-05, 1.593503422240853e-05, 1.8457363624526665e-05, 1.8489696667055643e-05]"
13,"[2.087297400671267e-07, 2.413581097093156e-07, 2.434244568096484e-07, 2.818550165201486e-07, 2.868581740893377e-07]","[1.4844836481029586e-05, 1.7270020775258882e-05, 1.7524040769738616e-05, 2.0292113457359137e-05, 2.057008160210438e-05]"
14,"[1.8197846097784116e-07, 2.0922632050331327e-07, 2.0982952736649136e-07, 2.429327316039955e-07, 2.48325814511126e-07]","[1.4706219796157499e-05, 1.7147208530785284e-05, 1.7201723398428084e-05, 1.9913618730346425e-05, 2.0378144994108757e-05]"
15,"[1.905564114692237e-07, 2.195338497262601e-07, 2.2176381864499119e-07, 2.567917730154835e-07, 2.6084483077508263e-07]","[1.2873386763706641e-05, 1.5394100226465906e-05, 1.5916591048787985e-05, 1.8435205336448862e-05, 1.8458926004837186e-05]"
16,"[2.0920035167725353e-07, 2.4157365411092667e-07, 2.426061989647249e-07, 2.8090270246701976e-07, 2.867147824331226e-07]","[1.5507930995102075e-05, 1.8394900168566173e-05, 1.87556898908296e-05, 2.1717927966862395e-05, 2.1975896841412135e-05]"
17,"[1.8923047099987982e-07, 2.22581367791316e-07, 2.2730191259959308e-07, 2.632289209452098e-07, 2.656101607548395e-07]","[1.496818099471058e-05, 1.7675246244296586e-05, 1.785918001218496e-05, 2.067604230729032e-05, 2.1066926366653974e-05]"
18,"[2.1767036056278439e-07, 2.463359277947517e-07, 2.40460383699519e-07, 2.782861978079379e-07, 2.898691778224721e-07]","[1.495141779074569e-05, 1.7202817008015504e-05, 1.6969398708606762e-05, 1.9639435894981632e-05, 2.0342392860627553e-05]"
19,"[2.066336559280344e-07, 2.3361833381220558e-07, 2.304493927890651e-07, 2.6675647973502573e-07, 2.753475278580411e-07]","[1.4276867498794562e-05, 1.65138153379553e-05, 1.640686715539524e-05, 1.8990370819190095e-05, 1.956916379092392e-05]"
20,"[1.932352043518846e-07, 2.2332036975812123e-07, 2.269141238561592e-07, 2.627741601529378e-07, 2.658851419611089e-07]","[1.4927325444975364e-05, 1.747967653481056e-05, 1.7931467126211666e-05, 2.0767897527784925e-05, 2.0881516628985478e-05]"
21,"[1.9977545331144187e-07, 2.3106240336705526e-07, 2.3366371309072383e-07, 2.705614839575251e-07, 2.7474005568679017e-07]","[1.500168907400017e-05, 1.729832818773485e-05, 1.731226664220017e-05, 2.0042603545794985e-05, 2.0521113180345947e-05]"
22,"[1.7863677392761787e-07, 2.0293151434755262e-07, 2.0454211056149497e-07, 2.3685646910011984e-07, 2.4080222598369765e-07]","[1.4639785705473034e-05, 1.6447314201658656e-05, 1.607854892568043e-05, 1.8608483643901287e-05, 1.9356749815882512e-05]"
23,"[1.7110884569535295e-07, 1.9556641769719956e-07, 1.99196945276863e-07, 2.3073100712194292e-07, 2.324930869611444e-07]","[1.149505059657426e-05, 1.3316548220851102e-05, 1.3679989021541538e-05, 1.584641768331032e-05, 1.5890666196110818e-05]"
24,"[1.9282603387721773e-07, 2.17241839694767e-07, 2.1489998420803203e-07, 2.4877431405544e-07, 2.564206592624319e-07]","[1.3272943512401842e-05, 1.4919045142329139e-05, 1.4662982292618102e-05, 1.6973077243627464e-05, 1.757131124227344e-05]"
25,"[1.8135458966718074e-07, 2.033068065111341e-07, 1.9878649716739687e-07, 2.3006246244317187e-07, 2.393073057099639e-07]","[1.2706361152820286e-05, 1.4372293914247504e-05, 1.4168351521164623e-05, 1.64001116656076e-05, 1.6957316729752364e-05]"
26,"[1.7955532049446617e-07, 2.0303355987569096e-07, 2.018903087382254e-07, 2.3374162711510767e-07, 2.3988586347627057e-07]","[1.3569686666051014e-05, 1.5382486735479005e-05, 1.520008371617173e-05, 1.759523779038983e-05, 1.815751901897767e-05]"
27,"[1.6459050404104083e-07, 1.882296789394092e-07, 1.8888138794594772e-07, 2.1870868612216608e-07, 2.231653942832242e-07]","[1.2289088196684099e-05, 1.4163827478005258e-05, 1.430351347662155e-05, 1.656233004482891e-05, 1.683736555013643e-05]"
28,"[1.719970139476093e-07, 1.999062833425845e-07, 2.046021974626403e-07, 2.3697135008242367e-07, 2.384563391475121e-07]","[1.0623421630697468e-05, 1.2559814852463988e-05, 1.3201539261229458e-05, 1.5296636514969957e-05, 1.5104283764872183e-05]"
29,"[2.70897297831965e-07, 3.2187942272513425e-07, 3.2549474170990846e-07, 3.7683253500799266e-07, 3.839966999553877e-07]","[1.3046202134911121e-05, 1.521724645718411e-05, 1.5337888878311914e-05, 1.7758365625398852e-05, 1.8097943386568967e-05]"
30,"[2.2052485831719585e-07, 2.5430087472110513e-07, 2.5391969843622044e-07, 2.9393854015936003e-07, 3.0165822500880383e-07]","[1.0262808661004396e-05, 1.2203899488665197e-05, 1.273902011409118e-05, 1.4758227271825057e-05, 1.4657737252903821e-05]"
31,"[2.321230705558564e-07, 2.762733390886698e-07, 2.828372894324393e-07, 3.275133507684448e-07, 3.3039597876248563e-07]","[1.1252146761113785e-05, 1.3502347038652654e-05, 1.4060132971493123e-05, 1.628657862126233e-05, 1.6225083970943634e-05]"
32,"[2.2717554506938927e-07, 2.7278884948395614e-07, 2.8181605836047024e-07, 3.2638747636667294e-07, 3.2728225093730057e-07]","[1.061858301573151e-05, 1.297367963234552e-05, 1.3866990636973119e-05, 1.607045728472764e-05, 1.5704283115790368e-05]"
33,"[2.9889652123989804e-07, 3.59598337557439e-07, 3.6577746251667574e-07, 4.2346325212341243e-07, 4.3012136640949185e-07]","[1.120603182950919e-05, 1.3546891644608496e-05, 1.4113090756356755e-05, 1.6347645376293827e-05, 1.6288734986523433e-05]"
34,"[1.5819460199080782e-07, 1.914257318129452e-07, 2.0428234959108918e-07, 2.3675317603203432e-07, 2.3140354717047972e-07]","[1.0534872355167986e-05, 1.2937338167280425e-05, 1.3820470624604203e-05, 1.6015142430318e-05, 1.5674123041481263e-05]"
35,"[1.337524099381177e-07, 1.6071289790089002e-07, 1.7106660641370892e-07, 1.982513591880177e-07, 1.9389229509033473e-07]","[9.487330222647313e-06, 1.1458025442966196e-05, 1.2058487542197871e-05, 1.3971189163490382e-05, 1.3804816485223468e-05]"
36,"[1.302194532394607e-07, 1.574284974593989e-07, 1.6791976542598847e-07, 1.946034253413709e-07, 1.9028300259525793e-07]","[9.424191377353872e-06, 1.1401995358248357e-05, 1.2079250052784587e-05, 1.3996579641501678e-05, 1.3764962005354262e-05]"
37,"[1.3922865309210024e-07, 1.676751796932927e-07, 1.808126554591709e-07, 2.095944614139817e-07, 2.0328014859660955e-07]","[1.0398824793796373e-05, 1.2861489723243228e-05, 1.3887273294948886e-05, 1.609565947882188e-05, 1.5627105669043026e-05]"
38,"[1.428314183413378e-07, 1.7563522899290645e-07, 1.9186284970671896e-07, 2.2242744949105216e-07, 2.1390455529528422e-07]","[1.0539399138689463e-05, 1.3228193346546609e-05, 1.4486317005749152e-05, 1.6792683180948704e-05, 1.6152483432665736e-05]"
39,"[1.2401606852158015e-07, 1.4984559266499086e-07, 1.6325730470925243e-07, 1.8929244784950377e-07, 1.818636399662237e-07]","[9.462264448199097e-06, 1.1784782844595974e-05, 1.2856881629534834e-05, 1.4904259026083814e-05, 1.4359128125828453e-05]"
40,"[1.6641983565913517e-07, 1.9597704498223183e-07, 2.0228898729347942e-07, 2.3429975849184214e-07, 2.3442542270317804e-07]","[1.0427584018302342e-05, 1.264341061367029e-05, 1.3247274155615045e-05, 1.5346035992818137e-05, 1.5231116289044e-05]"
41,"[2.1518956721376197e-07, 2.491657352204332e-07, 2.491782262015086e-07, 2.884527800467919e-07, 2.9567451162030934e-07]","[1.1160452900135626e-05, 1.292903620187241e-05, 1.3256504263031726e-05, 1.535507932466118e-05, 1.5413261801041752e-05]"
42,"[2.1011801717593206e-07, 2.428596240147324e-07, 2.440189320756618e-07, 2.825233840642177e-07, 2.8837416982109327e-07]","[1.0968501854750035e-05, 1.2534785461693797e-05, 1.266389956823714e-05, 1.4665945605599141e-05, 1.487900468967529e-05]"
43,"[2.1833382163699658e-07, 2.553924836177605e-07, 2.5785949951501254e-07, 2.9855970040653306e-07, 3.039239603646659e-07]","[1.190290709829088e-05, 1.3934757362840097e-05, 1.411017262141451e-05, 1.6337905717948347e-05, 1.6597572128297162e-05]"
44,"[1.8855345696962754e-07, 2.2561565120009296e-07, 2.3320412928148082e-07, 2.7009581427038724e-07, 2.706753488318294e-07]","[1.0976855927573145e-05, 1.3228921272188295e-05, 1.3787638253670691e-05, 1.5970810162670445e-05, 1.5907993661885685e-05]"
45,"[2.3352372126189805e-07, 2.692909969831416e-07, 2.7104433740220023e-07, 3.1384591311865716e-07, 3.1955366038638923e-07]","[1.103029383419879e-05, 1.2706859069081681e-05, 1.304386057489639e-05, 1.5110102117221357e-05, 1.5147283379333187e-05]"
46,"[2.8785566241909e-07, 3.365997464715844e-07, 3.36867071108194e-07, 3.89935509094241e-07, 3.998768401017621e-07]","[1.3396553420533679e-05, 1.553390519623394e-05, 1.5551433665875607e-05, 1.8003588222746465e-05, 1.8436597122282878e-05]"
47,"[2.845713341589718e-07, 3.3528123769979385e-07, 3.3844286548679044e-07, 3.918379479870895e-07, 3.9917404930975155e-07]","[1.2062745445715402e-05, 1.4254252673970659e-05, 1.468127063633582e-05, 1.70050285087165e-05, 1.7055150910037462e-05]"
48,"[2.0292831235295884e-07, 2.3882792779037415e-07, 2.4425441421857093e-07, 2.8288381720821947e-07, 2.851037777504034e-07]","[1.0823708588026123e-05, 1.2653291297126208e-05, 1.2955761753962113e-05, 1.5004656505724928e-05, 1.5109210013449296e-05]"
49,"[2.035613347784794e-07, 2.3053912736773775e-07, 2.302557693154073e-07, 2.6662115691120924e-07, 2.727507090306611e-07]","[1.0129949154382873e-05, 1.2048347439267415e-05, 1.2421864454233397e-05, 1.4386609556560181e-05, 1.4434134593726654e-05]"
50,"[1.4345977510033846e-07, 1.7632680602656695e-07, 1.8852047207880542e-07, 2.184616064703064e-07, 2.1363891622936536e-07]","[1.0177592108315258e-05, 1.2626780813778149e-05, 1.357622528009832e-05, 1.5733280393931963e-05, 1.533388591900588e-05]"
51,"[1.3467170096276984e-07, 1.600255078269955e-07, 1.6776343637630867e-07, 1.943705863782628e-07, 1.9221046327136126e-07]","[8.686674515343519e-06, 1.0511528987904746e-05, 1.106451025045604e-05, 1.2818806063744794e-05, 1.2673196649330602e-05]"
52,"[1.3655268619001855e-07, 1.6574292430648603e-07, 1.777223141241729e-07, 2.0597749601632007e-07, 2.006242154328207e-07]","[9.752091302049997e-06, 1.2002928639326087e-05, 1.2957861752273623e-05, 1.5018547152555478e-05, 1.4578563855257185e-05]"
53,"[1.5033913522477607e-07, 1.8567164074431786e-07, 2.071003370201206e-07, 2.401804271189574e-07, 2.2734419394364173e-07]","[1.080018723297279e-05, 1.3547803156058952e-05, 1.5142490387752566e-05, 1.7561343645029225e-05, 1.6612057991344738e-05]"
54,"[1.3992543269545024e-07, 1.71384302338328e-07, 1.8746646323097977e-07, 2.1734304096639614e-07, 2.0871885339263294e-07]","[1.0090829024025721e-05, 1.2597848526173827e-05, 1.3858185396702913e-05, 1.6066880969614877e-05, 1.5388524417180673e-05]"
55,"[1.337755790939394e-07, 1.581190869292959e-07, 1.6691756674328494e-07, 1.9342653940727742e-07, 1.9025278253767722e-07]","[9.450304674764914e-06, 1.1082290781361216e-05, 1.1548989980434848e-05, 1.3380194804607567e-05, 1.3287703992861146e-05]"
56,"[1.285117273759818e-07, 1.5263252412271732e-07, 1.6188284270759343e-07, 1.8760766443950633e-07, 1.838849306417647e-07]","[8.855676780774688e-06, 1.0630702279300646e-05, 1.1242239093237752e-05, 1.3026716526761173e-05, 1.2819960825910185e-05]"
57,"[2.3447980092871652e-07, 2.820743108152834e-07, 2.8976667713158e-07, 3.3553704702615413e-07, 3.380485852456936e-07]","[1.0394576974991483e-05, 1.2547716063528581e-05, 1.3092970354684743e-05, 1.5166348038851442e-05, 1.5094935103433117e-05]"
58,"[1.2491968108413741e-07, 1.52126141263507e-07, 1.6506612376447251e-07, 1.9134570781161166e-07, 1.8488336753551594e-07]","[9.340780274862937e-06, 1.1421615190953068e-05, 1.228062286710099e-05, 1.4233243141159894e-05, 1.3851294423191153e-05]"
59,"[1.4820107696784965e-07, 1.7889106338232666e-07, 1.9222760401106578e-07, 2.2279585540326292e-07, 2.1671456268507076e-07]","[1.0056814073058132e-05, 1.2301700386784744e-05, 1.3260322955858515e-05, 1.5369396175033648e-05, 1.4926720617456851e-05]"
60,"[1.4984740025374058e-07, 1.8059149066047292e-07, 1.9032845750124877e-07, 2.2051499765438393e-07, 2.1772478658791397e-07]","[9.705781776232952e-06, 1.1881596820377399e-05, 1.2679185449636357e-05, 1.4692666433667794e-05, 1.4385279634614154e-05]"
61,"[1.2540874941045567e-07, 1.5048661517281182e-07, 1.604469728977356e-07, 1.8593773708786877e-07, 1.8186084181940876e-07]","[8.689408660237656e-06, 1.049338295681921e-05, 1.1163444948114131e-05, 1.2936681262453436e-05, 1.2676709408819406e-05]"
62,"[1.424903198387992e-07, 1.7151239194022663e-07, 1.8097718893399773e-07, 2.0969627345723327e-07, 2.066524817625757e-07]","[9.787390060979521e-06, 1.1927393190593084e-05, 1.2626457632606429e-05, 1.4629818077148602e-05, 1.4404696513942011e-05]"
63,"[1.0859375025723182e-07, 1.3285586862214105e-07, 1.4538639552892007e-07, 1.6855379789639085e-07, 1.6171616254028107e-07]","[8.300518931667677e-06, 1.024704942170366e-05, 1.106427295284287e-05, 1.2823938459239168e-05, 1.2448140002053748e-05]"
64,"[1.1206731876567196e-07, 1.3708959342692157e-07, 1.5141038927944304e-07, 1.7558168526826355e-07, 1.6714072657508758e-07]","[7.78964723414929e-06, 9.430742996688955e-06, 1.023735752856937e-05, 1.1868658688969693e-05, 1.1445042995076144e-05]"
65,"[1.124711898538507e-07, 1.4120459325353039e-07, 1.5910655273195702e-07, 1.8455704515625218e-07, 1.734864836363102e-07]","[7.851030257345577e-06, 9.857410314527024e-06, 1.1071531130003175e-05, 1.2841150267439843e-05, 1.2106827119952116e-05]"
66,"[1.4434318233583984e-07, 1.7160052423309354e-07, 1.8141829707080815e-07, 2.102220442655453e-07, 2.0667477566088517e-07]","[1.0422918711344097e-05, 1.2631393626195703e-05, 1.3406096913408349e-05, 1.5534888797228887e-05, 1.525236381512608e-05]"
67,"[1.271351681878855e-07, 1.5471187599052548e-07, 1.7040285089367908e-07, 1.975828589153299e-07, 1.8877401665999873e-07]","[8.851509395772326e-06, 1.0679642079228975e-05, 1.1691395948328212e-05, 1.3556182771232108e-05, 1.29912952048113e-05]"
68,"[1.41112004344112e-07, 1.7011637711437417e-07, 1.8792748272201153e-07, 2.179517475240498e-07, 2.0723793138199866e-07]","[1.0837808009422676e-05, 1.2700746352656534e-05, 1.401365928057227e-05, 1.6254491415423186e-05, 1.543958578075787e-05]"
69,"[1.3773995179775265e-07, 1.6285868332408752e-07, 1.7597058419449595e-07, 2.0402436956072249e-07, 1.97060793211972e-07]","[1.03254040930942e-05, 1.16667920235024e-05, 1.1875429221050145e-05, 1.3756325928434791e-05, 1.3851328216497461e-05]"
70,"[1.562670240985727e-07, 1.8347954145354205e-07, 1.8945732827345024e-07, 2.194449359381293e-07, 2.1942169435310624e-07]","[8.49189796280858e-06, 1.0227872865148049e-05, 1.0809293084740321e-05, 1.2524622305583574e-05, 1.2336522858261839e-05]"
71,"[1.4294859961787845e-07, 1.6657611364621502e-07, 1.7304792166710484e-07, 2.004913081462018e-07, 1.9937764514207674e-07]","[9.245217185094394e-06, 1.0742643533215652e-05, 1.1044733885911876e-05, 1.27932353390049e-05, 1.283012870401773e-05]"
72,"[1.1820692869344201e-07, 1.4001042805217753e-07, 1.5214285071521723e-07, 1.7640237709107892e-07, 1.6956436792932906e-07]","[8.348250962363694e-06, 1.001535177651863e-05, 1.0786726193734511e-05, 1.2503271266573058e-05, 1.2132238040708911e-05]"
73,"[1.2710774343025562e-07, 1.5327183024305885e-07, 1.6887942379806178e-07, 1.9583895322712145e-07, 1.8685244429618493e-07]","[9.195673379585928e-06, 1.0792538418025445e-05, 1.169099870708517e-05, 1.3555536397557856e-05, 1.3058264372772823e-05]"
74,"[1.4024145161778918e-07, 1.6721880659268803e-07, 1.8240256539574955e-07, 2.115224406549661e-07, 2.0274693324543087e-07]","[1.0621132682221655e-05, 1.2097986518338612e-05, 1.3017439968522244e-05, 1.5094109552896897e-05, 1.4573977044695757e-05]"
75,"[1.3926554220196238e-07, 1.679045326866269e-07, 1.858596367828041e-07, 2.1555587034960626e-07, 2.0471303867558934e-07]","[1.075213516798388e-05, 1.2813044292053468e-05, 1.3693238581914515e-05, 1.58716720646185e-05, 1.5472238684797638e-05]"
76,"[1.6761918833018772e-07, 2.07002366264355e-07, 2.2987605030567242e-07, 2.6658717991953006e-07, 2.5324396467680123e-07]","[1.1875816583967234e-05, 1.4411045490643968e-05, 1.6048747746581958e-05, 1.8614105222674173e-05, 1.7608571297827186e-05]"
77,"[1.5565852088278095e-07, 1.8860816646256677e-07, 2.0832069512407657e-07, 2.41601686923055e-07, 2.2986753617578894e-07]","[1.1944103918289571e-05, 1.3897833366184664e-05, 1.4896559702318944e-05, 1.7270969404586486e-05, 1.6748101655098604e-05]"
78,"[1.6759328734762493e-07, 1.993742523973213e-07, 2.1777571511947937e-07, 2.5249059149222914e-07, 2.42363460315632e-07]","[1.2307566558713248e-05, 1.4336450688630567e-05, 1.5559175313654122e-05, 1.804244252750143e-05, 1.7341645792111643e-05]"
79,"[1.6799534389865097e-07, 1.9354780340579316e-07, 2.062369868092553e-07, 2.391021785357526e-07, 2.3262749191785442e-07]","[1.330714177183455e-05, 1.4586324144735468e-05, 1.4480818446106247e-05, 1.6770104330839416e-05, 1.7165325856717876e-05]"
80,"[1.698344496987525e-07, 2.0309185497958752e-07, 2.1978225482480174e-07, 2.5479225271271346e-07, 2.462904036831577e-07]","[1.1925646184144569e-05, 1.3509552063168347e-05, 1.4163651074741824e-05, 1.6417211500256072e-05, 1.6148542622925273e-05]"
81,"[1.82819037322379e-07, 2.200506473717545e-07, 2.396769337080935e-07, 2.778784027146583e-07, 2.673774149336501e-07]","[1.3613062460897292e-05, 1.5801004490156107e-05, 1.6591958132859186e-05, 1.922872264529538e-05, 1.8944399299616473e-05]"
82,"[1.8889860901256157e-07, 2.14271451934184e-07, 2.2865595785504335e-07, 2.651121145876387e-07, 2.57241111213007e-07]","[1.345972935233077e-05, 1.5581570967819654e-05, 1.6664486447903492e-05, 1.9318154361780316e-05, 1.8774108913338336e-05]"
83,"[1.8278008834786537e-07, 2.1306324140580672e-07, 2.2887752932849646e-07, 2.653318612708781e-07, 2.5697108050070966e-07]","[1.4157736637959341e-05, 1.6171387783757547e-05, 1.6463866696294717e-05, 1.9068883165154355e-05, 1.9233940780843535e-05]"
84,"[1.8565381171319423e-07, 2.1191418844460113e-07, 2.2373082975588455e-07, 2.5932523856397134e-07, 2.5417287222405016e-07]","[1.4559479587886627e-05, 1.6048107233929713e-05, 1.6089720612032104e-05, 1.863605252014206e-05, 1.8936518497060163e-05]"
85,"[1.9975049963352983e-07, 2.3495005116477964e-07, 2.474942559992448e-07, 2.8680215920771095e-07, 2.825679397599658e-07]","[1.4983049145862825e-05, 1.728289847810233e-05, 1.7921527112154218e-05, 2.0764465752681234e-05, 2.0648173797771208e-05]"
86,"[2.277782568294728e-07, 2.687654778310161e-07, 2.882463050630704e-07, 3.341308892484636e-07, 3.246864223936237e-07]","[1.501274998510543e-05, 1.75670668410591e-05, 1.8553001460556028e-05, 2.1500024996439984e-05, 2.1135577895866364e-05]"
87,"[2.1247809194400807e-07, 2.5073660737672945e-07, 2.71487342526309e-07, 3.147698340178002e-07, 3.032643974208009e-07]","[1.4722800920477344e-05, 1.6635660780097918e-05, 1.7188045378684387e-05, 1.9916607350693898e-05, 1.9820286586822182e-05]"
88,"[2.1856446139249482e-07, 2.550888160513099e-07, 2.675699223828525e-07, 3.1007143766063175e-07, 3.060222723207252e-07]","[1.5700819551129975e-05, 1.7819021085792858e-05, 1.816596158412648e-05, 2.1041556108418172e-05, 2.118450740478137e-05]"
89,"[2.0112478104189226e-07, 2.375921931846587e-07, 2.6021601492232383e-07, 3.0173877586377223e-07, 2.8814423544764425e-07]","[1.4464378359125952e-05, 1.6241573933399862e-05, 1.6546071362828353e-05, 1.916769922749555e-05, 1.9277467722265397e-05]"
90,"[2.2330814690179175e-07, 2.765754748828924e-07, 3.171586716113837e-07, 3.6799498412134375e-07, 3.4120449066184295e-07]","[1.5813701398336366e-05, 1.8630067247429365e-05, 1.978072248365492e-05, 2.292609022094014e-05, 2.2433194600290472e-05]"
91,"[2.3509177383466314e-07, 2.757845344713565e-07, 2.862573674595312e-07, 3.316168458772601e-07, 3.3059701923599465e-07]","[1.4911396937860707e-05, 1.7258626038398133e-05, 1.7824466274142415e-05, 2.0648534671227956e-05, 2.0628680097339234e-05]"
92,"[2.4915269395698593e-07, 2.9506336363572885e-07, 3.109823868749389e-07, 3.6035200763729403e-07, 3.550161163883407e-07]","[1.6046685985745203e-05, 1.8280382247571687e-05, 1.872978842910402e-05, 2.1697574574416172e-05, 2.1750572064189676e-05]"
93,"[2.5150881904699245e-07, 2.971141024851168e-07, 3.1472528181911087e-07, 3.6473592673029414e-07, 3.5781945276586584e-07]","[1.5698669651002267e-05, 1.766734565724432e-05, 1.7845732908848993e-05, 2.0668969205588615e-05, 2.0938626400321148e-05]"
94,"[2.69265931813134e-07, 3.187403228378387e-07, 3.4429409203866556e-07, 3.99182660197281e-07, 3.8576054159148135e-07]","[1.4547048093930112e-05, 1.7039021493207222e-05, 1.8065095500413872e-05, 2.0939221382015215e-05, 2.0496762051082317e-05]"
95,"[2.7703334730375205e-07, 3.2170002393392355e-07, 3.3292427251789413e-07, 3.8571447000250366e-07, 3.843773149078542e-07]","[1.5629609240198413e-05, 1.7979723236017253e-05, 1.8450751218305936e-05, 2.1372960410274564e-05, 2.1437218542137147e-05]"
96,"[2.689484202027246e-07, 3.1208347103704156e-07, 3.353946808817811e-07, 3.8891866107764e-07, 3.765256383089868e-07]","[1.5062877066119639e-05, 1.723029068729044e-05, 1.8053489992588047e-05, 2.0923358532971594e-05, 2.0619505297495408e-05]"
97,"[2.695421437794293e-07, 3.246151664330771e-07, 3.6350977556224976e-07, 4.216206302171228e-07, 3.970095277978841e-07]","[1.4965060728112868e-05, 1.7908380044190805e-05, 1.954008342349136e-05, 2.2655383169253626e-05, 2.1752211743188302e-05]"
98,"[2.7593229680511697e-07, 3.2135061491715754e-07, 3.3749269100862275e-07, 3.9108245429618374e-07, 3.851836969347754e-07]","[1.5332922100873886e-05, 1.7625409416392453e-05, 1.804240771616665e-05, 2.08993088333166e-05, 2.1000793734086685e-05]"
99,"[2.94253685062763e-07, 3.4073094772881044e-07, 3.5665118717360414e-07, 4.1326433155995985e-07, 4.086794591116172e-07]","[1.32978967487099e-05, 1.5569696483586922e-05, 1.6727419144166123e-05, 1.939219791034688e-05, 1.8799950678340802e-05]"
100,"[2.683152659520091e-07, 3.1593403604791e-07, 3.508293766490876e-07, 4.0688031137369677e-07, 3.8517148131617604e-07]","[1.404277343400585e-05, 1.678276863277951e-05, 1.8167277701220266e-05, 2.106195843714516e-05, 2.034090049678633e-05]"
101,"[2.7875756763238623e-07, 3.2634425536578845e-07, 3.431843074288626e-07, 3.9766384480970785e-07, 3.9185735731469737e-07]","[1.362800911894848e-05, 1.5973271197759285e-05, 1.736542105686617e-05, 2.0135592766961448e-05, 1.9344420555567794e-05]"
102,"[3.2665737495388186e-07, 3.9051577458376166e-07, 4.115685082924285e-07, 4.769298330694322e-07, 4.70861639767563e-07]","[1.6233255659900726e-05, 1.9020812169872765e-05, 1.9991940518109014e-05, 2.3166751030109466e-05, 2.284704100474358e-05]"
103,"[3.270386327024054e-07, 3.757020814164062e-07, 3.8977539943861105e-07, 4.5166115866332836e-07, 4.4864680238077956e-07]","[1.4853303580584443e-05, 1.6842082036327102e-05, 1.746505456096216e-05, 2.0238308200259162e-05, 2.0095847824460942e-05]"
104,"[3.331316030898208e-07, 3.932129598067903e-07, 4.167679253869919e-07, 4.830167300279217e-07, 4.7336045488592415e-07]","[1.5355555245859742e-05, 1.767053365255984e-05, 1.8512030333167437e-05, 2.1452554626802107e-05, 2.1171336961220883e-05]"
105,"[2.9827809858302186e-07, 3.6043415748467823e-07, 3.8610095751867816e-07, 4.474736622152033e-07, 4.3602820135110893e-07]","[1.500239201046944e-05, 1.7093668551715718e-05, 1.7675604478654373e-05, 2.0479707951079217e-05, 2.039437760546504e-05]"
106,"[2.9139641912938344e-07, 3.4209889814855857e-07, 3.611997532154987e-07, 4.185909146327711e-07, 4.1117715876505913e-07]","[1.4691119870118865e-05, 1.6761428245203456e-05, 1.730634299407349e-05, 2.0050795267414052e-05, 1.9990548009508506e-05]"
107,"[2.964287585418803e-07, 3.4425273185509795e-07, 3.6469598832095474e-07, 4.2273382034293846e-07, 4.136823989850965e-07]","[1.4447986341266132e-05, 1.631667151789639e-05, 1.677086501334928e-05, 1.9429929721601995e-05, 1.9428292199735254e-05]"
108,"[3.359947368263382e-07, 3.837455038701614e-07, 4.0376279998671524e-07, 4.680270685131459e-07, 4.588359648972045e-07]","[1.5677650463795703e-05, 1.7967055054010554e-05, 1.89025900024117e-05, 2.190843561009488e-05, 2.152603368183788e-05]"
109,"[3.3858480781075995e-07, 3.926465355656514e-07, 4.0976793020165954e-07, 4.7481138601866167e-07, 4.6980858130358215e-07]","[1.4724824836618137e-05, 1.6862871909132495e-05, 1.762652034599846e-05, 2.0428724565834047e-05, 2.016154968366599e-05]"
110,"[3.143422696711857e-07, 3.8378360687394696e-07, 4.236952089906335e-07, 4.913235244105392e-07, 4.6758028140255836e-07]","[1.5059841185403662e-05, 1.7428618588840504e-05, 1.848389547076858e-05, 2.142504002174236e-05, 2.094309684835444e-05]"
111,"[3.040835610848912e-07, 3.7757932213148566e-07, 4.2524434923472486e-07, 4.932017950415684e-07, 4.64552031165462e-07]","[1.4274187191847437e-05, 1.62676013070651e-05, 1.6861795651996362e-05, 1.953861896198882e-05, 1.9411723847609694e-05]"
112,"[3.1680159562071e-07, 3.8576567240813554e-07, 4.3076981605287816e-07, 4.995666531762103e-07, 4.7206971870695117e-07]","[1.5024188449134395e-05, 1.71230917185122e-05, 1.7919805153020284e-05, 2.076919214154499e-05, 2.0464874162154246e-05]"
113,"[2.950659001423971e-07, 3.5821014220694043e-07, 3.979481157761121e-07, 4.615248832431529e-07, 4.3732665424141895e-07]","[1.4782525869254975e-05, 1.721683401316749e-05, 1.811004235335184e-05, 2.0987750601908215e-05, 2.0668048399941765e-05]"
114,"[3.394470366615991e-07, 3.8842163196950377e-07, 4.0812599265122313e-07, 4.7298783368092267e-07, 4.6582783794519064e-07]","[1.4590787306728127e-05, 1.6676920394340665e-05, 1.746709196092281e-05, 2.0243529188732327e-05, 1.9954488233790794e-05]"
115,"[3.358748368390163e-07, 4.060849132396033e-07, 4.336870361822095e-07, 5.026059006532665e-07, 4.910378951124729e-07]","[1.55019841685567e-05, 1.773682059324575e-05, 1.8643259603423625e-05, 2.1606851582361058e-05, 2.1255253323657324e-05]"
116,"[3.1036122963214455e-07, 3.673318496246482e-07, 3.9696939503571267e-07, 4.602588304072555e-07, 4.444016490483789e-07]","[1.5120437967126952e-05, 1.7523564185182938e-05, 1.8489314513013945e-05, 2.142831413642878e-05, 2.1042581875583205e-05]"
117,"[3.3641849701041384e-07, 4.093939753362556e-07, 4.3978925193144474e-07, 5.097030897214168e-07, 4.965760807345864e-07]","[1.4932262091048902e-05, 1.7464560984956958e-05, 1.876643559260465e-05, 2.1756442160838098e-05, 2.1072755041658937e-05]"
118,"[3.319904195155094e-07, 3.950422233834505e-07, 4.182146064757957e-07, 4.846764803556212e-07, 4.7587763163882095e-07]","[1.5219056939459029e-05, 1.741787533353501e-05, 1.8171621395979288e-05, 2.105729062168238e-05, 2.0832717580564017e-05]"
119,"[3.368108244229118e-07, 3.9504358937715785e-07, 4.248488363317624e-07, 4.92535152937916e-07, 4.761543583638346e-07]","[1.4726497961932447e-05, 1.7282540758278425e-05, 1.8447782167892783e-05, 2.1384633450721727e-05, 2.0827002679427446e-05]"
120,"[3.5911622794154263e-07, 4.2605311200634776e-07, 4.569117977072236e-07, 5.297152236329489e-07, 5.139376364372918e-07]","[1.569241024138211e-05, 1.845409024666674e-05, 1.978713395937955e-05, 2.293752178484846e-05, 2.228170647185111e-05]"
121,"[3.528761533405414e-07, 4.066552416209228e-07, 4.156993589818245e-07, 4.815027896097536e-07, 4.843024900834605e-07]","[1.3483917346507416e-05, 1.5427648808108543e-05, 1.623108692045126e-05, 1.8812948454468147e-05, 1.8478930961628457e-05]"
122,"[3.5112694213207776e-07, 3.996349987655745e-07, 4.1635383978589077e-07, 4.826021178840614e-07, 4.771442837081286e-07]","[1.5248402437444169e-05, 1.823650222300584e-05, 1.9579073458788826e-05, 2.2695046064300204e-05, 2.2052119342947645e-05]"
123,"[2.603940377064346e-07, 3.060984301149156e-07, 3.2198172777848563e-07, 3.731186716171279e-07, 3.678476078197161e-07]","[1.4752313053248132e-05, 1.6467260049696458e-05, 1.6314594388023213e-05, 1.8889037218803263e-05, 1.941323220100705e-05]"
124,"[2.661793237269845e-07, 3.07924705722063e-07, 3.3010182951954607e-07, 3.8271377930494887e-07, 3.708901495009779e-07]","[1.3758347804463062e-05, 1.5549287586917252e-05, 1.5974450986526694e-05, 1.8507406597280043e-05, 1.850922757345804e-05]"
125,"[2.79992834999299e-07, 3.3565244145400514e-07, 3.5949417830033423e-07, 4.1666651975703576e-07, 4.0556833198245925e-07]","[1.4710750488964348e-05, 1.709665587880375e-05, 1.8122401666916592e-05, 2.1006452158737178e-05, 2.053754052060812e-05]"
126,"[3.000483387340289e-07, 3.4956534176877156e-07, 3.596266960158229e-07, 4.16535810981384e-07, 4.176544615721751e-07]","[1.4142341591455027e-05, 1.6354634160946557e-05, 1.7052481649121163e-05, 1.9759962277570566e-05, 1.9576392266358566e-05]"
127,"[3.0349375629320357e-07, 3.5898168975056584e-07, 3.8955250609460403e-07, 4.5166414287713327e-07, 4.356574343358058e-07]","[1.4404197974474516e-05, 1.5977813591384367e-05, 1.599247788790317e-05, 1.852342080254989e-05, 1.8837240150777786e-05]"
128,"[3.3147954912002844e-07, 3.945064588997448e-07, 4.162823297269533e-07, 4.824074025513397e-07, 4.7435548080510316e-07]","[1.4799895781357021e-05, 1.6801973948522225e-05, 1.723349413436064e-05, 1.9963985781074505e-05, 2.0009976160111515e-05]"
129,"[3.292701273119071e-07, 3.8839758211411733e-07, 4.1350868862188434e-07, 4.793154800771945e-07, 4.6827636490267396e-07]","[1.43890932381481e-05, 1.6422812385943164e-05, 1.7204349636444085e-05, 1.994014414487625e-05, 1.9622326928112992e-05]"
130,"[3.4726303906365734e-07, 4.1641950009346734e-07, 4.513397775168718e-07, 5.232189990037814e-07, 5.056679421636775e-07]","[1.4906135308003736e-05, 1.704052724480289e-05, 1.7630815027786443e-05, 2.042895057691655e-05, 2.032793533299531e-05]"
131,"[3.721138621591773e-07, 4.434044351382146e-07, 4.687807945072055e-07, 5.43304679261668e-07, 5.331796788106706e-07]","[1.4688845032693519e-05, 1.6389330499420696e-05, 1.6995382982113737e-05, 1.9696969226438412e-05, 1.950092031058928e-05]"
132,"[3.078425529622469e-07, 3.7398037425182236e-07, 4.070577763240286e-07, 4.7196558649706544e-07, 4.5401199514698437e-07]","[1.5578129807102623e-05, 1.8126828982222608e-05, 1.9113503747775015e-05, 2.2152081747977085e-05, 2.1764465785478123e-05]"
133,"[3.340229036469695e-07, 4.064492223162894e-07, 4.4570223357911534e-07, 5.169041352123632e-07, 4.939911714119697e-07]","[1.4784840110040202e-05, 1.663873978552461e-05, 1.726593925587415e-05, 2.0007046184830744e-05, 1.9849689779467044e-05]"
134,"[3.5568291849473836e-07, 4.2406840586704187e-07, 4.506419340976648e-07, 5.22277371712798e-07, 5.1229841232038e-07]","[1.546160613245816e-05, 1.769052683398196e-05, 1.841598334313958e-05, 2.134101419374263e-05, 2.113944821987757e-05]"
135,"[3.3779703458512783e-07, 4.0719871581468427e-07, 4.4094637421054366e-07, 5.111930312187358e-07, 4.941133735228303e-07]","[1.4125753385316071e-05, 1.626047013025526e-05, 1.7291215761392176e-05, 2.004509018680044e-05, 1.9538366333834214e-05]"
136,"[3.4111161063191853e-07, 3.8117478894783566e-07, 4.0586730714656724e-07, 4.705890954865801e-07, 4.568949349329147e-07]","[1.4073541275180624e-05, 1.5682764489534916e-05, 1.6053675244000986e-05, 1.8599764312905883e-05, 1.862123995217437e-05]"
137,"[2.966565848955184e-07, 3.6815440199084247e-07, 4.1314318025512315e-07, 4.792197010643073e-07, 4.5112311991315077e-07]","[1.5611105737679846e-05, 1.7230998123371625e-05, 1.720886361091677e-05, 1.993003604239558e-05, 2.0315991707221847e-05]"
138,"[3.4720919275829516e-07, 4.095725258751721e-07, 4.4131899118790397e-07, 5.115445182627724e-07, 4.96364388722508e-07]","[1.3586974809262868e-05, 1.548675563632454e-05, 1.6138116532938064e-05, 1.870314202628526e-05, 1.8491339925791118e-05]"
139,"[3.4718717870744717e-07, 4.153880886299206e-07, 4.5989261488721924e-07, 5.332958246698808e-07, 5.062593997385808e-07]","[1.5012337632939713e-05, 1.6767681066803374e-05, 1.6744987398537568e-05, 1.9390932355926756e-05, 1.9804194701334e-05]"
140,"[3.107815903976148e-07, 3.7680072170471337e-07, 4.1306475511262347e-07, 4.789729904805916e-07, 4.583527681253362e-07]","[1.3593872304871341e-05, 1.555828170719788e-05, 1.6412587094406976e-05, 1.9025911584947147e-05, 1.8629623347591495e-05]"
141,"[3.3355575865420515e-07, 3.916804450146157e-07, 4.2679718974589124e-07, 4.948533219780797e-07, 4.7530490240839066e-07]","[1.5621610413429663e-05, 1.7437763176649277e-05, 1.752202509447722e-05, 2.0293879947822836e-05, 2.0615496103351333e-05]"
142,"[3.526029390603236e-07, 4.241932118721763e-07, 4.6018581454481747e-07, 5.334833269376939e-07, 5.141514324974643e-07]","[1.493229116684352e-05, 1.719804088393158e-05, 1.7928862540702963e-05, 2.0775315621552772e-05, 2.0579305913714594e-05]"
143,"[2.783940498335787e-07, 3.2233961299124865e-07, 3.356936878133826e-07, 3.889083761859143e-07, 3.8614457391441146e-07]","[1.4014344707972652e-05, 1.5886440841148213e-05, 1.6138920643945526e-05, 1.86931583614066e-05, 1.8867698416671197e-05]"
144,"[2.5063836985153756e-07, 2.917416476762701e-07, 3.0933458205499703e-07, 3.5853155592830263e-07, 3.5066336734454577e-07]","[1.4552902575003552e-05, 1.6102170651396496e-05, 1.5752374649934344e-05, 1.823485119053893e-05, 1.8908861912863597e-05]"
145,"[2.496018500857352e-07, 2.922176477450521e-07, 3.161624335144589e-07, 3.6660028208365507e-07, 3.5333561354641426e-07]","[1.3715133106530775e-05, 1.6088660450975724e-05, 1.7193752966279574e-05, 1.9930065672189912e-05, 1.9410356946075815e-05]"
146,"[3.066190529750064e-07, 3.5429248812760483e-07, 3.6731542527701213e-07, 4.255626651078264e-07, 4.2335389120116844e-07]","[1.4216524368245515e-05, 1.5834829727878806e-05, 1.5944301152067685e-05, 1.8468146690979842e-05, 1.872077594786458e-05]"
147,"[2.9183770674910486e-07, 3.546201020492574e-07, 3.8329985724687554e-07, 4.442955800427895e-07, 4.303387200530989e-07]","[1.3803035654886563e-05, 1.5810719605268097e-05, 1.6222482058393872e-05, 1.8792971916050613e-05, 1.8835576856764757e-05]"
148,"[3.233073770108429e-07, 3.851327869894506e-07, 4.0624193846861034e-07, 4.7074075709529924e-07, 4.639307850200588e-07]","[1.4630056563137192e-05, 1.623221434670695e-05, 1.6515440753647267e-05, 1.9133160267183887e-05, 1.9235356212739743e-05]"
149,"[3.122719389644276e-07, 3.960573270145329e-07, 4.365798917445999e-07, 5.061677561662787e-07, 4.844681915507499e-07]","[1.4429802246717735e-05, 1.627559395015833e-05, 1.6436338172045708e-05, 1.9036601196938815e-05, 1.9286165438151817e-05]"
150,"[3.0824898701476966e-07, 3.695273407722107e-07, 3.9998364250929327e-07, 4.6374104460118817e-07, 4.4786286610917853e-07]","[1.4689186909496369e-05, 1.6397440862704015e-05, 1.6311642925896678e-05, 1.8887990648330133e-05, 1.934645716969522e-05]"
151,"[3.173670358269514e-07, 3.775460569893937e-07, 3.987575457440073e-07, 4.6209220938910417e-07, 4.5434633311981104e-07]","[1.3736723705898869e-05, 1.5253376489805318e-05, 1.553555727110884e-05, 1.7998818735558506e-05, 1.807660216795346e-05]"
152,"[3.313287266097369e-07, 3.8021807500779763e-07, 3.9195038467555846e-07, 4.540650253602762e-07, 4.5389624952789815e-07]","[1.5266465729851934e-05, 1.701824315076938e-05, 1.7362513118983315e-05, 2.0115027693841655e-05, 2.0197730822185602e-05]"
153,"[3.278458182671313e-07, 3.8255879887354946e-07, 4.002759782952298e-07, 4.6392182221231477e-07, 4.58239928505289e-07]","[1.404076982887789e-05, 1.6126116088850556e-05, 1.6868231681712032e-05, 1.9550037191964485e-05, 1.9290100313309352e-05]"
154,"[3.2756239064456284e-07, 3.785274462793152e-07, 3.92558306230894e-07, 4.5480304645634827e-07, 4.525306181127196e-07]","[1.4014698039375596e-05, 1.6326985245959832e-05, 1.7300300883337993e-05, 2.0052524222010385e-05, 1.9620447661288063e-05]"
155,"[3.677414512716461e-07, 4.306063725829986e-07, 4.508581037368268e-07, 5.224084052923177e-07, 5.167081865979515e-07]","[1.4627792273132205e-05, 1.7121291678382972e-05, 1.8094901866689703e-05, 2.0971292477753764e-05, 2.0580268255927498e-05]"
156,"[3.507013609279972e-07, 4.1960144075928897e-07, 4.4896752680564935e-07, 5.203529701548293e-07, 5.075438221291e-07]","[1.4100343494408993e-05, 1.5955240424708807e-05, 1.655560246282922e-05, 1.9184891016340487e-05, 1.9030745897232714e-05]"
157,"[3.4679753764502895e-07, 4.112150708548362e-07, 4.362580386355121e-07, 5.056134303174288e-07, 4.962070596415423e-07]","[1.4752171410723005e-05, 1.7603384556468016e-05, 1.8711393997988018e-05, 2.1685027883629582e-05, 2.1240428870190344e-05]"
158,"[3.3117807551340433e-07, 3.96357417896116e-07, 4.3900115620748105e-07, 5.091035894629195e-07, 4.843274310860621e-07]","[1.4223388208198868e-05, 1.624363071289518e-05, 1.7043591085888154e-05, 1.975306815362574e-05, 1.9446501625667765e-05]"
159,"[3.22361679592249e-07, 3.7078290871440675e-07, 4.156896293051787e-07, 4.823292937742046e-07, 4.5117762364369485e-07]","[1.394200347565372e-05, 1.5601817696515213e-05, 1.627411546504712e-05, 1.8862177090061907e-05, 1.8603185259592604e-05]"
160,"[3.3334294230597744e-07, 3.836551192943381e-07, 4.2018439930094114e-07, 4.873397652806689e-07, 4.6463489043697943e-07]","[1.4269738273225355e-05, 1.5903897773701992e-05, 1.619695555121006e-05, 1.8767113422540286e-05, 1.8837362670111918e-05]"
161,"[3.3030196755613253e-07, 3.8909681488133984e-07, 4.115808882269429e-07, 4.770047066693711e-07, 4.689459133196309e-07]","[1.4691582154381246e-05, 1.6650711913277405e-05, 1.717590393420139e-05, 1.990237159281092e-05, 1.9828921877061302e-05]"
162,"[3.319881300020393e-07, 3.9165367910065917e-07, 4.174214458598807e-07, 4.83809530905269e-07, 4.7228342683227205e-07]","[1.2833050330942051e-05, 1.5115420281682029e-05, 1.608668988004735e-05, 1.864525163584245e-05, 1.821562877062085e-05]"
163,"[3.4603051679076365e-07, 4.1581663542226704e-07, 4.4259510155123064e-07, 5.128629522510164e-07, 5.028451291362305e-07]","[1.3834168175465018e-05, 1.5998314633805688e-05, 1.677241472787946e-05, 1.9437534953917566e-05, 1.917312377118909e-05]"
164,"[3.47002806743998e-07, 3.992364840756597e-07, 4.1101699746681304e-07, 4.761133555246976e-07, 4.759263367115462e-07]","[1.3074114189685352e-05, 1.4664879987328363e-05, 1.5209123365048589e-05, 1.7625761039810243e-05, 1.74705488171967e-05]"
165,"[3.654198365481994e-07, 4.1577370211704794e-07, 4.258965586112724e-07, 4.933731514566284e-07, 4.941083672704626e-07]","[1.4311675676370739e-05, 1.6158751464691068e-05, 1.6385735977999003e-05, 1.8980159873876176e-05, 1.9165776451590195e-05]"
166,"[3.0173680452631213e-07, 3.566315259549597e-07, 3.7593677191724753e-07, 4.356787029684474e-07, 4.285229805212302e-07]","[1.5664307553042222e-05, 1.7340766528029472e-05, 1.7215264628403067e-05, 1.9934126372401522e-05, 2.0429959469855265e-05]"
167,"[3.237685646484014e-07, 3.8022152495869436e-07, 4.001592058659096e-07, 4.6363638063730106e-07, 4.574800039298369e-07]","[1.4213801285301119e-05, 1.5977632218038612e-05, 1.6302082372931332e-05, 1.8885779180602295e-05, 1.89677815065721e-05]"
168,"[3.47367359076137e-07, 4.0347438033213745e-07, 4.090671763036024e-07, 4.7373714819354447e-07, 4.80026628962351e-07]","[1.3953092057938905e-05, 1.5229941741158256e-05, 1.492700244595754e-05, 1.7283992322530296e-05, 1.7852702932216904e-05]"
169,"[3.3893221592312056e-07, 3.909795191112324e-07, 4.092992197191353e-07, 4.7433420035689275e-07, 4.684386649222822e-07]","[1.268088698107923e-05, 1.4545744882619043e-05, 1.5559159556229602e-05, 1.8039875299702254e-05, 1.749465106428216e-05]"
170,"[3.1302863160219813e-07, 3.8634305767540557e-07, 4.281577793838165e-07, 4.965246090585873e-07, 4.716433408171688e-07]","[1.4347723093706282e-05, 1.6365932947562293e-05, 1.6958058315811977e-05, 1.9650335479084698e-05, 1.9532917624604335e-05]"
171,"[3.4123990255387894e-07, 4.0339506316830154e-07, 4.270440781687059e-07, 4.949163163662217e-07, 4.859454806551049e-07]","[1.3539402482962511e-05, 1.5707432430488977e-05, 1.6768061129289486e-05, 1.9438045688225182e-05, 1.8917328687698578e-05]"
172,"[3.373718979004158e-07, 4.0540352236691284e-07, 4.285405724886207e-07, 4.965826314499505e-07, 4.884933024609458e-07]","[1.3682595806036227e-05, 1.5228735523709649e-05, 1.554348096704894e-05, 1.8007677615089655e-05, 1.8080554357306844e-05]"
173,"[3.2573246593811386e-07, 3.78391101610184e-07, 3.9419312149218676e-07, 4.5677729015383485e-07, 4.5304754564078306e-07]","[1.4117005466325176e-05, 1.5739636530974193e-05, 1.594062755073684e-05, 1.8466005135871016e-05, 1.8636701709035952e-05]"
174,"[3.6206353682325066e-07, 4.1166598605133e-07, 4.2975819602800495e-07, 4.981047953141389e-07, 4.912283030594795e-07]","[1.3385454997521835e-05, 1.498385325096598e-05, 1.557873811999309e-05, 1.8056001799187347e-05, 1.7852405240243456e-05]"
175,"[3.4311078794755946e-07, 4.0927583229546684e-07, 4.2826759452348173e-07, 4.961784115111864e-07, 4.919519982558396e-07]","[1.4050094553126805e-05, 1.5750929960461024e-05, 1.5954175113634937e-05, 1.8480942949035622e-05, 1.866013032253013e-05]"
176,"[3.7260254695811413e-07, 4.367857487387301e-07, 4.6559385526728393e-07, 5.39653679870346e-07, 5.253814245746205e-07]","[1.4350872816387428e-05, 1.644320730305652e-05, 1.6941453901805074e-05, 1.9627456258815807e-05, 1.960728918883274e-05]"
177,"[3.684990645472956e-07, 4.3202213941546453e-07, 4.5633286077764036e-07, 5.288004907193979e-07, 5.198628357841849e-07]","[1.347901313419573e-05, 1.4832190259413999e-05, 1.495188607388272e-05, 1.7321342530836508e-05, 1.751300199164871e-05]"
178,"[3.611155650548587e-07, 4.1318612832099525e-07, 4.2210757278524554e-07, 4.889624265013283e-07, 4.913680848647703e-07]","[1.334705034415287e-05, 1.4534143419659829e-05, 1.4684076557476731e-05, 1.70128833714078e-05, 1.714723897667739e-05]"
179,"[3.6549230529059474e-07, 4.193098352950075e-07, 4.322494076333597e-07, 5.007367925658678e-07, 5.01444153193691e-07]","[1.3178607807816203e-05, 1.4843023761917974e-05, 1.5251839217291461e-05, 1.7672188969532547e-05, 1.764828712407735e-05]"
180,"[3.6963617354908186e-07, 4.342520503143693e-07, 4.5498120915586826e-07, 5.272600809751488e-07, 5.209713848958481e-07]","[1.4939316366108467e-05, 1.6450331529414747e-05, 1.6129961273074572e-05, 1.8673136803878236e-05, 1.9322994395730582e-05]"
181,"[3.5586365642115816e-07, 4.298925133394796e-07, 4.563400141342902e-07, 5.288215139043407e-07, 5.193645633687595e-07]","[1.4364159629229624e-05, 1.5907441931760052e-05, 1.609365252910283e-05, 1.8642955537872943e-05, 1.8823169091534868e-05]"
182,"[3.703444056788171e-07, 4.218525843491901e-07, 4.312162874835244e-07, 4.995062778657837e-07, 5.018246132760461e-07]","[1.3752001726228091e-05, 1.5370462574279445e-05, 1.546283499401109e-05, 1.790922598424797e-05, 1.8178468921561345e-05]"
183,"[3.689475050202252e-07, 4.3023993841024813e-07, 4.532878652744525e-07, 5.252602301778423e-07, 5.161654220973416e-07]","[1.3352402124391898e-05, 1.456712072532284e-05, 1.5024782490449906e-05, 1.7415762136952176e-05, 1.7254003394768175e-05]"
184,"[3.90250164859451e-07, 4.4655714197862534e-07, 4.5263408549579495e-07, 5.241424889445149e-07, 5.314842545066343e-07]","[1.253601729412091e-05, 1.3437449568301172e-05, 1.3592699052081593e-05, 1.5751906360528465e-05, 1.5816138486842632e-05]"
185,"[3.677944956537933e-07, 4.2048596007407545e-07, 4.333494566940881e-07, 5.020679221310192e-07, 5.012524571452843e-07]","[1.397858240923716e-05, 1.6185495540635603e-05, 1.6915950353185517e-05, 1.9602709906081805e-05, 1.9378495781585822e-05]"
186,"[3.5243705397662147e-07, 4.1302658384917777e-07, 4.304407466252662e-07, 4.986801714187772e-07, 4.949867477120713e-07]","[1.4445678612057156e-05, 1.559865235439446e-05, 1.5201809379081878e-05, 1.7601005916937933e-05, 1.8236684231253043e-05]"
187,"[3.7635429838761824e-07, 4.4523705032762967e-07, 4.673151458607468e-07, 5.414877920728805e-07, 5.347522732045836e-07]","[1.3540942990370847e-05, 1.5425002372234108e-05, 1.627453910372499e-05, 1.886535506793812e-05, 1.8471413042998014e-05]"
188,"[3.667804842657992e-07, 4.202017992885652e-07, 4.349749551949434e-07, 5.039505915343137e-07, 5.004071541532752e-07]","[1.2796616348715044e-05, 1.4222454101662162e-05, 1.4338281590575485e-05, 1.660907510508926e-05, 1.681227774492017e-05]"
189,"[4.0139088306102104e-07, 4.556611261495615e-07, 4.5346694939038795e-07, 5.249190482662724e-07, 5.393927251058617e-07]","[1.2742511919068175e-05, 1.3933349231154912e-05, 1.3847065314333746e-05, 1.6036671876628637e-05, 1.6395981148362806e-05]"
190,"[3.727540559637454e-07, 4.2681917099628763e-07, 4.4075302677474466e-07, 5.106052358285592e-07, 5.096225787904912e-07]","[1.3218989918645544e-05, 1.4865462165590204e-05, 1.5701490842773254e-05, 1.8205313660667825e-05, 1.7770616966310107e-05]"
191,"[3.0280360348467874e-07, 3.4872364152699556e-07, 3.5353895506214474e-07, 4.0937240024037455e-07, 4.152565274069679e-07]","[1.3625642370917793e-05, 1.535056467667384e-05, 1.525907433972407e-05, 1.7666514664719588e-05, 1.8135196897478233e-05]"
192,"[3.434338992187037e-07, 3.9626033505500783e-07, 3.9925028776482174e-07, 4.6228928186849573e-07, 4.7086065251710425e-07]","[1.3311684173973848e-05, 1.4596470339984869e-05, 1.4657813243945619e-05, 1.698040720027213e-05, 1.7201770066867003e-05]"
193,"[3.0957432867447403e-07, 3.583091772347726e-07, 3.646083875728158e-07, 4.22322838988014e-07, 4.263735715972018e-07]","[1.362718266278474e-05, 1.534053964837728e-05, 1.5583066034327884e-05, 1.80506736042307e-05, 1.8203064079855153e-05]"
194,"[3.675037952892713e-07, 4.0976597635113503e-07, 4.081876518130816e-07, 4.7266730324431127e-07, 4.839790756083921e-07]","[1.422907428331156e-05, 1.6014776964450703e-05, 1.6546508302553467e-05, 1.91755733414455e-05, 1.9055067014440634e-05]"
195,"[2.2121581374384233e-07, 2.607221834651706e-07, 2.770117515557285e-07, 3.21041010078569e-07, 3.14520173688426e-07]","[1.313778900828944e-05, 1.556311349937415e-05, 1.6692518504949028e-05, 1.9348806829566416e-05, 1.8810507635629266e-05]"
196,"[3.0386136541203e-07, 3.703768973484377e-07, 3.8859868306914347e-07, 4.5016267362927037e-07, 4.466067883275493e-07]","[1.5957709321997687e-05, 1.8934318975152744e-05, 1.9786614462695487e-05, 2.292398890075979e-05, 2.273794632431913e-05]"
197,"[1.8056914809132486e-07, 2.1319870093448055e-07, 2.249765866456386e-07, 2.607410631165884e-07, 2.5650932547982553e-07]","[1.1479031945288823e-05, 1.309937715032368e-05, 1.3373703343195016e-05, 1.549298648372367e-05, 1.557460835655105e-05]"
198,"[1.71397121994388e-07, 2.0854662318882437e-07, 2.310929244966126e-07, 2.680172604656342e-07, 2.541879015217317e-07]","[1.2111666891136357e-05, 1.5037997376976944e-05, 1.7122830154327364e-05, 1.9865595487857602e-05, 1.851098240250025e-05]"
199,"[1.788507459799955e-07, 2.1743441783944183e-07, 2.356215634700714e-07, 2.731558864989462e-07, 2.6386533531458016e-07]","[1.2057809378762822e-05, 1.526970327321833e-05, 1.7073948082641837e-05, 1.980021189914368e-05, 1.874662560610795e-05]"
200,"[1.704784052942224e-07, 1.9965171871093604e-07, 2.076941207023847e-07, 2.406289809819957e-07, 2.3901700652760324e-07]","[1.099045103421831e-05, 1.3970515060337725e-05, 1.578405130502993e-05, 1.8306685697887932e-05, 1.7208786361886026e-05]"
201,"[2.0092207882407165e-07, 2.3507411360095232e-07, 2.428301974523986e-07, 2.8130242033536745e-07, 2.811808639772492e-07]","[1.2439332672550471e-05, 1.5177506414103537e-05, 1.6329290897544272e-05, 1.892588780894341e-05, 1.8403634786762264e-05]"
202,"[1.5220103590967336e-07, 1.8281323811398694e-07, 1.9975889348792784e-07, 2.3160872943045824e-07, 2.2225658020037384e-07]","[1.0653220469300281e-05, 1.3211505317394752e-05, 1.4928087928338798e-05, 1.731658702484371e-05, 1.6235333301143608e-05]"
203,"[1.5187794872246344e-07, 1.8265961295935104e-07, 1.9600636104529194e-07, 2.2718878902523402e-07, 2.211384459767374e-07]","[1.1633205054110388e-05, 1.4540593405972434e-05, 1.6050509249193193e-05, 1.8610503676992102e-05, 1.7767216868469063e-05]"
204,"[1.5905508255639468e-07, 1.9155859865173145e-07, 2.0470939065894507e-07, 2.3726250905230144e-07, 2.314733868967123e-07]","[1.1258645002949557e-05, 1.403094647838206e-05, 1.546354051113605e-05, 1.7928920081241968e-05, 1.7145603089756296e-05]"
205,"[1.64390820162494e-07, 1.8997151543901238e-07, 2.0040176519674004e-07, 2.3225248217218217e-07, 2.2824547228728706e-07]","[1.1044339276898293e-05, 1.3316613372136776e-05, 1.4960254445492402e-05, 1.735446317384908e-05, 1.6303533722468652e-05]"
206,"[1.3734801749055207e-07, 1.636062597471976e-07, 1.771815672140304e-07, 2.0541344278216261e-07, 1.9807043827585695e-07]","[9.489720270354644e-06, 1.1650828081487478e-05, 1.2897206905261442e-05, 1.495647900687298e-05, 1.4225486784001636e-05]"
207,"[1.315266454602839e-07, 1.5449814883519436e-07, 1.6737945501003328e-07, 1.9408006080762308e-07, 1.8657685646225865e-07]","[9.207157209288288e-06, 1.1864117822368949e-05, 1.360670303023633e-05, 1.5785381133167665e-05, 1.4681472637073415e-05]"
208,"[1.4114136448720443e-07, 1.7035815732105676e-07, 1.8676915046437386e-07, 2.1659495468166396e-07, 2.0696674255237212e-07]","[1.0192352855301188e-05, 1.3023740487635328e-05, 1.4895167887444214e-05, 1.7280279911531556e-05, 1.608975754629094e-05]"
209,"[1.598573593181345e-07, 1.9306401627820185e-07, 2.0754439089832514e-07, 2.4055123183510237e-07, 2.3378523124910658e-07]","[1.2071043207896257e-05, 1.4720677148973104e-05, 1.5955233117188014e-05, 1.84952500059241e-05, 1.7878637147523168e-05]"
210,"[1.498698698190562e-07, 1.786498742970437e-07, 1.9053973109685643e-07, 2.208399006436219e-07, 2.1562317646796598e-07]","[1.0523910760329142e-05, 1.2830621809801429e-05, 1.3982228719962872e-05, 1.6210466714151378e-05, 1.559574734809241e-05]"
211,"[1.430774513406896e-07, 1.68335606122139e-07, 1.795271181132176e-07, 2.080710331476539e-07, 2.031423835466283e-07]","[1.0005162452578499e-05, 1.1893553175277375e-05, 1.2935743501592947e-05, 1.499867016170921e-05, 1.4421091672303918e-05]"
212,"[1.1392860329108351e-07, 1.4099158316098803e-07, 1.577739727899707e-07, 1.8299957387099146e-07, 1.7268288772805867e-07]","[8.22303878218982e-06, 1.0678731997736387e-05, 1.2565030492616969e-05, 1.4582887529866183e-05, 1.3310531547101774e-05]"
213,"[1.5084153677149776e-07, 1.7592625229343193e-07, 1.8534846225838058e-07, 2.1480879508846002e-07, 2.1129075897879245e-07]","[1.0252973075145346e-05, 1.2650142714849435e-05, 1.3746867220466422e-05, 1.593532863122052e-05, 1.538899783325151e-05]"
214,"[1.3071998455270336e-07, 1.577700236010119e-07, 1.699934014928053e-07, 1.970540048628243e-07, 1.9087088326329256e-07]","[9.28716922087729e-06, 1.0901451556592007e-05, 1.1524749995238774e-05, 1.33567797528099e-05, 1.3107813242567694e-05]"
215,"[1.5696860558292384e-07, 1.824085997253313e-07, 1.9081955831636024e-07, 2.2110328031651753e-07, 2.1880426032665452e-07]","[1.165127821402322e-05, 1.3681849637827733e-05, 1.4691943521550774e-05, 1.703136719304346e-05, 1.6525599661371352e-05]"
216,"[1.506449477146644e-07, 1.7544731761918522e-07, 1.8317459498344248e-07, 2.1224125483974597e-07, 2.1034910536639242e-07]","[9.496192105694423e-06, 1.1329158252522033e-05, 1.2075316093625603e-05, 1.3994987597293902e-05, 1.3678273208685527e-05]"
217,"[1.355486803173615e-07, 1.6791694374457437e-07, 1.8398854726689084e-07, 2.1331000805620762e-07, 2.0466298324424214e-07]","[9.526535614898865e-06, 1.2310511872157478e-05, 1.3948072936885714e-05, 1.617758792698834e-05, 1.5186933489027286e-05]"
218,"[1.4569474588826499e-07, 1.6795266901953812e-07, 1.7379918829528736e-07, 2.0136637765735442e-07, 2.0047822491184258e-07]","[9.74169414926696e-06, 1.155030805844301e-05, 1.2248210407307334e-05, 1.419449297701504e-05, 1.3917364652428991e-05]"
219,"[1.3293298649225255e-07, 1.552775441295541e-07, 1.671091389606795e-07, 1.9375307966841302e-07, 1.873224958521352e-07]","[8.28767016999412e-06, 9.652304587071107e-06, 1.0733019763314326e-05, 1.2452528023416576e-05, 1.1729267420945594e-05]"
220,"[1.5604825874227136e-07, 1.8081915644194662e-07, 1.8600381226321918e-07, 2.1548166471455416e-07, 2.1593540393286416e-07]","[9.770525256237794e-06, 1.157032115709118e-05, 1.2232690181960372e-05, 1.4176110054996337e-05, 1.3927252138709077e-05]"
221,"[1.409329369291659e-07, 1.6312334070409949e-07, 1.6728769375385216e-07, 1.937641146519661e-07, 1.946152063501167e-07]","[9.32576893632772e-06, 1.0598867342755817e-05, 1.0681066153005237e-05, 1.2369416731423581e-05, 1.2568006964405419e-05]"
222,"[1.5355668995173346e-07, 1.8845752906307308e-07, 2.086706158870812e-07, 2.420110150295735e-07, 2.2985613726109363e-07]","[1.055606893021787e-05, 1.2733259459947832e-05, 1.4049988194199877e-05, 1.62935875221633e-05, 1.5515586385081638e-05]"
223,"[1.5455902473595988e-07, 1.7845933014144863e-07, 1.8831274235193186e-07, 2.1825446436575296e-07, 2.141684782169694e-07]","[1.0425074530909147e-05, 1.203858944811751e-05, 1.2701432526058392e-05, 1.472094851281272e-05, 1.4452290561317902e-05]"
224,"[1.493174028973749e-07, 1.7397134394971713e-07, 1.7967325389618176e-07, 2.0814961337633443e-07, 2.0783172732732616e-07]","[1.0389752581670341e-05, 1.209651694931236e-05, 1.2641275827682075e-05, 1.4648119399801716e-05, 1.4497460268931303e-05]"
225,"[1.6195803216971598e-07, 1.9492656385224782e-07, 2.0797874941848502e-07, 2.4102166982782027e-07, 2.3573128669722182e-07]","[1.0689511406348364e-05, 1.2653298072604096e-05, 1.302860041932331e-05, 1.509061472191714e-05, 1.5139234585491059e-05]"
226,"[1.6153350846362776e-07, 1.8684016610648447e-07, 1.9030348908786718e-07, 2.2039862068481779e-07, 2.2260693400892646e-07]","[1.0512636859229654e-05, 1.1951571438485474e-05, 1.206560446563995e-05, 1.3972887269137633e-05, 1.4182091028338036e-05]"
227,"[1.9317612483553337e-07, 2.271099159503882e-07, 2.453956522266179e-07, 2.844957185805565e-07, 2.745026586278996e-07]","[1.0356246785408548e-05, 1.1877734667905506e-05, 1.2047313633614217e-05, 1.3952971299217603e-05, 1.4113678500773864e-05]"
228,"[1.5730975263445025e-07, 1.8153062976946756e-07, 1.8491829893138786e-07, 2.1417852993649e-07, 2.1600556400841537e-07]","[1.1053648513287873e-05, 1.2671620825234233e-05, 1.278647991272325e-05, 1.4807001636234938e-05, 1.5043089721495083e-05]"
229,"[1.8696607621546522e-07, 2.0743661541993703e-07, 2.0645068540607188e-07, 2.3918337570175787e-07, 2.445587701969079e-07]","[1.109463397802317e-05, 1.3136613247619565e-05, 1.3746057982301483e-05, 1.592636553022492e-05, 1.578272116366438e-05]"
230,"[2.1559017096217402e-07, 2.5180386305225124e-07, 2.5723549946828986e-07, 2.9788814304797464e-07, 3.006902012099618e-07]","[9.22637461481274e-06, 1.0877454188357081e-05, 1.125163158863186e-05, 1.3033432408867237e-05, 1.3026606948103536e-05]"
231,"[1.40535665579913e-07, 1.6323276680681033e-07, 1.7315707643259768e-07, 2.0070764076199319e-07, 1.9603259206686708e-07]","[1.0014157097207987e-05, 1.1696795127182115e-05, 1.2202324946110224e-05, 1.4138703667082841e-05, 1.4012656624900171e-05]"
232,"[1.55544686049874e-07, 1.7539403413352652e-07, 1.7656547203350567e-07, 2.0448676173819353e-07, 2.0774190873791556e-07]","[1.084029036483001e-05, 1.1964664553579217e-05, 1.1714850026481286e-05, 1.356138109130727e-05, 1.4050658681896797e-05]"
233,"[1.500790273239483e-07, 1.6912377265677886e-07, 1.721711899576921e-07, 1.9942832589962818e-07, 2.0066862278211532e-07]","[1.0513860665708377e-05, 1.2021939832224402e-05, 1.2195731305996213e-05, 1.4124766488795647e-05, 1.4283738894489048e-05]"
234,"[1.5368443191493899e-07, 1.7891583616865035e-07, 1.8944466953249433e-07, 2.195713488573321e-07, 2.1529794483099058e-07]","[1.0818057212564065e-05, 1.2734497683752171e-05, 1.3173926658773053e-05, 1.5260202609923545e-05, 1.5248791506749928e-05]"
235,"[1.581383622268862e-07, 1.8084550554919523e-07, 1.858889087881798e-07, 2.1536446196787358e-07, 2.1541879952547925e-07]","[1.0621647430045006e-05, 1.2575499366751621e-05, 1.3226303458175389e-05, 1.5325473752416935e-05, 1.5123122963822397e-05]"
236,"[1.6071278044732664e-07, 1.8777538760085272e-07, 1.966917111839567e-07, 2.2793111628057742e-07, 2.251242161982864e-07]","[1.1612676935871849e-05, 1.3244960354339649e-05, 1.332808481723764e-05, 1.543434280343752e-05, 1.570167837300106e-05]"
237,"[1.6910659142046115e-07, 1.949557572079281e-07, 2.0145508530747102e-07, 2.334167319750733e-07, 2.326966803383042e-07]","[1.1072489217204655e-05, 1.257224426405103e-05, 1.2865546430773217e-05, 1.4904102003176083e-05, 1.4954512956781693e-05]"
238,"[1.705381198276041e-07, 2.0000100210522804e-07, 2.0858294289701468e-07, 2.416703422849775e-07, 2.396015556542431e-07]","[1.1366590940229524e-05, 1.3281876636961041e-05, 1.3529115556654462e-05, 1.566774281206446e-05, 1.5835604131677078e-05]"
239,"[1.5426960235384275e-07, 1.8365613877828406e-07, 1.9569957044353312e-07, 2.2680586212042662e-07, 2.216967851821523e-07]","[1.111173549126759e-05, 1.2737721906538691e-05, 1.2970602359873035e-05, 1.5022730650660623e-05, 1.5155380640693127e-05]"
240,"[2.036048728004888e-07, 2.436713997200855e-07, 2.55991476809938e-07, 2.9658227597073546e-07, 2.932386143595628e-07]","[1.115131360099756e-05, 1.2891355694417661e-05, 1.3379381546125305e-05, 1.5502163433776805e-05, 1.5411668659681124e-05]"
241,"[1.5682891833659417e-07, 1.8724022575924626e-07, 1.9758291595193145e-07, 2.2894832436527076e-07, 2.2561839229128285e-07]","[1.0867543373286422e-05, 1.2493074688021457e-05, 1.2785129082818106e-05, 1.4809036539863386e-05, 1.4888583174816128e-05]"
242,"[1.6988710882524312e-07, 2.1200577080951557e-07, 2.359639983836745e-07, 2.73631480829635e-07, 2.5987889161399843e-07]","[1.160412167133208e-05, 1.387970779967136e-05, 1.4692529217544576e-05, 1.70262030151157e-05, 1.6732053505229478e-05]"
243,"[1.8509798952323654e-07, 2.2437081724199987e-07, 2.403544594237061e-07, 2.7856942781104376e-07, 2.7132038141640047e-07]","[1.1417775594046176e-05, 1.329234690663475e-05, 1.364256973352321e-05, 1.5801839689392094e-05, 1.586482437881754e-05]"
244,"[1.9570893192484185e-07, 2.3561888245153154e-07, 2.492521900782992e-07, 2.8881706652933764e-07, 2.840371289025635e-07]","[1.1728989669640196e-05, 1.3688596108328552e-05, 1.438434869256236e-05, 1.666870211410405e-05, 1.6437630528871304e-05]"
245,"[2.0977036513305774e-07, 2.4877814818477673e-07, 2.589454403521105e-07, 2.9996940661934247e-07, 2.9867989892267894e-07]","[1.1606338344848294e-05, 1.3592221560039237e-05, 1.422962705899694e-05, 1.6488299191889155e-05, 1.6307704905037937e-05]"
246,"[2.313503894577689e-07, 2.8172576499368686e-07, 2.970184779904906e-07, 3.4409451826197076e-07, 3.4003607866402564e-07]","[1.1940726530529447e-05, 1.417520548904257e-05, 1.4926166221828296e-05, 1.72949853338532e-05, 1.7062476967436013e-05]"
247,"[1.6953242375557278e-07, 2.0136186843628793e-07, 2.1296271433240653e-07, 2.4676889753063824e-07, 2.427310750855533e-07]","[1.1304188837348569e-05, 1.3169298006466777e-05, 1.3567524187906452e-05, 1.5716994002419386e-05, 1.572937072074747e-05]"
248,"[1.9689575114598593e-07, 2.329300575790085e-07, 2.4771202759183413e-07, 2.8712407212826005e-07, 2.8080066939837364e-07]","[1.2001802884555036e-05, 1.433692958848443e-05, 1.5264246375266808e-05, 1.7690618605850204e-05, 1.730336349581301e-05]"
249,"[1.8645703334895243e-07, 2.2544240551982108e-07, 2.442706508991007e-07, 2.831725178427172e-07, 2.737416027489442e-07]","[1.1582052461764386e-05, 1.393376515825943e-05, 1.499239902283913e-05, 1.7379084333740357e-05, 1.686265818846153e-05]"
250,"[1.9416737234757332e-07, 2.253074549718185e-07, 2.363838490106579e-07, 2.739145406273507e-07, 2.7042103020585006e-07]","[1.2899538188096464e-05, 1.5294384447842755e-05, 1.591634597014694e-05, 1.8438406155174948e-05, 1.8353754040669035e-05]"
251,"[1.9492089804933702e-07, 2.3375910012494696e-07, 2.48722548030055e-07, 2.8824024662950455e-07, 2.8241320425093094e-07]","[1.2059748923007368e-05, 1.4579046803236355e-05, 1.5511518571634928e-05, 1.797507357049369e-05, 1.761623928866711e-05]"
252,"[2.145394906807869e-07, 2.5714876376383315e-07, 2.728250133308506e-07, 3.161965911457155e-07, 3.1038193496386534e-07]","[1.3243956536171293e-05, 1.5606594662976738e-05, 1.6249619148630284e-05, 1.8825391892241382e-05, 1.8716849883368527e-05]"
253,"[2.042560181342447e-07, 2.4139150389310595e-07, 2.507103480238909e-07, 2.904209113504651e-07, 2.896742059402971e-07]","[1.1300599843807092e-05, 1.3634824062905333e-05, 1.4559629850962883e-05, 1.6873656567253286e-05, 1.6487046428563888e-05]"
254,"[2.345581089169975e-07, 2.694381759861708e-07, 2.8343289595870483e-07, 3.28480494532575e-07, 3.229110464129838e-07]","[1.3067980340407213e-05, 1.531353658491512e-05, 1.6008477425861665e-05, 1.8549499136505614e-05, 1.8356483644197867e-05]"
255,"[2.205248314590161e-07, 2.5905471214906745e-07, 2.7354588152096327e-07, 3.170355185542335e-07, 3.114367328680195e-07]","[1.334130064675077e-05, 1.5727899924402756e-05, 1.6662439294292224e-05, 1.9310716516307332e-05, 1.893056763985715e-05]"
256,"[2.323300781275956e-07, 2.7681931164384986e-07, 2.9297481361500675e-07, 3.395086222812364e-07, 3.3355355707816087e-07]","[1.1703518916446669e-05, 1.425318172672574e-05, 1.5800457654564467e-05, 1.8324124492120425e-05, 1.7401963608293095e-05]"
257,"[2.2829675689747096e-07, 2.67631950348828e-07, 2.8079288339793723e-07, 3.2533514444013726e-07, 3.2134851847466315e-07]","[1.2632463383608259e-05, 1.5340369873701615e-05, 1.6385088359678295e-05, 1.8988816032628116e-05, 1.8561793660681626e-05]"
258,"[2.121604576340798e-07, 2.468036082315916e-07, 2.520437931475224e-07, 2.919344096448841e-07, 2.9421608112657496e-07]","[1.1919257815357458e-05, 1.4081944079728093e-05, 1.4694587842270638e-05, 1.702514300707074e-05, 1.689613816613382e-05]"
259,"[2.493736028765775e-07, 2.93047462223365e-07, 3.0575726050782285e-07, 3.5420333281277126e-07, 3.51770234679227e-07]","[1.257920517633085e-05, 1.517850803669467e-05, 1.6177208624382155e-05, 1.8747866273719745e-05, 1.8340467022707952e-05]"
260,"[2.5821003307552966e-07, 3.085952114753694e-07, 3.2639018752349764e-07, 3.782454553084665e-07, 3.711309212801054e-07]","[1.2602749058475083e-05, 1.4758974049095594e-05, 1.5567037346284636e-05, 1.8040479569349577e-05, 1.7738923239852314e-05]"
261,"[2.6753561219024565e-07, 3.173256903411622e-07, 3.2641307900008176e-07, 3.780362296343434e-07, 3.79645039846248e-07]","[1.2576619023261798e-05, 1.4484381032673453e-05, 1.4937237366817014e-05, 1.7305437753734e-05, 1.7283688600503384e-05]"
262,"[3.6024330139906354e-07, 4.1011219045501187e-07, 4.08484683971355e-07, 4.7293436463031273e-07, 4.855145802739233e-07]","[1.661670374073944e-05, 1.993740097311114e-05, 2.089136246472214e-05, 2.420237571955666e-05, 2.3998205595288308e-05]"
263,"[2.0644172532052923e-07, 2.3498395819968896e-07, 2.3635464409636086e-07, 2.737024882170526e-07, 2.7843907081755965e-07]","[1.2002289072812055e-05, 1.3999492343571358e-05, 1.4398786325813214e-05, 1.6679170300821473e-05, 1.671918742652754e-05]"
264,"[1.8529893762719286e-07, 2.1959005692493794e-07, 2.3203995969990204e-07, 2.6887099688317834e-07, 2.645292306906965e-07]","[1.1356488439184744e-05, 1.3663342170870203e-05, 1.4627316023563085e-05, 1.695427717748573e-05, 1.6511934255054092e-05]"
265,"[2.057124271242061e-07, 2.4029855073866893e-07, 2.5170130203872044e-07, 2.9162455572428206e-07, 2.8869937391138155e-07]","[1.2310190669583804e-05, 1.4589197775960125e-05, 1.540211532341435e-05, 1.784849075891172e-05, 1.755694446066778e-05]"
266,"[2.136040221943259e-07, 2.5290033362403674e-07, 2.6672496190877275e-07, 3.0905568397686007e-07, 3.044796807186022e-07]","[1.1618211403572768e-05, 1.3664953901548584e-05, 1.4353823740053771e-05, 1.6633231283989076e-05, 1.6408918162160315e-05]"
267,"[1.9801955107242792e-07, 2.4000628993360594e-07, 2.602834509505878e-07, 3.0174203908966287e-07, 2.914555456370509e-07]","[1.1248534937318222e-05, 1.3720782262854066e-05, 1.4853852367040695e-05, 1.721823946164712e-05, 1.666019977589741e-05]"
268,"[1.9507926727746966e-07, 2.369864362610317e-07, 2.580712835136315e-07, 2.991940338174798e-07, 2.880161698500967e-07]","[1.1511730747702882e-05, 1.358722711298231e-05, 1.4440178992936001e-05, 1.6737340704671984e-05, 1.6363068151901293e-05]"
269,"[2.1778798566601443e-07, 2.652656423908498e-07, 2.863211744535155e-07, 3.3185958657272375e-07, 3.2210681718941246e-07]","[1.184072265301929e-05, 1.4106506567620198e-05, 1.4900153741069252e-05, 1.7266004789799837e-05, 1.69917675329389e-05]"
270,"[2.42522580051663e-07, 2.8468236172678716e-07, 2.974006827788886e-07, 3.4460953007783963e-07, 3.414112224332847e-07]","[1.4018549058736482e-05, 1.653866404877929e-05, 1.7347295022832656e-05, 2.0099796234361896e-05, 1.9874492015659128e-05]"
271,"[2.3999649751738777e-07, 2.8078339803475593e-07, 2.8647828706518357e-07, 3.318020553121221e-07, 3.3513916326353075e-07]","[1.2460197131289444e-05, 1.4941149583529374e-05, 1.560902790768477e-05, 1.8082284282709712e-05, 1.7966246606690835e-05]"
272,"[2.497104650066293e-07, 2.927855262775469e-07, 3.0369324448595096e-07, 3.5180492750505927e-07, 3.51017571124392e-07]","[1.277529081546956e-05, 1.5085627662179159e-05, 1.5728452147784514e-05, 1.8221596063253846e-05, 1.8104468027182546e-05]"
273,"[2.666515421589629e-07, 3.14870614796705e-07, 3.2557892748253705e-07, 3.771018391560907e-07, 3.773572380829748e-07]","[1.2708459897386864e-05, 1.5042850709156935e-05, 1.606096057250287e-05, 1.8616315517493144e-05, 1.8146973202735483e-05]"
274,"[2.9260585640229584e-07, 3.4543089933082425e-07, 3.5131979748636135e-07, 4.06776811075599e-07, 4.1242113353053714e-07]","[1.3035234491176569e-05, 1.5337921690840602e-05, 1.5947489746734247e-05, 1.8475493685804126e-05, 1.8382963270189394e-05]"
275,"[2.8882845327844755e-07, 3.262939941232094e-07, 3.286263034678697e-07, 3.8057113147354123e-07, 3.86964841154403e-07]","[1.3023074614575349e-05, 1.4663556943855133e-05, 1.5180492850098054e-05, 1.7591634722498734e-05, 1.7463804905461444e-05]"
276,"[2.950731718638167e-07, 3.4921213174076466e-07, 3.620548400688753e-07, 4.193738050540891e-07, 4.1878660797933513e-07]","[1.1339157269950107e-05, 1.3367608596011537e-05, 1.434875568731539e-05, 1.6633333851358974e-05, 1.6138583154096918e-05]"
277,"[3.091851965337141e-07, 3.6438527695520854e-07, 3.778382403706604e-07, 4.377399585978146e-07, 4.366349991212747e-07]","[1.2224732208549992e-05, 1.4381736625921642e-05, 1.5191576130646732e-05, 1.7604416969785268e-05, 1.7307593964388306e-05]"
278,"[3.1237606888445743e-07, 3.685487569397599e-07, 3.8360642995926756e-07, 4.443396237118242e-07, 4.422037893000015e-07]","[1.2674441086526525e-05, 1.4933840898750179e-05, 1.5689239810432307e-05, 1.817907050357021e-05, 1.7955930053536844e-05]"
279,"[3.2122721266481056e-07, 3.800646473568974e-07, 3.977625883479248e-07, 4.6084579635074316e-07, 4.566713172774144e-07]","[1.2964218468775917e-05, 1.492062622993541e-05, 1.542098370229278e-05, 1.7866709986120576e-05, 1.781285029824618e-05]"
280,"[3.092400726539541e-07, 3.7638987752251925e-07, 3.9850848683122345e-07, 4.6172489927832075e-07, 4.54608884952176e-07]","[1.3227017134683203e-05, 1.5256480627329767e-05, 1.5712144150234167e-05, 1.820133037030179e-05, 1.8212604210608966e-05]"
281,"[3.2608515768068874e-07, 3.8513661346888516e-07, 3.99840884221379e-07, 4.631820788548168e-07, 4.610827275948289e-07]","[1.2259075751317393e-05, 1.469626087998082e-05, 1.5545727247779356e-05, 1.801444258470327e-05, 1.7714926976718597e-05]"
282,"[3.2760612764395583e-07, 3.906583779616185e-07, 4.0204333543181104e-07, 4.65610816698105e-07, 4.6789748446261327e-07]","[1.195505438835588e-05, 1.3805787399129814e-05, 1.4457197290480989e-05, 1.675426329851701e-05, 1.6533185843111495e-05]"
283,"[3.1617641064469405e-07, 3.652662746057221e-07, 3.7263958068996873e-07, 4.316797578839034e-07, 4.348375591470221e-07]","[1.2496106301094766e-05, 1.4539576602510183e-05, 1.536275448669658e-05, 1.7804856454945447e-05, 1.747271720831571e-05]"
284,"[3.0998998471642225e-07, 3.7527572623212495e-07, 3.97689247645138e-07, 4.6082682018297043e-07, 4.5280065261308426e-07]","[1.224362199635364e-05, 1.4503428769353959e-05, 1.5311415994969086e-05, 1.7743263434423245e-05, 1.7458710220248712e-05]"
285,"[3.286323000202282e-07, 3.914012386490252e-07, 4.1240558027538357e-07, 4.778295616907404e-07, 4.7186866076316595e-07]","[1.212682555990584e-05, 1.3863598500776634e-05, 1.4212883670363419e-05, 1.6463821816748803e-05, 1.651843158991926e-05]"
286,"[3.7143439829219127e-07, 4.302856444915325e-07, 4.338694522745044e-07, 5.023842419783732e-07, 5.113630162461768e-07]","[1.3975197472996272e-05, 1.623854566218707e-05, 1.7114366544593857e-05, 1.983527042692364e-05, 1.949163280972928e-05]"
287,"[2.8833205643270893e-07, 3.1961024524528177e-07, 3.1137210427661584e-07, 3.6040027437726573e-07, 3.7543139670950063e-07]","[1.4147587043922368e-05, 1.6505742182589985e-05, 1.701362957457824e-05, 1.970883103642545e-05, 1.971956399439471e-05]"
288,"[2.6292358881850294e-07, 2.9665129321186346e-07, 2.979584578875349e-07, 3.450567240336514e-07, 3.50852967481948e-07]","[1.1891524926827285e-05, 1.4001942085585131e-05, 1.4818657656270873e-05, 1.7173567745565574e-05, 1.68496963793784e-05]"
289,"[2.2982173946362678e-07, 2.711061768697756e-07, 2.8201509644933963e-07, 3.267254418477679e-07, 3.248258731420384e-07]","[1.140266897760492e-05, 1.373888188004538e-05, 1.4770337025013934e-05, 1.7120249300672413e-05, 1.6636410387351243e-05]"
290,"[2.385949703993869e-07, 2.7226001338861456e-07, 2.7997521210493986e-07, 3.243785102766294e-07, 3.242542019330314e-07]","[1.2021488213254936e-05, 1.3999073300174649e-05, 1.4589469304399308e-05, 1.690439115383757e-05, 1.6764265306929496e-05]"
291,"[2.738340587832767e-07, 3.19176150599888e-07, 3.273158817359526e-07, 3.7915636337031693e-07, 3.8068866705423466e-07]","[1.2928783616370511e-05, 1.5098578048153477e-05, 1.5832987130328836e-05, 1.834761957122568e-05, 1.810770975296356e-05]"
292,"[1.9593524136125057e-07, 2.239401108634241e-07, 2.2657878427616712e-07, 2.624226249840141e-07, 2.657415979848869e-07]","[1.0031611457546909e-05, 1.1842948050060865e-05, 1.263793562605367e-05, 1.464866263023725e-05, 1.4286789395500485e-05]"
293,"[1.7996559429401077e-07, 2.1212575346534037e-07, 2.2266505717183817e-07, 2.580135339544819e-07, 2.5460846876538075e-07]","[1.0704270490779168e-05, 1.2562343432253831e-05, 1.3110281223311699e-05, 1.5189842515247758e-05, 1.5064686772708835e-05]"
294,"[2.1141528834310505e-07, 2.5138585515115846e-07, 2.625152437818844e-07, 3.041443703255302e-07, 3.018112595108893e-07]","[1.1439780936845228e-05, 1.3286976243241158e-05, 1.376300739641952e-05, 1.5945026114072612e-05, 1.5886721557532098e-05]"
295,"[2.3915381061871625e-07, 2.749068832018104e-07, 2.7869958736861594e-07, 3.227261119463302e-07, 3.270875598900066e-07]","[1.1243431674898552e-05, 1.3436431680810909e-05, 1.4229979600980906e-05, 1.6489687121806533e-05, 1.6201550832509972e-05]"
296,"[1.7684356482859524e-07, 2.1360336486839137e-07, 2.2875789457378602e-07, 2.651329514895053e-07, 2.584317200522724e-07]","[1.0028413905664337e-05, 1.1745376610681041e-05, 1.2473944659967604e-05, 1.445845726987874e-05, 1.413078299293158e-05]"
297,"[1.9828288948882681e-07, 2.3835236334645316e-07, 2.519766443225326e-07, 2.9198624248719523e-07, 2.872815420221651e-07]","[1.1906817372190696e-05, 1.3648773601057967e-05, 1.4056781829391238e-05, 1.6284593479940422e-05, 1.62838021299954e-05]"
298,"[2.2244774113115585e-07, 2.660593196807928e-07, 2.798193994043175e-07, 3.241986768774407e-07, 3.2042572355995364e-07]","[1.2869109906149999e-05, 1.581564643954844e-05, 1.7268258927077453e-05, 2.0019235274468218e-05, 1.9256459064475744e-05]"
299,"[2.1779432352680878e-07, 2.5398984560897686e-07, 2.5868413127663306e-07, 2.995859079748046e-07, 3.0249738625122373e-07]","[1.1445377749552592e-05, 1.2982656102486257e-05, 1.2929970741304182e-05, 1.4969450154060161e-05, 1.5357225777799806e-05]"
300,"[2.268548825649929e-07, 2.7179995440787255e-07, 2.869411128433444e-07, 3.324835304054068e-07, 3.2762253560442096e-07]","[1.181578320401553e-05, 1.3901291867836665e-05, 1.461998870797604e-05, 1.6941270534335076e-05, 1.6707605816674178e-05]"
301,"[2.4281625774171216e-07, 2.852324417300446e-07, 2.953612025490974e-07, 3.421473538728661e-07, 3.414828982883453e-07]","[1.2086885304349722e-05, 1.427830262240298e-05, 1.528829901152871e-05, 1.772202008151884e-05, 1.7236988752057547e-05]"
302,"[2.2576415893993224e-07, 2.6930129504774486e-07, 2.81912780805628e-07, 3.266017175755224e-07, 3.237836684347581e-07]","[1.2380807887488983e-05, 1.4754645774452594e-05, 1.549186207857895e-05, 1.7949408267210295e-05, 1.7750265703305398e-05]"
303,"[2.3354816797423116e-07, 2.718047358138642e-07, 2.7560926403936903e-07, 3.191300908124469e-07, 3.236706284869396e-07]","[1.2191808935652827e-05, 1.42634046492618e-05, 1.470309922565417e-05, 1.703176202858922e-05, 1.7050131041752368e-05]"
304,"[2.667904311138763e-07, 3.1692242705008455e-07, 3.3583794536945055e-07, 3.891549173801609e-07, 3.8222606812308424e-07]","[1.2784690421328988e-05, 1.525854067310892e-05, 1.6480158577562287e-05, 1.910584302865166e-05, 1.8472563286950377e-05]"
305,"[2.2600105433745115e-07, 2.706901967188091e-07, 2.8614456262061434e-07, 3.315619674512393e-07, 3.2652001377502507e-07]","[1.2041179490607478e-05, 1.4425984960359755e-05, 1.519088606798426e-05, 1.7601388357768727e-05, 1.7370920702197545e-05]"
306,"[2.5819695885225083e-07, 3.1632667029353314e-07, 3.379693518959711e-07, 3.91646105044708e-07, 3.830678491684215e-07]","[1.2818655053735738e-05, 1.5351023551777454e-05, 1.6492959951793495e-05, 1.9118710378142505e-05, 1.856478427828637e-05]"
307,"[2.2207189993110585e-07, 2.65629841222467e-07, 2.825419059636309e-07, 3.274196882933977e-07, 3.2069537607096576e-07]","[1.2837401058573871e-05, 1.5051914845835126e-05, 1.558015685586449e-05, 1.8047933521183334e-05, 1.8024844993497505e-05]"
308,"[2.7164241674415e-07, 3.17668199094213e-07, 3.2242566762186836e-07, 3.733504551488773e-07, 3.787365531057688e-07]","[1.3492872007682017e-05, 1.558791987322621e-05, 1.59009078706628e-05, 1.841635129463878e-05, 1.856748551859853e-05]"
309,"[2.777143816331169e-07, 3.2617175486964965e-07, 3.4210644106211387e-07, 3.9637690418670173e-07, 3.920551346594475e-07]","[1.2898349482406426e-05, 1.4997605989688204e-05, 1.5606891138532062e-05, 1.8082965478223405e-05, 1.795589722902997e-05]"
310,"[2.6835510985744197e-07, 3.2718464932697137e-07, 3.5145525984018114e-07, 4.0736118786977036e-07, 3.960978184874011e-07]","[1.2246838433949617e-05, 1.4799540930361163e-05, 1.5818886282430472e-05, 1.8334226490991087e-05, 1.7894871137043942e-05]"
311,"[2.826754045509884e-07, 3.4036887555555437e-07, 3.585971763204389e-07, 4.1550989952019914e-07, 4.1043676643892436e-07]","[1.2438221790334703e-05, 1.4476836430366802e-05, 1.4960326031246221e-05, 1.7331699949019064e-05, 1.7302426666067716e-05]"
312,"[2.745231199594862e-07, 3.2650770255368644e-07, 3.391214601768905e-07, 3.9282551701080067e-07, 3.9199977872081747e-07]","[1.3081711634344433e-05, 1.5020215147687394e-05, 1.5349299692490617e-05, 1.7779472671816794e-05, 1.7882439138683265e-05]"
313,"[3.138451643909783e-07, 3.8230088931490543e-07, 4.030512461367651e-07, 4.6695233701561144e-07, 4.6168132727903837e-07]","[1.3042399408638514e-05, 1.482211236680836e-05, 1.501022471248253e-05, 1.738472661646896e-05, 1.7591898371690466e-05]"
314,"[3.021640987472547e-07, 3.671596003621511e-07, 3.904909809651516e-07, 4.5249336910358735e-07, 4.4386274781318653e-07]","[1.2879993520287853e-05, 1.4993308974702835e-05, 1.554865954922847e-05, 1.8014354563488657e-05, 1.7935007232458424e-05]"
315,"[3.185416305419435e-07, 3.7343784498349694e-07, 3.8982173820898324e-07, 4.516352221335502e-07, 4.477071611478856e-07]","[1.3690344919728183e-05, 1.602957462556216e-05, 1.6620932000492637e-05, 1.9255095342186455e-05, 1.9189831913429592e-05]"
316,"[3.076999130979272e-07, 3.664113437296287e-07, 3.7757633674242043e-07, 4.372784734134634e-07, 4.390682050953634e-07]","[1.2706493462397826e-05, 1.5023428159148996e-05, 1.5556156064792482e-05, 1.8019906457577725e-05, 1.7997907588639928e-05]"
317,"[3.157922429614664e-07, 3.7094623587732313e-07, 3.845208226513575e-07, 4.454856723232217e-07, 4.436369649137278e-07]","[1.2428390354700251e-05, 1.420698513281772e-05, 1.4720727637946793e-05, 1.7057459955088752e-05, 1.6948617937652437e-05]"
318,"[3.2507088745272246e-07, 3.8813826305809596e-07, 4.058415825543556e-07, 4.701617498156211e-07, 4.670026780149898e-07]","[1.2923824128426003e-05, 1.5324933719961366e-05, 1.619563602223792e-05, 1.876874016581417e-05, 1.844394535926429e-05]"
319,"[3.262985969434166e-07, 3.944284938175438e-07, 4.130368810431999e-07, 4.784897459987271e-07, 4.748073280007603e-07]","[1.220062991410944e-05, 1.419621759545887e-05, 1.4899703441064378e-05, 1.7267793264779655e-05, 1.701584863243194e-05]"
320,"[3.325884971609191e-07, 3.8820511076555124e-07, 3.9899399356853363e-07, 4.6220900430127024e-07, 4.635719819176313e-07]","[1.2689949647329286e-05, 1.4423141630219262e-05, 1.4654278376945463e-05, 1.6974615035079696e-05, 1.713279377698583e-05]"
321,"[3.3826619397426034e-07, 4.0172210408146417e-07, 4.2576990165068684e-07, 4.933193534052578e-07, 4.84726148942206e-07]","[1.3121734689173929e-05, 1.4861432251369906e-05, 1.5189345228847608e-05, 1.759597305104852e-05, 1.766635299464184e-05]"
322,"[3.3720823848845897e-07, 4.169743831509211e-07, 4.624035189621491e-07, 5.361534610650099e-07, 5.10705659828622e-07]","[1.2906692955938058e-05, 1.4808407313241772e-05, 1.531999524634076e-05, 1.7749909713364777e-05, 1.767811873074275e-05]"
323,"[3.2245062779261175e-07, 3.795765730260632e-07, 3.9732368423985023e-07, 4.6031108376982053e-07, 4.5651249184437616e-07]","[1.2892349696010265e-05, 1.4342076283620933e-05, 1.4437445625010831e-05, 1.672297218277629e-05, 1.6957637871722578e-05]"
324,"[3.324599025844136e-07, 4.016830242334396e-07, 4.2235677611812656e-07, 4.893344337175271e-07, 4.837242567987863e-07]","[1.2629449109084666e-05, 1.4002981291741978e-05, 1.3991833378624855e-05, 1.6204122053794944e-05, 1.6521021871278077e-05]"
325,"[3.5879467195150546e-07, 4.2856788066890797e-07, 4.461965096945391e-07, 5.168506103785207e-07, 5.149573861726537e-07]","[1.1838844313439299e-05, 1.3467665022404402e-05, 1.3783958794367695e-05, 1.596793715110895e-05, 1.6026970883484596e-05]"
326,"[4.045479799266779e-07, 4.923486095900777e-07, 5.188027793760477e-07, 6.011228110223538e-07, 5.938474003774275e-07]","[1.2611718762759494e-05, 1.4123377714493733e-05, 1.4547444567249404e-05, 1.6856358598231254e-05, 1.6802484652187024e-05]"
327,"[3.7427504875821617e-07, 4.622972929488612e-07, 5.069537040936779e-07, 5.87738368736514e-07, 5.635094798058092e-07]","[1.2335007652500408e-05, 1.4011880859228845e-05, 1.4293579016840073e-05, 1.6558698449996047e-05, 1.664207168360805e-05]"
328,"[3.868021941894582e-07, 4.463502207654259e-07, 4.4504084872487896e-07, 5.151733020539784e-07, 5.291823227259603e-07]","[1.2633661270908976e-05, 1.4011937858770608e-05, 1.3718015041926155e-05, 1.5880182613058125e-05, 1.6455564545740465e-05]"
329,"[3.4239798651544855e-07, 4.0569688025750553e-07, 4.274744207747484e-07, 4.953054337281419e-07, 4.883841520246942e-07]","[1.2229707815997237e-05, 1.3811773769291985e-05, 1.4077846399912496e-05, 1.6306821419630153e-05, 1.6418861003116525e-05]"
330,"[3.7466288203338635e-07, 4.4999439960206355e-07, 4.686963390367424e-07, 5.428792669822789e-07, 5.416154526061542e-07]","[1.1240551817881464e-05, 1.309561631381283e-05, 1.398824044934576e-05, 1.6216088711972306e-05, 1.5775857238095603e-05]"
331,"[3.1682318279002753e-07, 3.786450199441273e-07, 4.144351730457393e-07, 4.806991202532966e-07, 4.581717667575541e-07]","[1.1220321536807976e-05, 1.3136653378082294e-05, 1.3922623980375414e-05, 1.6137224367806782e-05, 1.5797010452081005e-05]"
332,"[3.516213104749539e-07, 4.0439235448627346e-07, 4.107498856561495e-07, 4.7575168735812557e-07, 4.805903102363922e-07]","[1.2417487938960014e-05, 1.4163588451458993e-05, 1.477659753268387e-05, 1.7125513837059032e-05, 1.691705018528703e-05]"
333,"[3.755017891807825e-07, 4.501370361695803e-07, 4.6953841109318253e-07, 5.438824284243124e-07, 5.418435953419169e-07]","[1.2953213295977512e-05, 1.4618282337240946e-05, 1.4596816898712785e-05, 1.690195274725909e-05, 1.7282255143407475e-05]"
334,"[3.609189181666271e-07, 4.1567592304538784e-07, 4.18886902867615e-07, 4.849814340777156e-07, 4.941326622620451e-07]","[1.2386902810110327e-05, 1.3584903645584561e-05, 1.370874742152225e-05, 1.5881115537530084e-05, 1.604993363742354e-05]"
335,"[3.497165300726887e-07, 4.1057873937357376e-07, 4.3575739799325324e-07, 5.050979123465255e-07, 4.928514284967812e-07]","[1.1701319703736436e-05, 1.3128071386072547e-05, 1.3635806823754573e-05, 1.5802681612433178e-05, 1.564345101773125e-05]"
336,"[3.4922693471943893e-07, 4.1183420035612854e-07, 4.2932869903480097e-07, 4.973781517749657e-07, 4.944082064833924e-07]","[1.3342389048525689e-05, 1.451052395076342e-05, 1.447100338543401e-05, 1.6761518090058753e-05, 1.7067142690696303e-05]"
337,"[3.8727509050013954e-07, 4.522308800945919e-07, 4.806607853388016e-07, 5.570928884448369e-07, 5.448466326319817e-07]","[1.1973203138557613e-05, 1.323738470231114e-05, 1.3376983196034828e-05, 1.5496256157917478e-05, 1.565558182271863e-05]"
338,"[3.6785733925852176e-07, 4.3254084507800827e-07, 4.551976894469556e-07, 5.274270103751818e-07, 5.2025467752984e-07]","[1.3426439757295469e-05, 1.5124067091520386e-05, 1.4996135724759316e-05, 1.7361429652850172e-05, 1.7855019880920685e-05]"
339,"[3.322027738222703e-07, 3.944957178274447e-07, 4.114972430383918e-07, 4.7675518860523395e-07, 4.7310434621660116e-07]","[1.2449113870467818e-05, 1.431653162878637e-05, 1.4851015485397487e-05, 1.7207846276654734e-05, 1.7097052769220372e-05]"
340,"[3.2150212030718166e-07, 3.757563818634648e-07, 3.942151642474208e-07, 4.56732875373324e-07, 4.5215737551371415e-07]","[1.3309585998281174e-05, 1.4579497453800448e-05, 1.4246448460208514e-05, 1.6491842436039238e-05, 1.710462470241236e-05]"
341,"[3.4211192944207125e-07, 3.9855149996574156e-07, 4.0539942472336327e-07, 4.6952382451362885e-07, 4.7475871330782007e-07]","[1.188183441077891e-05, 1.3813343650247783e-05, 1.4476362390563933e-05, 1.677592944910201e-05, 1.655786200052665e-05]"
342,"[3.498641195182544e-07, 4.075943468206702e-07, 4.1366178801559095e-07, 4.790220421109159e-07, 4.854007242872628e-07]","[1.2983906266163157e-05, 1.4519502120830005e-05, 1.4498025929305804e-05, 1.678850173735142e-05, 1.7147692527929324e-05]"
343,"[3.462798414358736e-07, 4.116839991114539e-07, 4.3018309119247235e-07, 4.983876256352098e-07, 4.943858725404771e-07]","[1.2270896278124568e-05, 1.4189237094287644e-05, 1.4742391426199869e-05, 1.7081122241968655e-05, 1.697419575489329e-05]"
344,"[2.5789059951620167e-07, 3.203576093589879e-07, 3.493476868900327e-07, 4.049603970511999e-07, 3.9042261640543336e-07]","[1.4339384332379083e-05, 1.7702557145720022e-05, 1.9178139017680974e-05, 2.2228749178205117e-05, 2.1532979726652846e-05]"
345,"[1.9157675152448777e-07, 2.2340897762855028e-07, 2.3215099708888005e-07, 2.6894820602546577e-07, 2.6755350235926625e-07]","[1.1145291571925584e-05, 1.313470251519508e-05, 1.3786438648197216e-05, 1.5974790860857183e-05, 1.578391912872255e-05]"
346,"[2.0249084623235655e-07, 2.396433867750816e-07, 2.527298960930042e-07, 2.928798518772257e-07, 2.8823463717389525e-07]","[1.1899266103795209e-05, 1.3938876378279477e-05, 1.4527659064836138e-05, 1.683093761180979e-05, 1.6720418447447115e-05]"
347,"[2.2611743656398482e-07, 2.6668259483817075e-07, 2.7208746104958933e-07, 3.1506831994580426e-07, 3.185385125079529e-07]","[1.1760610255474952e-05, 1.4107789287542013e-05, 1.4638316624473638e-05, 1.6955634018558638e-05, 1.6936721786660143e-05]"
348,"[1.981487163931944e-07, 2.2924149219644745e-07, 2.3321125653122657e-07, 2.700748830255558e-07, 2.7304512094112106e-07]","[1.0881411454346763e-05, 1.2522308260629155e-05, 1.283721187131751e-05, 1.4870128483665727e-05, 1.4923948838138582e-05]"
349,"[1.8468622519783258e-07, 2.1463957756026965e-07, 2.2229145276989568e-07, 2.5754109642736276e-07, 2.56617257579431e-07]","[1.1233916933992585e-05, 1.313707460199382e-05, 1.3632753923885452e-05, 1.579341286419387e-05, 1.573104674400514e-05]"
350,"[1.801044860566999e-07, 2.148252098418125e-07, 2.3018190579228904e-07, 2.6678800199426657e-07, 2.595928781736545e-07]","[1.0326052164486156e-05, 1.2730902615431614e-05, 1.409141956008554e-05, 1.634003138438596e-05, 1.556068393227664e-05]"
351,"[1.6956450052043534e-07, 2.0581125648430183e-07, 2.216684587735504e-07, 2.5695217664902776e-07, 2.4940105258705434e-07]","[1.0424388324725535e-05, 1.2985007413342725e-05, 1.4236590816335046e-05, 1.6505096148243493e-05, 1.584226519207241e-05]"
352,"[1.5416788854713246e-07, 1.7784443734026622e-07, 1.8778709073004925e-07, 2.176630725509751e-07, 2.132957378574021e-07]","[1.1185151820206974e-05, 1.2838304034570984e-05, 1.327907354666184e-05, 1.5384561109640207e-05, 1.5334351290245573e-05]"
353,"[1.9574415139442208e-07, 2.358888687480246e-07, 2.5647846665807136e-07, 2.97348848695644e-07, 2.86141460033254e-07]","[1.1400356964646943e-05, 1.3787472308221347e-05, 1.511449438189053e-05, 1.7525562428903793e-05, 1.6778023971716208e-05]"
354,"[1.5230401921892575e-07, 1.7605067622997229e-07, 1.8354015655355654e-07, 2.126947853095205e-07, 2.103727594590482e-07]","[1.0445875063091863e-05, 1.2395576298397713e-05, 1.292084728239263e-05, 1.496939798519802e-05, 1.4873333141148195e-05]"
355,"[1.8292479744034324e-07, 2.0713455725860344e-07, 2.0928022013851618e-07, 2.423899717822185e-07, 2.454683422648802e-07]","[1.1417282503833172e-05, 1.355133487693112e-05, 1.4275233993874608e-05, 1.6541785174925724e-05, 1.630065027385274e-05]"
356,"[1.5883720942930536e-07, 1.8482104803512257e-07, 1.977257664365493e-07, 2.2920026930714848e-07, 2.2276988386638982e-07]","[1.0683131563153859e-05, 1.2489407659277575e-05, 1.3222705709115177e-05, 1.532444411666844e-05, 1.5026386538781448e-05]"
357,"[1.6818371726895572e-07, 1.9773168476881436e-07, 2.1105642131391483e-07, 2.446625157969562e-07, 2.3814021805312806e-07]","[1.0387587155443388e-05, 1.2124510716829194e-05, 1.2729545725861735e-05, 1.475192566169175e-05, 1.4547726133291055e-05]"
358,"[2.1854481460085118e-07, 2.5421179775141167e-07, 2.6225978363285355e-07, 3.038258790746662e-07, 3.040383360861982e-07]","[1.2522499988915067e-05, 1.4866320063410948e-05, 1.521141405769655e-05, 1.761486876951542e-05, 1.7776631549170342e-05]"
359,"[1.5375899821203933e-07, 1.7782402643819612e-07, 1.821839227062389e-07, 2.1103686037971842e-07, 2.1218981087630285e-07]","[9.387115270140552e-06, 1.1023579466469413e-05, 1.145880507316313e-05, 1.3275304740581613e-05, 1.3208611465143755e-05]"
360,"[1.4307345183788965e-07, 1.698722143052256e-07, 1.8484276976079945e-07, 2.1431080281927358e-07, 2.0590129552235264e-07]","[1.0010719629993895e-05, 1.210432081780497e-05, 1.3053304789094012e-05, 1.5130378411057828e-05, 1.4676527640259213e-05]"
361,"[1.530137059175434e-07, 1.7680387388708055e-07, 1.8420958100498807e-07, 2.1343192721657968e-07, 2.1176577056582707e-07]","[8.398490396047841e-06, 9.647634800644963e-06, 9.76940771324932e-06, 1.1314296440078314e-05, 1.1460850458965967e-05]"
362,"[1.5353767187691598e-07, 1.844676006802088e-07, 1.9780064563576225e-07, 2.292605103547853e-07, 2.232217796488179e-07]","[1.0071608233402296e-05, 1.1894200685406254e-05, 1.2590502182241235e-05, 1.4591644414699621e-05, 1.4316466172653175e-05]"
363,"[1.5718844117636664e-07, 1.8963388318223717e-07, 2.0551045444210037e-07, 2.38266000659283e-07, 2.2989072656610845e-07]","[1.0101554591146079e-05, 1.2419678286092792e-05, 1.3754943891970368e-05, 1.595091349727781e-05, 1.5172370830540921e-05]"
364,"[1.4325585917274537e-07, 1.688246705509967e-07, 1.7900772416116267e-07, 2.074609064048663e-07, 2.033901595468706e-07]","[1.0234826505496747e-05, 1.19271076329721e-05, 1.2539932551589157e-05, 1.4532155822651219e-05, 1.4314112846628576e-05]"
365,"[2.319263159140257e-07, 2.7692184982485535e-07, 2.895527809216887e-07, 3.3543627979835496e-07, 3.327681665189443e-07]","[1.2757237612929099e-05, 1.5417781946400928e-05, 1.6379036844480538e-05, 1.8979933363466897e-05, 1.8625457176475634e-05]"
366,"[1.512322803467248e-07, 1.7272984747774896e-07, 1.756350591897102e-07, 2.0345692846658553e-07, 2.0530633456113889e-07]","[9.522036949976056e-06, 1.1104859317827074e-05, 1.1486862407468099e-05, 1.3307604603597447e-05, 1.3277360782265364e-05]"
367,"[1.5705106978092722e-07, 1.8548107076908507e-07, 2.0075830386921242e-07, 2.3273207609803653e-07, 2.247963222120931e-07]","[1.0987959383290996e-05, 1.2851774251405284e-05, 1.3372906009371e-05, 1.5494033764359806e-05, 1.5392451579023383e-05]"
368,"[1.7070653027178784e-07, 2.0752445985232349e-07, 2.2499319759075853e-07, 2.608425012533571e-07, 2.518591003217653e-07]","[1.0528030126816938e-05, 1.3169750463828625e-05, 1.465937625683129e-05, 1.6999304281417013e-05, 1.614128651811684e-05]"
369,"[2.0802601693416534e-07, 2.558960333828165e-07, 2.794312407306122e-07, 3.2396959700792783e-07, 3.1143917516277836e-07]","[1.3456274705029118e-05, 1.6892478733608803e-05, 1.8925649049185402e-05, 2.1950782487195022e-05, 2.0716356621637395e-05]"
370,"[1.619125827470716e-07, 1.9509680260057504e-07, 2.1171560944237672e-07, 2.454240943952381e-07, 2.36967498412527e-07]","[9.728408232109374e-06, 1.2214569117125116e-05, 1.3918038348255974e-05, 1.61456132651244e-05, 1.5068490310872848e-05]"
371,"[1.514896373608306e-07, 1.8033129377753676e-07, 1.900757713697263e-07, 2.2026933203999206e-07, 2.169377657798743e-07]","[9.25708820939736e-06, 1.1406556696085135e-05, 1.2644167736227082e-05, 1.4662633858366812e-05, 1.3943344374966034e-05]"
372,"[1.369509262633649e-07, 1.6354929284551663e-07, 1.7519730451925538e-07, 2.0308359856275531e-07, 1.9765841642560397e-07]","[8.679128889818954e-06, 1.1033922105380273e-05, 1.2666826619259802e-05, 1.4695703468417345e-05, 1.3645304165174886e-05]"
373,"[1.3145927654321362e-07, 1.5690907540310102e-07, 1.6848720276400226e-07, 1.9530352859603344e-07, 1.8970930414019762e-07]","[8.830380598876642e-06, 1.1012568525791351e-05, 1.2488298765361749e-05, 1.4487744732997127e-05, 1.3548037393995935e-05]"
374,"[1.7598060614260927e-07, 2.0396520581038767e-07, 2.1328115731481356e-07, 2.471530166832054e-07, 2.4444948856383054e-07]","[1.001369777385753e-05, 1.2026409747528192e-05, 1.3101245293598734e-05, 1.5190459101282082e-05, 1.4593050101143034e-05]"
375,"[1.8229948567964033e-07, 2.0918367108586095e-07, 2.143713870223268e-07, 2.4827947288058063e-07, 2.4964343887929917e-07]","[1.1234921076152632e-05, 1.3417151990859062e-05, 1.4577265327941529e-05, 1.6900460478440732e-05, 1.627473392299481e-05]"
376,"[1.4121744287420693e-07, 1.7043471640035254e-07, 1.8278371051220795e-07, 2.1184914347548332e-07, 2.0617967129764617e-07]","[9.21709057548291e-06, 1.203148401122075e-05, 1.3870912409333987e-05, 1.6091736594777095e-05, 1.4931961123734492e-05]"
377,"[1.813397986610563e-07, 2.1841714545436386e-07, 2.301473284179912e-07, 2.666633059587262e-07, 2.63160440007168e-07]","[1.143384091660292e-05, 1.4207436926637862e-05, 1.5784030131443954e-05, 1.830401334623012e-05, 1.7383757031060007e-05]"
378,"[1.4529257628796261e-07, 1.6809285014599384e-07, 1.7213486440106685e-07, 1.9936877529744083e-07, 2.0041812309795725e-07]","[9.02787682063427e-06, 1.0710712777551202e-05, 1.1360003578531546e-05, 1.316591732743249e-05, 1.2899681232091699e-05]"
379,"[2.1047650276747965e-07, 2.490313040927227e-07, 2.5598546959112495e-07, 2.9646493271385766e-07, 2.981644881811766e-07]","[9.689427027618303e-06, 1.1778573227615938e-05, 1.2764990494938661e-05, 1.4798102102530596e-05, 1.429705333163439e-05]"
380,"[1.3444828790626564e-07, 1.6426596050126357e-07, 1.8007644514797126e-07, 2.0879144462909516e-07, 2.001012660954125e-07]","[8.977702239694907e-06, 1.1696459164553626e-05, 1.3869133324353965e-05, 1.6098839338653007e-05, 1.4605498204396872e-05]"
381,"[1.319727833066031e-07, 1.564406174017254e-07, 1.661712494126939e-07, 1.925890462609411e-07, 1.8848519912427608e-07]","[7.988960225961812e-06, 1.0090338636130152e-05, 1.1343814672293504e-05, 1.3157874972432604e-05, 1.2392749676537287e-05]"
382,"[2.4968257418028844e-07, 2.8533677876276476e-07, 2.782395442768662e-07, 3.2193782111187544e-07, 3.3639225573042476e-07]","[8.488526936568124e-06, 9.932994344367194e-06, 1.0472771008636664e-05, 1.2137093526932232e-05, 1.1934135047744688e-05]"
383,"[2.0501295328717932e-07, 2.398986050805193e-07, 2.4414359561610533e-07, 2.8271731244229527e-07, 2.861629689405498e-07]","[1.0450739372519876e-05, 1.2501716622773397e-05, 1.3398099669090519e-05, 1.553012716987672e-05, 1.5113638678754188e-05]"
384,"[1.6827449757598507e-07, 1.9998399679442274e-07, 2.0982193354580345e-07, 2.430901371369705e-07, 2.4063593054931857e-07]","[9.652507786181606e-06, 1.1679358845085812e-05, 1.2748328793910085e-05, 1.478092358026533e-05, 1.4196548430107557e-05]"
385,"[1.9688016773451354e-07, 2.310331572931249e-07, 2.3748935629062252e-07, 2.75056136399227e-07, 2.7630461396505466e-07]","[1.1249403032206128e-05, 1.3889253167050453e-05, 1.5157630638875618e-05, 1.757225704185853e-05, 1.6910785045484615e-05]"
386,"[1.6157666498305523e-07, 1.859953905566792e-07, 1.9103228136902158e-07, 2.2127024613397289e-07, 2.2215712661812407e-07]","[9.203350340481075e-06, 1.0421690395786194e-05, 1.0398531989197377e-05, 1.204025179535113e-05, 1.2325368349249378e-05]"
387,"[1.2019657271538503e-07, 1.3991646443280603e-07, 1.4694215954939037e-07, 1.70289563206533e-07, 1.677864476393103e-07]","[7.98222950064243e-06, 9.524406930013895e-06, 1.006545981439544e-05, 1.1663510695059053e-05, 1.147673757504529e-05]"
388,"[1.242076132705194e-07, 1.4825818732816764e-07, 1.5614831173669917e-07, 1.809330274113149e-07, 1.7838587974507636e-07]","[7.940996253900096e-06, 9.496996449638094e-06, 1.0133895405977651e-05, 1.1745599194048213e-05, 1.146449583891699e-05]"
389,"[1.7992973937401434e-07, 2.0719824817132742e-07, 2.0698728344978378e-07, 2.3968185111596985e-07, 2.4547964941527373e-07]","[8.138067965266337e-06, 9.534023538304339e-06, 9.921267730469585e-06, 1.1494405952160793e-05, 1.1425845454849206e-05]"
390,"[1.5622819131692224e-07, 1.8320633916742932e-07, 1.8867965872931654e-07, 2.185527296571116e-07, 2.1892572208059067e-07]","[7.3578883115580795e-06, 8.632241945824367e-06, 9.096971142226922e-06, 1.0541646723654401e-05, 1.0379611925534141e-05]"
391,"[1.8897297712052678e-07, 2.2476488430058152e-07, 2.299315537766414e-07, 2.6625693900671154e-07, 2.6879698700848256e-07]","[7.95758077855276e-06, 9.604211196800752e-06, 1.0461575141210253e-05, 1.2129207729739672e-05, 1.1667232521579897e-05]"
392,"[2.613469409453369e-07, 3.0338106578516964e-07, 3.0125721540086347e-07, 3.4869042058710376e-07, 3.596547857854242e-07]","[7.835974727009832e-06, 9.739594933536012e-06, 1.104529240809317e-05, 1.2814696572411298e-05, 1.1967572919033045e-05]"
393,"[2.038593971118043e-07, 2.4445331851626575e-07, 2.5132796523104316e-07, 2.9103875202084677e-07, 2.930725578271307e-07]","[8.048269844447478e-06, 1.0770301651939232e-05, 1.2753632686587031e-05, 1.480142942517318e-05, 1.3479290952265874e-05]"
394,"[1.781313546956456e-07, 2.084582037443381e-07, 2.1249180141325643e-07, 2.4606622681657846e-07, 2.4854660177855075e-07]","[9.504416930140109e-06, 1.1346873391287305e-05, 1.1854696248816856e-05, 1.373350173946847e-05, 1.3636989379172459e-05]"
395,"[1.1774164740559557e-07, 1.4209632639659384e-07, 1.5362665225741287e-07, 1.7808127858007386e-07, 1.723602735609709e-07]","[7.857246739731346e-06, 1.025704022896075e-05, 1.1914128558616142e-05, 1.3824054690894788e-05, 1.2745500205876862e-05]"
396,"[1.2271785872968735e-07, 1.5063576830616774e-07, 1.642800811115182e-07, 1.90439174843852e-07, 1.8346784605858502e-07]","[7.11797238147342e-06, 9.305981375599481e-06, 1.091438835924252e-05, 1.2666576032759078e-05, 1.15900703311616e-05]"
397,"[1.7876733890203692e-07, 2.1210226101373305e-07, 2.1910561888620334e-07, 2.537692537173011e-07, 2.5427884959093696e-07]","[8.28113090767695e-06, 1.0421380509291167e-05, 1.1687118117158807e-05, 1.3554327441389833e-05, 1.2799561965320614e-05]"
398,"[1.4645254715676424e-07, 1.7254672850490775e-07, 1.8117011658412504e-07, 2.099252746667616e-07, 2.0730671704302707e-07]","[9.484007546630814e-06, 1.1366668246667216e-05, 1.2436564387256877e-05, 1.4420878488277561e-05, 1.3814570370694633e-05]"
399,"[1.4164339771634228e-07, 1.7253856833794614e-07, 1.8355286552566607e-07, 2.1268949760792043e-07, 2.0869978231299666e-07]","[7.746877140674364e-06, 9.88978325287602e-06, 1.122529293297396e-05, 1.3021134467369488e-05, 1.2193378701888426e-05]"
400,"[1.829522045165445e-07, 2.1847767820058143e-07, 2.272915661341686e-07, 2.632818085352516e-07, 2.6224556549170253e-07]","[8.518243089029214e-06, 1.0836476423279755e-05, 1.2253645954546127e-05, 1.4213546312425575e-05, 1.3338903076578302e-05]"
401,"[1.832561862155705e-07, 2.1565993465798145e-07, 2.2000197203821875e-07, 2.5475707205637667e-07, 2.5750907448295474e-07]","[9.209138272680611e-06, 1.124645980163625e-05, 1.215499296487098e-05, 1.4089476645383102e-05, 1.3650352863365327e-05]"
402,"[1.432117614371391e-07, 1.642201993315808e-07, 1.6884527687608157e-07, 1.956014363034845e-07, 1.9580992032318876e-07]","[9.268037328062013e-06, 1.1209043014355628e-05, 1.2066828606168357e-05, 1.3986718742227293e-05, 1.3580999478558988e-05]"
403,"[1.4573253740577107e-07, 1.642427513426815e-07, 1.6554030892890545e-07, 1.916952773226766e-07, 1.9472594663297153e-07]","[6.923578460152139e-06, 8.17880804483277e-06, 8.55234353591469e-06, 9.90896639838734e-06, 9.819826941907818e-06]"
404,"[1.3046452400476378e-07, 1.5289726443603223e-07, 1.5794978713856798e-07, 1.8295673558129016e-07, 1.8299106460312673e-07]","[7.627116745594442e-06, 8.696939470640868e-06, 8.995127948120885e-06, 1.0422321260071498e-05, 1.0374206850794061e-05]"
405,"[2.373061852485369e-07, 2.7660099983229404e-07, 2.7873713689517397e-07, 3.227120411298898e-07, 3.290410963186346e-07]","[7.639231419243065e-06, 1.0148936663419004e-05, 1.2371960966350974e-05, 1.4367028053816807e-05, 1.2781111676600567e-05]"
406,"[1.0722527261816032e-07, 1.2656359521953295e-07, 1.3751303754043603e-07, 1.5945345629860509e-07, 1.5316317819349471e-07]","[6.680293355865377e-06, 8.350873479501715e-06, 9.422402634075981e-06, 1.0929788104995696e-05, 1.0260136833757212e-05]"
407,"[1.3817182039977693e-07, 1.5763408926883804e-07, 1.6089483449585443e-07, 1.8634820413599034e-07, 1.8771545803622882e-07]","[8.175766013506e-06, 9.70132713979705e-06, 1.0164290593395268e-05, 1.1776217634432242e-05, 1.1663187715500982e-05]"
408,"[1.2183796592716254e-07, 1.5143474364451208e-07, 1.672820986176726e-07, 1.9396019459509323e-07, 1.8511386267922778e-07]","[7.586840580463119e-06, 9.90022237000918e-06, 1.16544597982072e-05, 1.3525671475483435e-05, 1.2348029628687154e-05]"
409,"[1.2297007286153528e-07, 1.5144480831680518e-07, 1.6613280669996252e-07, 1.9260859279527662e-07, 1.846587269751272e-07]","[8.190963544476328e-06, 1.0623595168720836e-05, 1.2276598003816732e-05, 1.4243418197809224e-05, 1.3180461008130937e-05]"
410,"[1.718755627319041e-07, 2.0245728973338367e-07, 2.077287254824749e-07, 2.40578147063797e-07, 2.4209370223089615e-07]","[8.293417893610563e-06, 1.0506189430560734e-05, 1.1849401609567067e-05, 1.3743646319242168e-05, 1.2927825945509884e-05]"
411,"[1.8912660520688422e-07, 2.2022704822910017e-07, 2.23311033023392e-07, 2.585948349057532e-07, 2.62165153390808e-07]","[8.376385159925976e-06, 1.0374230528136e-05, 1.1471452109243015e-05, 1.3302678209854224e-05, 1.2670858190577037e-05]"
412,"[1.3909943223422576e-07, 1.6145008207443446e-07, 1.6721026217093424e-07, 1.9370418247661104e-07, 1.9312907854096543e-07]","[8.586015174359357e-06, 1.008491363750442e-05, 1.0573866943563062e-05, 1.2252005259394954e-05, 1.2110286877062574e-05]"
413,"[1.6125816757094396e-07, 1.793393634113667e-07, 1.73799856408153e-07, 2.0110753744945968e-07, 2.1054341025124457e-07]","[7.73951297668659e-06, 9.256804930964482e-06, 9.706309719530165e-06, 1.1245089991286785e-05, 1.1139950752919159e-05]"
414,"[1.5915639074669934e-07, 1.7932181968255874e-07, 1.780283999552862e-07, 2.061615650859248e-07, 2.1155705965530823e-07]","[8.12315964908488e-06, 9.353270121451094e-06, 9.83756819515047e-06, 1.1401342044688872e-05, 1.1215706673315573e-05]"
415,"[1.5036645096396106e-07, 1.8062902424046204e-07, 1.8977677692023764e-07, 2.1986978017610224e-07, 2.1743621392328568e-07]","[7.446386864710716e-06, 9.390536808378254e-06, 1.0680894760873267e-05, 1.2391624700208111e-05, 1.1567029362571781e-05]"
416,"[2.4942527202110343e-07, 2.9163476141245013e-07, 2.914042225580949e-07, 3.373091456024674e-07, 3.4655224499460237e-07]","[8.064634441023166e-06, 9.656043366815175e-06, 1.0240684202083557e-05, 1.186739268517277e-05, 1.1646046643289794e-05]"
417,"[1.9681989439777874e-07, 2.2899453803703152e-07, 2.2896518514105507e-07, 2.6504506080287795e-07, 2.718837247722288e-07]","[8.106570129689797e-06, 9.582707473042075e-06, 1.0223055678427313e-05, 1.1849423999651777e-05, 1.1559592226059841e-05]"
418,"[1.732504664772702e-07, 2.0214548235205592e-07, 2.0435304115712903e-07, 2.3659225121404447e-07, 2.408541795076722e-07]","[7.398123815153031e-06, 8.823503055468143e-06, 9.482949942627655e-06, 1.0992760107953224e-05, 1.0669689791030294e-05]"
419,"[1.9807157621604862e-07, 2.2865299498063742e-07, 2.2730768522457433e-07, 2.631008423005106e-07, 2.709527463729058e-07]","[9.049324667316571e-06, 1.0471840000151356e-05, 1.0848532241164407e-05, 1.256908217893171e-05, 1.2512795563111179e-05]"
420,"[1.5465467694300985e-07, 1.8348048248018788e-07, 1.9550181309544831e-07, 2.2656259853491466e-07, 2.216451757967054e-07]","[7.450239335636204e-06, 9.458722095206629e-06, 1.110259103069752e-05, 1.2886195585012478e-05, 1.1765243304222586e-05]"
421,"[2.4613583508805314e-07, 2.801100038697673e-07, 2.741706369275347e-07, 3.1726853113478216e-07, 3.305547710042883e-07]","[8.20862311822511e-06, 9.60363563510047e-06, 1.0260011836212691e-05, 1.189394917848629e-05, 1.1569393506541656e-05]"
422,"[2.0726442767712127e-07, 2.40696929223071e-07, 2.409871399743052e-07, 2.7895607635454693e-07, 2.859124685810981e-07]","[8.021065298726809e-06, 9.616820580894525e-06, 1.0547365318262583e-05, 1.2230961952778546e-05, 1.1687429332424157e-05]"
423,"[1.8790370342748238e-07, 2.1875315408578316e-07, 2.2206300415221498e-07, 2.5713979344326534e-07, 2.6060519658628507e-07]","[7.688013076687202e-06, 9.362613727285126e-06, 1.0400967746820673e-05, 1.2062931740923316e-05, 1.1432384473568112e-05]"
424,"[1.9487428132873207e-07, 2.2659654223808352e-07, 2.275044121475344e-07, 2.6337281809056594e-07, 2.6939202698583216e-07]","[7.199428105666618e-06, 9.178692484488266e-06, 1.0576535784813637e-05, 1.227175445001957e-05, 1.1357898136016084e-05]"
425,"[1.8702680909480913e-07, 2.1044912129885858e-07, 2.0560546547945314e-07, 2.3792607935380797e-07, 2.4781577502198456e-07]","[7.658264335178419e-06, 8.691096933622723e-06, 8.87547557929628e-06, 1.0280961878841774e-05, 1.0338504963316546e-05]"
426,"[1.337486764836744e-07, 1.6011005161558892e-07, 1.713605243841795e-07, 1.986105007195661e-07, 1.935846155695783e-07]","[8.837421510045758e-06, 1.0610083180523841e-05, 1.152609312799808e-05, 1.336204422710188e-05, 1.2886720742035525e-05]"
427,"[2.0224134227007266e-07, 2.354141146184185e-07, 2.4150761190889696e-07, 2.7971511049084264e-07, 2.811230175050554e-07]","[8.101441700058955e-06, 1.0171176148891974e-05, 1.1760640256640917e-05, 1.3647294960769425e-05, 1.2589590916418706e-05]"
428,"[1.8379799057999663e-07, 2.139179875684573e-07, 2.151247789793966e-07, 2.490605030458577e-07, 2.541268164962489e-07]","[8.541682581531179e-06, 1.0514864791158336e-05, 1.1574082645865369e-05, 1.3420261977569916e-05, 1.2826835301489585e-05]"
429,"[1.3486073322007786e-07, 1.610028502916527e-07, 1.7414995142916578e-07, 2.018884081514473e-07, 1.9516240422008194e-07]","[7.513031652851816e-06, 9.634218654955432e-06, 1.1375724479877723e-05, 1.3204375252277415e-05, 1.2008784916301977e-05]"
430,"[1.2780639804817615e-07, 1.5801434363685445e-07, 1.743931385798218e-07, 2.0221934935196486e-07, 1.9288298249874047e-07]","[7.786209896072817e-06, 9.912023445618915e-06, 1.1333932139145302e-05, 1.3148857803193228e-05, 1.2243510519819457e-05]"
431,"[1.8151399632478113e-07, 2.121705854694891e-07, 2.178074104997439e-07, 2.5224576404435794e-07, 2.536297153611919e-07]","[8.036273619312782e-06, 9.585124666754956e-06, 1.0388617183078927e-05, 1.2044134490392395e-05, 1.1617625638126152e-05]"
432,"[1.6942898853977372e-07, 2.040133288656355e-07, 2.1556911429301178e-07, 2.497834917914159e-07, 2.460426891745507e-07]","[7.84256388965527e-06, 9.908687480966771e-06, 1.1568925366556585e-05, 1.342791574473715e-05, 1.2282568435548733e-05]"
433,"[1.8441224153695597e-07, 2.1640798207927323e-07, 2.1966376047227183e-07, 2.5433591045781186e-07, 2.581342473017919e-07]","[7.537102320978997e-06, 9.481393971171287e-06, 1.0697878037827764e-05, 1.240866756573279e-05, 1.1660191508292475e-05]"
434,"[1.7061156044615924e-07, 1.9548409445178006e-07, 1.943898073158234e-07, 2.2502044141792012e-07, 2.3140732613942225e-07]","[8.314483365837458e-06, 9.29306284155277e-06, 9.27000824974292e-06, 1.0734706512249105e-05, 1.0972367558371972e-05]"
435,"[1.7749264056357046e-07, 2.0413443725005587e-07, 2.0457594560762486e-07, 2.3685142383298367e-07, 2.422730449220512e-07]","[8.980912056771762e-06, 1.0431522776781437e-05, 1.0860861105518553e-05, 1.258373519135768e-05, 1.2493856328151445e-05]"
436,"[1.8428589223988965e-07, 2.1723760118819456e-07, 2.2316132804567913e-07, 2.584587094584879e-07, 2.5972663898774803e-07]","[9.127319624203256e-06, 1.0666166707610023e-05, 1.1044229061905587e-05, 1.2794575909295366e-05, 1.276391939316069e-05]"
437,"[2.0918342874986193e-07, 2.3394767891509778e-07, 2.2653343238617192e-07, 2.621306596344555e-07, 2.7454688445207896e-07]","[9.837573682563645e-06, 1.1244570435945354e-05, 1.1313809569464343e-05, 1.3101012624441942e-05, 1.3336115110533927e-05]"
438,"[2.1225382380775662e-07, 2.3909187773561655e-07, 2.3125117192373064e-07, 2.6756484121329855e-07, 2.8085544782842156e-07]","[9.965721767858607e-06, 1.1309696068709151e-05, 1.1270143859178985e-05, 1.3048712469030385e-05, 1.3376420108150572e-05]"
439,"[2.5921352287892196e-07, 2.949063451961824e-07, 2.8652024670234383e-07, 3.315034566988456e-07, 3.4730001765169286e-07]","[9.136917577914051e-06, 1.0569874366483459e-05, 1.106910314218792e-05, 1.282780430619689e-05, 1.2664741916621132e-05]"
440,"[1.9681957794085448e-07, 2.2910564239264113e-07, 2.3163547068401604e-07, 2.681894982168461e-07, 2.7286983064353535e-07]","[9.973168771435205e-06, 1.148016120893793e-05, 1.1572227226019361e-05, 1.3400191882389095e-05, 1.363536712045387e-05]"
441,"[2.747333746034699e-07, 3.1657350266945845e-07, 3.0953640894536495e-07, 3.5815105682189627e-07, 3.737253493071179e-07]","[1.0400169701657719e-05, 1.1666841841217662e-05, 1.1555728881658741e-05, 1.3378374898905016e-05, 1.3763251594901961e-05]"
442,"[1.7343178938461428e-07, 2.017037840806187e-07, 2.0451435999232015e-07, 2.3680499565192888e-07, 2.4042377132839393e-07]","[9.72104373072023e-06, 1.1364572781412601e-05, 1.165549133441526e-05, 1.3499052925444106e-05, 1.3577384973156964e-05]"
443,"[1.9035325331485147e-07, 2.15513714181814e-07, 2.14736365961608e-07, 2.4860212722054147e-07, 2.549257114041132e-07]","[9.985887652217465e-06, 1.1441821133879988e-05, 1.1706606714363312e-05, 1.3560506918967913e-05, 1.3623779355624698e-05]"
444,"[2.23896221975526e-07, 2.5693878018326854e-07, 2.5455265480508354e-07, 2.946305717382115e-07, 3.0402242615841136e-07]","[9.397938334505553e-06, 1.0691009125999896e-05, 1.1043386709620749e-05, 1.2795779622064193e-05, 1.2745224834167259e-05]"
445,"[2.4220452713954825e-07, 2.7683400739223317e-07, 2.721278003450865e-07, 3.1492840092051887e-07, 3.268485125222743e-07]","[1.0374619898724372e-05, 1.1737659352294695e-05, 1.1739840477261493e-05, 1.3594144434656649e-05, 1.3884989391311066e-05]"
446,"[1.9654126043543508e-07, 2.2982517734174949e-07, 2.3082832426917237e-07, 2.672179798059794e-07, 2.733025924017715e-07]","[1.0248343231885324e-05, 1.1990040629264647e-05, 1.2315409773566705e-05, 1.4264955457549014e-05, 1.4320795107662422e-05]"
447,"[1.9079711789641326e-07, 2.1665236599041114e-07, 2.1678287443014952e-07, 2.5098754122645074e-07, 2.564095040440588e-07]","[9.397766897743248e-06, 1.0766301491842081e-05, 1.1069669811198526e-05, 1.2823848564957681e-05, 1.2836318615829668e-05]"
448,"[1.8519906575591027e-07, 2.1735089734666123e-07, 2.220582997322639e-07, 2.571717675501425e-07, 2.594089587467642e-07]","[9.67831210290327e-06, 1.1242860402027201e-05, 1.166662860027185e-05, 1.3516622688405137e-05, 1.3448724392431065e-05]"
449,"[1.5640772900708567e-07, 1.8756196700602813e-07, 1.9796426528063988e-07, 2.2937772996187637e-07, 2.2599279361812396e-07]","[1.005939543178989e-05, 1.1646170771073386e-05, 1.2062485760335262e-05, 1.3974789556761804e-05, 1.392479750703258e-05]"
450,"[2.0358215128776266e-07, 2.3432619496696502e-07, 2.3506233222093695e-07, 2.721340205371025e-07, 2.7808044782190756e-07]","[1.0783145885915785e-05, 1.2826994962992931e-05, 1.3443007647308224e-05, 1.557511323516624e-05, 1.5419909492430904e-05]"
451,"[2.2919142819147706e-07, 2.668391739844307e-07, 2.674590244900476e-07, 3.0963827903129947e-07, 3.169920039766381e-07]","[9.591539090758157e-06, 1.1137431394247075e-05, 1.179722842999784e-05, 1.3673005494439018e-05, 1.3394074375441077e-05]"
452,"[1.7231961145999965e-07, 2.0163159525514605e-07, 2.0728889362287098e-07, 2.400801400289855e-07, 2.4110604689399915e-07]","[1.0409630054490714e-05, 1.2212826226913144e-05, 1.2765796120381943e-05, 1.479184481401386e-05, 1.464779605976201e-05]"
453,"[1.9366304142615445e-07, 2.2732219291687723e-07, 2.3419894290386427e-07, 2.7125886474069444e-07, 2.7185787330714226e-07]","[1.0370783708888019e-05, 1.2257202534114493e-05, 1.2862014849260327e-05, 1.4903489924395262e-05, 1.4725134202132182e-05]"
454,"[2.0235876892520032e-07, 2.3648634322651587e-07, 2.385948676607756e-07, 2.762317432942896e-07, 2.815221034808973e-07]","[1.0302421700145095e-05, 1.1952928472700084e-05, 1.2342686867053277e-05, 1.4298624127758684e-05, 1.4284290410541736e-05]"
455,"[2.012431311157853e-07, 2.3438455670450218e-07, 2.3796014652885163e-07, 2.755507144342009e-07, 2.791980598316912e-07]","[1.019978224815663e-05, 1.1960934454917566e-05, 1.2589516473020952e-05, 1.4588707496418689e-05, 1.4378292558373296e-05]"
456,"[2.0080955388671083e-07, 2.3440372004388181e-07, 2.395891358143274e-07, 2.7748096615111817e-07, 2.796846114865465e-07]","[1.0676707980120136e-05, 1.2401347448035937e-05, 1.2870870127717922e-05, 1.491128343230834e-05, 1.4845678341009279e-05]"
457,"[1.9340785037987992e-07, 2.2454317556403643e-07, 2.2847980680049826e-07, 2.645988203760237e-07, 2.67413011986845e-07]","[1.2073567734280826e-05, 1.3968526786408685e-05, 1.4180061185508657e-05, 1.6421720660133146e-05, 1.662401372170131e-05]"
458,"[1.9676765561739458e-07, 2.3460162351096025e-07, 2.4243660514894557e-07, 2.8078155419504715e-07, 2.813614005681042e-07]","[1.0583808324984918e-05, 1.2502435306336182e-05, 1.300680495415819e-05, 1.5067812790485468e-05, 1.4995122232654972e-05]"
459,"[1.8302828829974302e-07, 2.134349170128207e-07, 2.1746426818557736e-07, 2.5182785423966553e-07, 2.546226741439977e-07]","[1.0411389839544493e-05, 1.22524894710277e-05, 1.2760314901605873e-05, 1.4782978020981467e-05, 1.4695330717677933e-05]"
460,"[2.0547247491009108e-07, 2.3524594819201357e-07, 2.3389489738193426e-07, 2.707518540387608e-07, 2.7838812890275457e-07]","[1.04056491386224e-05, 1.176368436073031e-05, 1.1708527293189308e-05, 1.355606500020509e-05, 1.3903852096902612e-05]"
461,"[1.9527431394728684e-07, 2.3578264673383634e-07, 2.5179581405807335e-07, 2.917991465023269e-07, 2.8532980270560565e-07]","[1.0587497976126837e-05, 1.2923273731718446e-05, 1.3948975025159604e-05, 1.6168473819944355e-05, 1.5679096868993394e-05]"
462,"[1.7772764716610955e-07, 2.0870813868148554e-07, 2.1709384874704505e-07, 2.5151498412469917e-07, 2.500974011382494e-07]","[9.676866065352308e-06, 1.1343413011082484e-05, 1.195118527993462e-05, 1.3849870195114826e-05, 1.3627866007755321e-05]"
463,"[1.780948578458857e-07, 2.0865537378770026e-07, 2.1870331546375755e-07, 2.533838300250979e-07, 2.506876307738074e-07]","[1.1388540698139165e-05, 1.3734190903674583e-05, 1.449343275949036e-05, 1.6792656174397188e-05, 1.656441453433936e-05]"
464,"[1.890350615140398e-07, 2.2708916299901666e-07, 2.3884079712017033e-07, 2.767208105104606e-07, 2.734948870258257e-07]","[1.0376108362587553e-05, 1.267082501455758e-05, 1.3693615176974154e-05, 1.5872860285938952e-05, 1.5378863098102744e-05]"
465,"[1.7985877415833205e-07, 2.1399007212225186e-07, 2.239732019959201e-07, 2.594554191541032e-07, 2.573579904109428e-07]","[1.0498885216324853e-05, 1.2488549684711155e-05, 1.3079380188653335e-05, 1.5153831126866683e-05, 1.5009683408722347e-05]"
466,"[2.087678981328399e-07, 2.482386523478701e-07, 2.580737742679949e-07, 2.9895232746819093e-07, 2.9775771314232843e-07]","[1.1840452648005295e-05, 1.4076923885614414e-05, 1.4768975325247401e-05, 1.7111813408889082e-05, 1.6928160824186933e-05]"
467,"[1.9677481844923037e-07, 2.3527294511109788e-07, 2.4640100075714196e-07, 2.8545889760698787e-07, 2.8297912229279515e-07]","[1.1966476909490816e-05, 1.4329532859627319e-05, 1.5039356538142356e-05, 1.7424630479311738e-05, 1.7237648942276327e-05]"
468,"[1.6277210607377502e-07, 1.8912512860028509e-07, 1.9824337177904096e-07, 2.2971903340726584e-07, 2.2690703735494641e-07]","[1.0230858403075196e-05, 1.1747429348711678e-05, 1.2199941472467526e-05, 1.413517365891869e-05, 1.404706928354535e-05]"
469,"[2.0559979581432311e-07, 2.429575918025832e-07, 2.5161424799400885e-07, 2.9144899926660044e-07, 2.912967630147195e-07]","[1.0643268707479134e-05, 1.3090643359512302e-05, 1.426179433933332e-05, 1.6532909822207496e-05, 1.5935994482869324e-05]"
470,"[1.9706187740431146e-07, 2.2838068252539505e-07, 2.3204565431632088e-07, 2.687048515407939e-07, 2.720284589398841e-07]","[1.1061097660345261e-05, 1.282342455621077e-05, 1.3262909989263985e-05, 1.5364986833101977e-05, 1.533208807529431e-05]"
471,"[1.996490660928887e-07, 2.361965337360522e-07, 2.419168067196775e-07, 2.8014206183502507e-07, 2.8228264550495136e-07]","[1.1296726032560088e-05, 1.352834790680548e-05, 1.4181158259707851e-05, 1.6429552141962242e-05, 1.6276056333414877e-05]"
472,"[1.8853765234907117e-07, 2.2500268293057068e-07, 2.367771097701919e-07, 2.743260273878001e-07, 2.7112670070814423e-07]","[1.1383821976034407e-05, 1.342805014045314e-05, 1.3917647796638445e-05, 1.6122431941773943e-05, 1.608606831112668e-05]"
473,"[2.013429998946648e-07, 2.3453462264551103e-07, 2.3829680889691832e-07, 2.7595831572638535e-07, 2.7937155443441124e-07]","[1.1623420155189313e-05, 1.38078945891487e-05, 1.4349508664060247e-05, 1.662256358846082e-05, 1.656454284614758e-05]"
474,"[2.2839529627448488e-07, 2.566892319411498e-07, 2.526441044780515e-07, 2.9246349301308066e-07, 3.0198414662758933e-07]","[1.1469664458693279e-05, 1.326305920023656e-05, 1.350901038648468e-05, 1.5645014754962785e-05, 1.5801616116701233e-05]"
475,"[2.108336297860693e-07, 2.495039963739849e-07, 2.5507988358272995e-07, 2.9540784364078093e-07, 2.9812309374377817e-07]","[1.2195188638736307e-05, 1.4339456144360815e-05, 1.4752236186138395e-05, 1.7086373134940828e-05, 1.714835304004466e-05]"
476,"[2.3205530896789875e-07, 2.6369846986597866e-07, 2.7127365146254365e-07, 3.1429519745214597e-07, 3.1410162114537747e-07]","[1.2832428058633615e-05, 1.5516500365110363e-05, 1.6531584281267304e-05, 1.9157359142642136e-05, 1.8758426469421717e-05]"
477,"[1.6583054896596736e-07, 1.9575358414341487e-07, 2.0325131797391217e-07, 2.3544597863214035e-07, 2.3481430511512421e-07]","[1.0603582627847657e-05, 1.256167376435254e-05, 1.2989361837907427e-05, 1.504576351240361e-05, 1.5049738567569781e-05]"
478,"[2.104877949652794e-07, 2.4888500605869514e-07, 2.5439620092791245e-07, 2.945903607563487e-07, 2.975313868168883e-07]","[9.980134054962151e-06, 1.1929536228403917e-05, 1.2802338936654649e-05, 1.4839345920061467e-05, 1.4425886392278963e-05]"
479,"[1.8305238502029518e-07, 2.1476338490674434e-07, 2.186138649212258e-07, 2.531602634665365e-07, 2.561499332556737e-07]","[1.0736811950074008e-05, 1.2788284017104191e-05, 1.3278230926508171e-05, 1.538114595300287e-05, 1.5343200288548637e-05]"
480,"[2.073123393183206e-07, 2.460154402586086e-07, 2.5689439188734315e-07, 2.976448760924248e-07, 2.9496106599149853e-07]","[1.2138123603291573e-05, 1.4476018929493903e-05, 1.5236790041030476e-05, 1.7654476103539105e-05, 1.742908482358839e-05]"
481,"[1.8142344477818457e-07, 2.137810161081676e-07, 2.1971469575751936e-07, 2.544778113282485e-07, 2.554868694225222e-07]","[1.0655119524643659e-05, 1.2824243764801172e-05, 1.366764529397636e-05, 1.583925472570535e-05, 1.5496231790444272e-05]"
482,"[1.7429485075001596e-07, 2.0701961750610247e-07, 2.163046613495873e-07, 2.5059374574338317e-07, 2.4850149864597683e-07]","[1.0868544199389694e-05, 1.3016811406017765e-05, 1.3812066505524203e-05, 1.600636438869824e-05, 1.570213069149619e-05]"
483,"[1.8308278798878271e-07, 2.1236869833260636e-07, 2.1708629328862605e-07, 2.5144971460824087e-07, 2.5290550635480364e-07]","[1.1960794312745302e-05, 1.3668062097908525e-05, 1.3714656323054721e-05, 1.588062801847696e-05, 1.6199263372024936e-05]"
484,"[2.0189691735273953e-07, 2.4031224403445063e-07, 2.5324932810654194e-07, 2.9342802256002983e-07, 2.893940391504151e-07]","[1.1355578339655186e-05, 1.3775772763226431e-05, 1.4847620273897903e-05, 1.7209597984691275e-05, 1.670508794596697e-05]"
485,"[1.8503104238932253e-07, 2.1738770561111222e-07, 2.2487160131440686e-07, 2.604846771479026e-07, 2.604788150672516e-07]","[1.121130365857613e-05, 1.3062792218207337e-05, 1.3417578837590004e-05, 1.5541738363269596e-05, 1.5595863965541455e-05]"
486,"[2.0702847452178724e-07, 2.4978848088716834e-07, 2.6347273024829116e-07, 3.052560549916758e-07, 3.0134851287407223e-07]","[1.1594477689534656e-05, 1.425979144525367e-05, 1.5354572510876728e-05, 1.7794899393366795e-05, 1.7317256405065617e-05]"
487,"[1.9937723354026096e-07, 2.3376239226989696e-07, 2.428791093537177e-07, 2.813866094248632e-07, 2.7982499391425674e-07]","[1.198196229438749e-05, 1.406005968211495e-05, 1.4333757508069981e-05, 1.6598808736050485e-05, 1.6776988203644267e-05]"
488,"[1.99376467850088e-07, 2.3500162547865585e-07, 2.4299230391940775e-07, 2.814868686585879e-07, 2.812958257350189e-07]","[1.1960458473825462e-05, 1.4250367053665707e-05, 1.4943191156757465e-05, 1.7313425906973082e-05, 1.713401065400376e-05]"
489,"[1.718258921121743e-07, 1.9669978132047744e-07, 2.008519120361743e-07, 2.3264649736346904e-07, 2.3406300235678913e-07]","[1.103276428932854e-05, 1.263443362199083e-05, 1.2736867801895296e-05, 1.4749368882466857e-05, 1.4991347100835573e-05]"
490,"[1.8477294427054014e-07, 2.218721059605e-07, 2.4183778718288343e-07, 2.803936066364643e-07, 2.6903452301929934e-07]","[1.1888497498533259e-05, 1.4385612797349479e-05, 1.5110461670290784e-05, 1.7505447802389807e-05, 1.7333359194337937e-05]"
491,"[1.965807288747871e-07, 2.2751539719416737e-07, 2.3262793310771454e-07, 2.694491313138335e-07, 2.7101138871591034e-07]","[1.2698527740979971e-05, 1.4834579682781522e-05, 1.503235745929049e-05, 1.7406227725105868e-05, 1.767049145443074e-05]"
492,"[2.1228702604132522e-07, 2.527373533767752e-07, 2.6521392873502024e-07, 3.072892134603781e-07, 3.037344617497518e-07]","[1.2524105547349504e-05, 1.4600972714259587e-05, 1.4926748129857454e-05, 1.728794949818691e-05, 1.741773464154904e-05]"
493,"[1.9121729361018122e-07, 2.384624880547706e-07, 2.578706580952705e-07, 2.9888622475542047e-07, 2.900146369994147e-07]","[1.1299979122019898e-05, 1.3806348223507405e-05, 1.478390326481823e-05, 1.7132809248719937e-05, 1.672821543196195e-05]"
494,"[1.9470046615575772e-07, 2.3753644832736931e-07, 2.555970296931131e-07, 2.962603933109558e-07, 2.878193975203225e-07]","[1.1487957415831518e-05, 1.3805990712195738e-05, 1.4892361567701275e-05, 1.726411912163562e-05, 1.67183793858633e-05]"
495,"[2.067718131536652e-07, 2.402704117779259e-07, 2.474094293786823e-07, 2.8662053142421393e-07, 2.8669024889420186e-07]","[1.194400726263033e-05, 1.4101950598058781e-05, 1.4558681067145623e-05, 1.6863214670103323e-05, 1.6885146657338575e-05]"
496,"[2.0874537917895165e-07, 2.443272026754657e-07, 2.5314951770777163e-07, 2.933020825412622e-07, 2.922543152580081e-07]","[1.1988761091272204e-05, 1.3799373763925364e-05, 1.4052654903920885e-05, 1.6275673441711954e-05, 1.642364326555582e-05]"
497,"[2.1388083486901918e-07, 2.548317866455093e-07, 2.6998281249732086e-07, 3.1287926467053723e-07, 3.070482974112043e-07]","[1.1774776955160398e-05, 1.444793379612452e-05, 1.5588634311302086e-05, 1.8068712059461457e-05, 1.753451714375174e-05]"
498,"[1.8452606380709345e-07, 2.2809619268466336e-07, 2.5081936198195585e-07, 2.907875595817317e-07, 2.7877606476075933e-07]","[1.1354783891551151e-05, 1.372486268147754e-05, 1.469264765974963e-05, 1.702929502711585e-05, 1.6599734049638556e-05]"
499,"[1.906073871488372e-07, 2.2841724773477831e-07, 2.465386317484601e-07, 2.858132583117505e-07, 2.7631466355056246e-07]","[1.1434883172153073e-05, 1.3377117252148956e-05, 1.3850811832430507e-05, 1.604542447631146e-05, 1.600980722970817e-05]"
500,"[2.203769307912996e-07, 2.613870549822341e-07, 2.752826948726385e-07, 3.18973006316192e-07, 3.147995780611316e-07]","[1.1698515082051364e-05, 1.4129618513213992e-05, 1.4805547022393746e-05, 1.715175545017085e-05, 1.7014409155833004e-05]"
501,"[2.301843403516697e-07, 2.7311910649379537e-07, 2.9030379786053964e-07, 3.3643935104980336e-07, 3.293682437714769e-07]","[1.1888660747084034e-05, 1.4277584365791607e-05, 1.5268199120293283e-05, 1.7696014328729458e-05, 1.7262621991555546e-05]"
502,"[1.966164022079389e-07, 2.360898941091918e-07, 2.526003956363717e-07, 2.9276222298804905e-07, 2.854317274518847e-07]","[1.098021902160938e-05, 1.3443909955170968e-05, 1.4321122508428709e-05, 1.659526557480527e-05, 1.626490493349148e-05]"
503,"[2.120145642334269e-07, 2.537651376837368e-07, 2.7279180135183246e-07, 3.162018592312407e-07, 3.0729973917664937e-07]","[1.250349065271217e-05, 1.4881244077638524e-05, 1.5697635339066543e-05, 1.8189696849922097e-05, 1.7916822995839168e-05]"
504,"[2.0046467305362986e-07, 2.449004035303251e-07, 2.636691505487663e-07, 3.056100886407856e-07, 2.9720223180083157e-07]","[1.1854845186799454e-05, 1.3888071641165334e-05, 1.4269878282566464e-05, 1.65291065953302e-05, 1.659165153276821e-05]"
505,"[2.1987728982012419e-07, 2.6582587447566486e-07, 2.8937795470130294e-07, 3.354910788719367e-07, 3.2287616646634665e-07]","[1.2211782975433956e-05, 1.4508521056187835e-05, 1.5278748717203326e-05, 1.770471921750139e-05, 1.7445725936800794e-05]"
506,"[1.956309174082456e-07, 2.4475363100815175e-07, 2.6872939722104625e-07, 3.1154547415883864e-07, 2.988416484401566e-07]","[1.15820586706992e-05, 1.4068327541086677e-05, 1.4920243713887917e-05, 1.7288161830179074e-05, 1.6998091473894423e-05]"
507,"[2.2190538307533669e-07, 2.641906736380011e-07, 2.8271191898581076e-07, 3.276721824178236e-07, 3.192871527257341e-07]","[1.2138690743778583e-05, 1.4548441863118686e-05, 1.5516671709470454e-05, 1.798287076931532e-05, 1.757817133341845e-05]"
508,"[2.088425137790971e-07, 2.4713843990226593e-07, 2.620147860082132e-07, 3.036509599386398e-07, 2.977256076014728e-07]","[1.2296968694573971e-05, 1.4703396568347208e-05, 1.5598069212492442e-05, 1.807579561687461e-05, 1.7733239597404262e-05]"
509,"[2.1965442524546355e-07, 2.6652889009169967e-07, 2.8963290636062395e-07, 3.3581034712070556e-07, 3.2352548162889455e-07]","[1.1905845065081689e-05, 1.4008885296805755e-05, 1.4842432135623866e-05, 1.7202180937442135e-05, 1.6861352881597153e-05]"
510,"[2.1513921445838902e-07, 2.609383373691924e-07, 2.8496474307647234e-07, 3.303970307225865e-07, 3.17427177259513e-07]","[1.0993379954395245e-05, 1.347488267129848e-05, 1.4662596218927524e-05, 1.6997735730239847e-05, 1.638937819176443e-05]"
511,"[2.3466536761873e-07, 2.720488620820294e-07, 2.795933402335211e-07, 3.2386692548331273e-07, 3.247390220471192e-07]","[1.243602501064535e-05, 1.474871430078611e-05, 1.5402659258682258e-05, 1.7844406911894683e-05, 1.771573163296797e-05]"
512,"[2.1359527244585547e-07, 2.5485412705607826e-07, 2.7017353793580243e-07, 3.1310915206148673e-07, 3.069503826556829e-07]","[1.1700902457789743e-05, 1.4113959532220259e-05, 1.4997065982149681e-05, 1.7379181161119926e-05, 1.7044295940567328e-05]"
513,"[2.2288747396462783e-07, 2.6622610374863585e-07, 2.8269009236172284e-07, 3.2758690961199803e-07, 3.211721497530631e-07]","[1.2612791365821003e-05, 1.5149917029920621e-05, 1.587432863105468e-05, 1.839006852858409e-05, 1.8236711269906203e-05]"
514,"[2.3547652505726063e-07, 2.791697691460019e-07, 2.9294662076557136e-07, 3.394479316856421e-07, 3.3520995040924193e-07]","[1.2844186514751676e-05, 1.53996911297494e-05, 1.6403011334962983e-05, 1.9010222785298784e-05, 1.8587830634351015e-05]"
515,"[2.3854011729283355e-07, 2.9303675967286035e-07, 3.154518426709286e-07, 3.656055740962819e-07, 3.55781769246632e-07]","[1.1219417239348305e-05, 1.3369246310413368e-05, 1.4194702692749555e-05, 1.6449166129726232e-05, 1.6133408738493782e-05]"
516,"[2.543227497312331e-07, 2.9432748091330807e-07, 3.0459421719342495e-07, 3.528731473680609e-07, 3.520832877488825e-07]","[1.1679845300046845e-05, 1.4020776536077851e-05, 1.489480701950064e-05, 1.7261009526867728e-05, 1.692530123929652e-05]"
517,"[2.2495229601689378e-07, 2.699714813582616e-07, 2.8526001610747896e-07, 3.3054203832021173e-07, 3.2530643860475573e-07]","[1.2195115250972597e-05, 1.4412857459598852e-05, 1.5077569131608537e-05, 1.7469291218230728e-05, 1.730515797852949e-05]"
518,"[2.785309177420374e-07, 3.3773717158713054e-07, 3.571723697954613e-07, 4.138263581021479e-07, 4.0792243511445184e-07]","[1.2659968713441152e-05, 1.4604528927015641e-05, 1.4875616850474424e-05, 1.7228536398597074e-05, 1.7387857052185428e-05]"
519,"[2.4671595573383135e-07, 3.023957540991437e-07, 3.2506804573582354e-07, 3.7676212173834095e-07, 3.6635354601551367e-07]","[1.2352685254953012e-05, 1.4513363357809585e-05, 1.4991440616261741e-05, 1.7366484654798515e-05, 1.736135262354234e-05]"
520,"[2.5720016405752784e-07, 3.0435688419096223e-07, 3.141497818255308e-07, 3.638523783440804e-07, 3.6424900309069476e-07]","[1.218055252624274e-05, 1.4051682172629693e-05, 1.4282410891487215e-05, 1.6541207597047628e-05, 1.6720948645540173e-05]"
521,"[2.4284275045562637e-07, 2.947275916115383e-07, 3.1574811598629617e-07, 3.659658527283682e-07, 3.5669081262035214e-07]","[1.1520659695598995e-05, 1.3597451480802683e-05, 1.4331593135858987e-05, 1.6607377693415096e-05, 1.6357517607014175e-05]"
522,"[2.5911050312468195e-07, 3.1269423986058664e-07, 3.321550942956426e-07, 3.8488680990506383e-07, 3.776812632971306e-07]","[1.081140145841572e-05, 1.3045334249232628e-05, 1.408948890944751e-05, 1.633237814432902e-05, 1.581547043573392e-05]"
523,"[2.8764123384461496e-07, 3.467057714976835e-07, 3.7099784135524565e-07, 4.299992931185702e-07, 4.1842738334236553e-07]","[1.2575033834657699e-05, 1.4920578918336064e-05, 1.5804132124175438e-05, 1.8315427112751766e-05, 1.797660085767941e-05]"
524,"[2.1555867191555522e-07, 2.5710879292487127e-07, 2.705700991773401e-07, 3.1349299337495035e-07, 3.094158451240575e-07]","[1.2411099059874026e-05, 1.5148960760628867e-05, 1.6295395068499856e-05, 1.8887347331946462e-05, 1.8364630857271762e-05]"
525,"[1.7299099126817752e-07, 2.0269643046377931e-07, 2.1064761994902581e-07, 2.440611212594815e-07, 2.4271410139960794e-07]","[1.1777496016297217e-05, 1.3830968863068336e-05, 1.4202672326307607e-05, 1.644951701496373e-05, 1.6532952040704908e-05]"
526,"[1.945050891099275e-07, 2.2822570447269574e-07, 2.3647700172841026e-07, 2.739425286343577e-07, 2.7302752124900033e-07]","[1.2982632631691382e-05, 1.4709329132863592e-05, 1.4594372896868934e-05, 1.689670965985704e-05, 1.736633610588554e-05]"
527,"[2.698475503989345e-07, 3.1660033036985407e-07, 3.2516076462759106e-07, 3.766442052830817e-07, 3.777844946681688e-07]","[1.2921869046541802e-05, 1.534164436308087e-05, 1.6028590995995797e-05, 1.8570508818680884e-05, 1.842160286243918e-05]"
528,"[1.9923207033789365e-07, 2.3100375507853846e-07, 2.338328050858198e-07, 2.707688605357145e-07, 2.7482888874927727e-07]","[1.1104907078980618e-05, 1.284779285031127e-05, 1.3056080511654994e-05, 1.5119773763952112e-05, 1.5297426049933532e-05]"
529,"[2.1147540437011262e-07, 2.3827454707359078e-07, 2.4349534514560235e-07, 2.820564900500657e-07, 2.8291447340924493e-07]","[1.0693088257883917e-05, 1.2300571847006714e-05, 1.2552520523671103e-05, 1.4539262554396734e-05, 1.4641740253259082e-05]"
530,"[1.6573349012311166e-07, 1.9055279304865046e-07, 1.9292379503440617e-07, 2.2339783392510845e-07, 2.266934395287225e-07]","[9.4348922746533e-06, 1.1216848556195634e-05, 1.1739131311160385e-05, 1.3601201559462406e-05, 1.3476854133714482e-05]"
531,"[2.2725834395582444e-07, 2.602183405930498e-07, 2.612524618676589e-07, 3.024775547973832e-07, 3.088493182101104e-07]","[1.1118567426961882e-05, 1.3049058046068554e-05, 1.3881121036268313e-05, 1.6089880686874913e-05, 1.571181664416511e-05]"
532,"[1.7588336871198784e-07, 2.0559258400684499e-07, 2.120925341248942e-07, 2.456655320192162e-07, 2.457711659872638e-07]","[9.792667552808875e-06, 1.16498139464359e-05, 1.253773128452343e-05, 1.4533599462220367e-05, 1.4100075820734096e-05]"
533,"[1.889423453243239e-07, 2.1904285977191367e-07, 2.2332351243586807e-07, 2.586096472116631e-07, 2.613257179634536e-07]","[9.59646102444853e-06, 1.1440581384085768e-05, 1.2294220018907693e-05, 1.425155709543342e-05, 1.383192803576829e-05]"
534,"[1.939041383645735e-07, 2.2611274532524023e-07, 2.2954834680824246e-07, 2.6578703890234605e-07, 2.696116525072702e-07]","[1.0452417792320795e-05, 1.2010098477342012e-05, 1.2404012583164422e-05, 1.4371040422248885e-05, 1.4330354969439962e-05]"
535,"[2.0063712090732005e-07, 2.3119661331506314e-07, 2.376737368055861e-07, 2.753127157102288e-07, 2.7610148396991013e-07]","[1.0740395870176972e-05, 1.3088311280063299e-05, 1.4169763776919105e-05, 1.6425323709615624e-05, 1.589225721180162e-05]"
536,"[2.1406567978094453e-07, 2.50679304516526e-07, 2.5529317480972213e-07, 2.9565131629497746e-07, 2.988069558330534e-07]","[1.0429291936402359e-05, 1.2648680472250458e-05, 1.3844081013701352e-05, 1.605210734626222e-05, 1.5387355797618964e-05]"
537,"[1.6627244176728446e-07, 1.9188692596619084e-07, 1.9636316452628974e-07, 2.2745434068417494e-07, 2.2883013637276873e-07]","[9.606792361637932e-06, 1.132598369273992e-05, 1.1864940298150332e-05, 1.3746815911469608e-05, 1.3611596874886451e-05]"
538,"[2.463524551718803e-07, 2.7901447807793084e-07, 2.7029805133571336e-07, 3.1271293930209924e-07, 3.284158256683314e-07]","[1.0827836245496052e-05, 1.2616229015357397e-05, 1.2964435321132416e-05, 1.501671255898237e-05, 1.5069034695759116e-05]"
539,"[2.0277177775687761e-07, 2.383684474600637e-07, 2.4644737047027473e-07, 2.8545997563310893e-07, 2.8522001308067497e-07]","[1.0318403561256492e-05, 1.2210741542616325e-05, 1.2901335088497357e-05, 1.495033559472536e-05, 1.4698087692063225e-05]"
540,"[2.2523004441518113e-07, 2.619186551420922e-07, 2.6348224816090024e-07, 3.0504455131183267e-07, 3.112875490690414e-07]","[1.1215280381552248e-05, 1.329105160025361e-05, 1.4111057934507238e-05, 1.6353595972526003e-05, 1.6024315809038782e-05]"
541,"[2.665869880193914e-07, 3.1316192909173165e-07, 3.1690373812432156e-07, 3.6690217833254037e-07, 3.730689870809571e-07]","[1.2730736896625224e-05, 1.4940590038401204e-05, 1.5344736232924852e-05, 1.777229258661681e-05, 1.7854261826965628e-05]"
542,"[1.6951773546684228e-07, 1.9394815285212029e-07, 1.979937183684612e-07, 2.2933866980999408e-07, 2.3053368610940383e-07]","[9.678133711039266e-06, 1.1564061306972392e-05, 1.1906661087119802e-05, 1.3789152309673062e-05, 1.3856277659464196e-05]"
543,"[1.7394249137740531e-07, 2.0540639768098108e-07, 2.1381522272447686e-07, 2.4773898919925127e-07, 2.46129899170384e-07]","[1.0674286972326981e-05, 1.2139763079124789e-05, 1.2126880689761258e-05, 1.4040421441706077e-05, 1.4373221126627606e-05]"
544,"[2.1237908488328968e-07, 2.417417863813268e-07, 2.3823261764273583e-07, 2.757377070122386e-07, 2.8538667891471904e-07]","[1.0009537734942896e-05, 1.1573939863011019e-05, 1.1780090722778046e-05, 1.3642648425131849e-05, 1.3787150367004411e-05]"
545,"[2.023242024094072e-07, 2.2847297677727722e-07, 2.289005687823874e-07, 2.6502857781605903e-07, 2.706500706515483e-07]","[9.333630513333718e-06, 1.1047311468514745e-05, 1.1642784812068653e-05, 1.3491982983132866e-05, 1.3283250173485922e-05]"
546,"[2.0518842684044002e-07, 2.3523907930997814e-07, 2.3188046957469909e-07, 2.6835868259422727e-07, 2.781583402496231e-07]","[8.813138660123726e-06, 1.0175635642568054e-05, 1.0191005054350453e-05, 1.179855945759482e-05, 1.2072749638503672e-05]"
547,"[1.940736202800922e-07, 2.2647778715626648e-07, 2.2899616362292892e-07, 2.651422878529373e-07, 2.695922933367666e-07]","[9.173087424442512e-06, 1.0896814322595524e-05, 1.1689748431697078e-05, 1.3550369284324786e-05, 1.3167323843054445e-05]"
548,"[1.9532689269405352e-07, 2.2169787316525297e-07, 2.2349221890530476e-07, 2.588047041798589e-07, 2.629145742242256e-07]","[9.801526123421093e-06, 1.1423716530818962e-05, 1.202905226168949e-05, 1.394091563566855e-05, 1.3711624447612836e-05]"
549,"[1.7695006500457666e-07, 2.1264019854765009e-07, 2.2573632272694152e-07, 2.6156127441146445e-07, 2.56960338997036e-07]","[9.981010911241821e-06, 1.1780799189539922e-05, 1.2490500279442963e-05, 1.4476126443655972e-05, 1.4181567183814858e-05]"
550,"[2.5232699796792175e-07, 2.8179239279672097e-07, 2.71047057233457e-07, 3.135874041059159e-07, 3.303624527921275e-07]","[9.89377217339242e-06, 1.1250686407047342e-05, 1.1690296446300447e-05, 1.3546412582330278e-05, 1.342982985778482e-05]"
551,"[2.3245155920155777e-07, 2.7154212728308163e-07, 2.7245063818509286e-07, 3.1539296732623673e-07, 3.2280153860570535e-07]","[1.0186360203269984e-05, 1.2040396459666676e-05, 1.2765680879980678e-05, 1.4794901984569389e-05, 1.4499334616161691e-05]"
552,"[2.3353222636794558e-07, 2.636210089212977e-07, 2.5720251127461454e-07, 2.976506199927421e-07, 3.1020465129976273e-07]","[1.0051889720292779e-05, 1.1717247578564334e-05, 1.210891673794628e-05, 1.402772071467012e-05, 1.401030709139165e-05]"
553,"[2.2806418002960607e-07, 2.635045934173354e-07, 2.674164968868937e-07, 3.096513492852114e-07, 3.139385326809854e-07]","[1.0263352022865007e-05, 1.2009074769728259e-05, 1.250626135758615e-05, 1.44900533026507e-05, 1.4387392442859186e-05]"
554,"[2.0214603301418635e-07, 2.3417341860743358e-07, 2.334847384662217e-07, 2.70277985461088e-07, 2.777684531187385e-07]","[1.1441152330697167e-05, 1.31185469724145e-05, 1.329382570481362e-05, 1.5395731432121926e-05, 1.5591197917994968e-05]"
555,"[2.4265760674784775e-07, 2.8338958600263113e-07, 2.8869016498271776e-07, 3.342942532772917e-07, 3.380498463346693e-07]","[1.1324542548740084e-05, 1.333247109707022e-05, 1.4246963806248551e-05, 1.6515499430301023e-05, 1.6072803437866585e-05]"
556,"[1.575317479820024e-07, 1.8700349255602603e-07, 1.9905964866655982e-07, 2.3069364443731545e-07, 2.2569830638295515e-07]","[9.875616979865958e-06, 1.1597836957918912e-05, 1.2285988339764046e-05, 1.423963389556694e-05, 1.3949110654600944e-05]"
557,"[2.1439565346311788e-07, 2.5346748693757197e-07, 2.626631748166602e-07, 3.04238270170585e-07, 3.039921515864336e-07]","[1.2309311473428262e-05, 1.4577872983708842e-05, 1.5236185232687198e-05, 1.7653027473075154e-05, 1.750106533640754e-05]"
558,"[2.0584291709217083e-07, 2.4372314375321487e-07, 2.5157888069174374e-07, 2.9139475191163773e-07, 2.919098256311994e-07]","[1.188656811932651e-05, 1.3864345753772097e-05, 1.4382889307641098e-05, 1.666235329749074e-05, 1.659628985030885e-05]"
559,"[2.3012688725027306e-07, 2.67132237356935e-07, 2.6920702047106033e-07, 3.1166409448156857e-07, 3.179521024866139e-07]","[1.2180802574179118e-05, 1.4346683333168509e-05, 1.4952926107737692e-05, 1.73240287424157e-05, 1.720270330658239e-05]"
560,"[2.535491513324756e-07, 2.9298196864444825e-07, 2.927535496005352e-07, 3.389051544181317e-07, 3.474776130529446e-07]","[1.2143367609936427e-05, 1.4329416543652887e-05, 1.5195962293044762e-05, 1.761074308755156e-05, 1.726276285762071e-05]"
561,"[2.4088071253536057e-07, 2.7212022633036556e-07, 2.67924978986664e-07, 3.1010500793346563e-07, 3.2121119463941267e-07]","[1.1141699303233761e-05, 1.2504736495055317e-05, 1.2716831905480909e-05, 1.4732493761420453e-05, 1.4822969683708114e-05]"
562,"[2.418823335568499e-07, 2.7792896074330104e-07, 2.8582894003464495e-07, 3.310769144816382e-07, 3.314941453180723e-07]","[1.3016367233118347e-05, 1.5190300426794077e-05, 1.6023031478418676e-05, 1.8569108582055857e-05, 1.8254415815423836e-05]"
563,"[1.664068935988227e-07, 2.018975283566758e-07, 2.1750936500761948e-07, 2.5211797281258736e-07, 2.448576215884548e-07]","[9.64403414634982e-06, 1.1501161197006264e-05, 1.1997492744918544e-05, 1.3898786026864705e-05, 1.3816057046222898e-05]"
564,"[2.0299627521749886e-07, 2.3721165977632078e-07, 2.439823825890344e-07, 2.8256464258736384e-07, 2.839523475441279e-07]","[8.384506699494628e-06, 9.658919239912938e-06, 9.662289906263516e-06, 1.1186286157610128e-05, 1.1454025693567055e-05]"
565,"[1.462742632748536e-07, 1.6921311634622354e-07, 1.7007690584346132e-07, 1.9690643306171944e-07, 2.0100084694816647e-07]","[7.762691680777081e-06, 8.880279239061491e-06, 8.999993976304525e-06, 1.0423034190728573e-05, 1.0553198251811791e-05]"
566,"[2.225053968834308e-07, 2.5167275582410595e-07, 2.433445551039968e-07, 2.8155048828694215e-07, 2.9568819893186345e-07]","[8.731440362369431e-06, 1.0029346379843197e-05, 1.007117114949319e-05, 1.1661335531834524e-05, 1.1897616056431723e-05]"
567,"[2.0014762056676303e-07, 2.3005483392079224e-07, 2.3161233534727297e-07, 2.6817124918913825e-07, 2.7325037722443195e-07]","[9.807492433110999e-06, 1.1794411068875878e-05, 1.2509305776350351e-05, 1.4495878265967484e-05, 1.423305084844702e-05]"
568,"[1.9210591316170258e-07, 2.1984971955919372e-07, 2.2007153530795743e-07, 2.547830423357859e-07, 2.605488036611512e-07]","[9.396294700870215e-06, 1.1010805955976002e-05, 1.1404822905681596e-05, 1.3212156865978972e-05, 1.31758375506355e-05]"
569,"[1.773621745442597e-07, 2.0365085919868631e-07, 2.0444749979538023e-07, 2.3670815352670902e-07, 2.415644320246484e-07]","[9.139577234888215e-06, 1.0613857540634688e-05, 1.093800371108268e-05, 1.267008529170568e-05, 1.2684557782988679e-05]"
570,"[2.1479052496390764e-07, 2.476220168852734e-07, 2.48574227379051e-07, 2.878031517364417e-07, 2.9371503533513256e-07]","[9.50142749183259e-06, 1.1736841839025695e-05, 1.2980064051404362e-05, 1.5051450621166346e-05, 1.4341964892103473e-05]"
571,"[2.3832170851279206e-07, 2.5645101962526674e-07, 2.497987534233281e-07, 2.891631003535893e-07, 2.999028787175794e-07]","[9.107876788325333e-06, 1.006333042601443e-05, 9.856712441138685e-06, 1.1411618867695794e-05, 1.1809457648165939e-05]"
572,"[2.3385835464376718e-07, 2.7913409587880395e-07, 2.8369223423148423e-07, 3.2843097055801224e-07, 3.3369431057869893e-07]","[6.523435281697133e-06, 7.759640126087995e-06, 8.184301915202692e-06, 9.483667496749106e-06, 9.339687704699453e-06]"
573,"[2.0332360897933204e-07, 2.2821545105204346e-07, 2.1859181348416987e-07, 2.5285341738527743e-07, 2.6766976367381805e-07]","[7.424724778554858e-06, 8.548790391101342e-06, 8.820019934890819e-06, 1.021809715140896e-05, 1.0205559749356342e-05]"
574,"[1.4979501050358963e-07, 1.740397066414256e-07, 1.7877446553218278e-07, 2.0709113306917696e-07, 2.07870784448197e-07]","[7.958964649116043e-06, 9.293012011429351e-06, 9.664697168213658e-06, 1.1196956971230885e-05, 1.1132642716672067e-05]"
575,"[1.9866748264704756e-07, 2.2714366652488736e-07, 2.2428747864591756e-07, 2.595819282740023e-07, 2.6857116914883585e-07]","[8.652170796539593e-06, 1.0046844536889647e-05, 1.04842229479903e-05, 1.214807617020296e-05, 1.2031697702316091e-05]"
576,"[1.95081943347877e-07, 2.1844472978391662e-07, 2.1259037981894734e-07, 2.4602131446842063e-07, 2.570644594819296e-07]","[9.715030219503348e-06, 1.1374990891206896e-05, 1.162804166138195e-05, 1.3466264717097272e-05, 1.3580495998368988e-05]"
577,"[1.580187780810963e-07, 1.8038668403912075e-07, 1.8050148405407272e-07, 2.0900615252728424e-07, 2.1347716236706681e-07]","[7.644674431789192e-06, 8.979348428640617e-06, 9.327393728225105e-06, 1.0806048997334808e-05, 1.0756362969771171e-05]"
578,"[2.1464519040952828e-07, 2.5747238668157683e-07, 2.688239317256212e-07, 3.1140731611324297e-07, 3.095133151216265e-07]","[1.0471334972334528e-05, 1.3024642140381032e-05, 1.4501819522038297e-05, 1.681764644244194e-05, 1.594869936790515e-05]"
579,"[2.0107097234818644e-07, 2.3755385527991552e-07, 2.4429867411530664e-07, 2.8292747775940904e-07, 2.843742989014001e-07]","[8.976774710993643e-06, 1.1278675412351029e-05, 1.2893840269462895e-05, 1.4958840490789786e-05, 1.3915189606415629e-05]"
580,"[1.1848201691777423e-07, 1.4670467707833788e-07, 1.6208200341328574e-07, 1.879263299103774e-07, 1.7936625050752345e-07]","[6.663519953986897e-06, 8.910326984234286e-06, 1.0496285045551999e-05, 1.2180648569684714e-05, 1.1134370211103122e-05]"
581,"[1.2083421065481854e-07, 1.4934080636952633e-07, 1.6548800248236095e-07, 1.9190522830349998e-07, 1.8257690747339503e-07]","[7.485789879552424e-06, 1.014977691138237e-05, 1.2172554865210164e-05, 1.4129809559168456e-05, 1.2753663577379034e-05]"
582,"[1.3424446110112814e-07, 1.6515409246108486e-07, 1.7968472447951053e-07, 2.0831083107164344e-07, 2.0086240191076616e-07]","[9.113087144815605e-06, 1.1882616055776267e-05, 1.3531437847365122e-05, 1.5694874030037018e-05, 1.469116660155953e-05]"
583,"[1.6871458377778862e-07, 1.993738898995031e-07, 2.0956001979859976e-07, 2.42819532271881e-07, 2.3965856480033543e-07]","[8.478434681638187e-06, 1.1014321221422764e-05, 1.2675743726878597e-05, 1.4705648301407748e-05, 1.3650567789769472e-05]"
584,"[1.3982964716315278e-07, 1.6874407156405468e-07, 1.7916125582921775e-07, 2.0762236945304501e-07, 2.0361687847216057e-07]","[8.495804434841496e-06, 1.05652267302724e-05, 1.1793561606117388e-05, 1.367773577853745e-05, 1.2943124345418905e-05]"
585,"[1.7520169493733633e-07, 2.1118106317752014e-07, 2.263921699497089e-07, 2.6243225502336596e-07, 2.5519448976472615e-07]","[1.0017562271653835e-05, 1.3135863729029914e-05, 1.5309021043124632e-05, 1.7763997225195615e-05, 1.634518480986206e-05]"
586,"[1.7101838599426183e-07, 2.0683674249442955e-07, 2.226898927657295e-07, 2.5813992715225455e-07, 2.505529807377154e-07]","[1.2214159121681663e-05, 1.5317853524546633e-05, 1.6883242092803657e-05, 1.9574661590286274e-05, 1.8724445543280864e-05]"
587,"[1.6227737830362392e-07, 1.955942482686886e-07, 2.0782641944813515e-07, 2.4082816155261284e-07, 2.3634880771591927e-07]","[9.519231380331209e-06, 1.2265705202802734e-05, 1.407349130493584e-05, 1.6326784272060885e-05, 1.5180202187252155e-05]"
588,"[1.6119566945380568e-07, 1.9031427286387003e-07, 1.9624442713210395e-07, 2.272981249711374e-07, 2.2771726496236578e-07]","[8.677381362970571e-06, 1.0757169158433103e-05, 1.1965009986161805e-05, 1.3876065801440218e-05, 1.3161765896432774e-05]"
589,"[1.7519236483916424e-07, 2.1222269713500524e-07, 2.2364391559424102e-07, 2.591112160109492e-07, 2.559932824175876e-07]","[9.198705736705679e-06, 1.1708131324766366e-05, 1.317198971631911e-05, 1.5277021331026185e-05, 1.4397965195198684e-05]"
590,"[1.8762080887719677e-07, 2.2347600096632283e-07, 2.3094077342729096e-07, 2.674806256664649e-07, 2.679259323931578e-07]","[8.93673770075811e-06, 1.1255312946669531e-05, 1.2673302371864337e-05, 1.4699054163247358e-05, 1.3840097873398696e-05]"
591,"[2.0028347003809118e-07, 2.398283068658209e-07, 2.4842545230801535e-07, 2.8773661294874133e-07, 2.878297868771302e-07]","[9.474791240908921e-06, 1.2250463556762755e-05, 1.4087684697564199e-05, 1.6344253521703452e-05, 1.5166762549152162e-05]"
592,"[1.361301930403125e-07, 1.6675051161075624e-07, 1.7978616971552925e-07, 2.0837733332469558e-07, 2.0226161910370448e-07]","[8.833993117082947e-06, 1.132445334667975e-05, 1.2836965252062187e-05, 1.4889592805440382e-05, 1.3965360510084058e-05]"
593,"[1.874494243845701e-07, 2.1720444044023055e-07, 2.19570953846242e-07, 2.542378235568347e-07, 2.584348976094099e-07]","[9.467385429629238e-06, 1.1556043861523813e-05, 1.2556248287088458e-05, 1.4554920312088657e-05, 1.4054158209587944e-05]"
594,"[2.1804815587300854e-07, 2.549533845688092e-07, 2.586643169629044e-07, 2.9949446555652695e-07, 3.040088986935628e-07]","[1.0334564811326608e-05, 1.2569614817712753e-05, 1.3592838690941469e-05, 1.575674224139442e-05, 1.524825719623782e-05]"
595,"[1.3180477766272196e-07, 1.541791316498522e-07, 1.596299534150002e-07, 1.8491311397280082e-07, 1.8458966566262606e-07]","[8.52155517162759e-06, 1.0174293779655142e-05, 1.0762862129039792e-05, 1.2472124398987925e-05, 1.226099439655267e-05]"
596,"[1.8126667894601695e-07, 2.028987662565116e-07, 2.0141878002412703e-07, 2.332070526080961e-07, 2.396491366043578e-07]","[1.04784336507404e-05, 1.2897775260142624e-05, 1.4029678916847016e-05, 1.6263013225684203e-05, 1.569492802447513e-05]"
597,"[1.842899687660541e-07, 2.2576358284842105e-07, 2.404978892409783e-07, 2.786778069019758e-07, 2.731831423967665e-07]","[9.95390792065532e-06, 1.310990611480723e-05, 1.5238305135336986e-05, 1.7680587679493326e-05, 1.6303638370492047e-05]"
598,"[2.3310532227987824e-07, 2.7477154765716497e-07, 2.795266602134349e-07, 3.236722474021708e-07, 3.276904197025524e-07]","[9.100647913446257e-06, 1.1603725942327829e-05, 1.331894757998429e-05, 1.5453285312669736e-05, 1.4339449071775603e-05]"
599,"[2.014446218583969e-07, 2.3169750499890496e-07, 2.312980244617274e-07, 2.6774817770768846e-07, 2.7462061620507135e-07]","[8.852336652694633e-06, 1.1022555263236004e-05, 1.2231775374055576e-05, 1.418354880939835e-05, 1.3493483876464256e-05]"
600,"[2.0017356679462082e-07, 2.3654497699037816e-07, 2.432115273627339e-07, 2.816662369799723e-07, 2.831798831866443e-07]","[9.678926733485063e-06, 1.2829604920344885e-05, 1.493517850275189e-05, 1.732897234415575e-05, 1.597234385180821e-05]"
601,"[1.708080038168023e-07, 2.021328363484374e-07, 2.0926833368708934e-07, 2.424006489336065e-07, 2.4230224003465605e-07]","[9.872258972775463e-06, 1.2700513644923153e-05, 1.4377343895783312e-05, 1.6675533513276823e-05, 1.5659052370935998e-05]"
602,"[1.479398372360891e-07, 1.7332799870890696e-07, 1.8059625068400006e-07, 2.0928713519344133e-07, 2.075681105977316e-07]","[9.369118269266416e-06, 1.1570655734914495e-05, 1.2849613622582156e-05, 1.490146926906553e-05, 1.41482925745611e-05]"
603,"[1.938716324947294e-07, 2.2470518524118004e-07, 2.2819222923969676e-07, 2.642245086014202e-07, 2.67872066878293e-07]","[8.66640989467529e-06, 1.1272368845656397e-05, 1.3231275956706736e-05, 1.5355838966522893e-05, 1.4038287867862204e-05]"
604,"[1.730210476479058e-07, 2.0055725529607535e-07, 2.0460282852493208e-07, 2.3695194495712854e-07, 2.3913403311463216e-07]","[8.22716467843412e-06, 1.0680108536375482e-05, 1.2376474487669058e-05, 1.4360352504839093e-05, 1.3257563749589198e-05]"
605,"[2.1400912443758928e-07, 2.4382901287476247e-07, 2.4234090487097993e-07, 2.805036249651005e-07, 2.8878316705197306e-07]","[1.02931738637629e-05, 1.281873985379206e-05, 1.4119118140351322e-05, 1.636988653561652e-05, 1.5661145545037737e-05]"
606,"[1.864724932491361e-07, 2.0762487903628847e-07, 2.0853180316154165e-07, 2.414573118323516e-07, 2.4605363348803636e-07]","[9.98765625666383e-06, 1.1975513257783335e-05, 1.2707735141809647e-05, 1.4725668677894562e-05, 1.445512520215308e-05]"
607,"[2.1193549827211966e-07, 2.347750546550641e-07, 2.2596336663419279e-07, 2.614394187146275e-07, 2.7500900680371004e-07]","[8.79536944582306e-06, 1.0431847097989724e-05, 1.1287654959215462e-05, 1.308728917030663e-05, 1.26233676158458e-05]"
608,"[2.103616454545102e-07, 2.4654249095535815e-07, 2.507259602710999e-07, 2.9032505612622955e-07, 2.941746915002299e-07]","[8.101589941283588e-06, 1.0747761941004123e-05, 1.2975550452649369e-05, 1.506542697704968e-05, 1.3502220115354504e-05]"
609,"[1.6768097254989406e-07, 1.9758627358354222e-07, 2.029221620047509e-07, 2.3499854261414212e-07, 2.3641987684468844e-07]","[8.832364014254723e-06, 1.1288677994154245e-05, 1.2838404380933634e-05, 1.489203314414568e-05, 1.3934170658995286e-05]"
610,"[1.7388055734664945e-07, 2.0436848049381707e-07, 2.1050598031677537e-07, 2.4382031595469687e-07, 2.4450104430400566e-07]","[1.0134709238010476e-05, 1.2900760716356513e-05, 1.4627614448306289e-05, 1.6966685204829206e-05, 1.590869266868269e-05]"
611,"[2.070710417839639e-07, 2.3474659941771152e-07, 2.301557064819956e-07, 2.663442352105402e-07, 2.769189771769948e-07]","[9.723202889579706e-06, 1.2159361499906144e-05, 1.3620400571870138e-05, 1.579609579864749e-05, 1.4926896487521022e-05]"
612,"[1.8742209363550022e-07, 2.1103511062954407e-07, 2.1568938092126855e-07, 2.499398026367022e-07, 2.5036145987164436e-07]","[1.0269994569122124e-05, 1.2154341507484392e-05, 1.290008471793732e-05, 1.4949789047322605e-05, 1.465172231813905e-05]"
613,"[1.250246406492817e-07, 1.5485862275463563e-07, 1.712333461374709e-07, 1.9855153552011616e-07, 1.8925211807692934e-07]","[7.881551733609703e-06, 1.0489220845137285e-05, 1.2564514826363154e-05, 1.4585496006518845e-05, 1.315911023385295e-05]"
614,"[1.3223530542994883e-07, 1.6045388833307006e-07, 1.7297376124552733e-07, 2.0050230946486964e-07, 1.9441978068416914e-07]","[8.06285957452755e-06, 1.0606935890610815e-05, 1.2472912841126387e-05, 1.4475111132948641e-05, 1.323252787833478e-05]"
615,"[1.6491247533715621e-07, 1.9682858876896672e-07, 2.0465443677582553e-07, 2.3706304222160328e-07, 2.3629502729914756e-07]","[8.540626616658068e-06, 1.0478466996988736e-05, 1.1758903431535299e-05, 1.3638852044225677e-05, 1.2843108220031654e-05]"
616,"[1.2706423264446094e-07, 1.5462050320755975e-07, 1.6437462805157834e-07, 1.9046746409856644e-07, 1.8700254889634903e-07]","[8.236649746475556e-06, 1.0404863604383209e-05, 1.1488453482498515e-05, 1.3319715282754748e-05, 1.2733177739531699e-05]"
617,"[1.468891333688814e-07, 1.7554052233237497e-07, 1.886697776583334e-07, 2.1868473277769368e-07, 2.1240524112729593e-07]","[8.456903762434737e-06, 1.0486440342775727e-05, 1.1658203920783492e-05, 1.35203789116175e-05, 1.2825757011469232e-05]"
618,"[1.6959301337467565e-07, 1.914535479811835e-07, 2.001677073108621e-07, 2.319609428257938e-07, 2.2861253164901388e-07]","[9.003309812504566e-06, 1.0621328468068202e-05, 1.1037704875618597e-05, 1.2787357030074113e-05, 1.2726753099683135e-05]"
619,"[1.52011671329989e-07, 1.787110047234997e-07, 1.85630314357707e-07, 2.1503055461661747e-07, 2.1434226955239436e-07]","[8.525554608868027e-06, 1.040505161398081e-05, 1.1378860968272669e-05, 1.3192249304682016e-05, 1.2669903837045328e-05]"
620,"[1.6406192610058802e-07, 1.9037377260531307e-07, 1.9390351848807035e-07, 2.2453780527334648e-07, 2.2704679302482405e-07]","[7.54867434125059e-06, 8.894874065427558e-06, 9.638037304536333e-06, 1.1174618347120232e-05, 1.0767228474487023e-05]"
621,"[2.0997852952305647e-07, 2.3952097222672335e-07, 2.3604502281168017e-07, 2.7319336880556366e-07, 2.82904277345473e-07]","[8.980757864030023e-06, 1.047945771643486e-05, 1.0848756341347642e-05, 1.2568024283431247e-05, 1.2537953216714661e-05]"
622,"[2.4268947270962e-07, 2.8430495309847514e-07, 2.8421103708921727e-07, 3.289708939292078e-07, 3.378177459776395e-07]","[8.831948389286111e-06, 1.0520001888416241e-05, 1.1212216368370227e-05, 1.299467120682613e-05, 1.2696082106717359e-05]"
623,"[1.6554249294245735e-07, 2.0145073069208547e-07, 2.121966902420578e-07, 2.45836057293755e-07, 2.429232722929129e-07]","[7.35293235451071e-06, 9.266963969048435e-06, 1.0471700582727104e-05, 1.2146084834399695e-05, 1.1404066920779358e-05]"
624,"[1.4261167946760775e-07, 1.726497641292045e-07, 1.8332718909118567e-07, 2.1241882729281688e-07, 2.0867032516394735e-07]","[8.198580241730437e-06, 1.0612450588473288e-05, 1.213334218036826e-05, 1.4074918967635076e-05, 1.3125696669724819e-05]"
625,"[1.4684544855482379e-07, 1.7499805337915235e-07, 1.8196100474039257e-07, 2.1078105849301594e-07, 2.101001682568339e-07]","[7.688305233484428e-06, 9.88475968852807e-06, 1.1296731001749822e-05, 1.310502673133671e-05, 1.2217110493509558e-05]"
626,"[2.032456338503891e-07, 2.3783287146708525e-07, 2.405957506068324e-07, 2.7856075817618367e-07, 2.8329534527589097e-07]","[8.195753990949432e-06, 1.0586256511707837e-05, 1.2045734480477629e-05, 1.3972368330632063e-05, 1.3073533084804501e-05]"
627,"[1.7276550916689786e-07, 2.0122394352080504e-07, 2.093844571423469e-07, 2.42575970165998e-07, 2.4119925694345935e-07]","[7.592322646668236e-06, 9.960853217986736e-06, 1.1769580229930651e-05, 1.3660081671446429e-05, 1.2439723304681504e-05]"
628,"[2.1500753112022045e-07, 2.423259320368656e-07, 2.4664785089050023e-07, 2.85697983973171e-07, 2.8813003050681843e-07]","[9.905255483312682e-06, 1.2339952500390164e-05, 1.4044675191783554e-05, 1.6294364338217724e-05, 1.5188744850789218e-05]"
629,"[1.3648578941143775e-07, 1.6809913426525447e-07, 1.831154501321958e-07, 2.1225793672683675e-07, 2.0474810295893574e-07]","[7.1956329478410406e-06, 1.028158573954106e-05, 1.2964915078714302e-05, 1.505905564019836e-05, 1.3147050061612207e-05]"
630,"[1.3855760628918784e-07, 1.6655302732570245e-07, 1.790278127180857e-07, 2.074980193345075e-07, 2.0176803040053675e-07]","[7.752454661215238e-06, 1.0190642432652881e-05, 1.2166499943593497e-05, 1.4122978068486986e-05, 1.2767669585055565e-05]"
631,"[1.608785456808795e-07, 1.9252876187430979e-07, 2.0153515732982875e-07, 2.3347400657002542e-07, 2.3164612799011208e-07]","[8.63029854390833e-06, 1.1242671983725538e-05, 1.3139189982862591e-05, 1.5247518480712863e-05, 1.3990805060026596e-05]"
632,"[1.61556489055879e-07, 1.8806123504888742e-07, 1.9122995586342107e-07, 2.214744242238107e-07, 2.2397076406423208e-07]","[7.56988765196802e-06, 9.567581224028005e-06, 1.0996960246713335e-05, 1.2759763286419903e-05, 1.1824400076687012e-05]"
633,"[1.531895013448193e-07, 1.8511935692887332e-07, 1.991515928181522e-07, 2.308237849429507e-07, 2.2435988614126603e-07]","[8.834548235667471e-06, 1.0993912280991111e-05, 1.228786514379538e-05, 1.4251195571001447e-05, 1.3473096692304423e-05]"
634,"[1.7752633240247732e-07, 2.054206591489865e-07, 2.1279819706070852e-07, 2.4650525384514755e-07, 2.4578911881115074e-07]","[1.0062239866584902e-05, 1.2523263057562795e-05, 1.3799245198143617e-05, 1.5998948241193558e-05, 1.530269871751976e-05]"
635,"[1.580006304430364e-07, 1.9429986119312808e-07, 2.115547952281005e-07, 2.452516802133326e-07, 2.3639095860616012e-07]","[8.809801606854974e-06, 1.1525033944741138e-05, 1.3557256857236538e-05, 1.573361280085041e-05, 1.4377592788705917e-05]"
636,"[1.868206140322265e-07, 2.2585307996213485e-07, 2.3769746855530603e-07, 2.7536108725597216e-07, 2.725073345101504e-07]","[9.276052279515553e-06, 1.2143136943897657e-05, 1.4021452164334216e-05, 1.626669947163193e-05, 1.5075879846699467e-05]"
637,"[1.9020782515200046e-07, 2.2577138466990542e-07, 2.3079847555653434e-07, 2.6726452348249895e-07, 2.6998267123914624e-07]","[8.14883813936488e-06, 1.1018005201913975e-05, 1.30429084712694e-05, 1.5136425808855525e-05, 1.379998856490978e-05]"
638,"[1.9140299624163232e-07, 2.2035978692486457e-07, 2.2391259009077125e-07, 2.5931783725448296e-07, 2.620618253566499e-07]","[8.959300979001035e-06, 1.0717787819389584e-05, 1.1561446145579888e-05, 1.3402384721321555e-05, 1.297690325902597e-05]"
639,"[1.7169316791848412e-07, 2.0698077371465495e-07, 2.1784505454226354e-07, 2.523846612614956e-07, 2.4954964888645354e-07]","[7.891372368343265e-06, 1.0763372120923968e-05, 1.3088296747925073e-05, 1.51956816163517e-05, 1.3584429616022084e-05]"
640,"[1.7280036714094498e-07, 1.9849145707041495e-07, 2.1518096317696776e-07, 2.494617053350204e-07, 2.402865272327222e-07]","[9.063015903831697e-06, 1.0841436820488027e-05, 1.1545032664508346e-05, 1.3380363359182573e-05, 1.3086718444972396e-05]"
641,"[1.5215317150145606e-07, 1.8521735406630817e-07, 1.9575543461872735e-07, 2.2679335269396064e-07, 2.2371212232309257e-07]","[8.302288161000745e-06, 1.0376647603297973e-05, 1.1438159592121258e-05, 1.3262145357934461e-05, 1.2675144045499868e-05]"
642,"[1.7123690837794827e-07, 2.0332584781977615e-07, 2.1150998839826425e-07, 2.4500198145967813e-07, 2.441287738923376e-07]","[8.18717611031269e-06, 1.0981280428268145e-05, 1.28387320738501e-05, 1.4896477936320355e-05, 1.3702219736443502e-05]"
643,"[2.060970238161538e-07, 2.3503743309021607e-07, 2.306728426559437e-07, 2.669452576223663e-07, 2.774710687561085e-07]","[6.923321725367534e-06, 9.024932608686136e-06, 1.0687628396462039e-05, 1.240464123797515e-05, 1.127889181627913e-05]"
644,"[1.8355895192414012e-07, 2.1391475226515826e-07, 2.1788106991099262e-07, 2.5229227766326485e-07, 2.553829122253641e-07]","[9.047078953304618e-06, 1.0879844863070707e-05, 1.152160063822021e-05, 1.3350559891808947e-05, 1.3128595155073967e-05]"
645,"[1.3631639573395166e-07, 1.6140982393537052e-07, 1.707178357169135e-07, 1.9783675860198578e-07, 1.9449495431688197e-07]","[8.516531802520585e-06, 1.0488488677515771e-05, 1.1420215765704051e-05, 1.3238585772178607e-05, 1.2766411255308116e-05]"
646,"[1.7390588245455678e-07, 1.9737155429827598e-07, 1.9691479022091442e-07, 2.2799359586496089e-07, 2.3337515120748755e-07]","[7.929084221657604e-06, 9.381117743705702e-06, 9.995350748417098e-06, 1.158503852614524e-05, 1.1313014651537682e-05]"
647,"[1.6022226271537238e-07, 1.8827290963613706e-07, 1.9612424186663495e-07, 2.272428427375927e-07, 2.255999817196999e-07]","[9.199463248085436e-06, 1.1339937004620742e-05, 1.2555831328517496e-05, 1.4559599453017983e-05, 1.3861096049665061e-05]"
648,"[2.2434583920944278e-07, 2.48644365276823e-07, 2.3971210786705176e-07, 2.7736147679865243e-07, 2.9152524744402625e-07]","[1.0823652044380945e-05, 1.2638609551193323e-05, 1.30516333818581e-05, 1.5118850360146995e-05, 1.5114240776744833e-05]"
649,"[1.644008878388564e-07, 1.9867826411341488e-07, 2.1043226538718453e-07, 2.4381898545113297e-07, 2.398365288573988e-07]","[8.36036074599744e-06, 1.0913102523585764e-05, 1.2750705085251088e-05, 1.479662670285875e-05, 1.3577539148909215e-05]"
650,"[1.4058690928085657e-07, 1.646499928799636e-07, 1.7086476768103335e-07, 1.9794804658050432e-07, 1.9740510400346968e-07]","[7.701501384936129e-06, 1.0048520841077557e-05, 1.1585037697651677e-05, 1.3440916639465954e-05, 1.2457620501571241e-05]"
651,"[1.4761637363147033e-07, 1.7573051886099658e-07, 1.8657390938975422e-07, 2.1622163327769396e-07, 2.1183861235909802e-07]","[7.639083114682689e-06, 1.019270978954412e-05, 1.2076223440373938e-05, 1.4015970148815917e-05, 1.2750384897711395e-05]"
652,"[1.6532108104467668e-07, 1.9072573672282494e-07, 1.9844809358248163e-07, 2.2993000824084908e-07, 2.2828925144296887e-07]","[1.1053938272494097e-05, 1.3024945061495874e-05, 1.3545808426019781e-05, 1.5692711393923165e-05, 1.5615945698353332e-05]"
653,"[1.360487275491873e-07, 1.5792486350939377e-07, 1.6629868445411145e-07, 1.9275316878717912e-07, 1.8953415521208145e-07]","[9.747605535246011e-06, 1.127488229511921e-05, 1.1861259933592827e-05, 1.3746564432815721e-05, 1.352150763972851e-05]"
654,"[1.3317829119390085e-07, 1.585112058572045e-07, 1.679569136848468e-07, 1.946379109312725e-07, 1.9111501451428675e-07]","[9.016933964678999e-06, 1.0694261270492737e-05, 1.134175869123719e-05, 1.3143806600800992e-05, 1.2887468596250895e-05]"
655,"[1.920026443139378e-07, 2.1763981630558535e-07, 2.1471776773332122e-07, 2.4852474334355953e-07, 2.5698152273655235e-07]","[9.04450784814576e-06, 1.0546531181653208e-05, 1.1041804006497474e-05, 1.2794779605863806e-05, 1.2647138500861251e-05]"
656,"[2.1021167980194208e-07, 2.3995526930660785e-07, 2.3516317363722476e-07, 2.721276034128803e-07, 2.8322117895485156e-07]","[1.0118007876118854e-05, 1.160908964208517e-05, 1.1716929579867164e-05, 1.3567613931280151e-05, 1.378813888224998e-05]"
657,"[1.5867518242156087e-07, 1.8833905601849395e-07, 1.9562182955857407e-07, 2.2660495344414686e-07, 2.2581140500639835e-07]","[8.550893827848724e-06, 1.0695861927355757e-05, 1.2088907416796038e-05, 1.4022653483836419e-05, 1.3154978931534264e-05]"
658,"[1.9643435416885502e-07, 2.2610553621205312e-07, 2.2407801620361447e-07, 2.593583055278135e-07, 2.6770841363042457e-07]","[8.14097757352461e-06, 1.0098444102786913e-05, 1.1254975220376546e-05, 1.3053249201901597e-05, 1.2361153882529194e-05]"
659,"[1.6381155521327237e-07, 1.898707898439575e-07, 1.915720422240856e-07, 2.2181976638320446e-07, 2.2570699749310834e-07]","[6.940964965139625e-06, 8.098054206092324e-06, 8.470323504994623e-06, 9.815281861559117e-06, 9.706465645449116e-06]"
660,"[2.1287021605824415e-07, 2.4914078001306653e-07, 2.492418188862556e-07, 2.8850956610700895e-07, 2.9610806240475684e-07]","[9.089700024688858e-06, 1.1068767565744803e-05, 1.1968774139752076e-05, 1.3873931702891452e-05, 1.3431093142504301e-05]"
661,"[1.8523331365661772e-07, 2.1427294984927796e-07, 2.150657726348906e-07, 2.490025483782645e-07, 2.543755633694237e-07]","[8.347553091313554e-06, 9.746022287007592e-06, 1.0238454969144874e-05, 1.1864243675638934e-05, 1.1704169324419911e-05]"
662,"[1.7518046027204735e-07, 2.0705826351924332e-07, 2.1268649737402503e-07, 2.4631356502505704e-07, 2.477133485203805e-07]","[9.074407269755038e-06, 1.0874489100286062e-05, 1.1666581806017161e-05, 1.3522865890349324e-05, 1.3152050994639898e-05]"
663,"[1.8464232040150692e-07, 2.1756623894470323e-07, 2.2919967115078527e-07, 2.656153541393507e-07, 2.6150038094847193e-07]","[8.829256978051534e-06, 1.0732262139237842e-05, 1.1699740850923116e-05, 1.3564458160392884e-05, 1.304756110456391e-05]"
664,"[1.7211557284273072e-07, 1.9650964694005124e-07, 1.9731209517249494e-07, 2.2847030301023628e-07, 2.3280984154677029e-07]","[9.027451716685809e-06, 1.0287293846161796e-05, 1.0446197092558235e-05, 1.2098517109738581e-05, 1.2223274634391905e-05]"
665,"[1.4254733021715142e-07, 1.5911864634984282e-07, 1.5802722012385712e-07, 1.8297844875615113e-07, 1.8775364959680245e-07]","[8.26460358861264e-06, 9.181621837196202e-06, 9.319559546302864e-06, 1.0796496156716287e-05, 1.0872755415607058e-05]"
666,"[2.1897905751792167e-07, 2.488905015988081e-07, 2.4581783701855775e-07, 2.8451787814454944e-07, 2.9403280009756563e-07]","[9.490948356320634e-06, 1.0872917260105302e-05, 1.133605871149584e-05, 1.3135308187881636e-05, 1.3016546940821948e-05]"
667,"[2.0469557891199863e-07, 2.446062529074896e-07, 2.549008268882365e-07, 2.9528611361032904e-07, 2.93991782067997e-07]","[9.342595430292472e-06, 1.199809505971764e-05, 1.391673598894624e-05, 1.614859128727622e-05, 1.4890107167280468e-05]"
668,"[1.6152106679779276e-07, 1.9566953693713217e-07, 2.0901962212074516e-07, 2.422280222315742e-07, 2.3668070411487811e-07]","[7.402212632072648e-06, 9.60848402323085e-06, 1.1188464384020133e-05, 1.298330952351055e-05, 1.1939814358855563e-05]"
669,"[1.3968528267583736e-07, 1.710110385091516e-07, 1.8767848725362526e-07, 2.1760079582964303e-07, 2.083418136031948e-07]","[8.705647479701382e-06, 1.0621661877886387e-05, 1.183980040944542e-05, 1.373209066512357e-05, 1.299019986982571e-05]"
670,"[1.809435007048081e-07, 2.106202820764566e-07, 2.1642908371507786e-07, 2.506741453195026e-07, 2.51653262919097e-07]","[8.08502519047524e-06, 9.613213537132539e-06, 1.048442024400449e-05, 1.2157108048889567e-05, 1.1659594289145115e-05]"
671,"[1.7719418472805642e-07, 2.0799209592489531e-07, 2.1202619348238366e-07, 2.4552046880304377e-07, 2.483377777546738e-07]","[1.0036016540907233e-05, 1.1684962630599614e-05, 1.21828106912247e-05, 1.4115432643321647e-05, 1.4003264036813317e-05]"
672,"[1.6045943455728982e-07, 1.872476080153393e-07, 1.916420494932123e-07, 2.21954395954749e-07, 2.2362695667188196e-07]","[8.672749502724239e-06, 1.0158393385052586e-05, 1.0713357567492651e-05, 1.2415812733481196e-05, 1.2204556721932921e-05]"
673,"[1.696744763235789e-07, 2.0323130301327525e-07, 2.1418351335798515e-07, 2.481589142611778e-07, 2.45010001656129e-07]","[8.200546848353971e-06, 1.0599991141837795e-05, 1.2350771184215447e-05, 1.4332466325465679e-05, 1.3166960874439554e-05]"
674,"[2.0854878206590782e-07, 2.3780034694890487e-07, 2.3634342382450961e-07, 2.7357736836566595e-07, 2.8140435703256105e-07]","[1.018376488403294e-05, 1.1322276595270467e-05, 1.1286380243826846e-05, 1.3069038098566358e-05, 1.3364400508014653e-05]"
675,"[1.5430907884012942e-07, 1.7829778494493358e-07, 1.8408975008436419e-07, 2.132633736237045e-07, 2.1289053372902198e-07]","[9.29216197032827e-06, 1.0757644585247053e-05, 1.1170322906510544e-05, 1.2941561388301282e-05, 1.2878459610917035e-05]"
676,"[1.9563116480743678e-07, 2.3483569823786542e-07, 2.487498557970688e-07, 2.882145676204212e-07, 2.8369727931694497e-07]","[8.308785865279912e-06, 1.0772676784588102e-05, 1.2915637290353289e-05, 1.4995325872331159e-05, 1.3491280666692739e-05]"
677,"[1.5746293431976008e-07, 1.8468030476854865e-07, 1.912632256162265e-07, 2.2155007795321407e-07, 2.2105458298747576e-07]","[8.678530921195561e-06, 1.0078305331758818e-05, 1.0471600279025675e-05, 1.2132357850902571e-05, 1.2061357545869861e-05]"
678,"[1.74361450121064e-07, 2.0003956461218567e-07, 2.0170717298461832e-07, 2.335810775741175e-07, 2.3769051865426824e-07]","[1.0342865165105075e-05, 1.171333754051439e-05, 1.1883075721476374e-05, 1.3763879951955474e-05, 1.3903058023378967e-05]"
679,"[1.5670107848048885e-07, 1.9242843544793103e-07, 2.1177559435244926e-07, 2.45540535668649e-07, 2.348570030718897e-07]","[9.1850276816902e-06, 1.1962675328811058e-05, 1.4249327940531439e-05, 1.654062985613222e-05, 1.4968756993011841e-05]"
680,"[1.9285483529819909e-07, 2.2314508803223686e-07, 2.2328561977395944e-07, 2.584829490531626e-07, 2.649363762095787e-07]","[8.734381667571384e-06, 1.059489708078932e-05, 1.1482499444507578e-05, 1.3310997553338722e-05, 1.286266357279797e-05]"
681,"[1.7164900523388975e-07, 2.0008154501820723e-07, 2.076564587667762e-07, 2.405545484915834e-07, 2.3978062375942907e-07]","[9.487901805092052e-06, 1.113806151330361e-05, 1.1747273391741459e-05, 1.3614305922048844e-05, 1.3385595177113506e-05]"
682,"[1.2763525576063298e-07, 1.4768851390866775e-07, 1.5452676909800092e-07, 1.7906197827582153e-07, 1.7692067120070615e-07]","[9.44437263939215e-06, 1.0739073475078022e-05, 1.0823202073259743e-05, 1.2533335202266843e-05, 1.2740977054325379e-05]"
683,"[1.6135606504952636e-07, 1.906773393621498e-07, 2.0185940900770412e-07, 2.339273231840911e-07, 2.29771056737167e-07]","[1.148776951318492e-05, 1.3305459482498858e-05, 1.3780219991355995e-05, 1.5964867872539085e-05, 1.591345796725264e-05]"
684,"[1.451118714719968e-07, 1.6830692682071446e-07, 1.7604283327528456e-07, 2.039866260124315e-07, 2.0178034264723886e-07]","[1.0836535679793437e-05, 1.2284906334558547e-05, 1.2215901278620113e-05, 1.4142933109340473e-05, 1.452241373818168e-05]"
685,"[1.3985407910185052e-07, 1.6297910779883117e-07, 1.689405582061827e-07, 1.9572211895430407e-07, 1.9506262171830843e-07]","[1.011263112982531e-05, 1.1423234762348364e-05, 1.1470955004974192e-05, 1.328325195033373e-05, 1.3522728028550802e-05]"
686,"[1.490725121100608e-07, 1.7165955839030667e-07, 1.770624483226861e-07, 2.0512902080128772e-07, 2.0498674843915667e-07]","[9.791201037888686e-06, 1.1272079671127095e-05, 1.1488665372842419e-05, 1.330623773200477e-05, 1.3421122241552098e-05]"
687,"[1.7752662608610804e-07, 2.045062072276454e-07, 2.0775121516158586e-07, 2.4061035323311055e-07, 2.4346723209994794e-07]","[1.0799624059272255e-05, 1.2079137666747995e-05, 1.2015138187191822e-05, 1.3911293148667018e-05, 1.4267871324601957e-05]"
688,"[2.0313564342904093e-07, 2.379266598677077e-07, 2.426980781461038e-07, 2.8104371308481294e-07, 2.839046767373476e-07]","[1.044365762287359e-05, 1.193115128581887e-05, 1.2055701549592118e-05, 1.3960312281128782e-05, 1.4175817443715166e-05]"
689,"[1.7997970199267264e-07, 2.0465789656115006e-07, 2.073210937919162e-07, 2.401283489914161e-07, 2.424598379992815e-07]","[1.0359684722275456e-05, 1.158372595719948e-05, 1.1542925532095765e-05, 1.3365723648911949e-05, 1.3676321376170348e-05]"
690,"[1.7039455824809685e-07, 1.9750538610763334e-07, 2.027716547263188e-07, 2.3487859295091812e-07, 2.3578299334688944e-07]","[1.0456632507782886e-05, 1.2334574695046035e-05, 1.2832131629630622e-05, 1.486669324787974e-05, 1.478100341117223e-05]"
691,"[1.6125204048418802e-07, 1.7878860114655796e-07, 1.7538306981073e-07, 2.0309163958733812e-07, 2.0986382124992416e-07]","[1.0113653967733427e-05, 1.1500095704164503e-05, 1.1453595865812897e-05, 1.3260675242073797e-05, 1.3601165146253935e-05]"
692,"[1.3586386375341287e-07, 1.5626835498249326e-07, 1.6278397363685442e-07, 1.886080349467158e-07, 1.870609651000529e-07]","[1.040074803605871e-05, 1.1696105641927851e-05, 1.1685469728551697e-05, 1.3531080955949187e-05, 1.382894285244542e-05]"
693,"[1.7230845565184444e-07, 1.9201432687500878e-07, 1.8670836281782622e-07, 2.1607490756740235e-07, 2.2554508174363018e-07]","[9.788066626498252e-06, 1.1045054221798018e-05, 1.0991063754985288e-05, 1.2725252444146192e-05, 1.3053573996394227e-05]"
694,"[1.6034405230856648e-07, 1.9281658572527162e-07, 2.061677410208082e-07, 2.389400124030999e-07, 2.3324652168726105e-07]","[9.328648639713345e-06, 1.0516659556477776e-05, 1.0526441928441238e-05, 1.218898055727173e-05, 1.2446761144966549e-05]"
695,"[1.629059757890132e-07, 1.8943240529790685e-07, 1.9154369858668729e-07, 2.2178975416308887e-07, 2.2543765748175175e-07]","[1.053112677064163e-05, 1.1684260073824823e-05, 1.1380877710403607e-05, 1.3172213742902641e-05, 1.371985633792884e-05]"
696,"[1.7579081496275766e-07, 2.0785207884651974e-07, 2.1454763098679482e-07, 2.485023847637698e-07, 2.489541569297572e-07]","[1.0692240748467723e-05, 1.2136292843087518e-05, 1.2150187679417877e-05, 1.4068735654720258e-05, 1.4372762786102262e-05]"
697,"[1.523307595474683e-07, 1.7991290337501203e-07, 1.9307851596583188e-07, 2.238154990711659e-07, 2.1748641196548667e-07]","[9.326994225429087e-06, 1.0912109259263732e-05, 1.1524993146437512e-05, 1.3356711809198473e-05, 1.3113561669230199e-05]"
698,"[1.837320397547902e-07, 2.1775280656220972e-07, 2.2626102643716157e-07, 2.620918555335936e-07, 2.613077232659701e-07]","[9.965026325704048e-06, 1.1380815519880667e-05, 1.173179052067921e-05, 1.359220134313699e-05, 1.3566659260408754e-05]"
699,"[1.7559652336987515e-07, 2.0422644150016309e-07, 2.0715226402882136e-07, 2.398833040004257e-07, 2.4291987282557884e-07]","[1.054621913991708e-05, 1.1906920463926624e-05, 1.1804195808219064e-05, 1.3665935205012507e-05, 1.4055608343083846e-05]"
700,"[1.6602042540053775e-07, 1.893362618501776e-07, 1.9198228445553406e-07, 2.223647874440794e-07, 2.2459972300604836e-07]","[1.0524438804119474e-05, 1.1802456047074902e-05, 1.1875277329344823e-05, 1.375338119291803e-05, 1.396689205409353e-05]"
701,"[1.916202486569307e-07, 2.2237002144144792e-07, 2.25914117464743e-07, 2.6161174446440757e-07, 2.648398475198147e-07]","[1.007484779244954e-05, 1.1798333378833397e-05, 1.222595217336669e-05, 1.4163152789763602e-05, 1.412617625400857e-05]"
702,"[1.7094239717297774e-07, 2.012297731439474e-07, 2.0755576606384652e-07, 2.4043682012558333e-07, 2.406948821216667e-07]","[1.0900378596699422e-05, 1.2537107520965866e-05, 1.2738935896309916e-05, 1.475360785353514e-05, 1.4915372354878392e-05]"
703,"[1.8740482698667187e-07, 2.1778123664662968e-07, 2.2476104389723856e-07, 2.6037066473968234e-07, 2.6012920120210296e-07]","[1.0204208219405746e-05, 1.2011763696886201e-05, 1.2724271417928167e-05, 1.4746714527523655e-05, 1.4462138979127331e-05]"
704,"[1.801243305685134e-07, 2.057431693381636e-07, 2.084468328468032e-07, 2.413907329212758e-07, 2.444799592395146e-07]","[1.0609894083722864e-05, 1.2178865493853641e-05, 1.2535625814385623e-05, 1.4522128313033097e-05, 1.4522017912284648e-05]"
705,"[1.8725792581171436e-07, 2.1620573199115235e-07, 2.1990182981004923e-07, 2.5466679903216134e-07, 2.57373074052059e-07]","[1.042717719319803e-05, 1.2042178862427313e-05, 1.25952991565644e-05, 1.4594731820210872e-05, 1.4433346075806366e-05]"
706,"[1.427929657642372e-07, 1.65434234997281e-07, 1.7305919091763665e-07, 2.0055716622429896e-07, 1.979442632671002e-07]","[9.249058582446876e-06, 1.0615828169058709e-05, 1.1008368559198436e-05, 1.2756033312945045e-05, 1.2675171063935625e-05]"
707,"[1.5178137468700643e-07, 1.8292173279300933e-07, 1.99006295712903e-07, 2.3070098421406578e-07, 2.222652602516398e-07]","[1.0510507846679244e-05, 1.235489062586685e-05, 1.2837130162119719e-05, 1.4871620959804137e-05, 1.480807880629718e-05]"
708,"[2.2254530187624708e-07, 2.600896145370103e-07, 2.630452112034295e-07, 3.045614940721465e-07, 3.097581669188402e-07]","[1.0768138809247046e-05, 1.2722902329116288e-05, 1.343100292871158e-05, 1.5564367284603358e-05, 1.5307954194619698e-05]"
709,"[2.058994662959148e-07, 2.378895816616268e-07, 2.428074257387589e-07, 2.811851790397748e-07, 2.8362155051922024e-07]","[1.0724419634491255e-05, 1.2324951077360184e-05, 1.275046014314679e-05, 1.4772182296096169e-05, 1.4720200595809137e-05]"
710,"[2.418326663284439e-07, 2.762386435991171e-07, 2.7324736973212337e-07, 3.1627959766846955e-07, 3.2662042436643344e-07]","[1.1396721456418474e-05, 1.3072420453172546e-05, 1.3322090162272937e-05, 1.5430889926166768e-05, 1.555328295330233e-05]"
711,"[2.0157175031235512e-07, 2.3139793494611928e-07, 2.3087577744376431e-07, 2.6727406133699624e-07, 2.7410390602101624e-07]","[1.0399007539564052e-05, 1.1743149477218806e-05, 1.1849140637776559e-05, 1.3722597939883931e-05, 1.3926615042271722e-05]"
712,"[1.7971722124539185e-07, 2.1825837323845108e-07, 2.3694591271657384e-07, 2.746721911454848e-07, 2.65148200448591e-07]","[1.0653226605074192e-05, 1.256583417237383e-05, 1.3312400718583148e-05, 1.542735667168882e-05, 1.5140303379166655e-05]"
713,"[1.8642698365488926e-07, 2.1654320229873158e-07, 2.2417400316330453e-07, 2.597137362730755e-07, 2.589392321808356e-07]","[1.1814362695512493e-05, 1.338909952254425e-05, 1.3451025771514699e-05, 1.5576791221145688e-05, 1.58555185356821e-05]"
714,"[2.1979864032530262e-07, 2.527462835748152e-07, 2.5410641511119796e-07, 2.942304491648513e-07, 2.9983906551038734e-07]","[1.113487370211167e-05, 1.2917506251947003e-05, 1.3452358123026215e-05, 1.5586244392075123e-05, 1.5475020118993003e-05]"
715,"[1.7093903360650302e-07, 2.026708231090626e-07, 2.150676010705358e-07, 2.4925102718946656e-07, 2.441091043582944e-07]","[1.0671295820360312e-05, 1.2273936319645267e-05, 1.2607232598306577e-05, 1.460506567728803e-05, 1.463205396575695e-05]"
716,"[2.0250301497244903e-07, 2.2841152459871946e-07, 2.2463527645659763e-07, 2.600020946965185e-07, 2.6939373310356507e-07]","[1.1544944040541305e-05, 1.3430632248842197e-05, 1.3783630442796358e-05, 1.5964791977741863e-05, 1.603849803706738e-05]"
717,"[2.0307510062789666e-07, 2.3800655092158445e-07, 2.468691594576044e-07, 2.859805207416184e-07, 2.8513597321402275e-07]","[1.0488883277425527e-05, 1.2182764281411755e-05, 1.2973829569703197e-05, 1.5039295990240287e-05, 1.4651866165078424e-05]"
718,"[1.907354754158319e-07, 2.1643732786468283e-07, 2.1832980290509978e-07, 2.528361052234751e-07, 2.5673651121720313e-07]","[1.0582339692463927e-05, 1.2159273625075909e-05, 1.2484968539567157e-05, 1.4463143569205534e-05, 1.4496540619880187e-05]"
719,"[2.0194086844693486e-07, 2.3637515169620024e-07, 2.503307447077444e-07, 2.9017722425274956e-07, 2.83732969809538e-07]","[1.1230059081321252e-05, 1.3403060214349559e-05, 1.4288384539533892e-05, 1.6560551404569425e-05, 1.6179994717497762e-05]"
720,"[1.8842331555543981e-07, 2.2421945863595985e-07, 2.3689471290618787e-07, 2.74546789551443e-07, 2.6979077120932447e-07]","[1.1378993281760509e-05, 1.3327222111771204e-05, 1.3814958469026772e-05, 1.6004426370757647e-05, 1.595454426768457e-05]"
721,"[2.2158878412579688e-07, 2.5828565806653655e-07, 2.681316444245656e-07, 3.1062901625003814e-07, 3.093506203328537e-07]","[1.2079754233053614e-05, 1.4299397066440969e-05, 1.5084214896292867e-05, 1.7480298698865733e-05, 1.719428597077598e-05]"
722,"[2.0244620059689784e-07, 2.3425925533345684e-07, 2.3909657638516746e-07, 2.7690139179934204e-07, 2.7932253077898794e-07]","[1.2000227587509106e-05, 1.371082314252014e-05, 1.3801883674071107e-05, 1.5981716850788126e-05, 1.6270635172539997e-05]"
723,"[2.2371703633150137e-07, 2.516042556808026e-07, 2.511808960127193e-07, 2.908803928146585e-07, 2.969357064331774e-07]","[1.2119914089099203e-05, 1.394284726887728e-05, 1.4570557488780543e-05, 1.6884308630022797e-05, 1.6687579553365274e-05]"
724,"[2.2111042393664922e-07, 2.5794938177432526e-07, 2.6894749863820186e-07, 3.1161101856418626e-07, 3.092878091878159e-07]","[1.0723893822418251e-05, 1.2692052026519663e-05, 1.3445791926003467e-05, 1.5582612664662175e-05, 1.528849259384617e-05]"
725,"[2.138300061883869e-07, 2.5162205607981853e-07, 2.602857880119128e-07, 3.0153324238030057e-07, 3.00970706006085e-07]","[1.1480460313361604e-05, 1.3476914475131915e-05, 1.4220638921855192e-05, 1.6479229822400263e-05, 1.6212931862579075e-05]"
726,"[1.9220491518486497e-07, 2.180205264180171e-07, 2.2074134175914436e-07, 2.5570292055980645e-07, 2.589235740769352e-07]","[1.1510387984370746e-05, 1.3182605227864463e-05, 1.343639271170916e-05, 1.5562491181043173e-05, 1.568766449706322e-05]"
727,"[2.222833639213233e-07, 2.608263832092675e-07, 2.698067660428078e-07, 3.1255104498177964e-07, 3.121008843043218e-07]","[1.2028755272791332e-05, 1.3907285306461152e-05, 1.4367527192853364e-05, 1.6645691165305884e-05, 1.660822567531647e-05]"
728,"[2.380225730779047e-07, 2.71320775845928e-07, 2.705349287916778e-07, 3.132563340890935e-07, 3.207722441292561e-07]","[1.0508656896169274e-05, 1.2301137663170954e-05, 1.3092657579605045e-05, 1.5176178529260245e-05, 1.4811968472470027e-05]"
729,"[2.2355409338008942e-07, 2.725349902672048e-07, 2.9425474214947556e-07, 3.410357455220937e-07, 3.3103695261013984e-07]","[1.177095779418864e-05, 1.4085942192038842e-05, 1.5030405039723377e-05, 1.7420062642343003e-05, 1.7012847932129854e-05]"
730,"[2.2507055204717522e-07, 2.6171365398495177e-07, 2.716846871380223e-07, 3.147621473343515e-07, 3.134866640597595e-07]","[1.159205895743602e-05, 1.3460234079320671e-05, 1.377320733996199e-05, 1.5952151738892704e-05, 1.6058966173495817e-05]"
731,"[2.5765599342479413e-07, 3.0530348924648e-07, 3.182689270809717e-07, 3.686942297306866e-07, 3.6674149516119634e-07]","[1.1731898540192658e-05, 1.3468958922652994e-05, 1.4152375262935505e-05, 1.640244446105127e-05, 1.613381659528917e-05]"
732,"[2.0280568784003148e-07, 2.3563030757851458e-07, 2.4290332765996793e-07, 2.814204711486358e-07, 2.813327383870817e-07]","[1.1018793177874128e-05, 1.277455080125914e-05, 1.3079210367172268e-05, 1.5149569243039523e-05, 1.5229953668094436e-05]"
733,"[2.1900114398312195e-07, 2.5402466372621976e-07, 2.644978927143858e-07, 3.064462126071839e-07, 3.039540317112532e-07]","[1.1562142746077701e-05, 1.3520642488649206e-05, 1.4248042478195786e-05, 1.6512234310817087e-05, 1.623766800950424e-05]"
734,"[2.2129222134285858e-07, 2.658188431954778e-07, 2.812630511221685e-07, 3.2593484130207703e-07, 3.2084972251728335e-07]","[1.1679096600326608e-05, 1.3528007837656513e-05, 1.3951712784033022e-05, 1.616215392788925e-05, 1.615916538442853e-05]"
735,"[2.4253770162660244e-07, 2.8871005045279593e-07, 3.0111804122730153e-07, 3.4886299673101223e-07, 3.46880829307272e-07]","[1.155543292813116e-05, 1.3562195196564473e-05, 1.4136385329172758e-05, 1.6378258266816165e-05, 1.6261090897606122e-05]"
736,"[2.146763293792293e-07, 2.535792161243197e-07, 2.776868252436896e-07, 3.2196079442486964e-07, 3.0845969559256414e-07]","[1.2450500679024244e-05, 1.4545065444727752e-05, 1.5104174045286822e-05, 1.7498420845687923e-05, 1.7419838023848158e-05]"
737,"[2.4250290478145085e-07, 2.8507117376183326e-07, 2.965589858785294e-07, 3.43586846689594e-07, 3.4186554957585284e-07]","[1.1110567080624695e-05, 1.2917630634400893e-05, 1.3598861164427907e-05, 1.5760050348093958e-05, 1.5502384386686758e-05]"
738,"[2.5470549684047204e-07, 2.906341395861699e-07, 2.945667631543185e-07, 3.4114616653507984e-07, 3.4558958341990656e-07]","[1.1860559842974512e-05, 1.4358520536664672e-05, 1.5464493199884493e-05, 1.792503142733577e-05, 1.740083104959799e-05]"
739,"[2.2959045680194334e-07, 2.736715776720142e-07, 2.9095346219266395e-07, 3.37203086944264e-07, 3.300398778330302e-07]","[1.2648097415086534e-05, 1.4100876518617245e-05, 1.394393573861258e-05, 1.614353190355612e-05, 1.6620384091893145e-05]"
740,"[2.3922040503689986e-07, 2.775695012214651e-07, 2.8900275291452933e-07, 3.348351283687611e-07, 3.323864509019441e-07]","[1.1288432590866487e-05, 1.2996186223071373e-05, 1.3323362978466985e-05, 1.543347525223163e-05, 1.5490215302589175e-05]"
741,"[2.592118896944792e-07, 3.130203692949484e-07, 3.308992603908506e-07, 3.834433697949642e-07, 3.771960909504142e-07]","[1.1220707458514023e-05, 1.3008998096304666e-05, 1.3635823146438223e-05, 1.5801701769770465e-05, 1.559688175221417e-05]"
742,"[2.3198034399227688e-07, 2.817373548889966e-07, 3.079601704467213e-07, 3.5707485119832496e-07, 3.430352330582964e-07]","[1.0837104140374463e-05, 1.2884667767306962e-05, 1.395808451625072e-05, 1.6182495097438756e-05, 1.560990519235849e-05]"
743,"[2.6277876419187254e-07, 3.0507949904595684e-07, 3.060102402861191e-07, 3.5425915129662907e-07, 3.622999859694329e-07]","[1.224601669741251e-05, 1.41350219263896e-05, 1.4473322683657855e-05, 1.676485600552835e-05, 1.684531286863177e-05]"
744,"[2.787902743169214e-07, 3.334165900047862e-07, 3.629639884342423e-07, 4.2084679754401235e-07, 4.041715877762028e-07]","[1.0789600822022122e-05, 1.2835964988724572e-05, 1.3814028490376232e-05, 1.6014812151543868e-05, 1.5515881564904988e-05]"
745,"[2.5617581313415923e-07, 3.092364781192875e-07, 3.2410980550816793e-07, 3.754799019053978e-07, 3.726328172959334e-07]","[1.1240744423290327e-05, 1.3167094101052994e-05, 1.3775416010281215e-05, 1.596190027649069e-05, 1.5794424151206848e-05]"
746,"[2.983640763953362e-07, 3.5607503528155167e-07, 3.7091828323628996e-07, 4.2971096762272027e-07, 4.273196226758696e-07]","[1.3311320905461267e-05, 1.5410419180178585e-05, 1.572060178981264e-05, 1.820753247628039e-05, 1.8360101326473176e-05]"
747,"[2.2331171355532428e-07, 2.6289954632777803e-07, 2.7741218952939363e-07, 3.2148706391739025e-07, 3.1623950062799575e-07]","[1.2918922743959948e-05, 1.4993127333923454e-05, 1.54510865214739e-05, 1.7897912881099118e-05, 1.791363274239176e-05]"
748,"[2.4307513626813417e-07, 2.9281076742157197e-07, 3.0891197352485257e-07, 3.579158214746779e-07, 3.530227576241834e-07]","[1.2471679045709202e-05, 1.4689036821804364e-05, 1.53146729284644e-05, 1.7743614739155447e-05, 1.7615858284976348e-05]"
749,"[2.4403413717185215e-07, 2.885680912888397e-07, 2.9990242417108486e-07, 3.474091309428423e-07, 3.457883860321962e-07]","[1.1687000058005945e-05, 1.33880171807961e-05, 1.3616638634306484e-05, 1.5771739035316653e-05, 1.591945166923275e-05]"
750,"[2.2660477626724222e-07, 2.746395391850383e-07, 2.9556244282557596e-07, 3.4257884291695903e-07, 3.3279656843380454e-07]","[1.1654915648925482e-05, 1.3578736647067033e-05, 1.4058126200770024e-05, 1.62866303918279e-05, 1.6237634870242756e-05]"
751,"[2.1372459057087264e-07, 2.521841969548665e-07, 2.7295122465632026e-07, 3.164791646843183e-07, 3.0552579137432195e-07]","[1.2223817597701726e-05, 1.4214824144588824e-05, 1.4818605853242733e-05, 1.717085093127354e-05, 1.7018715798741788e-05]"
752,"[2.3210200310453134e-07, 2.7381350044116e-07, 2.868125159857824e-07, 3.323131978002427e-07, 3.2895467845151046e-07]","[1.0459707756397605e-05, 1.220860120935921e-05, 1.2913219125827062e-05, 1.4966635328756263e-05, 1.467538979774864e-05]"
753,"[2.487071154191904e-07, 2.965827016536185e-07, 3.10590569949468e-07, 3.5980673557577383e-07, 3.5674886180925746e-07]","[1.2282706056916065e-05, 1.4015129148378095e-05, 1.4244975990872128e-05, 1.649900488683592e-05, 1.6657182999275587e-05]"
754,"[2.5924435686297083e-07, 3.0622868856160875e-07, 3.254209284398894e-07, 3.771223436103788e-07, 3.690193891104535e-07]","[1.1565504858006324e-05, 1.3615797168542219e-05, 1.4341272396994842e-05, 1.6619142369265395e-05, 1.636589028431505e-05]"
755,"[2.6011603829620854e-07, 3.041410973635002e-07, 3.194508786644151e-07, 3.701438833459236e-07, 3.6514972886786025e-07]","[1.1434435129903549e-05, 1.3297771354583163e-05, 1.3839940945549381e-05, 1.6034956230768368e-05, 1.5927084072308518e-05]"
756,"[2.5913883854167534e-07, 3.1360679343152223e-07, 3.384730100287378e-07, 3.923478497906308e-07, 3.7991228953066726e-07]","[1.2601496856369573e-05, 1.4270410599040795e-05, 1.4364106099213694e-05, 1.663396807237878e-05, 1.691765777006977e-05]"
757,"[2.47487436654122e-07, 3.059028422703798e-07, 3.3329177978255154e-07, 3.8635935866036317e-07, 3.724370504969953e-07]","[1.183901220474773e-05, 1.373905591634733e-05, 1.450551611808601e-05, 1.68113562182258e-05, 1.650086536659406e-05]"
758,"[2.7440185006721705e-07, 3.366193539635045e-07, 3.5950222132758096e-07, 4.1659467742337674e-07, 4.078577326410518e-07]","[1.1407340266893315e-05, 1.3175678916594989e-05, 1.3526265989463257e-05, 1.5669000555106266e-05, 1.5714188355381123e-05]"
759,"[2.5378451399553926e-07, 3.059365207990322e-07, 3.257070560516843e-07, 3.7741697629266205e-07, 3.6990649755055363e-07]","[1.1679498275008376e-05, 1.3418716890749024e-05, 1.3945451259296844e-05, 1.6159018560269175e-05, 1.6038641705677014e-05]"
760,"[2.760219921890955e-07, 3.415280547345874e-07, 3.7856385900553816e-07, 4.389348191875556e-07, 4.1833899001483765e-07]","[1.218383619973918e-05, 1.409141965528759e-05, 1.4822040140865185e-05, 1.7177993220995478e-05, 1.690262936448644e-05]"
761,"[2.7801826161920527e-07, 3.31108135150832e-07, 3.4714637144184457e-07, 4.0223714072281084e-07, 3.981564363565226e-07]","[1.1038874683564358e-05, 1.2614432601356748e-05, 1.2952532704177936e-05, 1.5005334263702017e-05, 1.5023907782755059e-05]"
762,"[2.979458610361373e-07, 3.5185208121159984e-07, 3.6647463675637745e-07, 4.2461783888128865e-07, 4.2166444651101885e-07]","[1.3259400357647463e-05, 1.5281826405678547e-05, 1.5834283738258513e-05, 1.8345648524435906e-05, 1.8262172662535788e-05]"
763,"[3.1187775397939726e-07, 3.634678347852084e-07, 3.734798763405509e-07, 4.325929017502601e-07, 4.3404858810723925e-07]","[1.2268586675723366e-05, 1.3901080100500915e-05, 1.4045383761726954e-05, 1.6266004121608216e-05, 1.6494142034304248e-05]"
764,"[2.564316512970428e-07, 3.0838758924949187e-07, 3.253253764079708e-07, 3.769509612467668e-07, 3.715534429755806e-07]","[1.2328426593624003e-05, 1.409548292781923e-05, 1.4465267775588108e-05, 1.6757221699989322e-05, 1.6791396407558558e-05]"
765,"[2.6776200947740666e-07, 3.2476480551907446e-07, 3.481066558797301e-07, 4.0343644739492815e-07, 3.930401647867105e-07]","[1.2103631973693445e-05, 1.3973751359483953e-05, 1.4381685650874613e-05, 1.6659093340135616e-05, 1.6686285064519037e-05]"
766,"[2.540405634625269e-07, 3.13188089303949e-07, 3.640796161175225e-07, 4.225067429117877e-07, 3.876455918327674e-07]","[1.2294340132665827e-05, 1.4199077402134856e-05, 1.479885521727669e-05, 1.714725093298676e-05, 1.6998741120004378e-05]"
767,"[2.5901696623766406e-07, 3.1441382748630563e-07, 3.395435288375986e-07, 3.935863981031195e-07, 3.813655676381952e-07]","[1.1784055173111769e-05, 1.355683179723869e-05, 1.3801225479880275e-05, 1.598421627054189e-05, 1.6137115429611583e-05]"
768,"[2.5709322245360205e-07, 3.0295952061882905e-07, 3.18532130071672e-07, 3.6912904516597055e-07, 3.638950144987206e-07]","[1.1570935115481564e-05, 1.3177586213478858e-05, 1.3733654193646822e-05, 1.5915833509667766e-05, 1.5742981231873463e-05]"
769,"[2.4994233164884414e-07, 3.0676220191742484e-07, 3.349243918396183e-07, 3.8832568415279156e-07, 3.730184532049762e-07]","[1.1890648647716058e-05, 1.3723923608388259e-05, 1.4147395264950751e-05, 1.638954235316334e-05, 1.6383345922839793e-05]"
770,"[2.4414244124740104e-07, 2.839491634219662e-07, 3.001551114582798e-07, 3.478906979334402e-07, 3.4071748116636465e-07]","[1.2439992256482799e-05, 1.4379044183447608e-05, 1.4769979760784993e-05, 1.710867040206908e-05, 1.7159427515601194e-05]"
771,"[2.3744038893903403e-07, 2.882224395558676e-07, 3.124005128132399e-07, 3.621665800452807e-07, 3.495408823299795e-07]","[1.2070882335251379e-05, 1.350026167456859e-05, 1.356913910655628e-05, 1.571506515348242e-05, 1.5969930059799774e-05]"
772,"[2.7117768529849085e-07, 3.1648507955194545e-07, 3.312799795470069e-07, 3.838504416497825e-07, 3.7969180930213483e-07]","[1.1482167306712114e-05, 1.327724849407112e-05, 1.3755380056578618e-05, 1.5936983221849977e-05, 1.586761308151177e-05]"
773,"[2.8433643271625243e-07, 3.501667531037215e-07, 3.7733800102392176e-07, 4.374094063279807e-07, 4.2508210173685026e-07]","[1.2312856666568188e-05, 1.4261472591701978e-05, 1.4801147720675015e-05, 1.7148926369890068e-05, 1.705181059416835e-05]"
774,"[2.3169601147457178e-07, 2.753995146844179e-07, 2.9332786490787456e-07, 3.399847116904853e-07, 3.322194315737084e-07]","[1.1139467961211383e-05, 1.3131808498342773e-05, 1.3758919923516346e-05, 1.5941861033372137e-05, 1.5773652650981666e-05]"
775,"[2.622760642872312e-07, 3.172992981576524e-07, 3.5147935807731984e-07, 4.075594638214473e-07, 3.8770816032486913e-07]","[1.2631483043650582e-05, 1.4877292952142383e-05, 1.5785507557972477e-05, 1.8295379070401293e-05, 1.791312695085253e-05]"
776,"[2.723963541757165e-07, 3.2632433729426876e-07, 3.521724217201149e-07, 4.0829902403607924e-07, 3.9510440575324774e-07]","[1.1580962119325791e-05, 1.3115941272611243e-05, 1.3448695105239404e-05, 1.558085582559209e-05, 1.5601582894735797e-05]"
777,"[2.7594977964403046e-07, 3.2886502484492294e-07, 3.523217305392012e-07, 4.084219938012021e-07, 3.970909996682516e-07]","[1.1855132805572286e-05, 1.3181262683282295e-05, 1.3276388371283248e-05, 1.5378065986239822e-05, 1.5586508814083514e-05]"
778,"[2.9093249123817556e-07, 3.471334268492897e-07, 3.6204612616159733e-07, 4.194383866885248e-07, 4.168621859301134e-07]","[1.246238407498834e-05, 1.420283461826771e-05, 1.4519984027067566e-05, 1.6819717782267613e-05, 1.6901494100525675e-05]"
779,"[2.6000642922337204e-07, 3.095679362238818e-07, 3.2971331935430274e-07, 3.8215703556624996e-07, 3.730057346325529e-07]","[1.1839945544418358e-05, 1.3394017240532343e-05, 1.3328562552598089e-05, 1.5432363797066152e-05, 1.5823547506417767e-05]"
780,"[2.9187690933254995e-07, 3.4724869521169716e-07, 3.730684103514724e-07, 4.3246130233599707e-07, 4.1972778897763196e-07]","[1.2565857921304955e-05, 1.4062061027221717e-05, 1.4342830643109545e-05, 1.6618970874532207e-05, 1.666385974869279e-05]"
781,"[2.6963656391554727e-07, 3.1978915249953496e-07, 3.3606235029446434e-07, 3.8942484475810465e-07, 3.836566074165948e-07]","[1.3027227117411257e-05, 1.4837008914341559e-05, 1.4952470717245664e-05, 1.731540973707134e-05, 1.7599067564763045e-05]"
782,"[2.7591715339337094e-07, 3.3115562203175866e-07, 3.4967942707942816e-07, 4.051453575724348e-07, 3.9923386309073903e-07]","[1.2454374633467008e-05, 1.4000485867373186e-05, 1.3842241718207325e-05, 1.602471258788224e-05, 1.651758041922098e-05]"
783,"[2.604523793676883e-07, 3.271976338772241e-07, 3.677558206375411e-07, 4.265297729004783e-07, 4.0238998207293275e-07]","[1.1667296304932544e-05, 1.3521937900459138e-05, 1.4234582106417149e-05, 1.6497112644764615e-05, 1.622309811806165e-05]"
784,"[2.750247739761929e-07, 3.218058442647562e-07, 3.345923702596433e-07, 3.876355271707354e-07, 3.8508200373963173e-07]","[1.1623334028664678e-05, 1.320662065640172e-05, 1.3670299916786426e-05, 1.584073216444299e-05, 1.5751454365299273e-05]"
785,"[2.773354802214539e-07, 3.410006976894365e-07, 3.6473333757686336e-07, 4.226737009408201e-07, 4.128667841356486e-07]","[1.1875625508224961e-05, 1.3693571004409533e-05, 1.409026062969473e-05, 1.6322568253019368e-05, 1.6340928542171364e-05]"
786,"[3.1017920879988707e-07, 3.851829252472336e-07, 4.1107953025990215e-07, 4.763279249887668e-07, 4.670350949546103e-07]","[1.1714712008731576e-05, 1.3196669568384958e-05, 1.3311770130039659e-05, 1.5417344705149043e-05, 1.5640310662255153e-05]"
787,"[2.8578635883411876e-07, 3.407040182374047e-07, 3.6064616245708644e-07, 4.1789896163961035e-07, 4.1091823043493063e-07]","[1.1950643982367594e-05, 1.3448317752673393e-05, 1.3719266324031667e-05, 1.589254898442468e-05, 1.597612516685003e-05]"
788,"[2.444488655465738e-07, 2.988407096254748e-07, 3.3023563550645664e-07, 3.829645069322479e-07, 3.6473866305287533e-07]","[1.2067604342291823e-05, 1.3628651805572548e-05, 1.3949198405453374e-05, 1.6162160207763036e-05, 1.6192021966882347e-05]"
789,"[3.0085179415606507e-07, 3.599289783313313e-07, 3.7883457220640554e-07, 4.3896837149932993e-07, 4.3315486969380523e-07]","[1.2647050597497462e-05, 1.4421499728267838e-05, 1.459066240037751e-05, 1.6897735017039648e-05, 1.712237933498353e-05]"
790,"[2.97474412824791e-07, 3.4877127181748947e-07, 3.681179976298499e-07, 4.2656896700082035e-07, 4.1948007696113184e-07]","[1.232706554091918e-05, 1.3731770312997067e-05, 1.3962400244798331e-05, 1.6176071524759008e-05, 1.625155187566483e-05]"
791,"[2.501752224739613e-07, 3.0946927248192144e-07, 3.47490812790332e-07, 4.030708398834629e-07, 3.790705592591967e-07]","[1.204734602571549e-05, 1.3773405587158981e-05, 1.4280370041106208e-05, 1.654840229054655e-05, 1.642518924690342e-05]"
792,"[3.065027638813155e-07, 3.522268718170808e-07, 3.5367422379203826e-07, 4.094816301234539e-07, 4.183165790596501e-07]","[1.390680290083524e-05, 1.6138377932579604e-05, 1.6446253854926813e-05, 1.9047825666923323e-05, 1.922441722648362e-05]"
793,"[1.5244866389112457e-07, 1.7783945841581197e-07, 1.86298904623131e-07, 2.1585862697350925e-07, 2.136171099230313e-07]","[1.1412995498964789e-05, 1.3326460360835496e-05, 1.3718076326974534e-05, 1.5889663237169246e-05, 1.5928903593384527e-05]"
794,"[1.6724250757602989e-07, 1.9074911917084267e-07, 1.9306216061430904e-07, 2.2358637622739845e-07, 2.2658252384083198e-07]","[1.1743484566023653e-05, 1.3167894189611507e-05, 1.302909585455994e-05, 1.5084023359172249e-05, 1.5530323937654596e-05]"
795,"[1.606100570596828e-07, 1.8401769340949127e-07, 1.8763109204929135e-07, 2.1733644383251708e-07, 2.1902579455890454e-07]","[1.157820332596205e-05, 1.3221536690633008e-05, 1.3238014441946344e-05, 1.5327613983266692e-05, 1.5665917555917642e-05]"
796,"[1.5347493211378306e-07, 1.7902933199641686e-07, 1.88994191321411e-07, 2.190242452126283e-07, 2.1517708516619362e-07]","[1.1271146822791026e-05, 1.289055204709837e-05, 1.3251947684492184e-05, 1.5352359825503e-05, 1.5362275749832967e-05]"
797,"[1.4691851591399747e-07, 1.733110928174657e-07, 1.8907265214034407e-07, 2.1923721242752518e-07, 2.1007609000093347e-07]","[1.0796056999839847e-05, 1.2373590598207372e-05, 1.2848315971942907e-05, 1.4886642402013725e-05, 1.4790637056654583e-05]"
798,"[1.4657294324866333e-07, 1.6603744633742674e-07, 1.691170904325175e-07, 1.958956433165086e-07, 1.9725275357751048e-07]","[1.1596506149434215e-05, 1.288389338670933e-05, 1.2634881231503311e-05, 1.4626404757368134e-05, 1.5146442289906072e-05]"
799,"[1.5321611758820442e-07, 1.7571569345336118e-07, 1.8456284057827867e-07, 2.1392803368173115e-07, 2.1014342184455524e-07]","[1.105983875364879e-05, 1.2992541186216682e-05, 1.3469605224790014e-05, 1.5603387584550422e-05, 1.5565239357398692e-05]"
800,"[1.4572384499240908e-07, 1.7408514129707475e-07, 1.8317263894161503e-07, 2.122429411244934e-07, 2.0955772189867292e-07]","[1.091161326932897e-05, 1.2485001366381717e-05, 1.2632111098127362e-05, 1.4628784319938069e-05, 1.4831947987621998e-05]"
801,"[1.4729978676627483e-07, 1.7160769771196833e-07, 1.8292087217280559e-07, 2.120399304852209e-07, 2.0631211077677707e-07]","[1.156639791003056e-05, 1.3221544939809129e-05, 1.3479778374287709e-05, 1.561306929841414e-05, 1.5736228596627535e-05]"
802,"[1.6308019936344033e-07, 1.7598853951516946e-07, 1.728394255263981e-07, 2.001301984815894e-07, 2.0652424383958479e-07]","[9.398974128448165e-06, 1.0832960144404632e-05, 1.0973565147689514e-05, 1.2708385520814041e-05, 1.2876885983446161e-05]"
803,"[1.2324798471611576e-07, 1.4408481595789937e-07, 1.541567035799851e-07, 1.787037155450291e-07, 1.7358947417772359e-07]","[1.064855459812948e-05, 1.1847684663496982e-05, 1.1813820487655863e-05, 1.3680173967920039e-05, 1.3983673879887093e-05]"
804,"[1.3617603546758083e-07, 1.637572012314884e-07, 1.8073890451151775e-07, 2.0962319278700492e-07, 1.992632243985695e-07]","[1.1127437985213322e-05, 1.2923883632629647e-05, 1.34663910812365e-05, 1.5603536156212895e-05, 1.5471994697269286e-05]"
805,"[1.5520526622728e-07, 1.7718307332807463e-07, 1.8272027938167346e-07, 2.116923847337474e-07, 2.1137912433372323e-07]","[1.041620483220544e-05, 1.2011791339584656e-05, 1.2339743161902532e-05, 1.4294343959556904e-05, 1.4329603000053675e-05]"
806,"[1.6536782259952912e-07, 2.033577024470914e-07, 2.240459801543943e-07, 2.5977239368157385e-07, 2.4825868594796547e-07]","[1.173893047382325e-05, 1.3751928209032129e-05, 1.4546567391494161e-05, 1.685801940187117e-05, 1.655101995196891e-05]"
807,"[1.6350870270060783e-07, 2.0287180462781777e-07, 2.2431841060253119e-07, 2.601115899645121e-07, 2.480502638233815e-07]","[1.029960629467178e-05, 1.2959013503486338e-05, 1.4768538757146715e-05, 1.7133274916090323e-05, 1.5976836975028934e-05]"
808,"[1.8191888350302722e-07, 2.0959169198348514e-07, 2.1229734243936262e-07, 2.458609541504487e-07, 2.4931810684159767e-07]","[9.498090100490999e-06, 1.1035021458673587e-05, 1.1170505722145631e-05, 1.293482642387414e-05, 1.3131969598619818e-05]"
809,"[1.2145203845985543e-07, 1.4444794002522416e-07, 1.5242233110336218e-07, 1.7662727710153877e-07, 1.7389497193745624e-07]","[8.473183380618111e-06, 9.746646296260886e-06, 9.972871583066144e-06, 1.155178768934126e-05, 1.161266304354601e-05]"
810,"[1.6024948192582257e-07, 1.8828858028632002e-07, 2.0023556573685983e-07, 2.3209619380449779e-07, 2.2659950556435689e-07]","[1.115528202811609e-05, 1.3100626949112216e-05, 1.3902169845986484e-05, 1.6114281411555414e-05, 1.5755689623980938e-05]"
811,"[1.4920298326081005e-07, 1.7254915320812986e-07, 1.786057598230805e-07, 2.069219097523305e-07, 2.0632043094901035e-07]","[1.0129919453507377e-05, 1.1565483787706951e-05, 1.1971168159294343e-05, 1.3870800816461884e-05, 1.3793352850941621e-05]"
812,"[1.2864864427124357e-07, 1.6481461622857716e-07, 1.8830988758221676e-07, 2.1846732200471408e-07, 2.0339502595375527e-07]","[9.204132505201795e-06, 1.2905739745176525e-05, 1.580251550111078e-05, 1.8347197263463186e-05, 1.6342233431360532e-05]"
813,"[1.4848945235850976e-07, 1.842633226979296e-07, 1.995257175233213e-07, 2.312537454709544e-07, 2.241281517604394e-07]","[8.754237065487974e-06, 1.1488896013535258e-05, 1.3208580323460816e-05, 1.532350921626294e-05, 1.4238800483495647e-05]"
814,"[1.4526901122834752e-07, 1.733077253033782e-07, 1.8572601328796386e-07, 2.1526985201124705e-07, 2.0959043449862542e-07]","[9.700871092601424e-06, 1.2421562543207092e-05, 1.4089500445710098e-05, 1.6342378073024656e-05, 1.532261046865886e-05]"
815,"[2.0293484655435713e-07, 2.3117348377414378e-07, 2.3280855639864934e-07, 2.6960660172568954e-07, 2.7413695905613115e-07]","[1.058591712441297e-05, 1.24607777960416e-05, 1.3097268324048348e-05, 1.5176941019655451e-05, 1.4971953612721575e-05]"
816,"[1.3670442890003897e-07, 1.5331704407127962e-07, 1.555924107061384e-07, 1.8025695344249558e-07, 1.8177915503120364e-07]","[9.977027502714854e-06, 1.1379741233509864e-05, 1.1518423350567881e-05, 1.3339354585774206e-05, 1.351676267323879e-05]"
817,"[1.5518419613835054e-07, 1.8328282702723862e-07, 1.9387257010248308e-07, 2.246681926382745e-07, 2.2082619594428187e-07]","[1.063862391841575e-05, 1.2335118078966624e-05, 1.2611176593826042e-05, 1.460617940651177e-05, 1.4709320608777676e-05]"
818,"[1.2781373296396822e-07, 1.5851696119897768e-07, 1.7890343738484073e-07, 2.0752563947606853e-07, 1.9452790236239134e-07]","[1.061283341678245e-05, 1.3494898371773526e-05, 1.532516243465106e-05, 1.7776174949121234e-05, 1.664457460564876e-05]"
819,"[1.224471369519097e-07, 1.429372998252309e-07, 1.5330049626790594e-07, 1.7777173031330974e-07, 1.7225075683476438e-07]","[7.910068551742965e-06, 9.832156593052198e-06, 1.1356036700720563e-05, 1.3177950034047028e-05, 1.2157948372910557e-05]"
820,"[1.237168300854426e-07, 1.501699647786429e-07, 1.6531249666169549e-07, 1.9170708966148293e-07, 1.8305564722156615e-07]","[9.145134456243619e-06, 1.1503164568114764e-05, 1.2925656548219671e-05, 1.4992255536840587e-05, 1.4124108532985627e-05]"
821,"[1.2145880703514535e-07, 1.49692134457709e-07, 1.6721347964970772e-07, 1.9394552858341347e-07, 1.8313739755912475e-07]","[8.710671146999563e-06, 1.1288249142333875e-05, 1.3122149544423922e-05, 1.5227204843307935e-05, 1.4017069635703094e-05]"
822,"[1.527341297508947e-07, 1.733248618629362e-07, 1.812835249245774e-07, 2.101399808028005e-07, 2.0704891516508174e-07]","[1.0094521014359586e-05, 1.2008149080296296e-05, 1.2855994549686865e-05, 1.4901509875296867e-05, 1.4505056415643752e-05]"
823,"[1.2053393027053462e-07, 1.406259293326619e-07, 1.4944285287444176e-07, 1.7321293526185254e-07, 1.6932341772752916e-07]","[8.293140002760633e-06, 9.418961262156991e-06, 9.750100616384151e-06, 1.1297804887711801e-05, 1.1233417638371388e-05]"
824,"[1.422720106410381e-07, 1.622815026726568e-07, 1.6717332648512888e-07, 1.936896613286941e-07, 1.93286712855415e-07]","[9.972813655754786e-06, 1.1838146246851454e-05, 1.2676444988666066e-05, 1.4693978054277904e-05, 1.4296501077780842e-05]"
825,"[1.3611519410181184e-07, 1.634834954006901e-07, 1.7546710498049514e-07, 2.033940658006417e-07, 1.9770594514976416e-07]","[1.0091226572067613e-05, 1.2393548104384167e-05, 1.3660856314334138e-05, 1.584059222005498e-05, 1.511899030191471e-05]"
826,"[1.6943399859023077e-07, 1.9692884973493683e-07, 2.0606256700376332e-07, 2.387744750179756e-07, 2.3587658089635088e-07]","[9.612388196791012e-06, 1.1733523208299678e-05, 1.2725831433610332e-05, 1.4752210341383512e-05, 1.4252646933212108e-05]"
827,"[1.1315014225653617e-07, 1.305779430796138e-07, 1.4192287793743846e-07, 1.6459023354268947e-07, 1.5791187975808565e-07]","[8.211460888709463e-06, 9.371570573317986e-06, 9.95997727422115e-06, 1.1546170294738481e-05, 1.125932275802006e-05]"
828,"[2.288587892382138e-07, 2.614087034096853e-07, 2.6636347559845743e-07, 3.0851791134750083e-07, 3.1114025264803503e-07]","[9.608238417932015e-06, 1.1040615272944924e-05, 1.1201610175148809e-05, 1.2972376031137327e-05, 1.3131991285062261e-05]"
829,"[1.1742314641669125e-07, 1.4255533839067092e-07, 1.5342449365774382e-07, 1.7781677484761598e-07, 1.7296736052705468e-07]","[7.138930003755188e-06, 8.556820045994083e-06, 9.153959981793582e-06, 1.06093484136679e-05, 1.0348517121151267e-05]"
830,"[1.2879515740169335e-07, 1.4381109419071928e-07, 1.4472316939436572e-07, 1.6761294080034997e-07, 1.7024602376826905e-07]","[8.357583903367534e-06, 9.373313140192423e-06, 9.456922324502441e-06, 1.095305984562488e-05, 1.1101591535497876e-05]"
831,"[1.3190885636069403e-07, 1.5859924140974227e-07, 1.7008258514527796e-07, 1.971298443261908e-07, 1.9205730922636955e-07]","[8.27541414507024e-06, 1.0123224116766357e-05, 1.1325646214623954e-05, 1.313660914854589e-05, 1.2393907350170011e-05]"
832,"[1.4394431795231882e-07, 1.7398680636542507e-07, 1.9179150063224322e-07, 2.2243929885699656e-07, 2.114704878890951e-07]","[7.842007447318899e-06, 1.0870293857445033e-05, 1.3377777591465102e-05, 1.5535648075620576e-05, 1.375203356517174e-05]"
833,"[1.3518857771136025e-07, 1.650957991569904e-07, 1.7929329119904376e-07, 2.0784515149507317e-07, 2.005927341663581e-07]","[7.533291028833066e-06, 1.011189692725793e-05, 1.1945788901407604e-05, 1.3864023732951076e-05, 1.2636848746096704e-05]"
834,"[1.0819635090899077e-07, 1.3511857368642416e-07, 1.5275419039998057e-07, 1.7718612106878908e-07, 1.661432216769094e-07]","[7.708097943558393e-06, 1.0549395260701544e-05, 1.2509015877871073e-05, 1.4516779855672586e-05, 1.3223763756281858e-05]"
835,"[1.0955835167617177e-07, 1.32562000880778e-07, 1.451133103686418e-07, 1.6827552585713513e-07, 1.611374861018922e-07]","[8.127048449420803e-06, 1.0500074667592614e-05, 1.2013948080570445e-05, 1.3936824564057074e-05, 1.2985477840776664e-05]"
836,"[1.261666800784599e-07, 1.5603142189324018e-07, 1.7271434609117016e-07, 2.002900491952119e-07, 1.9061322273117377e-07]","[8.346141885231914e-06, 1.1471583606897462e-05, 1.3739912497948211e-05, 1.594807332964205e-05, 1.4421231754798828e-05]"
837,"[1.503425868374371e-07, 1.8037588000033242e-07, 1.8837773198733747e-07, 2.1822342620715585e-07, 2.1697530303493355e-07]","[8.058896097036205e-06, 9.772228840354365e-06, 1.0493900167468166e-05, 1.2162574420821364e-05, 1.1838871332545838e-05]"
838,"[1.2282385784256596e-07, 1.4806807686467927e-07, 1.564107265371713e-07, 1.8123603102049635e-07, 1.785094185529399e-07]","[8.221225973710057e-06, 1.025627695181732e-05, 1.120279869451007e-05, 1.2986476347054204e-05, 1.2507551123883633e-05]"
839,"[1.1598610143150884e-07, 1.49348005543432e-07, 1.69592111858588e-07, 1.9670468710056472e-07, 1.8439185137609202e-07]","[8.482795420614528e-06, 1.1518655021466726e-05, 1.3612270425297655e-05, 1.57969967327221e-05, 1.4417147920256472e-05]"
840,"[1.451579211247398e-07, 1.685323128966039e-07, 1.7396451833625483e-07, 2.015309502572105e-07, 2.0139954702377448e-07]","[8.773694346549064e-06, 1.0355537510379535e-05, 1.0911382638866951e-05, 1.2644015084792254e-05, 1.2453664327083948e-05]"
841,"[1.29655257607869e-07, 1.5721541714118226e-07, 1.6866296840367231e-07, 1.9548638422052622e-07, 1.9041466017831284e-07]","[8.53075033363462e-06, 1.0994522063876879e-05, 1.2558400118947334e-05, 1.4568827210427008e-05, 1.3582816776856815e-05]"
842,"[1.4944265558321351e-07, 1.7698589369769964e-07, 1.8462003704002154e-07, 2.138884724189082e-07, 2.1248267530055571e-07]","[8.414107055714031e-06, 1.0626050395598122e-05, 1.2115003149704662e-05, 1.405554323441984e-05, 1.3097589347606045e-05]"
843,"[1.4103997374173193e-07, 1.6242722702705741e-07, 1.6867786281219943e-07, 1.95436220020002e-07, 1.943666776213206e-07]","[9.9171524244122e-06, 1.170380017277415e-05, 1.2425172439722253e-05, 1.4400307766497164e-05, 1.4101446445720405e-05]"
844,"[1.536268261494988e-07, 1.8369685789222315e-07, 1.9367979981753678e-07, 2.2441523824796742e-07, 2.2122393409354176e-07]","[8.701696594638882e-06, 1.115442391066021e-05, 1.2778118727069399e-05, 1.4824063423312503e-05, 1.3794461286170372e-05]"
845,"[1.3033025338307184e-07, 1.5866398506784413e-07, 1.7372959047080828e-07, 2.014364424350158e-07, 1.9307180532505017e-07]","[9.426010240943192e-06, 1.2379604783394945e-05, 1.418387146720257e-05, 1.6453286504694585e-05, 1.5337121234370154e-05]"
846,"[1.6329164597159088e-07, 1.9333076414274886e-07, 2.0322933670279377e-07, 2.3546253374310698e-07, 2.3252864084633787e-07]","[1.0654154549607766e-05, 1.3153016811809055e-05, 1.4278817320941844e-05, 1.655193475395679e-05, 1.5991680387818074e-05]"
847,"[1.6180983479746524e-07, 1.93382885425705e-07, 2.024633599786321e-07, 2.345459741910906e-07, 2.326549700470962e-07]","[8.319860028524075e-06, 1.0701079699393252e-05, 1.2292887763002712e-05, 1.4261736607573797e-05, 1.3244520359462942e-05]"
848,"[1.4482449926378457e-07, 1.7205677259033004e-07, 1.8081290327086164e-07, 2.0950243377080252e-07, 2.0694353971519237e-07]","[8.413505780424411e-06, 9.984170844599018e-06, 1.0633116339527353e-05, 1.2323660095556822e-05, 1.2045546989278764e-05]"
849,"[1.205544121643466e-07, 1.4247257426488605e-07, 1.50898328552033e-07, 1.748688698574852e-07, 1.7163541195240607e-07]","[8.120754807301662e-06, 9.677118692589742e-06, 1.0392141509171624e-05, 1.2046295611807928e-05, 1.1700571266831882e-05]"
850,"[1.805164598867171e-07, 2.236860715733509e-07, 2.44310986333359e-07, 2.8319532880418387e-07, 2.7280730716081804e-07]","[9.230149454525642e-06, 1.233735767164174e-05, 1.445867415882273e-05, 1.6777151917056472e-05, 1.5399017705080457e-05]"
851,"[1.2334928979474e-07, 1.4717322878424848e-07, 1.5600281204202282e-07, 1.8078359237321155e-07, 1.7747690398646507e-07]","[8.216351274605357e-06, 9.958577292535338e-06, 1.0869070266886662e-05, 1.2601497005379076e-05, 1.2108820841595219e-05]"
852,"[1.1545304863726844e-07, 1.3641027787073398e-07, 1.441216296336091e-07, 1.6700536312254558e-07, 1.6426447104754974e-07]","[8.21138701044629e-06, 9.769795942894733e-06, 1.0231666591606102e-05, 1.1853971226599739e-05, 1.1746970410172473e-05]"
853,"[1.2446545482030099e-07, 1.4795484693716514e-07, 1.5718713634212448e-07, 1.8216582260113823e-07, 1.7848215920669342e-07]","[8.758533137116094e-06, 1.0403779203092657e-05, 1.103370010628337e-05, 1.2786521498806628e-05, 1.2544016104588085e-05]"
854,"[1.6504013936447942e-07, 1.9167231715621745e-07, 1.991435068187324e-07, 2.3072984804198693e-07, 2.2938196863536754e-07]","[9.031169044143044e-06, 1.1081634778357075e-05, 1.2243664174369377e-05, 1.4197951808172065e-05, 1.3526427023635711e-05]"
855,"[1.6746776928099342e-07, 2.0109011881277612e-07, 2.117940022054012e-07, 2.4538828603188643e-07, 2.4242210295328854e-07]","[7.74807843718341e-06, 9.952974107521134e-06, 1.1432118555030928e-05, 1.3263715286947916e-05, 1.2308584285286792e-05]"
856,"[1.3988841314344683e-07, 1.670633282565427e-07, 1.7784982072761062e-07, 2.0613870739763905e-07, 2.0154045787872983e-07]","[8.589644808128441e-06, 1.0761151526835976e-05, 1.2046083920606373e-05, 1.3970646366158071e-05, 1.3203661622311981e-05]"
857,"[1.2367745586042336e-07, 1.568143603862443e-07, 1.754684524349911e-07, 2.0348286411063987e-07, 1.925888768125551e-07]","[8.051922241759614e-06, 1.0747766664663846e-05, 1.2813068967969054e-05, 1.4873017172673742e-05, 1.346113703556359e-05]"
858,"[1.3653697038151033e-07, 1.6237739709547616e-07, 1.7062157459072818e-07, 1.9769211020430326e-07, 1.953110765269638e-07]","[8.329971906833243e-06, 9.992619344921952e-06, 1.0626101595784545e-05, 1.2314216740200826e-05, 1.206353349055418e-05]"
859,"[1.7944679264978657e-07, 2.072659172266078e-07, 2.101801740539887e-07, 2.4338589556001874e-07, 2.4671896638737134e-07]","[1.0564498885905794e-05, 1.2138750128284534e-05, 1.2203355699134138e-05, 1.413006202065135e-05, 1.4404719891734803e-05]"
860,"[1.6810040205371436e-07, 2.03771821536901e-07, 2.179074511343095e-07, 2.5254100125567164e-07, 2.466067849953533e-07]","[9.804521329117523e-06, 1.169889570303643e-05, 1.25732207410081e-05, 1.4574042543427148e-05, 1.4155497458753643e-05]"
861,"[1.388697419887915e-07, 1.659662135609109e-07, 1.7712745466954109e-07, 2.0530591918855766e-07, 2.0049094710879332e-07]","[8.532900517533876e-06, 1.1483646036775601e-05, 1.360967544077119e-05, 1.5794848405967233e-05, 1.4380126524611207e-05]"
862,"[1.267628172830452e-07, 1.5367956880029142e-07, 1.6548582440654858e-07, 1.918089422644197e-07, 1.8627222424283085e-07]","[8.474054660097558e-06, 1.0540928991667866e-05, 1.181579001062925e-05, 1.3704614260249464e-05, 1.2925796506241076e-05]"
863,"[1.6498892898165991e-07, 1.9750112098510742e-07, 2.0830477415315127e-07, 2.4136696205541045e-07, 2.3803063325785744e-07]","[8.983408093905818e-06, 1.1253966844320966e-05, 1.2785219706542629e-05, 1.4831189339198456e-05, 1.3869130209586386e-05]"
864,"[1.2519160096186968e-07, 1.500827146951015e-07, 1.6357576081668544e-07, 1.8964153948053258e-07, 1.8230722862685451e-07]","[8.050507741688296e-06, 1.0393941758132424e-05, 1.2228580577990296e-05, 1.419298412524888e-05, 1.294979308560284e-05]"
865,"[1.3836256101367757e-07, 1.7293297410042072e-07, 1.906732015980543e-07, 2.2107110685752554e-07, 2.1133431187350047e-07]","[8.921774152313124e-06, 1.2338686569822522e-05, 1.4833284596050165e-05, 1.721780290115996e-05, 1.553430297625776e-05]"
866,"[1.3162002419023147e-07, 1.6123283002490014e-07, 1.7515567581047947e-07, 2.03051465784629e-07, 1.9596363542639794e-07]","[8.910771575270087e-06, 1.1239412892934944e-05, 1.2645800565447813e-05, 1.4667327107743297e-05, 1.3814874281178122e-05]"
867,"[1.5231298668149902e-07, 1.8836783419199123e-07, 2.045597801700779e-07, 2.3710977068367065e-07, 2.2911105073148602e-07]","[9.154770656285094e-06, 1.2392758997167524e-05, 1.4723896755521729e-05, 1.7089038409307434e-05, 1.5529164156543024e-05]"
868,"[1.4942103825243676e-07, 1.76188896809219e-07, 1.868300679360567e-07, 2.165210279976997e-07, 2.123521339018764e-07]","[1.1431702465190838e-05, 1.4034864942892266e-05, 1.5388033089339468e-05, 1.7841490608201374e-05, 1.709700979686359e-05]"
869,"[1.3930279833035433e-07, 1.7223368787598624e-07, 1.893168209910127e-07, 2.194960453982367e-07, 2.1020451198811e-07]","[8.631715123952543e-06, 1.1156385293249277e-05, 1.2920741493878295e-05, 1.4992458369300184e-05, 1.3839238646796924e-05]"
870,"[1.1965973162826594e-07, 1.4541264275307513e-07, 1.6136548017832395e-07, 1.8715029104121085e-07, 1.7758313322738035e-07]","[7.910641502566595e-06, 1.0124292755271622e-05, 1.193113606240174e-05, 1.3848175084134169e-05, 1.2617308760706738e-05]"
871,"[1.1857734089040778e-07, 1.4388410096451733e-07, 1.5470230865348588e-07, 1.7931140817302266e-07, 1.7437681444083204e-07]","[8.48714252792195e-06, 1.086606583788506e-05, 1.2215246508823718e-05, 1.4166044023834269e-05, 1.3373347386861417e-05]"
872,"[1.3246707995943376e-07, 1.6470007403799127e-07, 1.814753213534828e-07, 2.1042093172779566e-07, 2.0115776405169937e-07]","[8.900524468607845e-06, 1.1532928536294485e-05, 1.3146508180729638e-05, 1.524919161009247e-05, 1.4255574727910526e-05]"
873,"[1.8818825009508577e-07, 2.2099817778617785e-07, 2.2654002324029006e-07, 2.623640581148199e-07, 2.639877897462549e-07]","[1.1399820696971672e-05, 1.336721731257574e-05, 1.3913889585379334e-05, 1.6119974547564768e-05, 1.602030548797651e-05]"
874,"[1.2777551115627728e-07, 1.527429740900802e-07, 1.642381562552099e-07, 1.9038162764901286e-07, 1.8459497373134058e-07]","[9.00693985336318e-06, 1.0788713194953906e-05, 1.1600771015438756e-05, 1.3446820395690977e-05, 1.3058681846575975e-05]"
875,"[1.5020929223921385e-07, 1.7849925714912155e-07, 1.85477681960085e-07, 2.148376470830502e-07, 2.1426636116433438e-07]","[8.581681404733978e-06, 1.0020936331882834e-05, 1.0400335745759977e-05, 1.2048875667505782e-05, 1.1998551725003406e-05]"
876,"[1.1774637028625236e-07, 1.3933444691135335e-07, 1.5050724298559734e-07, 1.7447575010987804e-07, 1.6867989865084773e-07]","[7.950204191042625e-06, 9.57854045267692e-06, 1.0398495080735108e-05, 1.2055489042107863e-05, 1.162105608468523e-05]"
877,"[1.344862086486835e-07, 1.594147029583219e-07, 1.6727762666281026e-07, 1.9382515834509853e-07, 1.9158604003299947e-07]","[7.4669181347539275e-06, 8.657404031281776e-06, 9.013568799810525e-06, 1.0444086331725001e-05, 1.0358955598145528e-05]"
878,"[1.524303458602877e-07, 1.8586499632232197e-07, 2.0150445482245823e-07, 2.3360420069410408e-07, 2.257874486733918e-07]","[8.57346738303911e-06, 1.0450333975616273e-05, 1.1372846944017256e-05, 1.3184507784458752e-05, 1.2705336275377393e-05]"
879,"[1.6011860294612068e-07, 1.889361456092892e-07, 1.9762327452264946e-07, 2.2897053621734418e-07, 2.2704704839125947e-07]","[8.387130166567488e-06, 1.0339790630896646e-05, 1.1564555288553972e-05, 1.3412911893410298e-05, 1.2667194333346237e-05]"
880,"[1.5871877611474879e-07, 1.8717899497764828e-07, 1.9361478923243532e-07, 2.2427921489448651e-07, 2.241913567027576e-07]","[8.437752913306807e-06, 1.023918085885441e-05, 1.1150790783540722e-05, 1.2927956774946107e-05, 1.2443057688451539e-05]"
881,"[1.5691505872096863e-07, 1.916452855834239e-07, 2.0472855105172e-07, 2.372511213980366e-07, 2.3201383724612823e-07]","[9.230205634744207e-06, 1.1632254950972365e-05, 1.2992985443542045e-05, 1.5067613601983976e-05, 1.4269765465561323e-05]"
882,"[1.468425261729845e-07, 1.739644514807018e-07, 1.8174353399343774e-07, 2.1054991475905314e-07, 2.0898003298197683e-07]","[8.171251425842596e-06, 1.0063681290526151e-05, 1.1051786320466083e-05, 1.2814023727017092e-05, 1.2273011603664064e-05]"
883,"[1.5246359125342464e-07, 1.83878949236784e-07, 1.9495920987250594e-07, 2.258999989465013e-07, 2.2198828927468353e-07]","[7.889407185889937e-06, 1.0118863645268548e-05, 1.1695039548500567e-05, 1.3569994106923145e-05, 1.2540317604758894e-05]"
884,"[1.3704108351205892e-07, 1.6997446909739777e-07, 1.8588201423493623e-07, 2.1549445139703225e-07, 2.0722090579846625e-07]","[8.321392854666894e-06, 1.0714937965768876e-05, 1.2141469437680492e-05, 1.4082529285999135e-05, 1.321652720440582e-05]"
885,"[1.4070058844345915e-07, 1.7428010354770884e-07, 1.8959256595424093e-07, 2.1976607623137914e-07, 2.1223380333416675e-07]","[8.40437685349896e-06, 1.1090409072580403e-05, 1.2946918601144103e-05, 1.5023074053640603e-05, 1.3811649212509583e-05]"
886,"[1.2041906279641656e-07, 1.4693287649869452e-07, 1.592754079032201e-07, 1.8463481248084606e-07, 1.7853516200389488e-07]","[7.553135221940323e-06, 9.468441060431343e-06, 1.062145716535085e-05, 1.231883460939661e-05, 1.1625614848108575e-05]"
887,"[1.1059740533299026e-07, 1.373521050936531e-07, 1.5195853210952574e-07, 1.7621386099973558e-07, 1.6791331398470754e-07]","[7.573443248865494e-06, 9.948547552810615e-06, 1.1658201662499141e-05, 1.352863484533984e-05, 1.240087395978748e-05]"
888,"[1.2415854830713562e-07, 1.5362981994963372e-07, 1.6668733160247264e-07, 1.9320577427521637e-07, 1.8698298584008868e-07]","[8.160747537688893e-06, 1.0764080381506038e-05, 1.2496749717150461e-05, 1.449942087799057e-05, 1.3381617203812316e-05]"
889,"[1.3565839581350832e-07, 1.6717841317158252e-07, 1.8232268969088157e-07, 2.1136797444154573e-07, 2.036051073286128e-07]","[8.293783305000036e-06, 1.1074265554630907e-05, 1.3057315668877557e-05, 1.5153775405787022e-05, 1.3829990166178487e-05]"
890,"[2.3823856603283805e-07, 2.7718706872139394e-07, 2.764567394681055e-07, 3.199959734427899e-07, 3.2895944500368184e-07]","[1.0617692795405401e-05, 1.2376519612365122e-05, 1.2494982622167488e-05, 1.4467042865820128e-05, 1.4729080994135194e-05]"
891,"[1.4450611687056409e-07, 1.7162547634936365e-07, 1.7931684279998162e-07, 2.0774813910877292e-07, 2.06128860878925e-07]","[1.0420492009300433e-05, 1.2728811789340433e-05, 1.3515390328788605e-05, 1.5660165396896018e-05, 1.5392752615360537e-05]"
892,"[1.2941022095569152e-07, 1.5247504098964834e-07, 1.6171195736838547e-07, 1.8742114689190727e-07, 1.8356662178406515e-07]","[9.289623133503918e-06, 1.1006814886573744e-05, 1.1679858233260019e-05, 1.3535892327464438e-05, 1.3265766347094537e-05]"
893,"[1.2272692615267052e-07, 1.458116504611527e-07, 1.5459587787539039e-07, 1.791603797615547e-07, 1.7576214348478604e-07]","[8.434617744191652e-06, 1.0208759808931502e-05, 1.112446069438155e-05, 1.289819019357577e-05, 1.2402146331671585e-05]"
894,"[1.3827937986506076e-07, 1.610551561446818e-07, 1.6769366934387702e-07, 1.942959255448574e-07, 1.9290132976545162e-07]","[9.12467928429451e-06, 1.0587478420290313e-05, 1.1068171475203385e-05, 1.2826445288629365e-05, 1.2679158102281941e-05]"
895,"[1.343373302827919e-07, 1.6476317420548927e-07, 1.8025067032703496e-07, 2.089775678925432e-07, 2.0066382932645708e-07]","[8.127899739825103e-06, 1.0343886917351094e-05, 1.1805221305456848e-05, 1.3695657203047988e-05, 1.2762885747577976e-05]"
896,"[1.089845958850219e-07, 1.3534466012108078e-07, 1.5172800551713295e-07, 1.75983083114628e-07, 1.6592759524788513e-07]","[7.601016782101546e-06, 1.001448032328606e-05, 1.168415136509073e-05, 1.355788625209478e-05, 1.2468528508330194e-05]"
897,"[1.5342923737368264e-07, 1.8474713551201796e-07, 1.9421292347039274e-07, 2.250074824095848e-07, 2.2253862994698044e-07]","[8.80887595501542e-06, 1.0675141347472081e-05, 1.1462539309773509e-05, 1.3285679328606403e-05, 1.292812392666293e-05]"
898,"[1.5881899578937647e-07, 1.876518128471294e-07, 1.9330904741258264e-07, 2.2389836837836668e-07, 2.2440386306106055e-07]","[9.120033007711353e-06, 1.0679945798419628e-05, 1.0981400185008761e-05, 1.2719724795175119e-05, 1.27604560404182e-05]"
899,"[1.1813504094147877e-07, 1.379443389578584e-07, 1.449875535805373e-07, 1.680322326712635e-07, 1.6542402680367013e-07]","[8.040895825963195e-06, 9.259832786669793e-06, 9.644649929566699e-06, 1.117576438599753e-05, 1.1075545760281702e-05]"
900,"[1.399765300812062e-07, 1.667443957817885e-07, 1.7645011988915537e-07, 2.044903627163301e-07, 2.007728535505881e-07]","[8.292598773231534e-06, 9.611343495103128e-06, 1.0206016522854384e-05, 1.1830404000148878e-05, 1.1554013590447308e-05]"
901,"[1.6782851926729256e-07, 1.984554110065729e-07, 2.0824133077215314e-07, 2.4127306618452845e-07, 2.385841287879668e-07]","[9.327237163399964e-06, 1.174968614478192e-05, 1.320317112210485e-05, 1.5313552561327776e-05, 1.4432428457847328e-05]"
902,"[1.5790932602422586e-07, 1.8386750847274249e-07, 1.8899043767293525e-07, 2.1888947786664002e-07, 2.1984465839817994e-07]","[7.343920213118098e-06, 9.102828806625854e-06, 1.0171637982193111e-05, 1.1797511977566608e-05, 1.1148785528813656e-05]"
903,"[1.8318737827630634e-07, 2.043702377618444e-07, 1.9896635539887202e-07, 2.302495099062319e-07, 2.4032250086063867e-07]","[1.0684893928034131e-05, 1.221213304193774e-05, 1.239524465705337e-05, 1.435593944048719e-05, 1.4512541495593103e-05]"
904,"[1.1305648627643068e-07, 1.339142695505336e-07, 1.428212060104276e-07, 1.6553645179612357e-07, 1.615295622795615e-07]","[8.138049774659052e-06, 9.443870387649825e-06, 9.869286182934753e-06, 1.143581686692334e-05, 1.1318055690915183e-05]"
905,"[1.6891071552374053e-07, 1.830558120065981e-07, 1.7916846472059972e-07, 2.074789104740017e-07, 2.1427624737591076e-07]","[8.896611152134806e-06, 1.0476622111886507e-05, 1.108048972860715e-05, 1.2840803786963563e-05, 1.2613021888217905e-05]"
906,"[1.30134678016841e-07, 1.4985769471694933e-07, 1.5221291722990973e-07, 1.7628151586790792e-07, 1.7826148762293914e-07]","[8.225003178055314e-06, 9.347554609437969e-06, 9.46864276001615e-06, 1.0966510133155961e-05, 1.1096778454161368e-05]"
907,"[2.0062859349805643e-07, 2.165181013929045e-07, 2.1634841527464606e-07, 2.506598056731975e-07, 2.533599344763994e-07]","[9.536658161780169e-06, 1.125434259227437e-05, 1.178995866823935e-05, 1.366164585506709e-05, 1.3510587554954633e-05]"
908,"[1.0368782978946843e-07, 1.2231565320304617e-07, 1.330564003417235e-07, 1.5428430643825475e-07, 1.4816640104060576e-07]","[7.926906150878254e-06, 9.413460440873552e-06, 1.0151889225933852e-05, 1.1768656629631708e-05, 1.1393909323174177e-05]"
909,"[1.4050062541285443e-07, 1.6514209266899515e-07, 1.7222829376571008e-07, 1.9955129857435958e-07, 1.980163210815179e-07]","[8.67204256924268e-06, 9.97450805741949e-06, 1.03479617412516e-05, 1.1989410557715691e-05, 1.192359269948372e-05]"
910,"[1.4659922335714275e-07, 1.7323629022830963e-07, 1.8848720849601892e-07, 2.1854395411513517e-07, 2.0993356857270796e-07]","[8.777728036224681e-06, 1.023162878655347e-05, 1.107040758362003e-05, 1.2836279172577303e-05, 1.2368243648489946e-05]"
911,"[1.321539668131876e-07, 1.5342593358773274e-07, 1.6423502533548384e-07, 1.9037722593433976e-07, 1.8506925842171847e-07]","[9.867985374346934e-06, 1.1163122255790211e-05, 1.1523381848357168e-05, 1.335250286175337e-05, 1.3293011099752205e-05]"
912,"[1.1465700608391998e-07, 1.2931577937154765e-07, 1.3678870729926967e-07, 1.5856683051668333e-07, 1.5476569569632257e-07]","[8.552655124070429e-06, 9.483589086799596e-06, 9.49701551810271e-06, 1.0999015992254099e-05, 1.119891010607952e-05]"
913,"[1.300065727774595e-07, 1.511752098048869e-07, 1.5956585056701672e-07, 1.8493052301936237e-07, 1.816460133111924e-07]","[9.973131804436422e-06, 1.124866608473326e-05, 1.1348038965240003e-05, 1.3142692850603937e-05, 1.3328973531891747e-05]"
914,"[1.2308465882682366e-07, 1.4670326259002874e-07, 1.590834916826666e-07, 1.8445081757462526e-07, 1.7786659041479646e-07]","[9.38374455409552e-06, 1.0973785602727954e-05, 1.157170098097066e-05, 1.3410108964849885e-05, 1.3189627797972154e-05]"
915,"[1.2873178037547884e-07, 1.5111038580842932e-07, 1.6375196335970373e-07, 1.898612575656385e-07, 1.8282312349891034e-07]","[1.0210054402892404e-05, 1.1537809616866409e-05, 1.1804362301675671e-05, 1.3674491585973447e-05, 1.3724041172469525e-05]"
916,"[1.8886668597797494e-07, 2.1635561930120868e-07, 2.2062146228994783e-07, 2.5554841587984907e-07, 2.5752993962530073e-07]","[8.926517698970793e-06, 1.0320840309064313e-05, 1.0689622463556987e-05, 1.2385250347771463e-05, 1.2334275915550149e-05]"
917,"[1.3381874175225224e-07, 1.5027107496539147e-07, 1.547794292063517e-07, 1.793403385042267e-07, 1.7887404811415435e-07]","[1.0257006696113638e-05, 1.1410045791474068e-05, 1.1489886671963067e-05, 1.3307952873746944e-05, 1.3495942597377988e-05]"
918,"[1.479817016252135e-07, 1.752484618169713e-07, 1.8865821728396447e-07, 2.187039553600681e-07, 2.1196798466880184e-07]","[1.0932408581455727e-05, 1.3073583230566419e-05, 1.4214802090891196e-05, 1.648093902605679e-05, 1.5864632346513293e-05]"
919,"[1.4938494610427746e-07, 1.7813581005358757e-07, 1.9367750670817161e-07, 2.2456916920645248e-07, 2.1613664696379735e-07]","[9.758754394367091e-06, 1.1836991160915823e-05, 1.3233521041807956e-05, 1.5351529751532167e-05, 1.446605335592708e-05]"
920,"[1.941519924751553e-07, 2.2587418197852427e-07, 2.3421390711590589e-07, 2.7139114158193313e-07, 2.6991703908837617e-07]","[1.0726402212567218e-05, 1.2292157079039725e-05, 1.2702776536632492e-05, 1.4717913209923142e-05, 1.4666370849146867e-05]"
921,"[1.380636338704669e-07, 1.5712618014967836e-07, 1.5971401105881324e-07, 1.8498831089613857e-07, 1.866786293359654e-07]","[1.0315012802577895e-05, 1.1335006106199214e-05, 1.1014878609423202e-05, 1.2749549725660452e-05, 1.3284602434030321e-05]"
922,"[1.3591434402068593e-07, 1.5822688957025831e-07, 1.6458911102155715e-07, 1.9070229155257143e-07, 1.8931868494687917e-07]","[9.760628394598072e-06, 1.0529804946903498e-05, 1.0459607757241295e-05, 1.211364079829673e-05, 1.2367168361479743e-05]"
923,"[1.2611880990720086e-07, 1.4896405510668075e-07, 1.6244020754971155e-07, 1.8835000674445023e-07, 1.805956243909697e-07]","[9.757808708994505e-06, 1.1142820520983568e-05, 1.1420320641108277e-05, 1.3230304797783296e-05, 1.326387722288929e-05]"
924,"[1.3957856424698212e-07, 1.6351284174239039e-07, 1.729809760390393e-07, 2.0045300089811878e-07, 1.9670904606593813e-07]","[1.0248703174654643e-05, 1.1854562719916195e-05, 1.2258728892541234e-05, 1.4201751053740674e-05, 1.416383364238303e-05]"
925,"[1.273201996990724e-07, 1.5597257234378934e-07, 1.7749311917179921e-07, 2.0595015870399585e-07, 1.9147884445891094e-07]","[9.17607416719609e-06, 1.113219158203642e-05, 1.2399857404400912e-05, 1.4383451537754047e-05, 1.3592414117532115e-05]"
926,"[1.2456474522635135e-07, 1.4793526944909266e-07, 1.5978455377759244e-07, 1.85263050064901e-07, 1.78837071778779e-07]","[8.068231041433943e-06, 9.306306519980161e-06, 1.0008080740173287e-05, 1.16039658147999e-05, 1.12146720579866e-05]"
927,"[1.4636581167536515e-07, 1.7240333768932072e-07, 1.857472593263496e-07, 2.1533492153641024e-07, 2.085400993359816e-07]","[1.06690841608555e-05, 1.2337358051879663e-05, 1.288627664437475e-05, 1.4931858991994637e-05, 1.4777704458892452e-05]"
928,"[1.3477004222812768e-07, 1.5701968238072802e-07, 1.6706368713274433e-07, 1.9366246080670767e-07, 1.889162161426343e-07]","[9.958300716078532e-06, 1.1318548159768357e-05, 1.1839324082614462e-05, 1.3721601533614387e-05, 1.3525506469125543e-05]"
929,"[1.417945260056694e-07, 1.6647581409724235e-07, 1.8008633655570533e-07, 2.0880078296957203e-07, 2.0111916510063692e-07]","[1.1259011567340854e-05, 1.2728622320982877e-05, 1.2879458006364515e-05, 1.4916822464269249e-05, 1.510486432254926e-05]"
930,"[1.3187594162158518e-07, 1.5914933727954758e-07, 1.7434745391101524e-07, 2.021566517916984e-07, 1.9363971298762289e-07]","[9.75193618706006e-06, 1.107322898518174e-05, 1.1388437695976509e-05, 1.3194261733237225e-05, 1.3185661927350185e-05]"
931,"[1.3129910946568507e-07, 1.523388225887639e-07, 1.6245762586444869e-07, 1.8832916373597602e-07, 1.8344188203199657e-07]","[9.075791720668638e-06, 1.0070394542681286e-05, 1.0334291620498088e-05, 1.1975936468103605e-05, 1.1940449274949847e-05]"
932,"[1.4494718161490828e-07, 1.6344737280013077e-07, 1.7303299207560215e-07, 2.00574788424001e-07, 1.9583080674080494e-07]","[1.0629050117475067e-05, 1.2036072418777643e-05, 1.2624222842594935e-05, 1.4632696244253814e-05, 1.4383165958095664e-05]"
933,"[1.3978503500471485e-07, 1.69200332103053e-07, 1.8674941745662191e-07, 2.1658878915332695e-07, 2.0597909373293262e-07]","[1.0070838089089295e-05, 1.1623250877701147e-05, 1.2260092740180432e-05, 1.4209860682196832e-05, 1.395045343793025e-05]"
934,"[1.341885191870187e-07, 1.5904421730515685e-07, 1.7582656084378457e-07, 2.039577442313664e-07, 1.933063462092239e-07]","[9.97616064136292e-06, 1.1192325756857728e-05, 1.1630135536819073e-05, 1.347933487597288e-05, 1.332282743669996e-05]"
935,"[1.3638546559025444e-07, 1.569868883137458e-07, 1.6736597797208512e-07, 1.94049610669017e-07, 1.8873209810461313e-07]","[1.054903179126348e-05, 1.1734559243275778e-05, 1.1836364512864e-05, 1.3710591548764558e-05, 1.3874578628873033e-05]"
936,"[1.480767266351503e-07, 1.7301768932997005e-07, 1.8709445554827027e-07, 2.169403255884346e-07, 2.0923528082286137e-07]","[1.1260823532061483e-05, 1.2894513887787115e-05, 1.3636030254534444e-05, 1.5805926006637464e-05, 1.5467312743600957e-05]"
937,"[1.4068258052051242e-07, 1.6843299260136873e-07, 1.854572938001929e-07, 2.1508033002831694e-07, 2.0495380687658284e-07]","[1.004522368721291e-05, 1.1544578896583542e-05, 1.2160246535876904e-05, 1.4093543033106863e-05, 1.3844832382445509e-05]"
938,"[1.4428392404458928e-07, 1.642248161031475e-07, 1.7384781670816587e-07, 2.015169346827215e-07, 1.9705780100921464e-07]","[1.0572885901422807e-05, 1.1953261633057046e-05, 1.2166082797177092e-05, 1.4092939206550026e-05, 1.4195614038290182e-05]"
939,"[1.4451754825696155e-07, 1.7367122872058014e-07, 1.9029471029118857e-07, 2.20667205112728e-07, 2.1115086663431833e-07]","[1.089105159616169e-05, 1.25945129893494e-05, 1.292445454374455e-05, 1.4970994149843276e-05, 1.5025009066127942e-05]"
940,"[1.4468659312682085e-07, 1.7723944268902361e-07, 1.9896018425185816e-07, 2.3079178870681675e-07, 2.172534140016126e-07]","[1.1052765897792545e-05, 1.2883012038936246e-05, 1.3474141261196686e-05, 1.561326501805953e-05, 1.5442460776014873e-05]"
941,"[1.7943260535541281e-07, 2.2218551313126915e-07, 2.4465563275527604e-07, 2.8367240373742517e-07, 2.7119904989700285e-07]","[1.047450491860233e-05, 1.2684462224427168e-05, 1.4030764665879205e-05, 1.627263264537034e-05, 1.54617718632849e-05]"
942,"[1.3812550572354794e-07, 1.5557545698167987e-07, 1.566925375418166e-07, 1.8147336624228335e-07, 1.8426646387341856e-07]","[1.0804262710026232e-05, 1.1756931993051972e-05, 1.1205237840188549e-05, 1.2964854064881812e-05, 1.3711774062319565e-05]"
943,"[1.4191908074028484e-07, 1.682240371775197e-07, 1.8310266439570096e-07, 2.1230554435305298e-07, 2.0404466872580817e-07]","[1.0847566329889988e-05, 1.219816679583131e-05, 1.2551451184105245e-05, 1.4542825607567737e-05, 1.4515428512116808e-05]"
944,"[1.4808644847289707e-07, 1.7629363086212065e-07, 1.8917717936691184e-07, 2.1929333048416529e-07, 2.1305070352515945e-07]","[1.0479433978023286e-05, 1.1862750664009454e-05, 1.2214121219668952e-05, 1.4152061256439572e-05, 1.4127169521203277e-05]"
945,"[1.3936545477059268e-07, 1.6153905987227628e-07, 1.7551954541902086e-07, 2.0356828962910495e-07, 1.9487737831745702e-07]","[1.090632517754616e-05, 1.2499056817532895e-05, 1.3426370723604833e-05, 1.5568547516677488e-05, 1.5041214683877824e-05]"
946,"[1.5800852293409738e-07, 1.842255722729048e-07, 1.9808472880943428e-07, 2.2964934609415696e-07, 2.2239857962917132e-07]","[1.1834362063470384e-05, 1.373195174781396e-05, 1.4248551551058169e-05, 1.6508664486457667e-05, 1.64251188901194e-05]"
947,"[1.570900619789853e-07, 1.8376769455507044e-07, 1.9557176986699006e-07, 2.2667659716837854e-07, 2.2145878739528446e-07]","[1.214933292262596e-05, 1.4035933002370587e-05, 1.4183613780321515e-05, 1.642447702703319e-05, 1.6683960418286213e-05]"
948,"[1.4197074064758356e-07, 1.6912635275175152e-07, 1.8211368594725797e-07, 2.1110404492274884e-07, 2.0450449873583321e-07]","[1.0201374608154197e-05, 1.1435566268166511e-05, 1.1622336376539595e-05, 1.3463339213896018e-05, 1.3561222137940574e-05]"
949,"[1.6046013118038458e-07, 1.8312225464174462e-07, 1.8864351683205486e-07, 2.185603115416739e-07, 2.181890632971423e-07]","[1.2710828997736208e-05, 1.391524222205874e-05, 1.3394271579344143e-05, 1.549998849373002e-05, 1.6273364579100028e-05]"
950,"[1.4823714209066725e-07, 1.7167469906895018e-07, 1.811554256101944e-07, 2.0998453527916614e-07, 2.0597372015809304e-07]","[1.0302343378394783e-05, 1.1744077118186162e-05, 1.2307395853672227e-05, 1.4263558432059606e-05, 1.405604158400521e-05]"
951,"[1.5249804926566173e-07, 1.8242364814510647e-07, 1.9883074332018106e-07, 2.30533317027664e-07, 2.2147829953567035e-07]","[1.1834146744269767e-05, 1.3218704775661989e-05, 1.3347889823017618e-05, 1.545976439687579e-05, 1.5660260117403493e-05]"
952,"[1.3887283612979416e-07, 1.6675121561376327e-07, 1.8358737650337794e-07, 2.1290126895550026e-07, 2.0294658586924136e-07]","[9.822509313749958e-06, 1.1131936254548443e-05, 1.1498580354563164e-05, 1.3324206454414262e-05, 1.3262778764425818e-05]"
953,"[1.3183817443903294e-07, 1.5583794015248508e-07, 1.7009721470607737e-07, 1.9727932123674394e-07, 1.8865484606135432e-07]","[9.616083785070793e-06, 1.0991846358671598e-05, 1.1566217207424589e-05, 1.3405158611511498e-05, 1.3172421767094249e-05]"
954,"[1.4437770575020545e-07, 1.677095419930519e-07, 1.7548327286950475e-07, 2.033422129048184e-07, 2.0112980785608663e-07]","[1.1060047238098379e-05, 1.1988572567824543e-05, 1.1620408458185995e-05, 1.3451779049330184e-05, 1.4009423752354223e-05]"
955,"[1.55969275473663e-07, 1.7900758160416475e-07, 1.8624360329471458e-07, 2.1582301874702856e-07, 2.1392406935724701e-07]","[1.1243116715739848e-05, 1.2742420245444773e-05, 1.2829805707626827e-05, 1.4858294967525508e-05, 1.510032329957216e-05]"
956,"[1.442214975473587e-07, 1.704201385050248e-07, 1.8269836861146784e-07, 2.117797923212882e-07, 2.0587208029066682e-07]","[1.0941976123564937e-05, 1.2481888019355964e-05, 1.2791265072358687e-05, 1.481797925106266e-05, 1.4857135032840314e-05]"
957,"[1.522195113184115e-07, 1.7806970154509456e-07, 1.9260343364275214e-07, 2.2333321077809026e-07, 2.1517545225007225e-07]","[1.0972686389354386e-05, 1.281200900905651e-05, 1.3544960863062562e-05, 1.5698656056203373e-05, 1.5398804618083062e-05]"
958,"[1.6031969230797558e-07, 1.8722531718327537e-07, 1.974890645192545e-07, 2.288789634965212e-07, 2.250073122115588e-07]","[1.1917912125452624e-05, 1.3746181687915986e-05, 1.3994071129964396e-05, 1.6207375750094755e-05, 1.6366760869847368e-05]"
959,"[1.5309402253749644e-07, 1.7941138621353056e-07, 1.907987013309601e-07, 2.2117722263795756e-07, 2.156909771118945e-07]","[1.1149739478132791e-05, 1.2383085946350766e-05, 1.2449346318348275e-05, 1.4419702333695984e-05, 1.4633608930976449e-05]"
960,"[1.513365456845726e-07, 1.7760283532431623e-07, 1.9350973781219995e-07, 2.2439656483261338e-07, 2.1518532250153317e-07]","[1.1235822342298538e-05, 1.3098106109572513e-05, 1.3979795506906963e-05, 1.6205064306263292e-05, 1.578157124121595e-05]"
961,"[1.5714384660104586e-07, 1.7851340286412587e-07, 1.8430243321314905e-07, 2.1356454240801183e-07, 2.1262328627000757e-07]","[1.183936651979516e-05, 1.3051903725406944e-05, 1.27022123711843e-05, 1.4702421086646203e-05, 1.5308880872873107e-05]"
962,"[1.7303266862848648e-07, 2.0374529226394616e-07, 2.1688595847354275e-07, 2.513889568568728e-07, 2.4553589743713545e-07]","[1.20417718909981e-05, 1.3761789076909124e-05, 1.4253955670789002e-05, 1.6516952230325677e-05, 1.64242738874781e-05]"
963,"[1.706513930438118e-07, 1.9214759509897598e-07, 1.9938907835714186e-07, 2.310975562085297e-07, 2.2857757890151747e-07]","[1.0289278633700938e-05, 1.181440448748339e-05, 1.2140997232400309e-05, 1.4065165062068328e-05, 1.4079993442114788e-05]"
964,"[1.4380154393909179e-07, 1.6293894644911618e-07, 1.702656642683494e-07, 1.9735078621045338e-07, 1.9454563540190448e-07]","[1.0790897244402872e-05, 1.2286780310024033e-05, 1.2685253844423335e-05, 1.4697439649258729e-05, 1.4651948110697654e-05]"
965,"[1.4512174530557565e-07, 1.6668627559384554e-07, 1.8230974664779963e-07, 2.114532226051752e-07, 2.015696788330693e-07]","[1.1096762794289535e-05, 1.24643909616359e-05, 1.2995893426808353e-05, 1.5062988515037215e-05, 1.4858514305707843e-05]"
966,"[1.4223935224656794e-07, 1.6456489743038698e-07, 1.7746761786148052e-07, 2.057907537082896e-07, 1.9833416286767182e-07]","[1.0734335713236172e-05, 1.1834940778123997e-05, 1.1969071728065951e-05, 1.3866793378821349e-05, 1.3984241405117083e-05]"
967,"[1.6014622891952464e-07, 1.7891707597618696e-07, 1.8690897072272556e-07, 2.166486710672276e-07, 2.1352888518328153e-07]","[1.1920282421935865e-05, 1.3288008121777079e-05, 1.3618975240060223e-05, 1.5780251521372145e-05, 1.577781093637777e-05]"
968,"[1.4677801344146927e-07, 1.654416195214607e-07, 1.7460474438433862e-07, 2.0243212727936256e-07, 1.9804958034717635e-07]","[1.0293647252637408e-05, 1.1764076879832981e-05, 1.2097338567397508e-05, 1.4014998640773301e-05, 1.4018381475255182e-05]"
969,"[1.5234853435653918e-07, 1.7332432489412907e-07, 1.8463390089390322e-07, 2.1404657642751906e-07, 2.0810732050773388e-07]","[1.1720806880158684e-05, 1.2634809462729047e-05, 1.2464003316368047e-05, 1.443454423858494e-05, 1.480424127715471e-05]"
970,"[1.4476951558705745e-07, 1.6451631848987224e-07, 1.7304980680334994e-07, 2.0056629709070089e-07, 1.9707742288999436e-07]","[1.2190747427698843e-05, 1.3078161245626408e-05, 1.279074234976704e-05, 1.4810495445131573e-05, 1.5296753851795624e-05]"
971,"[1.6682750796807946e-07, 1.8591662964110655e-07, 1.899010492123186e-07, 2.2000943086765724e-07, 2.2074996879921365e-07]","[1.2882501731829285e-05, 1.4348241608762852e-05, 1.4193311525706347e-05, 1.6432704384914665e-05, 1.690966433553962e-05]"
972,"[1.5480445761280732e-07, 1.7648273685916582e-07, 1.874793833159896e-07, 2.1732235703231832e-07, 2.12104169965945e-07]","[1.149610727399386e-05, 1.2974475462764891e-05, 1.3233206360439745e-05, 1.5330278963625018e-05, 1.540848695365542e-05]"
973,"[1.5606244501904758e-07, 1.804575490393588e-07, 1.9106405089713645e-07, 2.214828080367414e-07, 2.1661481440217153e-07]","[1.1225247597646692e-05, 1.2617857366361905e-05, 1.2754656747570274e-05, 1.477335038644409e-05, 1.4944795735151978e-05]"
974,"[1.620961362132756e-07, 1.8324496934804318e-07, 1.9233251969704878e-07, 2.2294929486952956e-07, 2.1903673945438154e-07]","[1.2582236068380883e-05, 1.3736908931448192e-05, 1.3321859916580454e-05, 1.5419961846356996e-05, 1.6078451862182678e-05]"
975,"[1.632185092489003e-07, 1.902842749538238e-07, 2.0360272599606578e-07, 2.3605409749409e-07, 2.2932628421721058e-07]","[1.1322912127844725e-05, 1.3064386380333118e-05, 1.3677139315423235e-05, 1.5849923379761233e-05, 1.564946902558577e-05]"
976,"[1.543949124105774e-07, 1.7693640599455748e-07, 1.8493629965628206e-07, 2.143161707401122e-07, 2.1161042594015592e-07]","[1.0999924289427101e-05, 1.2232727433866806e-05, 1.2253433738954114e-05, 1.4190265105325092e-05, 1.4456519798782632e-05]"
977,"[1.5698696456191113e-07, 1.8232225068211115e-07, 1.9459526479283817e-07, 2.2560165713713038e-07, 2.1951123685262156e-07]","[1.186251500490695e-05, 1.2927775913417491e-05, 1.2773265691453059e-05, 1.4793031783446284e-05, 1.5172486050581317e-05]"
978,"[1.6590835535075015e-07, 1.9361225407417321e-07, 2.101910960304914e-07, 2.437494441991263e-07, 2.3397623572904582e-07]","[1.1055418589631224e-05, 1.2830327440048445e-05, 1.3997826540506944e-05, 1.6234231432503018e-05, 1.552433913918438e-05]"
979,"[1.7346928841924202e-07, 1.981036057199958e-07, 2.0850179297624357e-07, 2.4168187642923554e-07, 2.372942620195465e-07]","[1.0862531278963796e-05, 1.2035706695874778e-05, 1.2518646635177232e-05, 1.4511412038164505e-05, 1.4315627067078615e-05]"
980,"[1.452925897028558e-07, 1.6760228087920935e-07, 1.7986554601343847e-07, 2.0857930304427178e-07, 2.0135370128652604e-07]","[1.1070708247575324e-05, 1.2099016095058712e-05, 1.1869349348383154e-05, 1.3741943070945663e-05, 1.4200913688706168e-05]"
981,"[1.6052760414416e-07, 1.8628559564392505e-07, 2.022901727065683e-07, 2.3464690783015937e-07, 2.2477639183862796e-07]","[1.0440177226450275e-05, 1.1936655354568346e-05, 1.243733407967637e-05, 1.4412990155629882e-05, 1.4263475191295596e-05]"
982,"[2.5700123472276555e-07, 2.8690437050178743e-07, 2.860754373841745e-07, 3.312639006830569e-07, 3.385797087456508e-07]","[1.3188465472145076e-05, 1.5007602188789364e-05, 1.5563189407590225e-05, 1.803407795643828e-05, 1.7906034720001913e-05]"
983,"[1.4023415044758904e-07, 1.5681303288428405e-07, 1.5829609017312367e-07, 1.8333080911445264e-07, 1.858650496763335e-07]","[1.0697934905647832e-05, 1.1657483779564477e-05, 1.1217673645309995e-05, 1.2982300395143346e-05, 1.3618972522467447e-05]"
984,"[1.502909193598897e-07, 1.7095911657423824e-07, 1.7909744125843657e-07, 2.0756010487637533e-07, 2.0475732453992715e-07]","[1.1827377371524309e-05, 1.3100349384352953e-05, 1.2906507919097867e-05, 1.4942327517294315e-05, 1.54138880209276e-05]"
985,"[1.611860281195636e-07, 2.011784133187442e-07, 2.2469991776971002e-07, 2.6058495571060256e-07, 2.4659618991703216e-07]","[1.1400852706200606e-05, 1.3206957738454336e-05, 1.384878057666521e-05, 1.6048841978754218e-05, 1.583280945208078e-05]"
986,"[1.4907186691540626e-07, 1.6777031653482995e-07, 1.7833358143135818e-07, 2.067759265674572e-07, 2.0082643885078713e-07]","[1.1154790451719582e-05, 1.2646052480693774e-05, 1.2979848247762955e-05, 1.5038062701717144e-05, 1.5048240319361257e-05]"
987,"[1.5018161040510666e-07, 1.781783519174303e-07, 1.9613044323041394e-07, 2.2749148852675e-07, 2.1649095371737933e-07]","[1.1872203872584854e-05, 1.4097081699966737e-05, 1.5473755487048733e-05, 1.79452165583631e-05, 1.711744652015019e-05]"
988,"[1.3224218140692127e-07, 1.6715160753096585e-07, 1.872726564533897e-07, 2.172169098231524e-07, 2.0517648290203658e-07]","[1.0070365715664399e-05, 1.3331488034817667e-05, 1.5511802009842328e-05, 1.7998044070916156e-05, 1.6588421016811103e-05]"
989,"[1.1638137398251759e-07, 1.4500112519847262e-07, 1.6118109485073807e-07, 1.8692305017100003e-07, 1.7735913650156776e-07]","[7.966072704566178e-06, 1.0039436677009227e-05, 1.1351699967491787e-05, 1.3167785643557717e-05, 1.23494428280891e-05]"
990,"[1.266884122324579e-07, 1.5429389225191892e-07, 1.6599760377627697e-07, 1.9240979058364794e-07, 1.8704546124843542e-07]","[8.543720750917519e-06, 1.0845481787060451e-05, 1.2330998537174321e-05, 1.4304087827944962e-05, 1.3376702084955852e-05]"
991,"[1.1956016664940686e-07, 1.4710506961465642e-07, 1.5923963074962977e-07, 1.8457181059939338e-07, 1.7877550881830913e-07]","[9.078494222644116e-06, 1.1527629397298233e-05, 1.284299155607252e-05, 1.489181054991254e-05, 1.4149156957028818e-05]"
992,"[1.6924867536322607e-07, 1.8562605606968912e-07, 1.959216834431105e-07, 2.2719525273900533e-07, 2.215299152305197e-07]","[9.782282149599226e-06, 1.1411407312436381e-05, 1.1984942263988605e-05, 1.3888454624856258e-05, 1.3695718810711435e-05]"
993,"[1.2677390161766548e-07, 1.4338445174807843e-07, 1.5507739335623776e-07, 1.7986671911806985e-07, 1.723227772906552e-07]","[8.583644543825016e-06, 1.0076143594817023e-05, 1.0707688195736939e-05, 1.2410507033283338e-05, 1.213630319127624e-05]"
994,"[1.2444527924284756e-07, 1.440879948677119e-07, 1.556055199518074e-07, 1.8045908153449742e-07, 1.7375337915027914e-07]","[9.21927177118103e-06, 1.0519655767092175e-05, 1.0836257031608482e-05, 1.2554693325673127e-05, 1.2533683497198689e-05]"
995,"[1.2871632856907638e-07, 1.5151031284206254e-07, 1.6680228017914686e-07, 1.9346129952184108e-07, 1.8397678333558565e-07]","[9.34488399014112e-06, 1.134706388551973e-05, 1.2441252018617372e-05, 1.4425466959401415e-05, 1.3815544276027953e-05]"
996,"[1.0246335224740996e-07, 1.2286767694395575e-07, 1.38962514530738e-07, 1.6126124790640035e-07, 1.5027580821647301e-07]","[7.822626674372633e-06, 9.69168800614811e-06, 1.0890577456263983e-05, 1.2632585120461594e-05, 1.1887311174915477e-05]"
997,"[1.2336536832947798e-07, 1.5073308846289e-07, 1.6573858075443127e-07, 1.9218408916696364e-07, 1.8365733880957593e-07]","[8.753468009092757e-06, 1.0966143790071461e-05, 1.247586860280104e-05, 1.4473420520742856e-05, 1.3507951041080908e-05]"
998,"[1.6428024398014406e-07, 1.887910126430896e-07, 1.9440710979552842e-07, 2.2528434568952376e-07, 2.2488784038525202e-07]","[1.0556678023656946e-05, 1.2565118904626045e-05, 1.3420931347484332e-05, 1.5555371525640923e-05, 1.5170148723369781e-05]"
999,"[1.39330921357371e-07, 1.7090289830041848e-07, 1.8654999955362498e-07, 2.1627732453859576e-07, 2.0799049792520443e-07]","[8.68252066064389e-06, 1.128797649263062e-05, 1.3141573384612028e-05, 1.5249915620692752e-05, 1.4025052098166893e-05]"
1000,"[1.2479825376926772e-07, 1.5285443162369919e-07, 1.7470963167984221e-07, 2.0270682168535098e-07, 1.8858252853567303e-07]","[9.45175402713498e-06, 1.2282168937886231e-05, 1.4235121065722883e-05, 1.6516953545516397e-05, 1.5248425103791678e-05]"
1001,"[1.3222514347793715e-07, 1.6084962778931846e-07, 1.7839905788894414e-07, 2.068903213402715e-07, 1.9644393994432982e-07]","[9.376222258669678e-06, 1.1318839628873033e-05, 1.2413602142847873e-05, 1.4394058797651032e-05, 1.37737219903098e-05]"
1002,"[1.1391476470330235e-07, 1.4471057150235085e-07, 1.659782830389144e-07, 1.9256391937253356e-07, 1.788382765830851e-07]","[8.165260855409146e-06, 1.068010287644596e-05, 1.247437640807357e-05, 1.4476151256115695e-05, 1.3287160055732638e-05]"
1003,"[1.5667643336345e-07, 1.8190854369670588e-07, 1.930987164064401e-07, 2.2388077653513712e-07, 2.183554075551136e-07]","[8.435975083669467e-06, 1.0760972823205036e-05, 1.253225450923638e-05, 1.4547397398050326e-05, 1.3332312927473463e-05]"
1004,"[1.1342019546266862e-07, 1.5192117010744585e-07, 1.7926653056712043e-07, 2.0803904052573788e-07, 1.9002059707834703e-07]","[8.122804294080841e-06, 1.1523618097091853e-05, 1.436723847858559e-05, 1.668493844640773e-05, 1.4684107190853967e-05]"
1005,"[1.2769769587649542e-07, 1.633805176199637e-07, 1.8808300601529966e-07, 2.1821478244844243e-07, 2.0225462927261627e-07]","[8.365148250075289e-06, 1.1997538370808146e-05, 1.4943420269265262e-05, 1.7353384354780108e-05, 1.529025628190545e-05]"
1006,"[1.5025061647528352e-07, 1.8419697313285254e-07, 1.9940402620886776e-07, 2.3112584499053033e-07, 2.2384129555813816e-07]","[8.976606154110333e-06, 1.1497039185640459e-05, 1.3098274270918764e-05, 1.5194148700473314e-05, 1.4195036397490777e-05]"
1007,"[1.222116244371508e-07, 1.467424637554188e-07, 1.592103144175654e-07, 1.8458389143415972e-07, 1.7801694920653734e-07]","[8.269569745436788e-06, 1.0419213294437921e-05, 1.1936542546661354e-05, 1.3848654041334026e-05, 1.286796384994731e-05]"
1008,"[1.321902030982886e-07, 1.6486374896472153e-07, 1.85203105138958e-07, 2.1479482919552445e-07, 2.0256789680630221e-07]","[9.3529154877856e-06, 1.2155978412061092e-05, 1.4162651554580606e-05, 1.6434770843956407e-05, 1.5107973942990536e-05]"
1009,"[1.5603626070697028e-07, 1.8879961503999018e-07, 2.0252029222061787e-07, 2.347321390205172e-07, 2.2865701531918185e-07]","[8.437915160129295e-06, 1.0962945675512602e-05, 1.2733154604476543e-05, 1.4774832637145642e-05, 1.3618571450476204e-05]"
1010,"[1.5198262322421658e-07, 1.7649998805508762e-07, 1.8809427362237503e-07, 2.18014969415223e-07, 2.1254239387093155e-07]","[8.781454694443458e-06, 1.0479773993178281e-05, 1.1436506082326889e-05, 1.3261042651297915e-05, 1.2717559691910582e-05]"
1011,"[1.7708468441056065e-07, 2.188149958496012e-07, 2.3533018251968365e-07, 2.727221371078171e-07, 2.657508679838055e-07]","[1.109335743182812e-05, 1.3964747979220359e-05, 1.5223687141797932e-05, 1.7645705313506064e-05, 1.7037456103453203e-05]"
1012,"[1.4172111570824482e-07, 1.7470859674699166e-07, 1.889030329803861e-07, 2.189391317582159e-07, 2.1234853285741184e-07]","[8.357628995366442e-06, 1.0917015160469479e-05, 1.2731728565867125e-05, 1.4773960327548859e-05, 1.3581507718623989e-05]"
1013,"[1.377695221765608e-07, 1.6459724870927747e-07, 1.7452259451598845e-07, 2.0223439730377698e-07, 1.9859790941535891e-07]","[8.476757794342997e-06, 1.0233691975778708e-05, 1.1073563874550507e-05, 1.2836222163187842e-05, 1.241906828270124e-05]"
1014,"[1.3225741405337412e-07, 1.6634517215160456e-07, 1.84144607597805e-07, 2.1351734049886904e-07, 2.0349385196442218e-07]","[8.876350793917824e-06, 1.208408521243877e-05, 1.4398172410472912e-05, 1.6711140561872983e-05, 1.5161380228742391e-05]"
1015,"[1.1239602021480626e-07, 1.3772808068527258e-07, 1.5016997565750566e-07, 1.7410254071571312e-07, 1.675057549695925e-07]","[7.0358229177015115e-06, 8.969349866078972e-06, 1.0408217715511902e-05, 1.2078059047592943e-05, 1.1118676069009457e-05]"
1016,"[1.1775715372409043e-07, 1.485751559204866e-07, 1.6555333876236156e-07, 1.9196389434619951e-07, 1.8229213134896876e-07]","[7.3886166769766915e-06, 1.0073644982084773e-05, 1.2199633382138348e-05, 1.4163362898932497e-05, 1.2694405737275452e-05]"
1017,"[1.2528097070870354e-07, 1.560034876103544e-07, 1.7001463634041614e-07, 1.970903202698809e-07, 1.9006968543663646e-07]","[7.73126120081245e-06, 1.0517343976718261e-05, 1.2359423401811997e-05, 1.4340828303792032e-05, 1.3153044776522474e-05]"
1018,"[1.4345836521411914e-07, 1.6852572753525349e-07, 1.736146616672353e-07, 2.0109486898341225e-07, 2.0160021377535721e-07]","[8.024950743431026e-06, 9.803063705544823e-06, 1.090881286964247e-05, 1.2653052330508329e-05, 1.1971668390226859e-05]"
1019,"[1.448085386394246e-07, 1.8010288026331393e-07, 1.9675422009895793e-07, 2.2808612453548522e-07, 2.195950896274565e-07]","[9.064333257571516e-06, 1.1886154890563784e-05, 1.3719013053000521e-05, 1.591574691339303e-05, 1.4756252679077993e-05]"
1020,"[1.751633740584985e-07, 1.9588486492330857e-07, 2.1358709258822791e-07, 2.4775756683848787e-07, 2.3721241173951607e-07]","[1.0746435130045868e-05, 1.2292380198171931e-05, 1.2691079957280921e-05, 1.4705033890661894e-05, 1.4654102326577098e-05]"
1021,"[1.3763820727881968e-07, 1.638643629424153e-07, 1.7675343907506173e-07, 2.0491139233319517e-07, 1.9829557248219778e-07]","[9.243978380861561e-06, 1.1733651821655185e-05, 1.3563255095383665e-05, 1.5738565565191062e-05, 1.4528016274656507e-05]"
1022,"[1.176733421523624e-07, 1.464948442880967e-07, 1.6531597231269198e-07, 1.9176011668452498e-07, 1.800832113476386e-07]","[7.054781825773329e-06, 1.0029270470969638e-05, 1.2607057030198011e-05, 1.4643378601889345e-05, 1.280510423940506e-05]"
1023,"[1.5550699823612225e-07, 1.8133326960333153e-07, 1.8953905909111453e-07, 2.1959731478896434e-07, 2.1752392930890843e-07]","[8.162354139817786e-06, 1.0297059490027782e-05, 1.1822264740383195e-05, 1.371692075042933e-05, 1.2720377920782906e-05]"
1024,"[1.3990315868626437e-07, 1.6527058125468228e-07, 1.7396286627563603e-07, 2.0157587162342873e-07, 1.9876699723298148e-07]","[8.313016209991731e-06, 1.043108358882717e-05, 1.1808278789549597e-05, 1.3698006018853632e-05, 1.2831359215133783e-05]"
1025,"[1.328848030280594e-07, 1.558334694844198e-07, 1.6578516536189564e-07, 1.9215563808478975e-07, 1.876462141662132e-07]","[7.81167748545773e-06, 9.908322258317046e-06, 1.1581769284798828e-05, 1.34421968074299e-05, 1.2300858161949997e-05]"
1026,"[1.31922275955744e-07, 1.563594756058899e-07, 1.6488597426454932e-07, 1.9106787030288454e-07, 1.880972262502649e-07]","[8.656496791519124e-06, 1.0745810038447373e-05, 1.2009410423873203e-05, 1.3927930931388214e-05, 1.3170860910734692e-05]"
1027,"[2.0113808888063915e-07, 2.1967485650138624e-07, 2.1810532167084414e-07, 2.526240484171746e-07, 2.582716644864873e-07]","[1.0376220247008769e-05, 1.2563471058082501e-05, 1.3650207380282417e-05, 1.5825387596864836e-05, 1.5248966531939458e-05]"
1028,"[1.2218366985483885e-07, 1.4102347885149132e-07, 1.4744217166819355e-07, 1.7084343008134384e-07, 1.6894936405933499e-07]","[8.045122117606775e-06, 9.579787251845918e-06, 1.0314980215296567e-05, 1.1957871044371601e-05, 1.158429072293086e-05]"
1029,"[1.378121970647442e-07, 1.6767572736843444e-07, 1.8218866704848382e-07, 2.1118839605881837e-07, 2.0383642293257848e-07]","[7.705709823471428e-06, 9.64064172598876e-06, 1.0769714007514076e-05, 1.2489803683933128e-05, 1.1821646923626313e-05]"
1030,"[1.2588288216463159e-07, 1.595047370942764e-07, 1.8003693951028084e-07, 2.0880945602785173e-07, 1.9636553135800424e-07]","[7.795593114951483e-06, 1.0332985225576497e-05, 1.221814236007511e-05, 1.4180605785224658e-05, 1.2911519758061003e-05]"
1031,"[1.2438594846119047e-07, 1.350793001993976e-07, 1.5578551743043124e-07, 1.809269117221931e-07, 1.6354618520606346e-07]","[7.80815834065493e-06, 9.00110463081072e-06, 9.731730040765914e-06, 1.128724341292341e-05, 1.0824997626549055e-05]"
1032,"[1.6181515740301495e-07, 1.8083364297365523e-07, 1.838293934398317e-07, 2.129505623906752e-07, 2.142846744245625e-07]","[8.851920287921754e-06, 1.0498043817172347e-05, 1.1213141372090437e-05, 1.2998064254253593e-05, 1.2661145060436202e-05]"
1033,"[2.029586696081284e-07, 2.3579109102533733e-07, 2.464883187587183e-07, 2.855969551581823e-07, 2.826675037407088e-07]","[9.841863536163897e-06, 1.140224287035128e-05, 1.1735304501259064e-05, 1.3594309071599742e-05, 1.3610684639652666e-05]"
1034,"[1.1332559916980464e-07, 1.330310198146866e-07, 1.3824050040427907e-07, 1.601562816964075e-07, 1.5939951025079093e-07]","[8.456173836231561e-06, 9.808836511310654e-06, 9.973681630671844e-06, 1.1550117819352838e-05, 1.1682646756965848e-05]"
1035,"[1.114943821233258e-07, 1.3083353235125195e-07, 1.3600654538194727e-07, 1.5757024363601897e-07, 1.567363365560136e-07]","[7.499778448090864e-06, 8.609896900524776e-06, 8.81839508751954e-06, 1.0215577063987645e-05, 1.0253222833265149e-05]"
1036,"[1.2834390914607974e-07, 1.5607498107590888e-07, 1.6948120193249166e-07, 1.964753327462795e-07, 1.8944939367692876e-07]","[7.656285447118434e-06, 9.62944663973153e-06, 1.0964397603987226e-05, 1.2720042101639893e-05, 1.186617177507095e-05]"
1037,"[1.1754314455552235e-07, 1.3809149901658046e-07, 1.4839125689402077e-07, 1.7202097115266515e-07, 1.6681408242178713e-07]","[8.188398046682558e-06, 9.443615329738366e-06, 9.800836480520649e-06, 1.135530457704124e-05, 1.1294340588530798e-05]"
1038,"[9.737882995399883e-08, 1.1384817867879317e-07, 1.237165859491611e-07, 1.4345488086175914e-07, 1.3779504333261887e-07]","[6.926299929019722e-06, 8.210414019467043e-06, 9.099129186531078e-06, 1.0553860330555525e-05, 1.0000640500387244e-05]"
1039,"[1.0353289590255536e-07, 1.2473050541760496e-07, 1.3699214563997282e-07, 1.5886036687453093e-07, 1.5174646715556005e-07]","[7.508456657748424e-06, 8.894830032809124e-06, 9.677207913675359e-06, 1.122169643760003e-05, 1.0773380022370758e-05]"
1040,"[1.276911596439572e-07, 1.4935027245693463e-07, 1.590152209890534e-07, 1.8430797110935498e-07, 1.7994150297615992e-07]","[9.350830821776157e-06, 1.1068811857176138e-05, 1.193119193412362e-05, 1.383257290611422e-05, 1.337781081098125e-05]"
1041,"[1.4164175707689588e-07, 1.6903745836377267e-07, 1.8123604637208937e-07, 2.100919263307839e-07, 2.0412309773898285e-07]","[8.016825926648758e-06, 9.91035811871204e-06, 1.1296614879625526e-05, 1.3106557203351358e-05, 1.2202349437848155e-05]"
1042,"[1.2415455962295044e-07, 1.4750358181276235e-07, 1.585245642112613e-07, 1.837664385560212e-07, 1.7833419073050177e-07]","[8.76778727021034e-06, 1.0855022225283116e-05, 1.226011070501091e-05, 1.4222866036755073e-05, 1.3325279457523825e-05]"
1043,"[1.1671272756946954e-07, 1.4043947879134322e-07, 1.5348652372374195e-07, 1.7797251088567948e-07, 1.7048869679035905e-07]","[8.201431549844708e-06, 9.813742244686279e-06, 1.048567001148923e-05, 1.2153504043090058e-05, 1.1853086931766427e-05]"
1044,"[1.2358925040544078e-07, 1.4835042314033118e-07, 1.6086215522768098e-07, 1.865107531655682e-07, 1.7979634351609543e-07]","[8.637591952169898e-06, 1.0706005285931226e-05, 1.1803263122172856e-05, 1.3686383114190946e-05, 1.3069299220699728e-05]"
1045,"[1.3395559428950318e-07, 1.652037139614539e-07, 1.8010521658243582e-07, 2.08791740109244e-07, 2.0108732184045407e-07]","[8.337347671014985e-06, 1.1211213568518015e-05, 1.3340353396161141e-05, 1.5483874931530597e-05, 1.4047655498965962e-05]"
1046,"[1.2845415572038815e-07, 1.5881271028913876e-07, 1.7468500774511517e-07, 2.025373494552169e-07, 1.9375734358449128e-07]","[9.205774617476562e-06, 1.1710739819566497e-05, 1.3344105922114783e-05, 1.5479328144175205e-05, 1.4454393748183693e-05]"
1047,"[1.3923338691508096e-07, 1.6407703625496498e-07, 1.731517830810373e-07, 2.0065429397682653e-07, 1.9737790987139398e-07]","[8.649612865973053e-06, 1.0741982865386141e-05, 1.1876412222629835e-05, 1.3771536297041268e-05, 1.3125931557669607e-05]"
1048,"[1.0901745668065329e-07, 1.2960807993506455e-07, 1.4024329370147814e-07, 1.6260572418651546e-07, 1.5678536805365485e-07]","[8.05487363507764e-06, 9.79698228923534e-06, 1.0740133766854134e-05, 1.2453524973750824e-05, 1.1926155235404003e-05]"
1049,"[1.0895985578462224e-07, 1.3218524542115267e-07, 1.4692193122347465e-07, 1.7041202033422287e-07, 1.6142746887186008e-07]","[7.346146747128673e-06, 8.936943908348282e-06, 1.0065395742638828e-05, 1.1677275225497188e-05, 1.0948231668597138e-05]"
1050,"[1.990437214375073e-07, 2.3365942953524206e-07, 2.4183059695776216e-07, 2.8013086258769667e-07, 2.797694726396145e-07]","[1.0437335655035782e-05, 1.2457018606736678e-05, 1.2952971278546187e-05, 1.5004954811505977e-05, 1.4952023488822607e-05]"
1051,"[1.0824572684622876e-07, 1.287778695823091e-07, 1.3906701815552358e-07, 1.612301263212496e-07, 1.5594751259814602e-07]","[7.663996817803869e-06, 9.098504077984296e-06, 9.836205900226468e-06, 1.1403364968958342e-05, 1.1016708778753551e-05]"
1052,"[1.1679778966941676e-07, 1.3881271535169058e-07, 1.4705998946842466e-07, 1.7043489738448438e-07, 1.6718071209469035e-07]","[7.79111101224429e-06, 9.00575264896259e-06, 9.453755962593655e-06, 1.0955999264730605e-05, 1.079641525919589e-05]"
