epoch,stft_mean_power,wavelet_mean_power
0,"[2.204906871539682e-07, 2.5108543787466705e-07, 2.3663556012523368e-07, 2.3027182673075832e-07, 2.1236339398085214e-07]","[1.0869381863314384e-05, 1.3046499470937298e-05, 1.3022856458914338e-05, 1.2695081508097697e-05, 1.1456353822894129e-05]"
1,"[1.8623908011975172e-07, 2.2430252375914784e-07, 2.2570985569523628e-07, 2.2011166474695762e-07, 1.9789884307990658e-07]","[1.1963713120102898e-05, 1.4426415278803482e-05, 1.4352458562332807e-05, 1.3986065900589862e-05, 1.2658651659101736e-05]"
2,"[1.6625205138601165e-07, 1.9727162990892212e-07, 1.9505151782648384e-07, 1.9013131653653505e-07, 1.7204981225760587e-07]","[1.005875035966799e-05, 1.2043917118787204e-05, 1.1927433676709953e-05, 1.1622710277248665e-05, 1.0529693426429778e-05]"
3,"[1.5924790697870774e-07, 1.9007200064345002e-07, 1.8921596275360321e-07, 1.8445053844265985e-07, 1.665080148762382e-07]","[9.533753695146745e-06, 1.1503899057190288e-05, 1.1550477678732376e-05, 1.1262371827776183e-05, 1.0138694835965912e-05]"
4,"[1.8465538302585125e-07, 2.1906064698344257e-07, 2.1579454831741576e-07, 2.1029179099877532e-07, 1.9072863669696993e-07]","[1.0101468992929714e-05, 1.2258631635531703e-05, 1.2657911285923948e-05, 1.2359276291077351e-05, 1.0972595035577552e-05]"
5,"[1.8745552849869323e-07, 2.235441621649246e-07, 2.1943496746642025e-07, 2.1376235295491579e-07, 1.9440442995778136e-07]","[1.0068790691077121e-05, 1.2255643956474797e-05, 1.2453771046581621e-05, 1.2148495113829655e-05, 1.0882646244504103e-05]"
6,"[2.227879275601802e-07, 2.656481401887666e-07, 2.608401379194452e-07, 2.5409162734794466e-07, 2.3103399972346444e-07]","[1.166080476554499e-05, 1.4167473307125794e-05, 1.431778873870144e-05, 1.3963294812834935e-05, 1.2541952499547782e-05]"
7,"[1.962199572243645e-07, 2.372297419223841e-07, 2.410467453151688e-07, 2.35189664304829e-07, 2.102862100738728e-07]","[1.2345580258402133e-05, 1.5092592560916571e-05, 1.5452282139428076e-05, 1.5077975058136278e-05, 1.3462261615622982e-05]"
8,"[1.6447634217746345e-07, 1.9707335951281184e-07, 2.0274505914207025e-07, 1.98005709552921e-07, 1.756488090504174e-07]","[1.0799708833086913e-05, 1.3069020351448464e-05, 1.336554968198341e-05, 1.3044885970488242e-05, 1.1631257862058198e-05]"
9,"[1.7627712750294092e-07, 2.1534078356228062e-07, 2.2850200574997052e-07, 2.233944620735453e-07, 1.9573477163727497e-07]","[1.1462890105928586e-05, 1.4009427803711466e-05, 1.4973849814064442e-05, 1.464269825359619e-05, 1.2796420066958091e-05]"
10,"[1.6397663374970386e-07, 1.9909345282201495e-07, 2.1072176430461842e-07, 2.0601400868139683e-07, 1.8059258500882845e-07]","[1.0046522083732869e-05, 1.2222606435526835e-05, 1.3280677627375688e-05, 1.2998343932919826e-05, 1.1258474175007867e-05]"
11,"[1.8649257140261539e-07, 2.2344984888445974e-07, 2.3197539837303003e-07, 2.2664535328694592e-07, 2.0021142505274027e-07]","[1.1450236910797265e-05, 1.3845390743720719e-05, 1.4865506232660696e-05, 1.454701512928165e-05, 1.263888290056834e-05]"
12,"[1.9885021741069883e-07, 2.49560518001747e-07, 2.816789259954526e-07, 2.7604434406045476e-07, 2.3572805000219135e-07]","[1.3530726408102997e-05, 1.598924698978259e-05, 1.826802342981978e-05, 1.793438486170179e-05, 1.5086030357589705e-05]"
13,"[2.1183539058083614e-07, 2.551020920828043e-07, 2.673885305963511e-07, 2.6133369024539436e-07, 2.297083074912218e-07]","[1.332622825126708e-05, 1.593686234751255e-05, 1.728373521909388e-05, 1.692446448585322e-05, 1.4621321765788875e-05]"
14,"[1.8285587538051883e-07, 2.333269353816456e-07, 2.5789440172504026e-07, 2.5240569747955774e-07, 2.1809000652455828e-07]","[1.172065762350761e-05, 1.4769994926161443e-05, 1.6538375543998588e-05, 1.6203262016904586e-05, 1.3871499259437252e-05]"
15,"[2.0714269665856203e-07, 2.5823436645885227e-07, 2.84435903368778e-07, 2.785699566569975e-07, 2.3979148373194863e-07]","[1.3931162429118293e-05, 1.6720744267195968e-05, 1.8763222734373212e-05, 1.8404832166258637e-05, 1.560554846868879e-05]"
16,"[2.58576299029923e-07, 3.0933687013042456e-07, 3.125382661800479e-07, 3.049397215654838e-07, 2.731631315120038e-07]","[1.553521792092728e-05, 1.8821968278580066e-05, 1.917801859535208e-05, 1.871421743647188e-05, 1.6721516227240847e-05]"
17,"[1.887794786391997e-07, 2.2502612949653462e-07, 2.269852167774864e-07, 2.214927075130032e-07, 1.982538299135766e-07]","[1.1758928876752684e-05, 1.4106303492939772e-05, 1.4059817399279256e-05, 1.370552814482754e-05, 1.2374116131091845e-05]"
18,"[2.179535546929696e-07, 2.672508685702328e-07, 2.941626862762143e-07, 2.88188224467841e-07, 2.477468215899521e-07]","[1.4798890486011582e-05, 1.754294341014149e-05, 2.004109147866256e-05, 1.9665018395317115e-05, 1.6591962433914232e-05]"
19,"[2.0634114884460703e-07, 2.466807432176049e-07, 2.553055568130548e-07, 2.4941245412567636e-07, 2.2062559869439311e-07]","[1.3531835961678242e-05, 1.639674546988338e-05, 1.7025632859857517e-05, 1.6632300746575382e-05, 1.470567917893794e-05]"
20,"[2.052517981415159e-07, 2.488399770007381e-07, 2.653412916150982e-07, 2.5953229282322613e-07, 2.2640049297409205e-07]","[1.2610215226874112e-05, 1.5302545430442514e-05, 1.7325824548966883e-05, 1.6983690408860622e-05, 1.4466930420961391e-05]"
21,"[2.010351118300117e-07, 2.473063744332622e-07, 2.6259975370856814e-07, 2.567458416010612e-07, 2.249265422473302e-07]","[1.4280921114871932e-05, 1.7313330860856472e-05, 1.850462932754095e-05, 1.8102169676137632e-05, 1.577887877372799e-05]"
22,"[2.0490020939871774e-07, 2.517944502057936e-07, 2.670420698058333e-07, 2.6104032596367566e-07, 2.2900568622336654e-07]","[1.2886417453350354e-05, 1.560795104118632e-05, 1.6406338584076566e-05, 1.6038642823576885e-05, 1.4083216510734563e-05]"
23,"[2.0520278551724205e-07, 2.471592920549565e-07, 2.5673649124144344e-07, 2.5075606792061457e-07, 2.2183246054865506e-07]","[1.3793907956751935e-05, 1.6131753620460235e-05, 1.7202087550261724e-05, 1.6833633687609554e-05, 1.4639313118655141e-05]"
24,"[2.8547036336738103e-07, 3.3552589892854296e-07, 3.3859881358761276e-07, 3.304002585479966e-07, 2.9568697400666107e-07]","[1.886092303645983e-05, 2.2344645485804772e-05, 2.298392068345467e-05, 2.2446163350443762e-05, 1.990721866295528e-05]"
25,"[1.8843391793113175e-07, 2.3126644982110875e-07, 2.431409010369255e-07, 2.375391663694038e-07, 2.0951210437038978e-07]","[1.2537199235590095e-05, 1.5201190024434267e-05, 1.5868885390308746e-05, 1.5501994296059562e-05, 1.368991188929777e-05]"
26,"[2.2001900495401712e-07, 2.657626064544273e-07, 2.8009943949596797e-07, 2.73881274922938e-07, 2.40242216591341e-07]","[1.3601645232571229e-05, 1.6487016153240376e-05, 1.7386345756458406e-05, 1.6994100024187714e-05, 1.4927895681974208e-05]"
27,"[2.2011836082507687e-07, 2.638613835533411e-07, 2.7470740947053615e-07, 2.6844527429317595e-07, 2.3664539402314627e-07]","[1.4715848341371137e-05, 1.7709037040234723e-05, 1.8706277862537565e-05, 1.829166779632869e-05, 1.6015369776669542e-05]"
28,"[2.4659145540552356e-07, 3.042287169224768e-07, 3.264938703607367e-07, 3.1931551729562733e-07, 2.7859112558279034e-07]","[1.5527960840312573e-05, 1.8867868065194905e-05, 2.0485202032733687e-05, 2.0054081584359702e-05, 1.7362751836096785e-05]"
29,"[2.532788722997145e-07, 3.0113394798655205e-07, 3.0662947600693603e-07, 2.992907411149848e-07, 2.670269456838019e-07]","[1.6742818934153353e-05, 2.024166572970442e-05, 2.0957822581319428e-05, 2.047172064403364e-05, 1.8119602796751446e-05]"
30,"[2.512337260129831e-07, 3.041534322693258e-07, 3.161650262680842e-07, 3.0877492115108716e-07, 2.733899786214365e-07]","[1.5300206039871663e-05, 1.890159004621887e-05, 2.0148505547287648e-05, 1.9701012966204367e-05, 1.723530488507756e-05]"
31,"[2.3009382238720283e-07, 2.718086111207179e-07, 2.734988465492003e-07, 2.668087103152385e-07, 2.391754043597025e-07]","[1.4219274387985873e-05, 1.6990550918423018e-05, 1.7125209749185908e-05, 1.670637338579482e-05, 1.4980701285502268e-05]"
32,"[2.2750369400866478e-07, 2.73820057975471e-07, 2.8002268698404894e-07, 2.734049644648941e-07, 2.432571146168251e-07]","[1.3899453307903282e-05, 1.6769907900534936e-05, 1.7121067564604598e-05, 1.67112686993327e-05, 1.4902190678743342e-05]"
33,"[2.3176964063663307e-07, 2.7134892382897586e-07, 2.741506493139758e-07, 2.675384061676259e-07, 2.391130383452667e-07]","[1.3909440137319494e-05, 1.6782590899118596e-05, 1.7274991153381467e-05, 1.6863994067797408e-05, 1.5001305659181208e-05]"
34,"[2.386801312211763e-07, 2.8971442108539666e-07, 3.049257525917216e-07, 2.980607688172446e-07, 2.616675884223443e-07]","[1.5171695522745073e-05, 1.8222029138105736e-05, 1.9215968457961278e-05, 1.8789462108142326e-05, 1.645892344113024e-05]"
35,"[2.6633129583026653e-07, 3.163986920994892e-07, 3.178232011110959e-07, 3.099349451486654e-07, 2.7855436210754646e-07]","[1.5485377629275162e-05, 1.8762366020098952e-05, 1.9323427574549545e-05, 1.8867544181213838e-05, 1.6760418166002085e-05]"
36,"[2.930751982348998e-07, 3.4947794709116324e-07, 3.621041168786349e-07, 3.5392369932000927e-07, 3.122439983231234e-07]","[1.6188974569749552e-05, 1.9957892146581476e-05, 2.1301990469739566e-05, 2.0829576046096054e-05, 1.82187065456287e-05]"
37,"[2.846767371242079e-07, 3.4268615700770497e-07, 3.503166204006154e-07, 3.4201690865369074e-07, 3.045919846560697e-07]","[1.6876581553404238e-05, 2.001602831377022e-05, 2.0030405785885413e-05, 1.9538410367552332e-05, 1.755210021628685e-05]"
38,"[2.785592496001085e-07, 3.3109888899417166e-07, 3.358904843678576e-07, 3.278006919519862e-07, 2.9286480865892357e-07]","[1.746565108069059e-05, 2.08245068404938e-05, 2.089710243856451e-05, 2.038066514936645e-05, 1.8318106983580655e-05]"
39,"[2.458250420072575e-07, 2.986409311565184e-07, 3.0814674311345674e-07, 3.009223091673941e-07, 2.668079902527713e-07]","[1.5221865484080602e-05, 1.8372955686095822e-05, 1.8600997070997802e-05, 1.8147926946066824e-05, 1.6251464645394935e-05]"
40,"[2.9000497914992466e-07, 3.403842586361281e-07, 3.4076533301412746e-07, 3.3239964632538773e-07, 2.9839226125801625e-07]","[1.6256095811190346e-05, 1.9419106547836683e-05, 1.9813844430453328e-05, 1.9340868157914174e-05, 1.723763539623812e-05]"
41,"[2.857402908601596e-07, 3.4169566407654403e-07, 3.509359790221119e-07, 3.426454327227093e-07, 3.0464189381199966e-07]","[1.6068077371654415e-05, 1.8841373124337103e-05, 1.8795424422008337e-05, 1.8336744194290432e-05, 1.6465953797384046e-05]"
42,"[2.85747272535719e-07, 3.4646224493951855e-07, 3.5836736677672495e-07, 3.5005577561324897e-07, 3.0987825004456253e-07]","[1.5784439111231812e-05, 1.8803160001456887e-05, 1.9441983049115346e-05, 1.8993750711008588e-05, 1.6795501349202897e-05]"
43,"[3.3617429170425684e-07, 3.9729098807096486e-07, 4.0053447533760556e-07, 3.909210353471662e-07, 3.495545435389276e-07]","[1.6853882108894595e-05, 1.9410535491070437e-05, 1.901150798457218e-05, 1.8539899717869837e-05, 1.6751436875285015e-05]"
44,"[3.01976545471519e-07, 3.479945666481711e-07, 3.4119289554391296e-07, 3.327588215965547e-07, 2.998578491734569e-07]","[1.64296046907465e-05, 1.9344477341430847e-05, 1.9052386044246693e-05, 1.857286716101284e-05, 1.6804201702735874e-05]"
45,"[3.2704975243949713e-07, 3.8247482875057104e-07, 3.8312228284875764e-07, 3.737606784090097e-07, 3.351410848172217e-07]","[1.6718265394903033e-05, 2.0546020149679925e-05, 2.160383982207771e-05, 2.111113521199179e-05, 1.8590814979618835e-05]"
46,"[2.708870822717515e-07, 3.305795914055247e-07, 3.458982173466504e-07, 3.3801073436447294e-07, 2.9810573452300197e-07]","[1.586604415025852e-05, 1.904615987753312e-05, 2.0032026331016164e-05, 1.9584643295735793e-05, 1.71873296665549e-05]"
47,"[3.725286900497015e-07, 4.285914498399458e-07, 4.0866918647771915e-07, 3.9796178924171173e-07, 3.6486049010871544e-07]","[2.2264200595050172e-05, 2.566439520236072e-05, 2.4489297240884455e-05, 2.3839834326802077e-05, 2.1873148534035944e-05]"
48,"[3.0806247143346396e-07, 3.702591908243773e-07, 3.6912768102870126e-07, 3.5987187993879827e-07, 3.245844397708617e-07]","[1.7056900276810475e-05, 2.0492577264811276e-05, 2.019632012491098e-05, 1.967238500859378e-05, 1.7884321976636888e-05]"
49,"[3.4091382182306566e-07, 4.060411220783513e-07, 3.9715249913674864e-07, 3.868056710719337e-07, 3.5226477911656754e-07]","[2.0666744154803752e-05, 2.5524378723052995e-05, 2.5590915609291345e-05, 2.493227385629177e-05, 2.2571899378464994e-05]"
50,"[2.8673949898600524e-07, 3.5008350155763823e-07, 3.544099495785801e-07, 3.4554178121683033e-07, 3.1069868296635255e-07]","[1.674138388835398e-05, 2.0623906991319085e-05, 2.083271817974647e-05, 2.03059187315738e-05, 1.8302841265168166e-05]"
51,"[2.9501209025535466e-07, 3.5603180154129896e-07, 3.4757209456806017e-07, 3.382938175454793e-07, 3.0965416360823926e-07]","[1.5771240269386867e-05, 1.9415479310509763e-05, 1.938510736126069e-05, 1.888321363919848e-05, 1.712555725867676e-05]"
52,"[3.2595541792557015e-07, 4.032006431944757e-07, 4.0287219380505814e-07, 3.924073011335814e-07, 3.5608322050863495e-07]","[1.817622799434253e-05, 2.2429647741894425e-05, 2.2385446478721456e-05, 2.1804015630040017e-05, 1.9786577135953936e-05]"
53,"[2.968383641052058e-07, 3.5609329506038286e-07, 3.4753478414661757e-07, 3.3832188046083253e-07, 3.090640050367281e-07]","[1.3606058180430925e-05, 1.6552870159342977e-05, 1.653067084705667e-05, 1.6108447453851378e-05, 1.4572419487851303e-05]"
54,"[2.4662802709946445e-07, 3.008814771182743e-07, 3.0175459415156824e-07, 2.940739996011553e-07, 2.65667519559033e-07]","[1.4952298070353935e-05, 1.8352495055639972e-05, 1.843316830326435e-05, 1.7964097035023777e-05, 1.622727457661683e-05]"
55,"[1.8868605517654953e-07, 2.312534573560427e-07, 2.3330559260751587e-07, 2.2741643302421825e-07, 2.049919168012251e-07]","[1.1884013233947871e-05, 1.4626791505948755e-05, 1.4745592668916225e-05, 1.4372242141991697e-05, 1.2963475547955443e-05]"
56,"[3.0652037324368587e-07, 3.6804800323750044e-07, 3.6078294351304273e-07, 3.512680802923468e-07, 3.204817022073637e-07]","[1.5033656676295914e-05, 1.7983343236875314e-05, 1.7564621083001957e-05, 1.710193091218834e-05, 1.5611857221430846e-05]"
57,"[2.7283749564155945e-07, 3.270403266111308e-07, 3.1775677227097875e-07, 3.092993129758274e-07, 2.833095191936298e-07]","[1.268292388362845e-05, 1.5087503640100493e-05, 1.4628921197104625e-05, 1.4240679872437329e-05, 1.3035058087754407e-05]"
58,"[2.831822868076557e-07, 3.400507059648e-07, 3.348462919417556e-07, 3.261640485782182e-07, 2.9650704599009403e-07]","[1.441436247930986e-05, 1.7569775969410974e-05, 1.7702840610894048e-05, 1.7259902482055374e-05, 1.553678103808549e-05]"
59,"[2.6807717553677677e-07, 3.163409247916318e-07, 3.039136621855853e-07, 2.957289468107595e-07, 2.718517947334067e-07]","[1.3596524253033624e-05, 1.646727620113437e-05, 1.643159428688817e-05, 1.601427140213972e-05, 1.4475740087989978e-05]"
60,"[2.3615175312051814e-07, 2.7937286290986797e-07, 2.714741834360612e-07, 2.643315286650654e-07, 2.415256925767947e-07]","[1.1996962618679309e-05, 1.4416658405852898e-05, 1.4183791020073724e-05, 1.3814681335047517e-05, 1.256947352215432e-05]"
61,"[2.124089355814027e-07, 2.520304861294237e-07, 2.446230677059722e-07, 2.3818976640565267e-07, 2.1764518527618422e-07]","[1.0583714065564551e-05, 1.25411850531122e-05, 1.224272799081341e-05, 1.1923513904073143e-05, 1.0865104596376318e-05]"
62,"[2.768936296425452e-07, 3.3706364542830514e-07, 3.363639377260738e-07, 3.2778610269133055e-07, 2.9658486377943843e-07]","[1.3417016278484596e-05, 1.634722884565722e-05, 1.635870818857565e-05, 1.594511325909711e-05, 1.4402071010191481e-05]"
63,"[3.139486369995155e-07, 3.823741739306253e-07, 3.799634800224376e-07, 3.7010139755076544e-07, 3.3601115296473146e-07]","[1.4372307091530843e-05, 1.7692408254617483e-05, 1.7839838315092142e-05, 1.7388450585097042e-05, 1.568191329546705e-05]"
64,"[2.460880102700619e-07, 3.0289869682222116e-07, 3.089120207884215e-07, 3.012903865780117e-07, 2.7007229583247843e-07]","[1.834900575996475e-05, 2.2763482478238923e-05, 2.3360594243430735e-05, 2.2789191949975352e-05, 2.037749565579262e-05]"
65,"[2.4482907717114474e-07, 2.9796849417755214e-07, 2.9761608806518785e-07, 2.90040395523015e-07, 2.622482790185852e-07]","[1.4802529111070048e-05, 1.8013393506593113e-05, 1.8020312457157116e-05, 1.75616567579473e-05, 1.5873836017246654e-05]"
66,"[2.6995467859101166e-07, 3.2689305621989765e-07, 3.2527894758458694e-07, 3.1694337113824846e-07, 2.871199779271469e-07]","[1.7199515411780715e-05, 2.101070658728398e-05, 2.1260585483080667e-05, 2.073120867565602e-05, 1.863307856330412e-05]"
67,"[2.1728720466930741e-07, 2.67526971912643e-07, 2.746586418876477e-07, 2.679968436728236e-07, 2.3924729105091673e-07]","[1.5749916958044974e-05, 1.9582727519480914e-05, 2.006300855546108e-05, 1.9568857022154293e-05, 1.7522585404546693e-05]"
68,"[3.332874186902514e-07, 3.883960619262182e-07, 3.6191852429325535e-07, 3.5167079690985855e-07, 3.2792687721629113e-07]","[1.5456703357263127e-05, 1.8150292667368233e-05, 1.7251339298632764e-05, 1.6778551251565158e-05, 1.5497089799281334e-05]"
69,"[2.4112145695413843e-07, 2.9235643472065027e-07, 2.9208184947256094e-07, 2.846384864567487e-07, 2.5732439329994636e-07]","[1.5689944083101285e-05, 1.9087123070608458e-05, 1.905216584407076e-05, 1.8564873653887153e-05, 1.680071346714593e-05]"
70,"[2.72824046503531e-07, 3.2347243701909765e-07, 3.1173803646078754e-07, 3.0335912026522753e-07, 2.784656430041359e-07]","[1.3517885975633791e-05, 1.6177266269309794e-05, 1.59087065914609e-05, 1.5495960475097513e-05, 1.4091520286465401e-05]"
71,"[2.148868714865505e-07, 2.655858435858326e-07, 2.7250100983722943e-07, 2.658578548047793e-07, 2.3757102028523167e-07]","[1.3834750172080262e-05, 1.7016438146926558e-05, 1.726587124151096e-05, 1.6836297707464213e-05, 1.5125966421863915e-05]"
72,"[1.9007194369414553e-07, 2.3744055953685793e-07, 2.5172321750676367e-07, 2.4595707804179377e-07, 2.164406315253619e-07]","[1.405716461437039e-05, 1.773470094427338e-05, 1.8798185888314326e-05, 1.8365122125774847e-05, 1.6178987585299167e-05]"
73,"[2.0841807033845345e-07, 2.533832802769868e-07, 2.5514572794421205e-07, 2.48766021177631e-07, 2.239139714539769e-07]","[1.405638769500471e-05, 1.7165675306077042e-05, 1.7305486882977567e-05, 1.6872165488917583e-05, 1.5189859737977809e-05]"
74,"[1.9611986294202546e-07, 2.4022869403524504e-07, 2.426655955138447e-07, 2.3657211022237784e-07, 2.1302523550558245e-07]","[1.3562457094445754e-05, 1.6577436177084645e-05, 1.6684026570060105e-05, 1.626366675949e-05, 1.4661451382082357e-05]"
75,"[1.9062829588775185e-07, 2.3264783719407666e-07, 2.365673891683484e-07, 2.3076261732837903e-07, 2.0675911522991785e-07]","[1.373727908072562e-05, 1.705974618739268e-05, 1.7680997126268723e-05, 1.7257272922331325e-05, 1.5352793092556158e-05]"
76,"[1.9106726110102246e-07, 2.3373665582594947e-07, 2.3940806851475445e-07, 2.3360029612020183e-07, 2.0863856090125096e-07]","[1.3179468102798253e-05, 1.6244921539264737e-05, 1.675516568074347e-05, 1.6353143412614318e-05, 1.4564571726696948e-05]"
77,"[2.0700930369220402e-07, 2.494220237989067e-07, 2.5057292429953686e-07, 2.443213961557646e-07, 2.1994406062042461e-07]","[1.5774802029894983e-05, 1.8998307868330987e-05, 1.8874384256221567e-05, 1.8392386410276236e-05, 1.6653718321097246e-05]"
78,"[1.9884930175984275e-07, 2.4053130597086325e-07, 2.3965834485855534e-07, 2.3361497054290793e-07, 2.1103087326570462e-07]","[1.3371622027438742e-05, 1.6383344764727203e-05, 1.6509399807987993e-05, 1.6094023159954632e-05, 1.4501922656218585e-05]"
79,"[1.8339382871153808e-07, 2.2108617794702527e-07, 2.2172271378815682e-07, 2.1616086745970314e-07, 1.9477071390936908e-07]","[1.2925429709060426e-05, 1.581562400806716e-05, 1.6155504047864415e-05, 1.5761574373891714e-05, 1.409521896963992e-05]"
80,"[1.6683560643545747e-07, 2.0532661051912215e-07, 2.1309394199899406e-07, 2.080739920694265e-07, 1.8458885820555047e-07]","[1.265803859204486e-05, 1.581261385043676e-05, 1.6357710277920904e-05, 1.5962149354186117e-05, 1.4228104850209745e-05]"
81,"[1.5532769306802495e-07, 1.9059500235466215e-07, 1.9727980520876838e-07, 1.9260710968609933e-07, 1.7110778261770804e-07]","[1.1060660633279387e-05, 1.4027278631796099e-05, 1.4926860317691247e-05, 1.458324203693416e-05, 1.2837377408908829e-05]"
82,"[1.249250586829113e-07, 1.496365471332684e-07, 1.5423191614812157e-07, 1.5066224063838674e-07, 1.3336971908443274e-07]","[8.086866339025995e-06, 9.777526193970493e-06, 1.01213076195386e-05, 9.88532819027767e-06, 8.755757170588111e-06]"
83,"[1.2768967613203848e-07, 1.5395571941782774e-07, 1.5826685812375708e-07, 1.545367292403313e-07, 1.3732408294733605e-07]","[8.358643713815757e-06, 1.0231383434027985e-05, 1.0492281386141342e-05, 1.0237985499957594e-05, 9.139772566414029e-06]"
84,"[1.3648162552895514e-07, 1.630009773458932e-07, 1.6672138610098647e-07, 1.6276958892949924e-07, 1.4479335734559036e-07]","[8.995164993671287e-06, 1.085160319629758e-05, 1.0938196513750587e-05, 1.0668183286880092e-05, 9.581201719392556e-06]"
85,"[1.499181962470178e-07, 1.805295699508374e-07, 1.8573884974974383e-07, 1.8133962250173135e-07, 1.6119187585763092e-07]","[9.806573888720197e-06, 1.187742209264196e-05, 1.2096018165087213e-05, 1.1803154392121468e-05, 1.0549101592315928e-05]"
86,"[1.49277575319269e-07, 1.7730619999860597e-07, 1.7862416960832607e-07, 1.7429757115420436e-07, 1.5600186354285847e-07]","[9.740024528357303e-06, 1.1719739608615128e-05, 1.1767664183791143e-05, 1.147538423205991e-05, 1.0322913427994962e-05]"
87,"[1.6235186957804805e-07, 1.9767614459522683e-07, 2.045426633498695e-07, 1.997574755506283e-07, 1.771324275476533e-07]","[1.0246529911802645e-05, 1.264122051495223e-05, 1.3137359824860715e-05, 1.28269153633915e-05, 1.1380297343004686e-05]"
88,"[1.5850131375712206e-07, 1.9040063506613883e-07, 1.9075261603827533e-07, 1.8599181244282435e-07, 1.6750481505229815e-07]","[1.1352007659689634e-05, 1.3910075049669288e-05, 1.4107938451928518e-05, 1.3757400610407503e-05, 1.2356227945535016e-05]"
89,"[1.368110951105374e-07, 1.625315858368622e-07, 1.6460617198985472e-07, 1.6063176960773366e-07, 1.435679623168781e-07]","[8.872508098482293e-06, 1.059569019832224e-05, 1.0642357087948534e-05, 1.0381799364849918e-05, 9.319002197926989e-06]"
90,"[1.5547425863492768e-07, 1.8225131593391805e-07, 1.8179056551734353e-07, 1.7736940014812076e-07, 1.590611582161899e-07]","[9.589679226430313e-06, 1.134909710538671e-05, 1.1442573568341454e-05, 1.1166876860564501e-05, 9.985383314273914e-06]"
91,"[1.587165569867252e-07, 1.86865308772979e-07, 1.868577500689648e-07, 1.8230424774237603e-07, 1.6351027554192652e-07]","[1.0377850231264422e-05, 1.228808205652394e-05, 1.217510176106021e-05, 1.1868748598671676e-05, 1.0721539024995101e-05]"
92,"[2.0300689671275348e-07, 2.4519186083354597e-07, 2.5824112614152017e-07, 2.524453901947194e-07, 2.2175227395488054e-07]","[1.2375250513348522e-05, 1.4535832199559483e-05, 1.5473572172111695e-05, 1.5140701542606e-05, 1.3178336934677476e-05]"
93,"[1.9833706767751989e-07, 2.3789474554020344e-07, 2.43659683735365e-07, 2.3784784328291823e-07, 2.1187355256160182e-07]","[1.2357606191856374e-05, 1.467110172591571e-05, 1.4888084079212168e-05, 1.4533610265382446e-05, 1.2957210622983276e-05]"
94,"[2.0154364918480493e-07, 2.392332340040882e-07, 2.4960529206169824e-07, 2.44050250683782e-07, 2.142303067087999e-07]","[1.3063431109078771e-05, 1.584375636754412e-05, 1.6651612826279303e-05, 1.6273688875398197e-05, 1.431566239774451e-05]"
95,"[1.9400780519744503e-07, 2.2931285580497875e-07, 2.2976830284452558e-07, 2.2416729228549793e-07, 2.012394218334618e-07]","[1.2679188479285998e-05, 1.511648567705285e-05, 1.53956214030409e-05, 1.502639444960824e-05, 1.3404949682305263e-05]"
96,"[2.1100056409189077e-07, 2.525777028574344e-07, 2.5845523840114245e-07, 2.5235214611649293e-07, 2.243985247120671e-07]","[1.3802720244488375e-05, 1.6669219827308597e-05, 1.74038576787438e-05, 1.7006577504067655e-05, 1.4992242273851747e-05]"
97,"[2.0431595692486489e-07, 2.442515411588989e-07, 2.487734258478358e-07, 2.4280708898271276e-07, 2.1651541401811562e-07]","[1.3690946065791655e-05, 1.641234165150135e-05, 1.656769116558754e-05, 1.616018303152039e-05, 1.449829874767273e-05]"
98,"[1.8279851335651172e-07, 2.1667141788834364e-07, 2.2415512624692063e-07, 2.1904682589787477e-07, 1.93465791501317e-07]","[1.204943135117206e-05, 1.4510791567011472e-05, 1.5066914147563927e-05, 1.4717326145359102e-05, 1.301635378718831e-05]"
99,"[3.0923636040339035e-07, 3.585900888720565e-07, 3.455174205071192e-07, 3.3644526222695966e-07, 3.0780642400782563e-07]","[2.025380108615657e-05, 2.4257788490541747e-05, 2.389763123522129e-05, 2.3279797053047626e-05, 2.115133159583313e-05]"
100,"[1.9657519260617628e-07, 2.365173835808913e-07, 2.4402253890511615e-07, 2.382995340580397e-07, 2.1136362094224213e-07]","[1.273175488408842e-05, 1.5417262886227535e-05, 1.5830476770240613e-05, 1.5454859151414137e-05, 1.3747473477678658e-05]"
101,"[2.1253247692825297e-07, 2.5917980699096974e-07, 2.782601123802601e-07, 2.722431169932701e-07, 2.3726062597473522e-07]","[1.5372818967916064e-05, 1.925460237814683e-05, 2.0700794306634533e-05, 2.0245735625920845e-05, 1.7667338247907496e-05]"
102,"[2.3372223290797943e-07, 2.8241887143518e-07, 2.851785402802491e-07, 2.7819837774757167e-07, 2.495035775010843e-07]","[1.497637035650488e-05, 1.7819662674886953e-05, 1.799491867588104e-05, 1.7558418492773296e-05, 1.5716547590216684e-05]"
103,"[2.468226268076287e-07, 2.9115561180584034e-07, 2.9299341737726565e-07, 2.859262723036543e-07, 2.556252873535617e-07]","[1.5815690063606277e-05, 1.881925771243546e-05, 1.911918719300783e-05, 1.8662489625929318e-05, 1.665022015705785e-05]"
104,"[2.715212955886725e-07, 3.20374949302024e-07, 3.212288415097833e-07, 3.1335474110960233e-07, 2.811730794360341e-07]","[1.5472043685379126e-05, 1.828590896537037e-05, 1.88064741573232e-05, 1.837035753410329e-05, 1.626863490533692e-05]"
105,"[2.5943407561409815e-07, 3.1135828770613064e-07, 3.211548382584353e-07, 3.13661798826576e-07, 2.7798953649297384e-07]","[1.5919371042750498e-05, 1.9157589398895704e-05, 1.9555441488116412e-05, 1.9089121729247104e-05, 1.701075098556072e-05]"
106,"[2.716208408188414e-07, 3.2755946568815807e-07, 3.333821390682225e-07, 3.252820402864702e-07, 2.907921283662974e-07]","[1.640499806131724e-05, 1.9891690803306173e-05, 2.063774267020952e-05, 2.0155256896379884e-05, 1.7852552281097683e-05]"
107,"[2.976632449422293e-07, 3.5070584796699194e-07, 3.5139551623928297e-07, 3.428593975567568e-07, 3.0739717507806413e-07]","[1.779951327328075e-05, 2.1088656097821412e-05, 2.1084331217104792e-05, 2.0563651667407736e-05, 1.849226440534233e-05]"
108,"[2.96146919502196e-07, 3.391585638618753e-07, 3.266643214397218e-07, 3.1832632720102637e-07, 2.8974909754503194e-07]","[1.614718757863769e-05, 1.8844816337735228e-05, 1.8940643265999747e-05, 1.8487536855680937e-05, 1.6519490934176872e-05]"
109,"[3.105793674504278e-07, 3.738091172134622e-07, 3.8455918441112475e-07, 3.7555967001932736e-07, 3.3328603997858825e-07]","[1.7885610716025954e-05, 2.089103511646127e-05, 2.0395578451621408e-05, 1.9872101057764257e-05, 1.8057050865723848e-05]"
110,"[2.9667682653446255e-07, 3.5270079754072154e-07, 3.546351479259507e-07, 3.4609419417181456e-07, 3.099297748085335e-07]","[1.664194542992816e-05, 1.9595245528972338e-05, 1.950409970551453e-05, 1.902130826563316e-05, 1.7121970537081174e-05]"
111,"[3.1584874468476463e-07, 3.7084388323401483e-07, 3.71990673909024e-07, 3.629556056745666e-07, 3.2524190099960595e-07]","[1.7294959296071714e-05, 2.0509527671490815e-05, 2.0582049745746216e-05, 2.0079113283478876e-05, 1.8012452164406814e-05]"
112,"[3.100313655658364e-07, 3.6467028787721303e-07, 3.712226056781333e-07, 3.625268499809633e-07, 3.2228933771111406e-07]","[1.62263157648423e-05, 1.9184593556558617e-05, 1.9490877048218788e-05, 1.9030722840618107e-05, 1.69404791920087e-05]"
113,"[3.589735914832927e-07, 4.201716111180371e-07, 4.1738048177242654e-07, 4.06928058967353e-07, 3.6696697159325445e-07]","[1.6671435567492515e-05, 1.9752186074253353e-05, 2.0069711411510475e-05, 1.95928454431189e-05, 1.746020694330149e-05]"
114,"[3.5393839658392695e-07, 4.1516026362971057e-07, 4.201882604979794e-07, 4.10600334582411e-07, 3.651616058821713e-07]","[1.8073376404531592e-05, 2.110640207075493e-05, 2.131876004832573e-05, 2.0810692374667154e-05, 1.8566378580141826e-05]"
115,"[3.3016197588343303e-07, 4.010792692337961e-07, 4.131205809890804e-07, 4.033498167771703e-07, 3.5823889136986695e-07]","[1.714109359192239e-05, 2.0352013027222853e-05, 2.064359534604415e-05, 2.0153103537265863e-05, 1.796284804788921e-05]"
116,"[3.1385148112506764e-07, 3.802100481042319e-07, 3.9907554159139403e-07, 3.9010896967651813e-07, 3.423807904483336e-07]","[1.6713292862169368e-05, 2.0181614616277623e-05, 2.1047518859962218e-05, 2.056642527161671e-05, 1.8134628467679475e-05]"
117,"[3.882631297060533e-07, 4.5907604233341043e-07, 4.6534955806001303e-07, 4.5421319441833955e-07, 4.054605543704587e-07]","[1.6677574263579286e-05, 1.9909545764665735e-05, 2.066339420784607e-05, 2.0193387348825088e-05, 1.780976622114686e-05]"
118,"[3.524537194687321e-07, 4.258139286854414e-07, 4.4021135504243946e-07, 4.299550762446145e-07, 3.8131694535556364e-07]","[1.647829703748999e-05, 1.9072052055873643e-05, 1.9057277419537833e-05, 1.8599418981093705e-05, 1.665220971826851e-05]"
119,"[3.5094735201039366e-07, 4.1315823240189836e-07, 4.1742265845687633e-07, 4.073877256383071e-07, 3.638911718956662e-07]","[1.6431282426768576e-05, 1.9348925225017022e-05, 1.9453467240379618e-05, 1.8986908611159555e-05, 1.6980503275238558e-05]"
120,"[3.576254439808013e-07, 4.325090890107045e-07, 4.4189911646311413e-07, 4.313381164378738e-07, 3.8456126541485e-07]","[1.567152777829896e-05, 1.8000141062801103e-05, 1.7737738054543042e-05, 1.7302566419908364e-05, 1.5578980906065255e-05]"
121,"[3.8659258219621637e-07, 4.618178796416338e-07, 4.799194996943888e-07, 4.6923947801217424e-07, 4.124673716541925e-07]","[1.7150762259834564e-05, 1.969697225376244e-05, 1.9981007913399215e-05, 1.952257358218486e-05, 1.7287028400042398e-05]"
122,"[3.338866772282519e-07, 3.8363004658644565e-07, 3.915088381187155e-07, 3.8257725135926263e-07, 3.3818045037482687e-07]","[1.770865688141469e-05, 2.075016707439549e-05, 2.071672464283298e-05, 2.0211510985368446e-05, 1.8139757606150046e-05]"
123,"[3.5448199485533743e-07, 4.2239260403978925e-07, 4.333337476058566e-07, 4.2351972406339827e-07, 3.7468148036611404e-07]","[1.7502841312287665e-05, 2.021110554851459e-05, 2.005990411574209e-05, 1.95750320955658e-05, 1.7557802904513537e-05]"
124,"[3.782892243835661e-07, 4.403744273232941e-07, 4.3578485045542745e-07, 4.2525712695052146e-07, 3.8185492480597685e-07]","[1.6087571735111583e-05, 1.877316808796667e-05, 1.870364117816866e-05, 1.825210293718984e-05, 1.6369548855633087e-05]"
125,"[3.693336792501177e-07, 4.3699681910426066e-07, 4.4347412415831524e-07, 4.3283752407533974e-07, 3.8637848087129524e-07]","[1.7084735000780627e-05, 2.0162420506435968e-05, 2.0369560818509593e-05, 1.988220836553719e-05, 1.7754295482604262e-05]"
126,"[4.0337445373041626e-07, 4.6367066925951926e-07, 4.57255397265599e-07, 4.4583325274563014e-07, 4.0177214113859557e-07]","[1.6453805004512323e-05, 1.9365340085150584e-05, 1.9552740788561927e-05, 1.908522439266645e-05, 1.704077143232055e-05]"
127,"[3.4369370305221917e-07, 4.052292345897435e-07, 4.2946584083668733e-07, 4.2010423385209626e-07, 3.669801131127671e-07]","[1.717704274830688e-05, 2.021138489310433e-05, 2.1043624555708025e-05, 2.057174770870769e-05, 1.8091092412991024e-05]"
128,"[3.8099030026633707e-07, 4.503557961056474e-07, 4.596576049619286e-07, 4.488194223659974e-07, 3.993267264010017e-07]","[1.632181902271771e-05, 1.872873687651666e-05, 1.8828844888435852e-05, 1.8389750209232816e-05, 1.6364897436149087e-05]"
129,"[3.873440539780943e-07, 4.673118770185601e-07, 4.7561254839492645e-07, 4.6420292414490654e-07, 4.1381485640289377e-07]","[1.6940093518758805e-05, 1.9645951734521006e-05, 1.967141219433074e-05, 1.9204661438409674e-05, 1.715614712930252e-05]"
130,"[3.730904035735973e-07, 4.4853657738428677e-07, 4.6641617785841624e-07, 4.5581133667348895e-07, 4.014009083302519e-07]","[1.7158258098004636e-05, 2.02485595821022e-05, 2.0289668514048198e-05, 1.9795771190319198e-05, 1.7754719036474533e-05]"
131,"[3.912385458290317e-07, 4.6761861843462453e-07, 4.8346264052661e-07, 4.721875120027414e-07, 4.187656609400838e-07]","[1.6127431689603918e-05, 1.8990316031655495e-05, 1.9349393401183107e-05, 1.8897058323211927e-05, 1.6786744190303465e-05]"
132,"[3.828498554911782e-07, 4.637080222592113e-07, 4.859650726326897e-07, 4.7479686338127673e-07, 4.186555227091475e-07]","[1.7402288797167245e-05, 2.03512224460207e-05, 2.061906993178004e-05, 2.0136960433377734e-05, 1.7909362233749036e-05]"
133,"[3.5140523755901393e-07, 4.183535363899142e-07, 4.2002348458858605e-07, 4.095675835548914e-07, 3.682722583579311e-07]","[1.633987288988024e-05, 1.8895630668116852e-05, 1.866921210565178e-05, 1.8209101140787614e-05, 1.6401146319012646e-05]"
134,"[3.4664950014344755e-07, 4.109919967473624e-07, 4.1409774981607365e-07, 4.0422758534003544e-07, 3.6131307451295005e-07]","[1.5013900028846875e-05, 1.7469145579584888e-05, 1.7691953623543796e-05, 1.7280342233154085e-05, 1.5356230916835637e-05]"
135,"[3.725706230178152e-07, 4.4154550474090695e-07, 4.472568857491539e-07, 4.368598422373131e-07, 3.8997645054433205e-07]","[1.71102599309021e-05, 2.0255408833555953e-05, 2.089253756963874e-05, 2.041731419752243e-05, 1.8024498591650882e-05]"
136,"[3.989141756137597e-07, 4.791565086023484e-07, 4.842239412292079e-07, 4.723927560862197e-07, 4.2286239183699704e-07]","[1.6841174653467992e-05, 1.9655738993122146e-05, 1.942745262208247e-05, 1.894589544145892e-05, 1.7082137077610188e-05]"
137,"[3.7788350359571525e-07, 4.5232074353464927e-07, 4.6633304862888614e-07, 4.5563527450813637e-07, 4.0293724196060003e-07]","[1.679931680273786e-05, 1.8962900356436842e-05, 1.8538596377222926e-05, 1.8090283349492505e-05, 1.627547623826331e-05]"
138,"[3.791697498217813e-07, 4.630008994873638e-07, 4.888831150337907e-07, 4.780653225594303e-07, 4.194631881666158e-07]","[1.7129077316905294e-05, 1.9901812248625182e-05, 1.9876937132050912e-05, 1.9397251099538898e-05, 1.7377136335729642e-05]"
139,"[3.6381192503698963e-07, 4.395260945656566e-07, 4.787271825265189e-07, 4.686412497164751e-07, 4.0502872617786353e-07]","[1.657625325540069e-05, 1.9388496373238514e-05, 1.922452999027407e-05, 1.8748854551324503e-05, 1.6888946079961502e-05]"
140,"[4.0948423915758064e-07, 4.907605905511401e-07, 5.097514490815778e-07, 4.982192464455569e-07, 4.382528650404296e-07]","[1.7302359778492874e-05, 1.9553354140748492e-05, 1.8950909162897117e-05, 1.8482313750650535e-05, 1.6705845337251262e-05]"
141,"[3.784728522008401e-07, 4.433366769680829e-07, 4.4338929473815156e-07, 4.326760118867079e-07, 3.8773348141717407e-07]","[1.766027737867141e-05, 2.0862052607110828e-05, 2.114582012404884e-05, 2.0641683085386297e-05, 1.8414633053597733e-05]"
142,"[3.898604232433321e-07, 4.574444035564309e-07, 4.6191148016726535e-07, 4.5104635664633254e-07, 4.0204825949228577e-07]","[1.5971157451326493e-05, 1.866373570010843e-05, 1.87317130417332e-05, 1.8281244072258687e-05, 1.635569687279722e-05]"
143,"[3.6053455645960005e-07, 4.349564092416897e-07, 4.4948711045975083e-07, 4.391624223899836e-07, 3.887389366363801e-07]","[1.7325733904301214e-05, 2.0746926459397237e-05, 2.1020360916045712e-05, 2.0512423906886552e-05, 1.8338998015201842e-05]"
144,"[4.1957151690332087e-07, 4.994512556073686e-07, 5.056476330634919e-07, 4.936477893018887e-07, 4.3997692214739554e-07]","[1.5569806006793913e-05, 1.7735083342261734e-05, 1.7538214247233287e-05, 1.7128567724283172e-05, 1.5300652325602124e-05]"
145,"[3.904699670149852e-07, 4.386447608651698e-07, 4.30681256073541e-07, 4.203471760564464e-07, 3.7624660930467704e-07]","[1.6500631291881805e-05, 1.9732270772760815e-05, 2.036763815719665e-05, 1.9896924335723482e-05, 1.760801426406625e-05]"
146,"[3.918952053501201e-07, 4.5296111571423446e-07, 4.364869689591278e-07, 4.251934697133918e-07, 3.8766363488570696e-07]","[1.8470234556548532e-05, 2.124357314061699e-05, 2.0670748087337604e-05, 2.0148925978993275e-05, 1.825842458636291e-05]"
147,"[4.130041208794464e-07, 4.811944050683621e-07, 4.661972519069193e-07, 4.539722602580367e-07, 4.1422720257571266e-07]","[1.743913152893033e-05, 2.0027850802545345e-05, 1.9490478479280832e-05, 1.899610941262029e-05, 1.7234405099598663e-05]"
148,"[3.6649629531971085e-07, 4.3518352415381476e-07, 4.3807864049367744e-07, 4.2737829007066944e-07, 3.8273297592612045e-07]","[1.7042061165273076e-05, 1.9885431578334336e-05, 1.9885191453463912e-05, 1.940522783774163e-05, 1.7380500386911498e-05]"
149,"[3.8113748517784036e-07, 4.5506303109359294e-07, 4.659836466439248e-07, 4.5495328348266217e-07, 4.047824101955365e-07]","[1.5061113776481868e-05, 1.7270784326004598e-05, 1.728284235222073e-05, 1.6880951468981925e-05, 1.5032621670186879e-05]"
150,"[3.951602428736745e-07, 4.704381271356842e-07, 4.79100016185019e-07, 4.6817613731753933e-07, 4.1595470173995043e-07]","[1.7415788233412557e-05, 2.0157988462748824e-05, 1.9820917746674686e-05, 1.9331205587725455e-05, 1.743807052860242e-05]"
151,"[4.130072076184404e-07, 4.840790369048946e-07, 4.845679267075996e-07, 4.7293965699680216e-07, 4.235602240564458e-07]","[1.6421647139207402e-05, 1.909844361232431e-05, 1.957843514373067e-05, 1.913751146072857e-05, 1.688245752590667e-05]"
152,"[3.8746859845393047e-07, 4.5309224096676795e-07, 4.57537735972708e-07, 4.467008573588555e-07, 3.9787297590667073e-07]","[1.7982539433860067e-05, 2.1028534953801725e-05, 2.1284697113930104e-05, 2.0785131567294726e-05, 1.8491250640511987e-05]"
153,"[3.811600687940139e-07, 4.429874306510692e-07, 4.4966048481963426e-07, 4.389015340492233e-07, 3.909916767614212e-07]","[1.700258384854599e-05, 2.0228318301030356e-05, 2.075705815275833e-05, 2.0273541786012992e-05, 1.7981781230048862e-05]"
154,"[4.5298253834396554e-07, 5.364236877647532e-07, 5.408212925157074e-07, 5.277801733315351e-07, 4.721740933944269e-07]","[1.7495758019184345e-05, 1.9740428964440616e-05, 1.907347542734163e-05, 1.8598625943549943e-05, 1.6847429314090933e-05]"
155,"[3.7054089106051916e-07, 4.399656827978075e-07, 4.5099764050734565e-07, 4.4043357800950407e-07, 3.911892670643698e-07]","[1.645459986781242e-05, 1.945058871012876e-05, 1.9672498629520087e-05, 1.920412152498682e-05, 1.7132171314367404e-05]"
156,"[4.2543137988422965e-07, 4.992483657668007e-07, 5.070742348224505e-07, 4.951135860518678e-07, 4.4024780929631476e-07]","[1.704592973888478e-05, 1.9867367789669168e-05, 1.96426488082468e-05, 1.9158279364727242e-05, 1.7257870306712976e-05]"
157,"[4.012467800627978e-07, 4.827130740020382e-07, 4.859167776583789e-07, 4.740588088147034e-07, 4.255253127807494e-07]","[1.776519261951146e-05, 2.094062624837699e-05, 2.0751765427698635e-05, 2.0233011368794545e-05, 1.826113985005558e-05]"
158,"[3.9848177482838073e-07, 4.6566653139704074e-07, 4.620074432048808e-07, 4.5067845361568227e-07, 4.0588278308115514e-07]","[1.714440819913727e-05, 2.000866455149635e-05, 2.0029962198325635e-05, 1.954598598888396e-05, 1.750924490798437e-05]"
159,"[3.826057888123697e-07, 4.6007077849933114e-07, 4.7224572188378015e-07, 4.609313484325049e-07, 4.108012261493201e-07]","[1.7966864047106667e-05, 2.108043695780549e-05, 2.0777449127376597e-05, 2.025417931656462e-05, 1.8317722027853448e-05]"
160,"[3.9225093233712253e-07, 4.5826015379821886e-07, 4.7659158329996177e-07, 4.6594380887110287e-07, 4.0976384653030193e-07]","[1.7117137099348976e-05, 1.992254206456417e-05, 2.0216561486949814e-05, 1.9747749431154805e-05, 1.752131587476191e-05]"
161,"[4.219729926826152e-07, 5.033033047619661e-07, 5.111376331104265e-07, 4.989308161314968e-07, 4.4472777093993737e-07]","[1.4840005870150727e-05, 1.729212002185009e-05, 1.7486235907804605e-05, 1.7075879748555558e-05, 1.5201698790540707e-05]"
162,"[3.7768718853307654e-07, 4.5871112354384815e-07, 4.7232669452599573e-07, 4.6112784975198747e-07, 4.099914389432375e-07]","[1.6482209304826078e-05, 1.8967851457844294e-05, 1.9035617344175424e-05, 1.858441884689209e-05, 1.6584618927439674e-05]"
163,"[4.0675397824066926e-07, 4.69146056952494e-07, 4.642889653761027e-07, 4.529822976115393e-07, 4.0736349238495353e-07]","[1.624158838259438e-05, 1.8555726327121634e-05, 1.8131567581576475e-05, 1.7680631722075726e-05, 1.597791644870789e-05]"
164,"[4.388228533890783e-07, 5.061196930095626e-07, 4.974011244761952e-07, 4.849576750601636e-07, 4.38057995507396e-07]","[1.7336338877969222e-05, 2.0273253148022287e-05, 2.0248096257955792e-05, 1.9757481895006528e-05, 1.771575004711409e-05]"
165,"[4.0145651650156046e-07, 4.738804793751762e-07, 4.7535365683576244e-07, 4.638761578749714e-07, 4.154061266770327e-07]","[1.7659695194962023e-05, 2.0224932750797757e-05, 1.9745653641446624e-05, 1.9252372133403307e-05, 1.741344488241573e-05]"
166,"[4.0306577432508255e-07, 4.719167779407421e-07, 4.67205759543263e-07, 4.555585444757495e-07, 4.108198831721924e-07]","[1.781004101636472e-05, 2.0680545475011912e-05, 2.01190102958044e-05, 1.9609787966279317e-05, 1.7788712641104605e-05]"
167,"[3.806699345017797e-07, 4.6418136306893243e-07, 4.861496327787698e-07, 4.752049207862324e-07, 4.185087538979833e-07]","[1.692361506306832e-05, 1.9426387897141816e-05, 1.9508573114036145e-05, 1.905143975470173e-05, 1.6966675421401923e-05]"
168,"[3.805382417374582e-07, 4.560183353366132e-07, 4.7580629260859086e-07, 4.650701287615922e-07, 4.092131160995787e-07]","[1.7502944357314e-05, 2.054180258313446e-05, 2.083373946826651e-05, 2.0343240368573e-05, 1.810927085793443e-05]"
169,"[4.817920840924996e-07, 5.627380932991074e-07, 5.461452339753019e-07, 5.318456713214813e-07, 4.849833263735563e-07]","[1.995547463104275e-05, 2.2973470090613515e-05, 2.1974145070116103e-05, 2.1391863350180645e-05, 1.9614683883733442e-05]"
170,"[3.54408545314028e-07, 4.0196448143370134e-07, 3.776452986013343e-07, 3.674960266274332e-07, 3.3946597543334324e-07]","[1.7471257601661044e-05, 2.0510892105216798e-05, 2.0304972407605667e-05, 1.9797348231700105e-05, 1.786879056426994e-05]"
171,"[3.650512846634865e-07, 4.178166835886162e-07, 3.9838615355631745e-07, 3.8787305339199653e-07, 3.553319304635811e-07]","[1.814981535012017e-05, 2.154488102680941e-05, 2.1402712972504555e-05, 2.086755275113837e-05, 1.8827966945832473e-05]"
172,"[2.4325765827377926e-07, 2.7995585280537435e-07, 2.7120105325124787e-07, 2.642644916819053e-07, 2.4028185751084614e-07]","[1.544695586349562e-05, 1.852589869717781e-05, 1.871954940272079e-05, 1.8264789488665743e-05, 1.635796295714814e-05]"
173,"[3.7547306794629263e-07, 4.2985633690785495e-07, 3.9992915707250255e-07, 3.88837597272451e-07, 3.614611010190373e-07]","[2.178484160041939e-05, 2.5535282027162524e-05, 2.473783561104246e-05, 2.4092610015169518e-05, 2.1987670395183558e-05]"
174,"[2.594191601591521e-07, 2.9623693647243407e-07, 2.8451371875492863e-07, 2.772149818850574e-07, 2.5286737972838765e-07]","[1.6639168466143502e-05, 1.995014054715736e-05, 2.0096804497051203e-05, 1.9600407880517886e-05, 1.7606789102901868e-05]"
175,"[2.872172995127368e-07, 3.3607245519250235e-07, 3.2755621037652014e-07, 3.1917984627045757e-07, 2.9003689210254787e-07]","[1.829987665374831e-05, 2.1798065387069826e-05, 2.1627432839661792e-05, 2.108130470534339e-05, 1.905486916372576e-05]"
176,"[2.9065294374777716e-07, 3.409308391536163e-07, 3.4188801801205975e-07, 3.335706831804078e-07, 2.9908001184977203e-07]","[1.878497961499187e-05, 2.25421686325205e-05, 2.3047791673002586e-05, 2.2498082475894977e-05, 2.0040829948475513e-05]"
177,"[3.3494613209232343e-07, 3.832168572587823e-07, 3.661715000679368e-07, 3.566489148595622e-07, 3.261505088146089e-07]","[2.0316237478780954e-05, 2.4136422690573638e-05, 2.3855339771937464e-05, 2.3249161299580355e-05, 2.1049534526223683e-05]"
178,"[3.589412998940893e-07, 4.101300642575695e-07, 3.8670898839474963e-07, 3.7630214001426714e-07, 3.4662006878275003e-07]","[2.2971272029016362e-05, 2.672876522620861e-05, 2.5411166275916987e-05, 2.472258684496072e-05, 2.278582852349814e-05]"
179,"[2.686921240226053e-07, 3.1708114434604885e-07, 3.1138658279409855e-07, 3.0340436523075267e-07, 2.751733757786793e-07]","[1.7319797070403347e-05, 2.0822652150745097e-05, 2.061116726641583e-05, 2.0081654866816122e-05, 1.8213425534952056e-05]"
180,"[2.624257097013987e-07, 3.031007180863663e-07, 2.9115903495684236e-07, 2.8348668994785397e-07, 2.593570542207368e-07]","[1.597594976705737e-05, 1.899242342254798e-05, 1.8679862388007667e-05, 1.8198501570035763e-05, 1.6529912307107802e-05]"
181,"[3.0568678421284123e-07, 3.541783097808504e-07, 3.4482574256459586e-07, 3.361524670321504e-07, 3.0470729862371787e-07]","[2.088146312962726e-05, 2.5044842445505516e-05, 2.4708441096646487e-05, 2.4068871473651605e-05, 2.1868196158365546e-05]"
182,"[3.102780024746777e-07, 3.5906758015157925e-07, 3.472769051019506e-07, 3.3827186602992394e-07, 3.080941980424399e-07]","[1.855131089372915e-05, 2.1909547182107655e-05, 2.1629274508171334e-05, 2.1079343259530767e-05, 1.9086143502486173e-05]"
183,"[2.684567668890865e-07, 3.174292267838738e-07, 3.134309610728683e-07, 3.054839275138562e-07, 2.767262321157749e-07]","[1.7199484235827525e-05, 2.0513506585093367e-05, 2.0289538395954682e-05, 1.97738638588904e-05, 1.7901355368176143e-05]"
184,"[3.075891313796589e-07, 3.575639472887761e-07, 3.552496529140125e-07, 3.464719181891392e-07, 3.121385486129523e-07]","[1.697584966135362e-05, 1.9633408181536846e-05, 1.89968197435502e-05, 1.8505766937041286e-05, 1.6864293963526233e-05]"
185,"[2.700500709999197e-07, 3.204558219399514e-07, 3.229433986533349e-07, 3.1511411202653294e-07, 2.820224396591728e-07]","[1.8120310752143198e-05, 2.1739043171728182e-05, 2.2050651747758112e-05, 2.151201147000989e-05, 1.9260852002964306e-05]"
186,"[2.981195529101919e-07, 3.4217595100480176e-07, 3.304140628619988e-07, 3.221872025175584e-07, 2.9224106409555974e-07]","[1.7446165898412285e-05, 2.0660484540103267e-05, 2.041338096530695e-05, 1.989636393135891e-05, 1.800484537631531e-05]"
187,"[2.800561566990119e-07, 3.362674833749943e-07, 3.48962911604012e-07, 3.408794804027258e-07, 3.0145481139220825e-07]","[1.8667425175340294e-05, 2.245661586731603e-05, 2.2523145807622304e-05, 2.1963234170020874e-05, 1.976663764023124e-05]"
188,"[3.7312292675254385e-07, 4.1527092134236457e-07, 3.855596636600226e-07, 3.753056059793403e-07, 3.462488251019414e-07]","[2.190589171503812e-05, 2.5364702764091878e-05, 2.3988870093397737e-05, 2.3336146657197882e-05, 2.154665591713744e-05]"
189,"[2.8380632082416464e-07, 3.359377953907825e-07, 3.380923827579875e-07, 3.298653612153156e-07, 2.9573786794751204e-07]","[1.77857506406568e-05, 2.1254045925462387e-05, 2.1403122000672397e-05, 2.0875385079692284e-05, 1.8743520042513416e-05]"
190,"[2.794505139688626e-07, 3.262628922396769e-07, 3.2056166186034115e-07, 3.125094113405307e-07, 2.8243161381771126e-07]","[1.7493564700658938e-05, 2.0650163648378845e-05, 2.0445857538943397e-05, 1.9937764380419826e-05, 1.7980724508431257e-05]"
191,"[2.7184549614575813e-07, 3.1728346173235003e-07, 3.135835798981284e-07, 3.058627715433279e-07, 2.752747065775109e-07]","[1.7573300000625795e-05, 2.0694936173194252e-05, 2.018252524555036e-05, 1.9661084882808353e-05, 1.7892948036967412e-05]"
192,"[3.003174528347325e-07, 3.5339298669809226e-07, 3.505080156489572e-07, 3.4166098949416743e-07, 3.086419612056115e-07]","[1.8806077620800127e-05, 2.2018441594283013e-05, 2.1512471961218225e-05, 2.0959595426185445e-05, 1.9049977286953332e-05]"
193,"[4.1285049880609807e-07, 4.624299629297686e-07, 4.375499601518802e-07, 4.2614451011992343e-07, 3.8947391508939503e-07]","[2.368545967221721e-05, 2.7974667844779258e-05, 2.7571348290462613e-05, 2.6869854302924145e-05, 2.4344228182309435e-05]"
194,"[2.783175635897968e-07, 3.2072413637827745e-07, 3.0170987411522553e-07, 2.9346981236867977e-07, 2.71335106134424e-07]","[1.7045540678413357e-05, 2.001687148567617e-05, 1.9268965680654527e-05, 1.875608151284817e-05, 1.7195687773261287e-05]"
195,"[3.033063497131662e-07, 3.462643680403353e-07, 3.3202212173876673e-07, 3.2335896916194325e-07, 2.956315482766037e-07]","[1.7402190431827693e-05, 2.0891801224360276e-05, 2.12246145235035e-05, 2.0712382699517995e-05, 1.8504259740752125e-05]"
196,"[2.688567317254402e-07, 3.149550010803319e-07, 3.1224265055200277e-07, 3.045579262725721e-07, 2.7394057826828647e-07]","[1.758164443946595e-05, 2.1062658766592287e-05, 2.0911692388540643e-05, 2.037998664822356e-05, 1.8440649669478682e-05]"
197,"[3.55768817511612e-07, 4.1158470366279184e-07, 3.8841735614880375e-07, 3.779378503354394e-07, 3.487893431323683e-07]","[2.334402321094147e-05, 2.7325228043828873e-05, 2.5903567500340394e-05, 2.5192974460118068e-05, 2.3283103284093962e-05]"
198,"[2.3711968746747086e-07, 2.6890938987386716e-07, 2.535750729442142e-07, 2.4670229555915564e-07, 2.276590579031815e-07]","[1.3927841278059666e-05, 1.6566699093588544e-05, 1.6230448878422515e-05, 1.5808624257358685e-05, 1.4391196746767517e-05]"
199,"[2.4804020803708946e-07, 2.970591819978734e-07, 3.0334600799268756e-07, 2.9616328283632674e-07, 2.633840656337271e-07]","[1.7144389065469834e-05, 2.0295445211673136e-05, 1.9635617169971274e-05, 1.9113162719546613e-05, 1.7507077010505063e-05]"
200,"[2.685782543877697e-07, 3.1069011329566884e-07, 3.0107725852892464e-07, 2.933512476733792e-07, 2.671053996072786e-07]","[1.739780656841154e-05, 2.059009158928879e-05, 2.0275048140498737e-05, 1.9756135409843737e-05, 1.791771665880016e-05]"
201,"[2.483753741233468e-07, 2.9483014149795355e-07, 2.983764156350311e-07, 2.9122696382448614e-07, 2.6002550408034444e-07]","[1.6627399983998537e-05, 1.9424877301746863e-05, 1.8901409010883238e-05, 1.8417084507331705e-05, 1.674726097391558e-05]"
202,"[2.514036841245042e-07, 3.0340590555770927e-07, 3.129086257033315e-07, 3.055821351122431e-07, 2.7103494028251925e-07]","[1.7928462961430712e-05, 2.140427158473382e-05, 2.127527087532527e-05, 2.073781770816734e-05, 1.8736433030144303e-05]"
203,"[3.5433645404734224e-07, 4.07834295684574e-07, 3.880494497088367e-07, 3.77932172985575e-07, 3.459475522676532e-07]","[2.4683183592736676e-05, 2.8949339443451547e-05, 2.7409725910343067e-05, 2.6651888719241454e-05, 2.467146926476689e-05]"
204,"[2.844869134741469e-07, 3.3430992138305324e-07, 3.195670206014488e-07, 3.1083546485017587e-07, 2.867122507889038e-07]","[2.0683130258788017e-05, 2.4517164666330816e-05, 2.3434111207920988e-05, 2.2791109912480405e-05, 2.103379838104522e-05]"
205,"[3.046721214080243e-07, 3.6050019501143436e-07, 3.558878498175475e-07, 3.469918300560245e-07, 3.136584129736002e-07]","[1.8935511573501918e-05, 2.302016437115469e-05, 2.2965750272853307e-05, 2.2379577535152643e-05, 2.0248646029563114e-05]"
206,"[2.20854805531862e-07, 2.70802912078149e-07, 2.7590141343662105e-07, 2.691026044346392e-07, 2.4116195461332593e-07]","[1.4359282427512112e-05, 1.771723500983443e-05, 1.7926686319225187e-05, 1.7475548801084307e-05, 1.5736745212870805e-05]"
207,"[2.2509385473943744e-07, 2.607727165915993e-07, 2.5249979257914766e-07, 2.459479711877546e-07, 2.239188001931542e-07]","[1.4104941861458044e-05, 1.6716602467376694e-05, 1.6352454053530833e-05, 1.5928694544353525e-05, 1.4492978148351905e-05]"
208,"[2.80708458822718e-07, 3.285076566940172e-07, 3.178409991542549e-07, 3.0944055602221296e-07, 2.829350794366386e-07]","[1.6211636044418524e-05, 1.909796953454088e-05, 1.843894716316817e-05, 1.7945987661720704e-05, 1.6454748012632116e-05]"
209,"[2.6033349575627197e-07, 3.073678063978233e-07, 2.979918902479566e-07, 2.901100620010909e-07, 2.652386049512259e-07]","[1.6751182451466213e-05, 2.026411201540496e-05, 2.0035076947451727e-05, 1.95140261879741e-05, 1.773858827962131e-05]"
210,"[2.0391119940169652e-07, 2.4274143993516476e-07, 2.4504768500723526e-07, 2.3913571104615135e-07, 2.1382748331091316e-07]","[1.2310037975291246e-05, 1.4949065960689983e-05, 1.547005225022044e-05, 1.5105435140668508e-05, 1.34026463636504e-05]"
211,"[2.5218271344712383e-07, 2.9944374452976057e-07, 2.936308159257582e-07, 2.860430380877461e-07, 2.602186899057398e-07]","[1.8288696605203505e-05, 2.1517067289491054e-05, 2.0483092836789956e-05, 1.9919781141631088e-05, 1.8402704352172467e-05]"
212,"[2.1487107285479552e-07, 2.4852832821881803e-07, 2.410578292765937e-07, 2.349278987076936e-07, 2.1376367937529992e-07]","[1.3259580266609683e-05, 1.556138787067059e-05, 1.5140906792341186e-05, 1.4749021256157954e-05, 1.3433183403544459e-05]"
213,"[2.589248857757121e-07, 3.0088503142815595e-07, 2.9463631425012996e-07, 2.8720931657978484e-07, 2.600378258464177e-07]","[1.7027129485539263e-05, 1.999563995014109e-05, 1.9308212386076105e-05, 1.8797695006140322e-05, 1.720331389114817e-05]"
214,"[2.339222600721429e-07, 2.754570318345177e-07, 2.717756540340448e-07, 2.649061366767046e-07, 2.3967054968372585e-07]","[1.5552561275183882e-05, 1.8559270737612616e-05, 1.8430445896934953e-05, 1.7965424797036548e-05, 1.6236995868937477e-05]"
215,"[2.5170576018667044e-07, 3.043011773843163e-07, 3.1033148276198976e-07, 3.0281858561274703e-07, 2.7048758516724365e-07]","[1.6372066148591292e-05, 1.9736504295254165e-05, 2.0018305536881494e-05, 1.9527607043767576e-05, 1.749640494687805e-05]"
216,"[2.619329073166753e-07, 3.184231559151648e-07, 3.2660082147803584e-07, 3.187010435485723e-07, 2.844447654289202e-07]","[1.9377738552730577e-05, 2.358945362937691e-05, 2.3953155190629698e-05, 2.336188486466074e-05, 2.095015512496166e-05]"
217,"[2.998658162457116e-07, 3.5415309310325303e-07, 3.5313584311786125e-07, 3.4438914407774253e-07, 3.098768507414836e-07]","[2.106437328106901e-05, 2.4660881242144142e-05, 2.4249452410914694e-05, 2.3636853959850345e-05, 2.1395941480634634e-05]"
218,"[2.4056209697239087e-07, 2.827119944530733e-07, 2.733288153975161e-07, 2.66115459496166e-07, 2.435471633851738e-07]","[2.019789513252692e-05, 2.4079548510419164e-05, 2.34917475333639e-05, 2.2872039785855194e-05, 2.088750967228859e-05]"
219,"[2.0307404547360573e-07, 2.4196018201205625e-07, 2.389478503244471e-07, 2.328590073095455e-07, 2.1096873832530027e-07]","[1.5436000337810122e-05, 1.8421180639661678e-05, 1.8182335531608834e-05, 1.771556404161872e-05, 1.607205885509939e-05]"
220,"[1.763750020135614e-07, 2.1102625667820565e-07, 2.0850410458741627e-07, 2.031466954939192e-07, 1.8422876411518154e-07]","[1.5208048991676795e-05, 1.78996327246657e-05, 1.708162958798711e-05, 1.6615060310154534e-05, 1.5324716923525812e-05]"
221,"[1.4841922923656374e-07, 1.7868516200966718e-07, 1.8122625175146738e-07, 1.7681711118887937e-07, 1.5820063548569955e-07]","[1.0676211831985591e-05, 1.285380737763231e-05, 1.3020074233343514e-05, 1.2701818970218065e-05, 1.1379381103233094e-05]"
222,"[1.1753513308639645e-07, 1.4497763748476468e-07, 1.5251908039048332e-07, 1.4903162099891324e-07, 1.3125465659250705e-07]","[8.033785392157626e-06, 9.770356704475137e-06, 9.965457568615749e-06, 9.723664200752053e-06, 8.691222099115516e-06]"
223,"[1.2404780327792392e-07, 1.5302119476928897e-07, 1.6046551389637871e-07, 1.5677839437177094e-07, 1.3831896590802685e-07]","[8.2667169913321e-06, 1.0057383207581644e-05, 1.063772077922516e-05, 1.0400939791836805e-05, 9.11483235515012e-06]"
224,"[1.256040284000869e-07, 1.525355401893382e-07, 1.5953647557128718e-07, 1.5590731652787443e-07, 1.3736824483392482e-07]","[8.231380363403908e-06, 1.030578173673563e-05, 1.1187954695365724e-05, 1.0944616252692433e-05, 9.517654489139741e-06]"
225,"[1.4545837582646023e-07, 1.7983835286616002e-07, 1.8925033948574165e-07, 1.8489688534322466e-07, 1.6302581260686157e-07]","[1.0639183110263554e-05, 1.29845931063804e-05, 1.3272696376267929e-05, 1.2950918837537306e-05, 1.156939877924378e-05]"
226,"[1.2004869933609138e-07, 1.4775284961388863e-07, 1.5619231240164001e-07, 1.5265477969315338e-07, 1.341403772009013e-07]","[8.52596847090538e-06, 1.0418603857858063e-05, 1.0860704315705485e-05, 1.0608366734887403e-05, 9.381228240964403e-06]"
227,"[1.300128553273927e-07, 1.5799840613234784e-07, 1.639859553263969e-07, 1.6015516039251765e-07, 1.4189766637613316e-07]","[8.918967934810792e-06, 1.0934817900628163e-05, 1.1409599535275789e-05, 1.1144214364253116e-05, 9.855535709980277e-06]"
228,"[1.323636369978231e-07, 1.6096167139744473e-07, 1.6524809861098065e-07, 1.613021051398098e-07, 1.4365962158941998e-07]","[9.7403657067856e-06, 1.18628881230645e-05, 1.2078304309005487e-05, 1.178257630207819e-05, 1.0549038034329731e-05]"
229,"[1.2288964217625528e-07, 1.510130423444286e-07, 1.575096714581219e-07, 1.538661867542692e-07, 1.3604986978167314e-07]","[8.053415157563272e-06, 9.949508276029263e-06, 1.0522177397097393e-05, 1.0283823062734622e-05, 9.035945021974261e-06]"
230,"[1.3649983517562272e-07, 1.6798211263637142e-07, 1.7553336080336583e-07, 1.7145102873404123e-07, 1.5155008367222267e-07]","[8.976568155160755e-06, 1.0989687976690608e-05, 1.1458883544096033e-05, 1.1191894418318773e-05, 9.901817361101825e-06]"
231,"[1.4893270219623094e-07, 1.780144710019671e-07, 1.7800211170681145e-07, 1.7355854692929705e-07, 1.5634436123248362e-07]","[9.486341980228241e-06, 1.1325375954976476e-05, 1.152108019548813e-05, 1.1244493485368113e-05, 1.0031012721733348e-05]"
232,"[9.937929703232644e-08, 1.2352080682069445e-07, 1.3254666195032265e-07, 1.2966079424369888e-07, 1.1306403133659244e-07]","[6.432741183584376e-06, 7.86037130649996e-06, 8.48807430474636e-06, 8.308127686730622e-06, 7.205183419755407e-06]"
233,"[1.1112167330635879e-07, 1.3448141758165062e-07, 1.3966104857933418e-07, 1.3641974604446434e-07, 1.2068253041916652e-07]","[7.678581636301583e-06, 8.983594001592857e-06, 9.068997934647854e-06, 8.856506527770206e-06, 7.882192487663341e-06]"
234,"[1.1183689439243438e-07, 1.3606597553989196e-07, 1.423738273288679e-07, 1.3913456106270651e-07, 1.2262064107676378e-07]","[8.01275627379884e-06, 9.924888255599977e-06, 1.0494589868440205e-05, 1.0255390490372014e-05, 9.020928370620349e-06]"
235,"[1.3731716047364863e-07, 1.661032779022725e-07, 1.713199967468925e-07, 1.6733020682311044e-07, 1.483466283371299e-07]","[1.0544979438121775e-05, 1.2917698147313878e-05, 1.325598657047214e-05, 1.2936484199155691e-05, 1.154087409985734e-05]"
236,"[2.495368274304771e-07, 3.1535783617636144e-07, 3.3329016803434545e-07, 3.254816490407712e-07, 2.876309648158915e-07]","[1.69448875793461e-05, 2.1132930888840865e-05, 2.172276778559732e-05, 2.1189406447743067e-05, 1.8954200680512876e-05]"
237,"[1.3310519220384513e-07, 1.6256590246594458e-07, 1.686758519973191e-07, 1.647186522346263e-07, 1.460408824692491e-07]","[9.225426693751098e-06, 1.1517516922673945e-05, 1.2365839524355456e-05, 1.2092225585539678e-05, 1.0560667941508798e-05]"
238,"[1.4513969959082304e-07, 1.7930967958385868e-07, 1.8783404219901942e-07, 1.8346729451767042e-07, 1.6215877901868103e-07]","[1.1363244139640178e-05, 1.387645057942184e-05, 1.4229437192735589e-05, 1.3886259229261914e-05, 1.2388339063432542e-05]"
239,"[1.370957200380135e-07, 1.6809002516484328e-07, 1.735263620960521e-07, 1.6937955765444471e-07, 1.5070628180102885e-07]","[9.098564144910366e-06, 1.103917237064817e-05, 1.1244299404485975e-05, 1.0971917810793221e-05, 9.805402315534902e-06]"
240,"[1.1791386761415474e-07, 1.422849147445905e-07, 1.4613448031159848e-07, 1.4268382720183095e-07, 1.268414113271454e-07]","[8.011509725749324e-06, 9.628339493441609e-06, 9.795412576696648e-06, 9.559302584561486e-06, 8.537871867629835e-06]"
241,"[1.282275591222285e-07, 1.5274666269766316e-07, 1.5312650269159122e-07, 1.4937613758558833e-07, 1.3411324519595074e-07]","[7.843168661580505e-06, 9.345930254388614e-06, 9.581125075359785e-06, 9.356426814275786e-06, 8.310413150165001e-06]"
242,"[1.296810176694803e-07, 1.5956044098174556e-07, 1.6658343917266063e-07, 1.627205557284908e-07, 1.4380524487730442e-07]","[8.344047164827301e-06, 9.966873106897823e-06, 1.0283592166657892e-05, 1.0043932152693982e-05, 8.900915465075992e-06]"
243,"[1.3481002542211885e-07, 1.6533770035723746e-07, 1.7277996521744645e-07, 1.687605842544014e-07, 1.4925463775507701e-07]","[8.652746751695024e-06, 1.0703299964688484e-05, 1.1400491723423428e-05, 1.1145551218763218e-05, 9.762924187165692e-06]"
244,"[1.3875785038528542e-07, 1.664330854576672e-07, 1.6787844169153805e-07, 1.637608657982556e-07, 1.4686549327533854e-07]","[9.50901773827131e-06, 1.1231547650737201e-05, 1.1197709719223926e-05, 1.0921195771653706e-05, 9.82632829591287e-06]"
245,"[1.2420094303622947e-07, 1.5378207895363843e-07, 1.615814683508481e-07, 1.5784068441153176e-07, 1.393428183490459e-07]","[8.796712046728974e-06, 1.0736036342229195e-05, 1.1198899453817362e-05, 1.0938804308700424e-05, 9.673053122699282e-06]"
246,"[1.1884882834822465e-07, 1.447678267361821e-07, 1.486152953096444e-07, 1.4504951329534948e-07, 1.2922900782127036e-07]","[8.236420276626628e-06, 9.945063841603593e-06, 1.0207137879279641e-05, 9.965146071490424e-06, 8.86322959859919e-06]"
247,"[1.5115905447901724e-07, 1.8928184265671105e-07, 2.005903925632722e-07, 1.959870144594425e-07, 1.7254621229355742e-07]","[1.0735613106701272e-05, 1.35891867488913e-05, 1.465628130888121e-05, 1.4332083876112877e-05, 1.2514126611444815e-05]"
248,"[1.5859380549618553e-07, 1.996668782145575e-07, 2.1286334735093865e-07, 2.0802426689893274e-07, 1.8262375826344268e-07]","[1.1584942349648968e-05, 1.4529960239172311e-05, 1.5254312105914699e-05, 1.4896698177179178e-05, 1.3179997260485983e-05]"
249,"[1.258530116515261e-07, 1.5386500811318992e-07, 1.59661571575932e-07, 1.5589966230861926e-07, 1.382071044817246e-07]","[8.424434291436009e-06, 1.0245350679213152e-05, 1.0754800670993516e-05, 1.0511234573593368e-05, 9.243031219950249e-06]"
250,"[1.3227858665363277e-07, 1.6130688563460421e-07, 1.6545764750725983e-07, 1.6148061511137694e-07, 1.439988269375332e-07]","[9.738428761655007e-06, 1.1794818171563684e-05, 1.1970705565867073e-05, 1.1677078060445598e-05, 1.0464224173361035e-05]"
251,"[1.3202211644110873e-07, 1.5975377813383563e-07, 1.636612629562197e-07, 1.5971405592879895e-07, 1.4247786929804923e-07]","[9.374368325397007e-06, 1.1299535976770156e-05, 1.1396863996426989e-05, 1.1116341726598304e-05, 9.978308978448465e-06]"
252,"[1.3358092163311246e-07, 1.6079674126697377e-07, 1.622187284294404e-07, 1.5824120328387276e-07, 1.420078059907432e-07]","[9.539707229480076e-06, 1.1390054362289563e-05, 1.1471503974877971e-05, 1.1190455885486426e-05, 1.0036077334098527e-05]"
253,"[1.6431954462116853e-07, 1.986441787848169e-07, 2.0488521210505787e-07, 2.000533204688848e-07, 1.7759107072179826e-07]","[1.2706043623794925e-05, 1.5350708924418952e-05, 1.5835258501172182e-05, 1.546363640491427e-05, 1.3718813991865737e-05]"
254,"[1.2374681619850492e-07, 1.5272085720665753e-07, 1.635838290220501e-07, 1.6000491764985826e-07, 1.3967007475901557e-07]","[9.441440175828854e-06, 1.1536650487028153e-05, 1.2298134414043599e-05, 1.2027928149767912e-05, 1.0505035226191544e-05]"
255,"[1.3877901309548475e-07, 1.7011114027085711e-07, 1.8340701293180817e-07, 1.7944762452843828e-07, 1.5580428521199216e-07]","[1.0387957854547343e-05, 1.2294524376848424e-05, 1.2700058894721706e-05, 1.2410003681760825e-05, 1.0958883113159922e-05]"
256,"[1.2855064811610957e-07, 1.5690318288092145e-07, 1.6461926484162878e-07, 1.6087996255586687e-07, 1.4159031987618558e-07]","[8.522030098998291e-06, 1.0318912789081848e-05, 1.0988653493545023e-05, 1.0750868909747709e-05, 9.374143850179873e-06]"
257,"[1.456588341780812e-07, 1.8188085275567214e-07, 1.9495668439572523e-07, 1.9067402884942367e-07, 1.6634855016746502e-07]","[1.011500582882524e-05, 1.2382811858179927e-05, 1.2690747140263881e-05, 1.2383644015320918e-05, 1.105381525379599e-05]"
258,"[1.6669391164497334e-07, 2.0205112159104564e-07, 2.1435401588626007e-07, 2.0949401696599665e-07, 1.8412186176366334e-07]","[1.0789780844416567e-05, 1.2984038504258141e-05, 1.3158119605878405e-05, 1.283804343084122e-05, 1.149127157960861e-05]"
259,"[2.7180195390553945e-07, 3.383667961885605e-07, 3.5320278201134113e-07, 3.4480688733988146e-07, 3.05931256445848e-07]","[1.6578298004269905e-05, 2.10051460634783e-05, 2.1949124599998992e-05, 2.1422155007708637e-05, 1.904308528042908e-05]"
260,"[1.4222052509696286e-07, 1.740101389142913e-07, 1.830364432284118e-07, 1.7885230920364792e-07, 1.5745076694056354e-07]","[1.0194557510163925e-05, 1.2440815175822633e-05, 1.2773067214629056e-05, 1.2468079607041485e-05, 1.1104440361341717e-05]"
261,"[1.5161661396797583e-07, 1.849181223756539e-07, 1.9182800418777265e-07, 1.8732771184020407e-07, 1.659802551738835e-07]","[1.0105515823622069e-05, 1.2603031744847415e-05, 1.341477448652082e-05, 1.3112405314465505e-05, 1.1501704610121657e-05]"
262,"[1.5601270755744597e-07, 1.9358224595202976e-07, 2.0709965337340096e-07, 2.0248518514743057e-07, 1.7732003875657984e-07]","[1.2017512382336955e-05, 1.4697888833011136e-05, 1.5095046796175305e-05, 1.4732196574229285e-05, 1.3133754569007336e-05]"
263,"[1.237285567231646e-07, 1.5489763926336068e-07, 1.6798884622095882e-07, 1.6435835779505498e-07, 1.4288089829439572e-07]","[9.103210561118032e-06, 1.114723255259576e-05, 1.1838784535439074e-05, 1.1574248907071034e-05, 1.0141136134708136e-05]"
264,"[1.200001952501452e-07, 1.476728642113346e-07, 1.5747645883814566e-07, 1.5398476799113198e-07, 1.3479798012097687e-07]","[8.405733816540524e-06, 1.007369664201024e-05, 1.0451257923425075e-05, 1.0213200376007543e-05, 9.012717255008634e-06]"
265,"[1.2583803488579946e-07, 1.5413840413575035e-07, 1.619672103038003e-07, 1.5825716688305282e-07, 1.3949168447044494e-07]","[9.174846894977724e-06, 1.1155391670522025e-05, 1.1557302775706169e-05, 1.1286598062347765e-05, 1.0004787737007278e-05]"
266,"[1.1155740360915374e-07, 1.381896689494491e-07, 1.4748534471430074e-07, 1.441950988873839e-07, 1.2617047825832163e-07]","[7.66831178095092e-06, 9.170682533113664e-06, 9.448904483397334e-06, 9.230021634509896e-06, 8.174202613311906e-06]"
267,"[1.401453258077966e-07, 1.7092075924946698e-07, 1.7769191334432877e-07, 1.735777671634497e-07, 1.5352365641302657e-07]","[1.0686568330085652e-05, 1.2795000001937094e-05, 1.3232955943052924e-05, 1.293123819336609e-05, 1.1414010422244166e-05]"
268,"[1.3574505777415137e-07, 1.6858592509524273e-07, 1.7966404355671324e-07, 1.756163783059814e-07, 1.5396201555726415e-07]","[1.0545774864648143e-05, 1.2811306981525662e-05, 1.3282312363965129e-05, 1.2971581860708336e-05, 1.1492474068464053e-05]"
269,"[1.3790981665613614e-07, 1.6711281165899105e-07, 1.7172978117374148e-07, 1.6760562420589948e-07, 1.4935000835863383e-07]","[1.0154442338287399e-05, 1.2141745917236048e-05, 1.2165663973303892e-05, 1.1865467983933682e-05, 1.066706720151043e-05]"
270,"[1.3161971847457643e-07, 1.6164856672235484e-07, 1.7086600107083913e-07, 1.6700274843754447e-07, 1.467170431256864e-07]","[8.863563647587395e-06, 1.104757077540627e-05, 1.217143559748293e-05, 1.1915212496487114e-05, 1.0287203973874273e-05]"
271,"[1.2115145102537988e-07, 1.4799838956320998e-07, 1.5677439330652004e-07, 1.5328785510713444e-07, 1.34369300623797e-07]","[8.59467990724751e-06, 1.0545970588081812e-05, 1.1057506682522534e-05, 1.08035042204496e-05, 9.527532262643694e-06]"
272,"[1.2748048574873627e-07, 1.539989109190134e-07, 1.5741514086065053e-07, 1.536326792749815e-07, 1.370974723361955e-07]","[9.115692284548067e-06, 1.0982911522550114e-05, 1.1441288970423085e-05, 1.1178535474682279e-05, 9.867530673996436e-06]"
273,"[1.311121469881101e-07, 1.6071927040170326e-07, 1.6908603470621068e-07, 1.652200529395572e-07, 1.455388975539201e-07]","[9.054616508596486e-06, 1.1046770635177566e-05, 1.1654893354888768e-05, 1.1391744428868763e-05, 1.0008745594006412e-05]"
274,"[1.4048743410652852e-07, 1.7493433423519616e-07, 1.88860906652115e-07, 1.8473393735637302e-07, 1.6093376864123868e-07]","[9.529801351407997e-06, 1.1892898787028619e-05, 1.3039634973388407e-05, 1.2764143449512646e-05, 1.103502913242024e-05]"
275,"[1.5371084415912873e-07, 1.8643541915591155e-07, 1.9224011775848204e-07, 1.8773531613631726e-07, 1.666551942021471e-07]","[1.2354414855349753e-05, 1.4781298222663806e-05, 1.500711960760986e-05, 1.464750398799439e-05, 1.3073822407671486e-05]"
276,"[1.1880359221763724e-07, 1.4352006880452278e-07, 1.4790446430959236e-07, 1.4443479459944413e-07, 1.2818063862107742e-07]","[8.575177486859857e-06, 1.0354998298673978e-05, 1.0611818274269226e-05, 1.0360832109214323e-05, 9.215138152114093e-06]"
277,"[1.2180046401474812e-07, 1.4774562899968457e-07, 1.5300543372932924e-07, 1.494344350062154e-07, 1.3240835742583856e-07]","[8.361272158454522e-06, 1.0211990916614772e-05, 1.0684055808005757e-05, 1.0437928466860839e-05, 9.212754579494306e-06]"
278,"[1.259890024988457e-07, 1.5256273979039119e-07, 1.5663559921235945e-07, 1.529129013986525e-07, 1.360416128261849e-07]","[8.445763461471463e-06, 1.0259745534022619e-05, 1.060428544430238e-05, 1.0354787340993425e-05, 9.18699169989745e-06]"
279,"[1.260925239608474e-07, 1.527358024022043e-07, 1.5845442195208458e-07, 1.547798022939161e-07, 1.3696877569625178e-07]","[8.39074074497254e-06, 1.006044463609516e-05, 1.0334971113836057e-05, 1.0092521181747476e-05, 8.958208361447685e-06]"
280,"[1.3847860543794007e-07, 1.7196030710356319e-07, 1.800052335589289e-07, 1.7580769204683452e-07, 1.554468053478052e-07]","[9.179441560825323e-06, 1.1338141140548832e-05, 1.1879171316182995e-05, 1.1604946566160878e-05, 1.0245976257354255e-05]"
281,"[1.305537442991285e-07, 1.6039519230218042e-07, 1.684848700639082e-07, 1.646116637707621e-07, 1.4518341490421217e-07]","[9.114031175662784e-06, 1.1143609615392093e-05, 1.1740849369885951e-05, 1.1477753840205477e-05, 1.0076544450022453e-05]"
282,"[1.375625730341851e-07, 1.6913395057902697e-07, 1.7400379759746227e-07, 1.697900828870884e-07, 1.5145709563645736e-07]","[8.851312983378534e-06, 1.0819353822263186e-05, 1.1057755114763401e-05, 1.0789829771029083e-05, 9.638816386477819e-06]"
283,"[1.2376875957612929e-07, 1.494036128549025e-07, 1.5450110287463914e-07, 1.508994643258051e-07, 1.3368444277380722e-07]","[7.758750978239712e-06, 9.687911675349245e-06, 1.0448135617729566e-05, 1.0219354704710751e-05, 8.906662331889196e-06]"
284,"[1.1615502689467561e-07, 1.418530130915329e-07, 1.4798813421188984e-07, 1.4458956303947266e-07, 1.2765265184507804e-07]","[7.659233221937799e-06, 9.206595315559526e-06, 9.554749763291586e-06, 9.336470141485269e-06, 8.241469357113045e-06]"
285,"[1.1649685158000254e-07, 1.4409804371844185e-07, 1.5215836284737933e-07, 1.4870379584110152e-07, 1.3070989266914604e-07]","[7.854069267822924e-06, 9.68718926604961e-06, 1.022129581913553e-05, 9.987986248387736e-06, 8.78995340866114e-06]"
286,"[1.2786516886564048e-07, 1.5721964610367116e-07, 1.6411448122008725e-07, 1.603077985798724e-07, 1.4171439619698778e-07]","[7.145303275247378e-06, 8.705608661697588e-06, 9.281528889470456e-06, 9.076453080381167e-06, 7.935085419018216e-06]"
287,"[1.1420795190722343e-07, 1.4184987521024357e-07, 1.5132063103499495e-07, 1.479130984574075e-07, 1.2964585261806834e-07]","[7.485324527851844e-06, 9.369889393939887e-06, 1.0151932754182584e-05, 9.931159547556771e-06, 8.64075681097592e-06]"
288,"[1.2385125032453905e-07, 1.5224365609352278e-07, 1.5882089574851844e-07, 1.5511050140018374e-07, 1.3729701101548676e-07]","[7.713317163979908e-06, 9.366796551707984e-06, 9.765902927134118e-06, 9.540916371999214e-06, 8.42702841568294e-06]"
289,"[1.2701531351387768e-07, 1.5499222737728038e-07, 1.6353655265318912e-07, 1.5981845671302664e-07, 1.405690269953654e-07]","[7.79891066444848e-06, 9.515599345025027e-06, 1.025015972561059e-05, 1.0029041821643423e-05, 8.718023835521757e-06]"
290,"[1.377020225117125e-07, 1.672510753544033e-07, 1.7174617079371608e-07, 1.6767798732785425e-07, 1.4925727045814837e-07]","[8.693185783401568e-06, 1.0427252788095839e-05, 1.0798129852041809e-05, 1.0549660589153537e-05, 9.325083892375976e-06]"
291,"[1.1573497340960969e-07, 1.416529059459776e-07, 1.4764923659206206e-07, 1.442295359052194e-07, 1.274219071565666e-07]","[8.025821903402147e-06, 9.672972501426905e-06, 1.000980099056499e-05, 9.777706039692319e-06, 8.655344803940719e-06]"
292,"[1.271441804275253e-07, 1.5575220171123773e-07, 1.6287810502471718e-07, 1.591413833521683e-07, 1.403970659374596e-07]","[8.794827623690542e-06, 1.0697601711093204e-05, 1.1216785259696346e-05, 1.0963184851897652e-05, 9.646066675873394e-06]"
293,"[1.246703462946499e-07, 1.5467685404752549e-07, 1.647433082795318e-07, 1.6103833927035246e-07, 1.4124187331638436e-07]","[8.347221917791518e-06, 1.0417099065113001e-05, 1.1238744645442172e-05, 1.0992195985668606e-05, 9.58248099664696e-06]"
294,"[1.3098616711032215e-07, 1.6496226300154495e-07, 1.7563650512295944e-07, 1.716324107891643e-07, 1.507989087572024e-07]","[7.781510431004413e-06, 9.773641623495568e-06, 1.0670425928717332e-05, 1.0441631695453969e-05, 9.053202116596137e-06]"
295,"[1.2002869490403448e-07, 1.4668670660442682e-07, 1.5280966042019943e-07, 1.4929008380991037e-07, 1.3191593183147064e-07]","[8.13680285621371e-06, 9.861706803269009e-06, 1.0202768408218495e-05, 9.964383965305754e-06, 8.832720969928435e-06]"
296,"[1.1755501806898984e-07, 1.4246283752204598e-07, 1.4698549071562515e-07, 1.435525163516056e-07, 1.273274860842494e-07]","[7.902477306703876e-06, 9.691922246305117e-06, 1.0026077120806464e-05, 9.788285115135869e-06, 8.696108432712744e-06]"
297,"[1.2011536615215355e-07, 1.4330034836852417e-07, 1.4753023753728519e-07, 1.4407182599715495e-07, 1.2774381577641695e-07]","[8.089427745603537e-06, 9.680537491067816e-06, 1.0004780388919079e-05, 9.774068796436806e-06, 8.645793512594716e-06]"
298,"[1.315263563053593e-07, 1.6097608654229452e-07, 1.7363270249882565e-07, 1.6980758474742138e-07, 1.4815492585887856e-07]","[8.267101271632284e-06, 1.0237007399473451e-05, 1.0778923669544988e-05, 1.0531529899718673e-05, 9.282170134200512e-06]"
299,"[3.97115793097982e-07, 4.684076599437149e-07, 4.541562213225007e-07, 4.422761943657818e-07, 4.039464339047783e-07]","[1.8654855232042857e-05, 2.2890688715145033e-05, 2.314219945371444e-05, 2.2563466919313262e-05, 2.0299467022572385e-05]"
300,"[1.910434542541249e-07, 2.3625231735775691e-07, 2.460768672328136e-07, 2.402942032133317e-07, 2.1288924427006646e-07]","[1.5659002295316085e-05, 1.9815535868306718e-05, 2.086294429381075e-05, 2.0371373692340508e-05, 1.8030635141986194e-05]"
301,"[1.6898662257575202e-07, 2.0589804245831428e-07, 2.107889492016147e-07, 2.0571572491549292e-07, 1.8353559196483832e-07]","[1.3784284551138727e-05, 1.7109364474020167e-05, 1.762693240931966e-05, 1.719918834591612e-05, 1.53485963639423e-05]"
302,"[1.8567156751938124e-07, 2.2625716080774318e-07, 2.3053682359699262e-07, 2.2492415703591038e-07, 2.0115891699489485e-07]","[1.553580402215419e-05, 1.9208398657480874e-05, 1.9580799002375858e-05, 1.9094998878253877e-05, 1.713218243931383e-05]"
303,"[1.728810413896724e-07, 2.1360551224175495e-07, 2.2187671695191092e-07, 2.1661733074298458e-07, 1.923247687627352e-07]","[1.3660184131964182e-05, 1.7186378977355277e-05, 1.7856553323353915e-05, 1.742610576287868e-05, 1.551436281840983e-05]"
304,"[1.1434737841011695e-07, 1.4090272013361184e-07, 1.508687036839925e-07, 1.4756592090928612e-07, 1.2868606579520506e-07]","[7.745630920716209e-06, 9.736816156712195e-06, 1.0538790370018109e-05, 1.0307720074247123e-05, 8.980002608074982e-06]"
305,"[1.27388976165866e-07, 1.5777573424173908e-07, 1.6736781342450798e-07, 1.63595674541866e-07, 1.436834659337933e-07]","[8.683122473926893e-06, 1.0790879621697319e-05, 1.1350613487542639e-05, 1.1088628504972767e-05, 9.783958937013272e-06]"
306,"[1.5444085257779108e-07, 1.907211890869414e-07, 2.0394797205768474e-07, 1.994181195572948e-07, 1.7445147852311783e-07]","[1.0636875486588203e-05, 1.2940675603407535e-05, 1.317127005392113e-05, 1.2849579774018105e-05, 1.1500588090470332e-05]"
307,"[1.2260983248907959e-07, 1.4847891725902549e-07, 1.5325540517148393e-07, 1.4963056863761312e-07, 1.3284039397395746e-07]","[8.621234760393428e-06, 1.0346978774768612e-05, 1.0350072401769031e-05, 1.0090994065607012e-05, 9.095358379813595e-06]"
308,"[1.6147862250107046e-07, 1.9643364990074227e-07, 2.0312868506323105e-07, 1.9832068746367642e-07, 1.7611722158909193e-07]","[1.0949803029165943e-05, 1.3099848803973886e-05, 1.3085199891327268e-05, 1.2759046227281136e-05, 1.1495486348692341e-05]"
309,"[1.5687913409442162e-07, 1.9000789345438786e-07, 1.9140119283557774e-07, 1.8666507702769787e-07, 1.6778677386873088e-07]","[1.004071922855305e-05, 1.2161025296317796e-05, 1.2340047500785773e-05, 1.2037907430336513e-05, 1.0782111289537345e-05]"
310,"[1.809971963811399e-07, 2.1975532344424203e-07, 2.2925982918285365e-07, 2.2400210007330222e-07, 1.974234164111731e-07]","[1.2038437341080914e-05, 1.4753986962585998e-05, 1.600596392965034e-05, 1.5659870619021802e-05, 1.360426790362047e-05]"
311,"[1.6459699627004695e-07, 1.9678747065356383e-07, 1.9618244070287489e-07, 1.9126422169323748e-07, 1.7264986590317955e-07]","[1.1034579686980483e-05, 1.3275977217462318e-05, 1.3197549806470807e-05, 1.2861761045127406e-05, 1.1637460863462375e-05]"
312,"[1.8072229453676145e-07, 2.1739175737660063e-07, 2.2094260003997344e-07, 2.1557283962208624e-07, 1.9282488802468987e-07]","[1.157272520541734e-05, 1.4043635746841102e-05, 1.4387355919997996e-05, 1.404184447548571e-05, 1.2520629143181707e-05]"
313,"[1.7002838896417794e-07, 2.0584110186902507e-07, 2.089971605680566e-07, 2.0388793312356061e-07, 1.82614134553101e-07]","[1.1468064118838354e-05, 1.3688705815174388e-05, 1.3615482916043462e-05, 1.3273474226158302e-05, 1.197979223005e-05]"
314,"[1.775697693119846e-07, 2.1415503795696978e-07, 2.1900620284841947e-07, 2.1381151217698765e-07, 1.9034545519309245e-07]","[1.2911036779927063e-05, 1.5656803959059736e-05, 1.6033820637294274e-05, 1.564591652844967e-05, 1.3967513808642443e-05]"
315,"[1.8064589998629498e-07, 2.1384455911140183e-07, 2.133430953195445e-07, 2.0803064112163024e-07, 1.8736866175729884e-07]","[1.277746418116033e-05, 1.5287123371501933e-05, 1.5333193067592397e-05, 1.4953451031562615e-05, 1.344852650441075e-05]"
316,"[1.944408075766048e-07, 2.3121723182991662e-07, 2.2976415135075307e-07, 2.2396157633734395e-07, 2.0232271461990747e-07]","[1.3406601779837831e-05, 1.6162784141659227e-05, 1.6146729912230674e-05, 1.5738342684012362e-05, 1.4212232305265658e-05]"
317,"[1.8448163329518962e-07, 2.204518880788063e-07, 2.204766879305058e-07, 2.150239155713912e-07, 1.9347545949127556e-07]","[1.1827475273234509e-05, 1.4409784906215099e-05, 1.4756910550922338e-05, 1.4400345754412732e-05, 1.2851734309721411e-05]"
318,"[2.0889229501933864e-07, 2.523803822018958e-07, 2.543179287579387e-07, 2.479863988301327e-07, 2.2302355728784872e-07]","[1.4401061901529331e-05, 1.7700111008280835e-05, 1.806781981097935e-05, 1.762497367447659e-05, 1.5780127697626858e-05]"
319,"[2.0024559435374308e-07, 2.4443739476998223e-07, 2.5607697044355925e-07, 2.5016513824169356e-07, 2.2061727257763285e-07]","[1.323084632231393e-05, 1.6228579542701963e-05, 1.6784851062770476e-05, 1.6386341386757447e-05, 1.4561001171668607e-05]"
320,"[2.0809159581468875e-07, 2.4786419656698154e-07, 2.471149782633765e-07, 2.409060335498424e-07, 2.172454719054347e-07]","[1.3513973959409827e-05, 1.619414357602691e-05, 1.644695505813493e-05, 1.6048886413930117e-05, 1.4346990172955642e-05]"
321,"[2.1441341057741144e-07, 2.6093363087598436e-07, 2.665271603501472e-07, 2.600605122810466e-07, 2.3225271561976536e-07]","[1.4464366192401508e-05, 1.7709812149400807e-05, 1.8062353709561295e-05, 1.762177384378988e-05, 1.5766272377712915e-05]"
322,"[2.1831106144970934e-07, 2.6452693860029025e-07, 2.6791582812761106e-07, 2.6131858058790667e-07, 2.3436153843799484e-07]","[1.4336321518914587e-05, 1.7074889120388984e-05, 1.7123840261995696e-05, 1.670248045306143e-05, 1.5003929182095668e-05]"
323,"[2.1869007451982395e-07, 2.6840566607753423e-07, 2.790507445604544e-07, 2.7255352897155693e-07, 2.412520637186632e-07]","[1.4566649562755744e-05, 1.7786357091195682e-05, 1.8541204220677106e-05, 1.8110630089415686e-05, 1.6012282479510667e-05]"
324,"[2.0816949587622473e-07, 2.5192527077032215e-07, 2.6130050780226183e-07, 2.5525438916190505e-07, 2.2591845608142394e-07]","[1.4839060797918127e-05, 1.8263506502130894e-05, 1.9126296244185097e-05, 1.8683081734633968e-05, 1.6502630973514515e-05]"
325,"[2.237462266798106e-07, 2.6709870490763764e-07, 2.6800585179436625e-07, 2.614006412386472e-07, 2.346944628496914e-07]","[1.562495869675784e-05, 1.898087879987348e-05, 1.920530306007143e-05, 1.873017731799998e-05, 1.681557115019215e-05]"
326,"[2.2514960002896607e-07, 2.621828997259837e-07, 2.671767543682969e-07, 2.60849345353255e-07, 2.3229454872331688e-07]","[1.3620029273235545e-05, 1.672861695378428e-05, 1.7463780162584382e-05, 1.7058463187902064e-05, 1.5080290695694786e-05]"
327,"[2.1048935019176963e-07, 2.555083359880944e-07, 2.6601517926481747e-07, 2.597882777152898e-07, 2.2987484206496017e-07]","[1.5111063271209794e-05, 1.8476538625886078e-05, 1.887141555795325e-05, 1.8411857166539693e-05, 1.6461857299188274e-05]"
328,"[2.2038646113226505e-07, 2.6249616411656786e-07, 2.654360075418053e-07, 2.590388498054747e-07, 2.3182137885634927e-07]","[1.537479092152483e-05, 1.8619499072055162e-05, 1.8873552904076432e-05, 1.8412225557971686e-05, 1.649536302593443e-05]"
329,"[2.3601590583054623e-07, 2.83041499790494e-07, 2.8774907314235304e-07, 2.8082560848314294e-07, 2.5105212192582954e-07]","[1.755327756900584e-05, 2.1207558123072436e-05, 2.125843475914314e-05, 2.0723024323672065e-05, 1.8688173597679076e-05]"
330,"[2.260910569334613e-07, 2.7431278087605685e-07, 2.8226111497389133e-07, 2.7554222689691405e-07, 2.451935049188383e-07]","[1.5948584558968112e-05, 1.908276783637456e-05, 1.8929349039848237e-05, 1.8447394596464988e-05, 1.669740881724515e-05]"
331,"[2.590610410263708e-07, 3.084497909004211e-07, 3.050752219660447e-07, 2.9732441618612813e-07, 2.690019882633149e-07]","[1.6498369057458927e-05, 1.986102408380042e-05, 1.992151630565857e-05, 1.9422043737661965e-05, 1.749989638055092e-05]"
332,"[2.391900249183897e-07, 2.9071809221334887e-07, 3.001131984217535e-07, 2.9306260900297715e-07, 2.6030681832039755e-07]","[1.5262412758189705e-05, 1.8260777731889836e-05, 1.8584262980478272e-05, 1.8144293254358647e-05, 1.6165254510971064e-05]"
333,"[2.5649874660649555e-07, 3.1069115532935187e-07, 3.171684427972993e-07, 3.0955099338789235e-07, 2.762299513609637e-07]","[1.6670145794027026e-05, 2.0032516777247226e-05, 2.005848072289837e-05, 1.9558849177826965e-05, 1.7611687554675562e-05]"
334,"[2.739741071836902e-07, 3.229499669706286e-07, 3.161223964241202e-07, 3.0795123397953063e-07, 2.800427377404607e-07]","[1.7666327491010296e-05, 2.1253550153669076e-05, 2.116046872569011e-05, 2.0623764310007247e-05, 1.8644230930898183e-05]"
335,"[2.932955080106195e-07, 3.477647866930972e-07, 3.412452176508859e-07, 3.3240630421853496e-07, 3.0221461155185817e-07]","[1.6119597129640733e-05, 1.913396727236304e-05, 1.8931165106610752e-05, 1.8451471707804504e-05, 1.6693825765863248e-05]"
336,"[2.601505386187325e-07, 3.2432856029662756e-07, 3.430063072950374e-07, 3.3511461372735407e-07, 2.9521775987974355e-07]","[1.6067127283068932e-05, 1.941958199415399e-05, 1.972860649118241e-05, 1.9247620105214573e-05, 1.722618742806783e-05]"
337,"[2.9975941801458055e-07, 3.561429923294107e-07, 3.518788806904849e-07, 3.4302304617358574e-07, 3.100235350417866e-07]","[1.6941259609328165e-05, 2.0535627705325014e-05, 2.086680327759379e-05, 2.0355514153283605e-05, 1.8234067780823596e-05]"
338,"[2.839986175914199e-07, 3.3715814462951486e-07, 3.44662903700174e-07, 3.3656174304068724e-07, 2.9883480250963986e-07]","[1.6569022425958812e-05, 2.002387118277895e-05, 2.0325613144410935e-05, 1.9831652735360554e-05, 1.7742662825498515e-05]"
339,"[2.8493862437005323e-07, 3.4110609066475905e-07, 3.4703218202631274e-07, 3.387306246919196e-07, 3.0220337420437825e-07]","[1.639647664658857e-05, 1.9649202498872794e-05, 2.0020779841460242e-05, 1.954190678738063e-05, 1.742601034748242e-05]"
340,"[2.8839734908860243e-07, 3.454065818449153e-07, 3.4811360807720094e-07, 3.395396300105493e-07, 3.0492873512948236e-07]","[1.5159104782457904e-05, 1.8338554362108447e-05, 1.8763813613955196e-05, 1.8315132855874177e-05, 1.6323540719449595e-05]"
341,"[3.003506789050581e-07, 3.7128493033457475e-07, 3.8546152852130245e-07, 3.7630907246031337e-07, 3.3419137032025786e-07]","[1.6456905363748604e-05, 1.9329201963247766e-05, 1.8882959680083885e-05, 1.8394608106824577e-05, 1.6732441703156034e-05]"
342,"[2.863364970558741e-07, 3.5096025620843113e-07, 3.693128639089407e-07, 3.6095615054231547e-07, 3.1775975024922023e-07]","[1.5888304726141186e-05, 1.9384723863108352e-05, 2.0080629643379462e-05, 1.960780655790826e-05, 1.739642967843388e-05]"
343,"[3.08221785511567e-07, 3.7176042095956104e-07, 3.705418611308598e-07, 3.6113965396887856e-07, 3.265058195613915e-07]","[1.5610771683364383e-05, 1.9005993085309226e-05, 1.9518470494616637e-05, 1.905422804482447e-05, 1.6958833147325028e-05]"
344,"[2.932423797964299e-07, 3.514381802827089e-07, 3.6069161023354525e-07, 3.521048445187156e-07, 3.1314415483589996e-07]","[1.6177984650198817e-05, 1.9619160074708063e-05, 2.0260018924920454e-05, 1.9781986704819388e-05, 1.756164698598982e-05]"
345,"[3.8492841346279245e-07, 4.615221831673749e-07, 4.682601285798959e-07, 4.569457607303508e-07, 4.085980832333991e-07]","[1.6670965639889672e-05, 1.913357057251613e-05, 1.8757747679676954e-05, 1.829415903713036e-05, 1.6499318707917397e-05]"
346,"[2.7089288318864963e-07, 3.302036015848086e-07, 3.371990708581975e-07, 3.289773266657742e-07, 2.9424242121890456e-07]","[1.6019917155118704e-05, 1.902583266038973e-05, 1.8775578651145086e-05, 1.8298053370394184e-05, 1.6575022147061708e-05]"
347,"[2.5546085864151944e-07, 3.0861790375142705e-07, 3.2125609458341345e-07, 3.1378062787591766e-07, 2.774039092473155e-07]","[1.52732294883358e-05, 1.8390643338902745e-05, 1.861643887744164e-05, 1.816097902540228e-05, 1.6273586414149022e-05]"
348,"[3.19919105954638e-07, 3.8486422173476146e-07, 3.9483417351200436e-07, 3.85484929710629e-07, 3.4257272394797615e-07]","[1.625963453936712e-05, 1.913083379746876e-05, 1.9056688221254984e-05, 1.858896842591717e-05, 1.6711634539316422e-05]"
349,"[3.5015291504395903e-07, 4.0630950280720714e-07, 3.9687304711138967e-07, 3.8677757676693213e-07, 3.511296298495909e-07]","[1.5861635631454246e-05, 1.8370187458071888e-05, 1.792873848230517e-05, 1.747834387216616e-05, 1.5838753306730938e-05]"
350,"[3.063139810546516e-07, 3.6985275165942406e-07, 3.7263198191517856e-07, 3.634930404245394e-07, 3.262143235171191e-07]","[1.5183820482190085e-05, 1.8091317639382414e-05, 1.8143465975034375e-05, 1.7696445522756072e-05, 1.5895392406002568e-05]"
351,"[3.862088689221624e-07, 4.505237777140798e-07, 4.3866643376102705e-07, 4.272407339308908e-07, 3.894246366028711e-07]","[1.6744744933947516e-05, 1.9462411673411273e-05, 1.895529210545875e-05, 1.847270578477252e-05, 1.67721432747115e-05]"
352,"[3.057122694622294e-07, 3.8044887253480557e-07, 4.0082309222890134e-07, 3.915577756711727e-07, 3.454168400926517e-07]","[1.605430104919357e-05, 1.926464778237723e-05, 1.936917128039764e-05, 1.8892202467414794e-05, 1.6969401395929745e-05]"
353,"[3.8429300927550257e-07, 4.644400445699241e-07, 4.758816402079317e-07, 4.6450634914977704e-07, 4.138735975708478e-07]","[1.661272424981148e-05, 1.9469112214738118e-05, 1.885329352047492e-05, 1.8359396589913983e-05, 1.6769019170272308e-05]"
354,"[3.1955676585395204e-07, 3.9064566770341504e-07, 4.02991760627889e-07, 3.9352421365738553e-07, 3.495394983167635e-07]","[1.526478131155511e-05, 1.7970538784702843e-05, 1.7931232558631652e-05, 1.7489378468371824e-05, 1.5724078275967814e-05]"
355,"[3.914013674838327e-07, 4.773918455044632e-07, 4.817777371542668e-07, 4.6976479913888676e-07, 4.223483414069925e-07]","[1.538598983289539e-05, 1.810065731786022e-05, 1.8256725016368223e-05, 1.7820502236724206e-05, 1.5914423690663317e-05]"
356,"[3.3438902982041694e-07, 3.9865547915503377e-07, 4.0351053705676723e-07, 3.937519917228524e-07, 3.5220871344708214e-07]","[1.569172120380646e-05, 1.873004959062457e-05, 1.886186701879546e-05, 1.8399435097275694e-05, 1.6503658109370335e-05]"
357,"[3.660421002558298e-07, 4.5173640723363015e-07, 4.7099008376575717e-07, 4.5987574043401155e-07, 4.074452658683389e-07]","[1.645066783175713e-05, 1.91840580512632e-05, 1.8937764009187812e-05, 1.846405359108853e-05, 1.667239451612424e-05]"
358,"[3.472216201354387e-07, 4.090918882221059e-07, 4.1188466521601764e-07, 4.0178497433677054e-07, 3.6016341326325605e-07]","[1.3606374478130752e-05, 1.6288377341396367e-05, 1.6588876017608186e-05, 1.619503518857656e-05, 1.4428328579435792e-05]"
359,"[3.2992271983440903e-07, 4.0666124739608223e-07, 4.284345065755801e-07, 4.1860112892266237e-07, 3.6895966525756556e-07]","[1.528413987651419e-05, 1.8312227423952402e-05, 1.8578315726018593e-05, 1.8127086487708035e-05, 1.6214169617732424e-05]"
360,"[3.2447893503017206e-07, 3.818783502004403e-07, 3.7786846549115557e-07, 3.684333301723198e-07, 3.324858660560935e-07]","[1.5171212971835863e-05, 1.802051899142818e-05, 1.8157136012133345e-05, 1.7715263101775307e-05, 1.5870662432864654e-05]"
361,"[3.380936642510805e-07, 4.089933147829337e-07, 4.161830989147141e-07, 4.060439659406863e-07, 3.63284627070988e-07]","[1.5422260849422587e-05, 1.8329122660585977e-05, 1.8386921658575783e-05, 1.7934458919321298e-05, 1.610780523775611e-05]"
362,"[3.6470197141801815e-07, 4.3300551392313824e-07, 4.458213481642188e-07, 4.3540265882516626e-07, 3.8528832947730005e-07]","[1.52390211746978e-05, 1.7459680831024143e-05, 1.7527281078845217e-05, 1.7117817880567782e-05, 1.5239634131433982e-05]"
363,"[3.542345976387923e-07, 4.302247609230412e-07, 4.359451436207475e-07, 4.2523644677451087e-07, 3.813598155081129e-07]","[1.3738319782779214e-05, 1.6239912374749866e-05, 1.6545031543591654e-05, 1.616108706063807e-05, 1.434857564471116e-05]"
364,"[3.395506031128012e-07, 4.1052972439435844e-07, 4.2217747187390006e-07, 4.1223168422490234e-07, 3.6583650664922463e-07]","[1.5019330252801561e-05, 1.7538160477306496e-05, 1.7405993334683426e-05, 1.697983515156207e-05, 1.5269593457770335e-05]"
365,"[4.08732325562866e-07, 4.836020096044299e-07, 4.843134920645758e-07, 4.7231653979366535e-07, 4.246465197170687e-07]","[1.5889226912649186e-05, 1.8103461310367434e-05, 1.7349682394214096e-05, 1.6900784795370197e-05, 1.54292548010839e-05]"
366,"[4.575178352146542e-07, 5.269900571543329e-07, 5.014723586373956e-07, 4.882052617798027e-07, 4.4785663400351615e-07]","[2.1340968517465238e-05, 2.454774205574239e-05, 2.3154627731740637e-05, 2.2529512392895224e-05, 2.0781892649910792e-05]"
367,"[3.2201609276621513e-07, 3.8381187847936255e-07, 3.787699201738169e-07, 3.690332043899706e-07, 3.3490261021659697e-07]","[1.8744853420856016e-05, 2.2364674604106448e-05, 2.2108626239719402e-05, 2.1541990908483823e-05, 1.9530243061754173e-05]"
368,"[3.0678820091900824e-07, 3.5485578341982907e-07, 3.439044903566751e-07, 3.3506553137113245e-07, 3.0481916470892977e-07]","[1.693681067113573e-05, 2.023408608117083e-05, 2.0136406636329065e-05, 1.962973114708305e-05, 1.7725818717459043e-05]"
369,"[3.144176871560003e-07, 3.5290877633247267e-07, 3.2359099338518236e-07, 3.144576628855096e-07, 2.9391161710854765e-07]","[1.7410607408931726e-05, 2.0631865028373065e-05, 2.0255223981960286e-05, 1.9731308435747725e-05, 1.7935196553609906e-05]"
370,"[2.2991101958464002e-07, 2.680273215948006e-07, 2.617744138308558e-07, 2.5519399127769983e-07, 2.3085734127126636e-07]","[1.51502494324438e-05, 1.8120492792181437e-05, 1.7845815246157474e-05, 1.7383119174500105e-05, 1.5801632561752754e-05]"
371,"[2.2298227063189534e-07, 2.729292635103967e-07, 2.826604427545537e-07, 2.760689525935057e-07, 2.4483659429747744e-07]","[1.5596534170589222e-05, 1.882740163265013e-05, 1.9041921231607785e-05, 1.8571993083955404e-05, 1.6667437806706678e-05]"
372,"[2.4852776272807786e-07, 2.929674008405848e-07, 2.9656720271931777e-07, 2.89650027365808e-07, 2.577404430068798e-07]","[1.6876895499139013e-05, 2.054214946218713e-05, 2.1121275046781693e-05, 2.0617545648579064e-05, 1.834955597769679e-05]"
373,"[2.3608929613637453e-07, 2.855106981797816e-07, 2.961558997427057e-07, 2.8924646382629473e-07, 2.5600831651246315e-07]","[1.551626573203093e-05, 1.8626821943986402e-05, 1.887293625092874e-05, 1.8414517912480948e-05, 1.6477687533570395e-05]"
374,"[2.665908081292089e-07, 3.1395551992076334e-07, 3.126693295986658e-07, 3.048891254814411e-07, 2.7438890354564015e-07]","[1.5971263297553858e-05, 1.9256119172468246e-05, 1.9331653952576222e-05, 1.885060089098405e-05, 1.6963888157341658e-05]"
375,"[2.455052307069379e-07, 2.9771544236148945e-07, 3.024735019490356e-07, 2.9505894617136174e-07, 2.6435794918621304e-07]","[1.7647851381882473e-05, 2.1260944379788976e-05, 2.1248496482669965e-05, 2.0712985289025028e-05, 1.8691454357479247e-05]"
376,"[3.4789076357479956e-07, 4.0134773593617837e-07, 3.887556733952127e-07, 3.788309130755918e-07, 3.4477127067927943e-07]","[2.0624013010558286e-05, 2.4291280199773687e-05, 2.3983490992529597e-05, 2.3376591004939796e-05, 2.1149267683938045e-05]"
377,"[2.3213783677066117e-07, 2.7086924173060725e-07, 2.6927368441584823e-07, 2.626217160303163e-07, 2.3628893422889464e-07]","[1.4577174592952752e-05, 1.7296368911982002e-05, 1.6851509182848607e-05, 1.6408970593707805e-05, 1.4976064146312038e-05]"
378,"[2.500433064571192e-07, 2.915846957880638e-07, 2.949656284343441e-07, 2.8806174363051107e-07, 2.5629562534965064e-07]","[1.5884091638946163e-05, 1.89513144907868e-05, 1.875792804997665e-05, 1.828036198972591e-05, 1.655024287292362e-05]"
379,"[2.840755360758718e-07, 3.369149740147793e-07, 3.382022987539969e-07, 3.298957032973241e-07, 2.9615997150016356e-07]","[1.766616277852275e-05, 2.107300722416529e-05, 2.0773182056618596e-05, 2.0239094616803366e-05, 1.836978033568055e-05]"
380,"[2.529650385578402e-07, 2.901299378047865e-07, 2.8478632821459984e-07, 2.777949163586609e-07, 2.503373464516219e-07]","[1.617973871278626e-05, 1.9131528020236608e-05, 1.8576747554342352e-05, 1.8088150887811445e-05, 1.6526430897619466e-05]"
381,"[2.571424556902879e-07, 2.964407988799384e-07, 2.8492343224886855e-07, 2.774097273097036e-07, 2.539069840175954e-07]","[1.6152654670000682e-05, 1.9080725016309796e-05, 1.8655028836678715e-05, 1.8173689595387687e-05, 1.6528918672847618e-05]"
382,"[2.7989148419881963e-07, 3.212637922940087e-07, 3.0569912129408627e-07, 2.9765251551119014e-07, 2.7260385651726344e-07]","[1.607087381909553e-05, 1.9154764509411872e-05, 1.8985004487003514e-05, 1.8502532693026432e-05, 1.6742187208171345e-05]"
383,"[2.763725712938209e-07, 3.2034924214309445e-07, 3.048639661256171e-07, 2.9666711527789964e-07, 2.7290512848772706e-07]","[1.7500201633734207e-05, 2.0957014431100086e-05, 2.055455124182602e-05, 2.0017386342021256e-05, 1.823587718404401e-05]"
384,"[2.4980913096133666e-07, 2.949944191899601e-07, 2.9587532895231233e-07, 2.8879100870146746e-07, 2.587281001224013e-07]","[1.6115365501389585e-05, 1.8980904637579623e-05, 1.8571877345939722e-05, 1.8095280139963444e-05, 1.6437167451411524e-05]"
385,"[2.792756762460335e-07, 3.3851072840529206e-07, 3.5303329975008355e-07, 3.4497955291358525e-07, 3.04385502667151e-07]","[1.8638913206770813e-05, 2.2113223113976686e-05, 2.1953351795890577e-05, 2.140183279442637e-05, 1.9320240014980074e-05]"
386,"[2.7336138119431983e-07, 3.3354382252850727e-07, 3.433513169477471e-07, 3.352286002766932e-07, 2.9777935496096295e-07]","[1.7752835777468316e-05, 2.150312228391493e-05, 2.1800322983501284e-05, 2.126663290121289e-05, 1.905398555111117e-05]"
387,"[2.7461241302673195e-07, 3.2913825708022643e-07, 3.3278623596450843e-07, 3.2467586441531513e-07, 2.9090864968032916e-07]","[1.7671815314821926e-05, 2.1184665823321136e-05, 2.1080299377673895e-05, 2.054955525263994e-05, 1.855642107023311e-05]"
388,"[2.6999245736633266e-07, 3.1290326633846583e-07, 3.070028365183572e-07, 2.993868179943243e-07, 2.704397017407066e-07]","[1.6680858624120005e-05, 1.9730637737970152e-05, 1.936560240983171e-05, 1.8871632615468947e-05, 1.7122273878492273e-05]"
389,"[2.92313178200344e-07, 3.532593755145674e-07, 3.564265522510083e-07, 3.4763130605679046e-07, 3.1237513932222403e-07]","[1.7435390741508368e-05, 2.0712669044098976e-05, 2.046048265834851e-05, 1.994366741469105e-05, 1.803770551874646e-05]"
390,"[3.583422987571205e-07, 4.088021984598866e-07, 3.775646002625809e-07, 3.6696501889802374e-07, 3.423387384464267e-07]","[2.1104361088730524e-05, 2.524802051288673e-05, 2.4780530334186105e-05, 2.413420621994742e-05, 2.1975446959427903e-05]"
391,"[2.5364483574097966e-07, 3.091092855023297e-07, 3.163070578298454e-07, 3.0868891855972063e-07, 2.7563149878324297e-07]","[1.7038638762140768e-05, 2.0516001545220245e-05, 2.0395848214787935e-05, 1.9875836197079585e-05, 1.799075441615792e-05]"
392,"[2.4008938632681953e-07, 2.8763273068176876e-07, 2.900551433156155e-07, 2.8300971510548653e-07, 2.53462081482097e-07]","[1.7403142244170323e-05, 2.1026053731460218e-05, 2.1056542952273907e-05, 2.0525273790421095e-05, 1.852049993711479e-05]"
393,"[2.3336650856498378e-07, 2.7755401192752155e-07, 2.826381770327157e-07, 2.7595016655615394e-07, 2.455312820016979e-07]","[1.753491372950064e-05, 2.0856836446211446e-05, 2.0832232921495984e-05, 2.0316005305093787e-05, 1.827572985280159e-05]"
394,"[2.8166643199732304e-07, 3.3287493166611204e-07, 3.2637737053528573e-07, 3.179238739041589e-07, 2.8906450660664797e-07]","[1.7953188242133848e-05, 2.1413832133072165e-05, 2.1280376543538137e-05, 2.074311935218913e-05, 1.8741504242626165e-05]"
395,"[2.8991033567829115e-07, 3.3790790089761245e-07, 3.3318734924931695e-07, 3.249963918438588e-07, 2.924599306823112e-07]","[1.8315163007725607e-05, 2.198657451372745e-05, 2.2139179477266178e-05, 2.1593308475805665e-05, 1.9391020259599213e-05]"
396,"[3.1515743417165745e-07, 3.657724952842624e-07, 3.582684274867096e-07, 3.491909901134625e-07, 3.1586793620744076e-07]","[1.865596063892943e-05, 2.196992353194131e-05, 2.132723077197824e-05, 2.0767520636807625e-05, 1.89661592245598e-05]"
397,"[2.914812212141087e-07, 3.4040783636806054e-07, 3.3564242686250423e-07, 3.2727665846308435e-07, 2.955383341178645e-07]","[1.988995017243351e-05, 2.3576035286453066e-05, 2.2748403922985916e-05, 2.213845962865623e-05, 2.0314899556098134e-05]"
398,"[3.1639373726348717e-07, 3.733610644520616e-07, 3.646014996485973e-07, 3.5507833581877706e-07, 3.2338164393101103e-07]","[1.918258458190026e-05, 2.2585456353019198e-05, 2.1964007994523685e-05, 2.138921453730991e-05, 1.95145176646199e-05]"
399,"[2.8786839202789696e-07, 3.443948787603651e-07, 3.4313635018800953e-07, 3.345128910508186e-07, 3.017383865173775e-07]","[1.8133863803669266e-05, 2.1783251617639167e-05, 2.1839153076487567e-05, 2.1295225395541056e-05, 1.91716696542176e-05]"
400,"[3.1906658254931447e-07, 3.772363018600308e-07, 3.749519526249118e-07, 3.655127830144168e-07, 3.300966316152139e-07]","[1.94198680069465e-05, 2.2558906458250477e-05, 2.1575114981155886e-05, 2.1000069249031665e-05, 1.92809798486666e-05]"
401,"[2.843025481143484e-07, 3.310636301295098e-07, 3.319142908112011e-07, 3.238709877776693e-07, 2.9022081984435444e-07]","[1.845227970441664e-05, 2.1537590494221957e-05, 2.0829178280458443e-05, 2.0283802131203058e-05, 1.8524872837321992e-05]"
402,"[3.4446860640093726e-07, 4.0800675340307025e-07, 4.0437332544541535e-07, 3.940407573388439e-07, 3.5679212357751954e-07]","[1.9532106661758004e-05, 2.3326883574378915e-05, 2.3119302076774137e-05, 2.2528971513100014e-05, 2.0400186168005367e-05]"
403,"[3.055088076673619e-07, 3.624558818612257e-07, 3.5938502957428443e-07, 3.5032950198144445e-07, 3.1644331158585313e-07]","[1.961619569723045e-05, 2.3080415048209637e-05, 2.2414958642541802e-05, 2.182771930582083e-05, 1.992185699312316e-05]"
404,"[3.2215042827532645e-07, 3.8114885807654116e-07, 3.807599355982916e-07, 3.7132837656027425e-07, 3.3398993362353267e-07]","[1.7228814239974637e-05, 2.0443102543540656e-05, 2.041421340511484e-05, 1.991211751131873e-05, 1.790380883843432e-05]"
405,"[2.938882780682532e-07, 3.4128064124619483e-07, 3.284533666742822e-07, 3.198575705123979e-07, 2.9199542862315246e-07]","[1.923277085946798e-05, 2.265716153115855e-05, 2.1894927796482658e-05, 2.131606167958086e-05, 1.9510031044053773e-05]"
406,"[3.353992899566845e-07, 3.9699833681619874e-07, 3.9405775546915443e-07, 3.8409608615900687e-07, 3.471939684817918e-07]","[2.0274059103712914e-05, 2.367553366496171e-05, 2.2788033601299985e-05, 2.218670120840862e-05, 2.031135287679182e-05]"
407,"[3.104802497087676e-07, 3.693687923312094e-07, 3.687770477076723e-07, 3.595363472556469e-07, 3.2405630446557763e-07]","[2.0602667278305626e-05, 2.4436480588193666e-05, 2.3871918443634777e-05, 2.3250228081928885e-05, 2.118291665450075e-05]"
408,"[2.917159947821647e-07, 3.5267624258461e-07, 3.707217675233986e-07, 3.6224911836596507e-07, 3.187267292236466e-07]","[1.8296124365075132e-05, 2.1603106023909622e-05, 2.1603847432174726e-05, 2.107222892520667e-05, 1.8933953368813334e-05]"
409,"[3.014985439688262e-07, 3.744226106624037e-07, 4.030615920049779e-07, 3.94237055796414e-07, 3.4358427444111205e-07]","[1.8661347127615867e-05, 2.2041954056210354e-05, 2.191893177346051e-05, 2.1372965640368304e-05, 1.926230648595536e-05]"
410,"[2.910856989018754e-07, 3.451923367927686e-07, 3.43498826375244e-07, 3.349837377072772e-07, 3.02028594170401e-07]","[1.99263472173069e-05, 2.340531002250958e-05, 2.247844734118287e-05, 2.187709725898776e-05, 2.0083501676972595e-05]"
411,"[3.2241364632247156e-07, 3.8277286266357025e-07, 3.783502789906695e-07, 3.6869356162242835e-07, 3.340546115736217e-07]","[1.8267967004612435e-05, 2.159056562809171e-05, 2.1283482664348494e-05, 2.074220823826383e-05, 1.8789986292461828e-05]"
412,"[3.1766785231246495e-07, 3.626955503960995e-07, 3.5233328388484977e-07, 3.4355192740090417e-07, 3.1137083478463205e-07]","[1.9077145084293494e-05, 2.2817505695049666e-05, 2.2775554811975002e-05, 2.220533516262685e-05, 2.002145905814518e-05]"
413,"[2.6980533216468455e-07, 3.299886462607782e-07, 3.4471787226521103e-07, 3.3671150182134365e-07, 2.974544156734128e-07]","[1.7310369490711778e-05, 2.1222756020363132e-05, 2.1642449780889627e-05, 2.1111249383191613e-05, 1.890540936898369e-05]"
414,"[3.238970719871231e-07, 3.894871393896413e-07, 3.9661789828611345e-07, 3.8718296441737777e-07, 3.453506784109333e-07]","[2.0402162413639614e-05, 2.4230494724095075e-05, 2.390018283724745e-05, 2.3290967716889443e-05, 2.1100944493763864e-05]"
415,"[3.088320833642114e-07, 3.6624256542745165e-07, 3.6884826022812356e-07, 3.598556706496855e-07, 3.2295607452890487e-07]","[1.8099959769349307e-05, 2.187283705567075e-05, 2.2245436819543544e-05, 2.1702948538618056e-05, 1.942069320941925e-05]"
416,"[3.1551255337330907e-07, 3.687264447332653e-07, 3.7076540279087225e-07, 3.618764832860486e-07, 3.2350737129152445e-07]","[1.967138028099524e-05, 2.347896913210175e-05, 2.3299133825903597e-05, 2.2709172609356955e-05, 2.053440814385859e-05]"
417,"[2.829090430774431e-07, 3.493768954024687e-07, 3.684148601071755e-07, 3.600703782688118e-07, 3.1676851204087283e-07]","[1.7166873628184905e-05, 2.0700438333988452e-05, 2.0881325516191647e-05, 2.036729468761085e-05, 1.828529396498159e-05]"
418,"[3.37737676460372e-07, 3.931991053489836e-07, 3.82786390280935e-07, 3.7288417357785184e-07, 3.391860419659354e-07]","[1.833439276159807e-05, 2.1557289280031147e-05, 2.1316498710383832e-05, 2.077991185939496e-05, 1.877568081097243e-05]"
419,"[3.273075217482696e-07, 3.786543607469269e-07, 3.621258184459122e-07, 3.524316659164778e-07, 3.239439830268801e-07]","[1.8253640260572875e-05, 2.1444952522652147e-05, 2.088191714220064e-05, 2.0340930786615757e-05, 1.8522664806928217e-05]"
420,"[3.6266527372855475e-07, 4.28301599716953e-07, 4.259237680251013e-07, 4.15268652122814e-07, 3.7435479013182027e-07]","[2.0471890203027576e-05, 2.4214827081629193e-05, 2.4032028129122498e-05, 2.3432016955388437e-05, 2.1138315359535977e-05]"
421,"[2.882238246787066e-07, 3.408696144049351e-07, 3.4532431032839207e-07, 3.3715279509478833e-07, 3.001261272521744e-07]","[1.715507128839002e-05, 2.0110412667299575e-05, 1.9804811357211403e-05, 1.9307212427577885e-05, 1.7456868861779958e-05]"
422,"[3.289481612576354e-07, 3.802171177231614e-07, 3.76424223590802e-07, 3.671607955119629e-07, 3.300533734826849e-07]","[1.8468658346185744e-05, 2.158146627636471e-05, 2.087929231320842e-05, 2.0335271624543127e-05, 1.856259498810735e-05]"
423,"[3.215455757293792e-07, 3.8321514380594483e-07, 3.881963469697427e-07, 3.787582897801023e-07, 3.386973449827444e-07]","[1.9431184798158432e-05, 2.2950169169186118e-05, 2.260913181193955e-05, 2.2033842849757338e-05, 1.9963221421756854e-05]"
424,"[3.021031739733786e-07, 3.5294039535964785e-07, 3.593475268720107e-07, 3.5104733756637444e-07, 3.1098460484404056e-07]","[1.753849236299524e-05, 2.1066622787295497e-05, 2.1249388942182673e-05, 2.0727592788011464e-05, 1.8595303726900016e-05]"
425,"[3.0589917861159483e-07, 3.6564469627325005e-07, 3.7063814008907744e-07, 3.6173506864744674e-07, 3.2293653284345246e-07]","[1.7853336239882965e-05, 2.079346698281002e-05, 2.0343119640107257e-05, 1.982623116856078e-05, 1.7977389490760957e-05]"
426,"[3.4529799236007616e-07, 3.9840678700118873e-07, 3.810448655612751e-07, 3.7090035988821595e-07, 3.401452764582609e-07]","[1.868770800824703e-05, 2.185999045094381e-05, 2.114976884562836e-05, 2.0594475898658002e-05, 1.881576586910078e-05]"
427,"[3.0068239616093163e-07, 3.5883610716195335e-07, 3.620101405009745e-07, 3.532347373100244e-07, 3.1616024672929805e-07]","[1.742457179113468e-05, 2.0587844834816025e-05, 2.0808216604074756e-05, 2.031013044666125e-05, 1.813262084167898e-05]"
428,"[3.0978478251081465e-07, 3.7245153749536524e-07, 3.8243081285315435e-07, 3.733797640565726e-07, 3.317001266168721e-07]","[1.7628473473570935e-05, 2.098393956672463e-05, 2.09516468927922e-05, 2.0428807456216393e-05, 1.840679723894759e-05]"
429,"[2.887598756561281e-07, 3.519444661413585e-07, 3.6974345249264437e-07, 3.612562573308973e-07, 3.182849029421352e-07]","[1.749498404367208e-05, 2.1084321515919804e-05, 2.120120439554376e-05, 2.0675341638036547e-05, 1.8591296124640415e-05]"
430,"[3.1741610990684847e-07, 3.671172273272214e-07, 3.593973413368077e-07, 3.504300670672554e-07, 3.1725582177815234e-07]","[1.7210881284025305e-05, 2.0365134259717678e-05, 2.0304177825404034e-05, 1.9801906625552663e-05, 1.782080828704263e-05]"
431,"[3.441018895431185e-07, 4.025180600927496e-07, 3.9912147990869346e-07, 3.890752242465804e-07, 3.511543567069647e-07]","[1.9659078955401363e-05, 2.3118525609345762e-05, 2.266751647972243e-05, 2.208868269092204e-05, 2.00416056947715e-05]"
432,"[3.623698556210274e-07, 4.123416969360751e-07, 3.9818698298626203e-07, 3.881395401428949e-07, 3.527631169488229e-07]","[2.267095376482464e-05, 2.6933924797717004e-05, 2.6257966482192525e-05, 2.5569521211309195e-05, 2.333039812055081e-05]"
433,"[2.388231562412291e-07, 2.856472962451254e-07, 2.909395139711331e-07, 2.8401875960689876e-07, 2.5327645561487557e-07]","[1.6036923472652643e-05, 1.9225262339595576e-05, 1.9215705006649653e-05, 1.8734658463998086e-05, 1.6887332052968373e-05]"
434,"[2.596171224618634e-07, 3.085629901886466e-07, 3.116546496136501e-07, 3.0407492237227893e-07, 2.7237741046876586e-07]","[1.7900027821598742e-05, 2.1212550036382573e-05, 2.089441626838562e-05, 2.0361779823465473e-05, 1.845789543441691e-05]"
435,"[2.64513254930028e-07, 3.1149838966014427e-07, 3.117304913304591e-07, 3.040783340035334e-07, 2.733304489443533e-07]","[1.7642203967525136e-05, 2.1080094092562702e-05, 2.092665331487804e-05, 2.0396243065225193e-05, 1.844636638629497e-05]"
436,"[2.6976988180967737e-07, 3.2800048129884293e-07, 3.3339088720307444e-07, 3.25264104336985e-07, 2.91377678315831e-07]","[1.7410415244318122e-05, 2.0706849053371343e-05, 2.0213980566380305e-05, 1.9684529746346548e-05, 1.79519288693991e-05]"
437,"[2.985259325516681e-07, 3.453091260065349e-07, 3.379649602119169e-07, 3.2955808188614567e-07, 2.9826539183189784e-07]","[1.7194362692676143e-05, 2.0197848052241597e-05, 1.988784495063007e-05, 1.9381883605845762e-05, 1.755932127137431e-05]"
438,"[2.772159679537058e-07, 3.295275838023768e-07, 3.339620960120455e-07, 3.2597141535143476e-07, 2.9086205522965264e-07]","[1.778541335321946e-05, 2.091572120324098e-05, 2.0559169760113245e-05, 2.0036721118829746e-05, 1.8152301892861202e-05]"
439,"[3.0928321871322075e-07, 3.6600614386828396e-07, 3.608076137762436e-07, 3.516196938826301e-07, 3.185625919664462e-07]","[1.9649118923375238e-05, 2.301277009351691e-05, 2.2335410355980613e-05, 2.1754963346468883e-05, 1.9835327938727052e-05]"
440,"[2.9303226690360314e-07, 3.4558354918210437e-07, 3.4964199433758094e-07, 3.4108688960336744e-07, 3.056120037874844e-07]","[1.95628057152192e-05, 2.2936252394663375e-05, 2.2217739128519478e-05, 2.1636026113231868e-05, 1.9758154832741744e-05]"
441,"[2.873515728543951e-07, 3.4836815909094914e-07, 3.609533308532555e-07, 3.5251703004447607e-07, 3.120243886419309e-07]","[1.740671858472838e-05, 2.0607461371825477e-05, 2.0731585150092743e-05, 2.022132558652071e-05, 1.81503956289357e-05]"
442,"[2.651639279947744e-07, 3.1839514818469974e-07, 3.236805943946855e-07, 3.1591691062867426e-07, 2.822136448154297e-07]","[1.7244966593376817e-05, 2.0413227928903527e-05, 2.011664673354003e-05, 1.9603108383461292e-05, 1.7769446614830874e-05]"
443,"[3.0949019938755096e-07, 3.5054804281603505e-07, 3.2818292225700216e-07, 3.1920656819523935e-07, 2.954481750856569e-07]","[1.705688221127671e-05, 2.040842345057526e-05, 2.0394232028917447e-05, 1.9884699942626836e-05, 1.7919591630178505e-05]"
444,"[3.3473463577513156e-07, 3.7581827412444785e-07, 3.4945388587124216e-07, 3.3985157536534507e-07, 3.1496291181449003e-07]","[1.7273682621373163e-05, 2.0402605080123364e-05, 2.076760650160205e-05, 2.0274839349729666e-05, 1.8055435169409794e-05]"
445,"[2.500921280545922e-07, 2.9917596048391725e-07, 3.0290252800263894e-07, 2.9559952273453854e-07, 2.64042780308319e-07]","[1.7043196045646587e-05, 2.021820514284623e-05, 1.9789720935888634e-05, 1.927514928566592e-05, 1.754843959684076e-05]"
446,"[3.258347812583227e-07, 3.8428257970952417e-07, 3.8163743358318507e-07, 3.7208015149419084e-07, 3.3568048717194024e-07]","[1.882108128827512e-05, 2.224479015733024e-05, 2.2003097823218238e-05, 2.144887814437511e-05, 1.938684577855681e-05]"
447,"[2.973452248707168e-07, 3.487407620593054e-07, 3.5020525565825985e-07, 3.4169174969682344e-07, 3.063690322637545e-07]","[1.8194376873124016e-05, 2.157624316594547e-05, 2.1430872433648653e-05, 2.0895130780293654e-05, 1.8851785610014718e-05]"
448,"[3.617334120357129e-07, 4.1090246699890347e-07, 3.800453253582e-07, 3.692758054008955e-07, 3.4474735285725567e-07]","[2.081317204232716e-05, 2.422784881543467e-05, 2.3108812752014805e-05, 2.248870447610842e-05, 2.068043401009257e-05]"
449,"[3.1983203967112825e-07, 3.724710741421717e-07, 3.5627625934264033e-07, 3.4680747665002025e-07, 3.1846032541424307e-07]","[1.775532877486915e-05, 2.064367256311596e-05, 2.0030543548478203e-05, 1.951095999882406e-05, 1.7778595494632387e-05]"
450,"[2.455938340754517e-07, 2.86821757549646e-07, 2.8441320550660333e-07, 2.7740834540030976e-07, 2.4994679507896476e-07]","[1.651545723704903e-05, 1.9551192104543346e-05, 1.9436487369782442e-05, 1.894802736780343e-05, 1.7107352367452105e-05]"
451,"[3.707711046878224e-07, 4.279340533464854e-07, 4.058494633835387e-07, 3.9496190686724306e-07, 3.635005315991371e-07]","[2.418672919764668e-05, 2.8602820199396104e-05, 2.790251286233975e-05, 2.7173299689171996e-05, 2.4772205135032404e-05]"
452,"[2.737934884071879e-07, 3.192686212200876e-07, 3.0764533079325385e-07, 2.9949313875665066e-07, 2.7408706129715167e-07]","[2.1119759872213304e-05, 2.5204287882848878e-05, 2.4601701990302056e-05, 2.3954261544468396e-05, 2.1866473657406276e-05]"
453,"[2.1040920088324278e-07, 2.492671148302211e-07, 2.4387857895686036e-07, 2.37604108651663e-07, 2.1602331731885937e-07]","[2.103890791785525e-05, 2.48220566016833e-05, 2.3827587315367297e-05, 2.3183049908078207e-05, 2.1323847176976993e-05]"
454,"[1.9430320837233655e-07, 2.2736967371236652e-07, 2.2062016111218247e-07, 2.1486906480471908e-07, 1.9588123215009625e-07]","[1.7724914743970622e-05, 2.079545672682309e-05, 1.9926974550931198e-05, 1.9389155877184973e-05, 1.7831285064353493e-05]"
455,"[1.6153785897078686e-07, 1.9321388448032282e-07, 1.9458693914146735e-07, 1.8979066755868675e-07, 1.7038730379475748e-07]","[1.3003739186335055e-05, 1.5233110688479746e-05, 1.4838589919040079e-05, 1.4451782841788655e-05, 1.3170864580366997e-05]"
456,"[1.3916976938791563e-07, 1.6901395274410806e-07, 1.7364575243174574e-07, 1.694824641579504e-07, 1.5093903557310304e-07]","[1.1251494482471857e-05, 1.3558925899537313e-05, 1.3566312494050171e-05, 1.3225451587232043e-05, 1.192747137440953e-05]"
457,"[1.5327068202124733e-07, 1.8217157925122826e-07, 1.8529669429250805e-07, 1.8081168229550576e-07, 1.614829482045513e-07]","[1.362025036508888e-05, 1.599831032666616e-05, 1.555989255853796e-05, 1.5156242267375664e-05, 1.3807454711845473e-05]"
458,"[1.3996683361511215e-07, 1.695336841145246e-07, 1.7437746678885832e-07, 1.7024908297826642e-07, 1.514158911178163e-07]","[1.1541701710292393e-05, 1.3750509538807932e-05, 1.361994480009719e-05, 1.3273057358182199e-05, 1.2016508297639618e-05]"
459,"[1.0692163403540275e-07, 1.2897600749465147e-07, 1.351313610063089e-07, 1.3205065273396795e-07, 1.1631401731440438e-07]","[8.292653737002404e-06, 9.881870817544089e-06, 1.000237369330858e-05, 9.760101507271567e-06, 8.730648880741947e-06]"
460,"[1.179818476629057e-07, 1.4571780680127333e-07, 1.5342531757840436e-07, 1.4992666766642395e-07, 1.320369986542865e-07]","[9.273946541249944e-06, 1.1100720439037402e-05, 1.119860244180959e-05, 1.0924593006363734e-05, 9.794805223939194e-06]"
461,"[1.331237176386942e-07, 1.6121980189030334e-07, 1.6418900328524494e-07, 1.6023826483134215e-07, 1.431732609308196e-07]","[1.0016908032773015e-05, 1.1914750775200452e-05, 1.1873417809148752e-05, 1.1575665207545856e-05, 1.0442142458660971e-05]"
462,"[1.2924523655639352e-07, 1.5983520588451657e-07, 1.6765809237445828e-07, 1.6377516695108866e-07, 1.4462107072359076e-07]","[9.783582697233464e-06, 1.1984786114726548e-05, 1.2366386458182941e-05, 1.2071694049996847e-05, 1.0737549354536742e-05]"
463,"[1.2957903503011593e-07, 1.5720664503730595e-07, 1.6317261976290256e-07, 1.593712803961914e-07, 1.41048868436945e-07]","[8.692238852211493e-06, 1.0788613404404049e-05, 1.1576457847636957e-05, 1.1321763518337429e-05, 9.881882550229077e-06]"
464,"[1.1649512969325064e-07, 1.407101947638073e-07, 1.4633176049206377e-07, 1.430148135562612e-07, 1.2600868323177557e-07]","[8.182604065769426e-06, 9.923052583134144e-06, 1.028544349320633e-05, 1.0045748577349538e-05, 8.896692409057425e-06]"
465,"[1.5212581927280928e-07, 1.839961004655026e-07, 1.9075596148396544e-07, 1.8637669329649073e-07, 1.6474189642593293e-07]","[1.1834130454667819e-05, 1.43942822276009e-05, 1.4766793548836672e-05, 1.441359949941991e-05, 1.283983343183468e-05]"
466,"[1.0690755887991954e-07, 1.3289202694750933e-07, 1.4358628328558575e-07, 1.4047260929669068e-07, 1.222461374710286e-07]","[8.21742576693708e-06, 9.883137105917106e-06, 1.0337368287950862e-05, 1.010367733108666e-05, 8.88938129657237e-06]"
467,"[1.079691560287864e-07, 1.3129597101666586e-07, 1.3957559348457896e-07, 1.3649106434565376e-07, 1.1927687446368729e-07]","[7.84012939753085e-06, 9.72741689399035e-06, 1.0411521538658681e-05, 1.0181012365584723e-05, 8.896904004053971e-06]"
468,"[1.178378478785038e-07, 1.4198706550923789e-07, 1.4481668199979478e-07, 1.4138801483927354e-07, 1.2597249896524308e-07]","[8.997919663776454e-06, 1.0824531589364053e-05, 1.0896118495788753e-05, 1.0626124238483999e-05, 9.550547378845931e-06]"
469,"[2.59369059512982e-07, 3.021672717409789e-07, 2.8496884467459634e-07, 2.770541812919601e-07, 2.5678768847510765e-07]","[1.1247964817026483e-05, 1.3512638190424539e-05, 1.3460219037344896e-05, 1.3119389033204139e-05, 1.1856363696216743e-05]"
470,"[3.469659098887725e-07, 4.061493992521985e-07, 3.9779266109149193e-07, 3.875662271003258e-07, 3.519403265205167e-07]","[2.1703698740397704e-05, 2.646430051862298e-05, 2.660884348903488e-05, 2.5939349017180625e-05, 2.338297420499655e-05]"
471,"[2.165234231514487e-07, 2.603908111264787e-07, 2.6569584364741313e-07, 2.593425827756172e-07, 2.311417029758511e-07]","[1.5430730080938907e-05, 1.89292822537235e-05, 1.952159506645156e-05, 1.9056241978087434e-05, 1.6952771835860937e-05]"
472,"[1.555629242742215e-07, 1.9094057686922604e-07, 1.9933885902401643e-07, 1.947393079786287e-07, 1.7199784034140788e-07]","[1.1809822552771447e-05, 1.4610689595776809e-05, 1.5076070261108969e-05, 1.471277677696721e-05, 1.311171058260063e-05]"
473,"[1.6910911680002755e-07, 2.0136036267943537e-07, 2.020876197908641e-07, 1.9712321475333175e-07, 1.7683038676196125e-07]","[1.1851444213940822e-05, 1.4244858564070266e-05, 1.4290467796875345e-05, 1.3935471955484421e-05, 1.2538001006232255e-05]"
474,"[1.7147958415319776e-07, 2.0696824069763598e-07, 2.1287649793332454e-07, 2.0782181275579495e-07, 1.847589594783721e-07]","[1.2101399831307372e-05, 1.4444167290805008e-05, 1.4695999723210986e-05, 1.4341352118995566e-05, 1.280491507327529e-05]"
475,"[1.995548756755149e-07, 2.389287123787183e-07, 2.4071354922250666e-07, 2.3486533074799458e-07, 2.1034289860773806e-07]","[1.1943275437802221e-05, 1.4234329542062083e-05, 1.4252662808139686e-05, 1.3899628733673157e-05, 1.2503144746647066e-05]"
476,"[2.0595018515850035e-07, 2.4292370397692237e-07, 2.3708384404325133e-07, 2.3091972355582332e-07, 2.1032196395127917e-07]","[1.3768953220266784e-05, 1.6287343841247204e-05, 1.589796446117772e-05, 1.5483228916589654e-05, 1.4110362375037707e-05]"
477,"[1.748074901070998e-07, 2.144660243272146e-07, 2.2245713427129523e-07, 2.172345643403132e-07, 1.9259772675777185e-07]","[1.2283269921048888e-05, 1.5097851810733465e-05, 1.5751742228455244e-05, 1.5383701251630933e-05, 1.3612746503724463e-05]"
478,"[2.279668609666511e-07, 2.7053971465739954e-07, 2.739512570550723e-07, 2.6734225920100854e-07, 2.389065008355437e-07]","[1.452885628859824e-05, 1.7509680484380915e-05, 1.777734645372645e-05, 1.734631335157923e-05, 1.5512429782969725e-05]"
479,"[1.573879595978375e-07, 1.8848247229102607e-07, 1.9124149816036408e-07, 1.8659810030935693e-07, 1.6693400380035298e-07]","[1.1103144732022444e-05, 1.3553422917145776e-05, 1.3688430868661427e-05, 1.3346783925720683e-05, 1.200561533207301e-05]"
480,"[2.1700622544100974e-07, 2.5961088004995525e-07, 2.6333078367280393e-07, 2.5693777691729116e-07, 2.29718457450163e-07]","[1.5262738517424817e-05, 1.8439134915656725e-05, 1.852770917848895e-05, 1.8066632130069307e-05, 1.6255636749605536e-05]"
481,"[1.8245547052817924e-07, 2.2027099619504036e-07, 2.2886798843389587e-07, 2.2360321768989146e-07, 1.9759436864796162e-07]","[1.274064128158952e-05, 1.579165278789485e-05, 1.6352955978370028e-05, 1.5961747830426645e-05, 1.419928106278775e-05]"
482,"[2.0705158505356885e-07, 2.4082297788002574e-07, 2.356400552209039e-07, 2.2970578028955946e-07, 2.0774522565499928e-07]","[1.4701093275091864e-05, 1.7057673312906524e-05, 1.6354513251954588e-05, 1.5922180165965196e-05, 1.4588349422073734e-05]"
483,"[1.8331031841715635e-07, 2.2408633999029285e-07, 2.3080254960382267e-07, 2.2527897184380376e-07, 2.0057114711942212e-07]","[1.2561445930192133e-05, 1.539771663970959e-05, 1.5863421014327273e-05, 1.5483877110361206e-05, 1.3786511271728133e-05]"
484,"[1.5904653793964078e-07, 1.9530154509299353e-07, 2.036580377999059e-07, 1.9889404946573786e-07, 1.7610264648437874e-07]","[1.2126974915618037e-05, 1.4745187603924107e-05, 1.5121507308537609e-05, 1.4759192069960494e-05, 1.3153541059113773e-05]"
485,"[3.044857073697633e-07, 3.585383385431954e-07, 3.493749210551494e-07, 3.4032427858795916e-07, 3.099200143073262e-07]","[1.782653307042447e-05, 2.118332642811861e-05, 2.07288423205233e-05, 2.0189053073496206e-05, 1.8385705358460768e-05]"
486,"[2.804575284360202e-07, 3.282098574325505e-07, 3.1325323670918163e-07, 3.0477146270412965e-07, 2.807518301910969e-07]","[1.4146225058672487e-05, 1.7028474966130903e-05, 1.6878201458212454e-05, 1.6444707162786588e-05, 1.49098026646426e-05]"
487,"[2.3960306762374406e-07, 2.866438818055023e-07, 2.9348906201954116e-07, 2.865677040376239e-07, 2.5480590391958164e-07]","[1.4437605594001767e-05, 1.7870344160187965e-05, 1.833922051612185e-05, 1.7891588475685985e-05, 1.5992353697389725e-05]"
488,"[1.427123326084938e-07, 1.7052167977746218e-07, 1.721941600698289e-07, 1.679904639926291e-07, 1.5046682679331396e-07]","[9.149105635134293e-06, 1.109732102638711e-05, 1.1132274520231557e-05, 1.0852273764688079e-05, 9.78534791190673e-06]"
489,"[1.83805154879658e-07, 2.2163326416110102e-07, 2.218451165149023e-07, 2.1625856847759106e-07, 1.951540915751947e-07]","[1.2656374902544615e-05, 1.5283736430105654e-05, 1.5052743344174642e-05, 1.4658168342999497e-05, 1.3350736048588792e-05]"
490,"[2.1048152093766327e-07, 2.4635613043597673e-07, 2.399733506501799e-07, 2.3371265052109313e-07, 2.1301130416802354e-07]","[1.2596225927345574e-05, 1.495450547545536e-05, 1.479431935438161e-05, 1.4419158882449183e-05, 1.3048726850545647e-05]"
491,"[1.9664060438777445e-07, 2.357448626888091e-07, 2.381290145940392e-07, 2.3232626329895584e-07, 2.0807950494810504e-07]","[1.1968712849908879e-05, 1.4448990095149362e-05, 1.4558761119493622e-05, 1.4196845531438294e-05, 1.2764061101765132e-05]"
492,"[1.9995096231103707e-07, 2.3556913092384815e-07, 2.3271601262679887e-07, 2.2687021139884629e-07, 2.049079743426692e-07]","[1.1875362039818747e-05, 1.4326714239656232e-05, 1.452826483912695e-05, 1.4173095211741485e-05, 1.269522101820852e-05]"
493,"[2.1289838536737227e-07, 2.5423026987861774e-07, 2.529349562619023e-07, 2.4655801720284577e-07, 2.2271550687807102e-07]","[1.2816980648782734e-05, 1.5671317671988212e-05, 1.6039662540632105e-05, 1.564934768573343e-05, 1.3985250512099128e-05]"
494,"[2.5331561619364383e-07, 2.9386408072472847e-07, 2.782875146259905e-07, 2.7072807063474455e-07, 2.4976070032848227e-07]","[1.5559765889281318e-05, 1.8326660494443054e-05, 1.7938494701184094e-05, 1.747801976627231e-05, 1.5877029983689696e-05]"
495,"[2.0814745296586716e-07, 2.497528615348162e-07, 2.5121157294509143e-07, 2.449429266135357e-07, 2.205039477460153e-07]","[1.2760298787504803e-05, 1.5255637454332172e-05, 1.5275243728408345e-05, 1.489453121086871e-05, 1.3411553547040454e-05]"
496,"[2.3132431019521155e-07, 2.7452982247633057e-07, 2.7170715161579367e-07, 2.6487528068877586e-07, 2.3954115366217837e-07]","[1.4661247470506006e-05, 1.7540858170734376e-05, 1.7493951978579615e-05, 1.7054318860760136e-05, 1.5388953950351013e-05]"
497,"[1.9900889890824146e-07, 2.3975503677652e-07, 2.3956195563585795e-07, 2.3354398125776986e-07, 2.106422119496844e-07]","[1.2640291395952194e-05, 1.5177826651937351e-05, 1.5270654359693358e-05, 1.4892974975232714e-05, 1.3380325836368558e-05]"
498,"[1.9979840328417244e-07, 2.4305681837208067e-07, 2.5073443466395785e-07, 2.4477910562556447e-07, 2.1753047573190004e-07]","[1.3200838718311068e-05, 1.6070947113575982e-05, 1.630317295987812e-05, 1.5900380250707566e-05, 1.4266301882402396e-05]"
499,"[2.205251394383421e-07, 2.659605765679288e-07, 2.6856338823300487e-07, 2.6192055055858407e-07, 2.3523791174378342e-07]","[1.4682130448367616e-05, 1.7720986559021305e-05, 1.7764308464855297e-05, 1.7318223661915207e-05, 1.561126967141616e-05]"
500,"[2.1675411680412023e-07, 2.6452705987716326e-07, 2.7102616521939236e-07, 2.644883392795427e-07, 2.3597613469310496e-07]","[1.3995148902524402e-05, 1.69182370532835e-05, 1.706085755852885e-05, 1.6636942321295475e-05, 1.4954279936493661e-05]"
501,"[2.033770821265314e-07, 2.4390482007405426e-07, 2.4965420207803414e-07, 2.436985710627025e-07, 2.1692668510568921e-07]","[1.3724820321856581e-05, 1.605116114664106e-05, 1.578350185744539e-05, 1.5385366551523403e-05, 1.3924675318535826e-05]"
502,"[2.285219187058858e-07, 2.67754884512218e-07, 2.6316255345630806e-07, 2.5650879016002963e-07, 2.3234972254134287e-07]","[1.542236761301021e-05, 1.839113278053873e-05, 1.8321745758491395e-05, 1.786274316222633e-05, 1.6111320925543646e-05]"
503,"[2.2015401169119576e-07, 2.599737004244532e-07, 2.6449570083764087e-07, 2.5822267095042855e-07, 2.299417582399286e-07]","[1.4882940833773169e-05, 1.8052477706907495e-05, 1.8329735307163428e-05, 1.7880659549127388e-05, 1.601834885852443e-05]"
504,"[3.3863499992635704e-07, 3.9042771796934605e-07, 3.724694334378015e-07, 3.6239970237139906e-07, 3.33640590376375e-07]","[1.7604085933873183e-05, 2.0738811528353117e-05, 1.9959594470908873e-05, 1.9423604639922254e-05, 1.7835469005619692e-05]"
505,"[2.7506693649659555e-07, 3.1879299223810717e-07, 3.069728484976231e-07, 2.9894408673257974e-07, 2.733774264284005e-07]","[1.5976377274796057e-05, 1.865350489258455e-05, 1.81527918310349e-05, 1.7683043291634942e-05, 1.6097059908357265e-05]"
506,"[2.422064550874084e-07, 2.8309985494593663e-07, 2.724231323055191e-07, 2.652468402230665e-07, 2.431487147479648e-07]","[1.3973380887337644e-05, 1.650166281021632e-05, 1.604161229042581e-05, 1.5622344783813916e-05, 1.4254055520336319e-05]"
507,"[2.5634508740772535e-07, 3.047874197428168e-07, 3.0091397371700473e-07, 2.932039121716409e-07, 2.658679924610464e-07]","[1.5674075682382696e-05, 1.8860737429310848e-05, 1.893471664183095e-05, 1.846339730777857e-05, 1.661605357645123e-05]"
508,"[2.421511087247583e-07, 2.8714639474499684e-07, 2.843481309625427e-07, 2.7724745117549447e-07, 2.503527463041111e-07]","[1.6403416383765387e-05, 1.995466387050275e-05, 1.9979461732643205e-05, 1.9474102533569326e-05, 1.7585235864406607e-05]"
509,"[2.1902046795517117e-07, 2.614102846251731e-07, 2.606658975192392e-07, 2.541344552050308e-07, 2.2928891807668923e-07]","[1.4774414220539841e-05, 1.785901443475168e-05, 1.7761093568395363e-05, 1.7307044345273275e-05, 1.5671205167594664e-05]"
510,"[2.2469286578459622e-07, 2.70740672639703e-07, 2.7606674636115887e-07, 2.6936712117476325e-07, 2.4071594077979377e-07]","[1.3731192396889376e-05, 1.6561853473079827e-05, 1.6631767282662527e-05, 1.6217012373639264e-05, 1.4596994789743308e-05]"
511,"[2.163553994261031e-07, 2.563148933305785e-07, 2.5918263004089325e-07, 2.528936386398007e-07, 2.263394523877704e-07]","[1.4756151331292587e-05, 1.7858095741880547e-05, 1.784009267827141e-05, 1.7388245848165973e-05, 1.570825598055075e-05]"
512,"[2.661568111930574e-07, 3.1649952767408575e-07, 3.1109537447595287e-07, 3.030891136739823e-07, 2.7540777730485445e-07]","[1.592379483227432e-05, 1.9253821483235277e-05, 1.9276393102183437e-05, 1.879143766681999e-05, 1.6950941311254487e-05]"
513,"[2.448608694160263e-07, 2.9168639147123177e-07, 2.9629791199870263e-07, 2.89181132453023e-07, 2.5810095919227764e-07]","[1.63397104338806e-05, 1.985137592853573e-05, 2.0060592231048877e-05, 1.956267443169212e-05, 1.7578088430387518e-05]"
514,"[2.546493854621221e-07, 3.0078097896382516e-07, 2.972308715349017e-07, 2.897490258576942e-07, 2.61916870971551e-07]","[1.759782976134451e-05, 2.119077704385365e-05, 2.115292052377806e-05, 2.0617836874999298e-05, 1.8622998910765663e-05]"
515,"[2.1787715350126773e-07, 2.5608732569963857e-07, 2.537975115523322e-07, 2.4748161902215546e-07, 2.2300458686695554e-07]","[1.4515647863036507e-05, 1.730870697020361e-05, 1.7126935894679322e-05, 1.6691514963908562e-05, 1.5108757742160976e-05]"
516,"[2.2591372474767744e-07, 2.650516209710954e-07, 2.616083942285311e-07, 2.551122302426189e-07, 2.2999228855906493e-07]","[1.568593950549149e-05, 1.883517617890848e-05, 1.8758852688449568e-05, 1.8283479934508535e-05, 1.6524207374645044e-05]"
517,"[2.385088649196133e-07, 2.846223458406696e-07, 2.8270928506630116e-07, 2.756344416225053e-07, 2.488337128132549e-07]","[1.5663398239470574e-05, 1.8660836811858777e-05, 1.84634587259809e-05, 1.7995164828348507e-05, 1.6286603166248118e-05]"
518,"[2.853559275674976e-07, 3.3229119982296835e-07, 3.198554778649034e-07, 3.114110460095102e-07, 2.847825568392381e-07]","[1.9098365664996393e-05, 2.266324703890256e-05, 2.2253844591773762e-05, 2.167985368853108e-05, 1.9699131791719708e-05]"
519,"[2.571731133281872e-07, 3.109740312532424e-07, 3.1626026331455993e-07, 3.085332811753704e-07, 2.75999382853894e-07]","[1.624883491362207e-05, 1.9568863362368617e-05, 1.9474420330948135e-05, 1.8979183472375343e-05, 1.7166682810341808e-05]"
520,"[2.4254841367647786e-07, 2.9302590942366386e-07, 3.011964705969038e-07, 2.9400216073667944e-07, 2.6187005978098725e-07]","[1.682355253321533e-05, 2.0033361322340564e-05, 1.9727916593722467e-05, 1.9221425674454376e-05, 1.7448207624037262e-05]"
521,"[2.685910109808596e-07, 3.1777555382793007e-07, 3.112376819427429e-07, 3.0322513843941564e-07, 2.756817876836958e-07]","[1.7554359762676137e-05, 2.0736399937814887e-05, 2.0294028035726714e-05, 1.9772974920894828e-05, 1.7961299738236303e-05]"
522,"[2.6677585954294057e-07, 3.1788123454087195e-07, 3.2203217160121977e-07, 3.1417540502807584e-07, 2.813900911541671e-07]","[1.7387132937516177e-05, 2.0475190895138072e-05, 2.0244530804250734e-05, 1.9736299787230995e-05, 1.7825099981794002e-05]"
523,"[2.654559594874965e-07, 3.1029806452578573e-07, 3.0392061687269825e-07, 2.9626120589847046e-07, 2.6790190350344163e-07]","[1.6197789697607054e-05, 1.926277480186815e-05, 1.910874609841284e-05, 1.8626616708083307e-05, 1.6833894388635994e-05]"
524,"[2.7407588363165727e-07, 3.32174235165064e-07, 3.416588387306436e-07, 3.337200515913747e-07, 2.957571283346804e-07]","[1.7559884384691025e-05, 2.126465184174432e-05, 2.1916923847698827e-05, 2.140118331292766e-05, 1.8998026232995753e-05]"
525,"[2.336496024538121e-07, 2.8714582183438787e-07, 3.1038466268639397e-07, 3.0355819924689537e-07, 2.646812593144627e-07]","[1.537814682958874e-05, 1.858751698518399e-05, 1.8813380630380277e-05, 1.8353006066753388e-05, 1.6448297547370527e-05]"
526,"[2.7158755576761846e-07, 3.199090664871665e-07, 3.1869777413523414e-07, 3.108143760077348e-07, 2.798200441524738e-07]","[1.8910231127023804e-05, 2.2568327226912187e-05, 2.2089235410683166e-05, 2.151058350370778e-05, 1.961075704486424e-05]"
527,"[3.0127107271904147e-07, 3.517968892455296e-07, 3.4783506857573663e-07, 3.3931028624068544e-07, 3.054359993980391e-07]","[1.830523242628299e-05, 2.18698080347925e-05, 2.189773673639239e-05, 2.1355232717205452e-05, 1.9211833421153806e-05]"
528,"[2.583509726471104e-07, 3.1190096821121433e-07, 3.140261455884591e-07, 3.063276958224388e-07, 2.7527229175712866e-07]","[1.6686139388739865e-05, 2.0324342076809398e-05, 2.0505843208481714e-05, 1.999419056961438e-05, 1.7987137657497806e-05]"
529,"[2.683561746905938e-07, 3.3010612273709124e-07, 3.397167498233045e-07, 3.316491376859639e-07, 2.954125572787072e-07]","[1.5346792511226435e-05, 1.8665299021542856e-05, 1.932159675619502e-05, 1.8867203711923063e-05, 1.673674151247044e-05]"
530,"[2.4475732601883316e-07, 2.975692050453707e-07, 3.083504163687805e-07, 3.011226894459025e-07, 2.668518046097593e-07]","[1.6228527268545907e-05, 1.9647801450456348e-05, 1.9854418034507692e-05, 1.9363631433421084e-05, 1.7385858688168348e-05]"
531,"[2.881824875739654e-07, 3.391364402843708e-07, 3.3623608172255555e-07, 3.278081288726441e-07, 2.959817809169818e-07]","[1.7539417031844664e-05, 2.136298787236846e-05, 2.1735362050147964e-05, 2.1202811923835847e-05, 1.8989566929667346e-05]"
532,"[2.6817134206900216e-07, 3.305716274233933e-07, 3.414567177425736e-07, 3.3334207144001545e-07, 2.9659529490405766e-07]","[1.7859501275936826e-05, 2.1604292703148162e-05, 2.162003405436499e-05, 2.107408427636465e-05, 1.9022113036062168e-05]"
533,"[2.947281528522659e-07, 3.5717975452955577e-07, 3.655210922575646e-07, 3.5673124053857594e-07, 3.181121897540086e-07]","[1.7230605517375498e-05, 2.0733314497177666e-05, 2.094647397703648e-05, 2.0434115446788473e-05, 1.8318041453343247e-05]"
534,"[2.728400678808243e-07, 3.277279819622996e-07, 3.3309619892670477e-07, 3.2515466154582553e-07, 2.899765095487869e-07]","[1.601526018256808e-05, 1.9435218897388296e-05, 1.966949574566992e-05, 1.918320108293495e-05, 1.7220131396672654e-05]"
535,"[3.0916245778070377e-07, 3.707725840980543e-07, 3.7558429048491305e-07, 3.665480943353271e-07, 3.2777834439539436e-07]","[1.623807381062773e-05, 1.9391263686365794e-05, 1.9644756600647616e-05, 1.916854044400974e-05, 1.7150652901424996e-05]"
536,"[2.7617003134916633e-07, 3.2727494703256867e-07, 3.305990403051017e-07, 3.2264733727148864e-07, 2.8833092853930976e-07]","[1.4549686359085485e-05, 1.789672419108832e-05, 1.8699219352819154e-05, 1.82640179172184e-05, 1.6152221446989158e-05]"
537,"[2.918338649548637e-07, 3.4604690013639177e-07, 3.4918216468679774e-07, 3.4077797761729393e-07, 3.0441928874055633e-07]","[1.5273152213795853e-05, 1.829536155653546e-05, 1.892882645099316e-05, 1.849314794816782e-05, 1.6346130339500073e-05]"
538,"[3.2232610117566933e-07, 3.768534124960126e-07, 3.7059474538177436e-07, 3.611950070095978e-07, 3.273645429816974e-07]","[1.7045849918589074e-05, 1.987489689852451e-05, 1.9494847201799288e-05, 1.900424336532788e-05, 1.72008536890116e-05]"
539,"[3.108172476123212e-07, 3.6692626369476894e-07, 3.620668975413933e-07, 3.5292457906867383e-07, 3.191498902926235e-07]","[1.718258088483219e-05, 2.0590635125608967e-05, 2.0662290661169676e-05, 2.0150486337861268e-05, 1.811918984030694e-05]"
540,"[3.3687571415253925e-07, 3.9775991062390904e-07, 3.971664849773907e-07, 3.873088394259843e-07, 3.484586113679652e-07]","[1.6244524357813187e-05, 1.933842850203882e-05, 1.9457253197581466e-05, 1.898595715446816e-05, 1.7006884985151875e-05]"
541,"[3.2928070014450905e-07, 3.876083043335905e-07, 3.934241849691217e-07, 3.8416718036182523e-07, 3.419701248629257e-07]","[1.6396591337427077e-05, 1.9683293924336544e-05, 2.0169131776118832e-05, 1.969101253865297e-05, 1.751703651397507e-05]"
542,"[3.2269054597238276e-07, 3.944421003024379e-07, 4.065019928925294e-07, 3.96757260587517e-07, 3.533472603318644e-07]","[1.6491202932448354e-05, 1.958866469899292e-05, 1.9348825033368106e-05, 1.8856543404309062e-05, 1.7080114521141416e-05]"
543,"[3.149973705129641e-07, 3.724903327451851e-07, 3.82142372951611e-07, 3.7313195649926966e-07, 3.315295126188239e-07]","[1.5637813525372233e-05, 1.8269203381461125e-05, 1.8233382436209264e-05, 1.778801680525818e-05, 1.5968392861168585e-05]"
544,"[3.17205714158969e-07, 3.801466427033973e-07, 3.8671427801786737e-07, 3.7753135468244577e-07, 3.3585334405578484e-07]","[1.6591468652299386e-05, 1.9813546913627266e-05, 1.9482197244505967e-05, 1.897911904349694e-05, 1.725018690629879e-05]"
545,"[3.108924446960919e-07, 3.676691151887417e-07, 3.639549537152457e-07, 3.548363673212513e-07, 3.20793173984678e-07]","[1.5673788004728032e-05, 1.831540493712804e-05, 1.8019913869733724e-05, 1.75704159548997e-05, 1.587527358308038e-05]"
546,"[2.772199670565063e-07, 3.310223721274732e-07, 3.450837989716828e-07, 3.3730168068824623e-07, 2.964110666329615e-07]","[1.4971545216147459e-05, 1.8152557784799277e-05, 1.8831357269920103e-05, 1.8396862692531803e-05, 1.626758819636377e-05]"
547,"[3.373273519197703e-07, 3.987717031020621e-07, 3.949583297804869e-07, 3.8508361971904304e-07, 3.4766179555008896e-07]","[1.6103070883014317e-05, 1.8858990163375376e-05, 1.8622150630822003e-05, 1.8161565698617704e-05, 1.637818455395854e-05]"
548,"[3.177768064211922e-07, 3.8366789683312534e-07, 3.973192554039477e-07, 3.8819400883169505e-07, 3.4297006904345654e-07]","[1.4071848895948677e-05, 1.750945616583892e-05, 1.861097746387638e-05, 1.8190563075384913e-05, 1.596838109352135e-05]"
549,"[3.441584806973717e-07, 4.1311268427185837e-07, 4.1356762928702685e-07, 4.031956742593276e-07, 3.6355063084809254e-07]","[1.548618573203195e-05, 1.882243959261404e-05, 1.9402755033362802e-05, 1.8943055150485915e-05, 1.6834080771736645e-05]"
550,"[3.026328021320578e-07, 3.610027359692001e-07, 3.7130209189526783e-07, 3.626166853022783e-07, 3.213139912107398e-07]","[1.4417570666173214e-05, 1.7283725846553893e-05, 1.762315399412836e-05, 1.720246160146481e-05, 1.5333453939963395e-05]"
551,"[3.3108581823238334e-07, 3.9785369633559794e-07, 4.2292588090982035e-07, 4.137247821974894e-07, 3.6084634493874536e-07]","[1.5779085832463894e-05, 1.8772121928987475e-05, 1.960464868833964e-05, 1.9157442036728276e-05, 1.6873755121984763e-05]"
552,"[3.174348022979139e-07, 3.8427676699390107e-07, 3.969631782038886e-07, 3.8770905431614227e-07, 3.4334397449963675e-07]","[1.4144583728832122e-05, 1.7381264808146844e-05, 1.8164912717476736e-05, 1.77453468199783e-05, 1.5676791624980205e-05]"
553,"[3.2123193192452253e-07, 3.7235703126760853e-07, 3.6748641843332495e-07, 3.584924657622339e-07, 3.221419765463722e-07]","[1.506534562436738e-05, 1.8056805263887518e-05, 1.8495259356585008e-05, 1.8058638729793464e-05, 1.605280626780468e-05]"
554,"[3.642932210622364e-07, 4.308480433389605e-07, 4.2886547806833683e-07, 4.1817361282854605e-07, 3.7653945272693324e-07]","[1.4104977601503766e-05, 1.666390755651389e-05, 1.6851385464205255e-05, 1.6449500283637824e-05, 1.4681274794245437e-05]"
555,"[3.4421983033772205e-07, 4.1549623178726664e-07, 4.2229640462342175e-07, 4.12081840881737e-07, 3.6801501862185127e-07]","[1.5181105355714559e-05, 1.8127438670059107e-05, 1.8608225323897993e-05, 1.8174891148580258e-05, 1.611822774730476e-05]"
556,"[3.311618130967084e-07, 4.060309622167948e-07, 4.272381866244724e-07, 4.175642842932157e-07, 3.6714316934639275e-07]","[1.5042272172750942e-05, 1.825419071757408e-05, 1.8788358856916537e-05, 1.8342291559544087e-05, 1.630956362242151e-05]"
557,"[3.53442162891477e-07, 4.373852632848762e-07, 4.582995565892999e-07, 4.477146317341322e-07, 3.957408842663377e-07]","[1.525635882399479e-05, 1.831240174872227e-05, 1.880878283170744e-05, 1.8367062429428986e-05, 1.631317581859355e-05]"
558,"[3.5905798946826803e-07, 4.303896432012853e-07, 4.318833390438094e-07, 4.211966298430884e-07, 3.788540410963179e-07]","[1.5605992047512993e-05, 1.8334025125402458e-05, 1.8182377712882252e-05, 1.7730806451725103e-05, 1.598152687989256e-05]"
559,"[3.194614318986662e-07, 3.899504755579881e-07, 4.0048104930404887e-07, 3.9083081045726887e-07, 3.486013727167799e-07]","[1.7036550916988354e-05, 2.0541429728739696e-05, 2.0653088392879134e-05, 2.0139826744615806e-05, 1.8113448273190765e-05]"
560,"[3.6842527419278897e-07, 4.417866506083952e-07, 4.461008023862793e-07, 4.351599104942936e-07, 3.900636531721584e-07]","[1.4275904522172704e-05, 1.6982145052127957e-05, 1.7615550491540332e-05, 1.7215913476431938e-05, 1.518385944620024e-05]"
561,"[3.34541676438065e-07, 4.06723960262671e-07, 4.1862334637736947e-07, 4.085663830287263e-07, 3.6397806981449136e-07]","[1.5011285492259945e-05, 1.8306431508786074e-05, 1.8792417520923256e-05, 1.8343696989095193e-05, 1.6337286697501473e-05]"
562,"[3.7286232567172723e-07, 4.558558022894719e-07, 4.633632836725317e-07, 4.518693786486602e-07, 4.0547911946906655e-07]","[1.529610925123524e-05, 1.844692472364785e-05, 1.8862220692613185e-05, 1.841108423673631e-05, 1.6408319508141688e-05]"
563,"[3.6225741302093707e-07, 4.3809557950707176e-07, 4.5015516385447766e-07, 4.3942816685934254e-07, 3.9080251873104926e-07]","[1.491998495104439e-05, 1.7880733564370887e-05, 1.8435970629675944e-05, 1.8005805287299213e-05, 1.5962484607194977e-05]"
564,"[3.429310207614716e-07, 4.174962949950409e-07, 4.2504132290018615e-07, 4.1466643066481606e-07, 3.709393295411966e-07]","[1.5548143126386317e-05, 1.8311773748306825e-05, 1.832002414527289e-05, 1.787451635129144e-05, 1.603664304416551e-05]"
565,"[4.6726993891354215e-07, 5.440471574381477e-07, 5.214174494287202e-07, 5.076365659546914e-07, 4.6505836844263445e-07]","[2.1386384422163856e-05, 2.505321643169398e-05, 2.4233377968064887e-05, 2.3597672984098117e-05, 2.1563391118383845e-05]"
566,"[2.777262126325979e-07, 3.2353923808105776e-07, 3.2729652848781245e-07, 3.1944950226521783e-07, 2.850363980405514e-07]","[1.7926193177596394e-05, 2.134741419417251e-05, 2.0923528034506168e-05, 2.037986436521956e-05, 1.8549537570561384e-05]"
567,"[2.7208871904815156e-07, 3.2479203935800183e-07, 3.241201837850212e-07, 3.1601473801606214e-07, 2.8512428813435853e-07]","[1.5741488278901846e-05, 1.9155987066941978e-05, 1.9511545876210167e-05, 1.9035650934773527e-05, 1.7031162476148977e-05]"
568,"[2.79496594513413e-07, 3.260611604487447e-07, 3.1829639301509585e-07, 3.1004768954003584e-07, 2.822580848105531e-07]","[1.772584363904487e-05, 2.0840712140265042e-05, 2.0017821732727295e-05, 1.948144083788581e-05, 1.789014865998904e-05]"
569,"[2.970505517414162e-07, 3.4679516375914326e-07, 3.381193310617276e-07, 3.29353805644803e-07, 2.997544081416408e-07]","[1.8756831464731102e-05, 2.249801087359172e-05, 2.248248971777332e-05, 2.1917400969300542e-05, 1.9769687072043177e-05]"
570,"[2.219165837707194e-07, 2.6858553805913233e-07, 2.80781811386844e-07, 2.7434255597863525e-07, 2.4203460742168015e-07]","[1.580254184521751e-05, 1.907086143257744e-05, 1.9208910281144942e-05, 1.8732892021341706e-05, 1.6834752790208047e-05]"
571,"[2.6529145797675044e-07, 3.112171228662079e-07, 3.013343560329039e-07, 2.9344329621171674e-07, 2.681170606646692e-07]","[1.7118149248868108e-05, 2.0199015879688095e-05, 1.9554749550081524e-05, 1.9036333618493724e-05, 1.7419797269885104e-05]"
572,"[2.4600236999166633e-07, 2.9393461790343386e-07, 2.9928999585789785e-07, 2.921404713298429e-07, 2.599404459897881e-07]","[1.6740425393637585e-05, 2.044691984450948e-05, 2.0650539341516134e-05, 2.013391779871355e-05, 1.8117182340181995e-05]"
573,"[3.16129064205976e-07, 3.745238791262035e-07, 3.7761871947231365e-07, 3.684701230227067e-07, 3.295605556993762e-07]","[1.8595562373658063e-05, 2.2373094675950294e-05, 2.2508067939368583e-05, 2.1949952909896897e-05, 1.973398322633719e-05]"
574,"[2.4099416955552854e-07, 2.916837320916136e-07, 2.958066956388135e-07, 2.8856180390135297e-07, 2.5867946993067366e-07]","[1.6803367376321907e-05, 2.0613408623755178e-05, 2.0964743619813954e-05, 2.0447782909419372e-05, 1.8335575000849543e-05]"
575,"[2.719542341787381e-07, 3.190654207751187e-07, 3.186681899189766e-07, 3.1084909380394465e-07, 2.7941006985056875e-07]","[1.756695396291277e-05, 2.1220972409874777e-05, 2.1415135613130694e-05, 2.088429901020198e-05, 1.876579793273776e-05]"
576,"[2.5713301489361563e-07, 3.001996442132215e-07, 2.8949255003591655e-07, 2.819448438963546e-07, 2.575263737489583e-07]","[1.5074316604125036e-05, 1.8068738710725972e-05, 1.801015716927356e-05, 1.755644201259511e-05, 1.5851454595599036e-05]"
577,"[2.3098983950729116e-07, 2.882250137826177e-07, 3.041374296862623e-07, 2.9711295394262285e-07, 2.621120465636514e-07]","[1.6863367206591707e-05, 2.0600150745748975e-05, 2.088544451474312e-05, 2.036863843613923e-05, 1.828485119278783e-05]"
578,"[2.616436598580676e-07, 3.1774687170732384e-07, 3.3478296260354224e-07, 3.2726568387899235e-07, 2.869351811977769e-07]","[1.6301513106774837e-05, 2.0055885804515337e-05, 2.0977751523944766e-05, 2.0491044749518335e-05, 1.81087248407971e-05]"
579,"[3.0192984209638395e-07, 3.588918539864581e-07, 3.5916167968957825e-07, 3.503184620111683e-07, 3.1457868438263294e-07]","[1.888003548400778e-05, 2.253151906902401e-05, 2.214000380702573e-05, 2.1566025030601344e-05, 1.961314448540328e-05]"
580,"[2.413789786436915e-07, 2.928318453340801e-07, 3.038775709735008e-07, 2.9684531490918956e-07, 2.6298701097808944e-07]","[1.6855546262211108e-05, 2.0567983325704677e-05, 2.0763933723989556e-05, 2.0245729617452433e-05, 1.8212159470466964e-05]"
581,"[3.0029208395373134e-07, 3.5780652659121417e-07, 3.607223749774666e-07, 3.517826654845634e-07, 3.1596623983398764e-07]","[1.7912871734344958e-05, 2.1230882100039956e-05, 2.09843028311491e-05, 2.044915325268154e-05, 1.85220732734718e-05]"
582,"[2.9914352099174914e-07, 3.6340526208335875e-07, 3.7340699231067813e-07, 3.6454644139626486e-07, 3.2420425058361985e-07]","[1.8097534150520147e-05, 2.1871001098601188e-05, 2.1911510086896205e-05, 2.1362176853414166e-05, 1.9255789096844444e-05]"
583,"[2.8918243624562324e-07, 3.395309293196364e-07, 3.2944419221290896e-07, 3.2092277582274687e-07, 2.9206546142838204e-07]","[1.8002732451590006e-05, 2.1597955658140808e-05, 2.1222402382153918e-05, 2.0668804757946188e-05, 1.881828563562072e-05]"
584,"[2.7635462444425126e-07, 3.345468252656741e-07, 3.4801400443710804e-07, 3.401811537688574e-07, 2.999633363789409e-07]","[1.691205542935858e-05, 2.0364724617010512e-05, 2.1115968356075187e-05, 2.0630028215319814e-05, 1.8238247412817878e-05]"
585,"[2.830150775235559e-07, 3.377310350897178e-07, 3.353516096933656e-07, 3.268789654927091e-07, 2.952952200019036e-07]","[1.7135070980517512e-05, 2.0676333397644124e-05, 2.0786209724942163e-05, 2.0267427842293773e-05, 1.8241712338962163e-05]"
586,"[2.792175133204759e-07, 3.313973148892473e-07, 3.27117943181007e-07, 3.187810488894661e-07, 2.886136477133531e-07]","[1.6728625742611525e-05, 2.0059394400988826e-05, 1.980411999319888e-05, 1.9292455924693474e-05, 1.7520931195685616e-05]"
587,"[2.9524787076230356e-07, 3.548104281104359e-07, 3.607971243685692e-07, 3.5201911586121976e-07, 3.147499782887943e-07]","[1.6768386692374996e-05, 2.0297575113325167e-05, 2.051035538709846e-05, 2.0003624944656756e-05, 1.7960881412203394e-05]"
588,"[2.723408361080812e-07, 3.316787015799177e-07, 3.39624638448129e-07, 3.3150450538883223e-07, 2.95400482533095e-07]","[1.6848663077100394e-05, 2.0394567099879034e-05, 2.0688462184974733e-05, 2.0183940019430147e-05, 1.8073537125818735e-05]"
589,"[2.810877678359912e-07, 3.346645821771984e-07, 3.3148308032581726e-07, 3.230592161374515e-07, 2.9272567457444947e-07]","[1.768911214318789e-05, 2.118655772467636e-05, 2.1068517131622625e-05, 2.0534244826182497e-05, 1.856675025788284e-05]"
590,"[2.619190858476063e-07, 3.209331923999982e-07, 3.3854972304123587e-07, 3.3095118345254677e-07, 2.9043472197980876e-07]","[1.6385185366563794e-05, 1.960915231835195e-05, 1.9948086739423735e-05, 1.9470466174358205e-05, 1.737019283538055e-05]"
591,"[2.682115001263316e-07, 3.311753935847886e-07, 3.5064659753295903e-07, 3.4262587323180947e-07, 3.0149321031950615e-07]","[1.6002365861782077e-05, 1.9542582256001586e-05, 2.0077081317934938e-05, 1.959484733807004e-05, 1.7464370526559397e-05]"
592,"[2.8039831891002047e-07, 3.352461466294463e-07, 3.3764880952186005e-07, 3.295113735998107e-07, 2.9525384249974527e-07]","[1.6023274571966277e-05, 1.940680755642826e-05, 1.9634769274994697e-05, 1.9151976996159396e-05, 1.7179921287401347e-05]"
593,"[2.8248552115150464e-07, 3.4256236568816924e-07, 3.559991092342433e-07, 3.477695046529397e-07, 3.0714710322194605e-07]","[1.6641247015097557e-05, 2.0014468594910374e-05, 2.0405880674145265e-05, 1.9915234307190832e-05, 1.777313258725079e-05]"
594,"[2.706771835256012e-07, 3.2394836071781285e-07, 3.247417377280082e-07, 3.165926483726305e-07, 2.8524976169872486e-07]","[1.5544509887555713e-05, 1.883735136207488e-05, 1.9052151225664234e-05, 1.8583405948528585e-05, 1.66749248120608e-05]"
595,"[3.121948966736365e-07, 3.7875679474008265e-07, 3.817211719954033e-07, 3.7229987207629234e-07, 3.3484547092797583e-07]","[1.5069601932179652e-05, 1.8043791078377294e-05, 1.8149132333606484e-05, 1.7701775081072158e-05, 1.589650379882358e-05]"
596,"[2.6118599588985655e-07, 3.0879025202699104e-07, 3.1092142368810093e-07, 3.034479700563426e-07, 2.7125291821771954e-07]","[1.532958206895064e-05, 1.8455270478159183e-05, 1.869026903199894e-05, 1.823376178297237e-05, 1.633202892269478e-05]"
597,"[2.8886336442923356e-07, 3.387609098986667e-07, 3.5205362860849207e-07, 3.442734336891136e-07, 3.0253011993404547e-07]","[1.4678768302577565e-05, 1.7491178797094344e-05, 1.792120368821929e-05, 1.7500488984577752e-05, 1.5546340796356453e-05]"
598,"[2.8456009339130267e-07, 3.424321712734238e-07, 3.4650230104949306e-07, 3.3818866377857136e-07, 3.0240610976569157e-07]","[1.630482857623585e-05, 1.953690048516098e-05, 1.9595672384010375e-05, 1.9109188194687057e-05, 1.7191325801496288e-05]"
599,"[2.898514737652702e-07, 3.5932015106882374e-07, 3.796931313207876e-07, 3.710693575918339e-07, 3.262808696476476e-07]","[1.7057424085839297e-05, 2.048052342863951e-05, 2.082618034390721e-05, 2.0326487364610472e-05, 1.8142247607696963e-05]"
600,"[3.047674572531972e-07, 3.59257952134503e-07, 3.6068781252977383e-07, 3.519753303995095e-07, 3.14731204969394e-07]","[1.7681699281155668e-05, 2.0786178944657144e-05, 2.023973223604693e-05, 1.9717136496722373e-05, 1.7948373347990763e-05]"
601,"[2.8675476285583496e-07, 3.4473836114264727e-07, 3.47554518162701e-07, 3.390172523102774e-07, 3.0436214041374604e-07]","[1.5928434065969858e-05, 1.8994635703301876e-05, 1.9259647327296163e-05, 1.8793857738484156e-05, 1.6800554040420914e-05]"
602,"[2.9164637544950035e-07, 3.481075777749841e-07, 3.542078083339729e-07, 3.4564006263303127e-07, 3.088994545988425e-07]","[1.4399425686800155e-05, 1.7451321761698292e-05, 1.810769207747031e-05, 1.7688785468531394e-05, 1.564164525831486e-05]"
603,"[2.9299898773971765e-07, 3.463136910138497e-07, 3.386715346260561e-07, 3.300071408856852e-07, 2.9977791068596465e-07]","[1.4713377696252273e-05, 1.7635218301257347e-05, 1.784206432611466e-05, 1.7410562856226553e-05, 1.5574033352419436e-05]"
604,"[2.860127761105891e-07, 3.4255776035184784e-07, 3.422044325112921e-07, 3.3360108133875714e-07, 3.0096966867904687e-07]","[1.4965247794409032e-05, 1.7691169143550752e-05, 1.7395631765705314e-05, 1.695126622770544e-05, 1.5375006339707054e-05]"
605,"[3.181958986301024e-07, 3.83630711535471e-07, 3.982925265805588e-07, 3.8907135831390345e-07, 3.44111591311318e-07]","[1.9081531946315327e-05, 2.2934052462164412e-05, 2.3086713561720588e-05, 2.25164081082829e-05, 2.0227528310857096e-05]"
606,"[2.4117028706573216e-07, 2.9005333565234444e-07, 2.943859267104481e-07, 2.872294178824665e-07, 2.569691037505197e-07]","[1.7227419915047398e-05, 2.0478252134034126e-05, 2.025992930021619e-05, 1.974626964412611e-05, 1.786817989073236e-05]"
607,"[2.7432210166298823e-07, 3.300350389239251e-07, 3.3631882481636284e-07, 3.2816311423208334e-07, 2.931115712689192e-07]","[1.6768348573553007e-05, 2.030592882725153e-05, 2.0631885161789602e-05, 2.0128906315620322e-05, 1.8016854121624053e-05]"
608,"[3.1521470818312324e-07, 3.7754362648185343e-07, 3.880603986485719e-07, 3.7903223956302025e-07, 3.360798410617036e-07]","[1.833491340921512e-05, 2.175033801431788e-05, 2.160580646000499e-05, 2.1066422060929755e-05, 1.9005070596792384e-05]"
609,"[3.055897587081456e-07, 3.6167693700375585e-07, 3.622837038802257e-07, 3.53381167786102e-07, 3.172410930646506e-07]","[1.9844678661682934e-05, 2.3854844013702023e-05, 2.3926947854035824e-05, 2.3330861001264092e-05, 2.100128840624513e-05]"
610,"[2.696751783949006e-07, 3.2431544644438803e-07, 3.3003376349441773e-07, 3.220389852645388e-07, 2.8789442694970264e-07]","[1.8819522872173416e-05, 2.199278543604772e-05, 2.1517515526575196e-05, 2.096757081446226e-05, 1.9032363471560348e-05]"
611,"[2.852934387576804e-07, 3.51594378186252e-07, 3.6143151730547123e-07, 3.5263374614680864e-07, 3.1498384995838815e-07]","[2.142232661822735e-05, 2.633706504576223e-05, 2.6593417548202836e-05, 2.5923625358925822e-05, 2.335508001231125e-05]"
612,"[2.121301628524885e-07, 2.514627909451415e-07, 2.4535884998419736e-07, 2.3894712735296277e-07, 2.1792180165679719e-07]","[1.864027632250471e-05, 2.208899125553291e-05, 2.1167719903987455e-05, 2.0589936913238123e-05, 1.8973794396033024e-05]"
613,"[1.6311228868746411e-07, 2.003547972282556e-07, 2.051736524465103e-07, 2.001670462278478e-07, 1.7893892594121357e-07]","[1.3606885512204343e-05, 1.6545931517171804e-05, 1.6642954978710166e-05, 1.6224704294610292e-05, 1.4619548599629014e-05]"
614,"[1.4633258731969843e-07, 1.7864147774595598e-07, 1.8391516934232357e-07, 1.7954161272812035e-07, 1.5983355784806377e-07]","[1.1691657972209103e-05, 1.4136103256705263e-05, 1.4399383365354314e-05, 1.4050302197964619e-05, 1.2554880606857459e-05]"
615,"[1.1564047277056317e-07, 1.4045228644394553e-07, 1.4471836546143582e-07, 1.4129300434048602e-07, 1.25593351949688e-07]","[7.625212591076051e-06, 9.115438298514104e-06, 9.202841496129962e-06, 8.979960067269304e-06, 8.038102846866458e-06]"
616,"[1.2571510962679624e-07, 1.5695618285982422e-07, 1.6906706927539828e-07, 1.653565205912978e-07, 1.442299817248846e-07]","[8.411175883029381e-06, 1.0765405216097401e-05, 1.1876399443327025e-05, 1.1624496959209497e-05, 1.0049599524616468e-05]"
617,"[1.2317119861635024e-07, 1.5419320966600435e-07, 1.645707997209491e-07, 1.608690361497038e-07, 1.4110624313052084e-07]","[8.912868692255758e-06, 1.1190966488198653e-05, 1.1973846714043014e-05, 1.1704581149504726e-05, 1.0254337951570752e-05]"
618,"[1.439103491598371e-07, 1.755161347055378e-07, 1.8163188618985736e-07, 1.7733832659764735e-07, 1.5739942948690062e-07]","[1.0041526225160568e-05, 1.2410499837140034e-05, 1.2868827978038748e-05, 1.2562897657748275e-05, 1.1161239623880246e-05]"
619,"[1.5078046384940646e-07, 1.8588742572266864e-07, 1.9697366243853492e-07, 1.9252565729866436e-07, 1.690722677686211e-07]","[1.0103126748234253e-05, 1.223189452172944e-05, 1.252467448335355e-05, 1.22255155815655e-05, 1.0892611473720667e-05]"
620,"[1.3877725628310136e-07, 1.7216414777189663e-07, 1.8056580859504792e-07, 1.763748836978209e-07, 1.5579439490606828e-07]","[1.0617663750021942e-05, 1.298811727246242e-05, 1.325182283927703e-05, 1.29274314873936e-05, 1.1571491184534875e-05]"
621,"[1.5083692912901391e-07, 1.8555726322186207e-07, 1.9253171970128717e-07, 1.8795861119372415e-07, 1.6689627733807278e-07]","[1.0874405316613725e-05, 1.3324733669780544e-05, 1.3792043052315784e-05, 1.34640595563323e-05, 1.1964581418501991e-05]"
622,"[1.380701908190584e-07, 1.6712457950221234e-07, 1.7161899471091798e-07, 1.6751840357214096e-07, 1.4913841162039166e-07]","[1.0074448797003826e-05, 1.2113545459291535e-05, 1.2389459432625837e-05, 1.2092473646420037e-05, 1.0779566728869847e-05]"
623,"[2.72977604377276e-07, 3.175068671187826e-07, 3.038186194194869e-07, 2.957824065830939e-07, 2.7109453615797595e-07]","[1.2045873403499076e-05, 1.4355814472391939e-05, 1.4336337801732187e-05, 1.397902011635726e-05, 1.2593176289054187e-05]"
624,"[1.8407821402414946e-07, 2.1509714679728798e-07, 2.2516898595741272e-07, 2.2007813870090935e-07, 1.9366609306264095e-07]","[1.2133708835801818e-05, 1.4420602712511212e-05, 1.4715363096295075e-05, 1.437061576486514e-05, 1.2759970761896046e-05]"
625,"[1.353537441289639e-07, 1.663658392328721e-07, 1.7363176513398287e-07, 1.6963229646882703e-07, 1.4989096082408006e-07]","[9.957705279227291e-06, 1.229282776645843e-05, 1.2889417962147527e-05, 1.2592380455833188e-05, 1.11122072272116e-05]"
626,"[1.233604872566673e-07, 1.4972741316897044e-07, 1.5510290668507018e-07, 1.5149273901699926e-07, 1.3412512214652144e-07]","[9.034091698547142e-06, 1.0955223139473906e-05, 1.1375499100508268e-05, 1.1111954232238733e-05, 9.828527904077363e-06]"
627,"[1.224093670460496e-07, 1.5282938261660685e-07, 1.618779332029909e-07, 1.58183702196788e-07, 1.3912828953881435e-07]","[8.28939890868431e-06, 1.0323897914094861e-05, 1.1011064478474052e-05, 1.076493287719028e-05, 9.428427245822168e-06]"
628,"[1.1526967000670082e-07, 1.4373331585064145e-07, 1.552690603077985e-07, 1.5187355396858405e-07, 1.3225693882021846e-07]","[7.77967766165882e-06, 9.506491120031989e-06, 1.0159416403109637e-05, 9.935787531887661e-06, 8.676294624193121e-06]"
629,"[1.2241109683757924e-07, 1.4712070482666792e-07, 1.4966737910795777e-07, 1.4606495610839333e-07, 1.304584072355854e-07]","[8.988480962303129e-06, 1.0609053145462485e-05, 1.0585865097565845e-05, 1.0324168533272866e-05, 9.288622245356842e-06]"
630,"[1.3394281506846068e-07, 1.623206178132717e-07, 1.65435245935732e-07, 1.6142564926718432e-07, 1.441998710748335e-07]","[9.355615864290166e-06, 1.129118165301471e-05, 1.1484646490658088e-05, 1.1206587356496033e-05, 1.0016103161278965e-05]"
631,"[1.2147723804578376e-07, 1.4833240568496544e-07, 1.5388522699983767e-07, 1.5027165976494883e-07, 1.3321639843852823e-07]","[8.229032892965297e-06, 1.000014085703965e-05, 1.0299093157321867e-05, 1.0055083487343064e-05, 8.937657722417465e-06]"
632,"[1.3692927419229796e-07, 1.6595125168086384e-07, 1.704373962751276e-07, 1.663650932886102e-07, 1.4814614474627155e-07]","[9.859023125855214e-06, 1.2065802918492488e-05, 1.2378195727227188e-05, 1.2078745644442375e-05, 1.0780427083055231e-05]"
633,"[1.2796638619815808e-07, 1.5720227557118915e-07, 1.6514838178866676e-07, 1.6133473398649543e-07, 1.4232763551615708e-07]","[9.136590288317577e-06, 1.1088876752977907e-05, 1.1444916699071719e-05, 1.117449201300609e-05, 9.92168224485366e-06]"
634,"[1.282819221036652e-07, 1.58157215182891e-07, 1.6493017007312437e-07, 1.6106005709742243e-07, 1.4266961132723793e-07]","[8.952164272528428e-06, 1.084124457274008e-05, 1.1072091671041699e-05, 1.080521624781954e-05, 9.645152118700149e-06]"
635,"[1.1422438629537836e-07, 1.3985311272066128e-07, 1.480951354869609e-07, 1.4476550920056944e-07, 1.2706318347901066e-07]","[8.239085630928877e-06, 1.000966595363176e-05, 1.0400372156452982e-05, 1.0159078570961422e-05, 8.986854822903074e-06]"
636,"[1.209962898696143e-07, 1.4792479780733916e-07, 1.5566630466204106e-07, 1.5209786302173483e-07, 1.3388346599413364e-07]","[8.689962884309364e-06, 1.067552967787149e-05, 1.1117812353331264e-05, 1.0856200102572528e-05, 9.620630118650047e-06]"
637,"[1.303295200437192e-07, 1.5691813541229749e-07, 1.6053916778990675e-07, 1.5671721224629732e-07, 1.395756007508224e-07]","[8.857969277929888e-06, 1.0560757355697063e-05, 1.0997570295973575e-05, 1.074589910789606e-05, 9.477426991080737e-06]"
638,"[1.2032245692447365e-07, 1.468386433285943e-07, 1.524339384007086e-07, 1.4888645980499462e-07, 1.3176326615927194e-07]","[8.065471990062189e-06, 9.713604105024407e-06, 1.0060179529490768e-05, 9.828012015105876e-06, 8.690324985269245e-06]"
639,"[1.275096641389654e-07, 1.5830115044156486e-07, 1.6798028486287971e-07, 1.6416338515606482e-07, 1.442456457217576e-07]","[8.827774566575921e-06, 1.1041564730468987e-05, 1.1829555443492897e-05, 1.1565614670087373e-05, 1.0119378211818844e-05]"
640,"[1.2326608721065973e-07, 1.4964604984621716e-07, 1.5590530797949447e-07, 1.523102299335037e-07, 1.3448598392768993e-07]","[8.853831560287717e-06, 1.0797470321345905e-05, 1.1373943214302504e-05, 1.1116037507243103e-05, 9.774877524883389e-06]"
641,"[1.1893064683131658e-07, 1.4441364633852773e-07, 1.4894701380623885e-07, 1.4544702495909768e-07, 1.2901221966797817e-07]","[8.527942853417268e-06, 1.0089289274300288e-05, 1.0121184752315031e-05, 9.875802554410196e-06, 8.850039329706055e-06]"
642,"[1.5836582636154387e-07, 1.8515764509808393e-07, 1.8068598641138094e-07, 1.7603213655561826e-07, 1.6000144785098333e-07]","[9.754005252316909e-06, 1.1474894656081056e-05, 1.1385082702604527e-05, 1.110086122543117e-05, 1.0013003822188001e-05]"
643,"[4.445866218907272e-07, 5.067551493175868e-07, 4.6105348688555374e-07, 4.4764465532847403e-07, 4.209509438295386e-07]","[1.864207394893376e-05, 2.1972538247790003e-05, 2.0979612010415498e-05, 2.0406369521083482e-05, 1.8818780207832234e-05]"
644,"[2.076436513325351e-07, 2.5366766402215813e-07, 2.607508030873118e-07, 2.545007167526045e-07, 2.2668483481107815e-07]","[1.641886922273469e-05, 2.004939565156246e-05, 2.0342179837895758e-05, 1.9840481311322412e-05, 1.7797206699797197e-05]"
645,"[1.7819419084472803e-07, 2.168896153844374e-07, 2.2130068241586193e-07, 2.1593337228464982e-07, 1.928974292933411e-07]","[1.1781627715598902e-05, 1.4662969875611477e-05, 1.5247643599299954e-05, 1.4884262977013043e-05, 1.322310458214542e-05]"
646,"[2.6050117591499645e-07, 3.1897122106058793e-07, 3.2308253349249257e-07, 3.1504616185216634e-07, 2.829527037571849e-07]","[1.6556848783384627e-05, 2.0497912432252533e-05, 2.103136867323586e-05, 2.051719327630249e-05, 1.834528567491568e-05]"
647,"[2.2056338528104197e-07, 2.6915877555230896e-07, 2.783511386440336e-07, 2.7179182468816533e-07, 2.4113657013664177e-07]","[1.679439441556789e-05, 2.0621932883345464e-05, 2.0923790228912094e-05, 2.0403776128753674e-05, 1.8326475418575046e-05]"
648,"[1.9679173270034244e-07, 2.2973011930766337e-07, 2.2304503713236483e-07, 2.1725973454505126e-07, 1.9791486230222468e-07]","[1.2093449098193603e-05, 1.4564989001946907e-05, 1.4454127703884755e-05, 1.408443131744802e-05, 1.275937757233649e-05]"
649,"[1.9216389721748508e-07, 2.361811315729484e-07, 2.4713870642063285e-07, 2.4142734652985724e-07, 2.1325654610148803e-07]","[1.4513560364117455e-05, 1.8222939699269518e-05, 1.9246513559620867e-05, 1.8801161526847997e-05, 1.658281391337897e-05]"
650,"[1.3768010738356848e-07, 1.679004434818111e-07, 1.7481735892682284e-07, 1.707416865653615e-07, 1.5105911613161497e-07]","[9.480034252158024e-06, 1.1882710600662775e-05, 1.2647027600562328e-05, 1.2358972286091273e-05, 1.086033518675689e-05]"
651,"[1.4973996013898511e-07, 1.837021198539114e-07, 1.906128983777724e-07, 1.8612914843225488e-07, 1.649851586205302e-07]","[1.0109384198802312e-05, 1.2316350793750012e-05, 1.2849090776170455e-05, 1.2554107671686309e-05, 1.1078077723054499e-05]"
652,"[1.6535745507615692e-07, 2.0303686877575017e-07, 2.093605712427311e-07, 2.0435352711162164e-07, 1.8186026197956653e-07]","[1.1491631847281916e-05, 1.403349719511744e-05, 1.4387020666058084e-05, 1.4040447038354194e-05, 1.2522935640514149e-05]"
653,"[1.6650132772394772e-07, 2.026639178814606e-07, 2.1058839585737219e-07, 2.0567592089280123e-07, 1.8205458799428775e-07]","[1.07485716592149e-05, 1.3045983817860386e-05, 1.3445092876208922e-05, 1.3126428814618164e-05, 1.1667604813782246e-05]"
654,"[1.563519443366867e-07, 1.911490715090455e-07, 1.955345970405353e-07, 1.9085115757512238e-07, 1.7005348583352408e-07]","[1.0551300015619914e-05, 1.262260187314432e-05, 1.2573056572918985e-05, 1.2257309486931567e-05, 1.1061405837800855e-05]"
655,"[1.8091944335376556e-07, 2.2472123591157879e-07, 2.400410328701282e-07, 2.3464262530672393e-07, 2.055303434470085e-07]","[1.2793251518456249e-05, 1.5910296651275185e-05, 1.6795583930396835e-05, 1.6410079569843706e-05, 1.4457089617321245e-05]"
656,"[1.6072892871369626e-07, 1.9654107070393526e-07, 2.0257996661681433e-07, 1.9774475702604128e-07, 1.760005011458892e-07]","[1.110590818574909e-05, 1.3612357373439026e-05, 1.4377770536249215e-05, 1.4052944018979306e-05, 1.2345940387522097e-05]"
657,"[1.7399345801545084e-07, 2.06129820055227e-07, 2.1004063549933815e-07, 2.0498858555057638e-07, 1.829029722633492e-07]","[1.1650741263472316e-05, 1.3856364465476995e-05, 1.3970028705158305e-05, 1.3631050633562476e-05, 1.2203173830740472e-05]"
658,"[1.658595365570197e-07, 2.0074341047578822e-07, 2.063713273634453e-07, 2.0148920263318318e-07, 1.7915534374218498e-07]","[1.1365952223529635e-05, 1.3591595657113937e-05, 1.3885147734365809e-05, 1.3555059952818512e-05, 1.2064407744669251e-05]"
659,"[2.298072038903283e-07, 2.7543184049729985e-07, 2.786874381102161e-07, 2.7192038556451255e-07, 2.4333774027824965e-07]","[1.6888426415044095e-05, 2.0105669266472413e-05, 2.0143675002220544e-05, 1.964809511509493e-05, 1.7657217261751162e-05]"
660,"[1.4564078756311028e-07, 1.7495442911825357e-07, 1.7778670154973812e-07, 1.734952399600046e-07, 1.5501732126016952e-07]","[1.0250939847531648e-05, 1.2421394597158099e-05, 1.2437546385265296e-05, 1.2123004759681277e-05, 1.0943804884565946e-05]"
661,"[1.5257476954796688e-07, 1.8198331911747973e-07, 1.8306950201384076e-07, 1.7859016907828942e-07, 1.602009257877379e-07]","[1.035172520363458e-05, 1.268590743204412e-05, 1.3141165656602129e-05, 1.2830341776729067e-05, 1.1389963407719975e-05]"
662,"[2.1383706928587385e-07, 2.619822193120995e-07, 2.7469637199439625e-07, 2.683806908351716e-07, 2.3676592056405376e-07]","[1.4794911692811712e-05, 1.795678478826796e-05, 1.8626862846018126e-05, 1.819078053000904e-05, 1.611626822171735e-05]"
663,"[1.792184150647185e-07, 2.1844374706030213e-07, 2.2294290117117096e-07, 2.1753913340503523e-07, 1.9440357472320162e-07]","[1.271869221608782e-05, 1.5551161382155273e-05, 1.5849555235329895e-05, 1.545998890022717e-05, 1.3848281072338869e-05]"
664,"[1.8203659502878905e-07, 2.256047288166792e-07, 2.447964493755411e-07, 2.395621642821837e-07, 2.0761491204421474e-07]","[1.2378375903530099e-05, 1.5048802536804577e-05, 1.5886945236157317e-05, 1.553236209562468e-05, 1.3619925640462282e-05]"
665,"[1.6120911696838243e-07, 1.9640252662807926e-07, 2.046941292611605e-07, 1.9999977588603616e-07, 1.7665424319976324e-07]","[1.0984180931671724e-05, 1.3177832020796458e-05, 1.3688046513570404e-05, 1.337529908241304e-05, 1.1798139649998542e-05]"
666,"[1.9818642535289924e-07, 2.426247165019086e-07, 2.4994845054948163e-07, 2.439619016651988e-07, 2.172969484464267e-07]","[1.2565757413762e-05, 1.5599461327059714e-05, 1.6318522320037474e-05, 1.5936176164954512e-05, 1.4105009310212448e-05]"
667,"[2.8714369536926483e-07, 3.374142574226797e-07, 3.270064444877767e-07, 3.183604082552202e-07, 2.911635769395976e-07]","[1.4908266410444578e-05, 1.7736114636084267e-05, 1.7578128847854207e-05, 1.7131620868797064e-05, 1.5502901017236256e-05]"
668,"[1.441099853881394e-07, 1.8012870374167996e-07, 1.929077303747151e-07, 1.8861116090794922e-07, 1.6484198615654224e-07]","[9.90233640761042e-06, 1.257754269899549e-05, 1.3551450377407451e-05, 1.3249745067786452e-05, 1.1580964153161488e-05]"
669,"[1.896672200331708e-07, 2.3147559855721885e-07, 2.3749631525010347e-07, 2.318218795763395e-07, 2.0654283405251663e-07]","[1.1280899475969299e-05, 1.3635406377731996e-05, 1.3743754119928693e-05, 1.3402036229131216e-05, 1.2049527544902103e-05]"
670,"[1.6336524524143705e-07, 1.994992838308833e-07, 2.0611451463842948e-07, 2.0123775323200314e-07, 1.7875708112963915e-07]","[1.1425461938292463e-05, 1.3629036676444186e-05, 1.359539157144847e-05, 1.3256156760529528e-05, 1.1946807601543356e-05]"
671,"[1.8227628886135196e-07, 2.1829781254073497e-07, 2.1883761043743754e-07, 2.1340275147381728e-07, 1.9200964901488108e-07]","[1.1042221919691645e-05, 1.3171658127023242e-05, 1.3054509313711867e-05, 1.272348387591972e-05, 1.1509402629144983e-05]"
672,"[1.651512968714066e-07, 1.9796112042297172e-07, 2.0374794640448449e-07, 1.9902044036634095e-07, 1.7618966184826414e-07]","[1.126981481435342e-05, 1.3602011529810445e-05, 1.3771574619351578e-05, 1.343596207883371e-05, 1.2033557742647124e-05]"
673,"[1.895577841078271e-07, 2.2713118573448406e-07, 2.2813520424546459e-07, 2.2247437639829172e-07, 2.0003818672401538e-07]","[1.3579593763116335e-05, 1.6103797533820328e-05, 1.5693818028339833e-05, 1.5280578107085856e-05, 1.3951614653886139e-05]"
674,"[1.9151126005859725e-07, 2.3198314167542013e-07, 2.4341792260905795e-07, 2.3786190418350102e-07, 2.0946991462584008e-07]","[1.376039432395941e-05, 1.6864467447631722e-05, 1.745114240445321e-05, 1.7037574178396587e-05, 1.513375441677409e-05]"
675,"[1.995732019600625e-07, 2.460425664563568e-07, 2.5992117704572246e-07, 2.539876104793527e-07, 2.2347864043598356e-07]","[1.4098608269906841e-05, 1.731816999079426e-05, 1.785905272974421e-05, 1.7430594776368745e-05, 1.55228980510778e-05]"
676,"[1.8350187165757683e-07, 2.2022851193705914e-07, 2.2353206078685186e-07, 2.1812104971313648e-07, 1.9503020247015036e-07]","[1.3627481170966972e-05, 1.636849496603074e-05, 1.632676416115929e-05, 1.5914019178540914e-05, 1.4374650877855612e-05]"
677,"[1.9811003045564676e-07, 2.333486174643512e-07, 2.3319293392493614e-07, 2.2746933553034343e-07, 2.0436301917842887e-07]","[1.3126315949746557e-05, 1.5665603983619984e-05, 1.5623666929049397e-05, 1.523136438647439e-05, 1.3742400597309598e-05]"
678,"[2.0478965265174482e-07, 2.457801919116104e-07, 2.4790563513045064e-07, 2.418398553309963e-07, 2.1678440784228362e-07]","[1.3597606740860728e-05, 1.662482632211831e-05, 1.7010400088048955e-05, 1.6597873816380335e-05, 1.4828627128464233e-05]"
679,"[2.0078901452395948e-07, 2.414029255901185e-07, 2.4473578378863295e-07, 2.3877086316647344e-07, 2.1385572264014674e-07]","[1.4347419958912165e-05, 1.7236955895347776e-05, 1.721647793376532e-05, 1.6783542635558454e-05, 1.5140992503650128e-05]"
680,"[1.9396136126695113e-07, 2.3282044811085006e-07, 2.3630192449633225e-07, 2.3060810190433623e-07, 2.0616538054336626e-07]","[1.331274186777542e-05, 1.6143188427523125e-05, 1.629725287953934e-05, 1.5893008680298354e-05, 1.4280039452482868e-05]"
681,"[2.2882939087952728e-07, 2.6982320845227246e-07, 2.683268637376868e-07, 2.6162291362382453e-07, 2.359055273357682e-07]","[1.541780780597019e-05, 1.8389960591749396e-05, 1.857247121736225e-05, 1.8120292430249655e-05, 1.6227140935165115e-05]"
682,"[2.1493991658127803e-07, 2.5923697424120525e-07, 2.655136509766187e-07, 2.59160237788263e-07, 2.306051611946902e-07]","[1.4648722035066323e-05, 1.7840865300687916e-05, 1.8226101209226887e-05, 1.7784490952485993e-05, 1.5883529286540076e-05]"
683,"[1.9184861645152983e-07, 2.2668725738024516e-07, 2.2564162764093564e-07, 2.2005940794284785e-07, 1.9817245929972415e-07]","[1.2794763576026923e-05, 1.5115384938512316e-05, 1.4942818350853303e-05, 1.4565595372322927e-05, 1.3171826011854585e-05]"
684,"[2.0653116302098635e-07, 2.549741429094535e-07, 2.7168100690890013e-07, 2.6565004654990444e-07, 2.3252006049685174e-07]","[1.3828745295384843e-05, 1.6749787208877587e-05, 1.7276519157802084e-05, 1.6870520237328435e-05, 1.4971386566539017e-05]"
685,"[2.1235407553014331e-07, 2.582242350433774e-07, 2.6324507151395237e-07, 2.5684045162836007e-07, 2.297177023018442e-07]","[1.5195137521073343e-05, 1.837135401828067e-05, 1.8431657751690526e-05, 1.7969962890251728e-05, 1.6190860673465574e-05]"
686,"[2.2264462533438686e-07, 2.707708564025367e-07, 2.7691271244547517e-07, 2.7023262361861764e-07, 2.4139776199562567e-07]","[1.4951396253457721e-05, 1.8105567158001658e-05, 1.8289245584701633e-05, 1.7835659690015316e-05, 1.602475967762587e-05]"
687,"[1.784325954698238e-07, 2.121708928363465e-07, 2.1510686450266586e-07, 2.0997434646531883e-07, 1.8732628278439019e-07]","[1.2797892871441919e-05, 1.539756392049116e-05, 1.558990886272564e-05, 1.5207849921491686e-05, 1.3628506575421643e-05]"
688,"[2.1797966874830576e-07, 2.697650156985619e-07, 2.8981852242621244e-07, 2.8347175491184605e-07, 2.4711383550650366e-07]","[1.4662979562463529e-05, 1.8179179923410677e-05, 1.9192893830820494e-05, 1.8751447794483453e-05, 1.652080328922503e-05]"
689,"[1.885132797821614e-07, 2.3151508451755095e-07, 2.458310575394519e-07, 2.403146889340485e-07, 2.1073915690390523e-07]","[1.405612843735741e-05, 1.707272910745569e-05, 1.7583666066278657e-05, 1.7166127249587242e-05, 1.5263595457075923e-05]"
690,"[2.045607224004805e-07, 2.460183452819612e-07, 2.5138840759079836e-07, 2.453651171029405e-07, 2.186425024973844e-07]","[1.5358388845672073e-05, 1.8567390685297434e-05, 1.853504188475426e-05, 1.80642506984287e-05, 1.632758850444512e-05]"
691,"[2.1418210061997446e-07, 2.544954227845451e-07, 2.558522742178423e-07, 2.496183058785962e-07, 2.2368971316716757e-07]","[1.5056381985294422e-05, 1.8119787300081974e-05, 1.7994906307954413e-05, 1.7535630715837722e-05, 1.5876711528013163e-05]"
692,"[2.1152475397984407e-07, 2.544025814969658e-07, 2.5864864140824484e-07, 2.5240678661060007e-07, 2.2560879726502372e-07]","[1.5594243846506094e-05, 1.9021555721897874e-05, 1.9424853029666278e-05, 1.8952056337496328e-05, 1.6942966293436862e-05]"
693,"[2.4385881275763576e-07, 2.9395779480274505e-07, 2.992192073103283e-07, 2.9198494095944134e-07, 2.6092080663337915e-07]","[1.6648740103179253e-05, 2.0080332541679375e-05, 2.0230187288369124e-05, 1.9731261480160513e-05, 1.7723167255227327e-05]"
694,"[2.1998392961618134e-07, 2.6685664147686535e-07, 2.7285483288946667e-07, 2.663256024988705e-07, 2.376380273260369e-07]","[1.562837030881768e-05, 1.8762003392540376e-05, 1.8724862743917403e-05, 1.8254727101410275e-05, 1.6469590081117254e-05]"
695,"[1.9590175613449273e-07, 2.356454868739236e-07, 2.4080713130019654e-07, 2.350157877217014e-07, 2.0965049319699362e-07]","[1.3444189680044021e-05, 1.632491286346552e-05, 1.6609680583650454e-05, 1.620503541588389e-05, 1.4500272090586924e-05]"
696,"[2.0905540701372382e-07, 2.4912031664815774e-07, 2.5930165062438436e-07, 2.5353094376047656e-07, 2.2270539937848683e-07]","[1.549487987837507e-05, 1.8514546847239826e-05, 1.8485751153143738e-05, 1.8023729691058387e-05, 1.624518799391565e-05]"
697,"[2.501710610396191e-07, 2.99987241832261e-07, 3.017050091477798e-07, 2.9429235965617573e-07, 2.6421144066603984e-07]","[1.6909746588788256e-05, 2.0081734158130047e-05, 1.9942777924282086e-05, 1.9442234299913094e-05, 1.7552315366700755e-05]"
698,"[2.447786722454717e-07, 2.9069723976766344e-07, 2.8889544473474183e-07, 2.816011273051831e-07, 2.5436188140569183e-07]","[1.6251209449822836e-05, 1.9668041649718066e-05, 2.0087392670873352e-05, 1.9603531635619844e-05, 1.7491542328738012e-05]"
699,"[2.3055394835046e-07, 2.7818375697407787e-07, 2.8056232513639987e-07, 2.7361119092136877e-07, 2.4577161381172897e-07]","[1.610924562165647e-05, 1.9445175427327413e-05, 1.957501470685309e-05, 1.9090240623325137e-05, 1.7160359156227523e-05]"
700,"[2.3391562967737253e-07, 2.790875224144977e-07, 2.803277122305017e-07, 2.734159512970961e-07, 2.455838144927185e-07]","[1.5918510578845868e-05, 1.9253413974728534e-05, 1.9437639678256264e-05, 1.8957331467387024e-05, 1.7027549794421562e-05]"
701,"[2.3051963885034798e-07, 2.820234264494653e-07, 3.021985811580162e-07, 2.9552859953113233e-07, 2.582923506746383e-07]","[1.62182654545662e-05, 1.9970841953134697e-05, 2.0720131472751327e-05, 2.0229685254076267e-05, 1.7959185250101238e-05]"
702,"[2.4689211932064286e-07, 2.9589196429981495e-07, 2.982330275225123e-07, 2.9104602445895753e-07, 2.6082387707166413e-07]","[1.5702793707012945e-05, 1.8610576127414838e-05, 1.858271371123227e-05, 1.812371851925658e-05, 1.6303370131236383e-05]"
703,"[2.486261146952788e-07, 2.9802819609944024e-07, 3.129606807778953e-07, 3.0600330351636254e-07, 2.68153337883236e-07]","[1.7116683849045418e-05, 2.10452531243692e-05, 2.2061264462346324e-05, 2.1546994336344473e-05, 1.9047394306677667e-05]"
704,"[2.5352220584834454e-07, 3.0776977058101057e-07, 3.289402482805614e-07, 3.2173874416728463e-07, 2.807948597841148e-07]","[1.584679112794687e-05, 1.888764984977044e-05, 1.927918263927537e-05, 1.8822616611007588e-05, 1.6756945295975906e-05]"
705,"[2.3816686099870882e-07, 2.809261114432953e-07, 2.8122668023433353e-07, 2.7428078042739325e-07, 2.466282480523654e-07]","[1.661649075008529e-05, 1.9545523878238438e-05, 1.9199820336673472e-05, 1.871026327665911e-05, 1.696409953961904e-05]"
706,"[2.2772712586339494e-07, 2.6943487857346514e-07, 2.6983029019680294e-07, 2.632435553138255e-07, 2.363930113795761e-07]","[1.544820334045777e-05, 1.888410387619067e-05, 1.9240514738316985e-05, 1.876764402555307e-05, 1.6813094149449504e-05]"
707,"[2.364683123372404e-07, 2.830245085443001e-07, 2.837661097226058e-07, 2.767220126682328e-07, 2.4890218066483455e-07]","[1.6727858262141923e-05, 2.0406043925036576e-05, 2.0551616400751852e-05, 2.0035402410593295e-05, 1.804942537274846e-05]"
708,"[2.47344147905831e-07, 3.045750704872246e-07, 3.2485380356907557e-07, 3.176928086731431e-07, 2.7780517477664106e-07]","[1.6179613906389315e-05, 1.9716490029706373e-05, 2.0344928858545225e-05, 1.9864386487137343e-05, 1.764646911711986e-05]"
709,"[2.4940838390234935e-07, 2.99478391954647e-07, 3.076820286747322e-07, 3.0044764253485106e-07, 2.6700465966948463e-07]","[1.4715178956501006e-05, 1.7694069535206058e-05, 1.7943730626784582e-05, 1.750916982289468e-05, 1.5665530366135077e-05]"
710,"[2.428709750420171e-07, 2.897752910054742e-07, 2.90332269231686e-07, 2.8315583736238747e-07, 2.545909082257538e-07]","[1.7937280395174416e-05, 2.1942457441141855e-05, 2.2211552283732532e-05, 2.1658387524696813e-05, 1.946716175275105e-05]"
711,"[2.48768724614512e-07, 3.0098933907282994e-07, 3.1838062740762367e-07, 3.114026132912852e-07, 2.721479558056098e-07]","[1.541666971036419e-05, 1.8854067048523634e-05, 1.9686100292292162e-05, 1.9230658345147404e-05, 1.6990768008454503e-05]"
712,"[2.4964233868060443e-07, 3.031994239506346e-07, 3.1295071792852923e-07, 3.055374874545759e-07, 2.714318004856508e-07]","[1.660097682754771e-05, 2.006955172492829e-05, 2.0331300250067114e-05, 1.9834658101485315e-05, 1.7768569311223666e-05]"
713,"[2.66829312564177e-07, 3.2029578563888523e-07, 3.343302348990462e-07, 3.266417359238104e-07, 2.8829331525958183e-07]","[1.533813404197193e-05, 1.840731645047804e-05, 1.9124070089072528e-05, 1.868431418333576e-05, 1.6501560739613823e-05]"
714,"[2.553465235506151e-07, 3.014958898088086e-07, 3.050392171134409e-07, 2.9781613752408657e-07, 2.651989441308006e-07]","[1.7941404476441096e-05, 2.1969165025195643e-05, 2.2440420837005545e-05, 2.1894234417909106e-05, 1.9577027561542755e-05]"
715,"[2.445670885862444e-07, 2.951506111825164e-07, 3.111708159255519e-07, 3.0434869647976547e-07, 2.670871581367046e-07]","[1.5773960286623206e-05, 1.9054072378346478e-05, 1.9459311256746175e-05, 1.8994268956448826e-05, 1.6932486651257994e-05]"
716,"[2.614234024457224e-07, 3.2152654334865396e-07, 3.3104829273561544e-07, 3.231449198781783e-07, 2.8775042474782667e-07]","[1.615712025443192e-05, 1.9330148909575317e-05, 1.929274135134315e-05, 1.8810528965966374e-05, 1.6956318535118877e-05]"
717,"[2.521661703134061e-07, 3.137439832913658e-07, 3.3381064989023345e-07, 3.2632948448811885e-07, 2.8603012131293075e-07]","[1.5057259227428138e-05, 1.7998168732146025e-05, 1.8526397479008846e-05, 1.8094079429899222e-05, 1.6044092163125365e-05]"
718,"[2.8842646762534043e-07, 3.486811882987684e-07, 3.670305196921401e-07, 3.589356951528831e-07, 3.1413228709389514e-07]","[1.5126044744519571e-05, 1.807794018856545e-05, 1.8411481546696978e-05, 1.7972450074813068e-05, 1.6017054535421984e-05]"
719,"[2.5696191688449256e-07, 3.0769581464488736e-07, 3.097764664571126e-07, 3.0215446411044487e-07, 2.711743771295826e-07]","[1.675458416631012e-05, 2.0305950054215104e-05, 2.048405497722779e-05, 1.9976183059414446e-05, 1.7951708083226613e-05]"
720,"[2.763351998745758e-07, 3.1657730387101764e-07, 3.103320678460088e-07, 3.0274981493521934e-07, 2.721988901847375e-07]","[1.7080129008605352e-05, 2.0274924295027885e-05, 2.0030512334052427e-05, 1.9522127993253092e-05, 1.7674027768906268e-05]"
721,"[2.5037225588524415e-07, 3.000997850321826e-07, 3.0825150415800153e-07, 3.0114603000257616e-07, 2.670010274694433e-07]","[1.6055932941532853e-05, 1.9814741676948393e-05, 2.071951727776148e-05, 2.0237363995166527e-05, 1.789345970808594e-05]"
722,"[2.91644886478768e-07, 3.4928384220981533e-07, 3.622489551601779e-07, 3.539492560822888e-07, 3.12288926132776e-07]","[1.682099732024649e-05, 2.0010879063182174e-05, 2.0035734203790213e-05, 1.9543347511091252e-05, 1.7557399108863276e-05]"
723,"[2.463921841397012e-07, 2.9774751290614394e-07, 3.07664118707404e-07, 3.004959038652968e-07, 2.6610330211174503e-07]","[1.4876558391177133e-05, 1.7890381593103812e-05, 1.8225492334595946e-05, 1.7787920582729348e-05, 1.587604141770873e-05]"
724,"[2.6371564578854655e-07, 3.282072866716365e-07, 3.479530281662732e-07, 3.401573908323926e-07, 2.9845251713897884e-07]","[1.4595541465037365e-05, 1.7546765012622905e-05, 1.7916432565742543e-05, 1.7489021004391495e-05, 1.5583073265322123e-05]"
725,"[2.894540315098883e-07, 3.5811619974763533e-07, 3.8353427589897596e-07, 3.749487397448242e-07, 3.2812628605868677e-07]","[1.5591740553887094e-05, 1.8869699480251646e-05, 1.9703181049374675e-05, 1.9251445499039896e-05, 1.6983457623250414e-05]"
726,"[2.6766295988190655e-07, 3.2176458197615014e-07, 3.3458844242167454e-07, 3.2695747924468074e-07, 2.8887497523556496e-07]","[1.5939961019732588e-05, 1.8822415372027213e-05, 1.8868378695248235e-05, 1.8405332736491674e-05, 1.6525286318047757e-05]"
727,"[2.6739521579850546e-07, 3.2066123789303885e-07, 3.3432892434126753e-07, 3.2666765507477836e-07, 2.880097835675713e-07]","[1.52858894089039e-05, 1.8276483908904137e-05, 1.8599002318787e-05, 1.8155909284901874e-05, 1.6182238921783194e-05]"
728,"[2.9312503657262405e-07, 3.627095829531746e-07, 3.8412684044073084e-07, 3.7549763309474644e-07, 3.296013045974915e-07]","[1.4659566175161544e-05, 1.8052703378713e-05, 1.9092256974312648e-05, 1.8658827930400653e-05, 1.640232943659834e-05]"
729,"[4.887530259445757e-07, 5.676358157863337e-07, 5.479451605051989e-07, 5.336973306286847e-07, 4.869917694297329e-07]","[2.3939194989914242e-05, 2.705964916706416e-05, 2.505254116131879e-05, 2.4360670871563255e-05, 2.2628204410460513e-05]"
730,"[3.0265162264498783e-07, 3.5694984014960564e-07, 3.5035288421613103e-07, 3.4131606456791744e-07, 3.1006344656933803e-07]","[1.7142788867555473e-05, 2.113358151677121e-05, 2.15943524780172e-05, 2.106337254166844e-05, 1.8863635601299524e-05]"
731,"[2.1123826548142638e-07, 2.509686547845405e-07, 2.5545054216773135e-07, 2.493170559637046e-07, 2.2231338324652163e-07]","[1.365515754851063e-05, 1.6412643796102574e-05, 1.6305393264837372e-05, 1.5890179730899047e-05, 1.4380582682501817e-05]"
732,"[3.4424614016978395e-07, 3.916878541179402e-07, 3.623751998015362e-07, 3.522583838620226e-07, 3.280965529339063e-07]","[1.902759365058953e-05, 2.2280650827666567e-05, 2.1463829180419175e-05, 2.0893590336600565e-05, 1.9143931056662126e-05]"
733,"[2.543068848126384e-07, 3.013380541929798e-07, 2.9480043670180154e-07, 2.871218999214598e-07, 2.6143944149687014e-07]","[1.5724048096154626e-05, 1.8480384252156335e-05, 1.7702689465160292e-05, 1.72243162172597e-05, 1.584431317502307e-05]"
734,"[1.8844492434607125e-07, 2.201044516031899e-07, 2.165109955050041e-07, 2.1100578095639186e-07, 1.910887760093742e-07]","[1.2107077599881835e-05, 1.4468067047541257e-05, 1.4336475252292816e-05, 1.3970946913691062e-05, 1.2650678570281446e-05]"
735,"[1.8116130744981708e-07, 2.154136806958734e-07, 2.180728774873643e-07, 2.128135144060278e-07, 1.9005010758742844e-07]","[1.2670503832914504e-05, 1.5118493389195837e-05, 1.4788021105622122e-05, 1.4400431614268746e-05, 1.3130580454224367e-05]"
736,"[2.2309785750892695e-07, 2.634811458186072e-07, 2.6224343614899804e-07, 2.557224636125288e-07, 2.3049653285434692e-07]","[1.3675613358822581e-05, 1.6322615177220112e-05, 1.6113995711368347e-05, 1.5701967933607798e-05, 1.4235650948844417e-05]"
737,"[1.8701609098854877e-07, 2.2137083846242414e-07, 2.1969225691947187e-07, 2.142358454397022e-07, 1.9336796275892316e-07]","[1.2702754682150817e-05, 1.5507920329390194e-05, 1.563817763584849e-05, 1.5246795536782679e-05, 1.3724460402400885e-05]"
738,"[2.0863627858033723e-07, 2.4965633805651725e-07, 2.496806805307325e-07, 2.4346716713417975e-07, 2.1934679062330051e-07]","[1.2093565474805652e-05, 1.4269502888901967e-05, 1.3907851527161399e-05, 1.3545683231474922e-05, 1.2344231310335344e-05]"
739,"[1.706734056372016e-07, 2.0223188338970856e-07, 2.0184812421933994e-07, 1.9686752435432723e-07, 1.7716033547740813e-07]","[1.0426472545118202e-05, 1.2737606849510001e-05, 1.299286832621687e-05, 1.2675647315406638e-05, 1.1341603855189488e-05]"
740,"[2.3868044230735774e-07, 2.840877389689186e-07, 2.940057819323624e-07, 2.87218775118363e-07, 2.5373739422312904e-07]","[1.4662752331995187e-05, 1.815389014643554e-05, 1.9234146558694403e-05, 1.879835425153798e-05, 1.6517757181722928e-05]"
741,"[1.8815862236889602e-07, 2.237277539146397e-07, 2.2681582369208847e-07, 2.213459090035133e-07, 1.9797756845282532e-07]","[1.2259193424987231e-05, 1.478044110176936e-05, 1.4938548129429659e-05, 1.4572569582808809e-05, 1.3066702872812231e-05]"
742,"[1.9316743164867347e-07, 2.2725215884840664e-07, 2.247078678041523e-07, 2.190867119033932e-07, 1.9760089847520213e-07]","[1.2762923481680577e-05, 1.5059062719996102e-05, 1.4667824758621477e-05, 1.4285245690509183e-05, 1.3025285232837923e-05]"
743,"[1.7905508404214108e-07, 2.0906305101824882e-07, 2.0816055499517594e-07, 2.0314192532577686e-07, 1.8212335230468127e-07]","[1.2952555055135738e-05, 1.5266230649361148e-05, 1.497082377376376e-05, 1.4586033154581855e-05, 1.3248966886506434e-05]"
744,"[2.012012248576608e-07, 2.360405541992125e-07, 2.39497124563106e-07, 2.338017394866737e-07, 2.0824596456616392e-07]","[1.3280873846161404e-05, 1.606046024063526e-05, 1.6216791922404747e-05, 1.5817206577454362e-05, 1.419977303317964e-05]"
745,"[1.9944893258142792e-07, 2.377264979790383e-07, 2.52156803887472e-07, 2.466449981461268e-07, 2.1503820061692915e-07]","[1.3796721843807983e-05, 1.6194838767336407e-05, 1.6283443769201385e-05, 1.58922886087317e-05, 1.4209815963516017e-05]"
746,"[2.612641712008747e-07, 3.0316854367480594e-07, 2.916000557121183e-07, 2.8390655066710206e-07, 2.597256632141425e-07]","[1.75989128327234e-05, 2.0794253219816566e-05, 2.021195682041583e-05, 1.9682757465889557e-05, 1.7962966777186337e-05]"
747,"[2.0203195162839868e-07, 2.427169310970116e-07, 2.4312253808071305e-07, 2.370940249671432e-07, 2.1326123546853355e-07]","[1.3569140293937625e-05, 1.639807846931958e-05, 1.648289255680988e-05, 1.6071790335692672e-05, 1.4466191626311566e-05]"
748,"[2.5440087786865204e-07, 2.9904764728277756e-07, 2.9894471480651264e-07, 2.9178008515851827e-07, 2.610455076888747e-07]","[1.5789304533070864e-05, 1.899429221900527e-05, 1.9787902475612852e-05, 1.9330717194353198e-05, 1.7075785297180343e-05]"
749,"[2.113748337980672e-07, 2.534342832362253e-07, 2.5392017318203885e-07, 2.475694810582686e-07, 2.2309376096789383e-07]","[1.3541375658877985e-05, 1.6286926450178627e-05, 1.636313714160146e-05, 1.595632450110016e-05, 1.4354536625598316e-05]"
750,"[1.8653146694641205e-07, 2.2248681242858767e-07, 2.2708319988774268e-07, 2.2165780199970127e-07, 1.9744401055097496e-07]","[1.4035020352974096e-05, 1.6508705105477232e-05, 1.6294106676550802e-05, 1.588292792431766e-05, 1.4362205685548543e-05]"
751,"[1.9520359048653504e-07, 2.383006982168174e-07, 2.4452784557079586e-07, 2.386496703934651e-07, 2.1271719937013833e-07]","[1.3599130228002611e-05, 1.6196145264227925e-05, 1.593801869268053e-05, 1.5526743110613005e-05, 1.4105011033285798e-05]"
752,"[2.1451822687883076e-07, 2.5776100329477846e-07, 2.5894575491538943e-07, 2.525548897517421e-07, 2.2698228106043077e-07]","[1.5239711714868044e-05, 1.826606479345928e-05, 1.8105886971213524e-05, 1.764321895291127e-05, 1.5981542091812138e-05]"
753,"[1.9484783856946858e-07, 2.3207160968792795e-07, 2.330840237190527e-07, 2.2745143851493988e-07, 2.039631237446165e-07]","[1.3437583577108165e-05, 1.5982861240401427e-05, 1.5784334983698373e-05, 1.538396953572307e-05, 1.3928812922382614e-05]"
754,"[2.1003462104409605e-07, 2.468939877425145e-07, 2.458958727191737e-07, 2.398469050834733e-07, 2.1570857298762279e-07]","[1.3489447568688263e-05, 1.6288484859784487e-05, 1.6548970214074023e-05, 1.6147270460130972e-05, 1.4443145145289397e-05]"
755,"[2.220285684495805e-07, 2.691493316594296e-07, 2.775496851415286e-07, 2.710970929007697e-07, 2.403652735307003e-07]","[1.4965390999580313e-05, 1.8032423022475626e-05, 1.830194675270549e-05, 1.7856379187803735e-05, 1.5978208457049675e-05]"
756,"[2.3238149981217625e-07, 2.757963343111046e-07, 2.753708172467032e-07, 2.685195378241137e-07, 2.4163039869403374e-07]","[1.5895319187157224e-05, 1.885589381974222e-05, 1.859652948957282e-05, 1.812199100222043e-05, 1.6425967431243143e-05]"
757,"[2.2373327225481863e-07, 2.683956723440477e-07, 2.6810325784185e-07, 2.614176025489772e-07, 2.3543972285697785e-07]","[1.6046298241756776e-05, 1.904420391438868e-05, 1.8656514628359586e-05, 1.8174455935344213e-05, 1.6529185426511718e-05]"
758,"[2.2121625657877538e-07, 2.6494873093637115e-07, 2.6551334266136756e-07, 2.589695526535228e-07, 2.3279621396828634e-07]","[1.6364741538437443e-05, 1.9535972173262847e-05, 1.9245847284427104e-05, 1.875068533160418e-05, 1.702344368852166e-05]"
759,"[3.3062610286444835e-07, 3.8576740965248395e-07, 3.703856987440863e-07, 3.6047279996320986e-07, 3.3106199459985236e-07]","[1.9115455969335974e-05, 2.2331537410179722e-05, 2.125666925144596e-05, 2.0676602399512763e-05, 1.9076692312033268e-05]"
760,"[3.6033850860966297e-07, 4.087935196815599e-07, 3.739205750228102e-07, 3.6318071834762784e-07, 3.404393787998709e-07]","[1.822972619538939e-05, 2.1640747703340577e-05, 2.090046058429477e-05, 2.0339535861953043e-05, 1.8663568044152708e-05]"
761,"[2.3453444433439767e-07, 2.7220811034624113e-07, 2.6159486383446866e-07, 2.5472739860440744e-07, 2.3305399711081846e-07]","[1.477533822242858e-05, 1.7531679784534793e-05, 1.7015971047939783e-05, 1.6565252587251958e-05, 1.5152555304022949e-05]"
762,"[3.1496578743176127e-07, 3.6957307982395987e-07, 3.5919236439320474e-07, 3.4984318008714006e-07, 3.190572702410677e-07]","[1.7588232992629928e-05, 2.1129231651878673e-05, 2.0911298407836964e-05, 2.0374361051075713e-05, 1.847648614946674e-05]"
763,"[1.7348072745622463e-07, 2.047803425897824e-07, 2.0536233502307128e-07, 2.0038374540510836e-07, 1.794255760574845e-07]","[1.0917551273424585e-05, 1.313914093593999e-05, 1.324247291109133e-05, 1.2915757252170794e-05, 1.159799193911505e-05]"
764,"[1.961426645925093e-07, 2.2580387648213896e-07, 2.1708584789516574e-07, 2.1141653147285372e-07, 1.930824943045183e-07]","[1.1659227737476702e-05, 1.3707088345719013e-05, 1.316285507680917e-05, 1.2809443125233107e-05, 1.1765160240767632e-05]"
765,"[1.7431701494822393e-07, 2.040642714751948e-07, 1.9801069303335966e-07, 1.9287486344964703e-07, 1.757834504436087e-07]","[1.0452028037973824e-05, 1.246010593412277e-05, 1.2171992932531368e-05, 1.1852894106228323e-05, 1.0811703141022361e-05]"
766,"[3.578376642849878e-07, 4.1166748119758965e-07, 3.9452723304372373e-07, 3.84067989999073e-07, 3.5199999165032383e-07]","[1.6032058592545046e-05, 1.923290866571472e-05, 1.8959146674762877e-05, 1.8469568021119922e-05, 1.677391773650575e-05]"
767,"[2.453548515026384e-07, 2.7088070887769483e-07, 2.6209342457604235e-07, 2.556236888438001e-07, 2.307306050317641e-07]","[1.5176639642985507e-05, 1.8019988330124207e-05, 1.7498923909019576e-05, 1.7035020561311628e-05, 1.5582695602035168e-05]"
768,"[2.617575915817841e-07, 3.0539971447535393e-07, 2.978378732216736e-07, 2.9024010936462297e-07, 2.633526014641953e-07]","[1.681810924168184e-05, 2.029214072748562e-05, 2.0013137787906508e-05, 1.9492926971744887e-05, 1.7726690141133003e-05]"
769,"[2.3546966336415807e-07, 2.8589720318178614e-07, 2.854775251810667e-07, 2.7826138722055055e-07, 2.514908297940664e-07]","[1.5014368403776935e-05, 1.8522804509265663e-05, 1.8845019719616497e-05, 1.8377689709600315e-05, 1.64945652948173e-05]"
770,"[1.5366604577701768e-07, 1.8515637741062316e-07, 1.8718492917880405e-07, 1.8261519370675324e-07, 1.635617558750736e-07]","[1.1217212192488303e-05, 1.3798692037533175e-05, 1.3996047667856351e-05, 1.3646960399762828e-05, 1.2264801358033572e-05]"
771,"[2.445153845188136e-07, 2.9231304790337365e-07, 2.8920020657513603e-07, 2.817715859818349e-07, 2.555984003204999e-07]","[1.3960220573868666e-05, 1.6833490582957385e-05, 1.6787023914788586e-05, 1.6360964207362877e-05, 1.4787827780025212e-05]"
772,"[2.1008643812675802e-07, 2.5051601136581196e-07, 2.490884100131431e-07, 2.428679840299403e-07, 2.1917128691541416e-07]","[1.3352143477530833e-05, 1.6339226707823606e-05, 1.6526163777960734e-05, 1.6113417902428662e-05, 1.449133954318572e-05]"
773,"[2.1044335765653952e-07, 2.6474692520949073e-07, 2.8098287762584625e-07, 2.745510444129397e-07, 2.416101350231861e-07]","[1.3157310374627249e-05, 1.64163927033372e-05, 1.7147568220117426e-05, 1.6743219659827405e-05, 1.4840965060289107e-05]"
774,"[1.3865951884590374e-07, 1.6623520772279737e-07, 1.670977615411457e-07, 1.629734870127408e-07, 1.4650861091612873e-07]","[9.357703654252672e-06, 1.1517212818621666e-05, 1.1894267373444658e-05, 1.1610127532231157e-05, 1.032982888065927e-05]"
775,"[1.476527058967064e-07, 1.7679210572582404e-07, 1.776564851333482e-07, 1.7329457050943938e-07, 1.5555252363004972e-07]","[9.874696665756778e-06, 1.206299788888874e-05, 1.2272502343400352e-05, 1.1971057940093713e-05, 1.0726020767863685e-05]"
776,"[1.780248471851844e-07, 2.1528401253639132e-07, 2.159678165028675e-07, 2.1055712858710213e-07, 1.897306758167561e-07]","[1.1085378345520825e-05, 1.3916278211074916e-05, 1.455337568798971e-05, 1.4208654918268151e-05, 1.2600910872317508e-05]"
777,"[1.7385006380693195e-07, 2.0265208649804743e-07, 1.9437886851704516e-07, 1.89242410501591e-07, 1.7342677100839955e-07]","[1.0014863672459623e-05, 1.1910809963577218e-05, 1.1848155025381691e-05, 1.1552716046903434e-05, 1.0414994271132486e-05]"
778,"[1.6712322886509562e-07, 1.972029209378571e-07, 1.946250381757407e-07, 1.8970983988370558e-07, 1.7161832200870414e-07]","[1.0497783429307153e-05, 1.2733745363666411e-05, 1.2966337601825606e-05, 1.2649849205292551e-05, 1.1319716840813658e-05]"
779,"[2.198333605035627e-07, 2.593030310653152e-07, 2.552468327641843e-07, 2.487592534675447e-07, 2.253006781796598e-07]","[1.1949750528024192e-05, 1.4146355404137906e-05, 1.4111486867422435e-05, 1.3762348887497868e-05, 1.2380748892626636e-05]"
780,"[3.2483964951091274e-07, 3.8427339818611657e-07, 3.750470744951233e-07, 3.6522514068859273e-07, 3.330927007139242e-07]","[1.6891415047644607e-05, 2.0772749254747306e-05, 2.107452962887147e-05, 2.0550896774558985e-05, 1.8459931681201634e-05]"
781,"[1.9809512477348682e-07, 2.3715327723621192e-07, 2.3666441686138797e-07, 2.3071728610396085e-07, 2.0813157098247868e-07]","[1.3802383776967599e-05, 1.7020200708063128e-05, 1.733924845245442e-05, 1.6910623734371785e-05, 1.5165023996328028e-05]"
782,"[1.580403733663233e-07, 1.8497267744378909e-07, 1.823399269561807e-07, 1.7779577716817042e-07, 1.6050210692539422e-07]","[9.812081662827922e-06, 1.2178298220430781e-05, 1.2602701669018504e-05, 1.2300188751128904e-05, 1.0948887329748147e-05]"
783,"[1.582010915704143e-07, 1.815149451409075e-07, 1.734163488769475e-07, 1.6889250690490505e-07, 1.544799390005407e-07]","[9.491230898733586e-06, 1.1277932856296025e-05, 1.1090860512240815e-05, 1.0805902439525996e-05, 9.809895943142925e-06]"
784,"[1.6618215572945975e-07, 1.9326575030906424e-07, 1.8696268063300989e-07, 1.8211448703371673e-07, 1.661020104769621e-07]","[1.0608843637106077e-05, 1.2686138013979202e-05, 1.2503649422662946e-05, 1.2180965165495826e-05, 1.1064036624444526e-05]"
785,"[1.8284252947568135e-07, 2.1110952777509814e-07, 2.0151763962341263e-07, 1.9617117236213669e-07, 1.8006225587922688e-07]","[1.149054619548723e-05, 1.3713946502426482e-05, 1.3470779266767623e-05, 1.3122149720932108e-05, 1.1932614592290312e-05]"
786,"[1.7055098542135212e-07, 1.998939363684285e-07, 1.9726776135082932e-07, 1.9231436059554666e-07, 1.7376393514629474e-07]","[1.0319827752027292e-05, 1.264379862602642e-05, 1.2995942219863517e-05, 1.2682952400894821e-05, 1.1308691604746638e-05]"
787,"[1.89725626635359e-07, 2.221858459209441e-07, 2.18749131774918e-07, 2.132310968993017e-07, 1.9297299582111612e-07]","[1.1588618350743482e-05, 1.381322629277783e-05, 1.3815633069663348e-05, 1.347346309717047e-05, 1.2122223518165997e-05]"
788,"[1.6993892832832924e-07, 1.9908758324204682e-07, 1.9475116008714235e-07, 1.8977021123623038e-07, 1.723188111933215e-07]","[1.049713829236008e-05, 1.2403761149157926e-05, 1.2156257706249038e-05, 1.184369976202112e-05, 1.0760860888420115e-05]"
789,"[1.8694356765851235e-07, 2.2488140060410044e-07, 2.264412615890978e-07, 2.2086485362506763e-07, 1.982645276635154e-07]","[1.1427138307536435e-05, 1.3931906565825669e-05, 1.4350729498693259e-05, 1.4007836819873688e-05, 1.2467553702943446e-05]"
790,"[2.1066662599671122e-07, 2.470721908376636e-07, 2.4249493177997207e-07, 2.363468418819389e-07, 2.1425856366511284e-07]","[1.242698134179451e-05, 1.5143581359376393e-05, 1.558186017874609e-05, 1.521222443722203e-05, 1.352977070269418e-05]"
791,"[1.7018679487817203e-07, 2.0085058415001203e-07, 1.9943839506458673e-07, 1.9447972951011434e-07, 1.7528005514175018e-07]","[1.0764557822050635e-05, 1.283428118350828e-05, 1.278123501767937e-05, 1.2460647984767473e-05, 1.1243370909093541e-05]"
792,"[2.0051352354719057e-07, 2.3932685372311995e-07, 2.4394890336226625e-07, 2.3824503028108847e-07, 2.1167172544026348e-07]","[1.3257746454318042e-05, 1.5560537456090812e-05, 1.5518109174978028e-05, 1.5141788506109017e-05, 1.3589534591225098e-05]"
793,"[2.1387870197205335e-07, 2.526600812085728e-07, 2.5400323810948464e-07, 2.478982427759665e-07, 2.2187432249270633e-07]","[1.3693551279594286e-05, 1.636403969214979e-05, 1.641952652390266e-05, 1.601464923472689e-05, 1.4390017638319551e-05]"
794,"[2.065943211304873e-07, 2.4824247357463734e-07, 2.54391277025584e-07, 2.4829967097450965e-07, 2.2125156971383527e-07]","[1.3146410474486101e-05, 1.6063871197104314e-05, 1.6531648601465455e-05, 1.6137558953658547e-05, 1.4362704933953979e-05]"
795,"[2.326143650137735e-07, 2.8509390847136654e-07, 2.9270578871310894e-07, 2.8561941495900285e-07, 2.5483343363431664e-07]","[1.5763938847507642e-05, 1.907194491343412e-05, 1.9501925019247352e-05, 1.9032180726655643e-05, 1.698437752654587e-05]"
796,"[1.639577608201559e-07, 1.936927880963103e-07, 1.9463585631228641e-07, 1.8988406059283192e-07, 1.7035147957162596e-07]","[1.1793921311950616e-05, 1.4178650433006243e-05, 1.4478127130497652e-05, 1.4131674776615327e-05, 1.2595443937971428e-05]"
797,"[1.22489868649106e-07, 1.4691733249606358e-07, 1.514897943444513e-07, 1.4801118357092886e-07, 1.3085572353758e-07]","[7.972397776462692e-06, 9.746905378254669e-06, 1.0184684025729551e-05, 9.950460820597482e-06, 8.78150983736442e-06]"
798,"[1.2213480422954554e-07, 1.4232471458883493e-07, 1.4076011482148753e-07, 1.3729411445407412e-07, 1.2362218561329466e-07]","[7.801771657775417e-06, 9.367392318453105e-06, 9.490968031045477e-06, 9.259165850505598e-06, 8.291848974475126e-06]"
799,"[1.2944862145326513e-07, 1.5422767335991036e-07, 1.612084248645118e-07, 1.5760487375431524e-07, 1.3841529688511057e-07]","[9.187432785434437e-06, 1.1541596643187683e-05, 1.2508288702740133e-05, 1.2235848686833947e-05, 1.0646350079796895e-05]"
800,"[1.3526229975377537e-07, 1.6727483958919378e-07, 1.7449565499794168e-07, 1.7040149841071492e-07, 1.509785273488058e-07]","[9.749832322450678e-06, 1.2208918033488632e-05, 1.2845436300964456e-05, 1.2545209857439805e-05, 1.108854399221532e-05]"
801,"[1.343873545762309e-07, 1.6794786481161887e-07, 1.8111544763347646e-07, 1.7709124050345564e-07, 1.5465254457327205e-07]","[9.916640434760877e-06, 1.2588723905985746e-05, 1.3560427198433741e-05, 1.3256310092284759e-05, 1.1599679106909762e-05]"
802,"[1.3530818118414833e-07, 1.5932551981147875e-07, 1.6308887808290604e-07, 1.5930651725252245e-07, 1.412790661024857e-07]","[8.897655261593693e-06, 1.086753914668649e-05, 1.1314275315522203e-05, 1.1051108101782879e-05, 9.77750918599338e-06]"
803,"[1.3124622109532301e-07, 1.5403726998298453e-07, 1.53207526475737e-07, 1.4944285079587682e-07, 1.3444865541057993e-07]","[7.708586089597105e-06, 9.278430445772892e-06, 9.552753354060522e-06, 9.32631733752638e-06, 8.289319795101226e-06]"
804,"[1.2321705071318973e-07, 1.4599187929552036e-07, 1.4805815612712784e-07, 1.4457495358836197e-07, 1.286747298379148e-07]","[7.92313788785033e-06, 9.63385100229805e-06, 9.898821239022997e-06, 9.661559284711711e-06, 8.60697622624887e-06]"
805,"[1.4397057312977606e-07, 1.7236702505954746e-07, 1.7396798840868617e-07, 1.6975023449477312e-07, 1.5196951875192788e-07]","[9.55345846582094e-06, 1.145685358765524e-05, 1.1515540399533484e-05, 1.1231904788984371e-05, 1.0087880778581424e-05]"
806,"[1.1745475499122207e-07, 1.4127538836901078e-07, 1.4708204179865036e-07, 1.4372618327037742e-07, 1.2678026263669455e-07]","[7.399749129386896e-06, 9.075165573841057e-06, 9.691514906231518e-06, 9.47923178283159e-06, 8.275343149249255e-06]"
807,"[1.1789065251736067e-07, 1.409600547490754e-07, 1.4464686858665754e-07, 1.4128489473148616e-07, 1.2540022022398386e-07]","[8.152696140095529e-06, 9.988994073654117e-06, 1.0444703160860054e-05, 1.0203716472827797e-05, 9.008702906345046e-06]"
808,"[1.290730367139733e-07, 1.5205819799369585e-07, 1.542938620724532e-07, 1.5066145326260944e-07, 1.341215482321916e-07]","[8.56371865041442e-06, 1.0528965197804192e-05, 1.1012975854411532e-05, 1.0758474844901473e-05, 9.503103226902217e-06]"
809,"[1.5111035986315245e-07, 1.854580870872188e-07, 1.951829590192321e-07, 1.907616310325265e-07, 1.678504973505976e-07]","[1.065881751516202e-05, 1.3551737137411028e-05, 1.4698494678759132e-05, 1.4374537604142964e-05, 1.253036272294706e-05]"
810,"[1.3924536376003474e-07, 1.68550725273898e-07, 1.7478646172268946e-07, 1.7074948084667604e-07, 1.5089264715486112e-07]","[9.661862493640045e-06, 1.1711425464991048e-05, 1.224752077531626e-05, 1.1966992842519284e-05, 1.0550668103994244e-05]"
811,"[1.3444710423551004e-07, 1.6060577561245681e-07, 1.6425604335326338e-07, 1.6039393780151484e-07, 1.425727456463912e-07]","[8.905551915106679e-06, 1.070019836410779e-05, 1.0774775550933657e-05, 1.0510098789795994e-05, 9.435021631002542e-06]"
812,"[1.394155318554226e-07, 1.6518094787418048e-07, 1.700611889029475e-07, 1.6619297672636842e-07, 1.466974671480582e-07]","[9.037563346399155e-06, 1.1165635645484232e-05, 1.1768024233252e-05, 1.150155376503715e-05, 1.0116430757726351e-05]"
813,"[1.1576408774170078e-07, 1.366276043797543e-07, 1.4045658142333366e-07, 1.3716976168409982e-07, 1.2161079082234503e-07]","[7.735660319605013e-06, 9.367814278994893e-06, 9.735048477542912e-06, 9.509881562112544e-06, 8.407826616579286e-06]"
814,"[1.2401183633007212e-07, 1.4958030678121517e-07, 1.5730199120479627e-07, 1.5379908951038928e-07, 1.349066605784289e-07]","[8.541426945696961e-06, 1.0310687071204848e-05, 1.0783423246888624e-05, 1.05399414486437e-05, 9.275555378037487e-06]"
815,"[1.259060006996486e-07, 1.5211756127165165e-07, 1.5780550281121692e-07, 1.5417586546919583e-07, 1.3630887881879812e-07]","[8.488059643650273e-06, 1.0375077289841219e-05, 1.1172732363882347e-05, 1.0931085091535047e-05, 9.50773704988025e-06]"
816,"[1.303645728716042e-07, 1.537484400331795e-07, 1.5574647469941585e-07, 1.5209135320007595e-07, 1.352530378972976e-07]","[8.46485235720189e-06, 1.0194962908758833e-05, 1.0571996656815968e-05, 1.0327507281943414e-05, 9.132923911390866e-06]"
817,"[1.2156937422038715e-07, 1.4527960275138816e-07, 1.5181383661978044e-07, 1.484351788030035e-07, 1.3021061388970326e-07]","[7.710726819897764e-06, 9.40278302825609e-06, 1.0117090519723712e-05, 9.900410307703529e-06, 8.600227571221356e-06]"
818,"[2.641413287001864e-07, 3.1276738678351845e-07, 3.1234126029773544e-07, 3.0451116874142696e-07, 2.748882891882539e-07]","[1.1456393867679447e-05, 1.3608372943574837e-05, 1.3362365668853318e-05, 1.3025153636660375e-05, 1.1808256024640529e-05]"
819,"[2.0254484017814495e-07, 2.5352113468684916e-07, 2.643771348652623e-07, 2.5808310266204997e-07, 2.291707209650224e-07]","[1.64657362954217e-05, 2.058795346460058e-05, 2.1291709799288525e-05, 2.0775710541672005e-05, 1.8525759083638655e-05]"
820,"[1.1308397239592678e-07, 1.357908874707749e-07, 1.4049322879931756e-07, 1.3723996601556737e-07, 1.2144882386815529e-07]","[8.469833663072555e-06, 1.0261580760366752e-05, 1.037147296181559e-05, 1.01156260359955e-05, 9.078979881022306e-06]"
821,"[1.9667022031855912e-07, 2.401022981004882e-07, 2.446024686027705e-07, 2.3858664891056496e-07, 2.137404099384841e-07]","[1.3042111711469319e-05, 1.626109890047978e-05, 1.6821804736345693e-05, 1.6415969090974627e-05, 1.4628228666107572e-05]"
822,"[3.1058272639360383e-07, 3.750693431868247e-07, 3.7150152291588696e-07, 3.6202666582589116e-07, 3.2818538063268533e-07]","[1.954390865882536e-05, 2.3954444114991505e-05, 2.4078465815343914e-05, 2.346714928294153e-05, 2.1185946701821335e-05]"
823,"[1.1306249862664148e-07, 1.395220648907704e-07, 1.4643295040029774e-07, 1.430571605902934e-07, 1.2624297648098228e-07]","[8.192131759546725e-06, 1.013448464264714e-05, 1.0547043277339417e-05, 1.0297614187520582e-05, 9.135724221544165e-06]"
824,"[1.8080680373999851e-07, 2.2267444250347394e-07, 2.3282367301888187e-07, 2.2741144185764133e-07, 2.0109379067025555e-07]","[1.1645731411664486e-05, 1.439739832184451e-05, 1.5041969560448961e-05, 1.469017334489432e-05, 1.3000303041436054e-05]"
825,"[1.9533285620289684e-07, 2.4152227044795765e-07, 2.4851806502734156e-07, 2.4250219674494656e-07, 2.163235515961847e-07]","[1.4403199225070481e-05, 1.7995206099581947e-05, 1.8789554690081647e-05, 1.8343870168823248e-05, 1.6274158119281496e-05]"
826,"[1.3018074071793454e-07, 1.6058870982631972e-07, 1.7183490661326348e-07, 1.6804667794220341e-07, 1.4682196573667156e-07]","[9.648641479542948e-06, 1.1828461049776163e-05, 1.2397708576586601e-05, 1.2112826567870591e-05, 1.0684092681796867e-05]"
827,"[1.4745839426843114e-07, 1.81928257194994e-07, 1.8767920573540102e-07, 1.831867730194689e-07, 1.631465462314958e-07]","[1.1631516889365734e-05, 1.4605674470369136e-05, 1.5203189516249763e-05, 1.483927199606191e-05, 1.319275851625175e-05]"
828,"[1.3467395264898756e-07, 1.6278282717639667e-07, 1.6786764285184566e-07, 1.638712985896096e-07, 1.4577107905681612e-07]","[1.0069307104611582e-05, 1.2411014064170449e-05, 1.2716308770925931e-05, 1.2406001781806671e-05, 1.109129850258484e-05]"
829,"[1.4078757091031833e-07, 1.7001717570411414e-07, 1.8115929957223835e-07, 1.771913711912193e-07, 1.544897077130488e-07]","[1.0467642959323171e-05, 1.2282886242254812e-05, 1.3062280716596357e-05, 1.278353119420499e-05, 1.1110458122884863e-05]"
830,"[1.2828299473624584e-07, 1.5841085651023177e-07, 1.7038171060266553e-07, 1.6666011752129784e-07, 1.4521135837500654e-07]","[9.243882947065843e-06, 1.1245103244165538e-05, 1.1699671192077767e-05, 1.1430617943022343e-05, 1.0097997432568094e-05]"
831,"[1.1676342733209753e-07, 1.4230817372553038e-07, 1.4990487436106488e-07, 1.465252060662945e-07, 1.2869714604589667e-07]","[7.977566258261106e-06, 9.661979104832048e-06, 1.0304920424147825e-05, 1.0081170422651052e-05, 8.788908986011398e-06]"
832,"[1.0898094666499399e-07, 1.341009260534113e-07, 1.432959839625221e-07, 1.401410899417904e-07, 1.2236187468898056e-07]","[8.081271383833443e-06, 9.837279392588943e-06, 1.0477910874198577e-05, 1.0248668055347323e-05, 8.946571414869203e-06]"
833,"[1.1856278330099728e-07, 1.471480916439496e-07, 1.571575632104943e-07, 1.537086208352687e-07, 1.342160670870967e-07]","[8.638762123289505e-06, 1.0733656895109253e-05, 1.1408118068479272e-05, 1.115101752316874e-05, 9.784878646706809e-06]"
834,"[1.085238087726345e-07, 1.354154894573267e-07, 1.466649864874201e-07, 1.4350552144329421e-07, 1.2460314199191815e-07]","[7.477221733686564e-06, 9.552026827154631e-06, 1.0881353504856731e-05, 1.0665865063423069e-05, 9.08094737414424e-06]"
835,"[1.097744872008599e-07, 1.326455093001928e-07, 1.388267462633372e-07, 1.3564131399971854e-07, 1.1963524297264127e-07]","[7.719361825561134e-06, 9.167874610323312e-06, 9.459859471624511e-06, 9.240984139242065e-06, 8.177196196777982e-06]"
836,"[1.1286107074904019e-07, 1.3859773714876049e-07, 1.4640473980447266e-07, 1.4309787278129002e-07, 1.2563170807877229e-07]","[7.807589317086912e-06, 9.608911734207175e-06, 1.0169552272241306e-05, 9.939646536240326e-06, 8.728837394414657e-06]"
837,"[1.225868446945408e-07, 1.4617655351153915e-07, 1.5025269354656025e-07, 1.4673589948517267e-07, 1.301170176668627e-07]","[8.292367365654054e-06, 9.771025213580672e-06, 9.979747392612982e-06, 9.7484908594216e-06, 8.644670405059282e-06]"
838,"[1.1091685791446098e-07, 1.3316040840341263e-07, 1.3906878475989033e-07, 1.359448482732086e-07, 1.1942838026268792e-07]","[7.167732590102291e-06, 8.635802535209542e-06, 9.381974623897799e-06, 9.187890756350554e-06, 7.927231435009703e-06]"
839,"[1.2097443838328258e-07, 1.5106598320042854e-07, 1.643401832557182e-07, 1.6080025099574553e-07, 1.3957275814349876e-07]","[8.363050000050483e-06, 1.0246952424527855e-05, 1.1027169384656357e-05, 1.0790596951386587e-05, 9.378022711058896e-06]"
840,"[1.212801871552298e-07, 1.4782024755153884e-07, 1.544309256806539e-07, 1.508992897490659e-07, 1.3305603417937324e-07]","[8.48946739485275e-06, 1.020546301640676e-05, 1.0460977027810605e-05, 1.0215085801623522e-05, 9.074049297168627e-06]"
841,"[1.082516422012509e-07, 1.3263103906153835e-07, 1.395071198012598e-07, 1.363351568688262e-07, 1.2007836505593165e-07]","[7.038062908228569e-06, 8.460023834964777e-06, 8.911796248199086e-06, 8.714256388254164e-06, 7.635820550174176e-06]"
842,"[1.1446381123528224e-07, 1.3919737886260898e-07, 1.4546299941969755e-07, 1.4213323778722295e-07, 1.2530510938618415e-07]","[8.03646832431701e-06, 9.945021976297102e-06, 1.0544110427111363e-05, 1.0305455491104943e-05, 9.053294306177737e-06]"
843,"[1.1599484706921793e-07, 1.4288935654295203e-07, 1.500602403981161e-07, 1.4663877938772964e-07, 1.2921037582279157e-07]","[8.265283366806422e-06, 1.0076813212491127e-05, 1.0430664804565793e-05, 1.0184620422169992e-05, 9.03696720160339e-06]"
844,"[1.1866177246357749e-07, 1.461998886077384e-07, 1.5522177400336678e-07, 1.5174532318191763e-07, 1.3309637106490042e-07]","[7.816302251389923e-06, 9.579678995671494e-06, 1.0258520753660106e-05, 1.0033071870597161e-05, 8.756560486308672e-06]"
845,"[1.124478981270833e-07, 1.365870572242664e-07, 1.4462256684028114e-07, 1.4139903401175552e-07, 1.2390839893326242e-07]","[7.5900203498378666e-06, 9.101171424219409e-06, 9.550491899847178e-06, 9.33594767043867e-06, 8.20313984971097e-06]"
846,"[1.1999375867715007e-07, 1.4707963168225878e-07, 1.562538590015316e-07, 1.5278243766866639e-07, 1.3380765011607692e-07]","[8.099328855756113e-06, 9.742038446058929e-06, 1.0047508897356552e-05, 9.814031899064844e-06, 8.694010978509716e-06]"
847,"[1.0553448106397072e-07, 1.2744774930159575e-07, 1.3313395501531036e-07, 1.3008446249826551e-07, 1.1470073556460149e-07]","[7.224811369726048e-06, 8.740018725445371e-06, 9.126450816470685e-06, 8.917513329373525e-06, 7.864734219825435e-06]"
848,"[1.0654820883149841e-07, 1.3254541974290148e-07, 1.4430512325891202e-07, 1.4126129336374397e-07, 1.2226577035746583e-07]","[7.89055546830404e-06, 9.590439623594665e-06, 1.0359056082003018e-05, 1.0139966903463819e-05, 8.78690322592829e-06]"
849,"[1.2261868818188204e-07, 1.5137567770377523e-07, 1.6087834965394386e-07, 1.5729158531611678e-07, 1.3774104808209134e-07]","[8.284326483170686e-06, 9.921604889602261e-06, 1.036367260003445e-05, 1.0128455445529257e-05, 8.917201517508116e-06]"
850,"[1.1763430526790551e-07, 1.3815645327695056e-07, 1.3803317867911908e-07, 1.346680215782194e-07, 1.2090656089212327e-07]","[7.801283229982337e-06, 9.0178164350692e-06, 8.973036973335636e-06, 8.756870331077868e-06, 7.8505768771395e-06]"
851,"[1.1077573113107171e-07, 1.35894237890028e-07, 1.4902433843806178e-07, 1.4594919888841642e-07, 1.2563513295026085e-07]","[7.734748168720713e-06, 9.522437168371419e-06, 1.0647087216104644e-05, 1.0434547275102439e-05, 8.915959164216815e-06]"
852,"[1.0129142392386669e-07, 1.2362444858374663e-07, 1.321424701079932e-07, 1.2926955181912195e-07, 1.126971429711603e-07]","[7.654201503940878e-06, 8.993572451444834e-06, 9.265515865789385e-06, 9.055145407497578e-06, 7.99080164252236e-06]"
853,"[1.1800116294703281e-07, 1.4342681361308418e-07, 1.5091704181599548e-07, 1.4749197558659067e-07, 1.2971962954538506e-07]","[8.019348374061212e-06, 9.714642131897302e-06, 1.0131146033285569e-05, 9.899749003763588e-06, 8.727037545449364e-06]"
854,"[1.1018566390278133e-07, 1.3632185617335024e-07, 1.461525425066605e-07, 1.4292213894693184e-07, 1.2483165568715715e-07]","[7.674574254920434e-06, 9.39474488098032e-06, 9.910500920790666e-06, 9.686730326548837e-06, 8.510797472355909e-06]"
855,"[2.2016282194981076e-07, 2.5892033585624797e-07, 2.5197762874271685e-07, 2.45425358143575e-07, 2.2386256864560093e-07]","[9.201674792713533e-06, 1.0859310974294386e-05, 1.086167348697585e-05, 1.0592180111942121e-05, 9.531467591985484e-06]"
856,"[1.8152728589906018e-07, 2.2456801166452545e-07, 2.555400369337769e-07, 2.5037869620718074e-07, 2.1370415469413987e-07]","[1.1346897359558954e-05, 1.4171426603278533e-05, 1.498826205932054e-05, 1.4642963245622012e-05, 1.2904704616421573e-05]"
857,"[1.4154012356750718e-07, 1.7351454729799532e-07, 1.8262670847680944e-07, 1.7851224191454307e-07, 1.5695347757337648e-07]","[1.103624580422474e-05, 1.338789284913807e-05, 1.38344171515383e-05, 1.3511494862042811e-05, 1.1976473279254498e-05]"
858,"[1.1796520711233546e-07, 1.4510869038825586e-07, 1.557387209475166e-07, 1.5235354774249605e-07, 1.3278354935439402e-07]","[7.956862535281891e-06, 9.979176032944383e-06, 1.08466192021309e-05, 1.0611865029671984e-05, 9.220508857756585e-06]"
859,"[1.3482131848063056e-07, 1.6290296775541762e-07, 1.7076774195595895e-07, 1.6693812145756127e-07, 1.4669927971740214e-07]","[9.562969835531122e-06, 1.1504239316756039e-05, 1.1978453257305743e-05, 1.1705099755880301e-05, 1.0322843426513134e-05]"
860,"[1.230760633347379e-07, 1.4979743107352003e-07, 1.5978722915294695e-07, 1.5630917770192472e-07, 1.3636381342083323e-07]","[9.134802820370552e-06, 1.0942046244396594e-05, 1.1559964196133433e-05, 1.13055258347727e-05, 9.88721232119061e-06]"
861,"[1.1273009695346099e-07, 1.4047104959023424e-07, 1.5275180453472316e-07, 1.495280975537785e-07, 1.295401351859395e-07]","[7.751146116734283e-06, 9.43432202200294e-06, 1.0138737662991175e-05, 9.920691734289779e-06, 8.62369732606717e-06]"
862,"[1.1299212723375549e-07, 1.3890263590300235e-07, 1.4896503020188126e-07, 1.4569765911540664e-07, 1.2703559581420996e-07]","[7.428735743305182e-06, 9.008628016305149e-06, 9.774526248517824e-06, 9.571708445208375e-06, 8.263617893742962e-06]"
863,"[1.2952740666544373e-07, 1.5843364136138785e-07, 1.6428479012915683e-07, 1.60439433259666e-07, 1.4215079324382696e-07]","[8.318168172868545e-06, 9.896171394636105e-06, 1.013343658770808e-05, 9.896643275280197e-06, 8.785586370634703e-06]"
864,"[1.0937319626095933e-07, 1.3006078620239398e-07, 1.3324115744439717e-07, 1.3011805295640208e-07, 1.1557885664783136e-07]","[7.138729287487589e-06, 8.206868499292106e-06, 8.300542108900622e-06, 8.111589778627214e-06, 7.1810395282402225e-06]"
865,"[1.1154124401310224e-07, 1.358672986341361e-07, 1.4201084743704842e-07, 1.3875482000002206e-07, 1.224142405845772e-07]","[7.987858221840707e-06, 9.72025422114004e-06, 1.0087082417803285e-05, 9.85244385872162e-06, 8.722684808095447e-06]"
866,"[1.1594448962809113e-07, 1.4328891473663018e-07, 1.5343739204019427e-07, 1.500781511765013e-07, 1.3099213217203503e-07]","[7.787116815330243e-06, 9.186399958299905e-06, 9.619824065663093e-06, 9.407429497302047e-06, 8.2418332415478e-06]"
867,"[1.1611916402706974e-07, 1.4238010770155252e-07, 1.5068604840683953e-07, 1.473069055543097e-07, 1.293020436808063e-07]","[6.943142174019996e-06, 8.65233553315176e-06, 9.49934641881265e-06, 9.300613611234487e-06, 8.026940831733869e-06]"
868,"[1.1077358690992899e-07, 1.3545833703375866e-07, 1.4224698294737983e-07, 1.3901430427094257e-07, 1.2236443615242362e-07]","[8.163565729999198e-06, 9.887542023053745e-06, 1.0224816480539588e-05, 9.985465036461997e-06, 8.85262967722582e-06]"
869,"[2.747099272603709e-07, 3.1182035531483305e-07, 2.99311332786799e-07, 2.9153562624613374e-07, 2.6626835550369177e-07]","[1.3061955577985186e-05, 1.5778228920702222e-05, 1.605646635508243e-05, 1.566753501125055e-05, 1.4002155676767922e-05]"
870,"[3.0857103359900625e-07, 3.566948089960008e-07, 3.5581934666272067e-07, 3.473234263879572e-07, 3.096859597384242e-07]","[1.8108615806936196e-05, 2.2636527376638976e-05, 2.3418701459782314e-05, 2.2850261262956514e-05, 2.037962816374286e-05]"
871,"[2.389859107007648e-07, 2.987454072696658e-07, 3.1567548903433784e-07, 3.083495474687175e-07, 2.7221266525843664e-07]","[1.9268177495050808e-05, 2.382403316315579e-05, 2.430245172470931e-05, 2.3701828271493095e-05, 2.125059020333658e-05]"
872,"[1.1967889301113012e-07, 1.4695364990382656e-07, 1.5525934551847933e-07, 1.5173055137200198e-07, 1.3341701521470865e-07]","[8.294707006918053e-06, 1.0275216249322476e-05, 1.0770970461913999e-05, 1.0521098510712969e-05, 9.293969686412068e-06]"
873,"[1.6043720828692824e-07, 1.954744637203735e-07, 2.0174213569859648e-07, 1.9696342247515407e-07, 1.7493809265196482e-07]","[1.1128579540982318e-05, 1.3977380000932203e-05, 1.4590697078375887e-05, 1.4243465458308856e-05, 1.2645001606346436e-05]"
874,"[1.371120833304456e-07, 1.6786880902901218e-07, 1.7447056028657215e-07, 1.703934289852398e-07, 1.5086566493953722e-07]","[9.205687018385797e-06, 1.1448593369224796e-05, 1.1972585221953981e-05, 1.1691564312823225e-05, 1.0352514444346814e-05]"
875,"[1.504727672566881e-07, 1.8666286198616566e-07, 1.9853335591863874e-07, 1.9403158955048392e-07, 1.7031588350854934e-07]","[9.645919500572373e-06, 1.2115418815282171e-05, 1.2868219861083779e-05, 1.2573592668977364e-05, 1.1062160522288084e-05]"
876,"[1.5137676551239896e-07, 1.8712152311741646e-07, 1.9319377823744167e-07, 1.8853300556516373e-07, 1.6798133926551228e-07]","[9.630615894820413e-06, 1.1977785208841612e-05, 1.2411382011325483e-05, 1.2113031568494152e-05, 1.078245328673257e-05]"
877,"[1.7019154533328018e-07, 2.1263224749705798e-07, 2.2497137513439072e-07, 2.1986342497656341e-07, 1.9340741783028923e-07]","[1.1230329038771564e-05, 1.396121030250188e-05, 1.4625788394716263e-05, 1.4283761141516292e-05, 1.263534985794698e-05]"
878,"[1.4662516418170748e-07, 1.7802439152129435e-07, 1.8118319012179507e-07, 1.7679589763466603e-07, 1.5808676478554034e-07]","[9.859735225274774e-06, 1.1978325674694669e-05, 1.2115486323635718e-05, 1.1817489131291955e-05, 1.0600178394649835e-05]"
879,"[1.4855358767310064e-07, 1.808802756325146e-07, 1.8381962546791617e-07, 1.793405645644417e-07, 1.604995763431744e-07]","[1.011272462375243e-05, 1.2422723809696699e-05, 1.261354972351006e-05, 1.2301051550100514e-05, 1.1042312386295996e-05]"
880,"[1.7409632680179074e-07, 2.1393811635638924e-07, 2.2453432509348203e-07, 2.193268366296593e-07, 1.9363640674424782e-07]","[1.128766874273763e-05, 1.3904514490220712e-05, 1.4760194045689862e-05, 1.4426444348266709e-05, 1.2661670138835985e-05]"
881,"[2.2840235143838954e-07, 2.8658421511549533e-07, 3.018602860256985e-07, 2.948438750729921e-07, 2.603344338155754e-07]","[1.5839180746238203e-05, 2.0035354769288403e-05, 2.1089645050270116e-05, 2.0593997352230528e-05, 1.8222379383515752e-05]"
882,"[1.350409037387758e-07, 1.624717532759708e-07, 1.6609953666923083e-07, 1.6216844895659516e-07, 1.4433866729025928e-07]","[8.527625230372478e-06, 1.0483662485442106e-05, 1.0822273522578013e-05, 1.0563827395366256e-05, 9.398890212796064e-06]"
883,"[1.3568018542515854e-07, 1.659726533636272e-07, 1.767754663159703e-07, 1.728195579953945e-07, 1.5128017555535214e-07]","[8.685888206394185e-06, 1.0793755818919185e-05, 1.1771309243191451e-05, 1.1517784681961064e-05, 9.9969432401822e-06]"
884,"[1.3903636202116496e-07, 1.7253619078287346e-07, 1.8399228762362227e-07, 1.7989901635510307e-07, 1.5744684925808197e-07]","[9.750151990167847e-06, 1.1846697829303816e-05, 1.2521975136331072e-05, 1.2242993804082517e-05, 1.0728635579385657e-05]"
885,"[1.4453718024294076e-07, 1.7548206027224554e-07, 1.8607758199060844e-07, 1.819071507893913e-07, 1.5941667134521341e-07]","[9.76999939788157e-06, 1.2251762601113007e-05, 1.3337117976670526e-05, 1.3048416320723319e-05, 1.1335851577249584e-05]"
886,"[1.5977167798955342e-07, 1.987051218846722e-07, 2.1571756420513365e-07, 2.111075423064344e-07, 1.831535049774568e-07]","[1.1091548100932453e-05, 1.3479912295264027e-05, 1.4142586327145259e-05, 1.3822706843524964e-05, 1.2152667646446949e-05]"
887,"[1.4192594013931894e-07, 1.7235013940543394e-07, 1.7608768138900863e-07, 1.7187349169445187e-07, 1.532717839429197e-07]","[9.428870118429573e-06, 1.1482550040687178e-05, 1.165498864843663e-05, 1.1368645646182335e-05, 1.0190711679981706e-05]"
888,"[1.4141908444112366e-07, 1.7719892755272518e-07, 1.8909730829832172e-07, 1.8484440949713347e-07, 1.620914825800053e-07]","[9.32177177865959e-06, 1.1545655273599286e-05, 1.2060457383257836e-05, 1.1778933153832837e-05, 1.0422673833571361e-05]"
889,"[1.7358335568950493e-07, 2.1760449164532044e-07, 2.327045681126858e-07, 2.2745512247229643e-07, 1.9939515148393707e-07]","[1.194334211408123e-05, 1.4514558370192563e-05, 1.5160569902334445e-05, 1.4812860516157945e-05, 1.3066312247063693e-05]"
890,"[1.6484977121182599e-07, 2.0607351469896905e-07, 2.203741074459164e-07, 2.1546643591858753e-07, 1.8842776063769333e-07]","[1.0350559864256339e-05, 1.294351302298552e-05, 1.3812264060071282e-05, 1.3500842116660773e-05, 1.1839578440200652e-05]"
891,"[1.6064743343530755e-07, 1.9893575119466008e-07, 2.089864481585497e-07, 2.0419821386027474e-07, 1.799933571432473e-07]","[1.0556212357036985e-05, 1.2731106787929703e-05, 1.3026346519077064e-05, 1.2719373431346577e-05, 1.1304459107802897e-05]"
892,"[1.777387465596089e-07, 2.203427645675908e-07, 2.336243884293185e-07, 2.2832222962277677e-07, 2.0057322276228462e-07]","[1.203491228356215e-05, 1.4558920179897594e-05, 1.5104993384480834e-05, 1.475568919654909e-05, 1.3048367559221098e-05]"
893,"[1.626860767981706e-07, 2.047222996346495e-07, 2.209752760202128e-07, 2.1611881939989853e-07, 1.884446027447755e-07]","[1.088796640046539e-05, 1.3644838885348157e-05, 1.486855439943991e-05, 1.4547759506306161e-05, 1.2628265022668838e-05]"
894,"[1.837695288606446e-07, 2.2213593160558037e-07, 2.3190004283121334e-07, 2.2659822752196826e-07, 1.9978262380627575e-07]","[1.3700370315722823e-05, 1.6900990456207275e-05, 1.8075189454996164e-05, 1.767454038408633e-05, 1.545177684680875e-05]"
895,"[1.7531707912803899e-07, 2.1869333044331284e-07, 2.358841422202541e-07, 2.3068265765482609e-07, 2.0124150905869344e-07]","[1.2266318289233958e-05, 1.5372295350872497e-05, 1.6886199461225454e-05, 1.6532377582047202e-05, 1.4268681077529179e-05]"
896,"[1.9034745656012578e-07, 2.3584080095370604e-07, 2.4925581143955964e-07, 2.43595544459911e-07, 2.1415709832125198e-07]","[1.2075906142725513e-05, 1.4516616583905054e-05, 1.5120077961871646e-05, 1.4774881910060912e-05, 1.303112696933619e-05]"
897,"[1.8311574659213708e-07, 2.2101002099170605e-07, 2.2411206050781316e-07, 2.1863844487716694e-07, 1.9586387011779504e-07]","[1.0572564441964893e-05, 1.3115306541345141e-05, 1.3582013352364131e-05, 1.3257055326000468e-05, 1.1794530057900844e-05]"
898,"[1.5518238558679103e-07, 1.9169049414114278e-07, 2.0032434856762643e-07, 1.956775884888109e-07, 1.7306516714205141e-07]","[1.0615144980124933e-05, 1.3003350300444838e-05, 1.3336887431109426e-05, 1.3013596858511766e-05, 1.1619470489958987e-05]"
899,"[1.7717602319738597e-07, 2.2980731401453767e-07, 2.5902231927327485e-07, 2.5371275974248115e-07, 2.1750791496237866e-07]","[1.1917249196653665e-05, 1.5581755447506697e-05, 1.7940817542477683e-05, 1.758595482370641e-05, 1.4948384614952242e-05]"
900,"[1.2851211516342635e-07, 1.57705275849132e-07, 1.6458205728532507e-07, 1.608106707717423e-07, 1.4206808606581713e-07]","[9.345331496952863e-06, 1.1529718861231849e-05, 1.2137301071234704e-05, 1.1857244933549981e-05, 1.0459445331619494e-05]"
901,"[1.2226716116170044e-07, 1.4964340519552064e-07, 1.565610153620346e-07, 1.5298784312257674e-07, 1.349717389630201e-07]","[8.757176466494828e-06, 1.0646647431448582e-05, 1.1110148284798644e-05, 1.0854332571563799e-05, 9.58414290115132e-06]"
902,"[1.8054218536585316e-07, 2.1570412983132808e-07, 2.1982910712431354e-07, 2.1454163436841217e-07, 1.912860421603563e-07]","[1.0475699861189639e-05, 1.286851697505963e-05, 1.3319763816583571e-05, 1.3002965217118668e-05, 1.155658732993398e-05]"
903,"[1.34181698691963e-07, 1.6376579676591743e-07, 1.7559431890847817e-07, 1.7181511243128225e-07, 1.494221680644225e-07]","[8.887561826691611e-06, 1.1147235253596997e-05, 1.219891277546157e-05, 1.1938185879652406e-05, 1.0343088942477785e-05]"
904,"[1.46802796394139e-07, 1.7861747859489155e-07, 1.8349925256153698e-07, 1.7917668491840033e-07, 1.5934013691525384e-07]","[1.013342949540768e-05, 1.2272535780419272e-05, 1.2442827284935911e-05, 1.213855342551081e-05, 1.0874796454182904e-05]"
905,"[1.58287798841384e-07, 1.9708061147746332e-07, 2.1765568041424403e-07, 2.1315747056290786e-07, 1.8354906551799442e-07]","[1.0954379120571724e-05, 1.3735239357022741e-05, 1.546787886355139e-05, 1.5159870571203939e-05, 1.2938133360361806e-05]"
906,"[1.5925548740025025e-07, 2.0008430726712784e-07, 2.1778518927431518e-07, 2.1305188888538275e-07, 1.8526418132667494e-07]","[9.830288438532513e-06, 1.2554587048099363e-05, 1.4164270515385827e-05, 1.3877735728983917e-05, 1.1867047114630943e-05]"
907,"[1.2748332719750225e-07, 1.5531460750535893e-07, 1.6388054128219828e-07, 1.6020469350281916e-07, 1.406595432873677e-07]","[9.083047053650558e-06, 1.0959707396117885e-05, 1.1548175850917888e-05, 1.1289980883127922e-05, 9.905194776169478e-06]"
908,"[1.2064711083598175e-07, 1.457965475719584e-07, 1.5197274533644983e-07, 1.4847984527489328e-07, 1.3108229114851537e-07]","[7.720852519172185e-06, 9.41521885034319e-06, 1.011310792652249e-05, 9.895418932674235e-06, 8.601948288526536e-06]"
909,"[1.157334282780687e-07, 1.386285306729386e-07, 1.450775672243375e-07, 1.4181895836258734e-07, 1.2469352816851535e-07]","[7.81319602896664e-06, 9.256492535300176e-06, 9.750459440965285e-06, 9.53771059686286e-06, 8.333976221727758e-06]"
910,"[1.2958595210854054e-07, 1.551872595814932e-07, 1.5996186837001317e-07, 1.5623354270594225e-07, 1.384815813055575e-07]","[9.909810641673975e-06, 1.1695818992653056e-05, 1.195469233073284e-05, 1.167534455397232e-05, 1.0366656307326814e-05]"
911,"[1.7995241682575863e-07, 2.262399990891025e-07, 2.464330954871252e-07, 2.4103467251739117e-07, 2.0972162685653864e-07]","[1.129387773628977e-05, 1.4101204242743733e-05, 1.497637877385005e-05, 1.4637125068732615e-05, 1.2854698156920724e-05]"
912,"[1.6263124819441502e-07, 2.0188012811337623e-07, 2.1400775294040895e-07, 2.0910191846021506e-07, 1.840156934031061e-07]","[1.1693150228403776e-05, 1.5098094748463886e-05, 1.6412940058501014e-05, 1.604740805647168e-05, 1.4007097039772703e-05]"
913,"[1.449710322409803e-07, 1.7115438666062738e-07, 1.7722318601553925e-07, 1.7321459628735929e-07, 1.5273609699117263e-07]","[9.659712842047123e-06, 1.1893690457454821e-05, 1.268469194649276e-05, 1.240431950006469e-05, 1.084766856570769e-05]"
914,"[1.5177860572523588e-07, 1.9041495024327372e-07, 2.0692340474609567e-07, 2.024394143541091e-07, 1.7592718111456576e-07]","[1.0314469369459447e-05, 1.2481474282745144e-05, 1.3096573520908041e-05, 1.2801166035492682e-05, 1.1253209258095727e-05]"
915,"[1.6616318505364094e-07, 2.011619616567039e-07, 2.086110677953823e-07, 2.037473678889076e-07, 1.8038615504950338e-07]","[1.1175190682595496e-05, 1.3432127039358198e-05, 1.3961409646472282e-05, 1.3640747228018101e-05, 1.2045387275301457e-05]"
916,"[1.4519473751344265e-07, 1.8365551764664794e-07, 2.070684469170955e-07, 2.028870235719008e-07, 1.7343656356874445e-07]","[1.1225232849346631e-05, 1.4078122840005317e-05, 1.568178495438127e-05, 1.536373397825846e-05, 1.317398089383147e-05]"
917,"[1.5916284930735068e-07, 2.0135916676029605e-07, 2.1746894691916253e-07, 2.1264640521529454e-07, 1.856443040065714e-07]","[1.0596815555629596e-05, 1.3001462035852145e-05, 1.3730431676374155e-05, 1.341950568491465e-05, 1.1791908687764974e-05]"
918,"[3.6369812104849663e-07, 4.344616239214895e-07, 4.1933349663107836e-07, 4.0800989060075757e-07, 3.7489091128826364e-07]","[1.8167679384378234e-05, 2.1693107685671748e-05, 2.1232434847692132e-05, 2.067828894606974e-05, 1.8842071438458736e-05]"
919,"[1.6320448638136298e-07, 2.0241499057071586e-07, 2.104707907484481e-07, 2.0550236142379525e-07, 1.8233788416026838e-07]","[1.1974563663304494e-05, 1.5084870215597774e-05, 1.569982907653762e-05, 1.532222068107018e-05, 1.3633358207682732e-05]"
920,"[2.2987246222181367e-07, 2.913636019326804e-07, 3.0674503617336526e-07, 2.995103873982132e-07, 2.6515924367421825e-07]","[1.7572349173712294e-05, 2.2694756111294344e-05, 2.4349059093703608e-05, 2.3789803992757002e-05, 2.0910630239262313e-05]"
921,"[1.1940731790207978e-07, 1.4650147945880033e-07, 1.5106065895141584e-07, 1.474462969651971e-07, 1.312687109038022e-07]","[8.72738969236451e-06, 1.0915151181026781e-05, 1.1371358119112385e-05, 1.1100225895457727e-05, 9.860781861975008e-06]"
922,"[1.2971405687557492e-07, 1.5659834678663798e-07, 1.610715829089248e-07, 1.5723683201236257e-07, 1.398628680267097e-07]","[9.69436704074913e-06, 1.166277661508869e-05, 1.1687853449682184e-05, 1.1394934862288737e-05, 1.0268257335775067e-05]"
923,"[2.0541018416951754e-07, 2.5583451802433813e-07, 2.6573120248642874e-07, 2.593821805109982e-07, 2.3058672401885038e-07]","[1.6673076932869497e-05, 2.115462465290349e-05, 2.212950247531514e-05, 2.159917667738693e-05, 1.919071450632227e-05]"
924,"[1.1821098727300884e-07, 1.4562188059525586e-07, 1.529446070091717e-07, 1.4940990097744902e-07, 1.3182244394929483e-07]","[8.66097419781481e-06, 1.0684371139500146e-05, 1.1034395145805086e-05, 1.0769389130444257e-05, 9.589278870283112e-06]"
925,"[1.4053783285520714e-07, 1.7534638191246134e-07, 1.8471457197364915e-07, 1.8044421401368806e-07, 1.5919141042402294e-07]","[1.0403473603916354e-05, 1.292620338795498e-05, 1.3332995824184395e-05, 1.3010995499645221e-05, 1.160072189398371e-05]"
926,"[1.399818804344163e-07, 1.7233434787307225e-07, 1.809740703713942e-07, 1.7685210090973778e-07, 1.5575912436151447e-07]","[9.288885015011969e-06, 1.1376912318855164e-05, 1.1789458543343002e-05, 1.1510418333510822e-05, 1.0218265333200818e-05]"
927,"[1.4768344796273026e-07, 1.7777447972384175e-07, 1.806279057211333e-07, 1.7631210803801655e-07, 1.5752605447039113e-07]","[1.0391898883694138e-05, 1.2519695377366503e-05, 1.2672211297656031e-05, 1.2359150365266138e-05, 1.1091450379609205e-05]"
928,"[1.582324242631973e-07, 1.96936055886344e-07, 2.1568599274933608e-07, 2.1113266838625184e-07, 1.823603812452352e-07]","[1.1450551821890403e-05, 1.42749155364332e-05, 1.5246264978288685e-05, 1.4904912832303293e-05, 1.3054489764485812e-05]"
929,"[1.885995803517072e-07, 2.2977990077846634e-07, 2.3690698737403466e-07, 2.3128748453137999e-07, 2.0564683740564562e-07]","[1.1523396680464168e-05, 1.3876047202422832e-05, 1.4235351717007502e-05, 1.3897594797649606e-05, 1.2361007428984767e-05]"
930,"[1.4946146579781566e-07, 1.7931643065242113e-07, 1.8054986932829908e-07, 1.760814016498298e-07, 1.5816187435503413e-07]","[1.0307417338778415e-05, 1.2460548871546276e-05, 1.266704411390055e-05, 1.2358263714456767e-05, 1.1056121418961635e-05]"
931,"[1.656770197589056e-07, 2.0435706743991645e-07, 2.134218591231609e-07, 2.0842487618747567e-07, 1.8459657489843245e-07]","[1.2210436246528188e-05, 1.462611298603252e-05, 1.4363309635488745e-05, 1.3988549627338604e-05, 1.2736882225481457e-05]"
932,"[1.8982187242897057e-07, 2.2356592093314584e-07, 2.2659839913206606e-07, 2.2128815999901799e-07, 1.9692005519070685e-07]","[1.1592745130090439e-05, 1.3772248965425458e-05, 1.4051093967727484e-05, 1.3718523031787173e-05, 1.2208303978393522e-05]"
933,"[1.645476372059322e-07, 2.0436843684188856e-07, 2.1598257868405458e-07, 2.1102629554624693e-07, 1.8586656404147194e-07]","[1.1584488153447084e-05, 1.423005774857042e-05, 1.4736672208443015e-05, 1.4385429086161781e-05, 1.2788113359401564e-05]"
934,"[1.7008841145354984e-07, 2.0702498024656065e-07, 2.1304172940309616e-07, 2.079619646969364e-07, 1.8504513335091083e-07]","[1.1318404204660752e-05, 1.4000646887467293e-05, 1.4667431488577602e-05, 1.4327149062148868e-05, 1.2656760025488976e-05]"
935,"[1.7500513810250816e-07, 2.1442468588531832e-07, 2.2733599841470787e-07, 2.222530367816685e-07, 1.9490596297386097e-07]","[1.3608171318061804e-05, 1.659691452156069e-05, 1.7202318638441406e-05, 1.6799630162610976e-05, 1.4890672047762114e-05]"
936,"[1.7020163356643938e-07, 2.0374284443283692e-07, 2.084984365258667e-07, 2.035418082079892e-07, 1.8109279504413022e-07]","[1.1945405467714192e-05, 1.4392791107875488e-05, 1.4774466202284418e-05, 1.4424568394815363e-05, 1.2825764394229854e-05]"
937,"[1.7649798232350066e-07, 2.1826744380779825e-07, 2.298997625638586e-07, 2.246035611650988e-07, 1.9795639166006815e-07]","[1.1955228305159368e-05, 1.4678654979537645e-05, 1.51521731000595e-05, 1.4792904645239243e-05, 1.3148713388313766e-05]"
938,"[1.8703696639933338e-07, 2.299368083209746e-07, 2.400699222850669e-07, 2.345029088429705e-07, 2.0723409215014618e-07]","[1.3178373138143844e-05, 1.6196752683150337e-05, 1.6764985882221425e-05, 1.636701867800934e-05, 1.4541174435819318e-05]"
939,"[1.8932270470570904e-07, 2.2796195576584458e-07, 2.3205449923501896e-07, 2.2651746852739998e-07, 2.019958070206053e-07]","[1.29773908973393e-05, 1.5703441374258633e-05, 1.6110477833286427e-05, 1.572771862494367e-05, 1.3994694992586525e-05]"
940,"[2.0035969226491132e-07, 2.4782751055246023e-07, 2.6244618190074896e-07, 2.5647576914833525e-07, 2.2547532318558797e-07]","[1.5002744562710658e-05, 1.7976537264072155e-05, 1.8200387901382055e-05, 1.775767500236934e-05, 1.5892096259364693e-05]"
941,"[1.7619838910431635e-07, 2.1965061493326417e-07, 2.3645939453823807e-07, 2.312260060295727e-07, 2.0193155155324764e-07]","[1.2193315076280369e-05, 1.4741566798484891e-05, 1.5248725174328747e-05, 1.4890765807378079e-05, 1.3205680820831423e-05]"
942,"[1.8065705545618533e-07, 2.2314926930645798e-07, 2.3849028239571953e-07, 2.332689207914953e-07, 2.0356721952700586e-07]","[1.3426170503701193e-05, 1.6500988677496647e-05, 1.7231058870588402e-05, 1.6831640103034835e-05, 1.4877444781890658e-05]"
943,"[1.9446545794975587e-07, 2.3767509778818724e-07, 2.4747961982902083e-07, 2.417379148614095e-07, 2.1385903516735828e-07]","[1.3998700909203199e-05, 1.688334082971334e-05, 1.715191123802079e-05, 1.6737675987713914e-05, 1.4957563518890235e-05]"
944,"[2.0633585798480652e-07, 2.621016155152358e-07, 2.846967355446862e-07, 2.7845224224069e-07, 2.425965797513111e-07]","[1.50201771601331e-05, 1.8583896832713692e-05, 1.9739162365556376e-05, 1.92974741871917e-05, 1.6917683938000345e-05]"
945,"[2.03047645915641e-07, 2.474036741147191e-07, 2.5716794925230866e-07, 2.512082416204469e-07, 2.221432407847838e-07]","[1.4625396908216612e-05, 1.764543089526313e-05, 1.7927178308504727e-05, 1.7492366175035167e-05, 1.5642997646141775e-05]"
946,"[1.9152240806298816e-07, 2.3659027103161734e-07, 2.5557015932353053e-07, 2.501086393171321e-07, 2.1696867014061868e-07]","[1.2584068278526676e-05, 1.5173863512449318e-05, 1.5919486585071356e-05, 1.5563732308990784e-05, 1.3665014537454843e-05]"
947,"[1.8740931219506714e-07, 2.2976147179380712e-07, 2.407220301330485e-07, 2.351650262637972e-07, 2.0754989153047564e-07]","[1.2703759041924226e-05, 1.5676488900681292e-05, 1.653454482826476e-05, 1.615613406690589e-05, 1.4225778280415575e-05]"
948,"[2.102295137371017e-07, 2.6317877068265746e-07, 2.828995335583699e-07, 2.7667321823931024e-07, 2.414759878102513e-07]","[1.4888728284987896e-05, 1.8189243370933478e-05, 1.8969525932683103e-05, 1.85277697732467e-05, 1.6389850584293997e-05]"
949,"[2.0631376399508358e-07, 2.5402265893747156e-07, 2.6381777406438807e-07, 2.5757328184112716e-07, 2.2857240699536836e-07]","[1.4443343921905729e-05, 1.760161428255408e-05, 1.7986126782134294e-05, 1.7550150503213875e-05, 1.5679268333943468e-05]"
950,"[2.0301874664514246e-07, 2.521946112798815e-07, 2.696400690227475e-07, 2.6365779611324234e-07, 2.305224066385947e-07]","[1.420567923508944e-05, 1.766405844530765e-05, 1.8630070882073383e-05, 1.8202224252938338e-05, 1.6039036879393396e-05]"
951,"[1.995815573558541e-07, 2.40253737981777e-07, 2.4869070758832877e-07, 2.428973827116911e-07, 2.1514182170842182e-07]","[1.2662401416056878e-05, 1.538180388965828e-05, 1.6095542378748438e-05, 1.5728647040155852e-05, 1.3861045528218834e-05]"
952,"[2.0283117438955595e-07, 2.439688013775498e-07, 2.5072544482622533e-07, 2.448579586548158e-07, 2.173233886622232e-07]","[1.364938904815381e-05, 1.6440938405155738e-05, 1.69162534686235e-05, 1.651574822224317e-05, 1.4680190235528727e-05]"
953,"[2.2734313638874108e-07, 2.7466767820621415e-07, 2.849810483371468e-07, 2.7838684226018176e-07, 2.459461965439807e-07]","[1.5108245031027424e-05, 1.8563081788768475e-05, 1.9207908437540664e-05, 1.875013341145959e-05, 1.667074644181377e-05]"
954,"[2.073607347100559e-07, 2.5726870950006046e-07, 2.748980440820454e-07, 2.688344918293388e-07, 2.350059074148764e-07]","[1.5323693286716053e-05, 1.889369589982732e-05, 1.9996914585199383e-05, 1.9543315433371618e-05, 1.7170583058005295e-05]"
955,"[2.024628963285832e-07, 2.4414935757839006e-07, 2.526685284630597e-07, 2.469324412784556e-07, 2.182715991053461e-07]","[1.3053564911320068e-05, 1.5958255042385637e-05, 1.674525102357574e-05, 1.6364638178259344e-05, 1.4405737796788674e-05]"
956,"[2.027576332615698e-07, 2.4635444093630306e-07, 2.583843583300319e-07, 2.524870983358556e-07, 2.2243160045527695e-07]","[1.399709374619122e-05, 1.7128225030355362e-05, 1.798887800712709e-05, 1.7576123117936286e-05, 1.5489912763818803e-05]"
957,"[1.989656655948202e-07, 2.458896892783004e-07, 2.6019870575446996e-07, 2.5430886809429534e-07, 2.2352845673900861e-07]","[1.3956038219668763e-05, 1.7018886482871178e-05, 1.7678015419416607e-05, 1.7265413639348534e-05, 1.5286423850477433e-05]"
958,"[2.1837554255471711e-07, 2.7036416776878327e-07, 2.8787915523431654e-07, 2.8146531413861836e-07, 2.4656134288450484e-07]","[1.4705654925533279e-05, 1.7797425879116507e-05, 1.8520161149057158e-05, 1.8093967132620612e-05, 1.5979469191964886e-05]"
959,"[2.240045406897227e-07, 2.749595968052282e-07, 2.8822482005795885e-07, 2.8165562754884555e-07, 2.4827443749068686e-07]","[1.4149782713930685e-05, 1.7524834831092636e-05, 1.824954978539796e-05, 1.781947421846079e-05, 1.5799525813119376e-05]"
960,"[1.724960208270515e-07, 2.1008931580620125e-07, 2.1739744312021885e-07, 2.1230807843273708e-07, 1.8824313134850885e-07]","[1.184888346474776e-05, 1.4138768626085872e-05, 1.4191037852396961e-05, 1.3843238672181224e-05, 1.2428116422591996e-05]"
961,"[1.7600732812876176e-07, 2.1063342334298162e-07, 2.157930877798769e-07, 2.1073120938314103e-07, 1.872914841477734e-07]","[1.1465939670600226e-05, 1.4002281673164093e-05, 1.461062992454863e-05, 1.4274263382929293e-05, 1.260042257978111e-05]"
962,"[1.6605933634844756e-07, 2.0020161433470953e-07, 2.0700480964512328e-07, 2.0226090109343734e-07, 1.7874925139295144e-07]","[1.2395133240668824e-05, 1.5180854600419193e-05, 1.5612588071220144e-05, 1.5239194079918892e-05, 1.3572414862662042e-05]"
963,"[1.9327182464567096e-07, 2.368454765088486e-07, 2.493269902146348e-07, 2.436577672622545e-07, 2.144239752512466e-07]","[1.373535922698393e-05, 1.6684605120896606e-05, 1.7201337660798268e-05, 1.6793904608735294e-05, 1.4929190713939613e-05]"
964,"[1.8456514042594147e-07, 2.2387004037865757e-07, 2.3518939835708658e-07, 2.2992963554986575e-07, 2.0165147966898072e-07]","[1.2730857487927879e-05, 1.570078327195696e-05, 1.6505487415929316e-05, 1.6127179118923232e-05, 1.4208541032417274e-05]"
965,"[2.1923664804107523e-07, 2.6752050589265804e-07, 2.78490714066123e-07, 2.719986163529558e-07, 2.4062948211509116e-07]","[1.564329417571154e-05, 1.9012834995462957e-05, 1.933895434400409e-05, 1.8865743451497752e-05, 1.689254662949124e-05]"
966,"[2.1907140670473563e-07, 2.7041921575361683e-07, 2.827170803540812e-07, 2.7620769192479396e-07, 2.436999941996635e-07]","[1.353712392731059e-05, 1.658639147754361e-05, 1.7406884109541032e-05, 1.7007447291784413e-05, 1.4991836419092454e-05]"
967,"[1.9340080826614497e-07, 2.3914522456396386e-07, 2.5877586363222276e-07, 2.5319078594441076e-07, 2.200026909608163e-07]","[1.2782514762233297e-05, 1.5226129984463749e-05, 1.604938773050574e-05, 1.569388573279326e-05, 1.374464482536168e-05]"
968,"[2.053900728761477e-07, 2.579493274040281e-07, 2.800207527674481e-07, 2.7399034236784026e-07, 2.3771676897435191e-07]","[1.4400029654443075e-05, 1.757761213530029e-05, 1.8242223336517963e-05, 1.781529323205706e-05, 1.5785798541879972e-05]"
969,"[1.9887521478440206e-07, 2.4955819228995613e-07, 2.6988231749344626e-07, 2.6402373184792486e-07, 2.2967715695577973e-07]","[1.2833516133082151e-05, 1.5523021937109773e-05, 1.6379476688713286e-05, 1.6016957771293845e-05, 1.4026511351593594e-05]"
970,"[2.1577166965432586e-07, 2.6484977307347843e-07, 2.750990644798187e-07, 2.686953936589795e-07, 2.378846800877111e-07]","[1.512929308866281e-05, 1.8494600525321374e-05, 1.887794419944543e-05, 1.8418367494822237e-05, 1.6471532983681978e-05]"
971,"[2.2369287829388155e-07, 2.7373257741342543e-07, 2.853297443741021e-07, 2.7871273855209646e-07, 2.462898643851022e-07]","[1.5802159460299625e-05, 1.943466643572444e-05, 2.0097169602522087e-05, 1.9618894969757728e-05, 1.744207170761653e-05]"
972,"[1.9466298405293656e-07, 2.3728895501372818e-07, 2.501577832585309e-07, 2.4453232003538526e-07, 2.1472361742611017e-07]","[1.3756866500075056e-05, 1.6507535092639217e-05, 1.6757501626361982e-05, 1.635302547159841e-05, 1.461145498264316e-05]"
973,"[3.07003757036796e-07, 3.620265678362327e-07, 3.560719994152951e-07, 3.469664318186084e-07, 3.148765750443434e-07]","[1.702253412388137e-05, 2.029059837968979e-05, 2.030293828460186e-05, 1.980011043531286e-05, 1.7814014634143356e-05]"
974,"[2.525195381225331e-07, 3.0473283335154875e-07, 3.137069177414533e-07, 3.063172470833984e-07, 2.720718894189561e-07]","[1.4184970125721658e-05, 1.7194581361514595e-05, 1.7628955233757526e-05, 1.720859613032827e-05, 1.5321944256303313e-05]"
975,"[1.7320030568706899e-07, 2.0922892400249204e-07, 2.1396064607219111e-07, 2.0885359948042044e-07, 1.8607089630670475e-07]","[1.283462559457715e-05, 1.541837066124684e-05, 1.5280964728698423e-05, 1.4890119861993521e-05, 1.3491834110704638e-05]"
976,"[2.0432165680946385e-07, 2.501534403472505e-07, 2.581205333488187e-07, 2.520226437585529e-07, 2.2384812433945182e-07]","[1.4093952510663905e-05, 1.749759184731894e-05, 1.844040042241465e-05, 1.8014529939091393e-05, 1.5887743126161703e-05]"
977,"[1.9554309509803048e-07, 2.3763131127803492e-07, 2.443549175090799e-07, 2.3857416402978667e-07, 2.1206551098016668e-07]","[1.2985013001930023e-05, 1.592775541915153e-05, 1.6613424721650182e-05, 1.622390250669393e-05, 1.4363243466935045e-05]"
978,"[2.0118085378193807e-07, 2.4564355980325597e-07, 2.600318342568462e-07, 2.542301241421399e-07, 2.2279248621178607e-07]","[1.353126307760549e-05, 1.6574108895683687e-05, 1.791213921424685e-05, 1.752729723233518e-05, 1.5222574733421488e-05]"
979,"[2.4380052675801323e-07, 3.010977640731436e-07, 3.287119758341217e-07, 3.2170372941381546e-07, 2.78717212678532e-07]","[1.4927478515815976e-05, 1.795142011967149e-05, 1.895944413022467e-05, 1.853763547001784e-05, 1.6241910127784053e-05]"
980,"[2.1756838012731128e-07, 2.630717410012765e-07, 2.675747963849172e-07, 2.6104518328592706e-07, 2.3363586901667013e-07]","[1.5311640775044776e-05, 1.86263295767895e-05, 1.890087909219149e-05, 1.8435883277858643e-05, 1.6529629499321787e-05]"
981,"[2.0827743480653627e-07, 2.496767002885329e-07, 2.5544170685827584e-07, 2.493909617300683e-07, 2.2192727148783643e-07]","[1.3427599422740026e-05, 1.6580904838286356e-05, 1.7498901124008008e-05, 1.709984106273625e-05, 1.5049626746892044e-05]"
982,"[2.1591741600122106e-07, 2.672015881632578e-07, 2.8255664415640883e-07, 2.761347994114639e-07, 2.427999394551882e-07]","[1.436177895301072e-05, 1.7726731119840457e-05, 1.8565043831313554e-05, 1.8132933486634273e-05, 1.602926974598241e-05]"
983,"[1.9454377160299888e-07, 2.477003720194296e-07, 2.7605433284088235e-07, 2.7040578961584427e-07, 2.3225057751580747e-07]","[1.3635454093432656e-05, 1.6492485399747696e-05, 1.7116508015778374e-05, 1.672044875244289e-05, 1.4788629360653761e-05]"
984,"[1.9048177011820158e-07, 2.3159827857029191e-07, 2.4707247709033494e-07, 2.416569811101235e-07, 2.109342069732117e-07]","[1.2921922736307958e-05, 1.5867378796283635e-05, 1.657553393543339e-05, 1.6191634248624623e-05, 1.430703968030992e-05]"
985,"[2.469577633617796e-07, 3.059571013735411e-07, 3.1999380161392987e-07, 3.1255377712009913e-07, 2.7629104168761554e-07]","[1.4964758237892994e-05, 1.8080792345500812e-05, 1.8697512265612637e-05, 1.8263436071508863e-05, 1.617362707304389e-05]"
986,"[2.2008580884119572e-07, 2.7431679982577053e-07, 2.978724643800636e-07, 2.9140676491511206e-07, 2.534174694323306e-07]","[1.3070977268471763e-05, 1.5812590592256968e-05, 1.6766743404284998e-05, 1.639659004264671e-05, 1.4338176771267092e-05]"
987,"[2.5675226770550664e-07, 3.1625482760330703e-07, 3.30396779497007e-07, 3.2270985557598025e-07, 2.8541998524992053e-07]","[1.5278236818517648e-05, 1.846138368714564e-05, 1.873968985016199e-05, 1.82842419275431e-05, 1.635943693010289e-05]"
988,"[1.8108264748546573e-07, 2.1788232289926838e-07, 2.2086429238616651e-07, 2.154846263419466e-07, 1.9294656130532696e-07]","[1.3904944362382226e-05, 1.6650238401747682e-05, 1.639919734949085e-05, 1.597575016564171e-05, 1.4513117298367823e-05]"
989,"[2.22830700624497e-07, 2.6936092333976703e-07, 2.7967610263231197e-07, 2.7317139018605827e-07, 2.4154148152575754e-07]","[1.542347020631248e-05, 1.8483328089698417e-05, 1.8741106272953425e-05, 1.82884251956319e-05, 1.635234183279886e-05]"
990,"[2.701780003278466e-07, 3.1296806913264437e-07, 3.0306309779958023e-07, 2.9518725024336846e-07, 2.6913706894530586e-07]","[1.5626626363308066e-05, 1.891268009251186e-05, 1.934624442153365e-05, 1.8880982809450483e-05, 1.6842218676949086e-05]"
991,"[2.0954557625950253e-07, 2.5177206030858574e-07, 2.53326943172228e-07, 2.4705812070156287e-07, 2.2205704522488933e-07]","[1.2439493490756615e-05, 1.5119715118272286e-05, 1.5484955997217342e-05, 1.5111429716018069e-05, 1.3482967014304543e-05]"
992,"[3.7924351624171726e-07, 4.5771939904831586e-07, 4.835442719870177e-07, 4.726663587104024e-07, 4.144373725831657e-07]","[2.1569188994972463e-05, 2.5713559774901954e-05, 2.5182153356690882e-05, 2.452695099011605e-05, 2.2335795503615365e-05]"
993,"[2.0531923826193965e-07, 2.488276540245761e-07, 2.5302059058839154e-07, 2.4695394152643773e-07, 2.2046672393568928e-07]","[1.4424349547160854e-05, 1.8026653091862545e-05, 1.8613348867015706e-05, 1.8160094535091258e-05, 1.6210593386185107e-05]"
994,"[1.4116435063490064e-07, 1.6685901933270407e-07, 1.654587213935984e-07, 1.6131563113795692e-07, 1.4567901886190936e-07]","[9.424474748712415e-06, 1.15003843084297e-05, 1.1681622312204425e-05, 1.1394219464457205e-05, 1.021361715980867e-05]"
995,"[1.6416958976425733e-07, 1.950199204600063e-07, 1.9449745689174777e-07, 1.8969503217398633e-07, 1.70800390752514e-07]","[1.0804690334898904e-05, 1.291523558738186e-05, 1.3033844636388033e-05, 1.2710372647382221e-05, 1.142042264266683e-05]"
996,"[1.5747523094384872e-07, 1.8632957855581636e-07, 1.8738978444269864e-07, 1.8284922722303286e-07, 1.636360605584041e-07]","[9.97517374100822e-06, 1.2294175680169967e-05, 1.2711879228145096e-05, 1.2409459491007632e-05, 1.1031511176956636e-05]"
997,"[1.678839593227301e-07, 1.9965660606543197e-07, 2.0220574389351653e-07, 1.9735798451964064e-07, 1.7615390723681385e-07]","[1.1059217972351818e-05, 1.3565216082149178e-05, 1.4078600635668031e-05, 1.3745993033299431e-05, 1.219738984096821e-05]"
998,"[2.0860602935565975e-07, 2.489322382319985e-07, 2.518512651280829e-07, 2.457245960533866e-07, 2.1985494978178492e-07]","[1.3989001708021336e-05, 1.6719269930983073e-05, 1.665905964818163e-05, 1.6240523475151285e-05, 1.4656084429657974e-05]"
999,"[1.7377064815599826e-07, 2.0082174981158402e-07, 1.9271653491370042e-07, 1.8770914885626384e-07, 1.7155873837830234e-07]","[1.1485148263175148e-05, 1.366715364228503e-05, 1.3418416822974044e-05, 1.3071315065944484e-05, 1.1884635914864876e-05]"
1000,"[1.7556544115072304e-07, 2.0963386295321738e-07, 2.1463091350491416e-07, 2.0956381171073223e-07, 1.8642263354610066e-07]","[1.1493483408383159e-05, 1.3960553729355352e-05, 1.4347005713571121e-05, 1.4006039312540984e-05, 1.2460655931859983e-05]"
1001,"[1.9739470333903297e-07, 2.4495673420496006e-07, 2.5826673454502055e-07, 2.5227809640721666e-07, 2.2270366334423787e-07]","[1.3249368349347692e-05, 1.6344651279142102e-05, 1.7187490815812397e-05, 1.678743196399565e-05, 1.4828763412642871e-05]"
1002,"[2.0871208040266236e-07, 2.498065992136411e-07, 2.564020376422039e-07, 2.504161249975379e-07, 2.2212835147271587e-07]","[1.2192492034766708e-05, 1.4815308380435542e-05, 1.541162782827123e-05, 1.5054217148747512e-05, 1.331290689677299e-05]"
1003,"[1.7799315428502264e-07, 2.1139344019589027e-07, 2.088006507230135e-07, 2.0353463040870818e-07, 1.8423640348312942e-07]","[1.1640978584814062e-05, 1.3886582460082247e-05, 1.370057727798232e-05, 1.3349117414667206e-05, 1.211046058575024e-05]"
1004,"[1.9038247814730187e-07, 2.2375161687333254e-07, 2.18182484049306e-07, 2.1253094555540366e-07, 1.9334052614661083e-07]","[1.1766129376785112e-05, 1.3965578177760928e-05, 1.3763113710832098e-05, 1.3411134797642176e-05, 1.215800138131417e-05]"
1005,"[1.696181936227662e-07, 2.0557595770365189e-07, 2.1683706704744253e-07, 2.1194118185478084e-07, 1.8618616255758173e-07]","[1.2033380642203251e-05, 1.4460824587872634e-05, 1.4735798047982018e-05, 1.43795133315807e-05, 1.284595300496627e-05]"
1006,"[1.7346418968955994e-07, 2.0838826311068571e-07, 2.0999933034664408e-07, 2.048473070082347e-07, 1.8385548545512678e-07]","[1.1433571863099152e-05, 1.3854488569729895e-05, 1.3933600301637538e-05, 1.3586056580445338e-05, 1.2228714884860434e-05]"
1007,"[2.0133536066157284e-07, 2.4650661151050013e-07, 2.6099993569222656e-07, 2.551516801658657e-07, 2.2372671402946563e-07]","[1.4343836081038076e-05, 1.7455369393907242e-05, 1.8162142690774977e-05, 1.7740294332798266e-05, 1.569452435960521e-05]"
1008,"[2.2700297109094237e-07, 2.6964251351153064e-07, 2.6941851755522386e-07, 2.626817113822042e-07, 2.368111802036825e-07]","[1.2668773786687077e-05, 1.5174730669319768e-05, 1.527723360417456e-05, 1.4900153462999678e-05, 1.3382899614231992e-05]"
1009,"[1.5552029052139793e-07, 1.9013922438128166e-07, 1.977699518082423e-07, 1.9321291179033128e-07, 1.7091406146660917e-07]","[1.0871755480516197e-05, 1.3663008952512217e-05, 1.4376008479425369e-05, 1.403933491482805e-05, 1.2414354731581872e-05]"
1010,"[2.0517441788108715e-07, 2.405529780896079e-07, 2.3359968681265834e-07, 2.2758641809368226e-07, 2.0756006506946926e-07]","[1.2556977765073152e-05, 1.4965120875405103e-05, 1.4667904980994467e-05, 1.428584036488776e-05, 1.3008315157263354e-05]"
1011,"[1.8853321521420367e-07, 2.2333532850126595e-07, 2.1891937987207609e-07, 2.132725670434394e-07, 1.938405885503819e-07]","[1.223345702714835e-05, 1.4580209824270361e-05, 1.4375662734181548e-05, 1.4006562477014361e-05, 1.2708833708611002e-05]"
1012,"[1.9246843115729582e-07, 2.2999430147616883e-07, 2.3351157190885485e-07, 2.2788968030742716e-07, 2.0353967651788163e-07]","[1.2225524355175662e-05, 1.4534502961738291e-05, 1.4596379901259474e-05, 1.4244201484676085e-05, 1.2760047279641012e-05]"
1013,"[1.834300243761977e-07, 2.2041652533112162e-07, 2.226231625268411e-07, 2.1719812167861897e-07, 1.9458221776996354e-07]","[1.205389519606685e-05, 1.4797695820596404e-05, 1.5202927506646463e-05, 1.483705817359631e-05, 1.3232196271368437e-05]"
1014,"[2.0798747248445138e-07, 2.4943182586588e-07, 2.488844982426477e-07, 2.426240181379412e-07, 2.1901862486296113e-07]","[1.3507241367244296e-05, 1.6506823864785615e-05, 1.6903096143394008e-05, 1.6494090823760752e-05, 1.472623663391056e-05]"
1015,"[2.0738115697854263e-07, 2.445974331796752e-07, 2.422368653826773e-07, 2.3616063408158138e-07, 2.1332196177083863e-07]","[1.3158957221602706e-05, 1.583804382071524e-05, 1.576652675860019e-05, 1.5366392650143527e-05, 1.38940229246442e-05]"
1016,"[1.653283917678733e-07, 1.9805800647411137e-07, 2.005003091754418e-07, 1.9566372286344892e-07, 1.7484476070918832e-07]","[1.1354323695455882e-05, 1.361832990434766e-05, 1.3803555108833965e-05, 1.3468907363746312e-05, 1.2048630917750729e-05]"
1017,"[2.0078459423634757e-07, 2.355343244970528e-07, 2.2972718694954957e-07, 2.2381344406343294e-07, 2.0355550580454848e-07]","[1.1921432594947409e-05, 1.4564601055693176e-05, 1.49460822814992e-05, 1.4586721669613285e-05, 1.3005614462826727e-05]"
1018,"[1.896542291185857e-07, 2.3126881862039738e-07, 2.3611975977320023e-07, 2.30381847131473e-07, 2.0604158560919903e-07]","[1.3235760238217542e-05, 1.6292224799313136e-05, 1.667658401400557e-05, 1.6269503192418464e-05, 1.454967324978726e-05]"
1019,"[2.1458025559154635e-07, 2.5664724678698914e-07, 2.578387096544943e-07, 2.51439805898793e-07, 2.2614439922823775e-07]","[1.3102746511835206e-05, 1.543209217271374e-05, 1.5088578508765869e-05, 1.4699079984660448e-05, 1.3368023637592226e-05]"
1020,"[1.957045545996056e-07, 2.3296402662057256e-07, 2.3203406315647e-07, 2.2623968155012596e-07, 2.0385551332069782e-07]","[1.1766392940586367e-05, 1.4235317237476357e-05, 1.4675390070028282e-05, 1.4327911594245872e-05, 1.273312564388908e-05]"
1021,"[3.601194288586048e-07, 4.3168473578067637e-07, 4.258402322233464e-07, 4.1485623006850785e-07, 3.768316786866141e-07]","[1.9903002483004104e-05, 2.4345899515727422e-05, 2.4499916857810892e-05, 2.388180211888043e-05, 2.1532928090746246e-05]"
1022,"[2.3775238257338832e-07, 2.846438192901594e-07, 2.832045840091575e-07, 2.7605719094071285e-07, 2.4945444999693734e-07]","[1.74240657869568e-05, 2.1577442820101392e-05, 2.2061142004632436e-05, 2.151768808623186e-05, 1.9275822280859374e-05]"
1023,"[1.75488783313556e-07, 2.1559338107060816e-07, 2.241318364361509e-07, 2.1889866611825087e-07, 1.938806404044405e-07]","[1.3254687347788658e-05, 1.6630247601020743e-05, 1.738844254153996e-05, 1.6976478825620956e-05, 1.5056054909914092e-05]"
1024,"[1.219682788403775e-07, 1.497452281574356e-07, 1.589821392162583e-07, 1.5543091124198244e-07, 1.3614848098034747e-07]","[8.052102776487284e-06, 1.0183604228428595e-05, 1.0905659450984814e-05, 1.0659376415864374e-05, 9.344561782778851e-06]"
1025,"[1.3854752271113457e-07, 1.7065137099431777e-07, 1.8081501430216714e-07, 1.7675948506101918e-07, 1.5501561030910975e-07]","[9.517681184313289e-06, 1.1996897662550498e-05, 1.2691704857915821e-05, 1.239753827552661e-05, 1.0935590811396223e-05]"
1026,"[1.7229259893210602e-07, 2.1030094343738058e-07, 2.1627418328589379e-07, 2.111021545894522e-07, 1.8799124189629716e-07]","[1.199615121534431e-05, 1.5026250883618737e-05, 1.5617118334485595e-05, 1.524152602442303e-05, 1.3562429577089137e-05]"
1027,"[2.820666234998383e-07, 3.406848860268621e-07, 3.392523733409142e-07, 3.3067623854858486e-07, 2.9903837318710353e-07]","[1.5707950061169063e-05, 1.9335879077138618e-05, 1.9865646184360452e-05, 1.938504907376145e-05, 1.729802447100965e-05]"
1028,"[2.252643043397812e-07, 2.706474084653027e-07, 2.6852835158449163e-07, 2.6165022832098795e-07, 2.3701468178119743e-07]","[1.706976267038295e-05, 2.084938871933844e-05, 2.08527961858e-05, 2.0319712374190297e-05, 1.8381705455628117e-05]"
1029,"[2.0724120938428065e-07, 2.556920390511772e-07, 2.6564454886731194e-07, 2.5934149062797027e-07, 2.302900210182405e-07]","[1.557346630836336e-05, 1.9319528519487607e-05, 1.9889954387344553e-05, 1.9405616932344093e-05, 1.7329815435572303e-05]"
1030,"[1.9097808856892636e-07, 2.3637721157520258e-07, 2.4585715224159656e-07, 2.4002916964334425e-07, 2.13039936074221e-07]","[1.4423369353893103e-05, 1.7937142555535706e-05, 1.847996398888806e-05, 1.803012559752768e-05, 1.6098493615834328e-05]"
1031,"[1.9822852878976158e-07, 2.442845699058262e-07, 2.5453433448005866e-07, 2.4855845628513835e-07, 2.2017302299704753e-07]","[1.5106303657141875e-05, 1.8790867321117054e-05, 1.941368289148383e-05, 1.8944910601894985e-05, 1.6886799842915625e-05]"
1032,"[2.6945462742749723e-07, 3.2680308659408536e-07, 3.2710375272528373e-07, 3.1882421932817296e-07, 2.8782114630620333e-07]","[1.333204954987215e-05, 1.6482395563403846e-05, 1.6986723373569625e-05, 1.6576571419475358e-05, 1.4780409978836496e-05]"
1033,"[2.66685669819489e-07, 3.1867045617845676e-07, 3.1294321888544835e-07, 3.047751780080405e-07, 2.7740956183759074e-07]","[1.3888202879981442e-05, 1.6881669496767568e-05, 1.6957847215701728e-05, 1.6532065333177582e-05, 1.4899821420923875e-05]"
1034,"[2.4517574350580895e-07, 2.939440270815017e-07, 2.9361347917384754e-07, 2.862496789922833e-07, 2.580908096793894e-07]","[1.5281848338350365e-05, 1.8475593704079834e-05, 1.8599393499385836e-05, 1.8136430870050004e-05, 1.6313102215183215e-05]"
1035,"[2.242347167068787e-07, 2.6862167550728556e-07, 2.6919692033053994e-07, 2.6251626447391763e-07, 2.3623014228714936e-07]","[1.5471049051975777e-05, 1.8982764457306694e-05, 1.9286167087549378e-05, 1.8809252856172624e-05, 1.6877410519959814e-05]"
1036,"[2.4049281813130277e-07, 2.913170368927894e-07, 2.9588284302440785e-07, 2.8871052382667354e-07, 2.5830251196244434e-07]","[1.719891474279728e-05, 2.1345876313731093e-05, 2.2168450767881265e-05, 2.1643137830635762e-05, 1.9215743281894666e-05]"
1037,"[2.1369093068515168e-07, 2.611712533211037e-07, 2.695215056961692e-07, 2.6315359800997974e-07, 2.3377649424636025e-07]","[1.5483613014198872e-05, 1.9486485542566723e-05, 2.0623557710996192e-05, 2.014820338475652e-05, 1.77574743764022e-05]"
1038,"[2.565217718501787e-07, 3.1046068592573563e-07, 3.1153913987242096e-07, 3.0373216989719415e-07, 2.7369400095877487e-07]","[1.4327854050732438e-05, 1.750045192367414e-05, 1.77627248637632e-05, 1.7325043465236338e-05, 1.5538522923708664e-05]"
1039,"[2.140287562877365e-07, 2.621310925084259e-07, 2.6610111777447606e-07, 2.5951771279752085e-07, 2.3285642943453873e-07]","[1.4843213568690288e-05, 1.8541021333993956e-05, 1.922279254922127e-05, 1.8759724384104717e-05, 1.6704689533430006e-05]"
1040,"[2.1583279991361388e-07, 2.6316582152916316e-07, 2.6666256431267773e-07, 2.600833078866171e-07, 2.3336446532453018e-07]","[1.6037029109148982e-05, 1.9930889291859567e-05, 2.0602964955927016e-05, 2.0106698414889043e-05, 1.791251126868402e-05]"
1041,"[2.0429701578471064e-07, 2.455454636239042e-07, 2.4395714163964485e-07, 2.3774046054797625e-07, 2.1516909798750237e-07]","[1.4951971434519282e-05, 1.8246783855813047e-05, 1.8468427270458177e-05, 1.8010319546977734e-05, 1.617811741419904e-05]"
1042,"[2.4607134306965203e-07, 2.959260580377633e-07, 2.909590018434405e-07, 2.8338432889283e-07, 2.580535683958992e-07]","[1.1704795330250861e-05, 1.4349796913298984e-05, 1.448156077791165e-05, 1.4118037850128416e-05, 1.2714186217546483e-05]"
1043,"[2.2526902107100145e-07, 2.735247046954402e-07, 2.7441961881956423e-07, 2.6751299794660713e-07, 2.412687010540312e-07]","[1.3744717907844433e-05, 1.720925522204801e-05, 1.7919171805618667e-05, 1.7490682952156434e-05, 1.554494511433715e-05]"
1044,"[3.361963270246958e-07, 3.772865726921154e-07, 3.3685470106612835e-07, 3.267492720187205e-07, 3.1014679569361874e-07]","[1.30150054983049e-05, 1.5188451590858896e-05, 1.4399822461406359e-05, 1.400571727610403e-05, 1.2936773428313507e-05]"
1045,"[4.566503276763758e-07, 5.063578710287788e-07, 4.441849535708033e-07, 4.3088979102156657e-07, 4.115497106638164e-07]","[1.5556522123077017e-05, 1.7967005626513655e-05, 1.6650191560292644e-05, 1.617670649929011e-05, 1.5108505480949558e-05]"
1046,"[2.2290784713955257e-07, 2.732099093493131e-07, 2.7431808982351983e-07, 2.6736636643761686e-07, 2.414586798608859e-07]","[1.141161492631201e-05, 1.3761527804693784e-05, 1.3612227103020218e-05, 1.326130674573916e-05, 1.203650613831268e-05]"
1047,"[2.2663172924742863e-07, 2.774880812655024e-07, 2.7965666287031393e-07, 2.726117323750165e-07, 2.456665086770393e-07]","[1.0731490235512457e-05, 1.2968407808621599e-05, 1.2899030169966268e-05, 1.2569159745272187e-05, 1.1380895186457745e-05]"
1048,"[2.4862636005865836e-07, 3.0203254999209877e-07, 3.0205003594339253e-07, 2.943840284105693e-07, 2.659886990799713e-07]","[1.1648314449352656e-05, 1.4203855292303987e-05, 1.4368373933980888e-05, 1.4010668132890847e-05, 1.2592593074960235e-05]"
1049,"[2.834685243996501e-07, 3.378773490185051e-07, 3.267697228549089e-07, 3.180460393923909e-07, 2.914734084850059e-07]","[1.3811437593307619e-05, 1.6469950594664993e-05, 1.600297969205222e-05, 1.557763627688542e-05, 1.4255664296292157e-05]"
1050,"[2.5758859949219996e-07, 3.051758295613425e-07, 2.919822805989749e-07, 2.8401422534178636e-07, 2.618919563062058e-07]","[1.1661602863706858e-05, 1.4031853925307611e-05, 1.3767433915325734e-05, 1.3405048509593143e-05, 1.2227041750067362e-05]"
1051,"[2.3305410602053772e-07, 2.731891644424665e-07, 2.581837281039869e-07, 2.510118914317422e-07, 2.3261726640346592e-07]","[1.0633861893620054e-05, 1.2430108796117753e-05, 1.197335640201359e-05, 1.165733332338377e-05, 1.0668934802809313e-05]"
1052,"[2.0884755393572205e-07, 2.4950065507026646e-07, 2.409950160208977e-07, 2.3450961379161153e-07, 2.1528113459139162e-07]","[1.0607662674244453e-05, 1.2704090813639817e-05, 1.2441577621600803e-05, 1.2115139663452688e-05, 1.1047156485656377e-05]"
1053,"[2.4320440304686294e-07, 2.7697426467143135e-07, 2.5340312421186886e-07, 2.460520138598664e-07, 2.3110271962189579e-07]","[1.0875357638355264e-05, 1.267286082562364e-05, 1.2065180004019312e-05, 1.1738756943357417e-05, 1.0814564859209115e-05]"
1054,"[2.444108405204105e-07, 2.869560428264121e-07, 2.732022529984198e-07, 2.657442066408274e-07, 2.451951151697333e-07]","[1.2928155132287891e-05, 1.5065520826003131e-05, 1.4205869261385768e-05, 1.3813192955767424e-05, 1.2795963149455245e-05]"
1055,"[3.4061725952819736e-07, 4.0547204690552973e-07, 3.9243361813560253e-07, 3.819488908463518e-07, 3.502540282595981e-07]","[1.6722408819292103e-05, 1.9908944875919494e-05, 1.9279198411631606e-05, 1.8763602534349667e-05, 1.71976008216812e-05]"
1056,"[3.8869244540585456e-07, 4.4718832559137604e-07, 4.12997101825143e-07, 4.0119118900456903e-07, 3.7507260682838744e-07]","[1.8131333962741108e-05, 2.1385908434137013e-05, 2.037255145509062e-05, 1.9813349177317016e-05, 1.8296274690005983e-05]"
1057,"[5.334784194657707e-07, 6.143032820421005e-07, 5.761412501399386e-07, 5.6019200584041e-07, 5.19153988041301e-07]","[2.017930943768081e-05, 2.388037196678913e-05, 2.3317579348110827e-05, 2.2710392331212668e-05, 2.0690863021136997e-05]"
1058,"[5.159031437303453e-07, 6.029140475665149e-07, 5.740924040596139e-07, 5.585360213354987e-07, 5.145894067833712e-07]","[1.9865267364277518e-05, 2.377433119349127e-05, 2.3384175927953353e-05, 2.2779290605233203e-05, 2.0705703100961058e-05]"
1059,"[4.6834166364252946e-07, 5.513897359504418e-07, 5.273397029643752e-07, 5.130270137220381e-07, 4.7245801852949045e-07]","[2.1025057339197338e-05, 2.524335657846491e-05, 2.4919559207427322e-05, 2.4277541289672455e-05, 2.2040860463866665e-05]"
1060,"[4.847955776280854e-07, 5.687935329825897e-07, 5.443214964360086e-07, 5.296515072301091e-07, 4.870645640899825e-07]","[2.1465914195480702e-05, 2.556152818378226e-05, 2.4894070047532044e-05, 2.423698748762477e-05, 2.2143921202984745e-05]"
1061,"[4.334859412875312e-07, 5.222322929607382e-07, 5.132536895243059e-07, 4.99804029617157e-07, 4.5540490166636114e-07]","[2.0140942712919453e-05, 2.4555574512725148e-05, 2.439142004237498e-05, 2.375911942675603e-05, 2.156889048491177e-05]"
1062,"[3.0736680432217727e-07, 3.6312894020751456e-07, 3.4331147941272886e-07, 3.336681229216007e-07, 3.098286117813091e-07]","[1.3687146516637552e-05, 1.636084794621801e-05, 1.5815765346750802e-05, 1.5388924815563068e-05, 1.413339440804831e-05]"
1063,"[2.8881518108714307e-07, 3.4551696003306485e-07, 3.334265147026333e-07, 3.244016734191089e-07, 2.9823515283294075e-07]","[1.3995188598820779e-05, 1.652311397618747e-05, 1.5776134173735073e-05, 1.5344841262941458e-05, 1.4155574076161602e-05]"
1064,"[2.7396549934434715e-07, 3.2593903092646144e-07, 3.1260001372223876e-07, 3.040834193569835e-07, 2.801646465412036e-07]","[1.208191613708719e-05, 1.4456585343004414e-05, 1.4170701363478406e-05, 1.3800175404907018e-05, 1.257370844190634e-05]"
1065,"[2.3084177802898495e-07, 2.8268466655085197e-07, 2.8354586696826677e-07, 2.763309531319766e-07, 2.496754062755647e-07]","[1.1205887763707082e-05, 1.3838296853930169e-05, 1.4133675060830752e-05, 1.378493757307976e-05, 1.2353174217529233e-05]"
1066,"[2.1863182319750573e-07, 2.66257209342244e-07, 2.6835420082603117e-07, 2.6161447510517445e-07, 2.3559043738886894e-07]","[1.1512359436754704e-05, 1.3908084894271601e-05, 1.3967199432756973e-05, 1.361786124047563e-05, 1.2261659331810752e-05]"
1067,"[2.1414484749318352e-07, 2.5563511889733093e-07, 2.5123689544857216e-07, 2.447088977808684e-07, 2.2263940454227758e-07]","[1.1408388768553923e-05, 1.344014109377636e-05, 1.3017937843058715e-05, 1.2675884341132406e-05, 1.1586182737945471e-05]"
1068,"[1.5247871343899835e-07, 1.8470642882679575e-07, 1.8416013694645595e-07, 1.794767776584749e-07, 1.623298166499275e-07]","[7.795059935387773e-06, 9.368117173448859e-06, 9.410902750389573e-06, 9.17749808048424e-06, 8.251318059272377e-06]"
1069,"[2.6431235647969417e-07, 3.101772632086404e-07, 2.9402146157922293e-07, 2.858999588261837e-07, 2.644736340021689e-07]","[1.1878946152180167e-05, 1.4176793568750151e-05, 1.3862818900931029e-05, 1.3499623377754168e-05, 1.230977193959649e-05]"
1070,"[2.488651002744587e-07, 2.972647202185152e-07, 2.8951412967136435e-07, 2.8186183675880615e-07, 2.575608778649574e-07]","[1.1829923280215112e-05, 1.4112399973459617e-05, 1.385028405145463e-05, 1.3490913982153227e-05, 1.2274194564335925e-05]"
1071,"[2.3495607235015643e-07, 2.802194324101591e-07, 2.738993630783456e-07, 2.666948502733915e-07, 2.433125948770975e-07]","[1.0320073189468801e-05, 1.245110951280535e-05, 1.244675009742604e-05, 1.2133321686352903e-05, 1.0948920091558311e-05]"
1072,"[2.726673593028125e-07, 3.082889493022092e-07, 2.7626625929085127e-07, 2.6797605481580313e-07, 2.5414459717275996e-07]","[1.2403590945849175e-05, 1.4895256515247625e-05, 1.4592812425073879e-05, 1.4209497860965845e-05, 1.2960085358984486e-05]"
1073,"[3.5863246306919525e-07, 4.140589192331251e-07, 3.7742174758126825e-07, 3.6622836518176693e-07, 3.4569778660152616e-07]","[1.520790554811872e-05, 1.8076148160014616e-05, 1.7366967009466126e-05, 1.6896509207832518e-05, 1.5548200948915593e-05]"
1074,"[2.5393074334121245e-07, 3.035880610012878e-07, 2.9427396979937543e-07, 2.8635919431578433e-07, 2.627194971771107e-07]","[1.266070426943277e-05, 1.50372904615433e-05, 1.4607974577273367e-05, 1.4222697094212441e-05, 1.2997591299892512e-05]"
1075,"[2.5965818501066554e-07, 3.178792792319349e-07, 3.156732024812325e-07, 3.074568017337483e-07, 2.7932024686212753e-07]","[1.1520282873980643e-05, 1.3925809453553137e-05, 1.3769457161248227e-05, 1.3412298654006822e-05, 1.2185721233917855e-05]"
1076,"[2.3600184291874006e-07, 2.843420006328883e-07, 2.7850638639523583e-07, 2.711239631517965e-07, 2.4766190603673525e-07]","[1.260530814409181e-05, 1.5215604178525707e-05, 1.4932216826742312e-05, 1.4539089129830709e-05, 1.3262192995324021e-05]"
1077,"[2.1023514612186226e-07, 2.5266683248391923e-07, 2.4852552965119766e-07, 2.420447468360205e-07, 2.2030343092711836e-07]","[1.1431128603913601e-05, 1.3666555649976616e-05, 1.3312074371953637e-05, 1.295980354796147e-05, 1.1846226949122882e-05]"
1078,"[2.1991147636633052e-07, 2.615255318602777e-07, 2.5425503026330207e-07, 2.4752374798526864e-07, 2.262935758264222e-07]","[1.1673882916620613e-05, 1.3988842815408493e-05, 1.3713591652581602e-05, 1.3353574433890656e-05, 1.2175599768335765e-05]"
1079,"[2.3315902123964092e-07, 2.7732097306359024e-07, 2.6858246513494493e-07, 2.6135442631932386e-07, 2.3978112384052153e-07]","[1.1703898828877163e-05, 1.4098315705203633e-05, 1.3842198612718315e-05, 1.3478233595214097e-05, 1.2288847687810386e-05]"
1080,"[2.1162409029258733e-07, 2.553974834243384e-07, 2.5329625035092064e-07, 2.4675556827837556e-07, 2.2384432240907518e-07]","[1.0507765206998873e-05, 1.2584725200136592e-05, 1.246239063443592e-05, 1.2144125386290649e-05, 1.1000532106969944e-05]"
1081,"[1.723228218351203e-07, 2.0177086187997468e-07, 1.9285956173684052e-07, 1.876425318594093e-07, 1.7277929986243475e-07]","[8.91433166830761e-06, 1.0415830342846409e-05, 1.0092380149996716e-05, 9.830871263063077e-06, 8.959416651705386e-06]"
1082,"[2.313691041560446e-07, 2.7722121346937065e-07, 2.6894998763329545e-07, 2.6176368675131035e-07, 2.399447273514145e-07]","[1.11997021358351e-05, 1.3430449716430087e-05, 1.3152029531120867e-05, 1.2806503315774244e-05, 1.1679878244866157e-05]"
1083,"[2.1276133961620924e-07, 2.5788732510887896e-07, 2.5517999661189985e-07, 2.485376067744571e-07, 2.2587200423952801e-07]","[9.986880211448043e-06, 1.201808239780122e-05, 1.1938632486166167e-05, 1.1633184630137984e-05, 1.0535811523081858e-05]"
1084,"[3.076852982687722e-07, 3.633641022826166e-07, 3.476014902824687e-07, 3.3817667594969407e-07, 3.1133783179250584e-07]","[1.27641981726791e-05, 1.5067967527360943e-05, 1.4530728877384224e-05, 1.4142788748740786e-05, 1.29678604811701e-05]"
1085,"[2.9416729237369814e-07, 3.538764997586512e-07, 3.4735552837811597e-07, 3.38244056031412e-07, 3.082436674430094e-07]","[1.306661521639411e-05, 1.571769059692626e-05, 1.545156887155774e-05, 1.504713924177161e-05, 1.370570779693208e-05]"
1086,"[2.509874519309375e-07, 3.0558803468572324e-07, 3.0071194213252233e-07, 2.927437632237829e-07, 2.671254712902308e-07]","[1.1921947800349177e-05, 1.4474207480752232e-05, 1.4300522525441042e-05, 1.392659797257376e-05, 1.2672705408001241e-05]"
1087,"[2.4729090661776817e-07, 3.036678446325864e-07, 3.030848701564285e-07, 2.952259162107001e-07, 2.677887563139987e-07]","[1.2673748176439174e-05, 1.5402695276981204e-05, 1.5227474699458642e-05, 1.482929783668199e-05, 1.3493239893278862e-05]"
1088,"[2.843491440786099e-07, 3.330557939828901e-07, 3.1288283687262663e-07, 3.041030083079249e-07, 2.8265273972993614e-07]","[1.222193892737388e-05, 1.4525843776619901e-05, 1.4020249919181439e-05, 1.3644324942846212e-05, 1.251998950061773e-05]"
1089,"[2.4683129252644656e-07, 2.864705413998298e-07, 2.6644165058034415e-07, 2.5888696651580084e-07, 2.415760684923706e-07]","[1.1150314447861971e-05, 1.2980759990196327e-05, 1.238141175811382e-05, 1.2046879730160269e-05, 1.1089312737969056e-05]"
1090,"[2.905538177271609e-07, 3.463439555269909e-07, 3.314349200668394e-07, 3.2230933523922593e-07, 2.9756036399926374e-07]","[1.3046933687184576e-05, 1.5418929956834684e-05, 1.4735133038859162e-05, 1.4333415742402196e-05, 1.3213784667201058e-05]"
1091,"[3.180118077537153e-07, 3.8326638715102e-07, 3.7434348470056993e-07, 3.643600917321013e-07, 3.333303380170593e-07]","[1.4254765052126383e-05, 1.714735169066226e-05, 1.6819723233971195e-05, 1.6378515535676128e-05, 1.4930095379344308e-05]"
1092,"[2.647091859267574e-07, 3.2048110118148797e-07, 3.149419863839666e-07, 3.066244194774634e-07, 2.797780823736411e-07]","[1.4570664933223646e-05, 1.7706657089667277e-05, 1.7402288509895374e-05, 1.6941535880959164e-05, 1.5464227286199643e-05]"
1093,"[2.501170572652224e-07, 3.0182699758534064e-07, 2.9466827511212246e-07, 2.8679601751869916e-07, 2.624519730353521e-07]","[1.3684713516396588e-05, 1.6170014311256386e-05, 1.538277371843363e-05, 1.4958173555415898e-05, 1.3831132258152503e-05]"
1094,"[2.3379690066950916e-07, 2.794529277547212e-07, 2.7105306635817687e-07, 2.637954500231082e-07, 2.417771065305882e-07]","[1.1274326748427029e-05, 1.350173580711751e-05, 1.31970031122026e-05, 1.2849042796488821e-05, 1.1730197756862512e-05]"
1095,"[2.5167788542986524e-07, 3.03502419076742e-07, 2.976071440333308e-07, 2.897314054417094e-07, 2.644603644580487e-07]","[1.2679524449611809e-05, 1.5210792235310708e-05, 1.488514883362784e-05, 1.4493036251630251e-05, 1.3226458162973157e-05]"
1096,"[2.2698270393195408e-07, 2.5858490863535046e-07, 2.3642402556842953e-07, 2.2968674299677265e-07, 2.1523479179862437e-07]","[1.1161229296079532e-05, 1.2808887779606317e-05, 1.1883205667047479e-05, 1.1550777939204645e-05, 1.0757941110766366e-05]"
1097,"[2.0565530297049656e-07, 2.4370020101701475e-07, 2.3707029150537253e-07, 2.3084150455283167e-07, 2.1063878557637217e-07]","[9.266945512498587e-06, 1.0995060733606048e-05, 1.075183586927945e-05, 1.0471493155284492e-05, 9.539923469230406e-06]"
1098,"[2.489626100677932e-07, 2.913661151248686e-07, 2.7823793024289346e-07, 2.707035005771241e-07, 2.4920395617331394e-07]","[1.239964258095387e-05, 1.4720987255463136e-05, 1.4334107028415544e-05, 1.3958858076318173e-05, 1.2737447571695777e-05]"
1099,"[2.0827626106255047e-07, 2.4926930231324127e-07, 2.424229655711756e-07, 2.359474674979745e-07, 2.1607371661026803e-07]","[1.0809499766236192e-05, 1.2737230362292183e-05, 1.2347600614502668e-05, 1.2019977421645324e-05, 1.1000196497520022e-05]"
1100,"[2.0921688646289474e-07, 2.443360169923839e-07, 2.3218156214666307e-07, 2.2593865864184319e-07, 2.0796639535201922e-07]","[1.1389806144439126e-05, 1.3305497466143829e-05, 1.2710766046696336e-05, 1.236868675187907e-05, 1.1376737914130969e-05]"
1101,"[2.3901754773137957e-07, 2.7381851692419915e-07, 2.55263514149813e-07, 2.4819460931195534e-07, 2.304173139356508e-07]","[1.2311543989047108e-05, 1.3810518578216745e-05, 1.2565498768484089e-05, 1.2208828023814911e-05, 1.143732331084185e-05]"
1102,"[2.706024114499866e-07, 3.1347359059847914e-07, 2.9531828688750387e-07, 2.872274098345252e-07, 2.6571531297772835e-07]","[1.3434385194891472e-05, 1.593680156911934e-05, 1.5312989294494877e-05, 1.4897198227684113e-05, 1.3710102245221178e-05]"
1103,"[2.6273889021545345e-07, 3.102091523680834e-07, 2.9513666397493376e-07, 2.8698216245088564e-07, 2.653449856684223e-07]","[1.3471656436670627e-05, 1.5966809165287247e-05, 1.5289102278063513e-05, 1.4871887384315772e-05, 1.3707644020140163e-05]"
1104,"[2.509862410767668e-07, 3.0140059615291976e-07, 2.937695927144134e-07, 2.859397472872222e-07, 2.6165626396295806e-07]","[1.2229506562728732e-05, 1.4832156391193422e-05, 1.4721392836600606e-05, 1.4341519946145995e-05, 1.3011735504535597e-05]"
1105,"[2.496340166704137e-07, 2.9948700571814114e-07, 2.9160527761810686e-07, 2.838325529635422e-07, 2.598692937749429e-07]","[1.2882049214520278e-05, 1.5538800066731635e-05, 1.535096651622885e-05, 1.4952151704820743e-05, 1.3589609989340794e-05]"
1106,"[2.4281219632657394e-07, 2.8435943338174467e-07, 2.722835747441901e-07, 2.6490177963415667e-07, 2.4372397963416864e-07]","[1.1486654935775434e-05, 1.3668022214350785e-05, 1.3318374877803023e-05, 1.2967349218481501e-05, 1.1842201915727905e-05]"
1107,"[1.7398268863094786e-07, 2.115678757927936e-07, 2.0909491735990745e-07, 2.036416144853606e-07, 1.853226659155153e-07]","[8.861410203843946e-06, 1.0768398568136548e-05, 1.0833624618664118e-05, 1.056189238553039e-05, 9.51332561239064e-06]"
1108,"[2.134713288539587e-07, 2.5474617811138307e-07, 2.4433332567278457e-07, 2.3764326864696014e-07, 2.1913330783651283e-07]","[1.065924675830616e-05, 1.2744458701967952e-05, 1.2383998933587219e-05, 1.2054208621653214e-05, 1.1034820974926158e-05]"
1109,"[1.9380620573168226e-07, 2.3540250334513808e-07, 2.335184408223002e-07, 2.2749564583037882e-07, 2.064110723985669e-07]","[1.0244558717891297e-05, 1.257537450455257e-05, 1.2725944435262046e-05, 1.2408212686958869e-05, 1.1158433764766344e-05]"
1110,"[1.8499735268228957e-07, 2.228967695827647e-07, 2.208946783877521e-07, 2.1522585439787988e-07, 1.9508559847440868e-07]","[9.57610423485651e-06, 1.1534368618861006e-05, 1.1448439281430451e-05, 1.1155160062890026e-05, 1.0106889293950248e-05]"
1111,"[2.0158971032917376e-07, 2.425757518085975e-07, 2.3854539704006816e-07, 2.3232123430139204e-07, 2.114745864269265e-07]","[1.0252088785092855e-05, 1.2405113116696291e-05, 1.2324489267611376e-05, 1.2008632442268272e-05, 1.0881176871777347e-05]"
1112,"[1.9531521049477227e-07, 2.3579844387684062e-07, 2.3310730512972097e-07, 2.2704748035245674e-07, 2.062972085841456e-07]","[1.0589180209396964e-05, 1.2676812589419879e-05, 1.241979053559463e-05, 1.2094992770041982e-05, 1.1022740701866448e-05]"
1113,"[2.566324793486789e-07, 3.055001110674262e-07, 2.969406651167749e-07, 2.890650611270544e-07, 2.6441861450759226e-07]","[1.2188167128178085e-05, 1.4582423147149432e-05, 1.4231024268286653e-05, 1.3855272829990076e-05, 1.2655728594046545e-05]"
1114,"[2.8943482589839766e-07, 3.40128819673583e-07, 3.2133545128177706e-07, 3.123899877168568e-07, 2.894948550623915e-07]","[1.4781978879068794e-05, 1.7423326794941855e-05, 1.6515125390586966e-05, 1.6056921023277532e-05, 1.4870595378230595e-05]"
1115,"[1.9629521510799168e-07, 2.2998538282760271e-07, 2.1813529973392235e-07, 2.1213859571685815e-07, 1.961131808095982e-07]","[9.89530925034784e-06, 1.174291968139197e-05, 1.1439031435356285e-05, 1.1138791720032432e-05, 1.0166203082034093e-05]"
1116,"[2.2235269155666293e-07, 2.619452363512395e-07, 2.506895953051704e-07, 2.4390749965774586e-07, 2.24423462547903e-07]","[1.1192275501432866e-05, 1.3394852533785435e-05, 1.3130117480974892e-05, 1.2786653199662461e-05, 1.1651473593421623e-05]"
1117,"[1.7928078627129673e-07, 2.1832774685507825e-07, 2.1790113075097955e-07, 2.1231349340324848e-07, 1.921801047299055e-07]","[9.808938959486936e-06, 1.1767963408212027e-05, 1.1573629294820752e-05, 1.1273137493742994e-05, 1.0255348660008236e-05]"
1118,"[1.935305103459863e-07, 2.3152837667258762e-07, 2.2661798614772885e-07, 2.2067409069408163e-07, 2.012280509301551e-07]","[1.0242044985052168e-05, 1.2159468134101602e-05, 1.1826685010098315e-05, 1.1515412337942859e-05, 1.0519538451087303e-05]"
1119,"[2.2838648364086142e-07, 2.6784692463205224e-07, 2.610938268177739e-07, 2.5438580942390657e-07, 2.3112583730487153e-07]","[1.1779369419244832e-05, 1.3961670235072236e-05, 1.3619372679638397e-05, 1.3262733360796421e-05, 1.2096474884575484e-05]"
1120,"[2.582397339608909e-07, 3.0565773244567626e-07, 2.974715231877615e-07, 2.8967880320429544e-07, 2.6405726701485106e-07]","[1.2106601752924036e-05, 1.4594664425355061e-05, 1.4482755663882665e-05, 1.4113495819632122e-05, 1.2781879485614253e-05]"
1121,"[2.633766588789827e-07, 3.1044789849418605e-07, 2.960225474368008e-07, 2.878734926780826e-07, 2.658670740902163e-07]","[1.1944182357607226e-05, 1.414257480212191e-05, 1.3814438339388985e-05, 1.3453829418096453e-05, 1.2260496396171671e-05]"
1122,"[2.2988307697126442e-07, 2.707784243608687e-07, 2.5935712516265586e-07, 2.523451262458298e-07, 2.321237529141602e-07]","[1.1619572103338871e-05, 1.371479819427746e-05, 1.3237846728931833e-05, 1.2885841953385711e-05, 1.1805933762734612e-05]"
1123,"[2.3912015448718637e-07, 2.8257390251137967e-07, 2.7050048219712616e-07, 2.63129695015494e-07, 2.424556110090014e-07]","[1.2269066664647973e-05, 1.4482671012248196e-05, 1.3929812539067664e-05, 1.355620859826164e-05, 1.2447195900468573e-05]"
1124,"[2.6495833831592287e-07, 3.1327361152474175e-07, 3.008516139498902e-07, 2.927236891692792e-07, 2.692842187674339e-07]","[1.2028100348990194e-05, 1.4455575695525334e-05, 1.427725818867092e-05, 1.390774436372074e-05, 1.2633161326228217e-05]"
1125,"[2.5942872879702643e-07, 3.0147718555256187e-07, 2.8178853846868517e-07, 2.738743249834927e-07, 2.549225370762243e-07]","[1.2598894593868747e-05, 1.514110197590738e-05, 1.485566742994223e-05, 1.4466339128956581e-05, 1.3185112667911476e-05]"
1126,"[2.571409861324101e-07, 3.0054265035736134e-07, 2.8887809877685294e-07, 2.8124348661460556e-07, 2.57579364504629e-07]","[1.3596984071470528e-05, 1.606892936868814e-05, 1.534807509652921e-05, 1.4929094182055584e-05, 1.376895114448018e-05]"
1127,"[4.314695967759206e-07, 4.752784327046875e-07, 4.15138358487554e-07, 4.02437334470865e-07, 3.8510060083184023e-07]","[1.673755126987267e-05, 1.9134610094164923e-05, 1.7609309813872714e-05, 1.7105773867950058e-05, 1.601247672651409e-05]"
1128,"[3.83626483111676e-07, 4.3936397619801784e-07, 4.0325666061972174e-07, 3.9168249494374496e-07, 3.6731155294621425e-07]","[1.5992352648759067e-05, 1.8427030919932798e-05, 1.7160794719336747e-05, 1.6683189905577154e-05, 1.5517069642134948e-05]"
1129,"[3.192678753869649e-07, 3.690631273400314e-07, 3.433470819125407e-07, 3.336905056118745e-07, 3.1090056315852554e-07]","[1.492355045139179e-05, 1.743218122096226e-05, 1.649745244124898e-05, 1.604240791780325e-05, 1.484265554242615e-05]"
1130,"[3.485613559178818e-07, 3.8923056510448817e-07, 3.4718446152744805e-07, 3.3701839359961195e-07, 3.1884536753390594e-07]","[1.5132077930905466e-05, 1.7354647570776875e-05, 1.615804027315589e-05, 1.570742667883364e-05, 1.4602038259287584e-05]"
1131,"[4.0374205894111696e-07, 4.43934280084454e-07, 3.8304694158086703e-07, 3.712247765025205e-07, 3.5719353796971117e-07]","[1.7783708914735673e-05, 1.9851052503240457e-05, 1.801615643942746e-05, 1.7503934646733203e-05, 1.6402875447020503e-05]"
1132,"[3.7517196838354545e-07, 4.2015092427178786e-07, 3.7263405708129454e-07, 3.614161012174306e-07, 3.44027694707165e-07]","[1.706763181623434e-05, 1.932671539592269e-05, 1.7413364994694886e-05, 1.6900639946143875e-05, 1.5970937188715e-05]"
1133,"[3.1345112680255445e-07, 3.5888812636700544e-07, 3.2658927742034374e-07, 3.1700889788112886e-07, 2.987775125142481e-07]","[1.5273501827738917e-05, 1.7902997284347093e-05, 1.686437492530126e-05, 1.6391843198294427e-05, 1.5222848104819586e-05]"
1134,"[2.969040067463447e-07, 3.3653330390238764e-07, 3.01119299416978e-07, 2.9203944946932875e-07, 2.7747181845403125e-07]","[1.3364375065088982e-05, 1.544075011660467e-05, 1.4407929846971226e-05, 1.4003394165776636e-05, 1.3030911467248994e-05]"
1135,"[2.9365254527455774e-07, 3.3070522857436227e-07, 2.931368849101779e-07, 2.8419194352774124e-07, 2.7109857624442884e-07]","[1.3895012234762377e-05, 1.6015188308713486e-05, 1.4858355621381664e-05, 1.4437778239182293e-05, 1.3469576682334357e-05]"
1136,"[3.547047415807193e-07, 4.0759716928650987e-07, 3.7000980702754176e-07, 3.590436121028696e-07, 3.391958732864724e-07]","[1.5264402173380236e-05, 1.7636527379324742e-05, 1.630945160225642e-05, 1.5841903092258435e-05, 1.482122903583722e-05]"
1137,"[2.5945979898297854e-07, 3.000406002863797e-07, 2.793765622304515e-07, 2.7149399189394246e-07, 2.5296225718833623e-07]","[1.2641915667576357e-05, 1.4829552465477318e-05, 1.4082870764019246e-05, 1.369574308927775e-05, 1.265753834006765e-05]"
1138,"[2.459331913418299e-07, 2.895967449789684e-07, 2.7718356667174013e-07, 2.6966957631561544e-07, 2.482238562124152e-07]","[1.2205965633773603e-05, 1.4583016575731074e-05, 1.4426076913502154e-05, 1.4055739406616313e-05, 1.2745638023023732e-05]"
1139,"[2.329402304354112e-07, 2.7681497645857284e-07, 2.6626419450389876e-07, 2.5907202410443184e-07, 2.38171349674924e-07]","[1.1594158000247381e-05, 1.3727819666834929e-05, 1.3369232178463626e-05, 1.3018989085393373e-05, 1.1879559657133075e-05]"
1140,"[3.6405402205815433e-07, 4.2824578032239316e-07, 4.0460361849185674e-07, 3.9335837778764785e-07, 3.648020118487833e-07]","[1.6892171656611797e-05, 1.9670040017900848e-05, 1.8427802943766087e-05, 1.7910077978268373e-05, 1.665643929285125e-05]"
1141,"[3.073777445799643e-07, 3.6158478695444105e-07, 3.429092348834507e-07, 3.334304583309438e-07, 3.0851977104744224e-07]","[1.4250902645402436e-05, 1.6967759550253604e-05, 1.6385947868832692e-05, 1.594467496133977e-05, 1.4640380123959025e-05]"
1142,"[2.944221991532442e-07, 3.466185555527926e-07, 3.310202271515014e-07, 3.220138584249892e-07, 2.969236239551642e-07]","[1.4466861740870608e-05, 1.6976459878012724e-05, 1.622533621020646e-05, 1.5785102121558448e-05, 1.4537428656912449e-05]"
1143,"[3.06812118040161e-07, 3.6361116630171245e-07, 3.4511332411154655e-07, 3.354817705976492e-07, 3.109215667195655e-07]","[1.2609174119893751e-05, 1.4908612357379097e-05, 1.4309826489176409e-05, 1.3923069338771982e-05, 1.2806172497938092e-05]"
1144,"[3.197762565407435e-07, 3.808551881107705e-07, 3.6298398868516797e-07, 3.5290730071083423e-07, 3.2659723088268635e-07]","[1.3736469876200713e-05, 1.6207692098090453e-05, 1.546626902087261e-05, 1.5042534851723736e-05, 1.3881567562203053e-05]"
1145,"[2.247930174491989e-07, 2.689926697071994e-07, 2.629745197641284e-07, 2.560305105839957e-07, 2.3375892159581602e-07]","[1.1648751960517346e-05, 1.3849067824827945e-05, 1.3482236704923107e-05, 1.3126255498877446e-05, 1.1992552779797486e-05]"
1146,"[1.9185569607431137e-07, 2.3070761887302515e-07, 2.3024479705803027e-07, 2.2444044552301147e-07, 2.0256342628624406e-07]","[9.853502518815571e-06, 1.1898583700041802e-05, 1.2195805575541108e-05, 1.1905409031360818e-05, 1.0598235839588267e-05]"
1147,"[2.723319139988905e-07, 3.3006980925672577e-07, 3.246361067350429e-07, 3.1607318182167145e-07, 2.88297654011112e-07]","[1.262276592099441e-05, 1.5215394883212933e-05, 1.500110018779834e-05, 1.4610489982700688e-05, 1.3290740810300543e-05]"
1148,"[2.887787968815446e-07, 3.527210182001621e-07, 3.490560632953699e-07, 3.398936885276473e-07, 3.093993701739768e-07]","[1.1914858260405447e-05, 1.4494567397230405e-05, 1.4563690786738012e-05, 1.419612662050949e-05, 1.28027135851022e-05]"
1149,"[2.7211472032566033e-07, 3.298346087380144e-07, 3.249587895073421e-07, 3.1642533492206275e-07, 2.882564755141697e-07]","[1.1987506591736361e-05, 1.463447024165457e-05, 1.4730243855681034e-05, 1.4359683059522209e-05, 1.2940921404344026e-05]"
1150,"[2.3668020966121792e-07, 2.81253924801909e-07, 2.7080714343774534e-07, 2.6349142234106307e-07, 2.4215392560298256e-07]","[1.0871563883910129e-05, 1.3050665050562816e-05, 1.288461486320029e-05, 1.255162194391368e-05, 1.1399607207151486e-05]"
1151,"[2.7030487152392807e-07, 3.2715017250054666e-07, 3.1943578323204135e-07, 3.108755985717813e-07, 2.846893464790596e-07]","[1.1583832593396665e-05, 1.4063140718053955e-05, 1.3997726131927907e-05, 1.3638514641727314e-05, 1.2355033450411043e-05]"
1152,"[2.8113243709457835e-07, 3.368663839035936e-07, 3.2577524014576917e-07, 3.16939522325667e-07, 2.9128634788612875e-07]","[1.3289551166583056e-05, 1.5987205702545124e-05, 1.5601994870131344e-05, 1.5186607544096093e-05, 1.3891826624556909e-05]"
1153,"[2.4400594993663934e-07, 2.9201453829841376e-07, 2.8370811636397306e-07, 2.761201453463833e-07, 2.5294484632459837e-07]","[1.2735818846563537e-05, 1.522761983796374e-05, 1.4874856234119592e-05, 1.4482322540488432e-05, 1.3223669693721566e-05]"
1154,"[2.3525354685345374e-07, 2.8292955999725556e-07, 2.7718545008601823e-07, 2.698854039569003e-07, 2.462699781059805e-07]","[1.1718708519773622e-05, 1.3995977303676367e-05, 1.382115163876914e-05, 1.3466673064528127e-05, 1.221325179010166e-05]"
1155,"[2.1707703203329828e-07, 2.596143102696358e-07, 2.5406734353616703e-07, 2.4742989785760443e-07, 2.254691417691131e-07]","[1.1316977160468914e-05, 1.358039634986553e-05, 1.3531636556849293e-05, 1.3191111922573695e-05, 1.1908653820039101e-05]"
1156,"[1.905910406687309e-07, 2.286872436038317e-07, 2.245242610608935e-07, 2.18654463871038e-07, 1.992287771959701e-07]","[1.0651530028394282e-05, 1.280852877927427e-05, 1.2811457926060811e-05, 1.2489598184939467e-05, 1.126175317955712e-05]"
1157,"[2.4725452318115027e-07, 2.9458119019508784e-07, 2.8481436745379015e-07, 2.771473076910986e-07, 2.5439251457197705e-07]","[1.2251625388036523e-05, 1.4552921725969986e-05, 1.4129448420077508e-05, 1.3755455022827752e-05, 1.2582637000876735e-05]"
1158,"[2.434434346811517e-07, 2.902601793921095e-07, 2.822828615112472e-07, 2.7481585863077213e-07, 2.5134503573526544e-07]","[1.3117130423419237e-05, 1.568968491022305e-05, 1.5372890987148784e-05, 1.4971105315847132e-05, 1.3641606393897911e-05]"
1159,"[2.2472066973918258e-07, 2.6441302108219107e-07, 2.517497319061521e-07, 2.448600074978975e-07, 2.2604295306547625e-07]","[1.0704005553342131e-05, 1.2794010694617834e-05, 1.2590076842680824e-05, 1.2263845683238274e-05, 1.1149125024204114e-05]"
1160,"[2.1722753736696094e-07, 2.602206378670987e-07, 2.5343702607326023e-07, 2.4669304090588147e-07, 2.2572278760696227e-07]","[1.0735048995215442e-05, 1.2842646299709446e-05, 1.2706020487477959e-05, 1.238137417432938e-05, 1.1217756028510808e-05]"
1161,"[2.3010878019788191e-07, 2.715838319638699e-07, 2.606095259426016e-07, 2.5354896861032377e-07, 2.331980172614911e-07]","[1.115504839229696e-05, 1.3118642031773171e-05, 1.2688215506897744e-05, 1.235431013328685e-05, 1.1295013765894138e-05]"
1162,"[2.301208380428953e-07, 2.7201078548186037e-07, 2.60704256006424e-07, 2.536182990957993e-07, 2.3362432613272386e-07]","[1.2303858732140449e-05, 1.4460159977198984e-05, 1.3812324252776936e-05, 1.3439005736829788e-05, 1.2374226949856081e-05]"
1163,"[2.3551492396820613e-07, 2.8162219360330045e-07, 2.748415689717104e-07, 2.67557416351448e-07, 2.4449433491370734e-07]","[1.1467769493878773e-05, 1.382074301294297e-05, 1.388813210935568e-05, 1.3542005705892422e-05, 1.218705904306146e-05]"
1164,"[2.3605848731473622e-07, 2.8235660208797724e-07, 2.7328993439103356e-07, 2.659305105626263e-07, 2.441099268894972e-07]","[1.1155113665292348e-05, 1.3289021250025922e-05, 1.3060250428268141e-05, 1.2722992249412348e-05, 1.156140798481026e-05]"
1165,"[2.234229641304163e-07, 2.651313789932034e-07, 2.5560412258151264e-07, 2.487390501609569e-07, 2.2827607858042193e-07]","[1.1337677578194656e-05, 1.3402780206068491e-05, 1.2998166807997314e-05, 1.2654505734146443e-05, 1.1572342878917559e-05]"
1166,"[2.0926811409848694e-07, 2.4869424769569626e-07, 2.4134873011367926e-07, 2.3497446672237857e-07, 2.148914541748627e-07]","[9.957108374097538e-06, 1.1873646669293761e-05, 1.1672912206940536e-05, 1.1371056408507776e-05, 1.0336175987193045e-05]"
1167,"[2.0566194480668389e-07, 2.495952573951152e-07, 2.496242209888039e-07, 2.432884403553101e-07, 2.198413907372013e-07]","[1.0762754399158097e-05, 1.2935706533776276e-05, 1.2831325828489103e-05, 1.2503228923267448e-05, 1.1326111170158163e-05]"
1168,"[2.0873754332339004e-07, 2.525583677458471e-07, 2.51264967455303e-07, 2.448310134344109e-07, 2.217047484641801e-07]","[1.124946318145296e-05, 1.3658640490352755e-05, 1.3716010290071869e-05, 1.3370002006631404e-05, 1.2058138738464373e-05]"
1169,"[2.2049218759013027e-07, 2.6126194360223826e-07, 2.5347466087745167e-07, 2.4673517550153357e-07, 2.2591207672072258e-07]","[1.1481525124758595e-05, 1.3676942860178203e-05, 1.3480134214145214e-05, 1.3134814337850633e-05, 1.1916151464468378e-05]"
1170,"[1.9622306869551308e-07, 2.41492328223405e-07, 2.484229257650608e-07, 2.4241662027048456e-07, 2.1631440372334e-07]","[1.1390212602184224e-05, 1.3914543994965937e-05, 1.4279434707980141e-05, 1.3934867190172441e-05, 1.2430096902721739e-05]"
1171,"[1.6810988086809937e-07, 2.0436595859825955e-07, 2.091299912491547e-07, 2.0407172068351842e-07, 1.8220914123579896e-07]","[9.839517317272739e-06, 1.1994684224474184e-05, 1.220922313021509e-05, 1.1910305653107992e-05, 1.0665125123032712e-05]"
1172,"[1.8358879353794047e-07, 2.204241486088606e-07, 2.2488919309636157e-07, 2.1951638698562891e-07, 1.9568091500599707e-07]","[1.0319064331947188e-05, 1.2495972195543213e-05, 1.2882985100395875e-05, 1.2580164019244055e-05, 1.1164439884560646e-05]"
1173,"[1.8079092612253403e-07, 2.1250913084634824e-07, 2.0662034841845447e-07, 2.012067044603229e-07, 1.835986184912616e-07]","[9.860186702977916e-06, 1.1692890171418656e-05, 1.1574379260690398e-05, 1.1280752813752758e-05, 1.0207002995235096e-05]"
1174,"[1.8292940293931752e-07, 2.16104538801056e-07, 2.1040770228520964e-07, 2.0491436169574944e-07, 1.8683156832619473e-07]","[1.0526731464680362e-05, 1.2505117889620364e-05, 1.2335528415271415e-05, 1.2021248568343838e-05, 1.08928328069938e-05]"
1175,"[1.9985284018214076e-07, 2.3946898396199737e-07, 2.3733723969752872e-07, 2.312648620039574e-07, 2.095446861965482e-07]","[1.223529438425077e-05, 1.4913700498952043e-05, 1.497939718407757e-05, 1.4601341568844746e-05, 1.317042712158761e-05]"
1176,"[2.046240790122922e-07, 2.424728423304902e-07, 2.3583134005812446e-07, 2.296169130139624e-07, 2.0978208461325318e-07]","[1.173164367783912e-05, 1.377131307381238e-05, 1.3306691226398992e-05, 1.2955196584557134e-05, 1.1852978927103339e-05]"
1177,"[2.0559491370403064e-07, 2.449910151773367e-07, 2.3958123221930085e-07, 2.3331799078676922e-07, 2.1263025934075427e-07]","[1.1561555112498853e-05, 1.3738110081243582e-05, 1.3642788334254818e-05, 1.3298693395567506e-05, 1.201307841872422e-05]"
1178,"[2.0772919449197414e-07, 2.505986568227678e-07, 2.49484868762513e-07, 2.431197638284944e-07, 2.2002390145967093e-07]","[1.1544564912390097e-05, 1.394556492656854e-05, 1.4098349401978978e-05, 1.3752406167741482e-05, 1.2334072834925849e-05]"
1179,"[1.997408830922614e-07, 2.4098461448180625e-07, 2.3925076815619685e-07, 2.3310666767299312e-07, 2.1133496464231576e-07]","[1.2180573973083857e-05, 1.4596139589649258e-05, 1.435806365461096e-05, 1.3985151138442918e-05, 1.2721106864321576e-05]"
1180,"[1.8621811385263035e-07, 2.2206575232914448e-07, 2.1931780531769528e-07, 2.1370919248418566e-07, 1.9373041995982392e-07]","[1.0127387582850937e-05, 1.1981921510493473e-05, 1.1805988503668188e-05, 1.1505673272997515e-05, 1.042522874308561e-05]"
1181,"[1.856774705236781e-07, 2.2399408533067187e-07, 2.221772245047901e-07, 2.1645987915623851e-07, 1.9626403079509775e-07]","[1.043434085253402e-05, 1.255106282574017e-05, 1.2569471384167624e-05, 1.2254241172402092e-05, 1.1045025239768085e-05]"
1182,"[1.9231264547409172e-07, 2.3547198856424413e-07, 2.387620134578946e-07, 2.3282829940612228e-07, 2.0908759247835066e-07]","[1.0846376116084294e-05, 1.3217394669824527e-05, 1.3403016012077298e-05, 1.3073612430374797e-05, 1.1722564766886322e-05]"
1183,"[1.7098952676633503e-07, 2.0799016122585154e-07, 2.0991072476934535e-07, 2.0469951873332743e-07, 1.8392373975779695e-07]","[1.010492561757636e-05, 1.2241844798583875e-05, 1.2325891492170178e-05, 1.2018470530129644e-05, 1.0815375119022428e-05]"
1184,"[1.7286113540154318e-07, 2.0870704335839998e-07, 2.101181777977374e-07, 2.0491532798971178e-07, 1.8413499568371786e-07]","[1.0883978063637103e-05, 1.3032706056276543e-05, 1.2958237817772987e-05, 1.2630213054973574e-05, 1.141711964498685e-05]"
1185,"[2.9335131598175975e-07, 3.446168980401058e-07, 3.293933897385452e-07, 3.205059819259135e-07, 2.9521501592689814e-07]","[1.4802042390184268e-05, 1.7618832131286257e-05, 1.714617692084317e-05, 1.6695169172914106e-05, 1.524956081091269e-05]"
1186,"[1.886714478501679e-07, 2.291419972609327e-07, 2.30050355209514e-07, 2.242406435137964e-07, 2.0228289537432948e-07]","[1.0405660636764894e-05, 1.2663197120055414e-05, 1.285264426094567e-05, 1.2536669314149417e-05, 1.1238434432329757e-05]"
1187,"[1.7458494450753881e-07, 2.0878519782530147e-07, 2.0433779343758493e-07, 1.9899549676524338e-07, 1.814443763089074e-07]","[1.0179411235390337e-05, 1.2033122454562635e-05, 1.1737350535000586e-05, 1.1430986887669788e-05, 1.0419999013530019e-05]"
1188,"[1.720072480098393e-07, 2.0989823010400133e-07, 2.1480418927324544e-07, 2.0959423627584396e-07, 1.8723908219782664e-07]","[1.0264008214628371e-05, 1.2815462131573304e-05, 1.3467040290064555e-05, 1.315296474907284e-05, 1.1624486946893567e-05]"
1189,"[1.6934363102733298e-07, 2.0598027062772632e-07, 2.0739678779506981e-07, 2.0220682125080242e-07, 1.820779269749785e-07]","[9.933267988492059e-06, 1.221928112597783e-05, 1.2485378675045144e-05, 1.2178961118876829e-05, 1.0903189679645307e-05]"
1190,"[2.1228766907539323e-07, 2.5109305707472353e-07, 2.4349174863397325e-07, 2.3707576641506983e-07, 2.1677288318037953e-07]","[1.137776089005946e-05, 1.374649999514811e-05, 1.3770109237661997e-05, 1.342275277113451e-05, 1.2110286968438778e-05]"
1191,"[1.9810581878620774e-07, 2.414469386890733e-07, 2.4323885623209955e-07, 2.371362860618387e-07, 2.135496573796561e-07]","[1.1252410693916997e-05, 1.3724790112738053e-05, 1.385370606309768e-05, 1.3508891449942742e-05, 1.2147213639413042e-05]"
1192,"[2.1508928076524602e-07, 2.5797651303531163e-07, 2.5331265177783244e-07, 2.4668819817234095e-07, 2.2475477647683996e-07]","[1.0602267489835098e-05, 1.285265027638955e-05, 1.2863202019426727e-05, 1.2537690849396923e-05, 1.1321010303456683e-05]"
1193,"[1.6436018811346138e-07, 1.95915198323958e-07, 1.949122664760223e-07, 1.900267325808697e-07, 1.714688354784112e-07]","[9.366470781639312e-06, 1.1270972967971083e-05, 1.1232868287242494e-05, 1.0948066200780195e-05, 9.89526728397188e-06]"
1194,"[1.6996657052254363e-07, 2.0786962954198584e-07, 2.1395213530246572e-07, 2.0885041460275843e-07, 1.8586227097654834e-07]","[9.79349077668537e-06, 1.2181119479242024e-05, 1.2819397077285422e-05, 1.2523690346113711e-05, 1.1046364827119677e-05]"
1195,"[1.7505705506689212e-07, 2.1112908255485112e-07, 2.1035838335879095e-07, 2.050084264410534e-07, 1.8543281936945449e-07]","[8.830873048061784e-06, 1.0633172534032833e-05, 1.0765137462543499e-05, 1.0501405194201854e-05, 9.410142582608775e-06]"
1196,"[1.8363822471796383e-07, 2.1814400345089142e-07, 2.1478520538277816e-07, 2.0928195515005808e-07, 1.898431540091994e-07]","[1.0451620588256103e-05, 1.2437874211488845e-05, 1.247357890485828e-05, 1.2165144752073627e-05, 1.0936714868230172e-05]"
1197,"[2.0315569109833334e-07, 2.4271967705788087e-07, 2.3766162498859824e-07, 2.314184475365457e-07, 2.1103614231382057e-07]","[1.2295493970161402e-05, 1.4670843334955407e-05, 1.4439620903758972e-05, 1.4065418515482507e-05, 1.2785409503430935e-05]"
1198,"[1.6831202678970525e-07, 1.9937657253730615e-07, 1.9374105582604842e-07, 1.8861494426310385e-07, 1.7249756631313662e-07]","[9.045887451824056e-06, 1.073361526465357e-05, 1.0618347799812324e-05, 1.0349235000238687e-05, 9.364756394561503e-06]"
1199,"[1.7040950548991905e-07, 2.067893281740176e-07, 2.0917229696470798e-07, 2.0403175540147312e-07, 1.8303219675394934e-07]","[9.383340804311365e-06, 1.1542149650381551e-05, 1.1834493295248688e-05, 1.1547162274940201e-05, 1.0313307321109685e-05]"
1200,"[1.7127256984918978e-07, 2.0450392034997738e-07, 2.0600888304706195e-07, 2.0096143743152712e-07, 1.8016659565003184e-07]","[1.0271582815921235e-05, 1.2343074509050804e-05, 1.2334843275148433e-05, 1.202484956131812e-05, 1.0847812592978733e-05]"
1201,"[1.9197678142424955e-07, 2.2823570343137838e-07, 2.2340844839963265e-07, 2.1760876841719462e-07, 1.9812912470198632e-07]","[1.0635357389890349e-05, 1.2869014469901551e-05, 1.2832930217497052e-05, 1.250615744548514e-05, 1.1311396503459566e-05]"
1202,"[1.6223243327789748e-07, 1.9755442532075706e-07, 2.0072423691585583e-07, 1.9578937590638213e-07, 1.7544555985254595e-07]","[8.550868669521602e-06, 1.0391528378481211e-05, 1.0525102157547734e-05, 1.0265286627809057e-05, 9.211803178066072e-06]"
1203,"[1.70515732455712e-07, 2.064576802946724e-07, 2.0811985857522288e-07, 2.029771265704043e-07, 1.8236843374079711e-07]","[8.771202076498307e-06, 1.0572729279659016e-05, 1.0637562218388847e-05, 1.0373741695204074e-05, 9.326965517770373e-06]"
1204,"[1.948284967401103e-07, 2.3446540538859044e-07, 2.328241538594853e-07, 2.269007396495185e-07, 2.0530454396813897e-07]","[1.1599330447189086e-05, 1.4056965357107819e-05, 1.4040992676395314e-05, 1.3684958366849436e-05, 1.2365390616843183e-05]"
1205,"[1.9044886411516953e-07, 2.277459368271441e-07, 2.2587382506899076e-07, 2.2011444856015836e-07, 1.993147455320024e-07]","[1.185918737573224e-05, 1.4457513286334752e-05, 1.4614861529777273e-05, 1.4251809993335906e-05, 1.2807453843797453e-05]"
1206,"[1.8740229873403756e-07, 2.2399234288860726e-07, 2.212430966339498e-07, 2.1559785342303477e-07, 1.9540657033894804e-07]","[1.0709219855596592e-05, 1.2851527653996801e-05, 1.2802005676077622e-05, 1.2479764764621373e-05, 1.1266790974407796e-05]"
1207,"[1.9370293073139686e-07, 2.313358475495115e-07, 2.2831923549821986e-07, 2.2245188929642398e-07, 2.0180302523039427e-07]","[1.1135622299404526e-05, 1.363344569666836e-05, 1.3845994891548096e-05, 1.3504446575857595e-05, 1.2112833857947814e-05]"
1208,"[1.7935086011106608e-07, 2.152355091119419e-07, 2.138085751234689e-07, 2.0838825962799275e-07, 1.8836029961390992e-07]","[1.088439877452329e-05, 1.3044817142759144e-05, 1.28445420689848e-05, 1.2512074759959518e-05, 1.137256879326282e-05]"
1209,"[2.075488340662491e-07, 2.4758156389157243e-07, 2.439705178881641e-07, 2.3767037334148132e-07, 2.1585177064621732e-07]","[1.1115542408024767e-05, 1.3266083191284929e-05, 1.297998213051353e-05, 1.264006087658181e-05, 1.1523821852589794e-05]"
1210,"[1.825170109766437e-07, 2.1578984113525905e-07, 2.0815928464968915e-07, 2.0258880686831693e-07, 1.8579368157688863e-07]","[8.434895378260482e-06, 1.0095226597342297e-05, 1.0080724129617e-05, 9.827869142278074e-06, 8.862609578239257e-06]"
1211,"[1.9206984075343766e-07, 2.2891399724799965e-07, 2.2251521235212047e-07, 2.1660035774031838e-07, 1.9816151589005818e-07]","[1.0015102519343255e-05, 1.201014523106102e-05, 1.1819311800894386e-05, 1.1512688324143086e-05, 1.0468576815856617e-05]"
1212,"[1.8958623990151546e-07, 2.286868067069209e-07, 2.2593295598182772e-07, 2.2007443081071605e-07, 1.9993873889554253e-07]","[1.0464741758787998e-05, 1.2535320869243677e-05, 1.2416606144930706e-05, 1.2099402613848922e-05, 1.0961823589860841e-05]"
1213,"[1.9175545290692054e-07, 2.2950291751684942e-07, 2.257187660104958e-07, 2.1985336994780138e-07, 2.000245524315036e-07]","[1.0486054272724441e-05, 1.2750985910501002e-05, 1.2842511521297504e-05, 1.2521340630222007e-05, 1.1271513162981935e-05]"
1214,"[2.662189057205269e-07, 3.158298326418094e-07, 3.032254777698725e-07, 2.949955995918808e-07, 2.7150179148732447e-07]","[1.2861357498997017e-05, 1.538737590989622e-05, 1.5104164366763857e-05, 1.4711114936003435e-05, 1.3390187846611193e-05]"
1215,"[2.342456010958155e-07, 2.7734978944423575e-07, 2.6641910833111436e-07, 2.5919904840483816e-07, 2.3851374580102753e-07]","[1.2085457008819772e-05, 1.4599385009744313e-05, 1.4500903161555192e-05, 1.4128818087978172e-05, 1.2803760616965461e-05]"
1216,"[1.82068968853674e-07, 2.201063819920289e-07, 2.2065952498323866e-07, 2.1513790243424305e-07, 1.938752225213217e-07]","[1.1198402140895796e-05, 1.362568009213926e-05, 1.372888721432387e-05, 1.33853098433413e-05, 1.2049815330920479e-05]"
1217,"[2.277426025282812e-07, 2.670919789672659e-07, 2.5417603544504824e-07, 2.472680737082508e-07, 2.2799662718648134e-07]","[1.2661294042133505e-05, 1.4910111183523413e-05, 1.4289975527280597e-05, 1.3903733453706014e-05, 1.2790848326409524e-05]"
1218,"[2.1179403786146726e-07, 2.4517388960355205e-07, 2.3178809160940666e-07, 2.2547394706654144e-07, 2.0819356148746745e-07]","[1.1610265683576323e-05, 1.3634619821792816e-05, 1.3168032374720705e-05, 1.2818825819351169e-05, 1.1737665179306643e-05]"
1219,"[1.8337977949629202e-07, 2.1204664281182633e-07, 2.0069430732229528e-07, 1.9524473717877424e-07, 1.8016998638193042e-07]","[9.547034710557247e-06, 1.1286188333261226e-05, 1.1024857288963324e-05, 1.0739446641757088e-05, 9.773344330725377e-06]"
1220,"[2.1376338938921764e-07, 2.4659624728093107e-07, 2.2961036342356772e-07, 2.2316428158237e-07, 2.0776237757791173e-07]","[1.0684398442707554e-05, 1.2623334423697276e-05, 1.2236237796524247e-05, 1.191299922040253e-05, 1.089380287792269e-05]"
1221,"[2.2828586867919436e-07, 2.623164498540324e-07, 2.409887278828017e-07, 2.3400807116609417e-07, 2.1960397053102595e-07]","[1.069423110304798e-05, 1.2484784459602067e-05, 1.1814236535752989e-05, 1.1489615771832294e-05, 1.0625705671649864e-05]"
1222,"[2.51924740946981e-07, 2.92388452646064e-07, 2.732453275359328e-07, 2.655463429523222e-07, 2.472156907889895e-07]","[1.2174473181700576e-05, 1.4206268461039954e-05, 1.3506469836625022e-05, 1.31392057625201e-05, 1.2117153153038963e-05]"
1223,"[2.507721405435281e-07, 2.894468008958199e-07, 2.6818909650441386e-07, 2.6055855906013946e-07, 2.433428282943137e-07]","[1.2067348063533544e-05, 1.4207257658143563e-05, 1.3670646175849918e-05, 1.3305257552825216e-05, 1.220878653290388e-05]"
1224,"[2.792218646452312e-07, 3.2202145743041096e-07, 2.973411981895007e-07, 2.8881894559294e-07, 2.7032474907748607e-07]","[1.3483663821394783e-05, 1.584574500600756e-05, 1.5156381820704975e-05, 1.47450481957429e-05, 1.3578763040486618e-05]"
1225,"[2.7041324714931547e-07, 3.080118773013669e-07, 2.7920428576022937e-07, 2.7098109654523015e-07, 2.5566123021899234e-07]","[1.247663911585373e-05, 1.449654257053822e-05, 1.3733704401559902e-05, 1.3358370676036421e-05, 1.2337327846944482e-05]"
1226,"[2.849502043511244e-07, 3.2248697340626877e-07, 2.8993143297649585e-07, 2.812898840486826e-07, 2.6640657741744805e-07]","[1.4011603623033824e-05, 1.631769850987925e-05, 1.5298557998675455e-05, 1.4869475156287191e-05, 1.3823142736519818e-05]"
1227,"[2.7084720223585636e-07, 3.05851192283277e-07, 2.730414599854918e-07, 2.6481650718526987e-07, 2.5159699021624935e-07]","[1.3419865517112816e-05, 1.5537859469987886e-05, 1.4455572037967985e-05, 1.4046501968534992e-05, 1.309721326065086e-05]"
1228,"[2.514385401819405e-07, 2.8370694491001066e-07, 2.5443080553809186e-07, 2.468478984880056e-07, 2.3391628791583081e-07]","[1.2614578881412465e-05, 1.4546449221108665e-05, 1.3558278452728312e-05, 1.317835837623281e-05, 1.2262220812790633e-05]"
1229,"[2.186805882214862e-07, 2.5332077161262895e-07, 2.375319247747598e-07, 2.3092362697930368e-07, 2.143204433208147e-07]","[1.1507449652480284e-05, 1.3495657923861945e-05, 1.3020160025312738e-05, 1.2676198387267945e-05, 1.1602181517054463e-05]"
1230,"[2.459179754468024e-07, 2.857807302165427e-07, 2.660822533066445e-07, 2.5852619515403155e-07, 2.411119799880347e-07]","[1.2236771199991431e-05, 1.4588760148203914e-05, 1.4215782841830274e-05, 1.3840501026022147e-05, 1.2644156263793239e-05]"
1231,"[2.7103300497000975e-07, 3.1081282726983076e-07, 2.863543207626782e-07, 2.781889413862356e-07, 2.6012576167274736e-07]","[1.3930335120366663e-05, 1.628773229491533e-05, 1.551113651110263e-05, 1.5089233809002057e-05, 1.3912204240277065e-05]"
1232,"[2.3247167437291735e-07, 2.7067696928846057e-07, 2.554625962627451e-07, 2.484343018797715e-07, 2.299645898315302e-07]","[1.3613709821019191e-05, 1.5782348660630358e-05, 1.4904204137585282e-05, 1.4496562645586022e-05, 1.339958573485027e-05]"
1233,"[2.39052175670285e-07, 2.798764268534543e-07, 2.651135840928644e-07, 2.5783390514496043e-07, 2.3837583969897706e-07]","[1.157189358121043e-05, 1.3600391097829744e-05, 1.3071311007323882e-05, 1.2721792746948343e-05, 1.1675819188471468e-05]"
1234,"[2.260609305285047e-07, 2.6037431267840417e-07, 2.53979181309899e-07, 2.4763676240964935e-07, 2.2435862750601118e-07]","[1.2023050779573981e-05, 1.4220639864589246e-05, 1.3698093432417095e-05, 1.332955051474165e-05, 1.2241797609282128e-05]"
1235,"[2.6588463183853965e-07, 3.1266910397799576e-07, 3.028305097069265e-07, 2.948248985240083e-07, 2.6953346331480045e-07]","[1.2325816203984707e-05, 1.4390538891528272e-05, 1.3750600740889072e-05, 1.33804066681244e-05, 1.2308381627993004e-05]"
1236,"[2.5760413425671016e-07, 3.101486738129613e-07, 3.029651308526356e-07, 2.9492727633601027e-07, 2.6955217488329493e-07]","[1.3085066115923223e-05, 1.6008997215292943e-05, 1.6018118216990706e-05, 1.5607667648671217e-05, 1.4123322771319289e-05]"
1237,"[2.1017640777300728e-07, 2.556839527861893e-07, 2.542663830907614e-07, 2.477159465468377e-07, 2.2466758370854124e-07]","[1.1551021381401217e-05, 1.3898297697491636e-05, 1.3675172128538713e-05, 1.3317971150710027e-05, 1.2124243883036541e-05]"
1238,"[2.393828057427224e-07, 2.847068473237548e-07, 2.723249765375677e-07, 2.648494696802578e-07, 2.4444538885886705e-07]","[1.1704964361307066e-05, 1.4073863196572479e-05, 1.3848211825254465e-05, 1.3486544396351718e-05, 1.2277440455770289e-05]"
1239,"[1.8932935897760277e-07, 2.2975748525271667e-07, 2.3072649634424197e-07, 2.2492306288929367e-07, 2.0270229695496924e-07]","[1.0473918819831557e-05, 1.2727902842168931e-05, 1.2861821381146387e-05, 1.254278714172765e-05, 1.1269096574114545e-05]"
1240,"[1.8431276550949525e-07, 2.2670699286560358e-07, 2.3000570787550307e-07, 2.242748124631438e-07, 2.0152686401479098e-07]","[1.0128783530255021e-05, 1.2456232198454087e-05, 1.2669823559315083e-05, 1.2357030620945943e-05, 1.1082997919614847e-05]"
1241,"[1.7009774915893584e-07, 2.0508305686531332e-07, 2.0441013677641976e-07, 1.9922321261278422e-07, 1.8009724662671634e-07]","[9.307073891264856e-06, 1.1072257913918944e-05, 1.1064283442480473e-05, 1.07885322414163e-05, 9.716144318852474e-06]"
1242,"[1.4717168247351686e-07, 1.7785047923947912e-07, 1.808656227051859e-07, 1.7649282505030774e-07, 1.5784067043634538e-07]","[9.378388856888855e-06, 1.1320351905774205e-05, 1.1470294074911415e-05, 1.1190055091116891e-05, 1.0023425947860193e-05]"
1243,"[2.0476794646533633e-07, 2.451829459513332e-07, 2.4054503725535123e-07, 2.3425416683128107e-07, 2.1340151822298989e-07]","[1.1053442012118754e-05, 1.3224073414727875e-05, 1.3076649267838188e-05, 1.2741828117436512e-05, 1.1551892024470333e-05]"
1244,"[3.432194822093191e-07, 4.0821295169556317e-07, 3.9074827055045977e-07, 3.7998826930591275e-07, 3.5075833211905703e-07]","[1.4572722839863942e-05, 1.7429799501314215e-05, 1.696279573368725e-05, 1.6512133650038367e-05, 1.5105863092742773e-05]"
1245,"[2.502413103842439e-07, 2.991538522211617e-07, 2.900600964566608e-07, 2.822893943953437e-07, 2.588870289760557e-07]","[1.2587733956853722e-05, 1.511429730451426e-05, 1.48256925767566e-05, 1.4436661617697955e-05, 1.3160295523983573e-05]"
1246,"[2.5820204485048474e-07, 3.061253889332502e-07, 2.9117303641146963e-07, 2.83100789073541e-07, 2.6202317850722514e-07]","[1.2770230996963036e-05, 1.5167830366283148e-05, 1.4563719730304978e-05, 1.416753131690913e-05, 1.3045142419712279e-05]"
1247,"[2.1530652975433797e-07, 2.5754861833189534e-07, 2.4940592003357377e-07, 2.4270750959634047e-07, 2.226428619846816e-07]","[1.1439085362785932e-05, 1.37026281351619e-05, 1.3404698517910342e-05, 1.3051699670051742e-05, 1.1910553384470534e-05]"
1248,"[2.668293095936078e-07, 3.204903223693724e-07, 3.111348251770282e-07, 3.0277495679462213e-07, 2.775683378290937e-07]","[1.34509344726205e-05, 1.60739499356245e-05, 1.5582019908255712e-05, 1.5163947079578025e-05, 1.3905194660477732e-05]"
1249,"[2.0120533779775134e-07, 2.4188101935454394e-07, 2.3644291479978984e-07, 2.3018276810049426e-07, 2.102779968171843e-07]","[1.0485259222323996e-05, 1.2705100228580135e-05, 1.2635182690149894e-05, 1.2310629250666253e-05, 1.1155545590386213e-05]"
1250,"[2.3050375595277847e-07, 2.772699828989433e-07, 2.6972541932803836e-07, 2.625027209540368e-07, 2.4047885426864176e-07]","[1.1472147277821218e-05, 1.3611889478772321e-05, 1.3169015122675284e-05, 1.2818209561324363e-05, 1.1744284712051076e-05]"
1251,"[2.4536688490265406e-07, 2.9547937744591304e-07, 2.8915111140271226e-07, 2.8150758859123934e-07, 2.570108228101012e-07]","[1.1569448983973456e-05, 1.3998403413579472e-05, 1.3966288169576476e-05, 1.3610370207689698e-05, 1.2309534065695009e-05]"
1252,"[2.2819941727586221e-07, 2.7691124109463334e-07, 2.7337147648300357e-07, 2.662259682954668e-07, 2.4229908907536425e-07]","[1.1520794801757905e-05, 1.3781522029007707e-05, 1.3533524181143262e-05, 1.3181585873222462e-05, 1.1993957697681028e-05]"
1253,"[2.4644309888863263e-07, 2.978173107890345e-07, 2.8984472481615313e-07, 2.8205793412613273e-07, 2.585721234126531e-07]","[1.1875720682119019e-05, 1.4410798954169742e-05, 1.41825415855704e-05, 1.3808810071217768e-05, 1.2591736009992877e-05]"
1254,"[2.8829845158511114e-07, 3.4350483638389973e-07, 3.2863542092323565e-07, 3.195810573951907e-07, 2.9508134621068095e-07]","[1.4417838549312672e-05, 1.7115052831747164e-05, 1.631861869644583e-05, 1.5867754100173306e-05, 1.4669012683665219e-05]"
1255,"[3.02647584229392e-07, 3.540890866915608e-07, 3.3045406220864355e-07, 3.2104568835183934e-07, 2.994884701805785e-07]","[1.3427608926394237e-05, 1.599764466648137e-05, 1.547610878520141e-05, 1.5060039526427373e-05, 1.3819174150494121e-05]"
1256,"[3.31603201035383e-07, 3.9086623906320234e-07, 3.7173640315734383e-07, 3.614930459840202e-07, 3.3424416522923864e-07]","[1.557073316054198e-05, 1.8567852111833093e-05, 1.8032877074318222e-05, 1.7553893256730285e-05, 1.6064532138916486e-05]"
1257,"[3.0337316402525655e-07, 3.578722937429625e-07, 3.394813202351395e-07, 3.301158538676668e-07, 3.0526950756977767e-07]","[1.4999198152527127e-05, 1.7845698333736262e-05, 1.72346970351087e-05, 1.6772672185149787e-05, 1.5393089487071348e-05]"
1258,"[3.4033256334795665e-07, 4.0692766833439216e-07, 3.9186701179633695e-07, 3.8119888969417044e-07, 3.5082225938313323e-07]","[1.5195255789179716e-05, 1.7999830609680894e-05, 1.7354985398537616e-05, 1.6890519682291848e-05, 1.5497327456216196e-05]"
1259,"[2.6520058681429325e-07, 3.1616063252516737e-07, 3.0641633447788726e-07, 2.982061602045461e-07, 2.733946292480521e-07]","[1.3349873486926866e-05, 1.5980196790385046e-05, 1.570755669190242e-05, 1.5300149757255993e-05, 1.3914542834812361e-05]"
1260,"[2.7405300651563765e-07, 3.2466161650798756e-07, 3.1196005416272787e-07, 3.035017287647365e-07, 2.792322479000748e-07]","[1.3914872018564632e-05, 1.6477238574144772e-05, 1.6065565540828987e-05, 1.5644268241968268e-05, 1.4271722765974396e-05]"
1261,"[3.25537888559628e-07, 3.8781224585132086e-07, 3.705873148641256e-07, 3.603890724968659e-07, 3.328467505342137e-07]","[1.5051392544752924e-05, 1.7800264489852334e-05, 1.703900287058668e-05, 1.657579775294011e-05, 1.5269174732574562e-05]"
1262,"[3.1262782599915886e-07, 3.7555701447475543e-07, 3.627049112794173e-07, 3.528350949226086e-07, 3.2457405476142284e-07]","[1.489089546511336e-05, 1.7813067446848627e-05, 1.7266112385048252e-05, 1.680178800750841e-05, 1.541351663911516e-05]"
1263,"[2.860398375185048e-07, 3.429401577588027e-07, 3.325997950835557e-07, 3.2363882016734604e-07, 2.9698948203880103e-07]","[1.357505763964347e-05, 1.6244422125860605e-05, 1.5967547850370136e-05, 1.555198942642113e-05, 1.4150379700248153e-05]"
1264,"[2.958389535157171e-07, 3.507346962121309e-07, 3.3612310872592277e-07, 3.2694229455814166e-07, 3.013552890740069e-07]","[1.4485687956240014e-05, 1.7070513153690995e-05, 1.643872865591639e-05, 1.5999248915326326e-05, 1.4677274070669985e-05]"
1265,"[2.792410348841562e-07, 3.374041454588852e-07, 3.300980681687267e-07, 3.2130347090758525e-07, 2.9385935346085596e-07]","[1.3168515927228128e-05, 1.5934362079356403e-05, 1.5780650099222096e-05, 1.5371358501079997e-05, 1.3960995142406696e-05]"
1266,"[2.6941064248379274e-07, 3.3036943515776256e-07, 3.276953862762448e-07, 3.1911379389993396e-07, 2.903204866122203e-07]","[1.3720970046508835e-05, 1.672012395540626e-05, 1.66516247948902e-05, 1.622220031290574e-05, 1.4707529071271917e-05]"
1267,"[2.5717233399805666e-07, 3.1240822785772775e-07, 3.07757929622255e-07, 2.996692370457403e-07, 2.7316780962514017e-07]","[1.3858396158854146e-05, 1.6757704669468182e-05, 1.6554726777552268e-05, 1.612386848425594e-05, 1.4659520624304118e-05]"
1268,"[2.690925283842998e-07, 3.218759887976982e-07, 3.102418444542184e-07, 3.017930076475492e-07, 2.7770569792610276e-07]","[1.2639741533567364e-05, 1.5022266627390228e-05, 1.4566430178081354e-05, 1.4178543633129426e-05, 1.2983747373447473e-05]"
1269,"[2.5367998470403174e-07, 3.061461066679921e-07, 3.0069759146053307e-07, 2.9283928236763486e-07, 2.667745671575799e-07]","[1.2587623202817558e-05, 1.5184189110386415e-05, 1.512785033841945e-05, 1.4742709067531552e-05, 1.3335322637443104e-05]"
1270,"[2.9825285317763635e-07, 3.530039572247731e-07, 3.338503916433137e-07, 3.244702539514292e-07, 3.01303414119015e-07]","[1.3053123296998203e-05, 1.5407408098965798e-05, 1.487140518847088e-05, 1.4474353371641199e-05, 1.3269218986089183e-05]"
1271,"[2.887248777233305e-07, 3.4204560975123524e-07, 3.2879515275267604e-07, 3.198985557159048e-07, 2.9418374075041626e-07]","[1.3490340216764017e-05, 1.606665496553766e-05, 1.5469285751952476e-05, 1.5050163073384697e-05, 1.3841724127520384e-05]"
1272,"[2.910703022023969e-07, 3.4217553530532236e-07, 3.26228034458941e-07, 3.174928431370827e-07, 2.9226252450437005e-07]","[1.3925176710796762e-05, 1.61916876709112e-05, 1.5269641583876855e-05, 1.486839439844511e-05, 1.3718215924753885e-05]"
1273,"[2.431698608857244e-07, 2.940208116484718e-07, 2.9059978973552804e-07, 2.83036605063299e-07, 2.5730265060376e-07]","[1.268736010836885e-05, 1.4999242448395885e-05, 1.4513120485484126e-05, 1.4128328204396575e-05, 1.2933420324589095e-05]"
1274,"[2.6048633398530315e-07, 3.134205796885933e-07, 3.0516285828238713e-07, 2.9700855972312325e-07, 2.7196140168655896e-07]","[1.3511083405101629e-05, 1.6115579308240857e-05, 1.5701873327193946e-05, 1.528647653291894e-05, 1.3971454608628867e-05]"
1275,"[2.7478730197817365e-07, 3.277941823349008e-07, 3.166395625237158e-07, 3.080862064649505e-07, 2.8302517884280614e-07]","[1.3154845575022907e-05, 1.551358854468747e-05, 1.4893825658659746e-05, 1.4491802061973995e-05, 1.3324145320261482e-05]"
1276,"[2.258648941577459e-07, 2.7331317612824183e-07, 2.7177957405834633e-07, 2.64816257220688e-07, 2.397998974173191e-07]","[1.2791174092640515e-05, 1.5250436754667053e-05, 1.4875410264771084e-05, 1.4483254158032683e-05, 1.322599850254043e-05]"
1277,"[2.3611915789133048e-07, 2.8517062551149265e-07, 2.817262097079753e-07, 2.7439637457531743e-07, 2.494433223247183e-07]","[1.2267767840943894e-05, 1.453063999785581e-05, 1.412689932441769e-05, 1.3755132069879912e-05, 1.256485696847464e-05]"
1278,"[2.545652187057406e-07, 3.049933683468659e-07, 2.976544237574274e-07, 2.89783669000403e-07, 2.6467384563161995e-07]","[1.278506918800949e-05, 1.5107128439344217e-05, 1.456701884045196e-05, 1.41780336356671e-05, 1.300300611435236e-05]"
1279,"[2.3440481405522663e-07, 2.786389277764242e-07, 2.735741394722332e-07, 2.6650527246638965e-07, 2.421260375467121e-07]","[1.2760712726890293e-05, 1.4962006297988239e-05, 1.4285247999812084e-05, 1.3899875630519603e-05, 1.2793866279682475e-05]"
1280,"[2.5063279869476173e-07, 3.0731215131932384e-07, 3.0786894800884627e-07, 2.999929228435398e-07, 2.713884681785239e-07]","[1.2589525110529353e-05, 1.5076656667867958e-05, 1.4679843321321358e-05, 1.4289439951562579e-05, 1.3073705791086393e-05]"
1281,"[2.3548379240057078e-07, 2.871558262252529e-07, 2.872160761812514e-07, 2.7989839047015447e-07, 2.529940487218868e-07]","[1.267674099157384e-05, 1.5303600914209908e-05, 1.5156647259265249e-05, 1.4766003925918293e-05, 1.3398038478555025e-05]"
1282,"[2.88468188559374e-07, 3.447074132323299e-07, 3.3600167828089083e-07, 3.27121506164612e-07, 2.989987226628584e-07]","[1.435725756634752e-05, 1.721214371886584e-05, 1.6794344774638342e-05, 1.6349390215194743e-05, 1.4943036726538107e-05]"
1283,"[2.425276889715938e-07, 2.9497418096759445e-07, 2.9469593300940887e-07, 2.871874876250157e-07, 2.596850032120048e-07]","[1.2262581735037829e-05, 1.4637030416356451e-05, 1.4427503947616224e-05, 1.4057786124501549e-05, 1.2751448743348531e-05]"
1284,"[2.8778563046442016e-07, 3.4909809069260717e-07, 3.442264254059238e-07, 3.351767027727299e-07, 3.053957391381211e-07]","[1.4122237241295912e-05, 1.692202513461986e-05, 1.6565751555981492e-05, 1.612978115322945e-05, 1.4716583660467599e-05]"
1285,"[2.553494174049634e-07, 3.0661792941876005e-07, 3.00125998730478e-07, 2.922476387289401e-07, 2.665601027985099e-07]","[1.3359836518358548e-05, 1.581294032455747e-05, 1.5397328754757062e-05, 1.4993258158847539e-05, 1.368164451963552e-05]"
1286,"[2.496466316531399e-07, 3.0273837705130803e-07, 3.0088176223821157e-07, 2.9313408049039333e-07, 2.6574287823297044e-07]","[1.273126880084003e-05, 1.5317384809795586e-05, 1.5213324322966163e-05, 1.482472954570194e-05, 1.342359476483798e-05]"
1287,"[2.451131189050797e-07, 2.9277947040929054e-07, 2.839799012504624e-07, 2.763597952971088e-07, 2.5337195250445496e-07]","[1.3391891350167168e-05, 1.5902585778830533e-05, 1.5436409910451393e-05, 1.5026922209083502e-05, 1.374790028844597e-05]"
1288,"[2.474448501209318e-07, 2.9723549648613016e-07, 2.9160986588419333e-07, 2.8398661031866436e-07, 2.5864288280537355e-07]","[1.2765762946051958e-05, 1.5288648233867002e-05, 1.5009720414084978e-05, 1.4617768968759481e-05, 1.3312303337595243e-05]"
1289,"[2.8859465338555564e-07, 3.433122399057486e-07, 3.367548825855834e-07, 3.2808810416720417e-07, 2.9777182750252083e-07]","[1.4293806298176182e-05, 1.6976811213317238e-05, 1.6439874384068052e-05, 1.6002245418788434e-05, 1.4657130624553456e-05]"
1290,"[3.222525631748707e-07, 3.789631822894338e-07, 3.5828812939094065e-07, 3.4825016481264587e-07, 3.232205799716331e-07]","[1.3229665637690566e-05, 1.575684314872336e-05, 1.5304348867624064e-05, 1.489652772178069e-05, 1.3637455553773242e-05]"
1291,"[3.5571819925938625e-07, 4.126002696745435e-07, 3.806513298346329e-07, 3.6967621931299716e-07, 3.464317609770199e-07]","[1.4574926122180965e-05, 1.7004759032404863e-05, 1.5985258814783787e-05, 1.5539128734960698e-05, 1.442577660878158e-05]"
1292,"[3.416606443241897e-07, 3.9977408873584234e-07, 3.792501221641778e-07, 3.6884239839782197e-07, 3.409071211724223e-07]","[1.48021627825931e-05, 1.7377541920746203e-05, 1.6595073384514824e-05, 1.6146634095512555e-05, 1.4862798102286974e-05]"
1293,"[3.241245370739023e-07, 3.9055941566009703e-07, 3.7927720203879237e-07, 3.690859280515065e-07, 3.3852641694226054e-07]","[1.4804009428194537e-05, 1.77051999188998e-05, 1.7219367829872798e-05, 1.676096471272289e-05, 1.5340345593864733e-05]"
1294,"[3.2776789904592865e-07, 3.975588483928433e-07, 3.8966644163703053e-07, 3.792776442284529e-07, 3.467664173599e-07]","[1.4693636485461954e-05, 1.7787957656950337e-05, 1.755477148551728e-05, 1.7096101006311015e-05, 1.555749606729835e-05]"
1295,"[2.536019571778884e-07, 3.044633359643508e-07, 2.962645938416217e-07, 2.883228475082981e-07, 2.6417575711984276e-07]","[1.223757278346438e-05, 1.4551550585449e-05, 1.4070176362901345e-05, 1.3693845781511448e-05, 1.2556914489650478e-05]"
1296,"[2.723238886481021e-07, 3.3124716557736666e-07, 3.2723098654305143e-07, 3.1865213582041115e-07, 2.901389174138362e-07]","[1.2861060113663733e-05, 1.549700197152567e-05, 1.5315985503647945e-05, 1.4920582803893562e-05, 1.3547436696965789e-05]"
1297,"[2.6366988213267657e-07, 3.1657793630186054e-07, 3.0636051024391573e-07, 2.9805632502589387e-07, 2.739126783189032e-07]","[1.280457370750009e-05, 1.5373262715210545e-05, 1.5042617399256268e-05, 1.4645957928009515e-05, 1.3369413033833327e-05]"
1298,"[2.518845456055729e-07, 3.017433681360771e-07, 2.946667592367663e-07, 2.8686605605713816e-07, 2.6208303774866614e-07]","[1.2720769396774573e-05, 1.529845227323444e-05, 1.513210822058308e-05, 1.4741912987871217e-05, 1.3379384136768296e-05]"
1299,"[2.6611992980957436e-07, 3.200217332728805e-07, 3.13904110754531e-07, 3.05644203946481e-07, 2.7867742844420805e-07]","[1.2921433718429063e-05, 1.5721786008120323e-05, 1.5795222131710805e-05, 1.539823756981674e-05, 1.387941634832768e-05]"
1300,"[2.4604494853071225e-07, 2.977310408142612e-07, 2.9134605523537284e-07, 2.8359339741008645e-07, 2.593023388683729e-07]","[1.1910672205321975e-05, 1.4410692536710376e-05, 1.4190988938186461e-05, 1.3819093727753517e-05, 1.2587736451054114e-05]"
1301,"[3.1918145662484616e-07, 3.81870756247263e-07, 3.714364887646514e-07, 3.615563878551766e-07, 3.3068923234370064e-07]","[1.3801424855001097e-05, 1.6499642296005616e-05, 1.6149296138629837e-05, 1.572639753707992e-05, 1.4336636395069319e-05]"
1302,"[3.58389778726826e-07, 4.1162796792497e-07, 3.758743427987567e-07, 3.648539923041215e-07, 3.4346944370158446e-07]","[1.4526117269618117e-05, 1.6957184450477374e-05, 1.6147740736281445e-05, 1.5710554018492453e-05, 1.4475271215134655e-05]"
1303,"[3.045959733178272e-07, 3.625766113447232e-07, 3.4864732014244374e-07, 3.391552355164556e-07, 3.1215431928176387e-07]","[1.3875268772325004e-05, 1.6622662798345397e-05, 1.6219875255492966e-05, 1.57910956541171e-05, 1.4426975938215017e-05]"
1304,"[2.3792322943501928e-07, 2.854473540102716e-07, 2.805264450162912e-07, 2.732096217109259e-07, 2.486307806987758e-07]","[1.243890163687671e-05, 1.5028110460179704e-05, 1.5079770120417448e-05, 1.470347559432621e-05, 1.3237673528497097e-05]"
1305,"[2.6644426753635515e-07, 3.2274305422112155e-07, 3.1740817846130816e-07, 3.0908038703633976e-07, 2.816892346494557e-07]","[1.2883617249259346e-05, 1.550093907383104e-05, 1.5303044707256362e-05, 1.4907439017478248e-05, 1.3541075139040512e-05]"
1306,"[2.3258222103418968e-07, 2.804947516427176e-07, 2.755495488988754e-07, 2.6835957311484564e-07, 2.4443573253767514e-07]","[1.1771414865682258e-05, 1.4000238479170002e-05, 1.3688726006280769e-05, 1.3331892621362645e-05, 1.2146702182571408e-05]"
1307,"[2.9122627164912393e-07, 3.5197681987455486e-07, 3.435152588465635e-07, 3.3439916952600336e-07, 3.0596938224249766e-07]","[1.353819672304099e-05, 1.6213230199342246e-05, 1.583915236067621e-05, 1.542263477506438e-05, 1.4075138675258763e-05]"
1308,"[3.60392068062285e-07, 4.160241061528875e-07, 3.8376766682188703e-07, 3.728027921534749e-07, 3.491076859888764e-07]","[1.4776181734969457e-05, 1.755534748179453e-05, 1.7118982413305296e-05, 1.6670517229806993e-05, 1.520688078474746e-05]"
