epoch,hjorth_activity,hjorth_mobility,hjorth_complexity,perm_entropy,approx_entropy,sample_entropy,shannon_entropy
0,"[1.74057323e-10 2.46144812e-10 2.74552418e-10 2.89426654e-10
 3.13824600e-10]",[0.11761158 0.11590043 0.11743833 0.11909909 0.11881803],[1.87756719 1.98696655 1.98983865 1.96953189 1.96056498],[0.57947829 0.57857922 0.57925354 0.57801053 0.57256675],[0.43158378 0.42891956 0.43187935 0.43225196 0.42195363],[0.32907745 0.32790901 0.32989328 0.32896334 0.31982731],[3.61244751 3.60500329 3.61666717 3.59569481 3.5165589 ]
1,"[3.27926943e-10 4.52408363e-10 5.13723567e-10 5.25220771e-10
 5.52661681e-10]",[0.13152311 0.13081123 0.13157255 0.13460978 0.13471626],[1.88918101 1.93754485 1.94131138 1.90315598 1.90221098],[0.58662173 0.58618634 0.58664864 0.5850445  0.58208864],[0.50583871 0.50558614 0.50647033 0.51169279 0.50936172],[0.39592003 0.3958342  0.39662873 0.40106542 0.39608773],[3.72426917 3.71683283 3.72231368 3.73223145 3.72810513]
2,"[2.06899651e-10 2.84323787e-10 3.23166260e-10 3.33713083e-10
 3.58486266e-10]",[0.11997378 0.11973144 0.12030051 0.12258867 0.12155528],[1.96217824 2.03414321 2.05199721 2.0284049  2.0417925 ],[0.58396558 0.58062649 0.5824127  0.58174303 0.58151939],[0.46688903 0.4672973  0.46839723 0.47302937 0.46884062],[0.36190906 0.36375661 0.3634322  0.36553644 0.36231035],[3.55414803 3.54366713 3.554087   3.5940262  3.60607652]
3,"[1.88501647e-10 2.60285966e-10 2.95028180e-10 2.98926674e-10
 3.17954013e-10]",[0.10625536 0.10671799 0.10675214 0.10807119 0.10488095],[2.1445897  2.2364131  2.27179564 2.26064831 2.30277292],[0.58489703 0.58425631 0.58489721 0.58257172 0.58632855],[0.44469948 0.4467888  0.44666771 0.4514079  0.44027572],[0.36395517 0.36709864 0.3657273  0.36595572 0.3528902 ],[3.42240579 3.41574485 3.42195958 3.45170837 3.45380127]
4,"[2.55800794e-10 3.51947387e-10 4.00491153e-10 4.14340717e-10
 4.32299552e-10]",[0.10333877 0.10353929 0.10364509 0.10449834 0.10333367],[2.19605635 2.27794257 2.30590332 2.3009366  2.31257704],[0.57959242 0.58049469 0.57913688 0.58066494 0.57871538],[0.38643311 0.38946368 0.38832008 0.38829426 0.37887329],[0.27043701 0.27424922 0.27253192 0.27210453 0.26123646],[3.4951338  3.4875066  3.49601214 3.53824987 3.55035239]
5,"[3.07494423e-10 4.29174456e-10 4.84849504e-10 4.94567519e-10
 4.88999604e-10]",[0.11837518 0.11852428 0.11842566 0.11752526 0.11704972],[2.14722327 2.20289335 2.22290881 2.23380254 2.22814305],[0.58772774 0.58791036 0.58772865 0.58774309 0.58750157],[0.47382146 0.47434972 0.47359311 0.4709198  0.46773311],[0.37859661 0.37978108 0.3789911  0.37543892 0.37243424],[3.59414426 3.58558593 3.59347901 3.63554819 3.67183416]
6,"[2.02366966e-10 2.88997209e-10 3.18768977e-10 3.04657947e-10
 2.96995614e-10]",[0.12225463 0.12136526 0.12282377 0.12798867 0.12708079],[1.95607246 2.04714041 2.04502191 1.96744343 1.93312557],[0.58326349 0.5830624  0.58371503 0.58441783 0.58277776],[0.49186571 0.48960227 0.49355644 0.50685086 0.50235422],[0.4039008  0.40161353 0.40519254 0.41718233 0.41353833],[3.61974428 3.62074449 3.62924811 3.64980313 3.594319  ]
7,"[2.08166020e-10 2.90069003e-10 3.26362798e-10 3.23103033e-10
 3.28456443e-10]",[0.14648136 0.14546345 0.1467169  0.15200442 0.15310472],[1.70569676 1.75893994 1.76206566 1.71688352 1.70726063],[0.58379477 0.58385545 0.58381624 0.58527622 0.58346265],[0.54419719 0.54224282 0.54430817 0.55385666 0.55410107],[0.43255922 0.4325004  0.43366814 0.44630894 0.44689281],[3.81317424 3.8044454  3.8136978  3.84651825 3.84689171]
8,"[2.56238311e-10 3.56814022e-10 4.00615849e-10 3.87406653e-10
 4.06218469e-10]",[0.13389062 0.13351174 0.13452496 0.14058671 0.13790077],[1.85273193 1.90785608 1.90989391 1.83932257 1.8452235 ],[0.58564787 0.58453075 0.58475036 0.58496695 0.58279096],[0.50368233 0.5050123  0.50603131 0.5177209  0.50755063],[0.39288852 0.39497569 0.39532666 0.40704248 0.39452325],[3.65652665 3.64768093 3.65850098 3.70791012 3.70101756]
9,"[1.95949268e-10 2.73214400e-10 3.08448505e-10 3.19842118e-10
 3.31373841e-10]",[0.14821544 0.14775635 0.14849655 0.15036632 0.14810361],[1.66317475 1.71540361 1.72200751 1.70781607 1.7094373 ],[0.58490344 0.58552357 0.5846293  0.5848171  0.58260999],[0.54021941 0.54034571 0.54071683 0.54081603 0.52921938],[0.43966201 0.44282727 0.441852   0.43901844 0.41889059],[3.78356432 3.77937137 3.78595799 3.80621563 3.77697391]
10,"[2.37331006e-10 3.32112799e-10 3.73987416e-10 3.79457292e-10
 3.81447656e-10]",[0.16364472 0.16292268 0.16405314 0.16866969 0.16677131],[1.57021923 1.61000231 1.6089606  1.57342715 1.56991521],[0.58869733 0.58787006 0.58870688 0.58935836 0.5860305 ],[0.57145437 0.57189739 0.57252031 0.57819147 0.56954263],[0.46798603 0.47009128 0.46993374 0.4740829  0.4588012 ],[3.91203232 3.90757719 3.91384188 3.93655917 3.92090356]
11,"[2.51227888e-10 3.48680192e-10 3.92851985e-10 3.87126094e-10
 4.03650908e-10]",[0.13426843 0.13407254 0.13493007 0.14027354 0.13793893],[1.89304025 1.94416794 1.94987042 1.88762011 1.90537013],[0.59358518 0.59268334 0.59314292 0.59211445 0.59009335],[0.520546   0.5218511  0.52287119 0.53317361 0.52401514],[0.426317   0.42789658 0.42865972 0.44133485 0.43270872],[3.70696768 3.7064957  3.71235324 3.7443283  3.71071047]
12,"[2.81409522e-10 3.88161837e-10 4.41676835e-10 4.93368429e-10
 5.19512825e-10]",[0.11684496 0.11692671 0.11712427 0.1145648  0.11294929],[2.09409685 2.15426405 2.17272931 2.22765328 2.24287866],[0.58495069 0.58463641 0.58541011 0.58207917 0.58115985],[0.45144991 0.45509704 0.45363425 0.43976364 0.42595568],[0.35849898 0.36263748 0.36056301 0.34791447 0.33211656],[3.54586489 3.54445019 3.54706584 3.51048444 3.50188323]
13,"[1.82338989e-10 2.56675292e-10 2.88420340e-10 2.99413120e-10
 2.87535447e-10]",[0.12374918 0.12266676 0.12354225 0.12486235 0.12882656],[1.85744839 1.94413973 1.95681179 1.9505805  1.87942698],[0.57916817 0.57937796 0.57893672 0.57823338 0.57700286],[0.48724397 0.48544662 0.48662502 0.48919564 0.49890978],[0.38434615 0.3836862  0.38433698 0.38390811 0.39281183],[3.59326024 3.57745131 3.58965023 3.62224232 3.67540655]
14,"[1.85365219e-10 2.59211493e-10 2.92712375e-10 3.05372020e-10
 3.04600191e-10]",[0.16868388 0.16803454 0.16892005 0.17086425 0.16970725],[1.52380657 1.56607378 1.56957736 1.56032372 1.55311025],[0.58489399 0.58421052 0.58466436 0.58563506 0.58541637],[0.56010814 0.56102012 0.56133484 0.56188951 0.55856846],[0.42902695 0.43030438 0.43025336 0.43181142 0.42589528],[3.93085355 3.92592738 3.93086232 3.94617659 3.93771658]
15,"[2.18164360e-10 3.05185992e-10 3.45010761e-10 3.62462375e-10
 3.65646278e-10]",[0.17312732 0.17422711 0.17429949 0.17550818 0.16585313],[1.54009433 1.56846543 1.57382993 1.56497867 1.60156726],[0.59359282 0.5948803  0.59418278 0.59331848 0.58741851],[0.58646665 0.58943532 0.58834865 0.58917095 0.57140287],[0.48910387 0.49299846 0.49165453 0.48958004 0.46397107],[3.94870856 3.95031735 3.95235791 3.96523498 3.93081829]
16,"[1.96644399e-10 2.75441833e-10 3.09979582e-10 3.13199966e-10
 3.15193145e-10]",[0.16966431 0.16914231 0.17015728 0.17440715 0.1717072 ],[1.51249268 1.55193812 1.55296845 1.52051244 1.52485385],[0.58461222 0.58424263 0.58447246 0.58534191 0.58516255],[0.57095362 0.57116974 0.57178116 0.57568273 0.56596455],[0.46977864 0.47232883 0.47190756 0.47367962 0.45761714],[3.91732748 3.91230867 3.91818981 3.94193626 3.9345244 ]
17,"[1.72621526e-10 2.41778687e-10 2.67156059e-10 2.74213862e-10
 2.66061310e-10]",[0.13753736 0.13714812 0.13828518 0.14015224 0.13985426],[1.74206028 1.80805257 1.81254453 1.79005378 1.77553828],[0.58519291 0.58563471 0.58618613 0.58584088 0.57910955],[0.53013914 0.53003327 0.5333948  0.53573387 0.53036056],[0.42868599 0.43163025 0.4337227  0.43607309 0.42501712],[3.77937914 3.77554425 3.78518889 3.78986516 3.77338941]
18,"[1.11612754e-10 1.58491259e-10 1.76445748e-10 1.68515772e-10
 1.62824635e-10]",[0.11147509 0.11054486 0.1114908  0.11600628 0.11939193],[1.76354584 1.88670742 1.91383465 1.86492964 1.80858535],[0.57343467 0.57370393 0.57346485 0.57394161 0.57046172],[0.45320548 0.4516028  0.45309852 0.46315112 0.47064246],[0.35687692 0.35731842 0.35720439 0.36080294 0.36339638],[3.55863154 3.54428298 3.55603715 3.60005797 3.61471199]
19,"[1.19782737e-10 1.69365607e-10 1.88779654e-10 1.80670979e-10
 1.81455284e-10]",[0.12088095 0.12065435 0.12098243 0.12157307 0.11969968],[1.69521954 1.79138753 1.81605811 1.79697184 1.81282438],[0.5661379  0.56705786 0.56683404 0.56740219 0.56515817],[0.44100594 0.44108518 0.44147645 0.4468891  0.44678477],[0.3249067  0.3251874  0.32520644 0.3302227  0.32368547],[3.5770275  3.56582393 3.5742852  3.60399435 3.61463888]
20,"[1.12548202e-10 1.47867135e-10 1.74506962e-10 2.70280971e-10
 4.76441335e-10]",[0.12664104 0.13018348 0.12757005 0.10382903 0.08062097],[1.6238296  1.66273832 1.72584385 2.11553441 2.69489589],[0.56486744 0.56611411 0.5651365  0.5651919  0.5592796 ],[0.45011153 0.46197238 0.45179436 0.37781692 0.29888192],[0.33771729 0.34973168 0.3395691  0.27018254 0.20878607],[3.67392352 3.67745572 3.67307299 3.55016245 3.37495236]
21,"[9.24408809e-11 1.33753643e-10 1.48070129e-10 1.49895628e-10
 1.42776458e-10]",[0.0969119  0.09688966 0.09703836 0.09657574 0.09663881],[1.70683998 1.8533093  1.89987051 1.92330066 1.89454442],[0.56752984 0.56893095 0.56842699 0.56843838 0.56474695],[0.40725158 0.40887699 0.40820746 0.40532926 0.40437052],[0.32307801 0.32582344 0.32432785 0.32172762 0.32233215],[3.21635078 3.21479754 3.21868693 3.23766459 3.23305126]
22,"[8.35130443e-11 1.19633719e-10 1.33300642e-10 1.39450849e-10
 1.39420477e-10]",[0.10128854 0.10135331 0.1012933  0.09869123 0.09884015],[1.60918952 1.74541437 1.79294426 1.84181968 1.82199024],[0.56796956 0.56704084 0.56726826 0.56398853 0.56330078],[0.42253808 0.42370437 0.42254905 0.40974924 0.40780201],[0.34039386 0.34288388 0.34066909 0.32840302 0.32100558],[3.33382119 3.33160403 3.33302478 3.30714159 3.28507023]
23,"[1.73428331e-10 2.43106775e-10 2.73833097e-10 2.98782003e-10
 3.17112438e-10]",[0.10344262 0.10358844 0.10372027 0.10148812 0.09839644],[2.10975353 2.21169423 2.25333475 2.34400331 2.39643696],[0.56794177 0.5681373  0.56859608 0.56709129 0.56477877],[0.35190318 0.3549771  0.35399936 0.34235573 0.33200458],[0.26941676 0.27476188 0.27158762 0.25903533 0.24764719],[3.34390336 3.34524118 3.34525935 3.27781493 3.23482984]
24,"[2.83825463e-10 3.94602423e-10 4.49669783e-10 5.31411036e-10
 5.37473369e-10]",[0.1163604  0.11669985 0.11639189 0.10940122 0.10774478],[2.13342133 2.1886412  2.21796792 2.37376181 2.392777  ],[0.57837916 0.58016356 0.57904438 0.58131762 0.57622452],[0.43117355 0.43394215 0.43184337 0.40678466 0.39626998],[0.32341051 0.32757    0.32452184 0.29952193 0.28631503],[3.34911607 3.35994591 3.35481358 3.30817588 3.28736768]
25,"[2.09416087e-10 2.96779452e-10 3.32735196e-10 3.44373438e-10
 3.43378092e-10]",[0.12454392 0.1238083  0.12437213 0.12390695 0.12188188],[1.91474881 1.99300797 2.00566448 2.01438841 2.02156019],[0.5781686  0.57843441 0.57795593 0.57993694 0.57920829],[0.4863589  0.48373154 0.48579884 0.48718751 0.48489544],[0.39726342 0.39643717 0.39722034 0.39886524 0.39327661],[3.49857436 3.49365055 3.49636499 3.48107098 3.45816114]
26,"[2.91667662e-10 4.06608385e-10 4.60210339e-10 4.85419654e-10
 4.96586741e-10]",[0.10629324 0.10849974 0.10731595 0.10243077 0.09133408],[2.24064345 2.28694515 2.32831018 2.4213627  2.56844493],[0.58368685 0.58502816 0.58503563 0.58036022 0.57419899],[0.41598142 0.42273823 0.42023217 0.41115298 0.37280642],[0.3296219  0.33538609 0.33296161 0.32872572 0.29933329],[3.27315734 3.29247492 3.27900437 3.2064735  3.1189164 ]
27,"[2.12740856e-10 2.98611087e-10 3.40162301e-10 3.85178585e-10
 3.75593473e-10]",[0.07891744 0.08055476 0.07931796 0.07407562 0.06965954],[2.31630497 2.45120032 2.52831254 2.71392864 2.66333185],[0.56761604 0.56924775 0.56735243 0.56740682 0.55518829],[0.33167932 0.33947979 0.33351795 0.30728133 0.28591137],[0.27256511 0.27868575 0.27414648 0.25653781 0.24037102],[2.93584038 2.96567979 2.93864258 2.80219242 2.74812026]
28,"[2.62190235e-10 3.63958009e-10 4.17427293e-10 4.79319643e-10
 4.72898462e-10]",[0.05566298 0.05678779 0.05568901 0.05094147 0.05033417],[2.66529521 2.86341787 2.98246979 3.20346343 3.16053483],[0.55322002 0.55329962 0.55346545 0.5489477  0.55096172],[0.21037049 0.21625867 0.21033586 0.18587086 0.18132888],[0.17674523 0.18208654 0.17710195 0.15786182 0.1502816 ],[2.42629937 2.45910256 2.42747148 2.29010131 2.28283079]
29,"[3.36328354e-10 4.73598942e-10 5.37470246e-10 6.26969778e-10
 6.11144626e-10]",[0.10144778 0.10116606 0.10111779 0.09650241 0.09739979],[2.34311941 2.43538722 2.45824418 2.56813141 2.46559103],[0.58505972 0.58486589 0.58480595 0.58462747 0.58023977],[0.42855374 0.42755272 0.42717195 0.40570134 0.40605382],[0.35553736 0.35458488 0.35390107 0.3330707  0.33435428],[3.33331777 3.32529583 3.32448203 3.21855062 3.24297327]
30,"[6.03415109e-10 8.22914047e-10 9.43447453e-10 1.00426085e-09
 1.06206002e-09]",[0.07657398 0.07870727 0.07785431 0.07762328 0.0701506 ],[3.12974962 3.18458147 3.23658569 3.25854716 3.38093345],[0.58991633 0.59013767 0.58990425 0.5904978  0.58139075],[0.29226818 0.30374848 0.29923757 0.29583857 0.25436782],[0.21498875 0.22665223 0.22111678 0.21312496 0.17763736],[2.80901024 2.84150254 2.82573256 2.80325118 2.70779392]
31,"[4.68210835e-10 6.41842682e-10 7.35085178e-10 8.18481920e-10
 8.73590354e-10]",[0.09895452 0.10047628 0.09973918 0.09655526 0.09028966],[2.52579762 2.56144379 2.59618517 2.66748197 2.78464574],[0.58392245 0.5846061  0.5843266  0.58279041 0.57650141],[0.41264168 0.41981645 0.41578037 0.40363234 0.3736284 ],[0.34162683 0.34842404 0.34435783 0.3270709  0.3010938 ],[3.17620649 3.18838878 3.18079651 3.11794531 3.09069779]
32,"[2.49509806e-10 3.43450037e-10 3.95618195e-10 4.65892441e-10
 4.80076783e-10]",[0.08512096 0.08641143 0.08546768 0.08076788 0.07678825],[2.46285633 2.57233769 2.63995923 2.80912701 2.84693303],[0.57456491 0.5730224  0.57439379 0.57658234 0.56956512],[0.35664589 0.36346731 0.35823854 0.3365305  0.31326948],[0.29278159 0.2997397  0.2950358  0.27706787 0.25151718],[2.80377388 2.82845461 2.80533951 2.68388198 2.64126015]
33,"[3.49967452e-10 4.81232928e-10 5.50776973e-10 6.03615169e-10
 6.23979570e-10]",[0.08261084 0.08458332 0.08369081 0.0819973  0.07435486],[2.71066436 2.79449432 2.8527522  2.92956385 3.02506631],[0.58200032 0.58320006 0.58269836 0.58230352 0.57328189],[0.33828648 0.34797214 0.34360241 0.33578415 0.29646888],[0.27009866 0.27938278 0.27479139 0.26853921 0.23423791],[2.8832557  2.91286749 2.89866639 2.87674201 2.76970743]
34,"[4.99453272e-10 6.75314648e-10 7.77848025e-10 8.55157412e-10
 9.65332686e-10]",[0.08499933 0.08602156 0.08552822 0.08360676 0.0791613 ],[2.87764791 2.93212429 2.98118068 3.0657221  3.20474739],[0.57918506 0.58050812 0.58006853 0.57823396 0.57598533],[0.34152561 0.34704952 0.34430054 0.33710533 0.31567912],[0.26021949 0.26531749 0.26253868 0.25340772 0.2362446 ],[2.99157158 3.01142957 3.00046058 2.96398616 2.90180614]
35,"[1.68214883e-10 2.38553611e-10 2.69065296e-10 2.91368560e-10
 2.79240966e-10]",[0.12126037 0.12055333 0.12068573 0.11778923 0.12009874],[1.887361   1.97859637 2.00357307 2.05018057 1.98114107],[0.58060624 0.58031262 0.58055513 0.57781294 0.5749556 ],[0.48871833 0.48782752 0.4868173  0.47702633 0.47607221],[0.39477914 0.39622399 0.39464768 0.38363227 0.3763344 ],[3.60531566 3.59943465 3.59944147 3.5650887  3.57532351]
36,"[2.76730530e-10 3.79683028e-10 4.31108417e-10 4.95433017e-10
 5.71426458e-10]",[0.08484322 0.08594487 0.08555877 0.08098008 0.07538041],[2.5223002  2.62498466 2.67759474 2.85470691 2.97458602],[0.57144048 0.57169307 0.57148607 0.57215264 0.56285458],[0.28696733 0.29184744 0.28911464 0.27259321 0.24920782],[0.19646283 0.20180909 0.19931342 0.18677055 0.17011095],[3.18579107 3.21359954 3.1946321  3.02200365 2.88606242]
37,"[8.47178580e-11 1.18960932e-10 1.35771731e-10 1.61019416e-10
 1.63584960e-10]",[0.08283411 0.08353131 0.08254634 0.07649074 0.07555991],[1.72083087 1.89367775 1.96771563 2.08431093 2.05889276],[0.56064469 0.56104522 0.55945551 0.55594831 0.55159132],[0.33468988 0.33947344 0.33288136 0.30426498 0.29878151],[0.26981685 0.27542717 0.26906802 0.24385833 0.23809179],[2.97644789 2.98481177 2.96788018 2.86821913 2.88196326]
38,"[3.03808672e-10 4.18286729e-10 4.80525048e-10 5.41120376e-10
 5.59304939e-10]",[0.04536299 0.04587272 0.04533651 0.04435921 0.04943468],[2.59638456 2.85595784 2.95178531 2.96170333 2.69508065],[0.52913418 0.53095713 0.52912375 0.52911284 0.52554742],[0.15243354 0.15520641 0.15231962 0.14899451 0.17440648],[0.12779495 0.13000949 0.12787612 0.12698168 0.14953496],[2.21639669 2.22760968 2.21536322 2.20709413 2.37758003]
39,"[3.56249169e-10 4.93366507e-10 5.62369854e-10 6.03971034e-10
 6.06764730e-10]",[0.05442484 0.0559496  0.05506781 0.05370494 0.05060782],[3.02849757 3.22138717 3.3263423  3.38259402 3.29146153],[0.55252922 0.55158393 0.55255875 0.55407399 0.54133655],[0.20572676 0.21335487 0.20892291 0.20174147 0.1873852 ],[0.1713903  0.17834554 0.17392792 0.16747625 0.15728789],[2.41761288 2.45660929 2.42974961 2.37336038 2.34114607]
40,"[6.00518846e-10 8.20130498e-10 9.45552554e-10 1.05782090e-09
 1.09768139e-09]",[0.03729997 0.03822857 0.03760171 0.03651643 0.03694364],[3.75826225 4.07460692 4.2057095  4.25589473 3.8793766 ],[0.52410686 0.52703528 0.52433088 0.52821308 0.52787195],[0.12426054 0.12824289 0.12548979 0.12158922 0.1241566 ],[0.11466783 0.11846829 0.1158221  0.11161876 0.1139613 ],[1.86135536 1.87951587 1.86481617 1.84278959 1.91768971]
41,"[2.55165542e-10 3.52092928e-10 4.03247429e-10 4.51872524e-10
 4.87865466e-10]",[0.04657057 0.04722223 0.0465793  0.04564922 0.05253416],[2.53972454 2.80038564 2.91129849 2.95511911 2.55780073],[0.53454398 0.53524246 0.53600073 0.53518268 0.52953462],[0.16143895 0.16498418 0.16145245 0.15668597 0.18729014],[0.12752082 0.13019246 0.12732717 0.12438699 0.14273197],[2.34402095 2.35961966 2.34203295 2.3222081  2.52449787]
42,"[7.59516488e-11 1.09730068e-10 1.20458920e-10 1.15191262e-10
 1.22977983e-10]",[0.09260705 0.09336441 0.09299879 0.09190467 0.0940731 ],[1.46214271 1.61355447 1.6506711  1.60914836 1.55320154],[0.55075838 0.54983153 0.54910429 0.54454841 0.54192877],[0.39449611 0.3986815  0.3958665  0.38621967 0.3964539 ],[0.3246912  0.32922323 0.32560429 0.31419489 0.31998772],[3.0750232  3.07747836 3.07605626 3.09768637 3.17611384]
43,"[9.16738454e-11 1.35815182e-10 1.46579603e-10 1.27059566e-10
 1.12414956e-10]",[0.07746351 0.07671149 0.07738529 0.08100413 0.08323628],[1.58662444 1.77933926 1.81319274 1.71184393 1.66121898],[0.54114154 0.54005224 0.53988691 0.54162525 0.54149307],[0.32006709 0.31742033 0.31919307 0.33108463 0.33816485],[0.26222447 0.26118895 0.26205487 0.26920388 0.27259856],[2.73275222 2.7136744  2.72706557 2.81092901 2.94511001]
44,"[9.08824440e-11 1.33062320e-10 1.44886995e-10 1.32390396e-10
 1.28905172e-10]",[0.0783868  0.07857938 0.07837212 0.07776232 0.07777295],[1.55583104 1.74420006 1.77946472 1.71691327 1.67619817],[0.54444108 0.54493596 0.54347718 0.53898023 0.5385394 ],[0.32575633 0.32656454 0.32510842 0.32014407 0.32241591],[0.26346818 0.26335627 0.26245237 0.2614198  0.26069364],[2.73225699 2.72448305 2.73099578 2.80859753 2.9089887 ]
45,"[9.95859394e-11 1.43031826e-10 1.57477804e-10 1.50727328e-10
 1.69269699e-10]",[0.09169861 0.09274877 0.09222203 0.0901248  0.08437152],[1.60627208 1.74418835 1.78576707 1.78325382 1.88041891],[0.5484554  0.54749884 0.54776292 0.5478132  0.55013662],[0.38744354 0.39163019 0.38890807 0.38291596 0.35503702],[0.31459523 0.31678264 0.3157146  0.31031215 0.28250349],[3.04915782 3.0511015  3.05436588 3.10350429 3.09716352]
46,"[9.49646766e-11 1.35694165e-10 1.50002792e-10 1.50223352e-10
 1.81128170e-10]",[0.08286178 0.08445349 0.08352191 0.07969549 0.0716274 ],[1.69495822 1.85094089 1.90733367 1.94199813 2.10002772],[0.5548116  0.55370176 0.55327962 0.55134095 0.55089675],[0.3513167  0.35845018 0.35373539 0.33673563 0.29774045],[0.28942208 0.29364065 0.29145631 0.28673558 0.25797257],[2.99142981 2.99915534 2.99533413 2.9955472  2.95612756]
47,"[1.14828437e-10 1.72879524e-10 1.85440289e-10 1.62480985e-10
 1.25631083e-10]",[0.07485515 0.07478334 0.0746738  0.0740584  0.07972849],[1.70555763 1.90532695 1.93938631 1.8666069  1.69401115],[0.54047353 0.54148728 0.54096362 0.53950802 0.538457  ],[0.31546857 0.31476353 0.3139472  0.31022151 0.33638597],[0.26528151 0.26448003 0.26380135 0.2591669  0.28191105],[2.65220284 2.6538496  2.65586239 2.7341127  2.86150899]
48,"[1.14557013e-10 1.74155224e-10 1.86460431e-10 1.65385467e-10
 1.24882084e-10]",[0.07726959 0.07719623 0.07710982 0.07717833 0.08211216],[1.56474309 1.74962402 1.77663034 1.71290568 1.57699691],[0.53627564 0.5367894  0.53500503 0.53592543 0.53802869],[0.32292939 0.32203364 0.32185666 0.32274191 0.34809295],[0.25931009 0.25840225 0.25839245 0.26413343 0.28641176],[2.73313753 2.73043204 2.73040322 2.76245608 2.88928324]
49,"[2.39003102e-10 3.31175302e-10 3.77645417e-10 4.13103333e-10
 4.30097006e-10]",[0.05293192 0.05403617 0.05314016 0.05235731 0.05444711],[2.95350063 3.17751087 3.31794981 3.37758664 3.32097862],[0.54432417 0.5458825  0.5439557  0.54746308 0.54404465],[0.16723892 0.17545227 0.16916698 0.16183022 0.16837453],[0.12506512 0.1320168  0.12661461 0.12049446 0.12423957],[2.59002885 2.62712949 2.6016249  2.59474661 2.65059549]
50,"[7.35322813e-10 1.01964838e-09 1.16010510e-09 1.21664822e-09
 1.19698828e-09]",[0.03177052 0.03218278 0.03179369 0.03141058 0.03356009],[3.33276867 3.67247824 3.75913604 3.77650516 3.61322437],[0.50824047 0.51444762 0.50934975 0.51774135 0.51808883],[0.0977326  0.09969791 0.09785321 0.09830016 0.10930037],[0.07905603 0.08113393 0.07918203 0.08171223 0.09390781],[1.87269875 1.88621472 1.87653814 1.88371301 1.94068201]
51,"[8.57794421e-10 1.20261067e-09 1.35879999e-09 1.38654824e-09
 1.28212434e-09]",[0.03195356 0.03242729 0.03201302 0.03151697 0.03313574],[3.4700678  3.78606613 3.86760578 3.83556835 3.68562841],[0.50843625 0.50930935 0.50853514 0.5205757  0.520368  ],[0.10170333 0.10370045 0.10190283 0.10091718 0.10892425],[0.09460168 0.09658142 0.09500782 0.09537522 0.10271381],[1.78354428 1.79863292 1.78682576 1.77702752 1.82898904]
52,"[7.20996928e-10 9.97700193e-10 1.13545661e-09 1.19439366e-09
 1.20271649e-09]",[0.03415886 0.03502758 0.03432426 0.0333154  0.0346543 ],[3.34027363 3.61824495 3.72229334 3.78124911 3.70501712],[0.5188225  0.52139447 0.52019155 0.52647715 0.52709699],[0.10937326 0.11334274 0.11014419 0.10791044 0.1145892 ],[0.09432764 0.09745711 0.09504491 0.09685648 0.10356942],[1.95269091 1.97923441 1.96032513 1.95093134 2.00345741]
53,"[4.84902299e-10 6.94309022e-10 7.75794122e-10 7.88236268e-10
 6.83193551e-10]",[0.04085225 0.04154747 0.04092471 0.03919399 0.0409984 ],[2.65666086 2.90422568 2.97820766 2.96701016 2.73930372],[0.51542533 0.51645557 0.51510775 0.51414848 0.51223467],[0.1431702  0.14634679 0.1435477  0.1358487  0.1439631 ],[0.13410646 0.13681578 0.13444449 0.12722522 0.1329262 ],[2.14632782 2.16299589 2.15002925 2.13709503 2.20851585]
54,"[3.79005715e-10 5.38314426e-10 6.03424805e-10 6.21191048e-10
 5.81733430e-10]",[0.0482022  0.04993024 0.04847028 0.04524959 0.04731887],[2.70014235 2.90642891 2.99588544 2.9803248  2.83805686],[0.53340414 0.53650165 0.53388282 0.52859883 0.52506268],[0.17439222 0.18280625 0.17568359 0.16039278 0.16863964],[0.14592212 0.15178959 0.14713798 0.13951255 0.14184075],[2.38200513 2.42874447 2.39383461 2.34076301 2.3878185 ]
55,"[1.26713284e-10 1.79617874e-10 1.99722387e-10 1.90375754e-10
 1.93123379e-10]",[0.06787733 0.06951849 0.06853604 0.06690969 0.0624396 ],[1.81188332 1.99100349 2.05323392 2.0227819  1.99923773],[0.54359715 0.54381629 0.54334349 0.54312026 0.53927274],[0.2771097  0.28461952 0.27937943 0.26925868 0.24968112],[0.23853676 0.24425141 0.24017839 0.23151824 0.21740472],[2.72044033 2.75025641 2.73321257 2.72196321 2.64766907]
56,"[2.07095469e-10 2.93748829e-10 3.29400373e-10 3.39972794e-10
 3.30484335e-10]",[0.06907536 0.07059055 0.06914904 0.06509739 0.0653445 ],[2.39180876 2.54526175 2.63919042 2.71895188 2.65586319],[0.54775342 0.54820454 0.54848392 0.54645252 0.53958984],[0.25685449 0.26718331 0.25834477 0.23296431 0.23032067],[0.20830497 0.21509014 0.20867184 0.18909553 0.18778937],[2.95344475 2.98047945 2.95653458 2.90998996 2.90643781]
57,"[1.56167677e-10 2.26651252e-10 2.47932388e-10 2.25487982e-10
 2.18378072e-10]",[0.06971322 0.07072384 0.07006326 0.06872908 0.06779201],[1.85865715 2.03209474 2.08017874 2.01834306 1.94523499],[0.54163325 0.54161467 0.54182027 0.54136198 0.53781005],[0.2876647  0.29264136 0.28911725 0.28205769 0.27688342],[0.23890542 0.24252092 0.23989098 0.23521166 0.23145358],[2.80234243 2.81722909 2.80876576 2.80811009 2.78351868]
58,"[1.14750162e-10 1.69072119e-10 1.84464836e-10 1.78780739e-10
 1.73217876e-10]",[0.07244248 0.07263895 0.07248701 0.0717933  0.07260014],[1.50693067 1.68197466 1.71872157 1.69465554 1.60051382],[0.53070521 0.53146404 0.53198018 0.52941893 0.52584949],[0.3017128  0.30185821 0.30132411 0.2978844  0.30383897],[0.25187918 0.25190565 0.25130143 0.24861056 0.25841418],[2.75200884 2.74948205 2.75163654 2.77723374 2.79356713]
59,"[3.26050132e-10 4.74268185e-10 5.22660297e-10 5.16406292e-10
 4.73165620e-10]",[0.06533635 0.06545161 0.06519297 0.06389295 0.06536193],[2.27133054 2.39884368 2.46327407 2.54201898 2.53932962],[0.51247137 0.51205148 0.51055394 0.51310471 0.51212714],[0.23445989 0.23921128 0.23489209 0.22296808 0.21947252],[0.1887917  0.19211027 0.18926107 0.17966919 0.17757105],[2.67177494 2.66737862 2.66871413 2.68339959 2.74927379]
60,"[8.88060623e-11 1.29166996e-10 1.41595253e-10 1.35836162e-10
 1.38295082e-10]",[0.09165093 0.09332811 0.09195312 0.08721133 0.08284454],[1.43172871 1.56688346 1.60491444 1.59045989 1.61790171],[0.5421009  0.54237032 0.54231875 0.53677695 0.53774875],[0.38813533 0.39457072 0.38862651 0.37071633 0.3511286 ],[0.31443564 0.31986261 0.31531255 0.30770725 0.29067996],[3.11741115 3.13422567 3.11673368 3.06074904 3.02409414]
61,"[1.27629657e-10 1.81521069e-10 2.02136234e-10 2.07311332e-10
 2.39720646e-10]",[0.08556941 0.08667687 0.08579688 0.08273187 0.07833778],[1.91534741 2.04903616 2.11767962 2.18585158 2.26976775],[0.54162955 0.54163664 0.54186038 0.54132452 0.53741183],[0.3018825  0.31116044 0.304116   0.28422769 0.26899487],[0.24404012 0.25062992 0.24501044 0.23323502 0.21771323],[3.15468815 3.15848687 3.15215471 3.13931957 3.09058202]
62,"[1.21620942e-10 1.82673985e-10 1.95291689e-10 1.68458408e-10
 1.61422340e-10]",[0.0791282  0.0792841  0.07928785 0.07952989 0.07701921],[1.54173332 1.70414264 1.73140626 1.67035895 1.64298436],[0.53634165 0.53589402 0.53711802 0.53787369 0.53133921],[0.33122533 0.33113445 0.33134148 0.33390771 0.32446666],[0.26475066 0.26457575 0.26518428 0.27305647 0.27104059],[2.88010727 2.88570094 2.88234314 2.87957967 2.82683795]
63,"[1.58588041e-10 2.42763421e-10 2.58610461e-10 2.26656055e-10
 1.74275586e-10]",[0.07562881 0.07502655 0.07523006 0.07494909 0.07728905],[1.66727956 1.84658885 1.8665116  1.80653438 1.66055077],[0.53005917 0.52897393 0.53051761 0.53109999 0.52822077],[0.31058027 0.30768732 0.30856901 0.30924849 0.32285779],[0.25123282 0.24902365 0.24979478 0.2567391  0.26697   ],[2.88168763 2.87109709 2.87654185 2.8870514  2.89650316]
64,"[1.84504944e-10 2.79206953e-10 3.02146686e-10 2.98250324e-10
 2.36424574e-10]",[0.07240778 0.07230368 0.07209484 0.06891282 0.07001391],[1.62642641 1.78364945 1.81345781 1.84128603 1.74643113],[0.5285007  0.52773156 0.52824384 0.52368295 0.52533364],[0.29641875 0.29587454 0.29439119 0.27719358 0.28495962],[0.24464834 0.24497965 0.24369295 0.23449087 0.24003861],[2.84782628 2.84574856 2.84359727 2.80761083 2.81082155]
65,"[2.44180875e-10 3.67472847e-10 3.93252600e-10 3.61568297e-10
 3.59196225e-10]",[0.06369342 0.0640162  0.06379762 0.06346237 0.06059678],[2.00788215 2.18090693 2.21821464 2.19125722 2.27013153],[0.52842564 0.52706825 0.52682346 0.52867746 0.5224831 ],[0.23726378 0.23928819 0.23805008 0.24151071 0.22773043],[0.19205048 0.19335879 0.19266792 0.19703398 0.18677705],[2.79340038 2.79388456 2.79123408 2.77363015 2.77329044]
66,"[1.35128253e-10 2.03599468e-10 2.18461634e-10 2.05038509e-10
 1.84324593e-10]",[0.07523767 0.07513398 0.07522998 0.07416058 0.07151964],[1.56527293 1.73653706 1.76206318 1.75544928 1.73348808],[0.52954575 0.52821826 0.52828918 0.52930911 0.52761574],[0.31414141 0.31277318 0.31319835 0.30882065 0.29663071],[0.26425067 0.26359714 0.26402662 0.26028475 0.24918605],[2.81078391 2.80612873 2.80951368 2.81891866 2.80789979]
67,"[2.48024889e-10 3.66069945e-10 3.95485818e-10 3.58104835e-10
 3.62857030e-10]",[0.06155991 0.0618557  0.0617241  0.06289316 0.06239143],[2.213138   2.39451781 2.45143695 2.43558841 2.44837186],[0.53575753 0.53603644 0.53602614 0.53597313 0.53299034],[0.23141715 0.23506842 0.23271223 0.2363836  0.23193231],[0.19592807 0.19869912 0.19727406 0.20323377 0.1950125 ],[2.67604679 2.67794268 2.68159772 2.75515964 2.73313628]
68,"[1.89397655e-10 2.76680466e-10 3.03423006e-10 3.03185025e-10
 2.94413697e-10]",[0.06736338 0.06819206 0.06748603 0.06366779 0.06194578],[1.93422318 2.09788127 2.1559269  2.23602526 2.22983827],[0.53709464 0.53603102 0.53626824 0.53592683 0.53302321],[0.26896569 0.27277705 0.26867207 0.24987999 0.2434411 ],[0.20921197 0.21114099 0.20870702 0.20011988 0.20152051],[2.81541307 2.83272789 2.82113068 2.76204638 2.70919397]
69,"[1.98878983e-10 3.00824073e-10 3.19630572e-10 2.82649687e-10
 2.72771671e-10]",[0.07108083 0.07068222 0.07099885 0.07070274 0.06826028],[1.80460014 1.97715646 1.99922298 1.97009001 1.98214635],[0.53199843 0.53057418 0.53199799 0.53418797 0.53225122],[0.28878125 0.28625693 0.28833038 0.29038104 0.27958178],[0.22718851 0.22466361 0.22725778 0.24021031 0.23395336],[2.83241747 2.82378055 2.8320235  2.85950644 2.81297649]
70,"[1.97762658e-10 2.90577574e-10 3.17191422e-10 3.16403577e-10
 3.11593794e-10]",[0.06790823 0.06821324 0.06807647 0.06779682 0.06558055],[1.97346565 2.13193232 2.18816174 2.23610064 2.31648015],[0.52761194 0.52982536 0.52835931 0.5283694  0.52965229],[0.25226342 0.25535559 0.25341542 0.25188824 0.23955549],[0.20708937 0.20921062 0.20779485 0.21013002 0.20117329],[2.73006918 2.72550828 2.73395979 2.80879024 2.81780054]
71,"[2.19657699e-10 3.27610052e-10 3.52068840e-10 3.08865757e-10
 2.77332924e-10]",[0.07053185 0.07026447 0.07021224 0.07009069 0.07210698],[1.91533828 2.06780311 2.11183027 2.12641606 2.09058496],[0.52939786 0.5306939  0.53067036 0.52828347 0.52829611],[0.26491496 0.26585538 0.26570295 0.2672039  0.27085048],[0.20985941 0.21033641 0.21059285 0.21884502 0.22244351],[2.80724358 2.80248647 2.80179143 2.82302484 2.88465807]
72,"[3.24890693e-10 4.70941128e-10 5.17394961e-10 4.92437345e-10
 4.66049121e-10]",[0.05239192 0.05321555 0.05255534 0.05056725 0.0490538 ],[2.48792458 2.67774747 2.75885245 2.80902627 2.82758483],[0.52956321 0.52905853 0.52726728 0.53153823 0.53094843],[0.19605553 0.2003952  0.19701768 0.18831376 0.18125362],[0.16831948 0.1720948  0.16937993 0.1652516  0.16161617],[2.65665244 2.67522961 2.65975982 2.57750667 2.53491786]
73,"[2.05560599e-10 3.02390588e-10 3.29304400e-10 3.04375663e-10
 2.84985932e-10]",[0.06637922 0.06688971 0.06655574 0.06607001 0.06433876],[1.78891705 1.9459388  1.98658612 1.95552236 1.93158093],[0.52530025 0.52603621 0.52578257 0.52688442 0.52569993],[0.27061399 0.27243927 0.27087456 0.26790921 0.26016985],[0.23097936 0.23231401 0.23141189 0.22966173 0.22622065],[2.77406392 2.78008061 2.77733652 2.79052973 2.76491502]
74,"[3.54856470e-10 4.92796015e-10 5.59000835e-10 6.14377938e-10
 6.80338063e-10]",[0.05658205 0.05813174 0.05686295 0.05299274 0.05116679],[2.77538735 2.89434692 3.02674821 3.27460204 3.38921217],[0.52620112 0.52849755 0.52374236 0.53106777 0.52838239],[0.19050456 0.19952781 0.19246896 0.17726913 0.17330022],[0.14789085 0.15484716 0.14938209 0.14000589 0.13810725],[2.74957071 2.77322482 2.75259339 2.67616117 2.67278506]
75,"[1.89440863e-10 2.72176393e-10 3.00814940e-10 3.25194631e-10
 3.37242583e-10]",[0.05991621 0.0610574  0.06022605 0.05585406 0.05394189],[2.04944257 2.23399246 2.30956503 2.4573423  2.47258365],[0.53243954 0.53294924 0.532929   0.53653477 0.53596586],[0.23327477 0.23897841 0.23442736 0.21257376 0.20477863],[0.1901104  0.19480559 0.19097106 0.17864515 0.1777793 ],[2.75393475 2.76064908 2.76745949 2.77059677 2.72594337]
76,"[2.15938817e-10 3.28180552e-10 3.52742876e-10 3.30899932e-10
 2.61290229e-10]",[0.06109582 0.0605221  0.06061889 0.05978061 0.06280989],[1.8604997  2.07149664 2.1033202  2.09089238 1.90616559],[0.52632917 0.52549617 0.52577649 0.52531233 0.52681518],[0.2402679  0.23683267 0.23745067 0.23521507 0.25222522],[0.20248521 0.19971255 0.20071711 0.20122017 0.21426009],[2.7052587  2.70331672 2.7027828  2.68000704 2.66812327]
77,"[3.74517038e-10 5.24167746e-10 5.87658427e-10 5.92962564e-10
 6.33814182e-10]",[0.04697121 0.04857835 0.0475561  0.04738309 0.04597858],[2.56109244 2.72674412 2.83459337 2.88510101 2.96652247],[0.51967493 0.520381   0.51961109 0.52491847 0.52490139],[0.16670775 0.17490439 0.16951373 0.17052671 0.16502808],[0.13479133 0.14122081 0.13689802 0.14157209 0.14088138],[2.33033231 2.3666992  2.3444576  2.35595008 2.33848308]
78,"[1.93214631e-10 2.83430322e-10 3.10708397e-10 2.99564971e-10
 2.74805688e-10]",[0.08232608 0.0823072  0.081916   0.07911896 0.08082833],[2.07409874 2.20795152 2.26540104 2.34790815 2.29994871],[0.54400976 0.54402618 0.54356584 0.54532308 0.54397509],[0.3143973  0.31857661 0.31335925 0.29370567 0.29626185],[0.24474573 0.24797158 0.24410199 0.23059842 0.23660951],[3.19646477 3.19785183 3.19310558 3.1579479  3.12928477]
79,"[3.51476613e-10 5.08202966e-10 5.67819789e-10 6.12923463e-10
 5.53625038e-10]",[0.06243504 0.06250565 0.06211071 0.0603559  0.06404125],[2.75278077 2.93609808 3.00730495 3.08508441 2.86366326],[0.55218389 0.55266784 0.55198444 0.54759733 0.54423051],[0.2396591  0.24077491 0.23766079 0.22852214 0.2464152 ],[0.19547757 0.19714707 0.19452371 0.18930728 0.20399034],[2.82816984 2.83033547 2.82322699 2.78779734 2.86916212]
80,"[2.02405066e-10 2.78176600e-10 3.18148461e-10 3.53562095e-10
 3.97693640e-10]",[0.06829814 0.0696903  0.06860363 0.06469324 0.06269508],[2.39215003 2.54316118 2.63553756 2.72453663 2.79257194],[0.55290779 0.55361066 0.55391088 0.54715165 0.54773086],[0.26735708 0.27560783 0.26879153 0.24705401 0.23620863],[0.21445511 0.2226256  0.21638281 0.19617034 0.18322221],[2.66895503 2.70739484 2.67918713 2.59383363 2.54469741]
81,"[1.11998025e-10 1.64059516e-10 1.77945752e-10 1.86934578e-10
 2.08800458e-10]",[0.08483593 0.085123   0.08456585 0.07934745 0.0720243 ],[1.71343664 1.87691705 1.91717988 1.96559006 2.07594261],[0.55351632 0.55376474 0.55182648 0.55026796 0.54908768],[0.36415004 0.36540117 0.36257622 0.32514694 0.29040034],[0.3093788  0.31144642 0.30928802 0.27948573 0.25113013],[3.0185153  3.00802682 3.00635468 2.94874095 2.81971954]
82,"[2.02254675e-10 2.90725889e-10 3.22058695e-10 3.23257484e-10
 3.22887303e-10]",[0.07411387 0.07560512 0.07441917 0.0697923  0.06467768],[2.15056366 2.28823814 2.35042795 2.37138377 2.47674729],[0.55301295 0.5541929  0.5536685  0.54930435 0.54764095],[0.30883878 0.31580616 0.30985461 0.28624318 0.25961105],[0.2564493  0.26213867 0.25707983 0.23731851 0.22140816],[3.00650577 3.02319427 3.00877912 2.94209232 2.88387325]
83,"[1.96110956e-10 2.74879472e-10 3.06933568e-10 3.37317110e-10
 4.50151109e-10]",[0.06152457 0.06336603 0.06230745 0.05733098 0.04887331],[2.21722099 2.37334629 2.46269127 2.61254744 2.9648681 ],[0.5529334  0.55338682 0.55292645 0.54882264 0.54729396],[0.24420942 0.25372784 0.24787413 0.2218324  0.17973896],[0.21040245 0.21757591 0.21285071 0.1900823  0.15967127],[2.66965267 2.68018798 2.68085826 2.65820588 2.49439962]
84,"[4.75212638e-10 6.33330792e-10 7.38110231e-10 9.13313084e-10
 1.13637116e-09]",[0.04488227 0.04686951 0.04536505 0.04079967 0.03838317],[3.13419302 3.28623851 3.44071639 3.73857622 3.9448306 ],[0.53385696 0.53738246 0.5345328  0.53666283 0.53740715],[0.15492321 0.16464753 0.15719375 0.13876123 0.12978935],[0.12639015 0.13394624 0.12824814 0.11917426 0.11394281],[2.2226536  2.2694945  2.23371828 2.11685339 2.08976308]
85,"[5.45301424e-10 7.34342797e-10 8.46360471e-10 9.79861674e-10
 1.21676851e-09]",[0.03934107 0.04070849 0.03974685 0.0369811  0.03478612],[3.25959284 3.47530795 3.60294959 3.7296919  3.9668033 ],[0.53018392 0.53613561 0.53120182 0.53344553 0.5327356 ],[0.13036512 0.13707414 0.13234497 0.12139751 0.11362109],[0.11056691 0.11620353 0.11215514 0.10347805 0.09792426],[2.11322048 2.15335197 2.12443041 2.0228988  1.95494124]
86,"[3.52113922e-10 4.85015483e-10 5.49487143e-10 5.83763444e-10
 6.66902860e-10]",[0.04895589 0.05047098 0.04932523 0.04480432 0.04178636],[2.90866089 3.10145649 3.21879341 3.33350037 3.45253048],[0.53763494 0.54183881 0.53786144 0.54033299 0.53600242],[0.17836276 0.18578666 0.18006247 0.15888044 0.14617163],[0.15211902 0.15720201 0.15300583 0.13834866 0.13143993],[2.25437558 2.30189756 2.2677539  2.13512413 2.05290373]
87,"[6.56709233e-10 8.87374048e-10 1.02600113e-09 1.20031875e-09
 1.43344641e-09]",[0.03833992 0.03966153 0.03860715 0.0356302  0.03383904],[3.36461025 3.56502456 3.70236298 3.87366212 4.01536534],[0.52335804 0.52412879 0.52183608 0.52519758 0.52905553],[0.12694335 0.13312456 0.12815029 0.11646507 0.10999187],[0.10727514 0.11196761 0.10824913 0.10018603 0.09376237],[1.99708092 2.03843301 2.00566001 1.91410765 1.87140013]
88,"[5.24449307e-10 7.01164116e-10 8.08521692e-10 9.54714646e-10
 1.22746529e-09]",[0.03572284 0.03716485 0.03611064 0.03288743 0.03200411],[3.48040563 3.73290587 3.89166198 4.02603002 4.0982672 ],[0.53371639 0.53736741 0.53551386 0.53586656 0.53120531],[0.1170558  0.12343353 0.11862943 0.10622876 0.10379053],[0.10077901 0.10575228 0.10163928 0.09395664 0.094505  ],[2.06391548 2.10718622 2.08365013 2.03436245 2.01151549]
89,"[3.87678330e-10 5.27436029e-10 6.09481556e-10 8.38984064e-10
 9.97937607e-10]",[0.04557054 0.04698504 0.04571086 0.0387852  0.03728821],[3.31504413 3.5269494  3.69550491 4.19787384 4.25832486],[0.54730582 0.55020459 0.54851477 0.54580377 0.5450777 ],[0.16207007 0.168782   0.16251222 0.13177709 0.12647635],[0.14295498 0.14825569 0.14273336 0.11652126 0.11584271],[2.32019439 2.34721347 2.32290514 2.1533861  2.1782659 ]
90,"[4.03961028e-10 5.48933676e-10 6.32554620e-10 7.22121058e-10
 8.13968525e-10]",[0.05295769 0.05488473 0.05360068 0.04988553 0.04598555],[3.09062112 3.23587175 3.36646026 3.58074331 3.72808534],[0.55599538 0.55578903 0.55641763 0.55249798 0.55187157],[0.19890938 0.20860257 0.2020938  0.18449941 0.16553845],[0.16921762 0.17673535 0.17196342 0.16224846 0.1476698 ],[2.45653282 2.50712111 2.47314227 2.37514916 2.29789566]
91,"[4.18348162e-10 5.81838640e-10 6.58239905e-10 6.96443192e-10
 7.13843309e-10]",[0.06384804 0.06489963 0.06439189 0.06278539 0.05963224],[3.06636739 3.21239745 3.28046303 3.33331922 3.35535644],[0.56509631 0.56733874 0.56526285 0.55993322 0.55646553],[0.24238644 0.24838317 0.24518659 0.23435984 0.21552283],[0.18703661 0.19156237 0.18858684 0.17824025 0.16541158],[2.58647137 2.60873911 2.59162388 2.52222069 2.5209807 ]
92,"[4.84819889e-10 6.85093462e-10 7.69341239e-10 7.98844036e-10
 7.27899084e-10]",[0.08520064 0.08544677 0.08535534 0.08544464 0.08525853],[2.76950337 2.87263989 2.8980678  2.90763925 2.8017975 ],[0.57872388 0.57825561 0.57756816 0.57714766 0.57182513],[0.33797356 0.34151316 0.33955285 0.33874905 0.33153281],[0.24286104 0.24803241 0.24597097 0.24567039 0.23167218],[3.05102008 3.04150347 3.04330681 3.02278616 3.11485663]
93,"[1.26304258e-10 1.77416884e-10 1.99733100e-10 2.34074020e-10
 3.25691285e-10]",[0.09888108 0.09947246 0.09925904 0.0927633  0.07823929],[1.98730003 2.11505618 2.16754856 2.34685807 2.70772868],[0.56843901 0.56863566 0.56891536 0.56636943 0.56009215],[0.35961866 0.36654732 0.36239694 0.3263091  0.25788003],[0.28180322 0.28810489 0.28377634 0.25137349 0.19863902],[3.31666632 3.31888088 3.3215559  3.27609443 3.16060593]
94,"[4.20120092e-10 5.87337439e-10 6.59548123e-10 6.58134989e-10
 6.98240427e-10]",[0.07194558 0.07266514 0.07264658 0.07418118 0.06938412],[3.03039698 3.16444068 3.20443554 3.14596678 3.22758796],[0.56672559 0.56742413 0.56718592 0.56583908 0.5651294 ],[0.27318884 0.27803222 0.27668562 0.28088769 0.25187449],[0.20712759 0.21089395 0.20941302 0.210332   0.1879607 ],[2.82374306 2.8357874  2.83754097 2.87612907 2.83273414]
95,"[2.67995645e-10 3.83681237e-10 4.22822137e-10 3.87473498e-10
 3.67169151e-10]",[0.06790048 0.06824691 0.06851052 0.07209463 0.0712392 ],[2.72154281 2.90786984 2.95768861 2.84332466 2.79149638],[0.56253952 0.56241469 0.5631826  0.56566188 0.56395029],[0.2723226  0.27424639 0.27491128 0.28886875 0.28442982],[0.22160996 0.22398673 0.22318377 0.22821769 0.22349516],[2.75772205 2.77439325 2.770235   2.78255572 2.77365786]
96,"[2.01178483e-10 2.90624041e-10 3.22438442e-10 3.20177843e-10
 2.93016598e-10]",[0.07895812 0.07831494 0.07875894 0.08021435 0.08243904],[2.26245811 2.43538222 2.47765646 2.4623146  2.38122412],[0.56744    0.56676373 0.56814344 0.56783394 0.56404564],[0.32640842 0.32340141 0.32520642 0.33131234 0.33920831],[0.26202507 0.26129042 0.26167051 0.26219315 0.26190763],[3.0482283  3.04111442 3.04556674 3.05171524 3.08230614]
97,"[3.33173241e-10 4.75275837e-10 5.30283356e-10 5.42465430e-10
 4.63133843e-10]",[0.06089359 0.06129351 0.0611389  0.06061344 0.06196825],[3.05178189 3.27048814 3.33993886 3.39093522 3.1637585 ],[0.56985579 0.57020661 0.57021357 0.5683465  0.57074812],[0.23300187 0.23573735 0.23463868 0.23012043 0.2321622 ],[0.19284706 0.19586449 0.19422114 0.19055837 0.19002059],[2.54021628 2.55568245 2.55126957 2.5695763  2.58674203]
98,"[5.58000225e-10 7.68475425e-10 8.74558619e-10 9.16165489e-10
 9.72407092e-10]",[0.06579224 0.06611334 0.06606153 0.06638747 0.06502765],[3.39411962 3.52837982 3.58107925 3.58227301 3.59751618],[0.57014434 0.57107094 0.57176666 0.57292135 0.56824245],[0.25491854 0.25740683 0.25645574 0.25648092 0.24712189],[0.19175302 0.19486343 0.19308892 0.19259284 0.18306244],[2.70721775 2.71126228 2.71304045 2.73337203 2.73322513]
99,"[3.25360944e-10 4.54262201e-10 5.11884207e-10 5.18933911e-10
 5.35702490e-10]",[0.06107261 0.06146301 0.06132945 0.06192274 0.061844  ],[2.97095535 3.16434549 3.24074871 3.22138649 3.15075755],[0.56302737 0.56139943 0.56093533 0.56240827 0.55860815],[0.23524585 0.23782185 0.23632137 0.23696853 0.2360342 ],[0.19303506 0.19565131 0.19399128 0.19255732 0.19198549],[2.56761817 2.57733222 2.56916884 2.54796951 2.59312204]
100,"[4.41284331e-10 6.05441469e-10 6.89805469e-10 7.26380882e-10
 7.64945259e-10]",[0.05171336 0.05213266 0.05197302 0.05215466 0.05195924],[3.33242499 3.5293848  3.62706083 3.6406591  3.6737439 ],[0.54088725 0.54235792 0.5408131  0.54192876 0.54082163],[0.18525352 0.18790608 0.18639168 0.18722816 0.18660953],[0.14687102 0.14957544 0.14792855 0.1465289  0.14440792],[2.22633493 2.24676861 2.23609692 2.21821175 2.19848773]
101,"[2.59534811e-10 3.66055756e-10 4.11041352e-10 4.15942187e-10
 3.90992240e-10]",[0.05274923 0.05316145 0.0528961  0.05275124 0.05318158],[2.87951703 3.13264982 3.23267641 3.21193547 3.14030792],[0.55680942 0.55705802 0.55777727 0.55693751 0.55305524],[0.19766449 0.19990412 0.19840783 0.19704804 0.19939056],[0.16764449 0.17016887 0.16824965 0.16520111 0.16657896],[2.48683581 2.49934486 2.49585433 2.54481456 2.5701089 ]
102,"[3.35846373e-10 4.56357937e-10 5.19488403e-10 5.18099640e-10
 5.81059443e-10]",[0.04632109 0.04720971 0.046814   0.04773258 0.04570501],[3.13523445 3.37195105 3.4924401  3.39823141 3.51853757],[0.54502346 0.54702465 0.54528188 0.54260994 0.5405929 ],[0.16614515 0.17049786 0.16849565 0.17334817 0.16360996],[0.1417462  0.14561167 0.14357713 0.14813632 0.14171846],[2.11470875 2.14339257 2.12869543 2.15528653 2.10771545]
103,"[2.03178422e-10 2.77311383e-10 3.14093095e-10 3.40000256e-10
 5.24910041e-10]",[0.08565561 0.08665699 0.08661036 0.08501453 0.06980636],[2.42809123 2.53324126 2.59380148 2.67732156 3.26892731],[0.56275532 0.5662732  0.56462681 0.56107773 0.55981322],[0.30649843 0.31306156 0.31004512 0.29997548 0.24531389],[0.20969133 0.21776443 0.21429886 0.20843333 0.16704959],[3.18979109 3.21565321 3.21302948 3.2024168  2.79980566]
104,"[1.63709028e-10 2.26176736e-10 2.56987307e-10 2.72743616e-10
 2.96934166e-10]",[0.06215492 0.0633465  0.06255836 0.06014246 0.05721262],[2.27171754 2.46474901 2.5611243  2.63775977 2.73641596],[0.55327101 0.5551883  0.55353918 0.55462632 0.55052514],[0.24299783 0.24887329 0.24442105 0.23054831 0.21726271],[0.19448584 0.19968809 0.19553337 0.18238975 0.17271124],[2.5326012  2.56484426 2.54172397 2.46642839 2.40683685]
105,"[2.63202031e-10 3.63713670e-10 4.13038017e-10 4.24792982e-10
 4.46974535e-10]",[0.04997642 0.05105785 0.05036573 0.04918332 0.04870855],[2.87075342 3.08471303 3.22109153 3.31412806 3.34828145],[0.55528051 0.55456712 0.55531231 0.55288085 0.54850685],[0.17983218 0.18521131 0.18155579 0.17645361 0.17436276],[0.13863623 0.14264295 0.13973713 0.13568771 0.13500173],[2.60657946 2.64329111 2.61816877 2.55318336 2.54330555]
106,"[1.87186291e-10 2.59871971e-10 2.96052089e-10 3.22958443e-10
 3.37077995e-10]",[0.0587811  0.05952525 0.05889381 0.05715253 0.0576798 ],[2.43480211 2.64712284 2.75191163 2.83474895 2.8076584 ],[0.54893414 0.54994849 0.55001282 0.5463573  0.54383403],[0.22340128 0.22762192 0.22357662 0.21486469 0.21928216],[0.17936755 0.18331778 0.17962827 0.17137238 0.1742401 ],[2.5934213  2.60746919 2.59331856 2.55965514 2.61682058]
107,"[2.57544045e-10 3.59971586e-10 4.08268065e-10 4.38507899e-10
 4.34146143e-10]",[0.05134065 0.05167352 0.05130698 0.04962781 0.04992544],[2.87259147 3.13712498 3.24732749 3.33497112 3.27470026],[0.5441816  0.54540274 0.54466016 0.54427602 0.545076  ],[0.19168445 0.19362245 0.19144267 0.18270955 0.18410702],[0.1646869  0.16673618 0.16463824 0.15805991 0.15982422],[2.29581984 2.31109126 2.29853799 2.25308971 2.24896829]
108,"[3.51916558e-10 4.78607088e-10 5.51106542e-10 6.09885314e-10
 6.68135802e-10]",[0.04967916 0.05046824 0.04988064 0.04849213 0.0480555 ],[3.45975679 3.68556215 3.83475369 3.97746775 4.02593457],[0.55364651 0.55619601 0.5533245  0.55244287 0.54943263],[0.17203244 0.17646297 0.17323787 0.16796988 0.16681911],[0.13173762 0.13563331 0.13272195 0.13065427 0.13176496],[2.42478627 2.44960643 2.42973199 2.3770299  2.38945212]
109,"[2.75666163e-10 3.83349117e-10 4.36935789e-10 4.83261273e-10
 5.20779435e-10]",[0.04619848 0.04703249 0.04631796 0.04556731 0.05364196],[2.63922974 2.88674366 3.00226454 3.00019627 2.53791124],[0.53312403 0.53384947 0.53287209 0.52967291 0.52563996],[0.16523613 0.16888195 0.16561316 0.16263929 0.20314295],[0.14039297 0.14287285 0.14050548 0.13985868 0.17253043],[2.27132981 2.2965291  2.27588084 2.26878511 2.49283697]
110,"[2.93524214e-10 4.01898295e-10 4.62722277e-10 5.28503385e-10
 5.70767386e-10]",[0.04816548 0.04992591 0.04874457 0.04561696 0.04418967],[2.90355822 3.13566101 3.27477637 3.4746779  3.26193381],[0.54662561 0.5473226  0.54684711 0.5473989  0.53654583],[0.17379799 0.18259181 0.17672547 0.1616147  0.15471177],[0.14942868 0.15679501 0.15178881 0.1389731  0.1320914 ],[2.28791288 2.32932423 2.30076543 2.22815453 2.25360961]
111,"[2.05627379e-10 2.85568433e-10 3.24903201e-10 3.51407629e-10
 3.65523994e-10]",[0.05264222 0.05362407 0.05288334 0.05155675 0.05269571],[2.43558753 2.66302318 2.76784067 2.77468483 2.68332348],[0.54727562 0.54825593 0.54798942 0.5447383  0.54041219],[0.19781998 0.20254106 0.19871062 0.19217857 0.19835904],[0.1701968  0.17442289 0.1709254  0.16632014 0.16889243],[2.39758676 2.42423643 2.40056513 2.34941949 2.41856627]
112,"[2.83033995e-10 3.88067127e-10 4.45616895e-10 4.93758971e-10
 5.22361865e-10]",[0.04944872 0.05043106 0.0497258  0.04834621 0.04818426],[2.90018255 3.12060366 3.25487388 3.34328302 3.34570901],[0.54628818 0.5467529  0.54601941 0.54569411 0.54655139],[0.18041351 0.18532063 0.18154601 0.17434786 0.17311227],[0.15278501 0.15741844 0.15404227 0.14907953 0.14697076],[2.38539727 2.41681187 2.39568564 2.36956885 2.37363872]
113,"[2.90102286e-10 3.99298030e-10 4.52201866e-10 4.44256048e-10
 4.70068482e-10]",[0.06103769 0.06157956 0.06145304 0.06326047 0.06242355],[3.11932064 3.31694554 3.40970469 3.33217739 3.35667778],[0.56762022 0.56874999 0.56900886 0.56851842 0.56522869],[0.23868016 0.24169728 0.24088579 0.24979193 0.2458205 ],[0.19230695 0.19541315 0.19420557 0.19801157 0.1956285 ],[2.70264814 2.72025086 2.71362739 2.77566066 2.7744295 ]
114,"[2.62371174e-10 3.62585856e-10 4.11844035e-10 4.21789621e-10
 4.32084601e-10]",[0.05258598 0.05353489 0.05297123 0.0520071  0.05042382],[2.82405968 3.03333666 3.15513531 3.23753318 3.32784417],[0.5569918  0.5575352  0.55679065 0.55771932 0.55865229],[0.19826936 0.20305031 0.20014833 0.19489895 0.1864406 ],[0.17892637 0.18278232 0.18039088 0.17547824 0.16899061],[2.49156306 2.52411875 2.50468228 2.4625762  2.3924434 ]
115,"[1.89615785e-10 2.62377484e-10 2.97098961e-10 3.00317631e-10
 3.13814744e-10]",[0.06849656 0.06944233 0.06906288 0.06972573 0.06698725],[2.36343678 2.52796704 2.60990605 2.60531937 2.68386678],[0.55732975 0.55712503 0.55689247 0.55744254 0.55270143],[0.27952528 0.28476832 0.28227413 0.28515053 0.27080752],[0.23543142 0.24087719 0.23816099 0.23845998 0.22678519],[2.69695122 2.7203108  2.70970144 2.72858139 2.67543803]
116,"[2.87912660e-10 3.96375667e-10 4.52444392e-10 4.78113668e-10
 4.89994144e-10]",[0.05636697 0.05698029 0.05662683 0.05627313 0.05527516],[3.07643191 3.28833432 3.40179625 3.46026134 3.51001597],[0.55449141 0.55302314 0.55400199 0.55539414 0.55737529],[0.2124819  0.21585852 0.21382908 0.21098932 0.20633006],[0.17097355 0.17407763 0.17204991 0.16943373 0.16509474],[2.46708081 2.48531313 2.47423265 2.47220243 2.46351255]
117,"[3.38989965e-10 4.64860486e-10 5.26250299e-10 5.24566401e-10
 5.99645065e-10]",[0.04909259 0.04951778 0.04951807 0.05112014 0.04898604],[3.33025463 3.57702377 3.69020844 3.648811   3.83683036],[0.54991992 0.55062879 0.55085258 0.55350453 0.55666263],[0.17834934 0.18080424 0.18055092 0.18842767 0.17716351],[0.1512164  0.15393546 0.15331197 0.15671151 0.14761571],[2.30248468 2.30597795 2.3091566  2.36125304 2.37232036]
118,"[4.20140178e-10 5.79152373e-10 6.61978058e-10 7.30416765e-10
 7.42362237e-10]",[0.04962521 0.05079454 0.05017589 0.04884551 0.04643469],[3.3600821  3.59664663 3.70642136 3.82707355 3.64724784],[0.54814967 0.54842092 0.54767017 0.54908551 0.54341054],[0.18237323 0.18804815 0.18504969 0.17859417 0.16716928],[0.16027    0.16443373 0.16197148 0.15670091 0.1493782 ],[2.06084615 2.0861067  2.07062979 2.03763833 2.03300008]
119,"[3.59993889e-10 4.99685210e-10 5.65711760e-10 5.79865600e-10
 5.98897464e-10]",[0.06805225 0.0688678  0.0682028  0.06560754 0.06395368],[3.07582072 3.21489513 3.29799773 3.3935429  3.44639663],[0.56355984 0.56594436 0.5633294  0.56368645 0.56040847],[0.26710585 0.27080068 0.26791163 0.25844849 0.25242881],[0.20652779 0.20990399 0.20732463 0.20205947 0.20483481],[2.66605095 2.68203867 2.66807474 2.61041196 2.60724587]
120,"[4.46784481e-10 6.18537848e-10 7.01123137e-10 7.11703161e-10
 7.22195585e-10]",[0.07416309 0.07532344 0.07443298 0.07069417 0.06791242],[2.91743369 3.00297528 3.07088192 3.1769458  3.25565234],[0.5624792  0.56205484 0.56276947 0.56348531 0.56161684],[0.27021617 0.27181859 0.27040855 0.26686738 0.26598049],[0.20772706 0.2091813  0.20798185 0.20510654 0.20858638],[2.9112889  2.93376343 2.91650628 2.84247439 2.8081651 ]
121,"[3.79203055e-10 5.22136152e-10 5.91380056e-10 5.89457345e-10
 6.08580786e-10]",[0.08571048 0.08701997 0.08650889 0.08646656 0.08201431],[2.71760664 2.79744968 2.84043896 2.82945762 2.8756554 ],[0.57627942 0.57600539 0.57719098 0.57869404 0.57304053],[0.33250452 0.33745326 0.33590975 0.3416665  0.32592593],[0.24407175 0.24812574 0.24700458 0.25457646 0.24547796],[3.13842124 3.14517509 3.14457784 3.16969193 3.17876086]
122,"[3.75944269e-10 5.30330019e-10 5.71569939e-10 4.93791135e-10
 4.72021741e-10]",[0.06662912 0.0665961  0.06813032 0.07512586 0.075273  ],[3.21390217 3.41039358 3.39468102 3.11211098 3.02790664],[0.5820584  0.58384219 0.58274091 0.58400163 0.57876188],[0.2567743  0.25662817 0.26336195 0.2949454  0.2976237 ],[0.1946791  0.19464602 0.19877054 0.2186662  0.22563191],[2.87869837 2.86637847 2.90289931 3.01195213 3.07293539]
123,"[4.53963654e-10 6.32855934e-10 7.19868688e-10 7.88022360e-10
 7.47695388e-10]",[0.076445   0.07703242 0.0765687  0.0744508  0.07474501],[3.00404465 3.12698098 3.17350224 3.24283372 3.09225452],[0.58459139 0.58417923 0.58551627 0.58319667 0.57292145],[0.2892575  0.2945132  0.29131029 0.28358862 0.27671266],[0.21323465 0.21720869 0.21514153 0.21352556 0.20715786],[2.87241319 2.88271212 2.87430909 2.83621177 2.88020779]
124,"[5.56677459e-10 7.58736178e-10 8.68082339e-10 9.53308825e-10
 9.83622675e-10]",[0.07619702 0.07711737 0.07616202 0.07241134 0.07108624],[3.0915222  3.17493569 3.24959159 3.44431358 3.41963557],[0.57970514 0.58169058 0.58046748 0.58114364 0.5725158 ],[0.30324372 0.30865455 0.30603296 0.29472282 0.28643774],[0.24059877 0.24499063 0.24282765 0.23845046 0.23075606],[3.10982098 3.11321089 3.0912599  2.97806927 3.04082008]
125,"[4.40155440e-10 6.11986215e-10 7.04304549e-10 8.87177116e-10
 7.97094156e-10]",[0.06750494 0.06810067 0.0674261  0.06207024 0.06351519],[3.18459184 3.32936872 3.41046451 3.70022964 3.52801461],[0.57729724 0.57912179 0.57825237 0.57618654 0.57509252],[0.26695907 0.27026518 0.26670558 0.24028048 0.24744334],[0.21991099 0.22239503 0.21966104 0.20134671 0.20978882],[2.82039472 2.81775781 2.80044422 2.56455098 2.75004723]
126,"[4.59940350e-10 6.48831078e-10 7.44764396e-10 9.24430367e-10
 7.85322314e-10]",[0.0549349  0.05474897 0.05431454 0.05032227 0.0554422 ],[3.63179101 3.87247095 3.98473994 4.29423376 3.9119399 ],[0.57142671 0.57212142 0.57117408 0.56699811 0.56829908],[0.20550513 0.20496656 0.20243658 0.18331319 0.20816542],[0.17609795 0.17655342 0.1742015  0.16033978 0.17767959],[2.39315371 2.37507582 2.36283689 2.20323592 2.45158004]
127,"[4.78449007e-10 6.60312990e-10 7.58744069e-10 8.81641632e-10
 8.43547326e-10]",[0.06041024 0.06091811 0.06045974 0.05806819 0.05876589],[3.53649878 3.70661482 3.80168279 3.99128989 3.86869007],[0.57505713 0.57710824 0.57578192 0.57207471 0.56759076],[0.23006082 0.23327614 0.2307651  0.21994326 0.22309084],[0.17269979 0.17547096 0.17331654 0.16589343 0.17059327],[2.60980927 2.62306767 2.60852764 2.52238544 2.5897296 ]
128,"[2.45195662e-10 3.36868041e-10 3.85559935e-10 4.22056646e-10
 4.39463866e-10]",[0.06251094 0.06335875 0.06268639 0.0606682  0.06030528],[2.89746609 3.08816863 3.20278188 3.32223774 3.30252318],[0.57267544 0.57330463 0.57243544 0.57011525 0.56738773],[0.242936   0.2474903  0.24353644 0.23310217 0.23114389],[0.18529728 0.1905481  0.18613331 0.17752619 0.17798713],[2.81035034 2.81728184 2.8049883  2.76521625 2.85877392]
129,"[2.92271370e-10 4.05648993e-10 4.60195017e-10 4.86722861e-10
 4.95087566e-10]",[0.08910788 0.0890888  0.08927032 0.08961505 0.08934056],[2.56480324 2.68276134 2.71622877 2.72069215 2.68932799],[0.58524579 0.58546323 0.58459034 0.58546394 0.58342535],[0.37277629 0.37237294 0.37312716 0.37420144 0.37123148],[0.29802168 0.2983596  0.29837899 0.29692051 0.29473509],[3.30320098 3.29506165 3.30412378 3.33002979 3.34485771]
130,"[1.66824863e-10 2.30165380e-10 2.62775975e-10 2.85120298e-10
 3.00082335e-10]",[0.09805682 0.09848626 0.09819056 0.09655998 0.09540747],[2.18329889 2.29752882 2.35078341 2.40866378 2.41590783],[0.58389157 0.58473688 0.58385404 0.58292388 0.57893093],[0.41928255 0.42118683 0.41972702 0.41228388 0.4083042 ],[0.35830296 0.36135005 0.35890367 0.35050855 0.34490799],[3.39535511 3.38561441 3.38914747 3.39300544 3.4453518 ]
131,"[1.71364221e-10 2.38596737e-10 2.70475304e-10 2.83557308e-10
 2.88770633e-10]",[0.10625859 0.10592343 0.10620922 0.10682662 0.10728574],[1.98669642 2.09177565 2.12380424 2.13628474 2.11936792],[0.57968859 0.57794406 0.579063   0.57863708 0.57647263],[0.43425754 0.43444138 0.43421202 0.43563634 0.43287057],[0.34800091 0.35020821 0.3486585  0.34557735 0.34002021],[3.50472912 3.49245668 3.50078612 3.5183177  3.52729037]
132,"[2.26140810e-10 3.09998229e-10 3.55418760e-10 3.90474815e-10
 4.13560867e-10]",[0.06936433 0.07042138 0.06970731 0.06750682 0.06573617],[2.68838277 2.84827958 2.94425274 3.04338916 3.08604341],[0.57144626 0.57074357 0.57121692 0.57004496 0.5689253 ],[0.27837689 0.28306882 0.27931684 0.26782565 0.26154584],[0.22936552 0.23371339 0.2305744  0.2215207  0.21575722],[2.78466505 2.79724931 2.78633579 2.75907909 2.79484751]
133,"[2.57446383e-10 3.52935329e-10 4.01657137e-10 4.20461042e-10
 4.44469530e-10]",[0.07740279 0.07809459 0.07789926 0.07794861 0.07669192],[2.5691023  2.70434973 2.76132498 2.76884694 2.76892656],[0.57038717 0.56925883 0.57086854 0.57066387 0.56789047],[0.30724854 0.3107256  0.30940676 0.31065949 0.30326942],[0.2365419  0.24038293 0.23879049 0.23966359 0.23331622],[2.94312298 2.94276242 2.94732723 2.98671722 3.02674235]
134,"[1.24798891e-10 1.72932229e-10 1.96984984e-10 2.14365499e-10
 2.20354549e-10]",[0.06319166 0.0641778  0.06350851 0.06231433 0.06189722],[2.20334256 2.42006402 2.52460422 2.59232608 2.57375303],[0.56258826 0.56279865 0.56211576 0.55948457 0.55912671],[0.25176089 0.25632449 0.25282759 0.24680071 0.24517608],[0.21515188 0.21880708 0.21576648 0.21161621 0.21215582],[2.89450945 2.90389241 2.89559875 2.88878622 2.90717922]
135,"[2.46557741e-10 3.39747629e-10 3.88475997e-10 4.18920763e-10
 4.28485602e-10]",[0.06952212 0.06965084 0.06945892 0.06871783 0.07017095],[2.67806483 2.85130575 2.93063993 2.99389317 2.9513465 ],[0.56907038 0.56917095 0.5693869  0.56915924 0.56675074],[0.27885777 0.27985842 0.27837973 0.27472928 0.28184771],[0.22128995 0.22338583 0.22147637 0.21715484 0.22007544],[2.96141113 2.95879525 2.95876029 2.9645155  3.01733425]
136,"[2.91989648e-10 4.00499631e-10 4.58965427e-10 5.01475608e-10
 5.20370734e-10]",[0.06054297 0.06135131 0.0607996  0.05954112 0.05906522],[3.07650725 3.2713387  3.37942376 3.47121752 3.44297696],[0.57220939 0.57221044 0.57177462 0.56983222 0.56708119],[0.23646216 0.2407227  0.23775792 0.23142618 0.22916584],[0.19216533 0.19678273 0.19365603 0.18910088 0.18647545],[2.64050621 2.6546363  2.64145059 2.61277498 2.66510547]
137,"[2.56066466e-10 3.51187481e-10 4.02175834e-10 4.32201238e-10
 4.50112144e-10]",[0.07228225 0.07274892 0.07250211 0.07239331 0.07251816],[2.67333499 2.82838588 2.90189997 2.94447875 2.93443512],[0.57088506 0.57009546 0.57064962 0.57309582 0.57187879],[0.28697927 0.29016488 0.28830626 0.28605164 0.28477701],[0.22442927 0.22800657 0.22586024 0.22460046 0.22267077],[2.95658289 2.95967603 2.95949377 2.98478564 3.01992034]
138,"[1.23701080e-10 1.73068297e-10 1.94774378e-10 1.99410172e-10
 2.02855146e-10]",[0.10486543 0.10444008 0.10494868 0.10670841 0.10879188],[1.86904153 1.99602743 2.03065452 2.01998344 1.96602502],[0.57704269 0.57773012 0.57747578 0.57618306 0.5764196 ],[0.39793854 0.39987262 0.39933649 0.40187202 0.40321039],[0.30589549 0.30811894 0.30713536 0.30907928 0.3126501 ],[3.31945994 3.29635346 3.31335653 3.39149951 3.47356716]
139,"[2.38274078e-10 3.30987251e-10 3.75707652e-10 3.91138350e-10
 3.86555501e-10]",[0.06197182 0.06231295 0.06213175 0.06262192 0.06396127],[2.90358829 3.13326573 3.22238673 3.20460499 3.0697657 ],[0.57103403 0.57197669 0.57153706 0.57314436 0.56650685],[0.24364691 0.24512976 0.2443193  0.24665567 0.25435444],[0.20246256 0.20445183 0.20323319 0.20595081 0.21192309],[2.7962394  2.79543121 2.79675948 2.8446171  2.93011255]
140,"[3.00389388e-10 4.09685619e-10 4.70746470e-10 5.11078362e-10
 5.45114733e-10]",[0.06515077 0.06591436 0.06543302 0.06437327 0.06346229],[2.95685669 3.1246435  3.21760671 3.30933625 3.31868298],[0.57389141 0.57476426 0.57414725 0.57458837 0.57161003],[0.25575565 0.25969284 0.25694082 0.25191814 0.24634757],[0.1975193  0.20179848 0.19915181 0.19615783 0.19140895],[2.68971994 2.70476216 2.69309606 2.66369437 2.68561702]
141,"[2.95050883e-10 4.04851006e-10 4.64561835e-10 5.11745928e-10
 5.29421377e-10]",[0.06569573 0.06665441 0.06604854 0.06444316 0.06235515],[2.9420907  3.10286943 3.20094772 3.33494322 3.38399057],[0.57746655 0.57729266 0.57726433 0.57801945 0.57446573],[0.26530034 0.27014488 0.26692162 0.25807504 0.24709116],[0.22113494 0.22570423 0.22268694 0.21586517 0.20655348],[2.63295579 2.64779504 2.63879486 2.63366459 2.6509508 ]
142,"[1.50350668e-10 2.08795345e-10 2.37195619e-10 2.55293322e-10
 2.64752782e-10]",[0.1010867  0.1019938  0.10159226 0.09984027 0.09601814],[2.03606459 2.15115229 2.19661107 2.24451091 2.25587931],[0.58437582 0.58567975 0.58441976 0.5830562  0.58149012],[0.41187755 0.41664856 0.41445138 0.40609182 0.38547902],[0.34604981 0.3515505  0.34858114 0.34028615 0.31700977],[3.3111693  3.30654301 3.31036745 3.32068951 3.33314943]
143,"[1.41649660e-10 1.97773016e-10 2.23741829e-10 2.34147471e-10
 2.34366343e-10]",[0.08327316 0.08410113 0.08370542 0.08344438 0.0820718 ],[2.14870642 2.30439843 2.37216816 2.41628709 2.40912922],[0.57102835 0.56951343 0.570377   0.57519267 0.57117954],[0.35054612 0.35457482 0.35207776 0.34902678 0.34294708],[0.28357974 0.28882706 0.28556407 0.2805677  0.27691686],[3.08944454 3.09816562 3.09440514 3.10814566 3.11081185]
144,"[1.69470295e-10 2.37022022e-10 2.69097111e-10 2.94868067e-10
 2.81502393e-10]",[0.0826609  0.08243987 0.08239218 0.08075531 0.08458052],[2.27941514 2.44186479 2.50509574 2.58702233 2.48135869],[0.57340755 0.5733369  0.573186   0.57480282 0.57293195],[0.34285921 0.34268189 0.34200397 0.33334874 0.35014615],[0.27102349 0.27267064 0.27092618 0.26323623 0.2737688 ],[3.05665216 3.04175676 3.04600889 3.03258234 3.1589112 ]
145,"[2.80718334e-10 3.86352613e-10 4.40610587e-10 4.61625435e-10
 4.74033036e-10]",[0.05513207 0.055739   0.0553834  0.05567281 0.05612117],[3.03815929 3.277466   3.38323588 3.40091446 3.30981229],[0.5725244  0.57557165 0.57373189 0.57279399 0.56605368],[0.20911153 0.21251672 0.210222   0.2111844  0.21375795],[0.17733018 0.18056192 0.17836142 0.17804158 0.18056516],[2.57186923 2.58244555 2.57450813 2.58578322 2.64121053]
146,"[6.55309699e-11 9.30536704e-11 1.04010740e-10 1.09991237e-10
 1.18258973e-10]",[0.09931223 0.09972378 0.09952484 0.09871206 0.0977622 ],[1.57951525 1.7353628  1.78722217 1.78752433 1.76371217],[0.57296418 0.57393854 0.57249303 0.57146825 0.56564722],[0.42761305 0.42916426 0.42805851 0.42324193 0.42182679],[0.36282319 0.36375705 0.36314673 0.36175791 0.35852931],[3.25244162 3.254348   3.25429254 3.28367093 3.23273106]
147,"[1.16074223e-10 1.62946203e-10 1.83911960e-10 1.97065273e-10
 2.04810954e-10]",[0.07982338 0.08038758 0.08001681 0.08005371 0.08105832],[2.03974892 2.21458063 2.28704429 2.27200788 2.22437867],[0.56972837 0.57065248 0.56905979 0.56807208 0.56582547],[0.3376327  0.34030131 0.3379924  0.33916885 0.3447601 ],[0.28712539 0.29008133 0.28822376 0.29351607 0.29497521],[2.91269732 2.9219141  2.9165399  2.96942406 3.01972014]
148,"[1.48620101e-10 2.07010429e-10 2.35533131e-10 2.58418214e-10
 2.62735888e-10]",[0.08893958 0.08944117 0.08913602 0.08770684 0.08697006],[2.23679766 2.38690017 2.45242757 2.53928714 2.50617422],[0.57786566 0.57677913 0.57793898 0.57703187 0.57157404],[0.37177793 0.37358501 0.37211103 0.36320149 0.36126462],[0.29856968 0.30107613 0.29909886 0.29104009 0.29061555],[3.21328782 3.20917244 3.21194647 3.21724949 3.23872802]
149,"[1.26249043e-10 1.78365195e-10 2.00486402e-10 2.07985030e-10
 1.97902420e-10]",[0.10664896 0.1059928  0.10646649 0.1070184  0.11055243],[1.81465831 1.93957101 1.97190266 1.98360552 1.90852191],[0.57526556 0.57591362 0.57481204 0.5764108  0.57191873],[0.41827474 0.41818913 0.41780919 0.41639379 0.423235  ],[0.33813266 0.3387038  0.33823457 0.33714024 0.33807634],[3.38028247 3.36977947 3.37614108 3.38219226 3.4198884 ]
150,"[1.83957733e-10 2.58158723e-10 2.93290725e-10 3.24699370e-10
 3.11221552e-10]",[0.10234669 0.10227079 0.10214995 0.09984368 0.10089409],[2.08669789 2.20422608 2.24062842 2.30571911 2.22080724],[0.57995319 0.58081002 0.58018588 0.57827709 0.57431504],[0.38929061 0.39136614 0.3903697  0.38083922 0.37947994],[0.30332216 0.30565565 0.30365393 0.29388183 0.29450242],[3.34937965 3.33575208 3.3404857  3.32887553 3.38706569]
151,"[2.19988581e-10 3.07712843e-10 3.46865794e-10 3.50718456e-10
 3.43768676e-10]",[0.0914354  0.09230733 0.0922137  0.09418284 0.09117793],[2.35453084 2.47710117 2.51518476 2.48607759 2.45031226],[0.58398815 0.58458958 0.58434225 0.58459894 0.58094331],[0.38311982 0.38763751 0.38691972 0.39487745 0.37718888],[0.3125335  0.31663347 0.31554267 0.32127645 0.30572004],[3.29863761 3.29822274 3.30462677 3.35640476 3.34793387]
152,"[2.12169077e-10 2.92172057e-10 3.31645896e-10 3.37578859e-10
 3.58129655e-10]",[0.07406194 0.07492729 0.0746084  0.07530516 0.07370454],[2.6631492  2.82491031 2.89923261 2.86143097 2.8750363 ],[0.57737261 0.57711061 0.57621528 0.57760216 0.57326965],[0.29745239 0.30243361 0.30034135 0.30249728 0.29645455],[0.23584031 0.23999744 0.23784707 0.2377743  0.23698351],[3.15717213 3.16021045 3.16069973 3.19277636 3.21314247]
153,"[6.90403770e-11 9.80322222e-11 1.09661933e-10 1.15052562e-10
 1.24542463e-10]",[0.10595873 0.10613571 0.10625631 0.10683068 0.10449115],[1.56517059 1.70269189 1.74875378 1.7384658  1.76525822],[0.57203559 0.57199139 0.5720212  0.57071761 0.56837267],[0.45062886 0.45114236 0.45093156 0.4526679  0.44733095],[0.37659886 0.37817902 0.37710563 0.37873284 0.37707924],[3.37645705 3.36946753 3.37612815 3.40454274 3.35796163]
154,"[8.76632915e-11 1.22999682e-10 1.38634820e-10 1.45326537e-10
 1.57508407e-10]",[0.10859966 0.10897209 0.10882793 0.10739415 0.10309949],[1.67802655 1.7967738  1.8453881  1.88481674 1.95408023],[0.57437007 0.57416337 0.5742477  0.5722187  0.57197316],[0.4457239  0.44746901 0.44535844 0.43959794 0.4188754 ],[0.36772575 0.37046467 0.36868149 0.36496137 0.34427368],[3.46305902 3.4539218  3.45910085 3.46095956 3.41912429]
155,"[1.57304991e-10 2.21169700e-10 2.49649838e-10 2.60371730e-10
 2.55597919e-10]",[0.08415589 0.08442552 0.08430832 0.08452402 0.08511026],[2.23533095 2.39930039 2.45803602 2.47681691 2.39485664],[0.57764269 0.57733613 0.57714699 0.57662602 0.57018605],[0.34770549 0.34940872 0.34854978 0.34856988 0.35072412],[0.28084656 0.28256188 0.28123565 0.2809959  0.2862581 ],[3.29103473 3.28292528 3.28770426 3.3044305  3.31011977]
156,"[9.05955864e-11 1.27688608e-10 1.42760950e-10 1.42273013e-10
 1.51837516e-10]",[0.11228509 0.11243915 0.11280951 0.11485065 0.11079276],[1.73861334 1.86303517 1.90042472 1.87558384 1.90911829],[0.57749179 0.57612914 0.57702751 0.57495423 0.57326975],[0.45693286 0.45880648 0.45888343 0.46266574 0.44827827],[0.37174572 0.37487405 0.37367081 0.37820527 0.36823973],[3.43561946 3.41827068 3.4333537  3.50549215 3.48746408]
157,"[1.56286292e-10 2.14931971e-10 2.42877680e-10 2.41712764e-10
 2.72578488e-10]",[0.09498895 0.09579251 0.09583777 0.09812284 0.09356233],[2.13038549 2.24557085 2.29223361 2.25292907 2.33321702],[0.58386891 0.58230256 0.58352135 0.58081342 0.57484914],[0.36339448 0.36896546 0.36725007 0.37450221 0.35430844],[0.26852684 0.2750727  0.27239081 0.27863752 0.26610735],[3.48033314 3.47439012 3.48155838 3.510024   3.48480802]
158,"[2.46117411e-10 3.40220986e-10 3.85371018e-10 3.87278564e-10
 4.04191147e-10]",[0.09658833 0.09670393 0.09697124 0.09937207 0.09834735],[2.38242626 2.48296423 2.51657754 2.48416408 2.49538479],[0.58282922 0.58194957 0.58303905 0.58352496 0.58483246],[0.40947299 0.4096982  0.41054551 0.42045427 0.41691953],[0.33620581 0.33639558 0.33710051 0.3438001  0.34326953],[3.32542398 3.32166911 3.32816846 3.37181677 3.38532352]
159,"[3.32650538e-10 4.58884514e-10 5.22445832e-10 5.40538133e-10
 5.48280776e-10]",[0.07290482 0.07292731 0.07297261 0.07395788 0.07549788],[2.8944468  3.04619006 3.10201076 3.08436765 3.01042032],[0.57294257 0.57416005 0.57273268 0.57540534 0.57062127],[0.30027143 0.30058028 0.30060018 0.30504899 0.31271697],[0.2526285  0.25328396 0.25291332 0.25637076 0.26317303],[2.99508268 2.99531716 2.99575953 3.01472758 3.05311881]
160,"[1.44172519e-10 2.00195252e-10 2.26246568e-10 2.29191978e-10
 2.48841692e-10]",[0.09276882 0.0931183  0.09314487 0.0946019  0.09335412],[2.09263631 2.22659194 2.27675061 2.2567584  2.26531164],[0.57690304 0.57527738 0.57644577 0.57577058 0.57243121],[0.38735403 0.38974419 0.38897501 0.39419664 0.38892808],[0.31545129 0.31831156 0.31689614 0.31975609 0.31624131],[3.2658009  3.25817736 3.26443175 3.30339033 3.32240672]
161,"[8.41848585e-11 1.19069419e-10 1.33581985e-10 1.38134795e-10
 1.47717857e-10]",[0.11660855 0.11609317 0.11647231 0.11608498 0.11454318],[1.65192678 1.77572185 1.81339848 1.83472224 1.84254097],[0.57972585 0.58015995 0.57992448 0.57899825 0.57764657],[0.48367713 0.48206456 0.48288034 0.48074106 0.47628363],[0.40077789 0.39955932 0.40008468 0.40050465 0.39522185],[3.53346496 3.51501501 3.52542138 3.54001489 3.52985922]
162,"[2.26477487e-10 3.11662804e-10 3.54792053e-10 3.68740583e-10
 3.96947604e-10]",[0.09469844 0.09502298 0.09509455 0.0967085  0.09483651],[2.4084323  2.51287848 2.55641817 2.54190683 2.57596169],[0.58436991 0.58372631 0.58461916 0.58507696 0.58272125],[0.37240425 0.37453846 0.37416415 0.3805902  0.37285149],[0.31127999 0.3138273  0.31304009 0.31736838 0.30887868],[3.07752505 3.08543511 3.08605794 3.12908754 3.11516208]
163,"[1.43368319e-10 1.98605639e-10 2.25695889e-10 2.40028617e-10
 2.56388628e-10]",[0.10424568 0.1045366  0.10449361 0.10407413 0.10169502],[1.95648255 2.06623562 2.10845389 2.1343871  2.15677777],[0.57996441 0.58088067 0.58100205 0.57955868 0.5769549 ],[0.44223572 0.44381632 0.44307708 0.44006098 0.43078839],[0.38175704 0.38369714 0.38265308 0.38026361 0.37089082],[3.42031092 3.41223215 3.41635987 3.41453635 3.4149305 ]
164,"[1.16197423e-10 1.64583049e-10 1.85910536e-10 2.04691407e-10
 2.02830956e-10]",[0.11549438 0.11479294 0.11499629 0.11227888 0.11314984],[1.81745154 1.9358124  1.97201804 2.04079999 2.00051394],[0.58422762 0.5840167  0.58466588 0.58387577 0.58142444],[0.47609264 0.4743782  0.47408596 0.46376724 0.46686307],[0.39598101 0.3954282  0.39447759 0.38225602 0.38534439],[3.48780823 3.47072823 3.47913696 3.47266453 3.49205046]
165,"[1.09471826e-10 1.54160163e-10 1.73030610e-10 1.74984576e-10
 1.77840498e-10]",[0.12039555 0.12001217 0.12062717 0.12320208 0.12271369],[1.75256325 1.86053056 1.88842262 1.87451032 1.86189673],[0.58326558 0.58307454 0.58442208 0.58526889 0.58270564],[0.5035494  0.50237257 0.50422386 0.50927944 0.50785662],[0.43671815 0.43554918 0.4369098  0.44159403 0.43772031],[3.5408512  3.52462166 3.5369664  3.57577076 3.5927642 ]
166,"[1.76388874e-10 2.44561558e-10 2.77251557e-10 2.85694320e-10
 2.92657493e-10]",[0.097161   0.09784999 0.09772328 0.09880796 0.09667984],[2.22476154 2.33948195 2.38510454 2.37995165 2.38161446],[0.58289177 0.58335604 0.58334707 0.5851067  0.58280384],[0.4174684  0.42012968 0.41959789 0.42355108 0.41326296],[0.35667076 0.3596395  0.358756   0.36194879 0.35208646],[3.33896243 3.34087028 3.34113141 3.34775195 3.35291552]
167,"[1.83928703e-10 2.62224383e-10 2.91980370e-10 3.29170051e-10
 2.96889886e-10]",[0.1061611  0.10594718 0.10561876 0.10281755 0.10221855],[2.10380326 2.21434443 2.24819541 2.33130351 2.27435451],[0.58616835 0.58683966 0.58669346 0.58629566 0.58319382],[0.45097861 0.44974143 0.44954945 0.42935906 0.43714331],[0.37880001 0.37755395 0.37895266 0.36021981 0.3681106 ],[3.40749069 3.40056853 3.40772249 3.41612424 3.4070232 ]
168,"[9.91596504e-11 1.41152484e-10 1.56885595e-10 1.52686995e-10
 1.60839577e-10]",[0.09616185 0.09646025 0.09654032 0.09800577 0.09613196],[1.83924487 1.99023775 2.03748185 2.00835576 1.99257063],[0.57668506 0.57689344 0.57667267 0.57707061 0.56750837],[0.40722458 0.40899074 0.4084404  0.41227555 0.40635176],[0.33785366 0.33999146 0.33911067 0.34342452 0.33968148],[3.27327559 3.26168716 3.27151078 3.3290741  3.3318495 ]
169,"[1.09155371e-10 1.54786612e-10 1.72636914e-10 1.70295806e-10
 1.70763062e-10]",[0.12482279 0.12432993 0.12508671 0.1282383  0.12757322],[1.6870748  1.79019847 1.81210126 1.78314934 1.76314096],[0.57979936 0.57981121 0.58006233 0.58004761 0.57687233],[0.48918278 0.48889942 0.48971731 0.49801352 0.49183923],[0.40260335 0.40275587 0.40393606 0.41428027 0.41305818],[3.57017845 3.55653734 3.5675675  3.61278254 3.63926382]
170,"[7.86993488e-11 1.11085165e-10 1.24495638e-10 1.28655390e-10
 1.41033521e-10]",[0.10144402 0.10252519 0.10232917 0.10284991 0.09622959],[1.68473692 1.83060126 1.8797163  1.89351323 1.91073895],[0.57507985 0.5743924  0.57489029 0.5764043  0.56961035],[0.43066931 0.43441149 0.43312759 0.43566647 0.40841668],[0.36143975 0.36572291 0.36380331 0.36707361 0.3422858 ],[3.27462743 3.27062832 3.27676643 3.30967665 3.2496923 ]
171,"[1.48166979e-10 2.06800086e-10 2.33650028e-10 2.41137551e-10
 2.49224405e-10]",[0.09694746 0.09723218 0.09719754 0.09772837 0.09710976],[2.10829951 2.23431563 2.28292138 2.28162717 2.27221171],[0.58007744 0.5798317  0.57913884 0.57803314 0.57466157],[0.40186277 0.40309181 0.40246396 0.4041877  0.40126497],[0.32539475 0.32767219 0.32627688 0.3276289  0.32485689],[3.24917449 3.24033528 3.24593562 3.28013622 3.33014904]
172,"[1.25923384e-10 1.76562065e-10 1.98713045e-10 2.02381440e-10
 2.07834615e-10]",[0.11021046 0.10982543 0.11031717 0.11234062 0.11252197],[1.87026736 1.98869813 2.0207135  2.00909904 1.98063695],[0.5792138  0.5785845  0.57882304 0.57962308 0.57777212],[0.45790481 0.4577489  0.45871185 0.46319221 0.46161408],[0.37452066 0.37523227 0.37534641 0.37989317 0.37898077],[3.50895216 3.49176221 3.50500605 3.55787751 3.58341845]
173,"[2.06352064e-10 2.84968751e-10 3.25277492e-10 3.51861531e-10
 3.59588299e-10]",[0.11032007 0.11085066 0.11068485 0.11026412 0.10826297],[2.11791436 2.19942352 2.23362447 2.26462906 2.26914932],[0.585067   0.58503246 0.58526648 0.58628456 0.58118644],[0.43067529 0.43301471 0.43163205 0.43043284 0.42349546],[0.33052034 0.33314607 0.33144965 0.32852882 0.32538013],[3.53136227 3.53475702 3.53385446 3.53207215 3.50949035]
174,"[2.10431141e-10 2.95732479e-10 3.34753218e-10 3.58500614e-10
 3.36012972e-10]",[0.10894184 0.10998823 0.10964529 0.10915992 0.10578592],[2.18749626 2.27720529 2.30905283 2.33480566 2.29534484],[0.58617715 0.58683234 0.58660916 0.58661074 0.58116411],[0.44637321 0.44889739 0.44783049 0.44464853 0.43483928],[0.35824124 0.36070949 0.35953671 0.35684506 0.35072615],[3.43326395 3.43365456 3.437082   3.46127803 3.47027468]
175,"[1.93610929e-10 2.68841624e-10 3.04011500e-10 3.07305803e-10
 3.14241427e-10]",[0.07739283 0.07914195 0.07846737 0.0793879  0.0738001 ],[2.44838927 2.60277007 2.67024014 2.64958275 2.63717238],[0.57559889 0.57566503 0.57630344 0.57883681 0.56983857],[0.31493989 0.32497658 0.32010423 0.32103683 0.28749374],[0.26288366 0.27191457 0.26773627 0.26849519 0.2395177 ],[2.99152977 3.01452515 3.00607351 3.03567734 2.98314415]
176,"[9.96755831e-11 1.41248756e-10 1.57955635e-10 1.62204529e-10
 1.63248782e-10]",[0.07458835 0.07656392 0.07559261 0.07557837 0.07136814],[1.98138145 2.17772351 2.25679001 2.24505301 2.1788726 ],[0.5722994  0.57316717 0.57196658 0.56715631 0.5626651 ],[0.31382794 0.32336963 0.31812678 0.31840952 0.29677476],[0.26785864 0.27639229 0.27149434 0.27201035 0.25553273],[2.90599105 2.92464116 2.91700507 2.99195328 3.00713609]
177,"[9.99729109e-11 1.43688228e-10 1.59923073e-10 1.62294451e-10
 1.48476876e-10]",[0.08537339 0.08672833 0.08596236 0.08435418 0.08012566],[1.90575241 2.0877425  2.14899696 2.18263976 2.06969708],[0.57143938 0.57163691 0.57235209 0.57122827 0.56627098],[0.36598812 0.37175914 0.36768025 0.35820998 0.33947874],[0.30617003 0.31175296 0.30771524 0.30094066 0.28497352],[3.08565663 3.09618001 3.08924118 3.08769568 3.06197984]
178,"[1.38872894e-10 1.93708367e-10 2.20508090e-10 2.43926492e-10
 2.46815882e-10]",[0.06574545 0.06742875 0.06637707 0.06430073 0.0620326 ],[2.37221512 2.59794889 2.70156828 2.79132185 2.65156472],[0.57430495 0.57431787 0.57453824 0.57521455 0.56418998],[0.26264188 0.2710749  0.26557476 0.25496483 0.24596881],[0.22559391 0.23287777 0.22793377 0.21981694 0.21349017],[2.83632873 2.85607621 2.84017068 2.81679191 2.85113066]
179,"[1.11281535e-10 1.57257776e-10 1.77264927e-10 1.90242963e-10
 1.86851086e-10]",[0.08285756 0.0840443  0.08328512 0.08152423 0.08000686],[2.07886106 2.25945603 2.33451165 2.37803635 2.27845146],[0.57751499 0.57797223 0.57728703 0.57459258 0.57086628],[0.3513999  0.35726269 0.35295671 0.34276104 0.33607249],[0.29613815 0.30253021 0.29801192 0.28835816 0.28089141],[2.96522495 2.97998624 2.9695571  2.98479945 3.00462935]
180,"[2.06277440e-10 2.84611810e-10 3.23248059e-10 3.37308260e-10
 3.57704737e-10]",[0.0745277  0.07560061 0.07512714 0.0748479  0.07324033],[2.65843612 2.81025342 2.89615856 2.93375657 2.9757497 ],[0.5832528  0.58280674 0.58307436 0.58196711 0.57509675],[0.27112062 0.27828286 0.27463242 0.27020962 0.25682901],[0.22983512 0.23729166 0.23345701 0.22992121 0.21609767],[2.61651418 2.65216586 2.6303445  2.60035116 2.5873484 ]
181,"[1.09894492e-10 1.55560150e-10 1.74650902e-10 1.81992115e-10
 1.80795207e-10]",[0.09909177 0.10038283 0.09993394 0.09944444 0.09382649],[1.95317917 2.09517475 2.14682881 2.17308666 2.15666152],[0.58303542 0.58361516 0.58367561 0.58038649 0.57410225],[0.41473202 0.42034795 0.41827681 0.41317522 0.38555027],[0.34805565 0.35251163 0.35018165 0.34588847 0.32412658],[3.36484903 3.36803268 3.3697469  3.39093969 3.34035622]
182,"[1.36143124e-10 1.90374954e-10 2.14761701e-10 2.19410085e-10
 2.23435484e-10]",[0.07594228 0.07729627 0.07671756 0.07681258 0.07346262],[2.29182698 2.47396452 2.55632879 2.57673467 2.56389394],[0.58205007 0.58141595 0.58177168 0.58093393 0.57663661],[0.32044136 0.32737866 0.32377812 0.32415229 0.3075911 ],[0.27995367 0.28631064 0.28284898 0.28147017 0.26689641],[3.09717453 3.10799509 3.10522044 3.13649479 3.12385758]
183,"[1.66872959e-10 2.32568381e-10 2.61860636e-10 2.58946466e-10
 2.71290626e-10]",[0.07187483 0.07257429 0.07237525 0.07360279 0.07205233],[2.42046531 2.61168504 2.68522722 2.64202355 2.62556679],[0.57454125 0.57450978 0.57475833 0.57746838 0.57175866],[0.29991628 0.30327487 0.30206637 0.30849123 0.30072204],[0.26006238 0.26358338 0.26228673 0.26828947 0.2623977 ],[3.14950082 3.14396898 3.15132758 3.20522108 3.20089869]
184,"[7.90139584e-11 1.13858340e-10 1.25767650e-10 1.22998971e-10
 1.22982674e-10]",[0.10725403 0.10703814 0.10759962 0.11097733 0.10997277],[1.67733291 1.82549947 1.86177425 1.81273458 1.77859371],[0.57925155 0.57884014 0.57972123 0.57431443 0.57199243],[0.45909255 0.45800774 0.45940823 0.46973426 0.46772458],[0.40067306 0.39912131 0.40092062 0.41212348 0.4103776 ],[3.34463888 3.33065739 3.34302966 3.41625975 3.42571358]
185,"[1.75551825e-10 2.43110005e-10 2.75561498e-10 2.84095220e-10
 3.00127150e-10]",[0.07187659 0.07366363 0.07286111 0.07230029 0.06693274],[2.47389937 2.64594094 2.73400756 2.78321585 2.82453456],[0.58062159 0.58097852 0.5815226  0.58240605 0.57227063],[0.29805005 0.30745871 0.30299472 0.30067043 0.27203017],[0.263277   0.27114965 0.26717391 0.26377051 0.24052339],[2.90728613 2.926645   2.92056707 2.95507446 2.93352546]
186,"[8.17719863e-11 1.16194539e-10 1.29653499e-10 1.29635158e-10
 1.30579399e-10]",[0.0890515  0.09045034 0.08992064 0.09040581 0.0855159 ],[1.82375887 1.99848643 2.05980167 2.05023907 2.01465453],[0.57798205 0.57877622 0.5786989  0.57926135 0.57346386],[0.38158138 0.38775349 0.38505893 0.38564883 0.36312439],[0.32626066 0.33266447 0.32949615 0.32731735 0.30588814],[3.18299457 3.18704052 3.18807839 3.23347522 3.20237347]
187,"[6.31646648e-11 9.10542081e-11 1.00628614e-10 9.95661847e-11
 9.92536037e-11]",[0.0925063  0.09304112 0.09288145 0.09261335 0.09099748],[1.55876993 1.73291691 1.78314093 1.77681766 1.73221382],[0.56774506 0.56818413 0.56752737 0.56801161 0.56341541],[0.39686419 0.39895896 0.39766593 0.39584942 0.39037106],[0.32854915 0.33173786 0.32949966 0.32772875 0.32758646],[3.09656958 3.08577998 3.09273282 3.13707908 3.16672731]
188,"[8.92749532e-11 1.27137590e-10 1.41856650e-10 1.43221080e-10
 1.42939283e-10]",[0.0786002  0.07959383 0.07916383 0.07894895 0.07686722],[1.86238122 2.06182038 2.12847925 2.13247885 2.05197236],[0.57027027 0.57028364 0.57031304 0.57163708 0.5642311 ],[0.33478542 0.33874508 0.33659249 0.33566039 0.32495899],[0.2886814  0.29362927 0.29079735 0.28958938 0.27795685],[2.962534   2.95626686 2.96501924 3.05268153 3.09604298]
189,"[1.08665046e-10 1.53936169e-10 1.70824183e-10 1.57123393e-10
 1.55006850e-10]",[0.06558128 0.06684591 0.06630723 0.06772246 0.06528871],[2.11592903 2.35415193 2.43017776 2.33709603 2.21243611],[0.57120149 0.57391878 0.57235168 0.57189812 0.56071025],[0.26721569 0.27406028 0.27081519 0.27836917 0.26602705],[0.23599317 0.24220847 0.23908626 0.24295912 0.23462174],[2.96592799 2.97281968 2.97297786 3.026604   3.00137796]
190,"[1.04823998e-10 1.47228071e-10 1.65180167e-10 1.66534139e-10
 1.71516230e-10]",[0.08280272 0.085302   0.084327   0.08414763 0.07355482],[2.00324328 2.17398458 2.24397344 2.26003729 2.25929737],[0.57655074 0.57702719 0.57835413 0.58017481 0.56878149],[0.34757965 0.35963407 0.35414639 0.34924682 0.2955667 ],[0.29259886 0.30478297 0.29891252 0.29405602 0.24631959],[3.04410814 3.0601559  3.05399653 3.06294681 2.9959595 ]
191,"[7.84681435e-11 1.13608079e-10 1.25056571e-10 1.17154490e-10
 1.05771936e-10]",[0.08538525 0.08655914 0.08639182 0.08904021 0.08411784],[1.76569876 1.9607672  2.01221875 1.9554571  1.8333395 ],[0.57473232 0.57497225 0.57566212 0.57533388 0.56637957],[0.36689374 0.37255027 0.37097479 0.38192836 0.35857656],[0.31364576 0.31913917 0.31676588 0.3210762  0.30359329],[3.04034415 3.04512928 3.05033164 3.13262984 3.11231118]
192,"[1.05063122e-10 1.48706353e-10 1.66349444e-10 1.67382711e-10
 1.68664986e-10]",[0.08450509 0.08569813 0.0854403  0.08682398 0.08174436],[2.06365728 2.25211157 2.31462999 2.30945019 2.26889714],[0.57611395 0.57670721 0.57627889 0.57658793 0.56739672],[0.33608161 0.34484416 0.34076786 0.33799952 0.2992618 ],[0.27629606 0.28420859 0.28025592 0.27407281 0.24073779],[3.08431664 3.08868214 3.09155516 3.13895734 3.11654185]
193,"[1.22844284e-10 1.73044257e-10 1.94450820e-10 1.98962786e-10
 2.00669782e-10]",[0.08424542 0.08637726 0.08552006 0.08546885 0.07783818],[2.11707676 2.28690151 2.35168437 2.35635737 2.3015969 ],[0.5803867  0.58263043 0.58150581 0.57878955 0.56926134],[0.35809998 0.36866441 0.36371948 0.36202565 0.32304989],[0.29715846 0.30666204 0.30198966 0.29881669 0.2633421 ],[3.08478147 3.10174536 3.09551157 3.11850029 3.07217162]
194,"[9.02259951e-11 1.27776154e-10 1.43052855e-10 1.46554934e-10
 1.48982230e-10]",[0.08661985 0.08827131 0.08766252 0.08815914 0.08331334],[1.9349735  2.11785435 2.18344881 2.19492344 2.1182064 ],[0.58118448 0.58007005 0.58113053 0.58164879 0.56910742],[0.37168857 0.37896786 0.37558302 0.37656482 0.35409648],[0.31683299 0.32405713 0.32046642 0.32218738 0.30674143],[3.17258353 3.17823661 3.17874085 3.22004357 3.20467497]
195,"[8.48548422e-11 1.20036426e-10 1.33987389e-10 1.33668425e-10
 1.41475356e-10]",[0.09899568 0.09996614 0.09975099 0.1001664  0.09491484],[1.7594313  1.90926769 1.95848068 1.95410644 1.9711946 ],[0.57587757 0.57473903 0.57516631 0.57912637 0.57099008],[0.41580946 0.42052878 0.4181827  0.41668387 0.39116911],[0.34592372 0.35221853 0.34874166 0.34440621 0.32201883],[3.22024222 3.22847804 3.22738593 3.24353048 3.1926982 ]
196,"[7.16129615e-11 1.03092944e-10 1.14301703e-10 1.17740765e-10
 1.17209118e-10]",[0.09295923 0.09377425 0.09325727 0.0920698  0.0906691 ],[1.64181781 1.80891735 1.86324068 1.86034276 1.81992267],[0.56910566 0.56834744 0.56914704 0.56962553 0.56430676],[0.39467629 0.39747486 0.39474587 0.39124027 0.38765682],[0.33931869 0.34203439 0.33963147 0.34092254 0.34084569],[3.15410474 3.15574528 3.15381763 3.17844686 3.17643623]
197,"[1.09392572e-10 1.53575945e-10 1.72443874e-10 1.73614982e-10
 1.77508790e-10]",[0.08150347 0.08246147 0.08210431 0.08238223 0.08033274],[2.02058968 2.2049165  2.27083045 2.28112876 2.22841735],[0.57543205 0.57475534 0.57657706 0.5770653  0.56801685],[0.34221121 0.3465527  0.34428169 0.34299198 0.33309644],[0.28947874 0.29462962 0.29176355 0.28748334 0.27694686],[2.89986059 2.91200152 2.9040865  2.8908263  2.90376618]
198,"[1.26053229e-10 1.74700868e-10 1.99046861e-10 2.18595295e-10
 2.37972812e-10]",[0.08041082 0.08195097 0.0810693  0.07873082 0.0736894 ],[2.14919827 2.31836604 2.39915311 2.4884834  2.50933256],[0.58033675 0.5805879  0.58078968 0.58014553 0.56597087],[0.33177634 0.34052564 0.33508712 0.32151662 0.29202616],[0.26270819 0.27196362 0.26615826 0.25356656 0.23129066],[3.04894982 3.05959131 3.05375882 3.04715878 3.01027259]
199,"[5.46591651e-11 7.92855923e-11 8.74893416e-11 8.74707027e-11
 8.38721347e-11]",[0.09510852 0.09612303 0.09593581 0.09718545 0.09357699],[1.49218379 1.67268776 1.71777746 1.69232296 1.59844145],[0.5689595  0.56755989 0.56868801 0.56759815 0.55962731],[0.4121788  0.4155211  0.41466303 0.42017664 0.40543018],[0.35763471 0.36080064 0.35960033 0.36498621 0.35553775],[3.10508965 3.10846936 3.10878279 3.15497481 3.15224561]
200,"[8.04502206e-11 1.13416608e-10 1.27101512e-10 1.29881252e-10
 1.40463562e-10]",[0.08587878 0.08724809 0.08666407 0.08589102 0.08096713],[1.80090057 1.98052975 2.04498649 2.05721524 2.04866418],[0.57530254 0.57614143 0.57550432 0.57129551 0.56251566],[0.36701708 0.37292583 0.36983492 0.36655688 0.3447707 ],[0.31567427 0.32168729 0.31874382 0.31623707 0.29520112],[3.09960782 3.10096403 3.10394774 3.14099936 3.10265547]
201,"[5.22789120e-11 7.62657688e-11 8.35785868e-11 8.36741892e-11
 8.64326231e-11]",[0.09396872 0.09509819 0.09453118 0.09370377 0.09179533],[1.45297938 1.62176648 1.67439983 1.65243173 1.59717584],[0.57093933 0.56944994 0.56985245 0.56355658 0.55694912],[0.40085574 0.40632877 0.40244803 0.40102277 0.39303738],[0.33829807 0.34375443 0.3396387  0.3412289  0.33479997],[3.19109357 3.18997006 3.19014928 3.2433243  3.22958904]
202,"[8.22806854e-11 1.16834188e-10 1.30084128e-10 1.29803785e-10
 1.33889162e-10]",[0.0803415  0.08083189 0.08074163 0.08231493 0.08285591],[1.75868538 1.95297081 2.01095269 1.95943169 1.88622506],[0.56608768 0.56609375 0.5663521  0.56543462 0.55521061],[0.33496402 0.33802082 0.33660127 0.34167849 0.34309806],[0.27605278 0.28008446 0.27747325 0.27949653 0.28082663],[2.99399264 2.98740385 2.99412041 3.06656231 3.09483852]
203,"[9.14241711e-11 1.28780062e-10 1.44950394e-10 1.52470828e-10
 1.59289246e-10]",[0.08628989 0.08722242 0.08666228 0.0845382  0.08200837],[1.82836783 1.99833292 2.06473536 2.12595263 2.11569257],[0.57479356 0.57501511 0.57472758 0.57565356 0.56924329],[0.35087045 0.35631568 0.35241546 0.34120654 0.32753904],[0.30396126 0.3082553  0.30503698 0.29525499 0.28618626],[2.97124367 2.97096407 2.97118177 2.99220392 3.03898119]
204,"[4.10868642e-10 5.60988677e-10 6.41395560e-10 6.66141895e-10
 7.09097820e-10]",[0.11107093 0.11159856 0.1116531  0.11375152 0.11124324],[2.30815839 2.35533788 2.37177296 2.33863329 2.36336834],[0.58484432 0.58542146 0.58547868 0.58551457 0.57970185],[0.35357656 0.35861593 0.35664554 0.35655917 0.34462989],[0.20167266 0.20734169 0.20414281 0.20238527 0.19158252],[3.48031442 3.48476623 3.48502192 3.50102379 3.47749672]
205,"[3.79897245e-10 5.23018363e-10 6.00032767e-10 6.66824222e-10
 6.74985330e-10]",[0.08849456 0.08868537 0.08845341 0.08700744 0.08785216],[2.76264337 2.856487   2.90044076 2.96225405 2.91371337],[0.58632788 0.58662398 0.5861292  0.58506079 0.57853908],[0.30131141 0.30759232 0.30422184 0.29805459 0.28861018],[0.20921567 0.21566065 0.21168472 0.20363121 0.19279794],[3.02954518 3.03918672 3.03101547 3.00486697 3.02386227]
206,"[1.55666752e-10 2.15172540e-10 2.44181879e-10 2.58748698e-10
 2.90004492e-10]",[0.11491514 0.11894954 0.1173979  0.11587019 0.09699501],[2.03022051 2.08381708 2.1340378  2.16639083 2.38108296],[0.59447511 0.59464126 0.59575152 0.59363014 0.58697389],[0.46004852 0.47398033 0.46803211 0.4631752  0.39270597],[0.37847276 0.39205597 0.38659734 0.38347786 0.31687779],[3.46394209 3.49327695 3.48436086 3.5048948  3.34088722]
207,"[6.71845890e-11 9.59258860e-11 1.06830592e-10 1.08694980e-10
 1.13817469e-10]",[0.12300548 0.12484118 0.12444092 0.12384719 0.1098002 ],[1.55049974 1.66480664 1.70554551 1.734357   1.80981041],[0.58072021 0.58151794 0.58161831 0.58706977 0.57893363],[0.50097713 0.506407   0.50388713 0.49936527 0.44807922],[0.42702679 0.43377325 0.43079981 0.42383593 0.37441725],[3.51413529 3.52278339 3.52342439 3.54198714 3.39803425]
208,"[8.32885641e-11 1.17189640e-10 1.30920239e-10 1.29730002e-10
 1.41696798e-10]",[0.09099863 0.09360961 0.09280845 0.09401922 0.08068424],[1.81204892 1.96570494 2.0277404  2.00973917 2.08657316],[0.57892327 0.57900944 0.58023903 0.58052653 0.56745355],[0.39448627 0.40589594 0.40183173 0.40695958 0.3452918 ],[0.34098442 0.35162648 0.34797211 0.35709611 0.30118722],[3.189866   3.21030647 3.20525171 3.2455161  3.12040258]
209,"[1.18918043e-10 1.66404344e-10 1.87438441e-10 1.93515523e-10
 2.04641278e-10]",[0.10125997 0.10265705 0.10228458 0.10269366 0.09587357],[1.99225265 2.11777028 2.16761166 2.17006235 2.2036967 ],[0.58143715 0.5818785  0.58208189 0.58353227 0.56924076],[0.35997634 0.37046266 0.36598733 0.36770374 0.32944854],[0.30171401 0.31105477 0.30680912 0.30734085 0.27671363],[3.32647257 3.33472596 3.33465718 3.36513585 3.32131346]
210,"[6.77077369e-11 9.72616192e-11 1.07489627e-10 1.04165047e-10
 1.01990083e-10]",[0.11041063 0.11102386 0.11127609 0.11385778 0.1098485 ],[1.59098054 1.73548256 1.7730376  1.74137687 1.72011042],[0.57416293 0.57549324 0.575522   0.57585233 0.57349429],[0.47213994 0.47351177 0.47379662 0.48325682 0.47020778],[0.41010587 0.41156938 0.4121446  0.41888082 0.4043865 ],[3.32434326 3.32448435 3.3315788  3.40461353 3.37397864]
211,"[1.38054009e-10 1.94392734e-10 2.19119441e-10 2.29150902e-10
 2.23384446e-10]",[0.08208169 0.08387353 0.08309887 0.08248858 0.07676383],[2.28511222 2.45533866 2.52919458 2.57310267 2.53838963],[0.58392775 0.58532611 0.58426562 0.58489701 0.57883551],[0.35350923 0.36155129 0.35784189 0.354332   0.32585387],[0.31569853 0.32150188 0.31861149 0.3136211  0.29008053],[3.09303439 3.1105109  3.1049598  3.12914485 3.0966706 ]
212,"[2.40441718e-10 3.28692572e-10 3.76265258e-10 4.06794847e-10
 4.41791736e-10]",[0.08470164 0.08680367 0.0856249  0.08222028 0.07517273],[2.49382446 2.58710007 2.66044103 2.77003637 2.9035052 ],[0.57857975 0.57971723 0.5790382  0.581136   0.57519673],[0.28772039 0.29907411 0.29237135 0.28146317 0.25045674],[0.22629452 0.2371027  0.23102439 0.2177086  0.18592898],[3.30218999 3.32172168 3.31162753 3.27606449 3.20177135]
213,"[7.60326246e-11 1.07718944e-10 1.20419829e-10 1.22596298e-10
 1.26857514e-10]",[0.11047948 0.11074462 0.11090732 0.11181389 0.1095244 ],[1.64712791 1.78085792 1.82312143 1.81776939 1.82510247],[0.57827582 0.57695784 0.57922207 0.57892637 0.57475925],[0.44997998 0.45104864 0.45053776 0.45167623 0.44364082],[0.38117867 0.38336127 0.38223494 0.38348602 0.37273582],[3.35496296 3.34609825 3.35461968 3.40552256 3.39091336]
214,"[9.53092046e-11 1.31335313e-10 1.49721339e-10 1.66728040e-10
 1.92286014e-10]",[0.09488714 0.09625915 0.09547514 0.09343674 0.08876591],[1.87392698 2.00494825 2.07568908 2.11254971 2.20229029],[0.57535469 0.57548382 0.57496286 0.574861   0.56611751],[0.38040956 0.38821646 0.38359218 0.37475405 0.35044551],[0.3158689  0.32282247 0.31847529 0.31258204 0.28699306],[3.29971353 3.29758375 3.29822244 3.32194555 3.30601069]
215,"[1.59839580e-10 2.22634303e-10 2.51978336e-10 2.61746732e-10
 2.68824463e-10]",[0.09210502 0.09271918 0.09260357 0.09356738 0.0912941 ],[2.18855554 2.32144939 2.37262205 2.36752935 2.37097665],[0.58147018 0.58170779 0.58210275 0.57814426 0.57498736],[0.37553495 0.37923686 0.37774104 0.38125035 0.37070652],[0.30852446 0.31267692 0.3107008  0.31207097 0.304716  ],[3.28250602 3.27551097 3.28342517 3.33461026 3.34482002]
216,"[1.15506874e-10 1.63111168e-10 1.82973338e-10 1.85058795e-10
 1.83929320e-10]",[0.10693088 0.10783865 0.10738395 0.10543781 0.10116   ],[1.90653601 2.02696408 2.07117868 2.08992356 2.10157775],[0.58179289 0.58250276 0.58203877 0.58420299 0.5774219 ],[0.41200376 0.41549744 0.4136541  0.41494178 0.40417108],[0.33381339 0.33677684 0.33553956 0.33919873 0.33064428],[3.42400202 3.42588951 3.4240371  3.40904318 3.37663951]
217,"[1.06025929e-10 1.49474520e-10 1.68312748e-10 1.77798145e-10
 1.78250836e-10]",[0.08650849 0.08708586 0.08671685 0.085567   0.08596723],[1.98552345 2.15144853 2.22007383 2.2580125  2.20643337],[0.57338297 0.57132488 0.57223442 0.5744037  0.57180577],[0.36573846 0.3694898  0.36703861 0.35973869 0.35748411],[0.31453493 0.31832484 0.31572247 0.30889113 0.30673189],[3.12522906 3.12217545 3.12262518 3.13612999 3.2031499 ]
218,"[1.64807962e-10 2.28834279e-10 2.58547184e-10 2.61499878e-10
 2.74396790e-10]",[0.09463836 0.09522474 0.09524322 0.09728978 0.09466045],[2.14429399 2.26706032 2.3111678  2.28322198 2.30074028],[0.58120711 0.58108366 0.58197095 0.58050599 0.57767222],[0.40308371 0.40567878 0.40552332 0.41227561 0.40156819],[0.33401065 0.33616573 0.33547895 0.33916793 0.33132224],[3.36418861 3.36356029 3.37061112 3.42863124 3.39976811]
219,"[1.99068102e-10 2.82656268e-10 3.11657802e-10 3.07262738e-10
 3.96506910e-10]",[0.09345603 0.09384229 0.09467725 0.09828777 0.08338362],[2.32441814 2.45936387 2.47660119 2.40889318 2.71846031],[0.58793342 0.58803745 0.58772882 0.58664256 0.57699987],[0.36901985 0.37285838 0.37515573 0.38725765 0.32048357],[0.29826801 0.30380745 0.30376471 0.31105547 0.255635  ],[3.16264322 3.141345   3.16527306 3.24112505 3.15389232]
220,"[1.78821118e-10 2.50716920e-10 2.82226971e-10 2.90585166e-10
 2.99491133e-10]",[0.12098023 0.12104745 0.12125195 0.12228865 0.12057136],[1.94706936 2.0340418  2.05335233 2.03622695 2.0120061 ],[0.58156353 0.58230644 0.5811766  0.58335919 0.58052752],[0.45967274 0.46005214 0.46034532 0.46568526 0.45806947],[0.34831761 0.3492989  0.34926039 0.35421084 0.35157081],[3.62414068 3.61129547 3.61975009 3.64676885 3.65304044]
221,"[1.57981543e-10 2.19035482e-10 2.48978373e-10 2.66217170e-10
 2.78706766e-10]",[0.0983902  0.09872632 0.09863765 0.09811462 0.0970571 ],[2.03024572 2.14721697 2.19131551 2.22141518 2.21306579],[0.57704188 0.57702611 0.57635824 0.57563902 0.57352614],[0.41173396 0.41457869 0.41295367 0.40849983 0.39999933],[0.33159636 0.33465908 0.33298685 0.32940511 0.32146661],[3.25119469 3.24108447 3.24817405 3.27523188 3.32456355]
222,"[3.58721793e-10 4.86604303e-10 5.59801115e-10 6.03832861e-10
 6.59823818e-10]",[0.06839318 0.06962263 0.0689889  0.06813549 0.06479336],[3.02594297 3.15300215 3.23621538 3.29913779 3.3867911 ],[0.57689759 0.57824403 0.57825482 0.57883998 0.5720329 ],[0.27592568 0.28227921 0.27868957 0.27366543 0.25692695],[0.2209756  0.22715267 0.223712   0.21912293 0.20493872],[2.86225168 2.88183943 2.87169199 2.8665606  2.82834111]
223,"[1.08284597e-10 1.53018241e-10 1.71352364e-10 1.73131913e-10
 1.77312935e-10]",[0.10525893 0.10637195 0.10619227 0.1075508  0.100879  ],[1.91703968 2.05058836 2.09271343 2.08034182 2.08981   ],[0.58436768 0.58551423 0.58596158 0.5871487  0.57959178],[0.44314661 0.44718716 0.44597593 0.44913038 0.42185331],[0.36084018 0.36579246 0.36343253 0.3656951  0.34190193],[3.36186168 3.36359171 3.3670787  3.39956068 3.36092223]
224,"[1.02661101e-10 1.42934311e-10 1.61403249e-10 1.67536890e-10
 1.81575686e-10]",[0.11182095 0.1132568  0.1129334  0.11362534 0.10646609],[1.79520172 1.90892239 1.94925365 1.94961819 1.98226236],[0.58294303 0.58181051 0.58288915 0.58010578 0.57352858],[0.46249613 0.46823526 0.46614996 0.46783873 0.43675386],[0.3782935  0.38580094 0.3825761  0.38038801 0.34273714],[3.43998049 3.44745998 3.4461481  3.4503654  3.38798476]
225,"[8.70965820e-11 1.23465353e-10 1.38063820e-10 1.39474188e-10
 1.37807016e-10]",[0.10283041 0.10392633 0.10359732 0.10419182 0.09822615],[1.74545778 1.88864772 1.93453977 1.92876775 1.92370665],[0.57839261 0.57925055 0.57951817 0.581011   0.56693591],[0.39534228 0.40341939 0.39885892 0.39231683 0.35731372],[0.31770002 0.32522719 0.32088362 0.31760941 0.2848529 ],[3.3194712  3.32317924 3.32282901 3.33682931 3.2810584 ]
226,"[2.14907328e-10 2.99025364e-10 3.37751235e-10 3.38337793e-10
 3.42896840e-10]",[0.08940121 0.08989043 0.08986139 0.09142918 0.09046609],[2.41880121 2.54307036 2.59049232 2.57372272 2.55226722],[0.58235589 0.58170151 0.5828066  0.58464648 0.57716628],[0.37167588 0.3746697  0.37383922 0.38053471 0.37570437],[0.29986243 0.30305974 0.30165718 0.30523706 0.30153932],[3.12677635 3.13321598 3.1316631  3.15000926 3.15548161]
227,"[4.88773087e-11 7.05867699e-11 7.80802994e-11 8.01831837e-11
 8.25946008e-11]",[0.1073475  0.10939127 0.10853828 0.1069133  0.09482453],[1.38950415 1.53776841 1.58363929 1.60854418 1.61609104],[0.57256861 0.57350099 0.57260778 0.57247678 0.56513915],[0.45996303 0.46571025 0.46250099 0.45652821 0.41037803],[0.3935594  0.39832822 0.39584945 0.39058832 0.3501715 ],[3.27822086 3.29119643 3.28623294 3.30128065 3.18002018]
228,"[5.55225520e-11 7.86325210e-11 8.81596201e-11 9.32165330e-11
 9.61360287e-11]",[0.10276012 0.10407341 0.10355743 0.10162069 0.09519089],[1.4906973  1.64175899 1.69350564 1.72619845 1.73854159],[0.57008299 0.5693907  0.57078093 0.56981157 0.56344397],[0.40639837 0.41368095 0.40897787 0.39842015 0.36367292],[0.34331981 0.35017868 0.34613744 0.33552431 0.30236264],[3.22938993 3.23883752 3.23905018 3.27690112 3.18591569]
229,"[5.70786238e-11 8.23517355e-11 9.11332960e-11 9.21656568e-11
 9.49946034e-11]",[0.09423056 0.09546949 0.09478094 0.09224881 0.08514251],[1.54944207 1.72458951 1.77886342 1.80261995 1.78558988],[0.57531972 0.57615488 0.5755514  0.57668279 0.56814312],[0.4093611  0.41321842 0.41021504 0.39954233 0.36782288],[0.3511697  0.35510644 0.35252248 0.34506327 0.31823454],[3.19561964 3.2021184  3.19621884 3.16617236 3.07504132]
230,"[7.43148314e-11 1.04721606e-10 1.17391295e-10 1.19284444e-10
 1.22047155e-10]",[0.08201662 0.08317697 0.08257045 0.08079112 0.07732879],[1.73851446 1.91624769 1.9886754  2.02939869 2.06300289],[0.57084545 0.5712582  0.57104258 0.57215807 0.57097465],[0.3518698  0.35677659 0.35368884 0.34508844 0.32719393],[0.30172217 0.3063179  0.30336283 0.29772014 0.28277883],[3.22238145 3.22594046 3.22358713 3.20081672 3.14869315]
231,"[1.31186351e-10 1.81582453e-10 2.05942586e-10 2.12721954e-10
 2.22709767e-10]",[0.07919834 0.07999943 0.07966069 0.07986528 0.07872932],[2.12876255 2.29056767 2.36534238 2.38204298 2.40540136],[0.56877771 0.57016533 0.56777194 0.57131856 0.56948773],[0.29424108 0.29937009 0.29622954 0.29359226 0.28672653],[0.24491698 0.24950384 0.24681607 0.24464371 0.23818363],[3.17473683 3.18116179 3.17795388 3.18314448 3.18908825]
232,"[9.54352473e-11 1.34652674e-10 1.50357883e-10 1.45182931e-10
 1.46387754e-10]",[0.08591542 0.08681629 0.08677958 0.08979592 0.08693721],[1.92304506 2.10065724 2.15927621 2.11567103 2.0787421 ],[0.57452394 0.5743174  0.57450735 0.57574768 0.57141027],[0.35529225 0.35977658 0.35826295 0.37003793 0.35617932],[0.29269805 0.29613641 0.29515543 0.30438392 0.29577422],[3.07137915 3.07676507 3.08116994 3.1631177  3.16006739]
233,"[6.45922732e-11 9.15248511e-11 1.02263485e-10 1.04633041e-10
 1.09944734e-10]",[0.09673668 0.09824678 0.09759742 0.09592944 0.08878045],[1.59708537 1.75857395 1.8129362  1.83949998 1.83894185],[0.57404305 0.57429402 0.57397726 0.57193577 0.56811348],[0.41508413 0.4211092  0.41762748 0.41072783 0.38066012],[0.34973809 0.35570595 0.35240627 0.34670433 0.31869602],[3.16189998 3.18057039 3.16880184 3.12799775 3.02786234]
234,"[4.78026032e-11 6.94992505e-11 7.63424223e-11 7.45920253e-11
 7.59559095e-11]",[0.10950813 0.11026409 0.11021795 0.10984736 0.10246526],[1.39123777 1.54826715 1.58634477 1.58129972 1.56133972],[0.57644547 0.57687656 0.57707862 0.57470346 0.56752452],[0.46916546 0.47088461 0.4706817  0.46878776 0.44129421],[0.40456257 0.4066337  0.4062063  0.40504354 0.37861055],[3.25469833 3.25291947 3.25797773 3.30714993 3.24978744]
235,"[2.60889904e-10 3.60106911e-10 4.11660919e-10 4.46313189e-10
 4.49136289e-10]",[0.06495473 0.06556455 0.06507997 0.06368775 0.06402113],[2.85073587 3.04460487 3.13792017 3.24137692 3.14223025],[0.575563   0.57397774 0.57506884 0.57600854 0.57120223],[0.21946069 0.22362925 0.22057677 0.2146983  0.2131064 ],[0.16984178 0.17359198 0.17073292 0.16608583 0.16655558],[2.84784602 2.85108855 2.846372   2.83976194 2.90039414]
236,"[3.91740496e-10 5.38540358e-10 5.84434033e-10 7.10836756e-10
 5.54041894e-10]",[0.09086682 0.09147347 0.09311456 0.08795878 0.09623759],[2.59071066 2.66657421 2.65993115 2.85547305 2.5914535 ],[0.58205258 0.58276074 0.58231509 0.5845061  0.58230363],[0.36085328 0.3641783  0.37003585 0.34702726 0.37771225],[0.27957428 0.28117269 0.28662991 0.26957335 0.3007014 ],[3.16143827 3.16092663 3.20703441 3.17950103 3.31293063]
237,"[1.70899765e-10 2.34571303e-10 2.67590741e-10 2.80920645e-10
 2.99164900e-10]",[0.13611359 0.13728093 0.13703661 0.13755204 0.13077625],[1.80699047 1.85715281 1.88202796 1.89268181 1.96355971],[0.59101818 0.59131527 0.59152212 0.59257253 0.58980673],[0.52393968 0.52809605 0.5265492  0.52393752 0.50643178],[0.44115125 0.44470072 0.44335386 0.44198138 0.42205579],[3.76834815 3.77164347 3.7733688  3.79181923 3.75331841]
238,"[3.36391711e-10 4.58604554e-10 5.26693324e-10 5.69852773e-10
 6.12700811e-10]",[0.09530187 0.09613698 0.09575115 0.09490471 0.09178075],[2.51601885 2.58949619 2.62947923 2.66616507 2.70374181],[0.58525575 0.58630881 0.58613883 0.58546984 0.5768662 ],[0.37449615 0.38007793 0.3769208  0.37277352 0.3564824 ],[0.28908697 0.29457208 0.2917498  0.28918948 0.27442831],[3.3421192  3.34617206 3.34375039 3.33127841 3.31663167]
239,"[2.81387516e-10 3.95707612e-10 4.46233385e-10 4.58848157e-10
 4.37836582e-10]",[0.11654131 0.11822721 0.11778011 0.11886641 0.11149553],[2.14593996 2.20596676 2.22469907 2.20347123 2.19350998],[0.58977259 0.58934798 0.58980926 0.59037722 0.58321304],[0.46940878 0.47521364 0.47393484 0.47549489 0.4447926 ],[0.36968031 0.37547606 0.37312991 0.37366397 0.34569715],[3.53099074 3.53952674 3.539105   3.56309181 3.52236905]
240,"[3.00837333e-10 4.30923055e-10 4.79605642e-10 4.73856816e-10
 4.16848354e-10]",[0.10786424 0.10876727 0.10800713 0.10301866 0.09892509],[2.39669769 2.46887793 2.50184982 2.58649866 2.58412195],[0.58567166 0.58496627 0.58593429 0.58702963 0.58174978],[0.38406895 0.3855871  0.38557188 0.38941031 0.38653747],[0.27810366 0.27875326 0.27926599 0.28830783 0.28971738],[3.21920685 3.22479118 3.21643259 3.15339229 3.15135452]
241,"[2.77855745e-10 3.96110751e-10 4.39465224e-10 4.04809713e-10
 3.66864596e-10]",[0.1180064  0.11849764 0.11820363 0.11689984 0.11410407],[2.14199986 2.20564791 2.22479599 2.21778592 2.21679343],[0.58400739 0.5838361  0.58385382 0.58590741 0.58441494],[0.38769805 0.38507765 0.38730869 0.40342    0.41683694],[0.28202667 0.28043611 0.28226273 0.2980326  0.30920681],[3.29930545 3.29695842 3.29868292 3.3133032  3.33244137]
242,"[2.69237637e-10 3.88684912e-10 4.27395134e-10 3.76442443e-10
 3.14013588e-10]",[0.11077046 0.11260288 0.11133361 0.10559041 0.09691867],[2.24920445 2.30522385 2.34341257 2.40849995 2.46836849],[0.5854345  0.58547133 0.58588245 0.58515267 0.58038914],[0.33843937 0.33931992 0.340022   0.35336484 0.3585074 ],[0.24296119 0.24346066 0.24439526 0.26076383 0.26791367],[3.18624145 3.20076012 3.19068248 3.16163227 3.13615883]
243,"[3.89500334e-10 5.66343819e-10 6.18137633e-10 5.17772656e-10
 4.14729147e-10]",[0.10491174 0.10575245 0.10520273 0.10303567 0.09940916],[2.4158539  2.47484778 2.49910528 2.50271603 2.49569297],[0.58205159 0.58206604 0.58184133 0.58308758 0.57972892],[0.34394972 0.34279519 0.34455299 0.36081601 0.37748846],[0.23661763 0.23492529 0.23673446 0.25520283 0.27608139],[3.03585265 3.04499293 3.03750945 3.01718232 3.02510538]
244,"[2.93680369e-10 4.20437802e-10 4.64780080e-10 4.16334257e-10
 3.59600416e-10]",[0.09054546 0.09198124 0.09102991 0.08810608 0.0832924 ],[2.39954414 2.48963346 2.53145173 2.54751009 2.55217493],[0.57359881 0.57474748 0.57402954 0.5745186  0.56481129],[0.28309709 0.28450557 0.28507841 0.2947827  0.29264244],[0.19877447 0.20217608 0.20113164 0.21218019 0.21012182],[2.99517388 3.01059865 3.00034544 2.98279898 2.96503757]
245,"[4.97049784e-10 7.19782725e-10 7.87337468e-10 6.58164057e-10
 5.28352896e-10]",[0.10294139 0.10436107 0.10331514 0.09832772 0.09109874],[2.44507038 2.48248638 2.5127682  2.56806203 2.63966613],[0.5774434  0.57833195 0.57814823 0.57929044 0.57570668],[0.33470918 0.33646651 0.33625456 0.34563644 0.34280347],[0.2182434  0.21888706 0.21982445 0.23619642 0.24194904],[3.02690015 3.04883635 3.03156737 2.95076426 2.86482812]
246,"[2.76619255e-10 4.01260267e-10 4.38613279e-10 3.70253810e-10
 3.04114428e-10]",[0.10430702 0.10566568 0.10485407 0.10236669 0.09533548],[2.36318863 2.43773091 2.46876406 2.44172574 2.45377533],[0.57443663 0.57555093 0.57533878 0.57650729 0.5690027 ],[0.32390578 0.32960788 0.32684801 0.33700458 0.32783631],[0.22973193 0.23368463 0.23239296 0.24439712 0.2348513 ],[3.00294365 3.02047628 3.01081798 3.01496758 2.97636637]
247,"[4.36880047e-10 6.30109249e-10 6.91032059e-10 5.83739402e-10
 4.82718833e-10]",[0.08723839 0.08841522 0.08759717 0.08490661 0.08125144],[2.77134791 2.84903056 2.88772983 2.88482993 2.85513918],[0.57420247 0.57496944 0.57449868 0.57374215 0.57031238],[0.28110105 0.28395309 0.28240395 0.28434286 0.28875132],[0.18469849 0.18547241 0.18547919 0.19459415 0.20044267],[2.81946448 2.83955864 2.82536742 2.78786673 2.75650471]
248,"[5.55896554e-10 8.12087659e-10 8.84428488e-10 7.30969313e-10
 5.60339929e-10]",[0.0957226  0.09703716 0.09589948 0.09012226 0.08517302],[2.70897297 2.75563559 2.79225108 2.87024605 2.85362795],[0.57287127 0.57282593 0.57269809 0.57319018 0.57222953],[0.30232021 0.30186845 0.30194911 0.30718996 0.31856171],[0.19897197 0.19808136 0.19880149 0.20759959 0.22515151],[2.91165544 2.93389656 2.91394404 2.81613672 2.75304766]
249,"[2.49570335e-10 3.60925793e-10 3.95847074e-10 3.43061530e-10
 2.88756588e-10]",[0.09561933 0.09729257 0.0962174  0.0927073  0.08563104],[2.43768839 2.53487217 2.57734654 2.5696198  2.52274171],[0.57906962 0.57818152 0.57889049 0.57941947 0.56631679],[0.31332479 0.31677229 0.31586827 0.33102594 0.32361536],[0.21777377 0.22166614 0.22029714 0.23394922 0.23269618],[3.10638478 3.12682292 3.1119999  3.06492031 2.99564669]
250,"[2.08060969e-10 2.93979520e-10 3.29695067e-10 3.28632609e-10
 3.13847877e-10]",[0.10056669 0.10172249 0.10143414 0.10296473 0.09792032],[2.22134788 2.32376259 2.35775901 2.33220689 2.31229764],[0.58054801 0.58174402 0.58037279 0.58168297 0.57589533],[0.41481421 0.42037965 0.41881828 0.42339765 0.39839753],[0.33160806 0.33825308 0.33549949 0.33712685 0.31038287],[3.31601533 3.32076923 3.3210356  3.34851303 3.33945693]
251,"[3.25656404e-10 4.60202658e-10 5.14263076e-10 4.92754206e-10
 4.57089045e-10]",[0.10195015 0.10342414 0.10332082 0.10727186 0.10075579],[2.45269198 2.52256117 2.54245395 2.45282155 2.46721709],[0.58885169 0.58954612 0.58956639 0.59175722 0.58564709],[0.41922254 0.42629122 0.42453656 0.43720567 0.40776362],[0.34133699 0.34608199 0.34534478 0.35628985 0.33213927],[3.1537807  3.16509282 3.16936259 3.26005632 3.24573262]
252,"[3.97248592e-10 5.56403658e-10 6.20954727e-10 5.89007493e-10
 5.57567841e-10]",[0.08734752 0.08681616 0.08774468 0.09284601 0.09656403],[2.709756   2.82453919 2.82933984 2.68946923 2.57208552],[0.58539602 0.58518311 0.58514817 0.58640488 0.58204926],[0.36024018 0.35934368 0.36229749 0.3828184  0.39551725],[0.28966112 0.28926343 0.29147464 0.3077848  0.316297  ],[3.09810453 3.08804427 3.10246881 3.19570641 3.27135706]
253,"[1.38051145e-10 2.01299009e-10 2.19677931e-10 2.03247158e-10
 1.79831172e-10]",[0.07899998 0.07953929 0.07936273 0.08048653 0.07988587],[2.14354178 2.34890804 2.39801968 2.37330718 2.18807219],[0.5745813  0.575504   0.57568111 0.57737517 0.57571416],[0.31662439 0.31986055 0.31973552 0.32829459 0.31241528],[0.26382535 0.26631275 0.26656414 0.27787948 0.26328062],[2.98180008 2.97695927 2.99155972 3.12277593 3.13075097]
254,"[4.82986209e-11 7.00653400e-11 7.72827506e-11 7.61362599e-11
 7.35195250e-11]",[0.09438671 0.09568727 0.09507561 0.09320812 0.08771622],[1.40871686 1.58769745 1.63585982 1.64359757 1.55204597],[0.56961397 0.57003525 0.570485   0.56996576 0.56101283],[0.40746392 0.4129055  0.40940601 0.4007433  0.37649586],[0.35086173 0.35696314 0.3530386  0.34237196 0.31688038],[3.09078193 3.10157289 3.0950422  3.0948064  3.03408729]
255,"[9.77373938e-11 1.18390594e-10 1.23002871e-10 6.68342757e-10
 1.00158756e-10]",[0.08066332 0.08711243 0.08870184 0.0540414  0.08860034],[1.83152732 1.8924616  1.89834929 3.13540932 1.68775027],[0.56630223 0.5679836  0.56862298 0.56179109 0.55890621],[0.34165085 0.37443934 0.38060828 0.16932039 0.37653376],[0.29087037 0.32115369 0.32596938 0.121719   0.31081866],[3.04629862 3.06276235 3.05859507 2.38117202 3.02638083]
256,"[4.28095755e-11 6.21671130e-11 6.82890386e-11 6.61308762e-11
 6.87200989e-11]",[0.10556317 0.10692857 0.10669487 0.10678279 0.09813499],[1.34038908 1.50284215 1.54228407 1.52346074 1.47508098],[0.57281536 0.57329076 0.57368588 0.57129742 0.56184747],[0.45494405 0.45913455 0.4571935  0.45555466 0.42030076],[0.39361252 0.39979139 0.39667028 0.39082724 0.35234353],[3.17197608 3.17902706 3.1773643  3.19992172 3.16114574]
257,"[6.08119378e-11 7.76968048e-11 8.17116460e-11 3.07751698e-10
 7.28273442e-11]",[0.09495107 0.10149803 0.10333263 0.05987491 0.10024163],[1.59271717 1.67805809 1.68949456 2.84450883 1.57117849],[0.57506959 0.57635393 0.5761582  0.5715867  0.56911135],[0.40156839 0.42672626 0.43174228 0.21390718 0.41942053],[0.32965814 0.35387999 0.35853905 0.17279762 0.34208526],[3.20876535 3.2699689  3.28713622 2.46977663 3.22247302]
258,"[5.25992237e-11 7.50680654e-11 8.28000016e-11 1.04383439e-10
 8.14194520e-11]",[0.10937826 0.11135313 0.11117843 0.09864429 0.10423493],[1.49036026 1.63946943 1.67971967 1.88621892 1.59982028],[0.57778392 0.57899772 0.57970789 0.57678508 0.56658748],[0.4584306  0.46553602 0.4640665  0.41661221 0.43601679],[0.384997   0.3924334  0.39038732 0.35080303 0.36298767],[3.27755969 3.28119494 3.28442365 3.27050075 3.31197406]
259,"[5.98771086e-11 8.61263849e-11 9.50296041e-11 9.04125477e-11
 9.02626134e-11]",[0.10292043 0.10478721 0.10440455 0.1063434  0.0956346 ],[1.57938207 1.73983465 1.78465849 1.74882251 1.71922154],[0.57960364 0.58061631 0.58068965 0.57949856 0.57131423],[0.44445521 0.45068881 0.44837552 0.45554677 0.4127634 ],[0.38126174 0.38629177 0.38471279 0.39251311 0.35513596],[3.26769799 3.27827724 3.27752666 3.31715953 3.22563613]
260,"[4.44549983e-11 6.61433729e-11 7.14502479e-11 6.67606705e-11
 6.27544225e-11]",[0.11388571 0.11510618 0.11492949 0.11565164 0.10898632],[1.26856225 1.41073062 1.4456918  1.43625847 1.38805353],[0.56658265 0.56542339 0.56653869 0.57049302 0.5642164 ],[0.4846924  0.48759266 0.48651418 0.48673435 0.46574862],[0.41952764 0.42260591 0.42143842 0.42010855 0.39733189],[3.39821496 3.40475933 3.40547397 3.44023778 3.37305709]
261,"[2.17315054e-10 3.01201741e-10 3.41101127e-10 3.45226886e-10
 3.49033843e-10]",[0.09858186 0.0992788  0.09924358 0.10120363 0.09856512],[2.26866957 2.37066842 2.4052781  2.37313255 2.371677  ],[0.58249612 0.58332447 0.58402171 0.58175382 0.57544404],[0.3720883  0.37689126 0.37524657 0.37995499 0.36392122],[0.27906697 0.28425491 0.28188189 0.2839793  0.27213437],[3.29380612 3.29816576 3.29913099 3.32623219 3.3211654 ]
262,"[2.09048959e-10 2.92573804e-10 3.32942077e-10 3.82308434e-10
 3.55836276e-10]",[0.1181472  0.11756673 0.11744923 0.11121853 0.11646788],[2.01473842 2.09975625 2.12788254 2.25465815 2.15036532],[0.58137701 0.58157133 0.58183333 0.58037134 0.57913144],[0.45330695 0.45111955 0.45148064 0.43548116 0.45567481],[0.36397947 0.36262811 0.36206055 0.34491391 0.36440297],[3.46449513 3.44801931 3.45260827 3.40851704 3.50926599]
263,"[1.45388612e-10 2.01822916e-10 2.28584356e-10 2.35085093e-10
 2.42390562e-10]",[0.13666236 0.13571706 0.13650967 0.13863899 0.14119618],[1.67950798 1.7542685  1.76824389 1.7457952  1.7211166 ],[0.58177914 0.58219852 0.5821935  0.58027709 0.58052456],[0.53084188 0.52893705 0.530239   0.53492265 0.54131193],[0.44732482 0.44559148 0.44675545 0.4507644  0.45737294],[3.6794136  3.6726809  3.67701734 3.68179583 3.6825303 ]
264,"[1.55643868e-10 2.20633398e-10 2.43494392e-10 2.44752957e-10
 2.77116283e-10]",[0.12087612 0.11900916 0.12114034 0.12503625 0.12274861],[1.85885619 1.96872526 1.96606445 1.92088309 1.95943117],[0.5811942  0.58215208 0.58216857 0.58068297 0.5798261 ],[0.4625801  0.45754048 0.46313499 0.4782748  0.47497751],[0.3762771  0.3700129  0.37579025 0.388612   0.38536056],[3.42185454 3.38289382 3.4122706  3.47957579 3.4984028 ]
265,"[6.61836023e-10 9.57858030e-10 1.04582779e-09 8.70648903e-10
 7.30290468e-10]",[0.10842391 0.10934524 0.10843304 0.10485248 0.10632941],[2.38775547 2.41574509 2.44004798 2.48919394 2.41391958],[0.58465516 0.58401613 0.58529091 0.58417582 0.58161726],[0.37962818 0.37893563 0.37915179 0.389873   0.40738016],[0.253184   0.25205749 0.25337557 0.2687405  0.29125358],[3.15890527 3.1703989  3.1576007  3.11619386 3.18348717]
266,"[8.34588997e-10 1.23152792e-09 1.32676148e-09 1.04962544e-09
 8.19317457e-10]",[0.11424172 0.11415717 0.11402663 0.11464124 0.12146095],[2.33615214 2.37570999 2.37808359 2.31717204 2.1477435 ],[0.58745153 0.58579265 0.58635408 0.58649326 0.58333472],[0.4304223  0.42786751 0.4293925  0.44030779 0.4741649 ],[0.31590462 0.31378737 0.31512902 0.32762932 0.36413229],[3.15969681 3.1553796  3.15552947 3.19449383 3.34742708]
267,"[8.84134561e-10 1.31208026e-09 1.40691581e-09 1.10574440e-09
 8.58164907e-10]",[0.11109091 0.11225701 0.11095301 0.10469497 0.10878842],[2.42707454 2.44479921 2.46982414 2.54299693 2.38217585],[0.58063823 0.58099176 0.57962315 0.58231174 0.57585332],[0.40081879 0.40073739 0.40062164 0.3995197  0.43087225],[0.26886279 0.26782079 0.26871851 0.27568868 0.31936668],[3.09595593 3.10646977 3.09123205 3.03761597 3.17311307]
268,"[9.22829790e-10 1.39536775e-09 1.47577989e-09 1.05960328e-09
 7.37801033e-10]",[0.10930302 0.10959407 0.10892484 0.10667462 0.11570027],[2.38112373 2.4096254  2.4276973  2.47093061 2.26137353],[0.58058464 0.58046431 0.58056686 0.58242822 0.57296054],[0.38969219 0.38791442 0.38874484 0.39748182 0.44581096],[0.2666807  0.26508559 0.26594525 0.2786627  0.33019114],[3.16083919 3.16654811 3.15440363 3.10699036 3.24896518]
269,"[9.45770993e-10 1.44463859e-09 1.51633839e-09 1.03425261e-09
 6.75774402e-10]",[0.1010642  0.10076252 0.10066059 0.10335621 0.11779679],[2.60589944 2.65961152 2.66442026 2.552523   2.18953533],[0.58386003 0.58303772 0.58404174 0.58461058 0.57454368],[0.35892045 0.35566735 0.35837628 0.38312778 0.44640105],[0.24055142 0.23865212 0.24024919 0.26322139 0.32747953],[2.95813596 2.9510855  2.9505048  3.01368918 3.26714811]
270,"[9.24280463e-10 1.39657662e-09 1.47872072e-09 1.05770515e-09
 7.28026890e-10]",[0.1070065  0.10659203 0.10659452 0.10877936 0.11896418],[2.56922951 2.62487585 2.62125653 2.48241054 2.18884378],[0.5831924  0.58386863 0.58437483 0.58208893 0.57853252],[0.3934185  0.39083988 0.39224712 0.41099193 0.45200719],[0.26911251 0.26870809 0.26942186 0.28917334 0.33612421],[3.00121101 2.98665639 2.99283577 3.08849368 3.33717452]
271,"[8.11777137e-10 1.20954285e-09 1.29371745e-09 9.76219858e-10
 7.25182833e-10]",[0.11530161 0.11426805 0.11486312 0.11926947 0.12982758],[2.30421271 2.35564843 2.35000773 2.25422372 2.05325534],[0.58790606 0.58656219 0.5872676  0.58751523 0.58168714],[0.42721872 0.41866881 0.42519199 0.45674547 0.49520769],[0.31143641 0.30634635 0.31042109 0.34008518 0.3794863 ],[3.20920806 3.18546301 3.20025986 3.31362677 3.52868608]
272,"[5.61424696e-10 8.03293690e-10 8.81784923e-10 7.70589528e-10
 7.12132544e-10]",[0.10425709 0.10385648 0.10460759 0.1091491  0.11067143],[2.46119888 2.52803006 2.52012491 2.39455237 2.32517287],[0.58375159 0.58562463 0.58338921 0.58088932 0.57991381],[0.38816633 0.38404877 0.38809298 0.41181176 0.42603191],[0.28579094 0.28141249 0.28541302 0.3022435  0.32067097],[3.24511621 3.23023244 3.24430909 3.31354692 3.35851435]
273,"[6.49217105e-10 9.49225373e-10 1.02735762e-09 8.46315367e-10
 7.16752172e-10]",[0.09733116 0.09790549 0.09746862 0.09515081 0.09502832],[2.57807206 2.63294587 2.6451385  2.6197386  2.51373151],[0.58053859 0.5798186  0.58095682 0.57559322 0.56997276],[0.36055792 0.35880364 0.36010641 0.37205646 0.38527676],[0.25275694 0.2516579  0.25284804 0.26818676 0.29070666],[2.9900486  2.99029358 2.99003764 3.00331432 3.03887702]
274,"[6.82193719e-10 9.69890718e-10 1.07919415e-09 1.04620449e-09
 1.00904276e-09]",[0.0933214  0.09402705 0.09333861 0.08943931 0.08814037],[2.727571   2.77215707 2.80265185 2.87897786 2.8527897 ],[0.5828248  0.58125032 0.58150473 0.57878882 0.57401905],[0.3503105  0.34994678 0.35009482 0.34742772 0.34941191],[0.24667818 0.24682274 0.24662921 0.25027734 0.26327245],[3.04358476 3.05005632 3.04233408 3.00647751 3.03046336]
275,"[4.12055052e-10 5.78387196e-10 6.48604735e-10 6.42623069e-10
 6.00049623e-10]",[0.07260671 0.07290475 0.07295806 0.07383052 0.07489531],[3.14290248 3.28760403 3.33146119 3.30586331 3.18834174],[0.58553546 0.58462787 0.58491148 0.58492132 0.58353776],[0.29515601 0.29700239 0.29685789 0.30108716 0.30624932],[0.24471878 0.2469049  0.24650637 0.25023181 0.25291326],[2.6114694  2.61163723 2.61633773 2.67277199 2.76139822]
276,"[2.98428840e-10 4.17596390e-10 4.69334874e-10 4.55603063e-10
 4.43030118e-10]",[0.08567794 0.08592232 0.08617444 0.0898352  0.09003244],[2.62005039 2.74484609 2.77626017 2.68855005 2.61908442],[0.58325934 0.58378941 0.58417058 0.5846819  0.5774287 ],[0.35468719 0.35732326 0.357374   0.37075543 0.36509173],[0.28318184 0.28766444 0.2862261  0.29465238 0.28390834],[3.14264516 3.13196078 3.14281271 3.21846105 3.28746682]
277,"[9.73965896e-11 1.38956957e-10 1.54437129e-10 1.53249367e-10
 1.45436048e-10]",[0.0854346  0.08715507 0.08620403 0.08499026 0.08081298],[1.88715093 2.05633827 2.12223591 2.1083856  2.02803238],[0.57272234 0.57228016 0.57136982 0.56845058 0.56123385],[0.36852251 0.37580174 0.37145804 0.36628168 0.34660727],[0.31832053 0.32504545 0.32117372 0.3201489  0.30484725],[3.17406968 3.19120389 3.1797785  3.1987523  3.17419347]
278,"[6.61197752e-11 9.28063553e-11 1.01272967e-10 9.41827437e-11
 1.06817456e-10]",[0.09587498 0.09770458 0.09788136 0.09765029 0.09206596],[1.57126057 1.72935549 1.76379168 1.74045933 1.72415512],[0.56256004 0.56354636 0.56424731 0.55906642 0.55145933],[0.36486665 0.37580076 0.37408155 0.37066124 0.30858696],[0.26682119 0.27109443 0.27130178 0.27070581 0.22915178],[3.06593128 3.08209189 3.09133908 3.18038961 3.19622228]
279,"[7.16217920e-11 1.03225829e-10 1.14197325e-10 1.14499307e-10
 1.10232520e-10]",[0.0922458  0.09341175 0.09281863 0.09220596 0.08871963],[1.66813888 1.84012511 1.89332436 1.8542912  1.78586234],[0.57219043 0.57338201 0.57292164 0.56824245 0.56575562],[0.39043174 0.39623909 0.39288035 0.39173879 0.37836472],[0.32625404 0.3316511  0.32825393 0.32617353 0.31152856],[3.10481421 3.11760598 3.11168343 3.16924802 3.1615079 ]
280,"[8.38493710e-11 1.20241790e-10 1.30858366e-10 1.20446063e-10
 1.08284966e-10]",[0.08198916 0.08272099 0.08305483 0.08502146 0.08624729],[1.80572584 1.99940595 2.04185908 1.96341321 1.84339595],[0.57247183 0.57197552 0.57269331 0.57225171 0.56724906],[0.34429915 0.34741162 0.34949401 0.3618105  0.36724095],[0.29047421 0.29369687 0.29458515 0.30315576 0.30929299],[2.99747018 3.00490537 3.01265756 3.10704431 3.14106021]
281,"[6.52067404e-11 9.70980831e-11 1.05155042e-10 9.62660352e-11
 7.73166445e-11]",[0.10221513 0.10234133 0.10267669 0.10583572 0.10641039],[1.63518034 1.82576708 1.85670465 1.76867269 1.5516215 ],[0.57916725 0.57958822 0.58006472 0.57552826 0.56610689],[0.43141285 0.43074633 0.4324248  0.44529306 0.45082241],[0.35568703 0.35469333 0.35573292 0.36718999 0.37305725],[3.24394049 3.23857723 3.24609072 3.34249359 3.35572624]
282,"[4.55641154e-11 6.65839732e-11 7.28681317e-11 6.88628766e-11
 6.48947253e-11]",[0.11548754 0.11744474 0.11717432 0.1186101  0.10662291],[1.44685613 1.6064938  1.64275664 1.60399125 1.52579632],[0.58334836 0.5840151  0.58367309 0.5839827  0.57166079],[0.48946503 0.49454956 0.49338352 0.49824712 0.4583923 ],[0.42936102 0.43434354 0.43328293 0.43739914 0.39626975],[3.32965013 3.34793701 3.34420494 3.37707261 3.24788234]
283,"[4.17787835e-11 6.14444598e-11 6.69966783e-11 6.43727935e-11
 6.00358136e-11]",[0.11806586 0.11962812 0.11946819 0.12064889 0.11113157],[1.34377537 1.49738427 1.53157143 1.50329648 1.42169488],[0.576694   0.5770786  0.57825293 0.5773815  0.5666272 ],[0.49773528 0.50163838 0.50052503 0.50410969 0.47449904],[0.4289164  0.43286894 0.43133211 0.43506151 0.4065988 ],[3.39703818 3.40859926 3.40878121 3.47436169 3.3707462 ]
284,"[8.41895613e-11 1.21997731e-10 1.34287639e-10 1.28560151e-10
 1.14216774e-10]",[0.11206392 0.1135683  0.11289449 0.1108421  0.10310075],[1.56028597 1.67934427 1.71722129 1.72320463 1.70134626],[0.57134679 0.57358092 0.57134942 0.57194265 0.56545347],[0.42484287 0.42931834 0.42771552 0.43354733 0.41247993],[0.36198991 0.36644886 0.36491346 0.369079   0.3511167 ],[3.45242215 3.46777871 3.45929607 3.43781945 3.33655761]
285,"[1.00694521e-10 1.46736272e-10 1.61286861e-10 1.54020154e-10
 1.34501938e-10]",[0.09630244 0.09827436 0.09764666 0.09900676 0.09023138],[1.95416383 2.1114693  2.16411874 2.14413342 2.05477354],[0.58310343 0.58287755 0.58290533 0.58225507 0.57419853],[0.41083564 0.41846727 0.41563146 0.42182466 0.38522518],[0.35364832 0.36086234 0.35790989 0.36123848 0.32574566],[3.32151374 3.34133439 3.33763651 3.39171134 3.28868041]
286,"[4.52768091e-11 6.70686176e-11 7.26924923e-11 7.05287653e-11
 6.83382201e-11]",[0.11577071 0.11652737 0.1168398  0.12003998 0.11346753],[1.37471883 1.5302585  1.56198392 1.50489209 1.43298453],[0.57616304 0.57522865 0.57685073 0.57323648 0.56407683],[0.49041255 0.49150974 0.49278935 0.49971503 0.47782213],[0.42229542 0.42527037 0.42443371 0.4276938  0.40545416],[3.35496271 3.35727172 3.36380218 3.43747432 3.35614936]
287,"[4.18891864e-11 6.20973782e-11 6.75158816e-11 6.76552931e-11
 6.44163583e-11]",[0.11891515 0.11980642 0.11952218 0.11729476 0.11128316],[1.29701328 1.44329187 1.47718088 1.46167511 1.40347543],[0.57875329 0.57720305 0.57758488 0.57171246 0.56455644],[0.49527335 0.49732568 0.49613866 0.49127996 0.47134142],[0.41402827 0.41633575 0.41523014 0.41755292 0.39729669],[3.43495256 3.43248212 3.43548704 3.45312987 3.41404465]
288,"[4.60154345e-11 6.76085202e-11 7.38007291e-11 7.21436138e-11
 6.67682246e-11]",[0.1111763  0.11172968 0.11160436 0.11147977 0.10951265],[1.30868498 1.45562489 1.49281078 1.47428243 1.42064989],[0.56916529 0.56939559 0.56959564 0.56799781 0.56358019],[0.46887845 0.47095242 0.46935735 0.46696229 0.46287427],[0.39664936 0.39885435 0.39693715 0.39249278 0.38823984],[3.38242642 3.38197612 3.38512988 3.4234306  3.38946469]
289,"[5.29377098e-11 7.83074192e-11 8.49109941e-11 8.21811164e-11
 7.77414310e-11]",[0.11411503 0.11467131 0.11473075 0.11540573 0.11159726],[1.35948256 1.50005508 1.53394708 1.50641206 1.4710849 ],[0.57033373 0.56856663 0.56965835 0.56947553 0.56231724],[0.47688508 0.47791642 0.47809317 0.48281782 0.47322629],[0.40959411 0.41172123 0.41088171 0.41150347 0.40628917],[3.39701195 3.3976794  3.40117833 3.43125121 3.37938227]
290,"[5.31248072e-11 7.75003478e-11 8.47304754e-11 8.16804081e-11
 8.00442609e-11]",[0.10894082 0.10975874 0.10967233 0.11020483 0.10612383],[1.45024018 1.60189179 1.64295737 1.62963743 1.58580876],[0.57402825 0.57392249 0.57437525 0.57637781 0.57144466],[0.46829254 0.46969494 0.46906477 0.47099314 0.45524647],[0.40510046 0.40736873 0.40639735 0.40696722 0.39047012],[3.36393423 3.36516207 3.36578779 3.38963987 3.38403822]
291,"[4.99779159e-11 6.13781305e-11 6.71967825e-11 7.33664854e-11
 1.23595358e-10]",[0.10756034 0.11352269 0.11462627 0.11491276 0.09203481],[1.50934833 1.57168885 1.60650331 1.61184393 1.98990892],[0.57475768 0.57152765 0.57282857 0.57433932 0.56354373],[0.37245819 0.39597466 0.39587869 0.41468149 0.31459759],[0.22439855 0.23476255 0.23385576 0.25339711 0.20407305],[3.38228777 3.412162   3.42435113 3.36150827 3.30333523]
292,"[2.42304097e-10 3.22128118e-10 3.69334253e-10 3.87901950e-10
 4.47987347e-10]",[0.08226806 0.08358328 0.08341465 0.08508675 0.0799045 ],[2.63492863 2.73522755 2.7973827  2.7690412  2.97186532],[0.57201624 0.57700925 0.5765789  0.57756513 0.56868283],[0.29440539 0.29714542 0.29567313 0.29518876 0.28374662],[0.19044116 0.18676701 0.18593105 0.18024264 0.18946221],[3.06688389 3.09398492 3.08862073 3.09449764 2.99341046]
293,"[1.46713984e-10 2.05152632e-10 2.33094233e-10 3.21196943e-10
 2.73972604e-10]",[0.10358414 0.10184658 0.10207221 0.09292722 0.10163858],[2.02472853 2.1739149  2.21396146 2.44008576 2.23877766],[0.55518088 0.55808006 0.55731427 0.55370138 0.54788477],[0.29955008 0.29778758 0.29667068 0.28533392 0.3037467 ],[0.1060979  0.10278996 0.10193465 0.09816168 0.1164693 ],[3.29030126 3.27231785 3.27222738 3.10510223 3.2284616 ]
294,"[7.39499650e-11 8.88069452e-11 1.02209799e-10 1.68555829e-10
 2.19386150e-10]",[0.10799786 0.11178074 0.11044284 0.08790303 0.08937162],[1.63374137 1.69279285 1.75665957 2.137606   2.23042461],[0.56361795 0.57602558 0.57371286 0.56836928 0.55926435],[0.3036388  0.3022795  0.30151904 0.26176915 0.27186036],[0.09487286 0.07864503 0.07849782 0.08111833 0.09569619],[3.43797944 3.48371134 3.47604838 3.0748512  3.20307068]
295,"[4.27844182e-10 6.18316363e-10 6.72857146e-10 5.50910364e-10
 4.61204884e-10]",[0.13055532 0.1325572  0.13099177 0.12226724 0.11274495],[2.02105703 2.03442691 2.06077718 2.14428205 2.24041504],[0.58018223 0.58062872 0.58037288 0.57849467 0.578137  ],[0.42738193 0.42428177 0.42613036 0.4341177  0.43731513],[0.26625118 0.26051372 0.26441857 0.29161226 0.31045881],[3.39761657 3.42129029 3.40054811 3.2893933  3.17831048]
296,"[3.37869096e-10 4.96783072e-10 5.31357442e-10 4.04929105e-10
 3.25448230e-10]",[0.11980965 0.12149622 0.12035306 0.11501413 0.10959183],[2.0411654  2.07210187 2.09889364 2.14527651 2.19454912],[0.57299223 0.57253765 0.57310041 0.57384219 0.56809854],[0.36047248 0.35699947 0.35852039 0.37931949 0.38693811],[0.1508611  0.14687026 0.14932456 0.17230824 0.18253204],[3.33179536 3.355919   3.33583997 3.24303351 3.18888075]
297,"[3.80417674e-10 5.50994358e-10 5.94944850e-10 4.98554865e-10
 4.35255826e-10]",[0.11405683 0.11606439 0.11471774 0.10660724 0.10065177],[2.23227888 2.26236301 2.29743779 2.42812628 2.42965818],[0.56144529 0.56512829 0.56379942 0.56044766 0.55452005],[0.31576286 0.3107397  0.31291901 0.32377023 0.346191  ],[0.11329189 0.10453154 0.10644167 0.12108232 0.155463  ],[3.16086841 3.1764988  3.15868029 3.0533009  3.08148392]
298,"[6.09912721e-10 8.96622612e-10 9.65497255e-10 7.56121117e-10
 6.06640735e-10]",[0.10288542 0.10441682 0.10300456 0.09634914 0.0947618 ],[2.57178069 2.59843297 2.63349891 2.69677746 2.64387104],[0.58141109 0.58109529 0.58136613 0.58004643 0.58030476],[0.33356096 0.33192534 0.33343839 0.34023956 0.36012428],[0.22300382 0.22127354 0.22322193 0.23655458 0.25721825],[3.08177631 3.10579323 3.08211837 2.98247101 2.99380301]
299,"[8.04169751e-10 1.21554180e-09 1.28663464e-09 9.20587519e-10
 6.20280918e-10]",[0.11444483 0.11560973 0.11421377 0.107322   0.11186596],[2.31361244 2.32907247 2.35681954 2.44932209 2.28815612],[0.57635334 0.57665369 0.57623367 0.57859919 0.5748601 ],[0.38645488 0.38606963 0.38570356 0.38753299 0.42342077],[0.25160302 0.25018502 0.25084605 0.26383777 0.31504124],[3.20976669 3.23007003 3.20571393 3.08314635 3.17512406]
300,"[4.82104080e-10 6.95425056e-10 7.61357474e-10 7.00460621e-10
 6.12572839e-10]",[0.09505492 0.09571229 0.09507919 0.08919467 0.08918519],[2.55563223 2.61756683 2.64751984 2.77596462 2.73086454],[0.57534725 0.57625237 0.57465613 0.5728431  0.57426247],[0.32244956 0.32138496 0.32186283 0.3181529  0.33823661],[0.21854801 0.21518602 0.21684897 0.21845707 0.24796239],[2.99080363 3.00294066 2.98973077 2.91385054 2.9186898 ]
301,"[4.20213248e-10 6.10346012e-10 6.65498319e-10 6.10751547e-10
 5.03812992e-10]",[0.09280543 0.09316174 0.09280382 0.08723104 0.08954021],[2.61022897 2.70199614 2.72037901 2.78593188 2.64515483],[0.57801972 0.57685128 0.57686824 0.57968575 0.57858191],[0.32288031 0.32023674 0.3217665  0.31786802 0.34651875],[0.23349802 0.23074901 0.23269051 0.23280201 0.26257225],[2.86179022 2.86161322 2.86198436 2.86262441 2.94123263]
302,"[5.00565536e-10 7.12060546e-10 7.88217139e-10 7.25648478e-10
 7.11033856e-10]",[0.0988214  0.09898634 0.09908818 0.10115586 0.1010162 ],[2.66783377 2.73617118 2.74784216 2.65820477 2.62130635],[0.58840972 0.58889536 0.5891058  0.58867455 0.58305026],[0.36970658 0.36786698 0.37062633 0.38689883 0.39620615],[0.25695427 0.25443959 0.25680656 0.27050988 0.28481215],[3.02568699 3.00651522 3.02442484 3.14386055 3.21459456]
303,"[4.62194426e-10 6.49113586e-10 7.26836326e-10 7.55939515e-10
 7.96831859e-10]",[0.123019   0.12279124 0.12307815 0.12054325 0.11862386],[2.18076412 2.22289809 2.23062647 2.27907594 2.30918939],[0.59032361 0.59120253 0.59078583 0.5879788  0.58159621],[0.48160123 0.48003645 0.48131363 0.47790512 0.48025352],[0.37938745 0.37652129 0.37896235 0.38473238 0.38909405],[3.53445392 3.52766906 3.53414948 3.53715205 3.50021972]
304,"[4.20170123e-10 5.94511213e-10 6.63980671e-10 6.30324797e-10
 5.80558684e-10]",[0.08868619 0.08790014 0.08856292 0.09256228 0.09690837],[2.69245812 2.80976737 2.81955777 2.70634961 2.55558539],[0.58485292 0.58434039 0.58416929 0.58159571 0.57850233],[0.36914114 0.36590795 0.36839955 0.38546786 0.40188222],[0.28923947 0.28744957 0.28900777 0.30235732 0.3165663 ],[3.01600603 2.99870054 3.01341319 3.10886378 3.20215073]
305,"[3.04319460e-10 4.29504403e-10 4.80338459e-10 4.73221374e-10
 4.40922455e-10]",[0.10770272 0.10703323 0.10788636 0.11210271 0.11498608],[2.20844832 2.29791818 2.30298283 2.2292548  2.13963462],[0.58095092 0.58164798 0.58113056 0.58374746 0.57947146],[0.44508563 0.44429068 0.44589789 0.46133972 0.46134003],[0.36035015 0.36275518 0.36222076 0.36856507 0.36015267],[3.34804663 3.33117832 3.34478509 3.40809647 3.48433579]
306,"[2.22738789e-10 3.07706639e-10 3.47242143e-10 3.50478737e-10
 3.71826461e-10]",[0.11888945 0.11867531 0.11940139 0.12309355 0.12178217],[1.96957401 2.04483573 2.05539067 2.00201538 2.00552734],[0.57927029 0.57942938 0.58016778 0.58117849 0.57409416],[0.46977029 0.4682561  0.4702183  0.47753706 0.47892618],[0.35224145 0.34844241 0.3495568  0.35190241 0.36216895],[3.68287794 3.67664994 3.69152338 3.76778363 3.72856763]
307,"[2.55548781e-10 3.51403172e-10 3.98660710e-10 4.05903567e-10
 4.33380349e-10]",[0.12212145 0.12304055 0.12310166 0.12518891 0.11966456],[1.96414405 2.01405312 2.03116929 2.00779772 2.06177561],[0.58670373 0.58625674 0.58622655 0.58538149 0.58387715],[0.49355857 0.49665954 0.49600085 0.50079891 0.48226854],[0.41479028 0.41896792 0.41791133 0.42200841 0.39921921],[3.61248662 3.61235359 3.61680267 3.64116309 3.62102775]
308,"[3.15567527e-10 4.58286560e-10 5.01109004e-10 4.32301558e-10
 3.61413754e-10]",[0.1304409  0.13126478 0.13046199 0.12532959 0.12165495],[1.96487626 2.00095383 2.02305781 2.0823904  2.10867079],[0.5878765  0.58762864 0.58878089 0.58932778 0.58724536],[0.45626965 0.45323993 0.45614087 0.47027899 0.48278249],[0.33480951 0.32968859 0.3344175  0.36084405 0.38095305],[3.41718014 3.42410647 3.41601837 3.37568991 3.39157916]
309,"[4.60486829e-10 6.65885541e-10 7.31791157e-10 6.50024567e-10
 5.36549179e-10]",[0.1171263  0.11901992 0.11732011 0.10777774 0.10117725],[2.17960237 2.19355121 2.23375724 2.41010008 2.51481654],[0.58775843 0.58703825 0.58790692 0.58653426 0.58511831],[0.40528266 0.4049249  0.4049393  0.41238539 0.41448079],[0.29464664 0.29190759 0.29399738 0.3096739  0.32880449],[3.24950569 3.27696091 3.25232084 3.11331368 3.01386342]
310,"[5.86087379e-10 8.50166003e-10 9.32353481e-10 8.10750208e-10
 6.43659186e-10]",[0.10933068 0.11105209 0.10924836 0.09807974 0.09170014],[2.37362756 2.38692256 2.43093233 2.64498153 2.75493143],[0.57907829 0.57773369 0.57952449 0.58266375 0.58343165],[0.37125956 0.37123868 0.37074242 0.36335543 0.36967189],[0.26225842 0.25997324 0.26105778 0.26498672 0.28639525],[3.01154892 3.03730846 3.01003214 2.8484927  2.78968299]
311,"[6.07233247e-10 8.81244783e-10 9.66910345e-10 8.47908854e-10
 6.78688966e-10]",[0.11368687 0.11510264 0.11367203 0.10528281 0.10016319],[2.32779265 2.34366345 2.37784748 2.51952284 2.57826972],[0.58288744 0.58168647 0.58283712 0.58038692 0.58071707],[0.39567292 0.39582375 0.39460124 0.38753409 0.39764843],[0.28090679 0.27912328 0.27997037 0.28401589 0.30646698],[3.09924644 3.11759846 3.09790012 2.98750345 2.95811089]
312,"[4.90319078e-10 7.13195242e-10 7.79286675e-10 6.61007750e-10
 5.22910531e-10]",[0.11338643 0.11471807 0.11324853 0.10404511 0.10008375],[2.23679014 2.26368619 2.29722359 2.42945343 2.4466288 ],[0.58710714 0.58668927 0.58619718 0.58473337 0.58591188],[0.40376658 0.40199256 0.40261015 0.40103663 0.41249737],[0.29137375 0.2884669  0.29016816 0.30286284 0.33173753],[3.22754999 3.24080887 3.22319443 3.11591575 3.12710325]
313,"[3.81933804e-10 5.45418326e-10 6.05966770e-10 5.64603207e-10
 4.81569412e-10]",[0.10125374 0.10199614 0.10109412 0.09579919 0.0950197 ],[2.3857606  2.44445968 2.48171534 2.57143832 2.55734314],[0.58391727 0.58317645 0.58322488 0.58304116 0.58193455],[0.3612742  0.35915912 0.36047859 0.36464155 0.38032647],[0.27178263 0.26947073 0.27104377 0.27962819 0.30015367],[3.03908581 3.05297618 3.03807074 2.96921641 2.96151099]
314,"[3.10977310e-10 4.47988784e-10 4.93614666e-10 4.40504812e-10
 3.67613509e-10]",[0.09987136 0.10020001 0.0997142  0.09667076 0.09765545],[2.36937583 2.45275743 2.48504126 2.51715812 2.45080514],[0.58113412 0.58138441 0.58137934 0.58143928 0.58030188],[0.35248017 0.34752102 0.3509126  0.36365869 0.39490613],[0.27718308 0.27351333 0.27605342 0.28922045 0.31399142],[2.99625712 3.00123128 2.99225848 2.96106013 3.019994  ]
315,"[2.97808512e-10 4.21939716e-10 4.71828494e-10 4.56317591e-10
 4.10912161e-10]",[0.09233057 0.09277874 0.09218328 0.08866247 0.08899382],[2.45794362 2.55156756 2.59796395 2.67844575 2.63964162],[0.58399309 0.58412473 0.58374494 0.58162272 0.582695  ],[0.34933789 0.34843863 0.34828954 0.34728831 0.3622455 ],[0.26987458 0.26836368 0.26870825 0.27229601 0.29097944],[3.02606997 3.03665814 3.02429047 2.97102516 2.99164927]
316,"[3.47396509e-10 4.94524155e-10 5.50861255e-10 5.21456287e-10
 4.56508447e-10]",[0.0908834  0.09169234 0.09084243 0.08617561 0.08503842],[2.53035386 2.61275575 2.66050252 2.76524473 2.74032948],[0.57988731 0.58114504 0.58072263 0.58242294 0.58293895],[0.31795254 0.31615308 0.31727494 0.32151298 0.34006509],[0.24717585 0.24560412 0.24640554 0.25209355 0.27284492],[2.92883662 2.94014189 2.92810803 2.87482688 2.89308236]
317,"[2.52446995e-10 3.57240168e-10 3.99905706e-10 3.89455482e-10
 3.56074835e-10]",[0.09463643 0.09547736 0.09465047 0.09015048 0.08823542],[2.36639391 2.45550059 2.50932113 2.62216351 2.65741946],[0.58478838 0.58477183 0.58502004 0.58123253 0.58191658],[0.34214312 0.33984353 0.34072573 0.34557807 0.36341359],[0.28297563 0.28129752 0.28207104 0.28630036 0.30110737],[3.00530208 3.01966206 3.00636458 2.95210535 2.94862242]
318,"[3.32680929e-10 4.78120646e-10 5.29386560e-10 4.89683211e-10
 4.09959722e-10]",[0.10617218 0.10696635 0.10595007 0.0993235  0.09822899],[2.3251872  2.38688927 2.42544838 2.54690038 2.52016259],[0.58516059 0.58538926 0.58519928 0.58637447 0.58619669],[0.38266798 0.37987161 0.38146523 0.38229508 0.39928065],[0.29219735 0.2893079  0.29113361 0.29887957 0.31723756],[3.14079559 3.14801362 3.13596092 3.06503204 3.11098521]
319,"[3.98619835e-10 5.78184481e-10 6.33063535e-10 5.39473394e-10
 4.34037695e-10]",[0.10743303 0.10801717 0.10739435 0.10387087 0.10314693],[2.33822265 2.39513174 2.41936007 2.44654212 2.39335208],[0.58460372 0.58373558 0.58440612 0.58563073 0.58452411],[0.37260881 0.36977039 0.37123321 0.38156204 0.40675921],[0.27831954 0.27431817 0.27712627 0.29188173 0.31958879],[3.24011    3.24469845 3.23812384 3.20653398 3.23562608]
320,"[1.93673762e-10 2.74521367e-10 3.06331584e-10 2.94282841e-10
 2.72309642e-10]",[0.1287114  0.12868618 0.12853259 0.12560631 0.12500874],[1.84401762 1.91153904 1.93118255 1.95443297 1.94101348],[0.5870701  0.58655764 0.58661924 0.58673852 0.58493389],[0.46696167 0.46461529 0.4659392  0.47571371 0.48543867],[0.37135316 0.36882395 0.37056336 0.37786945 0.38994843],[3.58999963 3.58592101 3.58682196 3.57645201 3.59012028]
321,"[3.02048559e-10 4.05579897e-10 4.70878313e-10 5.71877343e-10
 7.60666777e-10]",[0.08059766 0.08221024 0.08104418 0.07406271 0.06477488],[2.71926601 2.79972328 2.88623887 3.16061565 3.59105615],[0.57897023 0.57802308 0.57874304 0.57924768 0.57471941],[0.32160937 0.32756152 0.32304741 0.29439915 0.25285514],[0.24581579 0.25060501 0.24720675 0.23006361 0.20462297],[2.90977539 2.93052364 2.91505086 2.82494604 2.65713788]
322,"[7.64557431e-11 1.09819316e-10 1.21716540e-10 1.17727635e-10
 1.10438570e-10]",[0.08160008 0.08168414 0.0816595  0.0822879  0.08277114],[1.670209   1.86109171 1.91761956 1.90408639 1.84927175],[0.56503973 0.56403921 0.56480658 0.56487731 0.56014858],[0.31530796 0.31522067 0.31428623 0.31677673 0.32463007],[0.2558227  0.25756118 0.25536118 0.25345411 0.261332  ],[3.00432384 3.00043031 3.00308492 3.03985638 3.05448307]
323,"[5.06375302e-11 7.22725918e-11 8.05925251e-11 8.37242121e-11
 8.78443051e-11]",[0.09313644 0.0944886  0.09362494 0.09020925 0.08405453],[1.37253396 1.52721491 1.58248435 1.61572823 1.66405843],[0.56237704 0.56345155 0.56140655 0.55960402 0.5570178 ],[0.40065838 0.40634154 0.40140773 0.38668613 0.35755132],[0.34038956 0.34541463 0.34099501 0.32747314 0.30076847],[3.15142838 3.15845733 3.15523681 3.17531025 3.12008222]
324,"[5.28907501e-11 7.70155873e-11 8.42501794e-11 7.74423074e-11
 7.10068416e-11]",[0.10059648 0.10152309 0.10085616 0.0972668  0.09533425],[1.35872129 1.50703475 1.55005332 1.52705007 1.50336896],[0.55571467 0.55376577 0.55646918 0.55782533 0.55784482],[0.41252809 0.41419367 0.41259279 0.4035021  0.39586512],[0.34089367 0.34301373 0.34112313 0.33159714 0.32187601],[3.23196764 3.23406805 3.23152505 3.22590625 3.20799579]
325,"[8.38295956e-11 1.17958180e-10 1.31236339e-10 1.25932072e-10
 1.54669361e-10]",[0.09466507 0.09786026 0.096815   0.09808462 0.07775281],[1.8267802  1.97202581 2.03125028 1.99825035 2.20334761],[0.57345793 0.57323265 0.57288705 0.5721025  0.56476542],[0.37457586 0.38763385 0.38219309 0.38154991 0.30472235],[0.29106563 0.30194654 0.29639248 0.29538589 0.24616067],[3.26180359 3.30296543 3.28889865 3.29976044 2.89163858]
326,"[4.34800049e-11 6.40735171e-11 6.96347898e-11 6.91857819e-11
 6.63789909e-11]",[0.10645597 0.10723219 0.10707628 0.1089014  0.108705  ],[1.25201978 1.40588171 1.4401003  1.38814336 1.31401022],[0.55920574 0.55881157 0.55846157 0.55754678 0.55207539],[0.45689822 0.45849144 0.45734774 0.46367673 0.46431823],[0.39071309 0.39233031 0.39088966 0.40030769 0.40393991],[3.28937655 3.28914646 3.29268732 3.31174876 3.29136901]
327,"[9.29334832e-11 1.20168413e-10 1.43278885e-10 2.14158069e-10
 4.05373916e-10]",[0.07639524 0.0813427  0.07791716 0.06323954 0.04511462],[1.84642584 1.94444268 2.07801669 2.50870652 3.33776693],[0.56535207 0.56762691 0.56579923 0.56242023 0.55833185],[0.31728917 0.34145793 0.32386763 0.24832507 0.15995365],[0.27048362 0.29140808 0.27595507 0.21187511 0.1356404 ],[2.95192907 2.99015505 2.95931858 2.80670026 2.56495247]
328,"[6.86534268e-11 9.63529920e-11 1.06640956e-10 1.10578831e-10
 1.65918474e-10]",[0.09653168 0.09801064 0.09771514 0.09277443 0.07416121],[1.557379   1.69562045 1.7437639  1.80445111 2.19541398],[0.56332662 0.56242655 0.56381665 0.5622     0.56267537],[0.40325122 0.40918836 0.40777201 0.38492848 0.29824845],[0.33344168 0.33811898 0.33722234 0.32014158 0.25021805],[3.20499242 3.22097017 3.21217666 3.15134563 2.94328813]
329,"[6.80653014e-11 8.72814478e-11 1.03808954e-10 1.46851102e-10
 2.60963235e-10]",[0.08748792 0.09328393 0.08964564 0.07534203 0.05545553],[1.56003809 1.63665242 1.74883485 2.05768514 2.70479088],[0.56043371 0.56019681 0.56131658 0.55806803 0.55972462],[0.36897746 0.39523682 0.37764661 0.30352959 0.20413585],[0.30566894 0.32856979 0.31277953 0.25029876 0.16991945],[3.17909038 3.21396202 3.18955795 3.07511704 2.78756409]
330,"[6.21297512e-11 9.06246226e-11 9.99171778e-11 1.00691100e-10
 9.29119859e-11]",[0.09630352 0.09702572 0.09623246 0.09251122 0.09108106],[1.50021497 1.6635572  1.71229262 1.70196581 1.64688788],[0.55863449 0.55993473 0.55869837 0.55877002 0.55970195],[0.38984358 0.39225338 0.38920076 0.38364839 0.38435857],[0.33361327 0.33606448 0.33333044 0.32799501 0.32114755],[3.18667773 3.20043775 3.18805131 3.16008361 3.12682486]
331,"[4.24076940e-11 6.20679109e-11 6.77999340e-11 6.57422085e-11
 6.40347818e-11]",[0.09620902 0.09644612 0.09648668 0.09876984 0.09949833],[1.25868532 1.4234932  1.46119615 1.40457399 1.37076468],[0.56016306 0.55947585 0.55994047 0.55687617 0.55301733],[0.41438095 0.4149042  0.41398672 0.42074388 0.42460037],[0.35244099 0.3540724  0.35205101 0.35208798 0.35023581],[3.15908131 3.15653928 3.15984067 3.21359074 3.21596454]
332,"[4.18929752e-11 6.13545362e-11 6.71497410e-11 6.62970921e-11
 6.27677084e-11]",[0.10513614 0.10571929 0.10550672 0.10463241 0.10263524],[1.22073714 1.36780432 1.40586444 1.39100846 1.35812397],[0.55926565 0.55877405 0.55986422 0.55999971 0.55471835],[0.4428208  0.44542978 0.44277041 0.43473498 0.42873511],[0.37120038 0.37464194 0.37064103 0.35784601 0.35109776],[3.24626811 3.24749256 3.24734821 3.27184951 3.2685873 ]
333,"[1.39149070e-10 1.90847500e-10 2.18315049e-10 2.88512952e-10
 3.58634473e-10]",[0.08509337 0.08687444 0.0855883  0.07396619 0.06474129],[2.07847185 2.2027743  2.28085186 2.56917365 2.88170859],[0.56173239 0.56147304 0.56169081 0.55808797 0.55556835],[0.30139418 0.30978201 0.30421624 0.25692105 0.21941585],[0.22640635 0.23455511 0.22841464 0.18995083 0.16182567],[3.0646456  3.09829872 3.06199807 2.77230499 2.59469676]
334,"[9.30219002e-11 1.27299964e-10 1.48232735e-10 2.05120905e-10
 2.38690527e-10]",[0.0707191  0.07291377 0.07085053 0.06030229 0.05511352],[1.82647553 1.9891128  2.10554778 2.45228619 2.63138047],[0.5582514  0.56015167 0.5592265  0.55874347 0.55474203],[0.29509896 0.30608301 0.29486871 0.23823279 0.21102728],[0.25752014 0.26732385 0.25747639 0.208583   0.18575115],[2.94706186 2.97440895 2.94732785 2.79714676 2.73062743]
335,"[1.97994621e-10 2.73665883e-10 2.95641502e-10 2.58077977e-10
 2.52234083e-10]",[0.10879205 0.10159051 0.09874697 0.10585704 0.10542752],[1.74275848 1.84248229 1.87802284 2.02978575 2.00263714],[0.55588916 0.55795996 0.55665704 0.55678055 0.55541454],[0.22557379 0.22965245 0.23319098 0.26017469 0.2617689 ],[0.16627595 0.1708928  0.17235853 0.1939412  0.1969585 ],[3.37158622 3.30585572 3.28391736 3.39765543 3.43091581]
336,"[4.67428674e-11 6.78685363e-11 7.47095136e-11 7.34358424e-11
 7.07532737e-11]",[0.08991259 0.09029383 0.09016367 0.09110371 0.09119472],[1.30154116 1.47448575 1.51386084 1.45205409 1.40340299],[0.55783459 0.55795676 0.55825833 0.55115195 0.5472435 ],[0.38010946 0.38187933 0.37989529 0.38228108 0.38245509],[0.31547355 0.31817584 0.31534755 0.30993115 0.30601035],[3.01080213 3.00754997 3.01030928 3.06904636 3.08591601]
337,"[5.25510596e-11 7.83917736e-11 8.48826028e-11 7.69196667e-11
 6.18995028e-11]",[0.0885298  0.08851976 0.08865594 0.09151278 0.09556625],[1.33026577 1.51204315 1.54480235 1.45329482 1.33022811],[0.55079247 0.55150093 0.5510196  0.54683334 0.54853657],[0.37126785 0.37128985 0.37117522 0.38139269 0.3946274 ],[0.30360472 0.3041811  0.30321109 0.31155044 0.32326179],[3.0539458  3.05562381 3.05539571 3.1050168  3.14604174]
338,"[4.01493671e-11 5.90832626e-11 6.43971859e-11 6.01512135e-11
 5.63985096e-11]",[0.10041672 0.10043348 0.10071353 0.10227846 0.10109726],[1.24452335 1.41254548 1.44691286 1.40116793 1.33141539],[0.56463207 0.56500191 0.56440177 0.56395034 0.55484525],[0.41928574 0.42002126 0.41959222 0.42196233 0.41964907],[0.34410408 0.3468702  0.34453711 0.34323241 0.34247399],[3.20252469 3.20099659 3.20518559 3.25603445 3.21119292]
339,"[9.83475002e-11 1.38824754e-10 1.60383102e-10 1.00434406e-09
 1.56583894e-10]",[0.06960597 0.06802967 0.06639183 0.04499888 0.06964059],[1.78123478 2.03239807 2.13358973 3.42156164 1.97681046],[0.55373255 0.55518258 0.55377465 0.54453899 0.5525971 ],[0.2842013  0.27759316 0.26869138 0.12292236 0.27530844],[0.23149439 0.22951782 0.22112546 0.07663545 0.22405242],[2.82267947 2.79402485 2.76055028 2.15418122 2.84575458]
340,"[1.71211739e-10 2.38804361e-10 2.70635061e-10 2.93770017e-10
 3.10638901e-10]",[0.05192738 0.05320271 0.05206332 0.04892785 0.04793901],[2.31298387 2.56223626 2.66807369 2.74641065 2.74385602],[0.55292682 0.55370702 0.55298392 0.54627707 0.54356768],[0.18994591 0.1963779  0.19062139 0.17495834 0.17046562],[0.16232582 0.16820179 0.16313263 0.1473679  0.14093965],[2.48678209 2.51006984 2.49031097 2.44333623 2.43989794]
341,"[6.20450181e-11 9.14459652e-11 9.98871816e-11 9.41641710e-11
 8.23044318e-11]",[0.08778332 0.08834678 0.0878816  0.08738225 0.09089817],[1.4240194  1.60329827 1.64202117 1.57676317 1.43931337],[0.55097343 0.55191582 0.55169767 0.5517549  0.54503082],[0.37376314 0.37667044 0.3735126  0.3672556  0.37975137],[0.31314113 0.31662755 0.31270153 0.30039936 0.3066727 ],[2.97036244 2.97757191 2.97057657 2.98848552 3.06723963]
342,"[1.59598355e-10 2.16558481e-10 2.44447926e-10 2.30908362e-10
 3.17860248e-10]",[0.06890409 0.07174706 0.07043984 0.07077137 0.05758313],[2.27627858 2.40337677 2.50200253 2.46524904 2.9414759 ],[0.55485152 0.55483418 0.55605144 0.55455071 0.54807652],[0.26278743 0.27632945 0.27017022 0.27041094 0.21323668],[0.21182806 0.22395153 0.21748354 0.2132304  0.16644167],[2.78133497 2.80273775 2.79183715 2.83634002 2.76187705]
343,"[7.25681973e-11 1.07369853e-10 1.16773963e-10 1.09919547e-10
 1.05440915e-10]",[0.08711338 0.08720518 0.08717809 0.08979239 0.09717809],[1.47177778 1.659239   1.68689542 1.57441506 1.37696704],[0.55172841 0.5531863  0.55196978 0.54882019 0.53969779],[0.37623682 0.37622567 0.37547481 0.38330589 0.4041873 ],[0.32108379 0.32274634 0.32069311 0.3148476  0.31427554],[2.93618033 2.93004589 2.93329586 3.00905661 3.11615675]
344,"[1.78336806e-10 2.60276228e-10 2.86219652e-10 2.69147341e-10
 2.22354724e-10]",[0.05482588 0.0550656  0.0547835  0.05443425 0.05757325],[2.02593008 2.26265956 2.3274399  2.3071372  2.15896238],[0.53315192 0.53242619 0.53369422 0.53317508 0.53472528],[0.2058092  0.20779227 0.20589632 0.20402918 0.21760946],[0.17230862 0.17396155 0.17242064 0.1705778  0.17865545],[2.41651146 2.41771505 2.41720582 2.46126556 2.56337187]
345,"[1.36292364e-10 2.06136895e-10 2.19654780e-10 1.78229791e-10
 1.28171034e-10]",[0.06642679 0.06565493 0.06615739 0.07095413 0.08242773],[2.0443597  2.31137188 2.33721977 2.11275961 1.77862219],[0.54174283 0.54092959 0.54102193 0.54023863 0.538282  ],[0.25473029 0.2519857  0.253383   0.26781628 0.30784758],[0.19769156 0.19603296 0.19624103 0.20337309 0.2342051 ],[2.51740635 2.50027074 2.51303037 2.64910575 2.92510498]
346,"[2.18946400e-10 3.09091031e-10 3.38273416e-10 3.64733532e-10
 3.05574027e-10]",[0.08519191 0.0815359  0.07914382 0.10896131 0.07713741],[2.30010712 2.48659638 2.57261829 2.18442778 2.63599725],[0.54975964 0.54955342 0.54842758 0.54921058 0.54726391],[0.2430559  0.25074379 0.24740976 0.22550348 0.24584789],[0.15875973 0.16551832 0.16360304 0.14660432 0.16464669],[3.01473568 2.97783972 2.92861383 3.05080561 2.78404643]
347,"[7.17507004e-11 1.01189816e-10 1.10549717e-10 9.39669655e-11
 9.58142794e-11]",[0.0867817  0.08913717 0.08894986 0.09516943 0.08727623],[1.62992436 1.79310592 1.82980702 1.64717132 1.6383678 ],[0.56578582 0.5653567  0.56465138 0.55805729 0.55170551],[0.36265739 0.37256432 0.3717023  0.39833729 0.36338897],[0.29243168 0.30254331 0.29969214 0.31620147 0.29283078],[3.13748406 3.15671162 3.15343394 3.22122151 3.1471615 ]
348,"[7.82369024e-11 1.17422404e-10 1.26175383e-10 1.07286395e-10
 8.11386438e-11]",[0.07641046 0.07596963 0.07621804 0.07861902 0.08609804],[1.47981922 1.68401113 1.71228509 1.58020247 1.40623351],[0.54508512 0.54528616 0.54627711 0.53846245 0.5342358 ],[0.3150351  0.31231953 0.31325486 0.32406208 0.36151953],[0.25851087 0.25779901 0.25724407 0.26049299 0.28901111],[2.63415758 2.62319421 2.62965757 2.71035073 2.89342456]
349,"[1.11281916e-10 1.67089570e-10 1.79430012e-10 1.52149973e-10
 1.10953726e-10]",[0.07817941 0.07802388 0.07793772 0.07803644 0.083057  ],[1.52364159 1.69443885 1.72473746 1.65319759 1.51452661],[0.53162248 0.53095896 0.53098586 0.53344801 0.53266972],[0.31909821 0.31802989 0.31776839 0.31643234 0.34010874],[0.24571886 0.24456246 0.24476229 0.25001707 0.26969217],[2.74840737 2.73913206 2.74402198 2.79927852 2.90838197]
350,"[1.24204855e-10 1.89721130e-10 2.01143075e-10 1.59991667e-10
 1.02336907e-10]",[0.07856981 0.07856073 0.07852482 0.08188253 0.08892902],[1.63708497 1.82179284 1.83877363 1.67809243 1.47959838],[0.53528593 0.53475563 0.53424475 0.53421393 0.53764288],[0.33167379 0.33114514 0.33093555 0.34586535 0.37835593],[0.27471318 0.2734821  0.2733589  0.28085299 0.3065244 ],[2.71959478 2.71675921 2.71977515 2.81949656 2.97732271]
351,"[1.83368863e-10 2.62235883e-10 2.75744940e-10 2.21527154e-10
 1.65031305e-10]",[0.11191532 0.10155389 0.10017982 0.11380039 0.12796528],[1.63413948 1.73426306 1.72604976 1.75169609 1.58012175],[0.52673772 0.52649127 0.52593994 0.52265115 0.52543962],[0.25593829 0.26551291 0.26823411 0.27355471 0.2726517 ],[0.20521487 0.21140231 0.21298803 0.21502702 0.21519671],[3.11887852 3.026265   3.01091819 3.16726678 3.29462398]
352,"[1.44606218e-10 2.21803067e-10 2.34116881e-10 1.76029016e-10
 1.06847942e-10]",[0.06822885 0.06782036 0.06796681 0.06914238 0.07555194],[1.58861481 1.78030379 1.80137279 1.67227797 1.47634377],[0.52527773 0.52731528 0.52506068 0.524553   0.52608059],[0.27121039 0.2687474  0.26960856 0.27706907 0.30478472],[0.20442554 0.20256222 0.20341488 0.21405657 0.24375159],[2.51113134 2.49935327 2.50493688 2.55454398 2.72947745]
353,"[8.57595629e-11 1.28995038e-10 1.38432762e-10 1.17287739e-10
 8.45217542e-11]",[0.07468222 0.07435432 0.07445979 0.07509442 0.08153481],[1.5025852  1.70911018 1.7381897  1.6303393  1.43417499],[0.54064251 0.5413559  0.54029052 0.5353483  0.53550755],[0.30375294 0.30240679 0.30230674 0.30617283 0.33608661],[0.23969729 0.23916929 0.23891907 0.24110996 0.26371549],[2.73107072 2.7257067  2.72880645 2.77293584 2.8915468 ]
354,"[1.10118587e-10 1.63103839e-10 1.75810632e-10 1.55250026e-10
 1.36359128e-10]",[0.08946371 0.0893273  0.08967691 0.09158475 0.09416814],[1.88658949 2.07539903 2.1082374  2.05611173 1.88247922],[0.54901086 0.54898948 0.54951706 0.55030197 0.54269764],[0.28826799 0.29313398 0.28987427 0.28143347 0.28884181],[0.22022868 0.2237324  0.22113856 0.21672146 0.21950894],[3.00832409 2.99136431 3.00567598 3.09797596 3.2243868 ]
355,"[9.01676101e-11 1.32274195e-10 1.44570034e-10 1.34778157e-10
 1.10808084e-10]",[0.07567783 0.07692066 0.07565175 0.07137213 0.07139065],[1.57966991 1.77003016 1.81528423 1.79186849 1.68104733],[0.54503687 0.54604223 0.54429944 0.54058357 0.53788748],[0.3159205  0.32164682 0.3146315  0.29173254 0.29109902],[0.26011022 0.26496339 0.25961587 0.2429694  0.24104677],[2.92306613 2.93192749 2.91816041 2.86802176 2.90608134]
356,"[8.33184209e-11 1.22334287e-10 1.32822649e-10 1.16881052e-10
 1.01024533e-10]",[0.07251515 0.07305968 0.07270038 0.0726273  0.0754086 ],[1.50066074 1.68625603 1.735016   1.69959501 1.61287729],[0.54034749 0.54236723 0.5423391  0.53965074 0.53783591],[0.29832187 0.30076642 0.2980176  0.29581905 0.31104526],[0.24160781 0.24373475 0.24146197 0.23817439 0.2532442 ],[2.80622137 2.80190239 2.80459378 2.8454925  2.95184419]
357,"[6.42678117e-11 9.60344369e-11 1.02567017e-10 8.27322135e-11
 6.93315781e-11]",[0.08146979 0.08140675 0.08162571 0.08408046 0.08606779],[1.41518697 1.6143398  1.63867952 1.48951416 1.36880803],[0.54017269 0.54068839 0.53918195 0.54139324 0.53826144],[0.33871308 0.33898527 0.33858319 0.34581321 0.35515939],[0.26806977 0.26963018 0.26816935 0.27075945 0.27701755],[2.79840194 2.78992795 2.79755518 2.88327854 2.96825183]
358,"[5.94392353e-11 8.78284284e-11 9.51249827e-11 8.56589530e-11
 8.48635764e-11]",[0.10300865 0.1038601  0.10314624 0.10047395 0.09867397],[1.34104761 1.49593029 1.52168868 1.4380171  1.36155891],[0.55236292 0.55313482 0.55140052 0.54968882 0.54346748],[0.42400247 0.4279398  0.42344239 0.4094953  0.3985476 ],[0.34162284 0.34584858 0.34113506 0.32409688 0.30785336],[3.26492621 3.27357155 3.26380827 3.23722717 3.21893122]
359,"[6.55741630e-11 9.63121575e-11 1.04624682e-10 9.54942436e-11
 8.90948870e-11]",[0.08992316 0.09043974 0.09010387 0.09165131 0.09161944],[1.40211312 1.57344593 1.6037239  1.49364922 1.41323216],[0.54760523 0.54601953 0.54639536 0.54502844 0.54032212],[0.37738003 0.38099444 0.37716842 0.37375462 0.37292971],[0.2989669  0.30370447 0.2990974  0.28581404 0.28778402],[3.09795543 3.09460896 3.09560851 3.15387561 3.19045511]
360,"[1.09470986e-10 1.50739566e-10 1.58130364e-10 1.25577056e-10
 1.19862915e-10]",[0.13517101 0.12391594 0.12217146 0.13036687 0.14517757],[1.37806534 1.46503001 1.46422151 1.47473241 1.39919349],[0.53871833 0.53799343 0.53747715 0.53721808 0.53753986],[0.26673443 0.2807416  0.28588848 0.30332227 0.28866534],[0.20732893 0.21797094 0.21932306 0.2243051  0.21612078],[3.35915307 3.28726553 3.26803461 3.40886303 3.47322384]
361,"[8.91383215e-11 1.33064459e-10 1.42309216e-10 1.14216512e-10
 9.10408189e-11]",[0.0702937  0.06984137 0.07025745 0.07373408 0.07987917],[1.49370654 1.70077334 1.72905518 1.58871774 1.44975781],[0.53539543 0.53640382 0.53514125 0.53411449 0.53229269],[0.28887292 0.28670237 0.28841013 0.30355666 0.32964663],[0.23241059 0.23193395 0.23211551 0.23966784 0.25650611],[2.62697541 2.60964855 2.62253142 2.72605567 2.90499523]
362,"[7.13583840e-11 1.06748661e-10 1.14523682e-10 9.64424520e-11
 7.79575994e-11]",[0.08696458 0.08697348 0.0867418  0.08544904 0.08967505],[1.42773178 1.61089924 1.63641452 1.52316118 1.38813039],[0.54242807 0.54291871 0.5424563  0.53774649 0.53973465],[0.35691295 0.35621776 0.3554528  0.35163986 0.37170885],[0.27974694 0.2795704  0.27878731 0.27687703 0.2959005 ],[2.86957776 2.8598612  2.86374534 2.91392513 3.05723867]
363,"[8.69332735e-11 1.31752190e-10 1.39837147e-10 1.11528730e-10
 8.43558759e-11]",[0.074894   0.07441908 0.07479181 0.07659403 0.08203476],[1.39736831 1.58082021 1.61192578 1.54864036 1.43564544],[0.52802179 0.52936341 0.52909229 0.53228036 0.53527551],[0.31232724 0.31016119 0.31136804 0.31370258 0.33447432],[0.25296582 0.25303856 0.25218201 0.2486257  0.26392475],[2.75616148 2.74369209 2.7527433  2.81798283 2.9594543 ]
364,"[7.37455490e-11 1.09757845e-10 1.17643844e-10 9.91488288e-11
 8.69001695e-11]",[0.07508887 0.07544621 0.07515905 0.0734305  0.0752428 ],[1.34710893 1.51801937 1.56401835 1.57197195 1.51590871],[0.53539791 0.53527602 0.53559901 0.53965016 0.53544796],[0.31091159 0.31194528 0.31032009 0.30227319 0.31405998],[0.24705117 0.24796936 0.24661748 0.24201754 0.25508974],[2.84399144 2.83443175 2.84381562 2.91996373 3.00947876]
365,"[2.87028011e-10 4.10394406e-10 4.39821915e-10 4.35012878e-10
 6.29819516e-10]",[0.05948231 0.05993996 0.06035969 0.05858466 0.04992408],[2.69543955 2.9449479  2.96042389 3.01128622 3.20386224],[0.55887682 0.56124757 0.56067053 0.55627789 0.54288622],[0.20938222 0.21348491 0.2148209  0.20957093 0.1658927 ],[0.15671958 0.16335586 0.16083578 0.15022141 0.1184687 ],[2.58676596 2.62230911 2.62569269 2.69910272 2.49223077]
366,"[7.75577466e-11 1.11812774e-10 1.22123431e-10 1.09389080e-10
 1.13899739e-10]",[0.09932393 0.10168655 0.10027703 0.09661493 0.08848318],[1.58428206 1.72085112 1.76295847 1.68992703 1.68247971],[0.5583761  0.55864912 0.55883634 0.5546161  0.54833674],[0.41127989 0.42106538 0.41397586 0.3881689  0.3566738 ],[0.32392168 0.33292215 0.32559065 0.29656339 0.26622527],[3.31821222 3.33934203 3.32249416 3.26493913 3.18060313]
367,"[1.49453518e-10 2.17004182e-10 2.37528179e-10 2.11502221e-10
 1.98886548e-10]",[0.07630335 0.07688702 0.0762903  0.07479212 0.07534517],[1.90925147 2.08717132 2.12635275 2.03252651 1.96076449],[0.54131594 0.54086036 0.5403159  0.53505293 0.53781553],[0.26725113 0.27128426 0.2680578  0.26424791 0.26229713],[0.20647875 0.21008242 0.20717615 0.20180215 0.19830152],[2.82566893 2.82918778 2.82369768 2.8326669  2.86524725]
368,"[6.81819586e-11 9.88882982e-11 1.08516882e-10 1.01985815e-10
 9.67927400e-11]",[0.08905338 0.09028463 0.08944996 0.08733196 0.08551953],[1.46135337 1.62534738 1.66645785 1.60939915 1.56078821],[0.54772641 0.54920535 0.54817753 0.54552252 0.54286181],[0.36639203 0.37379359 0.36789852 0.35407549 0.34392511],[0.29274418 0.2992193  0.29396648 0.27757065 0.26568752],[2.96814246 2.97807556 2.97170412 2.99389589 3.01725078]
369,"[5.90341064e-11 8.73542110e-11 9.50163508e-11 8.96738868e-11
 7.95437955e-11]",[0.09236109 0.0919791  0.09201011 0.09007186 0.09245948],[1.41951917 1.60860662 1.63589582 1.54769804 1.42750896],[0.55039406 0.55071513 0.5511809  0.54520556 0.53928334],[0.37197619 0.37247256 0.36993729 0.35413564 0.36219929],[0.28670325 0.28858693 0.28559027 0.27613722 0.28474172],[3.04055627 3.03040628 3.03459497 3.05389809 3.09628597]
370,"[7.90300309e-11 1.18932577e-10 1.27000966e-10 1.07159201e-10
 9.58182961e-11]",[0.087859   0.08746625 0.0877357  0.08939355 0.09181143],[1.45334214 1.63670319 1.65540354 1.52916989 1.41864823],[0.54026608 0.53984549 0.5395957  0.5375031  0.53403541],[0.36858283 0.36719708 0.36723866 0.37071043 0.38038006],[0.29014676 0.28988434 0.28900529 0.2889155  0.29352757],[2.93302506 2.92010215 2.92743594 2.98352501 3.06373954]
371,"[1.37745279e-10 2.07221189e-10 2.21936011e-10 1.85771525e-10
 1.52548870e-10]",[0.07983013 0.07972633 0.07976015 0.08088438 0.08214056],[1.59411987 1.75046445 1.77749023 1.71993076 1.65430456],[0.53596426 0.53377031 0.5344847  0.53472572 0.52995988],[0.31334261 0.31175949 0.31154056 0.31928395 0.33428976],[0.23006593 0.23045644 0.22943573 0.23425948 0.25814386],[2.76517393 2.7473725  2.75682747 2.82324281 2.93648777]
372,"[1.18299755e-10 1.80020108e-10 1.91448208e-10 1.57116295e-10
 1.24541616e-10]",[0.07513934 0.07436015 0.07499722 0.0789093  0.08460134],[1.51097583 1.69235393 1.71382535 1.60063122 1.46102327],[0.52948716 0.53052263 0.52952714 0.52879412 0.5290396 ],[0.30372244 0.2996702  0.30214888 0.31855388 0.35187044],[0.24113238 0.23749285 0.2391387  0.24749686 0.27070809],[2.6339685  2.61717876 2.63007548 2.72961492 2.87596674]
373,"[9.73608329e-11 1.45409218e-10 1.57004818e-10 1.42544041e-10
 1.31161505e-10]",[0.09251442 0.09273863 0.09209381 0.08642386 0.08542786],[1.4910072  1.64455958 1.67246286 1.63406262 1.53028252],[0.5349939  0.53701988 0.5344797  0.53133688 0.52934284],[0.38091035 0.3812795  0.37947875 0.36023544 0.35766819],[0.29426124 0.29372587 0.29312023 0.28763578 0.28754873],[3.03591601 3.0348875  3.02728594 2.96149804 2.96365172]
374,"[7.89471932e-11 1.15608164e-10 1.26058579e-10 1.17606484e-10
 1.21074514e-10]",[0.08286922 0.08318075 0.08315646 0.08433563 0.0835875 ],[1.39194535 1.5579625  1.59264908 1.55292807 1.51218674],[0.53572698 0.53813404 0.53622778 0.53484514 0.52827412],[0.33853957 0.3405134  0.33976659 0.34384817 0.34356288],[0.26260313 0.26543241 0.26361156 0.26454392 0.26508962],[2.9026666  2.90078092 2.90502866 2.96370014 2.95998996]
375,"[1.66953881e-10 2.52402316e-10 2.71499157e-10 2.46611397e-10
 1.96366942e-10]",[0.07242933 0.07124103 0.07195528 0.07518174 0.08449297],[1.61311736 1.79029442 1.80866603 1.71626747 1.52646527],[0.52197581 0.52117118 0.52087616 0.52015325 0.5203033 ],[0.29685716 0.29149987 0.29451545 0.31092622 0.35262296],[0.2340353  0.23112246 0.23240692 0.24308138 0.27129494],[2.72589345 2.70421898 2.71777625 2.79061074 2.93170123]
376,"[1.09689006e-10 1.63315583e-10 1.76701922e-10 1.59464474e-10
 1.48043399e-10]",[0.08199649 0.08113314 0.08183017 0.08523005 0.08883374],[1.43526158 1.59491793 1.61874459 1.54438064 1.46733152],[0.52784461 0.52770122 0.52747818 0.52734036 0.52101513],[0.33744461 0.3337839  0.33676464 0.35462188 0.37655652],[0.25593528 0.25462163 0.25565097 0.26972455 0.30228072],[2.91176165 2.89476998 2.90684786 2.96858373 3.02437246]
377,"[1.33820094e-10 2.01146293e-10 2.16003947e-10 1.87955738e-10
 1.56840384e-10]",[0.08048756 0.0795982  0.08036235 0.08421211 0.08815403],[1.50599232 1.66413593 1.68377046 1.60915023 1.51670187],[0.52883742 0.52777984 0.52810045 0.52869407 0.52366954],[0.32444424 0.31914705 0.32286204 0.341445   0.36405184],[0.24080703 0.23795591 0.23991063 0.25169189 0.27933182],[2.93984286 2.92285362 2.93762151 3.01497456 3.05740965]
378,"[1.06360684e-10 1.57575734e-10 1.71147849e-10 1.60102407e-10
 1.62947107e-10]",[0.08462464 0.08454126 0.08470404 0.08525245 0.08324038],[1.39109977 1.53278427 1.56129268 1.51865984 1.51237422],[0.52801595 0.5292567  0.52878371 0.52513145 0.52335827],[0.3380889  0.33611738 0.33749859 0.34819885 0.35164229],[0.26600374 0.26405238 0.26487913 0.27164733 0.27723643],[2.87066547 2.86872702 2.87225952 2.90737874 2.87355071]
379,"[1.49814449e-10 2.24640250e-10 2.42874328e-10 2.25312789e-10
 1.96290459e-10]",[0.07514182 0.07502981 0.07500248 0.07430785 0.07640034],[1.52294409 1.67144204 1.70478929 1.70415262 1.62075102],[0.52425863 0.52335796 0.52499778 0.52090492 0.51504994],[0.30162274 0.30075732 0.30047326 0.30017003 0.31801089],[0.23155419 0.2305007  0.23026093 0.23478066 0.25798929],[2.77735771 2.77664036 2.77378991 2.75327391 2.77718697]
380,"[1.46528938e-10 2.22192903e-10 2.37741359e-10 2.06703307e-10
 1.73668666e-10]",[0.07931898 0.07880443 0.07927213 0.08210051 0.08505644],[1.49005619 1.63475902 1.65855551 1.6002191  1.50324934],[0.52008968 0.51841234 0.51867688 0.51865246 0.51754239],[0.33507083 0.33220518 0.33432562 0.34908739 0.36502856],[0.26898195 0.26627964 0.26852202 0.28701466 0.30303526],[2.86371829 2.84968516 2.86061721 2.93580769 3.00178351]
381,"[1.52016220e-10 2.29358579e-10 2.49088542e-10 2.48464412e-10
 2.09668937e-10]",[0.07185972 0.07086541 0.0713125  0.07239413 0.07917146],[1.56352624 1.73667893 1.7667195  1.74437174 1.58981169],[0.51841348 0.51778338 0.51739255 0.51584178 0.51763101],[0.2981028  0.29293965 0.29507809 0.29831693 0.3341653 ],[0.24784487 0.24408983 0.24510906 0.24695236 0.27879615],[2.79186324 2.77491928 2.78342022 2.8187448  2.92241605]
382,"[2.16391519e-10 3.29220685e-10 3.51505076e-10 2.98325254e-10
 2.37573026e-10]",[0.06798183 0.06711072 0.06775899 0.07138957 0.07767225],[1.70467222 1.88016375 1.89661136 1.79402035 1.58004875],[0.51530883 0.5166761  0.51552221 0.51484327 0.5148301 ],[0.27659993 0.27206681 0.27531835 0.29312286 0.32544022],[0.22666422 0.22386143 0.22591544 0.23826461 0.2638323 ],[2.7400967  2.72566234 2.73629772 2.80028162 2.87391705]
383,"[1.91276709e-10 2.86974368e-10 3.09443298e-10 2.75739567e-10
 2.26536384e-10]",[0.07217133 0.07163236 0.07205024 0.07428448 0.07710706],[1.61294852 1.76814995 1.79093562 1.7273466  1.61572925],[0.5149454  0.51517509 0.51467677 0.51551698 0.51576568],[0.29828242 0.29547084 0.29749032 0.30967503 0.3234718 ],[0.24046546 0.23998358 0.2408085  0.25148681 0.26534662],[2.83916411 2.82771377 2.83680384 2.8879514  2.91104279]
384,"[1.45288778e-10 2.14245049e-10 2.34237515e-10 2.32334772e-10
 2.34805032e-10]",[0.07480048 0.07422013 0.07462052 0.07598544 0.07822502],[1.5006294  1.654363   1.68400729 1.65716994 1.58412656],[0.51574305 0.51616364 0.51575594 0.51495525 0.51147275],[0.31319993 0.31072659 0.31229281 0.31855889 0.32823321],[0.26155304 0.25976448 0.26081202 0.26590838 0.27349083],[2.84630675 2.82878357 2.83988298 2.88075379 2.91808767]
385,"[2.14891386e-10 3.23552764e-10 3.50619146e-10 3.37601647e-10
 2.81658205e-10]",[0.06324036 0.06240257 0.06275096 0.06322811 0.06838603],[1.78185961 1.9729128  2.00495956 1.98755653 1.78829903],[0.51282926 0.51301815 0.51333068 0.51203622 0.51297971],[0.25453148 0.25014036 0.25179189 0.25353178 0.28212669],[0.21953767 0.21648201 0.21739278 0.21735595 0.24137262],[2.64061413 2.61918221 2.63380504 2.70577738 2.79715623]
386,"[2.45739396e-10 3.72237701e-10 3.96958242e-10 3.24246937e-10
 2.58632318e-10]",[0.05981676 0.05900048 0.05975904 0.06577999 0.07270917],[1.90006754 2.10904334 2.12311529 1.91936188 1.68642322],[0.51645287 0.51712265 0.51722846 0.5135672  0.51146567],[0.23235694 0.22857358 0.23197455 0.26049311 0.29713979],[0.18832477 0.18582839 0.18812352 0.20788536 0.23814822],[2.55327726 2.53617462 2.55319114 2.68916744 2.79315917]
387,"[2.02995321e-10 3.02306557e-10 3.29505319e-10 3.20275846e-10
 2.75382540e-10]",[0.06589619 0.06553004 0.06571268 0.06642948 0.06929436],[1.70228303 1.87067742 1.90341052 1.86573553 1.72906836],[0.51284496 0.51173631 0.51201956 0.5147324  0.51375072],[0.26537777 0.26289772 0.26420927 0.26836532 0.28427946],[0.21914793 0.21755591 0.21814417 0.22140644 0.23688976],[2.69274847 2.68550305 2.69295533 2.74476902 2.76529153]
388,"[2.24282279e-10 3.39078921e-10 3.65915443e-10 3.45340480e-10
 2.95284755e-10]",[0.06296667 0.06194614 0.06239363 0.0627285  0.06707278],[1.70880351 1.89433982 1.92125074 1.91248875 1.76714635],[0.50999523 0.5091611  0.5096604  0.51129955 0.50633229],[0.24833717 0.24298121 0.24491897 0.24708311 0.27121997],[0.19578967 0.19159538 0.19360146 0.19701284 0.2188195 ],[2.65414876 2.63767256 2.64616854 2.67410654 2.75494793]
389,"[1.76821065e-10 2.68189672e-10 2.89131287e-10 2.73966444e-10
 2.23350704e-10]",[0.06866156 0.06774052 0.06813245 0.0681599  0.07269514],[1.61671849 1.79508772 1.82166132 1.79787462 1.63733762],[0.51653143 0.51684107 0.51657    0.5149813  0.51026409],[0.28035985 0.27536176 0.27734552 0.27852255 0.30078751],[0.2284769  0.22570306 0.22660885 0.22822842 0.24679608],[2.71852794 2.70094922 2.70970136 2.73048256 2.77690821]
390,"[3.04565346e-10 4.62833716e-10 4.98887916e-10 4.58997733e-10
 3.57371543e-10]",[0.0553458  0.05465581 0.05491429 0.05585227 0.06125529],[1.99300586 2.19822813 2.23144726 2.17738479 1.94235526],[0.51228258 0.512002   0.51093999 0.50796206 0.50527952],[0.21081933 0.20741913 0.2086128  0.21439667 0.24372566],[0.18235405 0.17900426 0.18022136 0.18650363 0.20876061],[2.60334957 2.5872527  2.59559433 2.63616444 2.73249462]
391,"[2.49205711e-10 3.79160676e-10 4.07395260e-10 3.68333965e-10
 2.86419576e-10]",[0.06078141 0.05979217 0.06035678 0.06267495 0.06769827],[1.80351729 1.99234852 2.01919055 1.97088969 1.81762138],[0.50903976 0.51009422 0.50958826 0.51036287 0.50958254],[0.24098986 0.23582745 0.23870649 0.25078113 0.27590831],[0.20635878 0.20350317 0.20479178 0.21252048 0.23315157],[2.69399395 2.67736786 2.68738677 2.73109663 2.79771537]
392,"[1.85502890e-10 2.77861983e-10 3.01396152e-10 2.87628255e-10
 2.57664349e-10]",[0.06514668 0.06424945 0.06478975 0.06702061 0.07157511],[1.65088033 1.8392247  1.86366659 1.79591885 1.63854981],[0.50811348 0.50983686 0.50817575 0.5052968  0.50105434],[0.26414497 0.25960472 0.26188758 0.27200009 0.29577844],[0.22531342 0.22214489 0.22347885 0.22925746 0.24695469],[2.66700146 2.65014064 2.66191814 2.72579818 2.77724242]
393,"[1.83301996e-10 2.71458751e-10 2.94216763e-10 2.74940262e-10
 2.65372699e-10]",[0.0675044  0.06736941 0.06758537 0.06842865 0.06805545],[1.59631436 1.75172689 1.78421256 1.76668808 1.74149527],[0.50980998 0.50973296 0.51008996 0.51019304 0.50804132],[0.27711722 0.27611282 0.27707728 0.28149092 0.27983811],[0.23059816 0.23146365 0.23163836 0.23766984 0.23521375],[2.66997731 2.66548893 2.66723921 2.66918682 2.68948537]
394,"[2.85948620e-10 4.32489693e-10 4.68212041e-10 4.52056565e-10
 3.56521642e-10]",[0.05194181 0.05143021 0.05155299 0.05136556 0.05570042],[2.07148986 2.29404287 2.34497761 2.37267387 2.14238705],[0.51002697 0.50955971 0.5097432  0.50853374 0.5073134 ],[0.19619568 0.19353384 0.19403086 0.19321141 0.21518071],[0.17227845 0.17066725 0.1707032  0.16862526 0.18650463],[2.50394362 2.49522666 2.49617687 2.47906711 2.55866916]
395,"[2.99658858e-10 4.43310698e-10 4.82941987e-10 4.59396781e-10
 4.45237260e-10]",[0.05746438 0.05773204 0.05742114 0.05519326 0.05229208],[1.95649031 2.11597531 2.16919403 2.23837179 2.27966249],[0.50814445 0.51031559 0.50837813 0.50953755 0.50551821],[0.22399211 0.22501515 0.22365227 0.21208543 0.19770211],[0.1866655  0.18647319 0.18583315 0.18110627 0.17347721],[2.52026275 2.51991592 2.51964681 2.52491199 2.51465586]
396,"[2.97319167e-10 4.67424819e-10 4.95431963e-10 4.52361487e-10
 3.41894768e-10]",[0.05230259 0.05081249 0.05135938 0.05181594 0.05897546],[2.03465875 2.29044679 2.3170884  2.28395081 1.9720226 ],[0.50825737 0.50660198 0.50775055 0.50679334 0.5088988 ],[0.19777676 0.19011256 0.19290312 0.1952031  0.23168957],[0.17370541 0.16796641 0.17006364 0.17284569 0.19812022],[2.42718012 2.40507466 2.41213997 2.43376677 2.58598398]
397,"[3.24608984e-10 5.07821840e-10 5.41782312e-10 5.15867457e-10
 3.77576197e-10]",[0.0497016  0.0481138  0.04873488 0.04986889 0.05989426],[2.10587976 2.37972908 2.40281869 2.33296917 1.92347422],[0.50284766 0.50375485 0.50259019 0.50402668 0.50170545],[0.18435594 0.17653294 0.1795279  0.18576686 0.23763619],[0.1669559  0.16036643 0.16316579 0.1699217  0.20865872],[2.42461705 2.38763386 2.40796864 2.49197904 2.63769775]
398,"[3.48089265e-10 5.36814541e-10 5.81871398e-10 6.33542726e-10
 4.73192211e-10]",[0.04623492 0.04536898 0.04544514 0.04289617 0.04858169],[2.29946465 2.57640582 2.63054666 2.75020422 2.37491438],[0.50509221 0.50460166 0.50543526 0.50713936 0.50665318],[0.16631812 0.16215909 0.16227408 0.15045756 0.17831337],[0.1460963  0.14345678 0.14315947 0.1338224  0.15265329],[2.42576504 2.41232449 2.41251639 2.34820447 2.45685733]
399,"[2.21878669e-10 3.36557831e-10 3.59728100e-10 3.13857327e-10
 2.79481775e-10]",[0.05956923 0.05881847 0.05928286 0.0610487  0.06378699],[1.7857196  1.98252024 2.01253781 1.94909409 1.82823881],[0.50760676 0.50843051 0.50760463 0.50800487 0.50610365],[0.23545799 0.23152941 0.23366123 0.24280058 0.25688396],[0.20270907 0.20051391 0.20154338 0.20467473 0.21842722],[2.52917049 2.50829708 2.52117022 2.58639431 2.68992631]
400,"[3.50747040e-10 5.40964804e-10 5.82456932e-10 5.84943054e-10
 4.33789440e-10]",[0.04720957 0.04611666 0.04637393 0.04521231 0.052593  ],[2.1860694  2.45160802 2.49613272 2.57399294 2.19864688],[0.50054666 0.50197558 0.50142938 0.50254455 0.50033756],[0.17123542 0.16609542 0.16713567 0.16159412 0.19895192],[0.14863467 0.14545374 0.14569267 0.14267047 0.176201  ],[2.33293133 2.31412472 2.31992636 2.32037466 2.48774687]
401,"[2.13305588e-10 3.19372301e-10 3.45883695e-10 3.23504792e-10
 2.84903517e-10]",[0.05593303 0.05526165 0.05558534 0.05704961 0.06172247],[1.83605416 2.05167465 2.09011964 2.0270504  1.8387517 ],[0.50942051 0.51107868 0.50891125 0.50983728 0.50801249],[0.21570776 0.21222369 0.21371318 0.22091207 0.24575529],[0.18650529 0.1846113  0.18526104 0.18916145 0.2088708 ],[2.53742512 2.52274371 2.53224888 2.58500841 2.6334319 ]
402,"[3.16279307e-10 4.81472501e-10 5.18928460e-10 5.11496010e-10
 3.91937592e-10]",[0.05706683 0.05382587 0.05335859 0.05615081 0.05723989],[2.37908667 2.57036503 2.58308583 2.65603088 2.34570663],[0.50757669 0.50893157 0.5078471  0.50866758 0.50986354],[0.18458028 0.18173029 0.18210517 0.17833355 0.1952133 ],[0.15576459 0.15347194 0.15441136 0.14870819 0.16428001],[2.56781746 2.51454383 2.51526315 2.63112492 2.66491356]
403,"[2.91814111e-10 4.48914657e-10 4.82106310e-10 4.74825895e-10
 3.80174737e-10]",[0.050643   0.04978329 0.05004323 0.0489863  0.0526754 ],[2.03048489 2.26911077 2.31228509 2.36967047 2.15588763],[0.50473857 0.50413533 0.50552522 0.50612645 0.50636392],[0.18970404 0.18539367 0.18652913 0.1808239  0.19979234],[0.17044046 0.16780305 0.16804348 0.16109412 0.17581947],[2.39221653 2.36936963 2.38244598 2.41817761 2.5037032 ]
404,"[3.69935027e-10 5.60501574e-10 6.09985226e-10 6.26192524e-10
 5.12783455e-10]",[0.04523093 0.04474348 0.04466378 0.04246908 0.04487973],[2.3206744  2.57292368 2.64077172 2.7775523  2.57166594],[0.51038223 0.50793656 0.50929319 0.50920375 0.50825311],[0.16201216 0.15988416 0.15940871 0.14888574 0.16070827],[0.14038308 0.13903121 0.13820464 0.13250061 0.14363786],[2.42517748 2.40442306 2.41214319 2.40741051 2.44602835]
405,"[2.53224075e-10 3.89226831e-10 4.17244615e-10 4.06665532e-10
 3.54603854e-10]",[0.0520907  0.05116937 0.05147044 0.05057394 0.05354403],[1.974453   2.21415015 2.25591169 2.27729822 2.10487796],[0.50656237 0.50711007 0.50680995 0.50555054 0.50082089],[0.19591261 0.1912588  0.19257722 0.18811665 0.20363259],[0.17060675 0.16668477 0.16811615 0.16486869 0.17475699],[2.44770094 2.43042655 2.43756803 2.44015918 2.47950204]
406,"[3.55491950e-10 5.31249564e-10 5.81389516e-10 6.17044479e-10
 5.40480313e-10]",[0.04582487 0.04565509 0.04546673 0.04279659 0.04376333],[2.25531133 2.48785298 2.55822521 2.71538094 2.59056799],[0.50863609 0.50712758 0.50834032 0.50894284 0.51027541],[0.16560442 0.16478392 0.16384083 0.15081336 0.15476954],[0.14641783 0.14640024 0.14529794 0.13400951 0.13638921],[2.35545362 2.35029516 2.34701969 2.29617997 2.35738113]
407,"[2.75744608e-10 4.19550580e-10 4.51352384e-10 4.19765470e-10
 3.59854626e-10]",[0.05066901 0.04983822 0.05016094 0.05061648 0.0534212 ],[2.05449247 2.29811069 2.34069627 2.31878468 2.15625864],[0.50904367 0.50944022 0.50822653 0.5075925  0.51005412],[0.18932839 0.18530239 0.18663769 0.18843587 0.20303646],[0.16821532 0.16537232 0.16615544 0.16806284 0.18021477],[2.45138779 2.43914034 2.44513256 2.46673823 2.50330275]
408,"[4.01408468e-10 5.82290121e-10 6.41801629e-10 6.40622132e-10
 6.87832704e-10]",[0.05506995 0.05614569 0.0553717  0.05455412 0.05094503],[2.61929067 2.78655226 2.85799621 2.84477665 2.91386447],[0.52624989 0.5277616  0.52753086 0.52547854 0.52366416],[0.20665396 0.21251278 0.20797088 0.20369544 0.18652575],[0.17232721 0.17591584 0.1729307  0.17338917 0.16373859],[2.57511435 2.5883452  2.57827239 2.60291065 2.58377169]
409,"[9.27431987e-11 1.38578477e-10 1.49642781e-10 1.39505538e-10
 1.35444788e-10]",[0.08807304 0.08756381 0.08772628 0.08788612 0.08783617],[1.55974104 1.74160994 1.76066429 1.62644557 1.53233368],[0.53929667 0.53936898 0.53831966 0.53488736 0.52924443],[0.36026071 0.35867671 0.3593899  0.36134941 0.36032445],[0.27523029 0.27558509 0.27488548 0.27533562 0.27534577],[3.03490732 3.01955459 3.0276995  3.06058934 3.04228795]
410,"[1.08897655e-10 1.65624258e-10 1.76536262e-10 1.54488653e-10
 1.41342739e-10]",[0.08045828 0.07935377 0.08025396 0.08559759 0.08815576],[1.48555434 1.67036227 1.68277838 1.54934889 1.46384387],[0.53259798 0.53284204 0.53228859 0.52778061 0.52061384],[0.33940246 0.33424226 0.33828556 0.36085692 0.37319306],[0.27659771 0.2741145  0.27599905 0.29025867 0.3034825 ],[2.90333906 2.88575094 2.90425619 3.03633163 3.06702263]
411,"[1.74748905e-10 2.57462736e-10 2.75877786e-10 2.33118434e-10
 2.18594031e-10]",[0.07125798 0.06999422 0.07047957 0.08249289 0.08735199],[1.75959288 1.9466067  1.95972891 1.95457808 1.78779901],[0.52439346 0.52515087 0.52362274 0.52284859 0.51922531],[0.25764973 0.25608577 0.25905623 0.29115263 0.29368992],[0.20030785 0.20081278 0.20268259 0.22381235 0.23389176],[2.82354956 2.79496836 2.80964987 2.99864663 3.10939497]
412,"[1.64610154e-10 2.48120502e-10 2.68081069e-10 2.51559351e-10
 2.04661330e-10]",[0.07085945 0.07009459 0.07056874 0.07241057 0.07664589],[1.59198753 1.7624751  1.78996009 1.750368   1.62702568],[0.52355987 0.52199489 0.52184121 0.51770988 0.5196008 ],[0.28298856 0.27878656 0.28125932 0.29358859 0.32112212],[0.21258526 0.21027909 0.21149874 0.22323429 0.25845888],[2.6885957  2.67095508 2.68387565 2.763538   2.84454382]
413,"[1.21114140e-10 1.80131676e-10 1.94925059e-10 1.78023070e-10
 1.63590177e-10]",[0.07284432 0.07228525 0.07282256 0.07583287 0.0777421 ],[1.53711603 1.71782943 1.74773922 1.67900807 1.60157248],[0.52778931 0.52699594 0.52723039 0.52621748 0.52066454],[0.29456041 0.29240557 0.29441709 0.30681111 0.31942387],[0.2325961  0.23384615 0.23274303 0.2321128  0.24531771],[2.72958678 2.71625935 2.72769685 2.8081655  2.87317963]
414,"[1.14238733e-10 1.71679304e-10 1.84793279e-10 1.67016435e-10
 1.53718323e-10]",[0.074762   0.07357188 0.07446144 0.07858993 0.0823919 ],[1.50688812 1.69427167 1.71771916 1.63192734 1.54981825],[0.5241749  0.5228713  0.52364036 0.5264476  0.52105242],[0.30689583 0.30030717 0.30519972 0.3274099  0.34686523],[0.25141388 0.24962411 0.25078165 0.25956776 0.2732815 ],[2.81873606 2.80006505 2.81356634 2.88333479 2.94299387]
415,"[1.29807716e-10 1.96913900e-10 2.10718075e-10 1.83058125e-10
 1.55694612e-10]",[0.07531485 0.07395059 0.07503564 0.08071288 0.08619868],[1.5131689  1.69511543 1.71267708 1.60110928 1.47313151],[0.52012304 0.51856125 0.51875526 0.51983386 0.51895594],[0.30962035 0.30300693 0.30813318 0.33563899 0.36411572],[0.24497262 0.24205788 0.24464642 0.26579812 0.28985418],[2.83165151 2.80900016 2.82914264 2.94507345 3.01099659]
416,"[1.40235168e-10 2.12276983e-10 2.28290752e-10 2.06343261e-10
 1.69053004e-10]",[0.06928428 0.0680371  0.06886093 0.07290315 0.08107464],[1.59213107 1.78727662 1.81267214 1.724588   1.55633759],[0.52274089 0.52155242 0.52208809 0.51829009 0.51810198],[0.28247947 0.27615266 0.27999052 0.30036899 0.34328029],[0.22936941 0.22563078 0.22788193 0.24417246 0.28250766],[2.69864721 2.67638314 2.69440884 2.8102297  2.93185518]
417,"[1.72812194e-10 2.65871858e-10 2.80385882e-10 2.18116453e-10
 1.61365680e-10]",[0.0638619  0.06268239 0.06356297 0.06927398 0.07680703],[1.74838096 1.96592919 1.98269857 1.79948144 1.58930054],[0.52419479 0.52396629 0.52396229 0.52165455 0.52176809],[0.25156891 0.24505016 0.24995233 0.27914506 0.3173431 ],[0.19594245 0.19143795 0.19474699 0.21705595 0.24791623],[2.592903   2.56770658 2.58959547 2.73777169 2.83409155]
418,"[1.33129810e-10 1.98953099e-10 2.14870450e-10 1.97882367e-10
 1.83645326e-10]",[0.07328121 0.07246933 0.07314759 0.07643889 0.07951737],[1.46562005 1.62986608 1.65596692 1.60015578 1.54957035],[0.51914104 0.51911821 0.51883615 0.51767306 0.5134661 ],[0.30125719 0.2969236  0.30029075 0.31774563 0.33578288],[0.24232446 0.24042868 0.24193103 0.25704818 0.27502454],[2.70721278 2.69181023 2.70466794 2.78802231 2.87090685]
419,"[2.91606158e-10 4.56339178e-10 4.82013366e-10 3.99050131e-10
 2.33489836e-10]",[0.05349672 0.05207062 0.0528262  0.05694907 0.07109784],[2.01271237 2.26038248 2.27975688 2.1393508  1.71643705],[0.51240768 0.5121545  0.51267622 0.51523002 0.51613198],[0.20043659 0.19314139 0.19703318 0.21828579 0.29109646],[0.16218719 0.15741644 0.15978836 0.17553338 0.23436476],[2.50145237 2.47030594 2.48773747 2.58234335 2.81987717]
420,"[1.35532767e-10 2.03555575e-10 2.18452100e-10 1.88851936e-10
 1.70627955e-10]",[0.07143681 0.07038751 0.0712375  0.07620329 0.08071193],[1.52133008 1.69830415 1.72159295 1.61245445 1.5178359 ],[0.51543371 0.51605657 0.51445209 0.51429479 0.51346913],[0.29421392 0.28849762 0.29268261 0.3181306  0.34106569],[0.24010236 0.23677747 0.23932459 0.25644713 0.27402924],[2.7283388  2.71392818 2.72632751 2.81192828 2.86575843]
421,"[1.68765978e-10 2.53108698e-10 2.69466338e-10 2.26078314e-10
 1.93987006e-10]",[0.07734368 0.07420598 0.07458799 0.08041251 0.08822515],[1.72014772 1.85483353 1.85686256 1.76314865 1.68955387],[0.51797852 0.51826836 0.51854334 0.5134936  0.51315035],[0.28480576 0.28227887 0.28685438 0.31590259 0.33488557],[0.23478951 0.23346351 0.23651707 0.25884182 0.28055344],[2.87114716 2.82951805 2.83355726 2.92255488 3.03650006]
422,"[1.51257157e-10 2.24437976e-10 2.42513519e-10 2.16296722e-10
 2.07930235e-10]",[0.06919184 0.06886935 0.0693635  0.07264723 0.07175531],[1.55683513 1.72051264 1.75058169 1.67850173 1.68962344],[0.50964509 0.51045424 0.51018305 0.51042331 0.51398536],[0.28298242 0.28161973 0.28365344 0.30084166 0.29733778],[0.23168505 0.2311712  0.23240208 0.24570747 0.24275611],[2.70107113 2.69661801 2.70600974 2.79301687 2.79998242]
423,"[1.97605070e-10 2.96309501e-10 3.18438102e-10 2.72829268e-10
 2.29110040e-10]",[0.06598747 0.06522977 0.06577672 0.06885219 0.07309997],[1.68090317 1.85837997 1.88065369 1.77110819 1.6401872 ],[0.50747107 0.50691046 0.50501736 0.50716949 0.50418743],[0.2670609  0.26273395 0.26578623 0.28239046 0.3050889 ],[0.21883257 0.21693436 0.21842075 0.23071157 0.25138073],[2.74059107 2.73096442 2.73849061 2.78476234 2.82292036]
424,"[2.40773338e-10 3.63034932e-10 3.91447039e-10 3.53055516e-10
 2.74510264e-10]",[0.06070368 0.05997952 0.06038406 0.06236596 0.06781874],[1.76625266 1.94690401 1.97624845 1.91608975 1.76116857],[0.50933264 0.50926525 0.50871505 0.50458974 0.50969189],[0.24042522 0.23665022 0.23853082 0.24860229 0.27711658],[0.20149951 0.19937509 0.20033212 0.20788164 0.23348636],[2.64360165 2.63184102 2.63783065 2.66914384 2.74905928]
425,"[2.19222628e-10 3.36971713e-10 3.60449495e-10 3.20097981e-10
 2.34629379e-10]",[0.06082717 0.0596181  0.06019126 0.06238404 0.07091555],[1.77566495 1.98669059 2.00976411 1.93035927 1.67692331],[0.51241085 0.51168071 0.511547   0.51322254 0.50967506],[0.23866041 0.23174244 0.23486773 0.24721669 0.29376823],[0.19312509 0.18694914 0.18965607 0.19971701 0.24525284],[2.59851501 2.57262745 2.58826197 2.66689268 2.763109  ]
426,"[4.46564424e-10 6.57714901e-10 7.17832926e-10 6.63638380e-10
 5.60039378e-10]",[0.05517575 0.05504293 0.05502904 0.0564582  0.06216933],[2.60888465 2.78835218 2.84171279 2.77266322 2.52168153],[0.51522219 0.51626731 0.51363276 0.5189069  0.5172238 ],[0.20874788 0.20829475 0.20802276 0.21557727 0.24410458],[0.17416467 0.17523407 0.17420126 0.18090229 0.20184293],[2.60323645 2.60282636 2.60213895 2.64060661 2.74906408]
427,"[1.11505629e-10 1.66379920e-10 1.79895003e-10 1.65790350e-10
 1.59918760e-10]",[0.07575469 0.07502742 0.0755198  0.07772541 0.07894345],[1.45473066 1.62553029 1.65365941 1.58763479 1.54939383],[0.52252782 0.52364537 0.52337236 0.51758349 0.51536155],[0.30959133 0.3060551  0.30766399 0.31420586 0.3214883 ],[0.24757135 0.2471005  0.24672125 0.24834635 0.25297972],[2.85274045 2.84320668 2.84899713 2.88244773 2.89032747]
428,"[2.21664826e-10 3.33260095e-10 3.59788849e-10 3.22283401e-10
 2.43444052e-10]",[0.05949948 0.05877471 0.05920275 0.06172406 0.0677858 ],[1.84156315 2.03912823 2.07476826 1.99962221 1.81598182],[0.51759305 0.51840104 0.51813824 0.51444725 0.51590989],[0.23259487 0.22871028 0.23086945 0.24425811 0.27642137],[0.18818075 0.18487179 0.18648934 0.19662565 0.22685493],[2.57856717 2.55701108 2.56890894 2.63250853 2.77215803]
429,"[1.59410533e-10 2.36995400e-10 2.58192968e-10 2.45861577e-10
 2.08349352e-10]",[0.06760319 0.06662151 0.06722249 0.06934884 0.07426796],[1.64892502 1.83861956 1.86878853 1.81518796 1.67229384],[0.5163315  0.51710842 0.51736982 0.51387514 0.51506983],[0.27412001 0.26863246 0.2719046  0.28229342 0.30791722],[0.21999432 0.21660664 0.21874676 0.22920932 0.25524564],[2.7501799  2.73991834 2.74751791 2.78529293 2.80845825]
430,"[2.34668791e-10 3.46919687e-10 3.76890234e-10 3.48853018e-10
 3.58723641e-10]",[0.06021284 0.06011753 0.06022182 0.06176302 0.05944267],[1.89638728 2.07976852 2.11698409 2.05622328 2.12922246],[0.51698955 0.51586468 0.5145206  0.51578205 0.51325245],[0.22707104 0.22733596 0.22708908 0.23566249 0.22615519],[0.1919254  0.19299916 0.19241873 0.19920126 0.19072199],[2.67574196 2.6703997  2.67385448 2.70944576 2.72694331]
431,"[2.03408880e-10 3.01183558e-10 3.25714316e-10 2.88748494e-10
 2.68614503e-10]",[0.0607079  0.06027594 0.06071348 0.06422829 0.06662317],[1.77833615 1.96883992 2.00249386 1.9105702  1.82739484],[0.51955092 0.5159007  0.51877301 0.51821564 0.52093458],[0.23884115 0.23673562 0.23876187 0.25654628 0.26714272],[0.20127431 0.20041709 0.20182047 0.21556741 0.2195171 ],[2.67399582 2.65882592 2.67220556 2.76401011 2.81699822]
432,"[2.66633410e-10 4.07696219e-10 4.35393399e-10 3.76141306e-10
 2.76389767e-10]",[0.05610777 0.05524437 0.05565899 0.05790211 0.06495775],[1.95449458 2.17666393 2.19959857 2.0735565  1.82343642],[0.51487251 0.51331148 0.51434633 0.51088064 0.51403803],[0.21491626 0.21035059 0.21268973 0.22483861 0.26251876],[0.17630124 0.17293274 0.17455189 0.18544    0.22281091],[2.5217352  2.49900729 2.51061805 2.5668945  2.6885672 ]
433,"[1.73190273e-10 2.54471656e-10 2.77179974e-10 2.58255362e-10
 2.46040525e-10]",[0.07884917 0.07931657 0.07877142 0.07695984 0.07724253],[1.71733186 1.85979883 1.8909651  1.85484887 1.83426143],[0.52715197 0.52663109 0.52662349 0.51854861 0.5182974 ],[0.28681727 0.28870635 0.28691244 0.28851439 0.29369458],[0.21597127 0.21821527 0.21648849 0.22032491 0.2244669 ],[3.021016   3.02059626 3.02002255 3.05393546 3.07988169]
434,"[1.41331293e-10 2.07101356e-10 2.25806634e-10 2.09703464e-10
 2.05725230e-10]",[0.07917403 0.07934915 0.07922833 0.08031032 0.07974635],[1.72542595 1.88619436 1.9191899  1.82942465 1.76160005],[0.52586208 0.52615406 0.52688443 0.52517869 0.52284676],[0.32354649 0.3244116  0.32339387 0.32912866 0.33136457],[0.25968276 0.26346206 0.26060065 0.26021042 0.26358714],[2.9088303  2.90448572 2.90894538 2.9777496  2.99254111]
435,"[2.12975752e-10 3.17757216e-10 3.43594845e-10 3.04605908e-10
 2.56237544e-10]",[0.07312158 0.07277922 0.07290764 0.07447728 0.07746544],[1.83557954 1.99659011 2.02147205 1.94545118 1.84973465],[0.52746735 0.52621287 0.52567299 0.52208472 0.5220757 ],[0.29761162 0.29596417 0.2965062  0.30515066 0.32258016],[0.23628592 0.2361367  0.23610059 0.2462207  0.26014936],[2.88097866 2.87380709 2.87527748 2.89656043 2.96746938]
436,"[1.51369343e-10 2.16537209e-10 2.40228327e-10 2.60953439e-10
 3.75329981e-10]",[0.07667392 0.0772836  0.07693386 0.07390463 0.06243193],[1.81018372 1.95593769 2.00773257 2.08621326 2.45084829],[0.5353819  0.53515942 0.53489733 0.5315025  0.52847437],[0.31066916 0.31581254 0.31214376 0.2906418  0.2309369 ],[0.24504074 0.25214963 0.24706801 0.22367997 0.17697217],[2.86222928 2.86306699 2.86309508 2.88345169 2.81954256]
437,"[1.70562143e-10 2.50836210e-10 2.75318170e-10 2.72943879e-10
 2.40435749e-10]",[0.06578056 0.06580566 0.06569317 0.0655794  0.06837769],[1.79597628 1.9727442  2.02406218 2.03404511 1.92927187],[0.52469516 0.52418347 0.52494073 0.52464676 0.52437087],[0.26147953 0.26109142 0.26091804 0.2612544  0.27788574],[0.2007451  0.2004722  0.20014433 0.20326681 0.2225158 ],[2.82542708 2.8219804  2.82470166 2.85750013 2.90639744]
438,"[1.48913483e-10 2.22787827e-10 2.41236784e-10 2.22475022e-10
 1.84222482e-10]",[0.06339187 0.06298596 0.06325843 0.06505658 0.06875098],[1.55580372 1.74565162 1.77968181 1.72860729 1.61334996],[0.51522016 0.51443843 0.51523619 0.5165043  0.51438224],[0.25606297 0.25360952 0.25497645 0.26333277 0.28171084],[0.21861041 0.21789219 0.21836274 0.22331164 0.23994858],[2.66277545 2.65423378 2.65913424 2.6933469  2.75089034]
439,"[1.52576224e-10 2.26498822e-10 2.45647827e-10 2.22865844e-10
 1.90949424e-10]",[0.06569765 0.06510523 0.06562255 0.06950717 0.0753385 ],[1.75370226 1.95837749 1.99123091 1.8770595  1.70399807],[0.52378191 0.5255884  0.52272793 0.52167078 0.52037651],[0.26093765 0.25811818 0.26004339 0.27936755 0.30962398],[0.21745633 0.21550678 0.21704667 0.23423947 0.26480715],[2.67821468 2.66388496 2.67924679 2.80215017 2.88187663]
440,"[1.45927214e-10 2.20335278e-10 2.35372916e-10 2.01068105e-10
 1.73443029e-10]",[0.06743483 0.06693441 0.06749011 0.07157207 0.07358297],[1.56630824 1.75542372 1.77479113 1.63038308 1.52214292],[0.51961123 0.52037153 0.5187574  0.51366341 0.51215387],[0.26958485 0.2667885  0.26947768 0.28903074 0.30289443],[0.21747062 0.21534643 0.21745033 0.23409864 0.25136533],[2.63615456 2.62187948 2.63476333 2.73444329 2.81217657]
441,"[1.65205767e-10 2.49375141e-10 2.66644751e-10 2.25331381e-10
 1.88008433e-10]",[0.06568794 0.06478129 0.06566781 0.07185342 0.07710483],[1.54693071 1.7323077  1.74745768 1.60272603 1.4897602 ],[0.51542988 0.51707812 0.51623469 0.51601426 0.51599362],[0.26532502 0.26019145 0.26478402 0.29452039 0.32280104],[0.21848994 0.21415362 0.21778662 0.24088172 0.27082927],[2.71238722 2.69261213 2.71204263 2.82866055 2.89435119]
442,"[1.81160602e-10 2.69258910e-10 2.84342775e-10 2.25968688e-10
 1.96955977e-10]",[0.08179536 0.07661587 0.07697784 0.07725466 0.0920598 ],[1.79766743 1.93773437 1.92487116 1.8024667  1.66051263],[0.52045134 0.52023323 0.51919781 0.51710567 0.51682719],[0.24159644 0.24173881 0.24656467 0.28211184 0.28916125],[0.19157574 0.19066526 0.19374955 0.21737236 0.23766908],[2.9805231  2.90530071 2.90872499 2.87455226 3.08522267]
443,"[1.56936790e-10 2.33664575e-10 2.52405141e-10 2.37175141e-10
 2.33191070e-10]",[0.06613202 0.06588711 0.06621588 0.06805008 0.06755748],[1.55254018 1.72558359 1.7543692  1.69223302 1.67245438],[0.51286924 0.51339329 0.51367209 0.51132262 0.51187441],[0.2707861  0.26925679 0.27068568 0.27960084 0.27752254],[0.2328538  0.23155762 0.23313215 0.2403072  0.23746477],[2.67634383 2.67270915 2.67829119 2.73292442 2.7373126 ]
444,"[2.21456617e-10 3.38756507e-10 3.60360481e-10 2.93920837e-10
 1.95232164e-10]",[0.05367797 0.05290231 0.05343732 0.05794323 0.06784306],[1.84023414 2.07846454 2.10157164 1.92111366 1.62477517],[0.51157807 0.51074814 0.51158203 0.51228104 0.512325  ],[0.20385871 0.1994228  0.2021628  0.22591277 0.27937754],[0.17219354 0.16759648 0.17057304 0.19330379 0.24050803],[2.4657178  2.4505206  2.46005843 2.54235865 2.70399792]
445,"[2.01396995e-10 3.02529547e-10 3.27937263e-10 3.08577930e-10
 2.45446073e-10]",[0.0580569  0.05780897 0.05778828 0.05737618 0.06059669],[1.7229955  1.91996757 1.96265638 1.97605523 1.84644545],[0.5118791  0.51046524 0.51026878 0.51266506 0.5141963 ],[0.22695353 0.22534085 0.2250651  0.22341476 0.24022331],[0.19434899 0.192657   0.19282939 0.1946814  0.20946764],[2.56783976 2.56108911 2.56353426 2.58938216 2.6671461 ]
446,"[2.87040714e-10 4.43790320e-10 4.70296664e-10 3.96722060e-10
 2.70348110e-10]",[0.05331713 0.05217781 0.05287459 0.05665254 0.06571109],[1.93736942 2.16979813 2.18626513 2.02848813 1.73815437],[0.51693624 0.51500335 0.515885   0.51485022 0.51395439],[0.19980979 0.19398941 0.19722802 0.21356447 0.26184706],[0.16371288 0.15909254 0.16189406 0.17575044 0.21133192],[2.40701309 2.37956598 2.39519886 2.49018191 2.70148963]
447,"[1.43107176e-10 2.17498775e-10 2.31806104e-10 1.99537521e-10
 1.71828062e-10]",[0.06141906 0.06038854 0.06120686 0.065932   0.07058876],[1.57173816 1.78892445 1.81156867 1.7007383  1.57335448],[0.51637876 0.51426934 0.51390705 0.51420448 0.51415675],[0.24554248 0.23995856 0.24416444 0.26945421 0.29370272],[0.21375099 0.20951145 0.21269996 0.23193855 0.24921183],[2.53922314 2.51290947 2.53437648 2.67273756 2.79919728]
448,"[2.27609292e-10 3.42433316e-10 3.66840908e-10 3.05916734e-10
 2.38972870e-10]",[0.05545996 0.0550386  0.05541006 0.05849573 0.06230561],[1.8051456  2.00874521 2.04191861 1.93730595 1.80522157],[0.51057324 0.51029157 0.51133689 0.5126564  0.5189263 ],[0.21398782 0.2116738  0.21359217 0.22982771 0.24919706],[0.18717465 0.18500522 0.18672816 0.20000056 0.21471102],[2.50444838 2.49437479 2.504315   2.59427285 2.69117641]
449,"[3.42720149e-10 5.20565981e-10 5.54086441e-10 4.47427128e-10
 3.22893583e-10]",[0.04930346 0.04880867 0.04918    0.05216137 0.05712419],[2.00936643 2.22707642 2.25505067 2.13265852 1.91402716],[0.50545588 0.50762567 0.50630874 0.50475352 0.50781913],[0.18253378 0.18010326 0.18180664 0.19740223 0.22313879],[0.16177537 0.15939949 0.16163897 0.1796399  0.20029799],[2.42609789 2.41488982 2.42525448 2.50849847 2.57858573]
450,"[2.33146767e-10 3.58342375e-10 3.83652202e-10 3.50790309e-10
 2.64390584e-10]",[0.04951503 0.04868891 0.04907821 0.05090973 0.05727145],[1.90921018 2.16689898 2.20319318 2.12808233 1.8595554 ],[0.51058789 0.51000368 0.50894076 0.50741535 0.51015791],[0.18344283 0.17919195 0.18104096 0.19055006 0.22292338],[0.16192634 0.159063   0.16040687 0.16758817 0.19311944],[2.46677699 2.43903762 2.45822869 2.56041278 2.62474233]
451,"[2.02835856e-10 3.12378818e-10 3.30017466e-10 2.71928857e-10
 2.16067552e-10]",[0.05706581 0.05607227 0.05681055 0.06113351 0.06651996],[1.76739116 1.9965943  2.01403658 1.8534676  1.66874829],[0.51294677 0.51266218 0.51242249 0.5138016  0.51365861],[0.22112123 0.21588404 0.21968322 0.24359636 0.27126722],[0.19355647 0.189312   0.1929202  0.21588551 0.23605366],[2.58448984 2.56374179 2.58213578 2.68627261 2.74865417]
452,"[2.21443471e-10 3.14350792e-10 3.46992893e-10 3.83371767e-10
 3.56015942e-10]",[0.07781724 0.07672271 0.07487667 0.07587319 0.07037753],[2.16770872 2.30974357 2.35598578 2.40339272 2.3328544 ],[0.53456884 0.53591037 0.53460471 0.53186149 0.53338851],[0.28537688 0.28907188 0.28593591 0.26396428 0.26252682],[0.21636295 0.22142706 0.22186257 0.20198982 0.21077637],[2.88789547 2.87325282 2.85247645 2.88342566 2.87573731]
453,"[1.55471548e-10 2.26628308e-10 2.47958437e-10 2.27688388e-10
 2.13137611e-10]",[0.07065647 0.07124914 0.07091697 0.07286852 0.07353893],[1.79305517 1.96076458 2.00631375 1.93444812 1.878381  ],[0.53828274 0.53820068 0.53924893 0.53803201 0.5308858 ],[0.28744326 0.28911761 0.28776167 0.29612624 0.30394615],[0.23118025 0.23364209 0.23162929 0.23307239 0.24564473],[2.99822017 2.99808821 2.99895767 3.05134416 3.06463989]
454,"[1.35746254e-10 2.05898479e-10 2.20076415e-10 1.91845137e-10
 1.67247521e-10]",[0.07301242 0.0718309  0.07282516 0.07825233 0.08170576],[1.60347191 1.79165842 1.8116769  1.68567353 1.59421999],[0.52912786 0.52643311 0.52783864 0.52904211 0.52801775],[0.30004154 0.29289601 0.29851893 0.3265865  0.3455432 ],[0.24176923 0.23708787 0.2407767  0.26191763 0.27892044],[2.85151181 2.83300177 2.84829734 2.9342636  2.99440653]
455,"[2.14484496e-10 3.25251442e-10 3.48409542e-10 3.01687494e-10
 2.31921594e-10]",[0.06327486 0.06226713 0.06285514 0.06615362 0.07264197],[1.79165393 1.98374024 2.01073575 1.92203981 1.759985  ],[0.53129398 0.53080589 0.53119619 0.52413702 0.52488226],[0.24609362 0.24053887 0.24389857 0.26146942 0.29430591],[0.18972922 0.18592999 0.1880345  0.20107851 0.23213262],[2.68729252 2.65856144 2.67890952 2.80189003 2.93009921]
456,"[1.27605121e-10 1.91409024e-10 2.05698602e-10 1.78786520e-10
 1.48060918e-10]",[0.07651143 0.0760563  0.07647664 0.07865757 0.08022271],[1.4733357  1.62579303 1.65627788 1.60741194 1.57550418],[0.52554587 0.52630652 0.52552229 0.52718788 0.52943527],[0.31801071 0.31502522 0.31762144 0.33084857 0.34149179],[0.25392133 0.25199304 0.2537265  0.26842105 0.28565458],[2.86581355 2.85610091 2.86215434 2.89266116 2.93093324]
457,"[1.44742607e-10 2.20564726e-10 2.34502249e-10 1.97051619e-10
 1.61268305e-10]",[0.07131931 0.06971513 0.07103393 0.07823583 0.08482855],[1.63554211 1.832498   1.84805505 1.70068495 1.56731801],[0.52126566 0.52074027 0.52095922 0.52207187 0.52713519],[0.29262847 0.28474223 0.29110769 0.32594992 0.35749151],[0.24162996 0.23608506 0.24043021 0.26636699 0.28748275],[2.73956242 2.70912457 2.73445955 2.89010071 3.03804082]
458,"[1.18347719e-10 1.76223605e-10 1.89722015e-10 1.63131116e-10
 1.46039879e-10]",[0.07736536 0.07603451 0.07721247 0.08370859 0.08863695],[1.58273968 1.76326703 1.78712764 1.66353283 1.56401113],[0.53167769 0.53091415 0.53142043 0.52678771 0.5261102 ],[0.30772422 0.30252544 0.30679891 0.33770062 0.35589176],[0.24572793 0.24310859 0.24585296 0.26535243 0.27613589],[2.8676375  2.84982772 2.86606688 2.96963167 3.02727491]
459,"[1.04415041e-10 1.56463489e-10 1.68784354e-10 1.55054227e-10
 1.37062630e-10]",[0.07741101 0.07623791 0.07722217 0.08212193 0.08699529],[1.45779627 1.63252742 1.65817229 1.56830942 1.49344132],[0.52825524 0.52762304 0.5277435  0.53028132 0.53056908],[0.32150683 0.31570543 0.32000285 0.34370555 0.36701249],[0.25741194 0.25343931 0.25596201 0.27154716 0.2951786 ],[2.79739587 2.77458427 2.79312098 2.9003583  2.99027711]
460,"[1.92131404e-10 2.91324380e-10 3.10908489e-10 2.62097108e-10
 2.00937601e-10]",[0.07149294 0.07058393 0.07127251 0.07664797 0.08246737],[1.6897459  1.86584321 1.87903748 1.73317293 1.57733567],[0.52720214 0.5269609  0.52770438 0.52543413 0.52171076],[0.29361174 0.28872974 0.29211271 0.3179231  0.34693368],[0.23942536 0.23575908 0.23852871 0.26014302 0.28271089],[2.77269866 2.74958902 2.76872887 2.90643654 3.02327911]
461,"[1.89961104e-10 2.87394985e-10 3.07874833e-10 2.64648295e-10
 1.96679352e-10]",[0.06689267 0.06587732 0.06664439 0.07121514 0.07945623],[1.69274522 1.87574436 1.89808385 1.78934471 1.60263764],[0.52076949 0.52023238 0.52052277 0.51814031 0.51927374],[0.26971354 0.2647536  0.26850627 0.28866742 0.32849395],[0.21467794 0.21169495 0.2140112  0.23038809 0.26261406],[2.51385029 2.49419251 2.51002726 2.63237211 2.81550418]
462,"[2.57069473e-10 3.87837259e-10 4.17759602e-10 3.92669456e-10
 3.12516294e-10]",[0.07008574 0.06966076 0.07004846 0.07244571 0.0745526 ],[1.75721628 1.90301144 1.92253331 1.87008081 1.80581986],[0.52083335 0.52156046 0.52211903 0.52061885 0.52169026],[0.28758624 0.28494102 0.287148   0.3009039  0.31246259],[0.23214176 0.22905256 0.23138921 0.24721903 0.25841325],[2.70200512 2.68753736 2.70003264 2.78547544 2.88323491]
463,"[2.28638924e-10 3.46682141e-10 3.70497310e-10 3.02848582e-10
 1.99329603e-10]",[0.0627034  0.06217459 0.06242788 0.06523899 0.07554352],[1.90571207 2.10518169 2.12953357 1.99845159 1.72347821],[0.52256458 0.52339811 0.52262594 0.52503388 0.52413724],[0.2514724  0.24831772 0.249647   0.26403061 0.31671987],[0.21398646 0.21100171 0.212273   0.22391245 0.26392495],[2.54163651 2.5284324  2.53651581 2.62502361 2.8616312 ]
464,"[2.40587194e-10 3.46187761e-10 3.84310872e-10 3.88675562e-10
 3.74898215e-10]",[0.06093274 0.06192168 0.06101371 0.05866591 0.06141017],[2.1054482  2.26595564 2.34043571 2.41365319 2.31143882],[0.53246739 0.53503663 0.53148443 0.5260926  0.52746626],[0.22445528 0.23123009 0.22481879 0.20933833 0.21964898],[0.17898095 0.18335168 0.17946542 0.17310567 0.18313852],[2.69843648 2.70249178 2.69399429 2.69993062 2.8673873 ]
465,"[9.79150443e-11 1.47090820e-10 1.58299105e-10 1.45163507e-10
 1.34781573e-10]",[0.08763377 0.08815524 0.08767185 0.08685708 0.08826265],[1.38877995 1.53619892 1.55989255 1.48764545 1.42155116],[0.5313991  0.53141475 0.53115905 0.5282047  0.52345653],[0.36914219 0.37113787 0.36856245 0.36250046 0.37171561],[0.29962725 0.30261836 0.30003578 0.29667693 0.30228707],[3.01279771 3.0185957  3.01147786 3.00732449 3.04753018]
466,"[1.29175086e-10 1.94979606e-10 2.07803610e-10 1.70009290e-10
 1.28835758e-10]",[0.06694764 0.06656619 0.06678759 0.06879788 0.07609752],[1.58632929 1.78696066 1.81389297 1.69588669 1.50529189],[0.52588289 0.5248129  0.52483438 0.5233951  0.52068053],[0.27260354 0.2699141  0.271124   0.28252741 0.31965437],[0.22921175 0.22788042 0.22838233 0.24040586 0.27141124],[2.58679684 2.57563567 2.58250599 2.65502365 2.84061824]
467,"[1.10301808e-10 1.70010419e-10 1.81149168e-10 1.64272917e-10
 1.32344551e-10]",[0.08045735 0.07915923 0.07959236 0.0806802  0.08826109],[1.65038943 1.86892521 1.88153683 1.75697216 1.52120064],[0.54122582 0.54302442 0.54212799 0.53545173 0.52651534],[0.32452467 0.32038664 0.31967719 0.31519462 0.34864176],[0.25928391 0.25656242 0.25611713 0.25062641 0.27646879],[2.98665679 2.97049955 2.9771525  3.02357007 3.13766218]
468,"[1.33091791e-10 2.00586070e-10 2.12856430e-10 1.69205548e-10
 1.60306862e-10]",[0.07723212 0.07736476 0.07722346 0.07641525 0.07523889],[1.47797441 1.63012635 1.65461617 1.59900737 1.59534662],[0.52981328 0.52953734 0.53008363 0.52853747 0.52299624],[0.31661239 0.31645489 0.31641512 0.31983487 0.31664043],[0.24653558 0.24625557 0.24664808 0.25701172 0.2616458 ],[2.82279368 2.817417   2.82116056 2.86509314 2.92899055]
469,"[6.65783958e-11 9.78585207e-11 1.06846439e-10 1.06021793e-10
 1.07352850e-10]",[0.09769301 0.09864992 0.09770337 0.09369155 0.09178997],[1.29881696 1.44719458 1.47364803 1.42513241 1.37444234],[0.54254585 0.54389247 0.54384165 0.53930295 0.529461  ],[0.40859016 0.41302298 0.40690801 0.38826054 0.38218201],[0.33238848 0.33706689 0.33079838 0.30959539 0.3111407 ],[3.22508221 3.23301701 3.22321691 3.20057985 3.1932438 ]
470,"[1.38194556e-10 1.99763261e-10 2.13969223e-10 1.73690192e-10
 1.55726969e-10]",[0.09582747 0.09101813 0.09000751 0.08935751 0.09737655],[1.66821941 1.7851439  1.8085816  1.86011099 1.75795013],[0.53678852 0.53578521 0.53571694 0.53470975 0.53300065],[0.30443346 0.31327008 0.31271313 0.31596467 0.3172523 ],[0.23629415 0.24187773 0.2406502  0.24263358 0.23979936],[3.07249009 3.0199107  3.01239312 2.99653107 3.15157176]
471,"[1.30371786e-10 1.85684054e-10 2.05742467e-10 2.00538539e-10
 2.28816685e-10]",[0.07327393 0.07484384 0.0738101  0.07118964 0.06577179],[1.70698634 1.8607972  1.91987878 2.01291469 2.04837688],[0.53597608 0.53497816 0.53548693 0.53191006 0.52715821],[0.29335403 0.30147698 0.29606424 0.27929599 0.25585381],[0.24040966 0.24793899 0.24268564 0.22695062 0.20790419],[2.82757182 2.86127095 2.8402208  2.78163296 2.63987038]
472,"[1.25278875e-10 1.89592985e-10 2.00934330e-10 1.91159192e-10
 2.60252705e-10]",[0.06895623 0.06790108 0.06870413 0.06798085 0.05740193],[1.89298765 2.14204079 2.16009372 2.08940968 2.41213535],[0.54354021 0.5449529  0.54286198 0.53688146 0.52785749],[0.26253214 0.25908845 0.26131517 0.25455679 0.20336763],[0.2152     0.21313592 0.21385413 0.20788813 0.16825631],[2.70895594 2.72292969 2.71998434 2.71504533 2.61755963]
473,"[1.15193424e-10 1.71558782e-10 1.83744964e-10 1.49576623e-10
 1.34660077e-10]",[0.07452162 0.0745593  0.07466148 0.07620476 0.07757321],[1.45993524 1.62379258 1.65285698 1.56683298 1.52164715],[0.52683462 0.52612197 0.52689401 0.52584063 0.52711641],[0.31198893 0.31233449 0.3122195  0.31841398 0.32316246],[0.25317925 0.2553289  0.25387032 0.25530682 0.26068746],[2.79858611 2.78967114 2.79690692 2.86116537 2.96898324]
474,"[1.48278727e-10 2.12388756e-10 2.35300564e-10 2.27690907e-10
 2.27752796e-10]",[0.07098471 0.07179048 0.07120267 0.06969839 0.06877494],[1.88093474 2.03962453 2.10722455 2.15162901 2.1845154 ],[0.54123468 0.53952163 0.54085395 0.54036923 0.53525521],[0.23714928 0.24575574 0.23933221 0.21982128 0.20736805],[0.17662291 0.18327359 0.17793929 0.16685141 0.16332881],[2.71997762 2.72146981 2.719869   2.74287423 2.81347182]
475,"[1.04979279e-10 1.47867711e-10 1.65080681e-10 1.81521185e-10
 2.29624913e-10]",[0.07474464 0.07637082 0.07526231 0.06892578 0.06054604],[1.83875634 2.01483084 2.08302234 2.1775012  2.34908559],[0.54614667 0.54904999 0.54660609 0.54449335 0.53480849],[0.29080169 0.29982232 0.29293738 0.2578783  0.22019915],[0.2386656  0.24822252 0.24106348 0.21081576 0.18050937],[2.8991335  2.91725821 2.90489442 2.83571944 2.72592173]
476,"[7.32739327e-11 1.09487351e-10 1.17728691e-10 1.06260203e-10
 1.07305410e-10]",[0.08610604 0.08591226 0.08606435 0.0865675  0.08474037],[1.40809667 1.58996401 1.61445628 1.53502992 1.49859528],[0.54539039 0.54563648 0.54466635 0.54188696 0.53754109],[0.36809446 0.36734487 0.3670002  0.36432599 0.35841986],[0.30312973 0.30472554 0.302714   0.29515187 0.2918507 ],[3.06683399 3.05419812 3.06428247 3.12306516 3.11854978]
477,"[1.13135569e-10 1.69516178e-10 1.81622450e-10 1.54652367e-10
 1.30347328e-10]",[0.07330776 0.07333444 0.07320052 0.07225353 0.0765879 ],[1.48241027 1.66069562 1.68946441 1.62004303 1.49844363],[0.52830919 0.52983712 0.52804927 0.52493226 0.52453402],[0.30730116 0.30703727 0.30587124 0.30007301 0.31950497],[0.25842197 0.25928251 0.25755834 0.24969567 0.26399242],[2.72964809 2.72406745 2.72543792 2.73998683 2.86089131]
478,"[9.07697327e-11 1.35770834e-10 1.45387098e-10 1.19827519e-10
 1.03957222e-10]",[0.07637279 0.07658002 0.07647614 0.07710293 0.07939813],[1.42544343 1.60166734 1.631585   1.53139704 1.44170728],[0.53208508 0.53277585 0.53185851 0.53054365 0.52546681],[0.31395602 0.31438872 0.31341109 0.31448692 0.32821379],[0.24649516 0.24697766 0.24601442 0.2501954  0.2637263 ],[2.74541976 2.74734799 2.74691369 2.78770904 2.86329648]
479,"[1.06609264e-10 1.60865530e-10 1.70867102e-10 1.35518763e-10
 1.14627257e-10]",[0.07297296 0.07278742 0.07299958 0.0743216  0.07693151],[1.396024   1.56560515 1.59567974 1.53492398 1.46585026],[0.52089996 0.5222369  0.52215117 0.52117289 0.52300217],[0.30040587 0.29976545 0.30019552 0.30491865 0.31971915],[0.24145646 0.24185914 0.24135774 0.24618829 0.26227397],[2.71055146 2.70382357 2.70776775 2.74617473 2.86260303]
480,"[8.19577720e-11 1.20735474e-10 1.27486898e-10 1.18704982e-10
 1.30940413e-10]",[0.1019971  0.09980476 0.09686693 0.09806952 0.08716073],[1.51134543 1.66913958 1.68868171 1.74330666 1.60118611],[0.5288078  0.5293145  0.52927879 0.53097976 0.5287336 ],[0.33239574 0.33340584 0.33928892 0.3243846  0.29782862],[0.26055449 0.26279887 0.26409345 0.25115427 0.24183902],[3.12895936 3.08698888 3.06001896 3.10765719 2.98904649]
481,"[1.04250236e-10 1.49643193e-10 1.64967478e-10 1.57912153e-10
 1.66358208e-10]",[0.08022486 0.08146559 0.08071621 0.07950857 0.07701217],[1.59699264 1.75140445 1.79898225 1.76040815 1.72907433],[0.53577445 0.53750052 0.53549584 0.53269036 0.5268726 ],[0.32309787 0.33045294 0.32570423 0.31421683 0.2978502 ],[0.26072974 0.2666003  0.26241898 0.25255448 0.24281169],[2.8696439  2.8964996  2.88307936 2.89501979 2.82584281]
482,"[9.58614967e-11 1.40886937e-10 1.51600239e-10 1.30600648e-10
 1.41552444e-10]",[0.07954785 0.08014112 0.07995094 0.07952923 0.07746193],[1.43128023 1.58251091 1.62325326 1.61157165 1.6085764 ],[0.52917275 0.53083258 0.53003612 0.53143252 0.52376662],[0.31565448 0.31914215 0.31714536 0.31188191 0.30815816],[0.25464983 0.25745988 0.25539171 0.2483998  0.2458218 ],[2.84437265 2.8406039  2.84669992 2.90077089 2.91188671]
483,"[1.23296450e-10 1.69986702e-10 1.92980177e-10 2.12892513e-10
 2.76276093e-10]",[0.07475958 0.07753769 0.07550954 0.06720982 0.0575072 ],[1.73882265 1.85987881 1.94371222 2.09169935 2.36063415],[0.53898494 0.53960994 0.53913491 0.53553876 0.52652076],[0.29474828 0.30920149 0.29847476 0.25926203 0.21061236],[0.22292022 0.23409603 0.22519639 0.19493614 0.16590205],[2.85979614 2.8893469  2.863939   2.75085594 2.65024597]
484,"[8.81796466e-11 1.32382359e-10 1.40755815e-10 1.11644279e-10
 9.37426505e-11]",[0.07823567 0.07877014 0.07829543 0.07544148 0.07551738],[1.37910685 1.54079002 1.57810693 1.54539839 1.48058248],[0.53635317 0.5375882  0.53619953 0.53477913 0.52839327],[0.32490649 0.32722896 0.32451908 0.3098187  0.31138445],[0.25238024 0.2555588  0.2523129  0.23966084 0.24982667],[2.80632422 2.8092049  2.80428963 2.78032421 2.82737809]
485,"[6.56906978e-11 9.81617995e-11 1.04827262e-10 8.55827545e-11
 7.72442131e-11]",[0.08025934 0.07992163 0.08040423 0.08440402 0.0873227 ],[1.29876433 1.48095577 1.50697804 1.39541728 1.29794884],[0.53296226 0.53270643 0.53348045 0.53135462 0.52464374],[0.32868537 0.32779795 0.32850139 0.34163654 0.35985214],[0.26589435 0.26586865 0.26557437 0.27083969 0.28646342],[2.84875469 2.83450301 2.84782558 2.96049466 3.03910868]
486,"[6.40724982e-11 9.54382189e-11 1.02948628e-10 9.15463761e-11
 8.32871889e-11]",[0.08655544 0.08667442 0.0864864  0.08639461 0.08859542],[1.32986472 1.50467945 1.5354655  1.46609863 1.36844683],[0.54173086 0.54050346 0.54098219 0.53764426 0.53136249],[0.36408807 0.36556207 0.36352892 0.35927561 0.36940555],[0.29511344 0.29881187 0.29489382 0.28551149 0.29587513],[2.941999   2.94076475 2.93795472 2.95713597 3.04060203]
487,"[7.47807389e-11 1.11873361e-10 1.19638990e-10 9.98864953e-11
 9.65801266e-11]",[0.07871937 0.07831123 0.07861174 0.08073749 0.08529099],[1.31867559 1.49813345 1.527439   1.46008849 1.3515666 ],[0.53082284 0.53140378 0.53053421 0.52807783 0.5253231 ],[0.32772072 0.32596894 0.32657326 0.33161711 0.34924529],[0.26076916 0.26002954 0.25964458 0.25887268 0.26957856],[2.8220898  2.80903723 2.81846172 2.89900899 3.00138717]
488,"[9.27852152e-11 1.35738636e-10 1.47628375e-10 1.32457979e-10
 1.26514524e-10]",[0.07530792 0.07588256 0.07542488 0.07420187 0.07595407],[1.49578625 1.67024986 1.71532579 1.69233011 1.60002891],[0.53231965 0.53207229 0.53131929 0.52999846 0.52717917],[0.31222829 0.31456222 0.31252223 0.30177441 0.30989958],[0.25084309 0.25339261 0.25063415 0.23885239 0.24634926],[2.79863239 2.80480534 2.79844975 2.80392865 2.89287513]
489,"[5.90943422e-11 8.78054163e-11 9.53919466e-11 9.36850723e-11
 9.57051292e-11]",[0.09022982 0.08985311 0.09006073 0.09031112 0.09266177],[1.19827927 1.35876738 1.38452035 1.3377856  1.2731147 ],[0.53414407 0.53614658 0.53487293 0.52899311 0.52115779],[0.37744234 0.37637907 0.37581135 0.37540994 0.38550799],[0.29951066 0.3001815  0.29894675 0.29957881 0.30680712],[3.03027757 3.02556383 3.02863272 3.04551422 3.02711586]
490,"[1.10249934e-10 1.51391483e-10 1.70236511e-10 1.64648645e-10
 2.14240587e-10]",[0.08528905 0.0877709  0.0863889  0.08333126 0.07412764],[1.81537932 1.94368626 2.0047357  1.96242014 2.11049177],[0.55331256 0.55355685 0.55330676 0.54642091 0.53741972],[0.3106763  0.32437906 0.31591673 0.29622861 0.25406681],[0.24218112 0.2538792  0.24633441 0.23055393 0.20047732],[3.18131308 3.19301912 3.18724603 3.18822439 3.1124418 ]
491,"[1.69240389e-10 2.38779112e-10 2.64779200e-10 2.38035197e-10
 2.43036711e-10]",[0.05697162 0.05819482 0.05756892 0.05836428 0.05725836],[2.21999075 2.43821661 2.5165921  2.4136663  2.38181422],[0.54428656 0.54622763 0.54502406 0.54072969 0.53613206],[0.21938018 0.2255548  0.22212018 0.22544067 0.22065354],[0.17841862 0.18392214 0.18032799 0.17791404 0.17737123],[2.59145546 2.60716351 2.60064331 2.65396637 2.69945669]
492,"[8.22096130e-11 1.24150126e-10 1.31607877e-10 1.03151114e-10
 8.50559632e-11]",[0.07140886 0.0704957  0.0713412  0.07657969 0.0828094 ],[1.52098865 1.74177607 1.76612295 1.59462156 1.4523178 ],[0.53840409 0.53857231 0.53833734 0.53313    0.53121374],[0.29226631 0.28835416 0.29147827 0.31255089 0.34211265],[0.23262755 0.2318999  0.23236253 0.24309502 0.26533903],[2.63397166 2.60837971 2.62987857 2.78301489 2.95972298]
493,"[1.27253292e-10 1.91555855e-10 2.03472682e-10 1.54319213e-10
 1.16734803e-10]",[0.06382518 0.06352044 0.06381055 0.06763964 0.07344015],[1.69482123 1.91025852 1.94627549 1.80354157 1.62639782],[0.53325217 0.53296584 0.53344599 0.53093957 0.53264561],[0.25604569 0.25436418 0.25563022 0.27220563 0.2965035 ],[0.20699385 0.2067433  0.20680971 0.21536604 0.2314918 ],[2.48976715 2.47859678 2.48707235 2.59946796 2.80630697]
494,"[1.12311556e-10 1.64344794e-10 1.79973233e-10 1.65072239e-10
 1.39723933e-10]",[0.0709279  0.07098803 0.07090121 0.07218597 0.07546042],[1.74990552 1.96243539 2.00214863 1.90268382 1.7548407 ],[0.54553117 0.54429556 0.54343541 0.54079736 0.53838563],[0.26790626 0.27059056 0.2684457  0.26720415 0.278861  ],[0.2103429  0.2139447  0.21040995 0.20271818 0.21044151],[2.91673467 2.91812792 2.9163028  2.9433669  3.00175617]
495,"[7.52134101e-11 1.10836473e-10 1.19766022e-10 1.04812255e-10
 1.00965623e-10]",[0.07701402 0.07701019 0.077272   0.08028452 0.08208211],[1.4414753  1.63128999 1.66198911 1.5358513  1.47338684],[0.54110644 0.54181113 0.54211497 0.53437204 0.5293882 ],[0.32072165 0.32033458 0.32094082 0.33325741 0.34575939],[0.25622463 0.25721284 0.25643047 0.26255156 0.27717792],[2.78940851 2.78270804 2.79207624 2.88351052 2.94914189]
496,"[8.79085579e-11 1.30196392e-10 1.41332004e-10 1.29598743e-10
 1.09984748e-10]",[0.07666386 0.0766477  0.076726   0.0790909  0.08242962],[1.51565121 1.70727604 1.73998738 1.63793042 1.53297949],[0.53659006 0.53537285 0.53512144 0.53152704 0.53410838],[0.31372579 0.3139247  0.31341274 0.32167701 0.33740171],[0.24892936 0.25016048 0.24852233 0.24765096 0.25836016],[2.81268553 2.81061569 2.81296506 2.87663029 2.95649381]
497,"[1.06951240e-10 1.57287543e-10 1.70997973e-10 1.54411613e-10
 1.37292616e-10]",[0.07027982 0.07001223 0.07045492 0.07372933 0.07518171],[1.55591031 1.74467537 1.78043561 1.69084914 1.63684989],[0.53029967 0.53098397 0.53130953 0.5298363  0.52996469],[0.28202688 0.28135146 0.28219464 0.29404213 0.30016208],[0.21757552 0.21791904 0.21782966 0.22604856 0.2382643 ],[2.696298   2.69136759 2.70052218 2.78818055 2.81680967]
498,"[1.46345044e-10 2.22183408e-10 2.36553296e-10 1.92238600e-10
 1.37864234e-10]",[0.07107919 0.07046937 0.07096748 0.07500541 0.08136391],[1.6767381  1.87068267 1.88959872 1.73036245 1.54565621],[0.53273794 0.53445333 0.53319919 0.52890838 0.52645679],[0.29338849 0.2899425  0.2923761  0.30963277 0.3417958 ],[0.24045064 0.23828933 0.23937542 0.24964363 0.27796616],[2.62712438 2.60938829 2.62306147 2.73719611 2.92659718]
499,"[7.58631267e-11 1.12138193e-10 1.20995693e-10 1.03336210e-10
 8.87482264e-11]",[0.07505683 0.0750483  0.07516615 0.0768036  0.07911985],[1.42341689 1.61673938 1.64944343 1.55511449 1.45936687],[0.54174488 0.54083981 0.53990534 0.53777675 0.5357291 ],[0.30804571 0.30897227 0.30790791 0.31177092 0.3231711 ],[0.23555877 0.23758592 0.23571325 0.23979689 0.25437042],[2.72039864 2.71249598 2.71927314 2.78340411 2.87159572]
500,"[1.02976423e-10 1.55472972e-10 1.66745836e-10 1.45581061e-10
 1.17150648e-10]",[0.07739397 0.07705709 0.07717689 0.07784187 0.0796925 ],[1.53446652 1.72021047 1.74775411 1.65204571 1.5501822 ],[0.52851829 0.52931272 0.5279541  0.52955664 0.52957766],[0.31796319 0.31596165 0.31605259 0.31614077 0.3258357 ],[0.24951891 0.24897098 0.24831643 0.2442932  0.25610578],[2.75062936 2.74116232 2.74515225 2.79479088 2.90067646]
501,"[8.92772709e-11 1.30433715e-10 1.42915138e-10 1.35998642e-10
 1.32211390e-10]",[0.07838635 0.07891199 0.078374   0.07724441 0.07548319],[1.64136738 1.8309727  1.87861501 1.83909906 1.81823287],[0.54101467 0.5439736  0.5429936  0.53773328 0.53839791],[0.32307768 0.32553637 0.32240649 0.31270273 0.30788937],[0.25585739 0.25990034 0.25573192 0.24229782 0.24448962],[3.0793821  3.0830849  3.08105464 3.11019325 3.06001018]
502,"[7.86006180e-11 1.16174452e-10 1.26311584e-10 1.20646828e-10
 1.15788718e-10]",[0.08140477 0.08106668 0.08139855 0.08240618 0.08283772],[1.38917716 1.56844006 1.59458904 1.51940083 1.48961494],[0.53872083 0.53964325 0.53923311 0.52917743 0.52948092],[0.33747247 0.33700414 0.33694312 0.3373607  0.34302538],[0.26488847 0.26601862 0.26473533 0.26132223 0.27431766],[2.85372939 2.8421505  2.84982548 2.8939998  2.97382   ]
503,"[1.82076332e-10 2.77560466e-10 2.93727273e-10 2.25916553e-10
 1.46464966e-10]",[0.0650704  0.06431827 0.06503527 0.07139018 0.08040596],[1.76840852 1.97522396 1.98661921 1.76057049 1.52696789],[0.52205246 0.52047372 0.52095652 0.52234534 0.52418841],[0.26269738 0.25870159 0.26216013 0.29352792 0.33351248],[0.21400933 0.21192579 0.21402311 0.23287259 0.26230612],[2.50653123 2.48945652 2.50722527 2.6670019  2.85400069]
504,"[1.39541555e-10 2.12397602e-10 2.26717309e-10 1.89358300e-10
 1.28711044e-10]",[0.0706897  0.06968636 0.07040211 0.07537753 0.08584858],[1.62184799 1.81929542 1.83890639 1.70606892 1.49675677],[0.5279591  0.52799882 0.52700496 0.52443181 0.5287982 ],[0.28775144 0.28274021 0.28595722 0.30860563 0.35317293],[0.23532753 0.23208799 0.23425665 0.25061501 0.27895307],[2.70034766 2.67651463 2.69495943 2.82657098 3.03280999]
505,"[9.01280702e-11 1.34153441e-10 1.44294652e-10 1.20012444e-10
 1.00925963e-10]",[0.07982927 0.07928984 0.07977778 0.08421854 0.08938813],[1.54054945 1.73244219 1.75719955 1.60930375 1.49113242],[0.5454731  0.54367245 0.54399293 0.54415399 0.5400695 ],[0.3265061  0.32413107 0.32566329 0.3403131  0.35733198],[0.24696531 0.24741109 0.24693181 0.2586747  0.27061231],[2.90277047 2.88799975 2.89823979 2.9862866  3.12015266]
506,"[6.86889889e-11 1.01896599e-10 1.10258081e-10 9.90849879e-11
 8.97311096e-11]",[0.08076079 0.08035171 0.0806896  0.0822018  0.08504133],[1.37927938 1.56738873 1.59784473 1.51137316 1.41586664],[0.54062237 0.54135636 0.5413733  0.53486708 0.53160064],[0.32810589 0.32715519 0.32690284 0.32887401 0.34614867],[0.2553503  0.2558328  0.25458245 0.25563623 0.27489026],[2.80728521 2.7965644  2.80317168 2.85359446 2.95274997]
507,"[4.80323828e-11 7.10901382e-11 7.70389989e-11 7.20308057e-11
 6.95197985e-11]",[0.09492358 0.09508068 0.09503253 0.09412481 0.09307361],[1.23183301 1.40148402 1.42893679 1.37485089 1.31732667],[0.54665933 0.54544983 0.54533333 0.5419065  0.54071722],[0.38119248 0.38532848 0.38170771 0.36763519 0.36611683],[0.30047814 0.30376132 0.30043906 0.28581042 0.2878587 ],[3.11970311 3.1196165  3.12097261 3.14210005 3.12691338]
508,"[9.93267687e-11 1.50889343e-10 1.61231970e-10 1.38916171e-10
 1.06366788e-10]",[0.07272499 0.07186491 0.07238682 0.07443227 0.07945477],[1.58613815 1.80404991 1.82669888 1.68952886 1.52560211],[0.53514204 0.53333285 0.5328524  0.53131353 0.52776185],[0.29459615 0.29060099 0.29244722 0.29976789 0.32261692],[0.22826009 0.22569985 0.22619286 0.2296227  0.25493808],[2.7472915  2.73007307 2.74048788 2.80135884 2.94283654]
509,"[7.99137090e-11 1.19283005e-10 1.28229903e-10 1.11243056e-10
 1.00177458e-10]",[0.08156554 0.08108842 0.08150105 0.08459331 0.08815344],[1.41404261 1.59612234 1.62093239 1.51021377 1.42761072],[0.53801562 0.53768609 0.53671986 0.53303048 0.52949546],[0.33453654 0.33339715 0.33390442 0.34563344 0.36706311],[0.26326646 0.26364432 0.26317701 0.27359091 0.2934937 ],[2.89865125 2.88962915 2.89760581 2.97139342 3.03613557]
510,"[9.44192290e-11 1.42591721e-10 1.51077076e-10 1.15033192e-10
 9.33361563e-11]",[0.080127   0.07998214 0.08026941 0.08336468 0.08376182],[1.49692605 1.67993249 1.70323883 1.57042769 1.46726417],[0.53890552 0.53988656 0.54062503 0.53812988 0.53362235],[0.33347719 0.33306681 0.3334645  0.341567   0.33886626],[0.26365879 0.26394795 0.26408849 0.27277683 0.26920565],[2.80736698 2.80113139 2.80896222 2.8986822  2.94258248]
511,"[1.62151412e-10 2.47726247e-10 2.63144520e-10 2.11902730e-10
 1.45512178e-10]",[0.06659236 0.06570299 0.06640491 0.07166635 0.08102831],[1.70758832 1.90885204 1.92959952 1.78062522 1.59168127],[0.52927262 0.53119359 0.53007892 0.52671746 0.52805457],[0.26379711 0.25843586 0.26211756 0.28990491 0.3372671 ],[0.20261391 0.19801371 0.20120075 0.22602011 0.26395444],[2.47609237 2.45175941 2.47023273 2.62145787 2.88828863]
512,"[1.49308873e-10 2.20831017e-10 2.29499502e-10 1.69803813e-10
 1.33675665e-10]",[0.09788619 0.09028252 0.09051672 0.09447245 0.11722576],[1.71439182 1.83744347 1.83332194 1.71052812 1.59934253],[0.53357377 0.53154459 0.53157929 0.53263927 0.53234336],[0.2770749  0.28109963 0.28670191 0.31732639 0.31591211],[0.20327129 0.20634313 0.20957262 0.22977749 0.23547806],[3.1443949  3.05373345 3.05848656 3.10743498 3.38228491]
513,"[9.84780212e-11 1.46188477e-10 1.59171604e-10 1.53676066e-10
 1.29473629e-10]",[0.08110663 0.08086208 0.08100946 0.08130516 0.08394637],[1.42420956 1.5889503  1.61735958 1.56241057 1.47396115],[0.53229575 0.53231663 0.53300159 0.52919329 0.52657493],[0.3362189  0.33562174 0.33535056 0.33251566 0.34524359],[0.25927093 0.26036491 0.25857003 0.25119704 0.26144077],[2.87735059 2.86708103 2.87117205 2.8904585  2.97639075]
514,"[1.47343022e-10 2.23313793e-10 2.38279869e-10 1.96529677e-10
 1.47742033e-10]",[0.06845767 0.0674897  0.06823825 0.07359919 0.08164926],[1.64543104 1.84494681 1.86495667 1.71540279 1.53619277],[0.52935904 0.53035773 0.52928194 0.52710213 0.52447312],[0.27523977 0.27000649 0.27376347 0.29919227 0.33865786],[0.21620695 0.21233141 0.21521252 0.23743423 0.27155249],[2.70481304 2.68134632 2.69919552 2.82834321 3.00123918]
515,"[5.88467868e-11 8.69997058e-11 9.40404465e-11 8.35260639e-11
 8.03317917e-11]",[0.09188812 0.09206421 0.09215461 0.09427148 0.09328541],[1.28512003 1.44861406 1.47549866 1.38932169 1.34904201],[0.5377868  0.53890934 0.53825981 0.53878867 0.53437666],[0.38716224 0.38961126 0.38780953 0.38842185 0.37846885],[0.31569599 0.32003799 0.31659324 0.31192896 0.30340362],[3.08472431 3.08375322 3.08597048 3.1290449  3.10243349]
516,"[8.09185532e-11 1.20969457e-10 1.30852516e-10 1.21745061e-10
 1.12592330e-10]",[0.08436665 0.08345584 0.08430229 0.08857358 0.091746  ],[1.32583962 1.49205636 1.51513022 1.43569583 1.37838309],[0.52912636 0.53047958 0.53044028 0.53146878 0.52402713],[0.34004018 0.33575394 0.33841258 0.34995853 0.37028966],[0.26549952 0.26303809 0.26381365 0.27280337 0.29326734],[2.95741385 2.94263306 2.95507032 3.02858533 3.09505153]
517,"[1.40280331e-10 2.11284532e-10 2.27820420e-10 2.06649308e-10
 1.68336185e-10]",[0.07100063 0.07042668 0.0708471  0.07306326 0.07591307],[1.58923751 1.77370037 1.79928316 1.7127898  1.61032258],[0.52770453 0.52929731 0.52804684 0.52325789 0.5198509 ],[0.29145753 0.28756586 0.29021595 0.30212112 0.31740716],[0.22857884 0.22535275 0.22723914 0.23597167 0.2500619 ],[2.67843663 2.66819253 2.67712256 2.74633916 2.82691471]
518,"[8.90100431e-11 1.33694146e-10 1.43640085e-10 1.25959486e-10
 1.08565214e-10]",[0.08471914 0.08426019 0.08493543 0.09068357 0.09178116],[1.4152107  1.58611167 1.60479841 1.473648   1.39665018],[0.53237172 0.53288286 0.53159148 0.5304093  0.53135257],[0.3531315  0.35195582 0.35428337 0.37543378 0.38158771],[0.28343225 0.28335549 0.28410547 0.29848471 0.30131485],[2.95818076 2.94797789 2.96008844 3.06634124 3.09266487]
519,"[6.69989282e-11 9.90612543e-11 1.07678634e-10 1.01239924e-10
 9.97942855e-11]",[0.10509688 0.10550146 0.10550622 0.1085843  0.1080729 ],[1.2993619  1.43716133 1.45945225 1.38450364 1.34748884],[0.54365989 0.54566897 0.54345992 0.54420263 0.53788477],[0.43413782 0.43607862 0.43449251 0.44435518 0.44793911],[0.34949447 0.35203936 0.34987824 0.35536438 0.35753652],[3.38962528 3.39078543 3.38999613 3.4060506  3.37853013]
520,"[2.53794273e-10 3.55174848e-10 3.94550143e-10 3.57769226e-10
 3.83933075e-10]",[0.10767971 0.10870914 0.10901391 0.11413828 0.10520652],[2.27185717 2.34193413 2.35988436 2.25757458 2.393306  ],[0.58206136 0.58251489 0.58225733 0.58006566 0.57601461],[0.41133914 0.41785152 0.41611706 0.42484047 0.39419076],[0.29378068 0.3003709  0.29774091 0.3019122  0.27283994],[3.48430664 3.49622519 3.49925835 3.54712397 3.43210632]
521,"[2.08413164e-10 2.92871496e-10 3.26461184e-10 3.06207622e-10
 3.02657315e-10]",[0.09546621 0.09672875 0.09677654 0.10096645 0.09457389],[2.37329224 2.4839427  2.51612126 2.41976501 2.45941184],[0.58519149 0.58630649 0.58537411 0.5867434  0.57938485],[0.39286998 0.3986705  0.3978521  0.41447151 0.38902817],[0.31122506 0.31492671 0.31454582 0.32656197 0.31035678],[3.31659781 3.33098848 3.33406878 3.41225329 3.35285888]
522,"[3.61228356e-10 5.03029206e-10 5.69164910e-10 5.92145318e-10
 5.92845963e-10]",[0.07579089 0.07577027 0.07582825 0.07582058 0.07754691],[2.92060053 3.05675626 3.10818627 3.1429995  3.06482798],[0.58284885 0.58285633 0.58349576 0.58415111 0.5813127 ],[0.30062511 0.30150943 0.30114286 0.30153959 0.30882208],[0.24179873 0.24314302 0.24271891 0.24324383 0.24515439],[2.96717329 2.96121141 2.96572809 2.9873347  3.06954468]
523,"[2.07374434e-10 2.89708852e-10 3.23718173e-10 2.97538152e-10
 2.98309641e-10]",[0.09619597 0.09638494 0.09696201 0.10320933 0.10198508],[2.24428406 2.35479385 2.38035621 2.24735439 2.25411415],[0.58307287 0.58374875 0.58350712 0.58274209 0.57944149],[0.39978416 0.39985087 0.40213109 0.42680362 0.42481933],[0.32000822 0.31965759 0.32174624 0.34383193 0.3459817 ],[3.32481495 3.31233642 3.33078046 3.46231221 3.5127408 ]
524,"[1.40726772e-10 1.94384887e-10 2.20863029e-10 2.29421243e-10
 2.33572212e-10]",[0.10115993 0.1016334  0.10147798 0.10140158 0.10048661],[2.04801776 2.161005   2.21075118 2.22393337 2.24912481],[0.58242325 0.5826148  0.58241137 0.58213099 0.5830132 ],[0.43415049 0.43558929 0.4347295  0.43501541 0.43197534],[0.3672811  0.36854976 0.36770838 0.3696119  0.36836784],[3.63934729 3.63817288 3.6410129  3.6562773  3.64682342]
525,"[2.31729122e-10 3.20135170e-10 3.61084550e-10 3.53203585e-10
 3.65845433e-10]",[0.08098856 0.08088104 0.08130107 0.08461226 0.08590586],[2.50685808 2.65495539 2.69734605 2.61045132 2.57612005],[0.57315964 0.57349381 0.57229241 0.57330698 0.57678051],[0.31227847 0.3130873  0.31363249 0.32313549 0.32489521],[0.23458389 0.23619978 0.23592307 0.2438526  0.24509001],[3.18149916 3.16934645 3.18353756 3.27187718 3.32926569]
526,"[2.78485966e-10 3.85384263e-10 4.36440019e-10 4.39704001e-10
 4.44990453e-10]",[0.08017685 0.0799969  0.08034343 0.08287997 0.08411785],[2.70592038 2.85023778 2.89377666 2.83394155 2.79607224],[0.57461778 0.5744709  0.5735756  0.57471234 0.57270855],[0.33009728 0.32990357 0.3307865  0.34198445 0.3476127 ],[0.25687641 0.25776931 0.25743663 0.26216544 0.26522742],[3.26906097 3.26772619 3.27203047 3.30468538 3.30989096]
527,"[4.41976896e-10 6.19981403e-10 6.96029300e-10 7.51553807e-10
 9.50461615e-10]",[0.06560865 0.06527506 0.06552501 0.06399443 0.05885891],[3.11996535 3.30078437 3.34116044 3.41300061 3.63847945],[0.55913919 0.55873483 0.55797566 0.56192361 0.55985654],[0.25583484 0.25465612 0.25625058 0.2507309  0.2256227 ],[0.20171479 0.20257371 0.20288428 0.20245966 0.18622263],[2.6313933  2.63910443 2.6373604  2.60492397 2.39854665]
528,"[7.67312259e-11 1.05661022e-10 1.19067965e-10 1.18035892e-10
 1.60574965e-10]",[0.0809012  0.08336327 0.08237919 0.08337726 0.06828709],[1.53690472 1.67930669 1.74111896 1.71889618 1.98659175],[0.55283246 0.55306362 0.55210107 0.55183212 0.54568141],[0.34574299 0.35679803 0.35182285 0.35549729 0.28042897],[0.29470785 0.30316471 0.29902849 0.30103278 0.24317289],[2.9939039  3.03390104 3.01803481 3.05213806 2.80229786]
529,"[7.07626489e-11 1.01254841e-10 1.13058051e-10 1.18189795e-10
 1.09199305e-10]",[0.08797342 0.0898602  0.08895086 0.09006784 0.08424448],[1.35933418 1.50136468 1.54512448 1.51079116 1.51366695],[0.54215964 0.54119664 0.54197278 0.53753922 0.53311082],[0.38055292 0.38832483 0.38409478 0.38408015 0.35275221],[0.32321454 0.33018656 0.32577971 0.31398139 0.28753678],[3.1338689  3.16247592 3.14765037 3.15603791 3.04901932]
530,"[9.16811213e-11 1.32174291e-10 1.46081139e-10 1.46642671e-10
 1.32652897e-10]",[0.08147892 0.08367061 0.08279174 0.0858689  0.07899228],[1.58477224 1.74195473 1.78621691 1.65587468 1.64598813],[0.54662757 0.54809182 0.54610957 0.53792882 0.53663603],[0.34404484 0.35373126 0.34923731 0.36131664 0.33106361],[0.29333824 0.30154634 0.29674516 0.30292166 0.27942495],[3.12703758 3.14890984 3.14079192 3.14695902 3.11622008]
531,"[8.60494110e-11 1.19180495e-10 1.34989832e-10 1.42514590e-10
 1.54600704e-10]",[0.07529813 0.07781286 0.07639967 0.07451624 0.06737333],[1.64101397 1.80179436 1.87131135 1.85336917 1.89584975],[0.54996644 0.55221278 0.55052391 0.54577552 0.53866528],[0.31357429 0.3259094  0.31857986 0.30813754 0.2717599 ],[0.26419277 0.27439902 0.26836402 0.25743662 0.22915399],[2.95395012 2.99053681 2.97146322 2.98339321 2.87595456]
532,"[1.09555180e-10 1.55532707e-10 1.73920950e-10 1.74410499e-10
 1.73249436e-10]",[0.06822028 0.06912036 0.06862317 0.07026359 0.07338775],[1.74166486 1.94152412 1.99603143 1.9174735  1.77637178],[0.54752428 0.54750742 0.54603955 0.54332804 0.53462862],[0.2789347  0.28373784 0.28069683 0.28703489 0.30076383],[0.23656643 0.24162671 0.23838276 0.24125896 0.24727569],[2.87800728 2.89318868 2.88672944 2.94389257 2.97161723]
533,"[9.42788259e-11 1.29570974e-10 1.41677532e-10 1.42142832e-10
 1.57196846e-10]",[0.11298312 0.10657724 0.10457215 0.10483196 0.1150844 ],[1.42538063 1.50084462 1.52334175 1.58342479 1.6431494 ],[0.5483412  0.54811986 0.54712039 0.54275122 0.54051506],[0.31393106 0.3319106  0.33206287 0.34801256 0.30893458],[0.25363135 0.2655865  0.26493627 0.27347347 0.24444407],[3.32366911 3.2634382  3.2504997  3.31483941 3.4426851 ]
534,"[7.05496925e-11 9.92293607e-11 1.11541028e-10 1.16238633e-10
 1.20313188e-10]",[0.07726931 0.07912516 0.07834452 0.08063519 0.0766603 ],[1.46562593 1.63487172 1.68284918 1.57693797 1.60761502],[0.54637662 0.55006994 0.5466419  0.53767176 0.53626499],[0.32232668 0.33123544 0.32695073 0.33789542 0.3212512 ],[0.26691016 0.2739885  0.27044896 0.2822559  0.26938784],[3.07257241 3.10034757 3.08755484 3.09057587 3.03142607]
535,"[8.46095534e-11 1.15707630e-10 1.32412971e-10 1.45659091e-10
 1.72456280e-10]",[0.07232414 0.07550975 0.07351682 0.06883315 0.05984854],[1.70574991 1.86608413 1.95125802 1.98790724 2.12538735],[0.55654268 0.55767478 0.55580516 0.55151726 0.54368153],[0.30120437 0.3171812  0.30639013 0.28087312 0.23413999],[0.2536561  0.26710496 0.25800304 0.23638251 0.20038474],[3.02549759 3.06136198 3.0383662  2.99701001 2.88901174]
536,"[2.79999940e-10 4.18752813e-10 4.57061392e-10 5.88956743e-10
 7.55851464e-10]",[0.06309926 0.06112981 0.0621697  0.05690711 0.0517159 ],[2.6996817  2.99466274 3.0118126  3.27168889 3.53621854],[0.56159393 0.56106593 0.56041462 0.55736257 0.55084111],[0.23570431 0.22798979 0.23222536 0.2083692  0.18297936],[0.15898946 0.15491318 0.15617881 0.13927645 0.12526143],[2.5531181  2.50109915 2.53468154 2.48098298 2.41001662]
537,"[4.15923352e-11 5.99896631e-11 6.63092693e-11 6.59256821e-11
 6.44978788e-11]",[0.09837011 0.09859765 0.0988395  0.10189151 0.10482681],[1.16210981 1.31220809 1.34651897 1.29687467 1.25295542],[0.54116388 0.54216111 0.54113073 0.53670091 0.53812703],[0.39828186 0.40111737 0.39882436 0.40378516 0.4199302 ],[0.32189525 0.32465833 0.32227604 0.32038145 0.3343563 ],[3.14530232 3.13647555 3.1454795  3.22452109 3.2848898 ]
538,"[4.84286764e-11 7.02120532e-11 7.73275348e-11 7.44053756e-11
 7.43826128e-11]",[0.09113936 0.09110934 0.09138478 0.09248422 0.09102384],[1.24887971 1.41648508 1.44966226 1.38292499 1.37350931],[0.54831112 0.54873118 0.54823182 0.54036157 0.542396  ],[0.36350613 0.36604102 0.36415175 0.3623992  0.35901204],[0.28931154 0.29252905 0.29042913 0.28868343 0.28418802],[3.02128402 3.00899468 3.01812221 3.06813016 3.11239382]
539,"[5.69837492e-11 8.43296720e-11 9.14764441e-11 8.46698609e-11
 8.54331661e-11]",[0.09331652 0.09248951 0.09327531 0.09608935 0.09558426],[1.25686956 1.42493829 1.44745906 1.36531658 1.33883567],[0.54234338 0.54175166 0.54262703 0.53906429 0.53520747],[0.37801178 0.3776869  0.3779181  0.3802252  0.37730333],[0.29929643 0.30110288 0.29943186 0.29650447 0.29801385],[3.07495871 3.05700544 3.07030643 3.12842547 3.15493034]
540,"[6.51265936e-11 9.52291497e-11 1.04265605e-10 9.87949234e-11
 9.70575178e-11]",[0.08669457 0.08658645 0.08696006 0.08910568 0.08799574],[1.28608276 1.44545777 1.47871887 1.42774397 1.4140027 ],[0.53171385 0.53264771 0.53172288 0.52866441 0.52916598],[0.36434751 0.36440715 0.36437433 0.36765718 0.36670262],[0.29401716 0.29545684 0.29409963 0.29042668 0.29265233],[2.96331741 2.96027242 2.96579114 3.01416435 3.01661581]
541,"[1.10599440e-10 1.62970280e-10 1.77204031e-10 1.57199598e-10
 1.33362272e-10]",[0.0769854  0.07663807 0.07701373 0.07966823 0.08272797],[1.50260873 1.67149691 1.70186631 1.6126324  1.52051984],[0.53093852 0.52996878 0.52992632 0.52670448 0.52310252],[0.30531427 0.30439909 0.30574289 0.32199798 0.33866648],[0.23752264 0.2373019  0.23784221 0.2512224  0.26965866],[2.71275348 2.69981665 2.71222512 2.81054142 2.91068507]
542,"[1.28568918e-10 1.90817815e-10 2.07670453e-10 1.93955030e-10
 1.68652641e-10]",[0.0720722  0.07126671 0.07194356 0.07616495 0.08178252],[1.55850862 1.74183599 1.7696074  1.67243687 1.54237415],[0.52891316 0.52860829 0.52813409 0.52610452 0.52065361],[0.2863755  0.28223524 0.28531939 0.30508672 0.33858712],[0.21681604 0.21515112 0.21645436 0.23481363 0.2725894 ],[2.77495698 2.7514819  2.77058043 2.88597204 2.99553377]
543,"[6.75067858e-11 9.95208683e-11 1.08277430e-10 1.00494494e-10
 9.93248550e-11]",[0.09045494 0.08947274 0.0904329  0.0948826  0.09646353],[1.2642629  1.42083778 1.44725878 1.38732838 1.35191682],[0.53369901 0.53295716 0.53427061 0.52744925 0.52962848],[0.37485383 0.37203417 0.37373489 0.38840533 0.4005413 ],[0.30384496 0.30210982 0.30324178 0.31075116 0.32426236],[3.00467606 2.98680757 3.00291368 3.08931353 3.10709439]
544,"[1.09294058e-10 1.62228521e-10 1.76359742e-10 1.62483115e-10
 1.43821364e-10]",[0.07682951 0.07580243 0.076588   0.08081739 0.08684264],[1.50342416 1.68583544 1.71152811 1.61448252 1.48552925],[0.52894053 0.52893132 0.52918648 0.52424966 0.5193489 ],[0.31297696 0.30852073 0.31148993 0.33025413 0.35941255],[0.24589144 0.24466259 0.24550027 0.25575787 0.27650432],[2.96874697 2.95258287 2.96477826 3.02462899 3.05950819]
545,"[1.55264544e-10 2.34661014e-10 2.51404023e-10 2.14972187e-10
 1.64571103e-10]",[0.07016448 0.06922139 0.06993416 0.07408601 0.08155405],[1.66099081 1.85350272 1.87363364 1.74417241 1.55652495],[0.52404611 0.52507535 0.52353584 0.52557297 0.52119107],[0.27843633 0.27428687 0.27741827 0.29975208 0.34111633],[0.21478325 0.21230013 0.21406711 0.22535317 0.26771188],[2.7574609  2.74113571 2.7534942  2.83248434 2.95199232]
546,"[8.10735056e-11 1.21147825e-10 1.30595911e-10 1.16631439e-10
 1.10976619e-10]",[0.08409506 0.08311882 0.08414886 0.09019888 0.09245407],[1.33757045 1.50637652 1.52860513 1.42546376 1.35906702],[0.5313315  0.53184326 0.5315548  0.52834695 0.52816793],[0.34764533 0.34210614 0.34673449 0.37507581 0.39009668],[0.28269282 0.27848518 0.28230955 0.30731932 0.3156524 ],[2.89408497 2.87891654 2.8931125  2.98801602 3.02928242]
547,"[1.01178238e-10 1.51073486e-10 1.63365802e-10 1.45982452e-10
 1.23251843e-10]",[0.08182515 0.08104144 0.08174999 0.08524664 0.0882058 ],[1.3780384  1.5367213  1.5615653  1.49312132 1.41774562],[0.52352596 0.52496056 0.52405998 0.52581239 0.52431736],[0.33011074 0.32683184 0.32915353 0.34555085 0.36636311],[0.25288731 0.25141682 0.25252322 0.26392036 0.28708607],[2.8790371  2.86083894 2.87604082 2.95554579 2.99727867]
548,"[9.31772201e-11 1.37838377e-10 1.49400576e-10 1.39354639e-10
 1.39597267e-10]",[0.08546846 0.08478278 0.085574   0.08820405 0.08559716],[1.35777525 1.51345716 1.5357831  1.47987444 1.48784245],[0.528783   0.52902802 0.52982637 0.52718906 0.52170311],[0.34966205 0.34783275 0.34965636 0.36165622 0.35364457],[0.27584973 0.2749862  0.27612033 0.28410844 0.2831945 ],[2.97224864 2.95509    2.97269859 3.06491328 3.0605108 ]
549,"[1.28610466e-10 1.91435748e-10 2.06612270e-10 1.77132146e-10
 1.51254131e-10]",[0.06920944 0.06816184 0.06906653 0.07507573 0.08214433],[1.63876833 1.84273757 1.86803226 1.71182297 1.53514315],[0.52159389 0.52274779 0.52037459 0.52274795 0.51777774],[0.28171151 0.27617121 0.28052031 0.30926979 0.3447434 ],[0.22567638 0.22247813 0.2250285  0.24650747 0.27279693],[2.67828596 2.65793918 2.67592002 2.80483004 2.91416405]
550,"[1.38183081e-10 2.04392463e-10 2.22296895e-10 2.05371807e-10
 1.87002371e-10]",[0.07513226 0.07449491 0.07513073 0.07864736 0.08063905],[1.54400088 1.70805565 1.73474104 1.66185511 1.59959972],[0.52222175 0.52302212 0.52175994 0.52305029 0.52492151],[0.30746888 0.30485725 0.30758661 0.32514784 0.33456697],[0.24176971 0.2406525  0.24237916 0.25698909 0.26664113],[2.77957156 2.76430298 2.77839284 2.8691285  2.95158118]
551,"[1.78799035e-10 2.63495573e-10 2.83584065e-10 2.64336076e-10
 2.25469874e-10]",[0.07592208 0.07613013 0.07646539 0.0762002  0.07730492],[1.90789039 2.08450728 2.10552176 2.08281533 1.90038645],[0.53753461 0.53925806 0.53881067 0.53358596 0.52809541],[0.30963596 0.31105908 0.31249856 0.31000761 0.31153298],[0.23974281 0.2411713  0.24194434 0.24088314 0.24398644],[2.95588328 2.95209491 2.96278281 3.01438165 3.07328398]
552,"[9.06625729e-11 1.34696104e-10 1.45503025e-10 1.31257494e-10
 1.29660833e-10]",[0.08519949 0.08434482 0.08509473 0.08724321 0.08616173],[1.34788932 1.50260573 1.5292162  1.48920243 1.48734249],[0.52949928 0.53152685 0.53028392 0.53009508 0.52570888],[0.34739389 0.34347961 0.34645716 0.35434604 0.35309598],[0.26988023 0.26824368 0.26921445 0.27282258 0.27784582],[3.04209068 3.03325608 3.03945258 3.04886114 3.0203463 ]
553,"[1.38432515e-10 2.04972587e-10 2.22655298e-10 2.01725475e-10
 1.78050677e-10]",[0.07173824 0.07119553 0.07165703 0.07430855 0.07705611],[1.59617152 1.77063583 1.80361091 1.7402308  1.6514651 ],[0.52518859 0.5247659  0.52425739 0.5268343  0.5232533 ],[0.29076253 0.28763729 0.28961805 0.30057735 0.31818734],[0.22375911 0.22201689 0.22322998 0.23449086 0.25301984],[2.72022574 2.70340628 2.71620382 2.79859743 2.89460544]
554,"[1.51486622e-10 2.25683891e-10 2.42691932e-10 2.00869159e-10
 1.67383842e-10]",[0.06583494 0.06494448 0.06577043 0.07147185 0.07805175],[1.77058595 1.97992123 2.01004179 1.85924711 1.6783661 ],[0.52735972 0.52560161 0.52623973 0.52839938 0.52765362],[0.25904933 0.2542816  0.25799793 0.28383878 0.31629541],[0.20316578 0.20164634 0.20292669 0.21876865 0.24684227],[2.66021608 2.63789119 2.65871342 2.80048554 2.92305728]
555,"[1.63106749e-10 2.45235262e-10 2.63533419e-10 2.28999226e-10
 1.90552704e-10]",[0.06833789 0.06720545 0.06809656 0.07328447 0.07971881],[1.67578045 1.86969294 1.89042955 1.75424031 1.59219193],[0.52389459 0.52470117 0.52364949 0.52386286 0.52242448],[0.27590989 0.27016009 0.27368133 0.29903679 0.33361273],[0.22065274 0.2167666  0.21894487 0.23257773 0.26678027],[2.79797408 2.77660178 2.79409546 2.88825584 2.97022334]
556,"[2.13868407e-10 3.17418924e-10 3.43075448e-10 2.88213691e-10
 2.28623013e-10]",[0.059378   0.05873174 0.05935858 0.06425455 0.06955305],[1.85037962 2.05379125 2.08157873 1.91969253 1.74978625],[0.52506917 0.52482719 0.52425001 0.52260148 0.51657097],[0.23157053 0.22816153 0.2311762  0.25593639 0.28486274],[0.18384339 0.18078683 0.18294621 0.20062097 0.22791989],[2.65371392 2.63006064 2.65000883 2.76961745 2.86497326]
557,"[1.17816183e-10 1.77622950e-10 1.89830076e-10 1.60268058e-10
 1.40224419e-10]",[0.07712116 0.07559384 0.07699127 0.08468511 0.08936118],[1.53193157 1.71897004 1.73390086 1.58723436 1.48214021],[0.52680863 0.52853106 0.52734923 0.52657291 0.52815564],[0.32206642 0.31576126 0.32135275 0.35545417 0.37725904],[0.2593536  0.25595024 0.25933874 0.2871899  0.30540081],[2.88323633 2.85515749 2.88112293 3.02303078 3.08608389]
558,"[1.54951227e-10 2.31382794e-10 2.49394173e-10 2.16985367e-10
 1.81818776e-10]",[0.07069304 0.06974112 0.0704715  0.07402427 0.07841179],[1.65839004 1.84448602 1.86895116 1.77030699 1.63579949],[0.52321868 0.52320672 0.52320407 0.52417031 0.52365908],[0.28875258 0.2830409  0.28686371 0.30673364 0.33075719],[0.22854753 0.22471144 0.22729055 0.24508657 0.27008567],[2.7304454  2.70929343 2.72505464 2.81315433 2.89910867]
559,"[1.35060669e-10 2.01000285e-10 2.17321924e-10 1.93252692e-10
 1.70746915e-10]",[0.07411698 0.07335127 0.07404593 0.07774198 0.07995626],[1.54019179 1.70793123 1.73357399 1.64002851 1.57739868],[0.51999886 0.51967543 0.51996329 0.51918734 0.51539388],[0.30701532 0.30263987 0.30591389 0.32495471 0.3402055 ],[0.25606323 0.25220759 0.25517992 0.27163474 0.29155762],[2.76955114 2.75158314 2.76716153 2.85932443 2.92238809]
560,"[1.30777742e-10 1.93014916e-10 2.10183895e-10 1.91993105e-10
 1.71016994e-10]",[0.07051712 0.06975787 0.0704185  0.07426709 0.07818574],[1.61157899 1.79957227 1.82987508 1.72877138 1.62371755],[0.52717831 0.52692445 0.52667409 0.5245277  0.5247066 ],[0.28603626 0.28196315 0.28514107 0.30267901 0.32591134],[0.22493448 0.22367137 0.22431334 0.23349838 0.25538329],[2.81332533 2.7982189  2.80945364 2.8739527  2.92863115]
561,"[1.85363413e-10 2.72342961e-10 2.99197180e-10 3.05284543e-10
 2.66142057e-10]",[0.06966282 0.06959418 0.06958492 0.06880454 0.07090111],[1.78153307 1.94605005 1.98939493 2.03451249 1.94379091],[0.52622114 0.52426519 0.52519917 0.52751379 0.52595387],[0.27547617 0.27515344 0.27478262 0.26929888 0.28317567],[0.2097213  0.20880245 0.20861408 0.20545945 0.21862082],[2.89516193 2.88017949 2.89686412 2.98547208 3.03760002]
562,"[2.85316963e-10 4.27339151e-10 4.47663018e-10 3.44808849e-10
 4.33310571e-10]",[0.0656547  0.06417534 0.06598212 0.07396078 0.065788  ],[2.3763805  2.59328918 2.57847993 2.29749226 2.60372863],[0.5311646  0.53115538 0.53034675 0.52936613 0.5275818 ],[0.23402387 0.23008714 0.23618149 0.25995138 0.21942776],[0.17717621 0.17586211 0.1792655  0.19946928 0.17231191],[2.78194552 2.77712725 2.79535949 2.90742648 2.81172951]
563,"[1.15746247e-10 1.69882002e-10 1.85543553e-10 1.73257711e-10
 1.64821749e-10]",[0.08429407 0.08314266 0.08402856 0.0872897  0.0891969 ],[1.54324086 1.70290908 1.73097607 1.67677169 1.62287523],[0.53395984 0.53418874 0.53470282 0.53375666 0.5322507 ],[0.33127917 0.32880524 0.3301185  0.34167171 0.3532612 ],[0.25190581 0.24938204 0.25100928 0.26166745 0.27597109],[3.01923972 2.99490804 3.01250488 3.08096118 3.12202856]
564,"[2.13153295e-10 3.25476079e-10 3.51891134e-10 3.53003727e-10
 2.72659174e-10]",[0.07703455 0.07515486 0.0759019  0.07572627 0.08386899],[2.09157034 2.30159358 2.32379508 2.35177555 2.06346025],[0.5435647  0.54160374 0.54255307 0.54159178 0.53999614],[0.30092939 0.29393945 0.2958912  0.29235984 0.32288886],[0.22150311 0.21746395 0.21821542 0.21367326 0.24497036],[3.00418098 2.97944737 2.99427831 3.05120387 3.15179905]
565,"[2.01481372e-10 2.98483577e-10 3.24973189e-10 3.03515004e-10
 2.70999110e-10]",[0.06601377 0.06527022 0.06570239 0.06770138 0.07229953],[1.84882423 2.03134335 2.06636378 2.0032572  1.92374573],[0.52560473 0.52766551 0.52481265 0.52456346 0.52751017],[0.26505901 0.26171825 0.263461   0.27133407 0.28107261],[0.20783025 0.20554055 0.20664716 0.21067905 0.21989295],[2.77900781 2.76064887 2.76987146 2.80332982 2.90091569]
566,"[1.12670103e-10 1.64049967e-10 1.80278253e-10 1.72275473e-10
 1.59260151e-10]",[0.07966467 0.07910765 0.07952371 0.08070059 0.08262944],[1.61618006 1.77717054 1.8209054  1.80303678 1.76551933],[0.54145749 0.53976191 0.54175187 0.54246067 0.5412201 ],[0.32379702 0.32253481 0.32303987 0.32551707 0.33512617],[0.25579673 0.25567435 0.25532023 0.2545586  0.26292357],[2.93528624 2.91452622 2.93004382 3.00221921 3.06895829]
567,"[2.12837423e-10 3.12913586e-10 3.40509450e-10 2.99273964e-10
 2.56388537e-10]",[0.06221127 0.06160251 0.06211698 0.06556821 0.06936953],[2.07079486 2.26826634 2.31647032 2.23214795 2.11294827],[0.53572201 0.53548662 0.53551383 0.5360621  0.53291704],[0.24420581 0.24131123 0.24346281 0.25938709 0.27925934],[0.1976968  0.19616418 0.19737426 0.20878121 0.22691802],[2.64282417 2.61536931 2.6352677  2.75485153 2.91510101]
568,"[2.38734153e-10 3.51843728e-10 3.82489045e-10 3.44413783e-10
 3.03391326e-10]",[0.06476391 0.06429867 0.06464319 0.065983   0.06754323],[1.9942005  2.15544175 2.20534237 2.21155236 2.19090455],[0.54107714 0.53884293 0.53980761 0.54272627 0.54134062],[0.25298598 0.24890822 0.25182043 0.26362799 0.27513101],[0.19213971 0.18872336 0.19121203 0.20686057 0.22693109],[2.82756881 2.80650467 2.82077955 2.87228653 2.92994251]
569,"[1.74822687e-10 2.55897287e-10 2.80512029e-10 2.70202653e-10
 2.41874711e-10]",[0.07946966 0.07900928 0.07929603 0.0797963  0.08238418],[1.8498436  2.00464548 2.03922963 2.02076405 1.92869   ],[0.54419651 0.54285909 0.54340436 0.54514764 0.54470285],[0.31992104 0.31778497 0.31855175 0.32310472 0.33793076],[0.25156083 0.25091237 0.25144052 0.25688965 0.27129274],[2.99347226 2.98298482 2.99414415 3.05880897 3.09453009]
570,"[1.50207837e-10 2.20201049e-10 2.41431277e-10 2.32389664e-10
 2.10413606e-10]",[0.07483921 0.07444336 0.07469672 0.07551225 0.07784612],[1.74596955 1.90557088 1.95114308 1.9420086  1.88718762],[0.5446998  0.54416613 0.54371157 0.54087406 0.54143988],[0.30755005 0.30577317 0.30643287 0.31004611 0.32415691],[0.24633005 0.24450925 0.24565092 0.250643   0.26743776],[2.94567732 2.92540317 2.93968335 3.00306179 3.09803912]
571,"[1.34616384e-10 1.97238939e-10 2.15260509e-10 1.97944676e-10
 1.88923364e-10]",[0.07783148 0.07694026 0.07771096 0.08139247 0.08362534],[1.73192325 1.90173128 1.93758211 1.86770881 1.81628399],[0.5445685  0.54454742 0.54531851 0.54208629 0.543595  ],[0.32212707 0.31795259 0.32105179 0.33709754 0.34965349],[0.25608627 0.25388745 0.25567308 0.26869138 0.28487943],[3.05182119 3.03221312 3.04767902 3.11432391 3.14477501]
572,"[2.14429752e-10 3.13003040e-10 3.47520860e-10 3.84013036e-10
 3.49086337e-10]",[0.07918452 0.0782387  0.07836282 0.07455309 0.07851341],[2.12526964 2.27790028 2.3316524  2.49746389 2.39373119],[0.5420216  0.54201888 0.54183958 0.54691297 0.54491173],[0.293497   0.29198863 0.29054596 0.27059219 0.28648457],[0.21359336 0.21425891 0.21189709 0.19772496 0.21079661],[2.98972447 2.95622912 2.97827542 3.0726467  3.21572328]
573,"[1.32152735e-10 1.91596157e-10 2.11798608e-10 2.08904839e-10
 1.95284771e-10]",[0.07500609 0.07455709 0.07481148 0.07530884 0.07734501],[1.73332223 1.9041273  1.95278157 1.94721033 1.87351933],[0.54604222 0.54527184 0.5455618  0.54491427 0.54294235],[0.30890043 0.30634474 0.30757423 0.3129633  0.32527315],[0.24354234 0.24245266 0.24303926 0.24988994 0.26614313],[2.95636679 2.94044852 2.9507582  2.98788202 3.02412576]
574,"[1.80865368e-10 2.65696515e-10 2.90346747e-10 2.74589944e-10
 2.39412877e-10]",[0.07743678 0.0772335  0.07732821 0.07721067 0.0790909 ],[1.75394432 1.89400785 1.93309934 1.94519244 1.8910752 ],[0.53788548 0.53732475 0.53758701 0.53789716 0.54058013],[0.31762463 0.31684479 0.31686114 0.3185773  0.33075902],[0.25271498 0.2516249  0.25207869 0.2542462  0.26895737],[2.91427673 2.90064749 2.91285387 2.99357141 3.07885815]
575,"[1.48548823e-10 2.17504500e-10 2.37317498e-10 2.16854494e-10
 2.05278297e-10]",[0.07198758 0.07162019 0.07195579 0.07362083 0.07426127],[1.82936274 2.00452552 2.05180087 2.01327369 1.9865963 ],[0.54553599 0.54403721 0.54481174 0.54674223 0.54552269],[0.29427274 0.29224996 0.29401294 0.30357462 0.30891696],[0.24749655 0.24679311 0.24755793 0.25265585 0.25757189],[2.93971684 2.92324854 2.937258   3.01074037 3.03673788]
576,"[2.68086797e-10 3.99049682e-10 4.30545450e-10 3.65694188e-10
 2.84168902e-10]",[0.06290684 0.06179389 0.06247094 0.0683584  0.07382298],[2.19161807 2.37012608 2.39965043 2.24749389 2.07645892],[0.53413369 0.53313785 0.53460986 0.53737271 0.54082852],[0.2478561  0.24378788 0.247534   0.2700256  0.30382188],[0.20667876 0.20348399 0.20581433 0.21870527 0.25195491],[2.71067913 2.68032807 2.70220814 2.87720971 3.02409106]
577,"[2.08986135e-10 3.07041575e-10 3.33992422e-10 2.92059315e-10
 2.45629946e-10]",[0.0651785  0.06464625 0.06511906 0.0684094  0.07268789],[2.00929057 2.18862197 2.23544709 2.15822357 2.03827765],[0.53753331 0.535784   0.53750833 0.5370106  0.54292239],[0.26404512 0.26104464 0.26365614 0.27956315 0.30196784],[0.22016139 0.21901769 0.22000793 0.23123718 0.24921199],[2.6966939  2.68465047 2.69396519 2.76345517 2.87254737]
578,"[2.13748954e-10 3.08682039e-10 3.40751547e-10 3.28785449e-10
 3.20128873e-10]",[0.06771234 0.06786134 0.06774891 0.06791183 0.06821647],[1.96542104 2.130783   2.17824941 2.16208964 2.10240333],[0.53680121 0.53564467 0.53603041 0.53509403 0.53202672],[0.27179635 0.27195745 0.27166255 0.27462132 0.2782428 ],[0.22030489 0.22090281 0.22041769 0.223817   0.231151  ],[2.81046427 2.80238389 2.80773856 2.85293162 2.90889414]
579,"[1.51872957e-10 2.21399933e-10 2.41698223e-10 2.19496844e-10
 2.15562329e-10]",[0.06836673 0.06812686 0.06846014 0.07022454 0.06946315],[1.80485972 1.98472941 2.03191685 1.98758742 1.97892825],[0.5388249  0.53709406 0.5385723  0.53901076 0.53396173],[0.27806382 0.2761415  0.27805069 0.28636932 0.28502771],[0.22449379 0.2230495  0.22451019 0.23300587 0.23585116],[2.79764965 2.78003261 2.79417578 2.86141709 2.88870786]
580,"[2.21072608e-10 3.25969225e-10 3.53782088e-10 3.11518511e-10
 2.74446675e-10]",[0.0639041  0.06385395 0.0639521  0.06547025 0.06732313],[1.82900976 1.98408548 2.03269187 2.02032626 1.9714011 ],[0.52314648 0.52211041 0.52313779 0.52363796 0.52157746],[0.25129755 0.24983312 0.25081822 0.26153696 0.27373456],[0.20023368 0.19871224 0.19990683 0.21358935 0.23374757],[2.80348291 2.78690568 2.79923251 2.87402641 2.96719992]
581,"[2.18602969e-10 3.23165640e-10 3.50512720e-10 3.10991744e-10
 2.62692969e-10]",[0.06018222 0.05940171 0.06003906 0.06345577 0.06761215],[1.99553673 2.20139573 2.24136662 2.15316408 2.01538577],[0.52572501 0.52749689 0.52571811 0.52609781 0.52753127],[0.23648768 0.23234474 0.23536142 0.2527702  0.27543707],[0.20041271 0.19683951 0.19937895 0.21307253 0.23003735],[2.74413547 2.71786154 2.74025626 2.8607839  2.95592991]
582,"[2.89538918e-10 4.17628194e-10 4.59924725e-10 4.24379476e-10
 3.93900304e-10]",[0.05766162 0.05805483 0.0579738  0.05965927 0.06029643],[2.21459261 2.38504672 2.44199846 2.3783676  2.33895396],[0.52672153 0.52680425 0.5267498  0.52915658 0.53126246],[0.2237443  0.22595923 0.2251431  0.23213206 0.23650056],[0.18748021 0.18971814 0.18874616 0.19291335 0.19577604],[2.73954602 2.73653824 2.74468081 2.83353302 2.87778182]
583,"[1.69343550e-10 2.41625756e-10 2.68649929e-10 2.62888907e-10
 2.64395879e-10]",[0.06574876 0.06640058 0.0660286  0.06594229 0.06519097],[1.86545827 2.03547048 2.09208106 2.05764867 2.03775688],[0.53515923 0.53308339 0.53465734 0.53092726 0.5298132 ],[0.26521782 0.26806454 0.26624932 0.26736991 0.26455314],[0.21742259 0.21970575 0.21840999 0.22323446 0.22562173],[2.95158754 2.94460487 2.94969287 2.98896907 3.01674994]
584,"[1.99157813e-10 2.91043237e-10 3.17586015e-10 2.86497764e-10
 2.58257540e-10]",[0.06816055 0.06806696 0.06823303 0.07052816 0.07347989],[2.02769171 2.21610814 2.25150665 2.12528866 1.97679507],[0.53320683 0.53376465 0.53423819 0.53474771 0.53424765],[0.27664548 0.27591707 0.27675653 0.28887539 0.30480539],[0.21849735 0.2183434  0.21868051 0.22863963 0.24925716],[2.96392028 2.9470075  2.96497912 3.07734421 3.12170554]
585,"[2.31356021e-10 3.41664609e-10 3.70392115e-10 3.19923342e-10
 2.71328509e-10]",[0.05929288 0.05863023 0.05924883 0.06346651 0.06709898],[1.98504185 2.1862342  2.22244413 2.09890501 1.98776327],[0.52480423 0.52452058 0.52430567 0.52759474 0.52663548],[0.23378935 0.23008008 0.23324979 0.25530278 0.27513802],[0.19955417 0.19710887 0.199378   0.21682265 0.2357579 ],[2.71729173 2.6922579  2.71284721 2.83817851 2.97070714]
586,"[1.76136319e-10 2.56838868e-10 2.82050947e-10 2.61498205e-10
 2.30095911e-10]",[0.06108099 0.06074193 0.0610436  0.0635626  0.06729176],[1.92388754 2.12607169 2.17878806 2.1025994  1.98431984],[0.53105777 0.52696191 0.5300385  0.53412353 0.53414911],[0.23737642 0.23516314 0.23654771 0.24988833 0.27246411],[0.19714815 0.19613463 0.19647886 0.20461507 0.2268509 ],[2.79601441 2.7751037  2.78989671 2.87166827 2.97494356]
587,"[1.59986217e-10 2.35655101e-10 2.55763985e-10 2.26634728e-10
 1.97687072e-10]",[0.06449676 0.06411086 0.0645333  0.06737527 0.07014146],[1.82087863 2.01526304 2.06102861 1.99344253 1.88769753],[0.53167847 0.53037604 0.53142801 0.53352096 0.53046415],[0.25323894 0.25066758 0.25322846 0.26961243 0.28622732],[0.19743594 0.19542063 0.19725109 0.2114796  0.23077832],[2.78099993 2.76577478 2.77749227 2.83457205 2.89559125]
588,"[2.29165387e-10 3.36290704e-10 3.67941472e-10 3.47931195e-10
 3.09278837e-10]",[0.06077098 0.06043928 0.06061984 0.06120206 0.06307339],[1.94529555 2.12247069 2.17581625 2.18702765 2.11275245],[0.52644932 0.5245833  0.52637882 0.52822628 0.52699597],[0.23272154 0.23054575 0.23209685 0.2364552  0.24905863],[0.18107526 0.17890678 0.18025305 0.18839442 0.20534036],[2.52752823 2.49906602 2.51801413 2.62830982 2.80235201]
589,"[2.92103133e-10 4.32904935e-10 4.70932848e-10 4.20166826e-10
 3.31977939e-10]",[0.04746151 0.04698175 0.04725393 0.04904813 0.05352261],[2.40358802 2.66067789 2.72985016 2.66949032 2.46762302],[0.53239961 0.52988693 0.53112771 0.53436164 0.53632016],[0.17307809 0.17056272 0.17189051 0.18099247 0.20374523],[0.14904061 0.14677163 0.14810126 0.15705477 0.17848258],[2.32209385 2.29427626 2.31057626 2.40254709 2.60913175]
590,"[2.34566775e-10 3.44744305e-10 3.75196553e-10 3.30722709e-10
 2.82271434e-10]",[0.06044857 0.06003058 0.06047145 0.06364727 0.06615858],[1.93347025 2.11672573 2.15711256 2.07579104 1.98256958],[0.52382346 0.52329056 0.52354741 0.52714817 0.52828234],[0.23855499 0.23608378 0.23832173 0.2549243  0.26851086],[0.19681538 0.19440122 0.19639998 0.21250337 0.22822843],[2.61042299 2.59030672 2.60660935 2.7086729  2.82005564]
591,"[2.42497404e-10 3.53805469e-10 3.87155832e-10 3.51486324e-10
 3.11389738e-10]",[0.05806641 0.05788261 0.05808728 0.05984734 0.06176114],[2.04475324 2.23389553 2.2863341  2.23967526 2.15614671],[0.52296813 0.52142895 0.52218642 0.52593868 0.5306067 ],[0.22584453 0.2247867  0.22579859 0.23346788 0.24405244],[0.18964172 0.18885841 0.18980321 0.19873801 0.20806404],[2.6854277  2.66588378 2.68012331 2.76304266 2.86681136]
592,"[2.26957708e-10 3.32678543e-10 3.65436573e-10 3.50705482e-10
 2.95977942e-10]",[0.05691975 0.05645143 0.05658899 0.05706029 0.0619477 ],[2.07938227 2.29494169 2.35079238 2.32020072 2.12986756],[0.52966993 0.52990194 0.52990463 0.52921627 0.52982047],[0.21823338 0.21572131 0.21642131 0.21926478 0.24507783],[0.17992193 0.1779568  0.1783297  0.18167455 0.20697996],[2.64466781 2.62913619 2.63731587 2.68170683 2.79493372]
593,"[1.96176311e-10 2.83902923e-10 3.12066064e-10 2.88748435e-10
 2.70415984e-10]",[0.06250711 0.06248016 0.06265232 0.06454448 0.06506109],[1.9542164  2.13387996 2.18784294 2.13470274 2.10235125],[0.53260373 0.53234144 0.53260077 0.5335634  0.53394454],[0.25011479 0.24972591 0.25041405 0.25953447 0.26077824],[0.21474614 0.21592956 0.21533521 0.21887042 0.2189557 ],[2.81279313 2.80034294 2.81124135 2.87592711 2.92925492]
594,"[2.32530934e-10 3.37106111e-10 3.70190026e-10 3.42649344e-10
 3.17554327e-10]",[0.06468466 0.06480543 0.06484115 0.06586707 0.06517761],[2.10047643 2.27443166 2.32270733 2.27652031 2.24744572],[0.5332918  0.53178572 0.53254486 0.53469339 0.53199338],[0.25325984 0.25300093 0.2534718  0.25975736 0.25974264],[0.20037992 0.20051696 0.20061094 0.2071278  0.21365497],[2.79249509 2.78978215 2.79559035 2.84584077 2.83122736]
595,"[1.56614326e-10 2.26466320e-10 2.49580749e-10 2.35772334e-10
 2.26722399e-10]",[0.06656679 0.06613749 0.06656186 0.06897882 0.07000869],[1.78794574 1.96923815 2.01701634 1.96920397 1.93820842],[0.5338435  0.53312333 0.5341459  0.53433705 0.5352511 ],[0.26978791 0.26752757 0.26949    0.28137264 0.28723674],[0.2276407  0.22624193 0.22745034 0.23729635 0.24447066],[2.77170814 2.75316934 2.76764008 2.84367401 2.8935626 ]
596,"[2.19339142e-10 3.23922702e-10 3.51189657e-10 3.11970498e-10
 2.54448885e-10]",[0.0644604  0.06406464 0.06411309 0.06781624 0.07322212],[2.04324564 2.19851573 2.23797974 2.1014909  2.00579821],[0.52737686 0.52714771 0.52714501 0.52739297 0.53241546],[0.25652881 0.25441062 0.25520637 0.26631319 0.28782311],[0.20612923 0.20562368 0.20655362 0.21319373 0.23213084],[2.80311091 2.79538055 2.79886073 2.87822354 2.97746906]
597,"[3.11766271e-10 4.62688392e-10 5.00106958e-10 4.27380439e-10
 3.45210171e-10]",[0.05859497 0.05826508 0.05844569 0.06035068 0.06450984],[2.2788966  2.46932072 2.51541513 2.43750991 2.27333851],[0.53518208 0.53498998 0.53419887 0.53577242 0.53399152],[0.22746313 0.22601054 0.22661961 0.23592803 0.25689593],[0.19152468 0.19045606 0.19115266 0.20186951 0.22156305],[2.77118636 2.74945932 2.76429827 2.85158663 2.96699699]
598,"[1.34183494e-10 1.97965338e-10 2.14721821e-10 1.92889402e-10
 1.85313022e-10]",[0.07879233 0.07773215 0.07858667 0.08213702 0.08380264],[1.70058233 1.86831221 1.9024379  1.8425001  1.80443463],[0.54181017 0.53906103 0.54005009 0.54273156 0.54255629],[0.32354541 0.3183998  0.32199638 0.33952685 0.35091163],[0.26285579 0.25927214 0.26168831 0.27295953 0.28764531],[2.90584418 2.88354111 2.90102171 3.00054453 3.07041586]
599,"[2.03769585e-10 2.97264723e-10 3.25762862e-10 2.99294618e-10
 2.61533072e-10]",[0.0679126  0.06740773 0.06792513 0.0709405  0.07282726],[1.99573278 2.16954864 2.21180566 2.13863147 2.0804982 ],[0.53871139 0.53698764 0.53826241 0.54062465 0.54332116],[0.27801801 0.27534238 0.27779783 0.29285828 0.30232536],[0.23496725 0.23347758 0.23500965 0.24493052 0.25456452],[2.82815337 2.81014835 2.82580774 2.91306322 2.98842622]
600,"[2.52855956e-10 3.74459407e-10 4.04046462e-10 3.35255406e-10
 2.77734707e-10]",[0.0587805  0.05791953 0.05865104 0.06331017 0.06850535],[2.28258216 2.50255512 2.5447073  2.39912901 2.24058054],[0.53768259 0.53773452 0.53798319 0.54038283 0.54604605],[0.22916365 0.22453917 0.22828582 0.25266115 0.28092484],[0.19340599 0.1899219  0.19280385 0.21340652 0.23909683],[2.56750407 2.54767392 2.56424039 2.67628799 2.81264272]
601,"[1.80235061e-10 2.64981928e-10 2.88687923e-10 2.60087904e-10
 2.30278770e-10]",[0.07252454 0.07160227 0.07227524 0.07500097 0.07812872],[1.83578374 2.00180458 2.03894001 1.98957569 1.92308198],[0.53882421 0.53760335 0.53982992 0.54176651 0.54434003],[0.30142684 0.29664698 0.29996565 0.3132764  0.32932075],[0.25368575 0.2500189  0.25233175 0.2622478  0.27544339],[2.92017148 2.89471419 2.91334436 2.99642995 3.06915235]
602,"[1.82370893e-10 2.70787456e-10 2.93723271e-10 2.62962561e-10
 2.22275172e-10]",[0.06752612 0.06654506 0.067268   0.07045487 0.07413345],[1.93783639 2.12876755 2.16965804 2.10410673 2.0165677 ],[0.53965239 0.53895777 0.53889338 0.53989687 0.54155445],[0.27685252 0.2717193  0.27520504 0.29204353 0.31092322],[0.23971526 0.23591725 0.23854667 0.25018792 0.26370365],[2.72511394 2.70641994 2.72176249 2.81401939 2.9077748 ]
603,"[1.83588136e-10 2.66159545e-10 2.92665683e-10 2.73884928e-10
 2.56190963e-10]",[0.06915239 0.06848313 0.06906774 0.0717851  0.07324789],[1.97411403 2.15294838 2.19883262 2.14965317 2.11354283],[0.54727822 0.54603169 0.54726788 0.5462581  0.54578223],[0.2846541  0.28104865 0.28391361 0.2971176  0.30483596],[0.24252164 0.23996998 0.24189863 0.25050312 0.25768469],[2.86541057 2.85032541 2.86327591 2.9221596  2.94425256]
604,"[3.00883474e-10 4.51903211e-10 4.84715818e-10 3.98098703e-10
 3.05595714e-10]",[0.05612382 0.05492225 0.05575719 0.06051424 0.0687793 ],[2.29199806 2.52532302 2.55612463 2.38735764 2.10419693],[0.5319215  0.53118502 0.53097199 0.53273467 0.53397002],[0.21710022 0.21055821 0.21484443 0.23969474 0.28290693],[0.19290559 0.18773591 0.19112655 0.21091052 0.24596678],[2.67231452 2.64111642 2.66216815 2.76671507 2.91067559]
605,"[2.94853107e-10 4.42058761e-10 4.73105152e-10 3.81787294e-10
 3.02392660e-10]",[0.06132874 0.06051689 0.06117301 0.0650739  0.06927114],[2.17982205 2.35743223 2.39825183 2.31510723 2.20867114],[0.53647558 0.53551128 0.53524388 0.53854416 0.54417493],[0.2422938  0.23746012 0.2411036  0.26272862 0.28584341],[0.20289818 0.19835625 0.20192974 0.22286481 0.24452801],[2.62501614 2.60160985 2.62176417 2.75453785 2.8882687 ]
606,"[2.42431315e-10 3.54131992e-10 3.91139605e-10 3.87323092e-10
 3.21580808e-10]",[0.06059404 0.05983524 0.06011208 0.0603299  0.06588461],[2.21490666 2.42506118 2.48328871 2.50819151 2.28616757],[0.53674792 0.53696083 0.5362381  0.541475   0.54464969],[0.24006202 0.23591377 0.23733729 0.23777938 0.26691912],[0.21355328 0.21000601 0.21120102 0.2118073  0.23489746],[2.70370449 2.68537893 2.69386022 2.71798492 2.82213849]
607,"[1.47067733e-10 2.13143083e-10 2.34514664e-10 2.20751048e-10
 2.11077969e-10]",[0.0746459  0.073905   0.07452894 0.0771443  0.07875054],[1.81160997 1.98313015 2.02657291 1.98653245 1.9459216 ],[0.54635211 0.54468712 0.54593524 0.54798908 0.54688501],[0.312378   0.30811575 0.31130775 0.32399988 0.33398439],[0.26983921 0.26649967 0.26895974 0.27988127 0.28951565],[2.92278764 2.90140919 2.91875307 3.00125273 3.04696971]
608,"[3.62562922e-10 5.34822814e-10 5.82286283e-10 5.29633265e-10
 4.53870477e-10]",[0.05162538 0.05132387 0.05147232 0.05223473 0.05420916],[2.44570197 2.64659876 2.71221629 2.71542192 2.64871582],[0.52999109 0.52873685 0.53014912 0.53091447 0.53800676],[0.19258711 0.19083819 0.19165486 0.19571899 0.20653633],[0.16339413 0.16208377 0.16281597 0.16846003 0.17968877],[2.55435998 2.54141933 2.54952545 2.58644068 2.65957334]
609,"[2.94463986e-10 4.36453107e-10 4.72870009e-10 4.08697568e-10
 3.30819232e-10]",[0.05519742 0.05424958 0.0549333  0.05906209 0.06552935],[2.37797009 2.61016883 2.65302004 2.49839347 2.26601674],[0.53423733 0.5337554  0.53372858 0.5377866  0.53715405],[0.20959062 0.20459842 0.20812203 0.22988676 0.26445403],[0.17676911 0.17302546 0.17570398 0.19269285 0.22088228],[2.55353963 2.52301009 2.54350074 2.65644226 2.83333529]
610,"[1.89607275e-10 2.78401869e-10 3.03988125e-10 2.80649473e-10
 2.50181068e-10]",[0.06708751 0.06623613 0.06686906 0.06970049 0.07301854],[1.97898559 2.16688274 2.21203629 2.15835845 2.0637363 ],[0.53913577 0.5388298  0.53834662 0.54131811 0.54308935],[0.27234392 0.26754465 0.27083962 0.28618249 0.30461945],[0.22455668 0.22037841 0.22326718 0.23870162 0.2583395 ],[2.66184533 2.63856199 2.65539749 2.75245044 2.88169524]
611,"[2.02296451e-10 2.96992106e-10 3.23554821e-10 2.92875791e-10
 2.68805311e-10]",[0.06677675 0.06561078 0.06650955 0.07034995 0.07337655],[1.99541164 2.19225741 2.22470887 2.12751364 2.04570533],[0.53837679 0.53361143 0.53678972 0.54237968 0.54338432],[0.27262266 0.26665528 0.27103714 0.28957527 0.30478994],[0.23156571 0.22808266 0.23064117 0.24339569 0.25931483],[2.71813856 2.69841862 2.71290426 2.77953738 2.85275723]
612,"[2.95234106e-10 4.38522660e-10 4.72798811e-10 3.95722125e-10
 3.21438491e-10]",[0.05484749 0.05417031 0.05475266 0.05856068 0.06297008],[2.38813197 2.61068133 2.66084518 2.53889316 2.35338124],[0.53663967 0.53432757 0.53610852 0.53915794 0.53839864],[0.20886898 0.20494245 0.20832914 0.22914921 0.25231883],[0.18051212 0.17684039 0.17975991 0.19696472 0.22017922],[2.47327294 2.44903983 2.47117367 2.62209882 2.75831853]
613,"[3.16181046e-10 4.65027012e-10 5.07039482e-10 4.51916354e-10
 3.80116315e-10]",[0.05509437 0.05469163 0.05491748 0.05616968 0.05915301],[2.41008246 2.60853288 2.67472176 2.67250763 2.5563538 ],[0.53625605 0.53296892 0.53525773 0.54274009 0.54388417],[0.21107454 0.20894378 0.21004769 0.21648956 0.23236489],[0.18426181 0.18172734 0.18343774 0.19183981 0.20670787],[2.6106581  2.59023628 2.60457197 2.67928804 2.76573331]
614,"[2.91709684e-10 4.22765803e-10 4.68224487e-10 4.69839481e-10
 4.38290823e-10]",[0.05689739 0.05663942 0.05667982 0.05622139 0.05712692],[2.3250339  2.51061457 2.58351715 2.65069222 2.62881898],[0.53366934 0.53134269 0.53282738 0.5352805  0.53862691],[0.22122091 0.21974498 0.2198373  0.21723875 0.22140893],[0.18972388 0.18866109 0.18854837 0.18589977 0.18871855],[2.52609148 2.51527074 2.51817756 2.51722575 2.60484957]
615,"[2.69603700e-10 4.00055315e-10 4.34406264e-10 3.84900280e-10
 3.04424273e-10]",[0.05968807 0.05866621 0.05928988 0.06208044 0.06838696],[2.23082533 2.44127504 2.48627999 2.42588791 2.209465  ],[0.53549732 0.53373136 0.53546909 0.54025974 0.54011062],[0.23556508 0.22997577 0.23328477 0.24782672 0.2814062 ],[0.2051018  0.20046414 0.20336425 0.2150731  0.24059446],[2.59683773 2.57913338 2.59143777 2.65662518 2.74021877]
616,"[2.44965634e-10 3.60955416e-10 3.93824192e-10 3.59043941e-10
 3.07673995e-10]",[0.05834125 0.05774882 0.0580365  0.05905955 0.0622944 ],[2.19345071 2.39768132 2.45854643 2.45635858 2.33859101],[0.53410474 0.5338838  0.53409199 0.53814691 0.54055851],[0.22538905 0.22169266 0.22350301 0.23031581 0.24815282],[0.19799358 0.1950832  0.19656671 0.20163524 0.21553115],[2.6628264  2.63966062 2.65333287 2.72294345 2.85703066]
617,"[3.65462644e-10 5.39579570e-10 5.84515366e-10 5.39668610e-10
 4.81481246e-10]",[0.0575237  0.05590855 0.05603515 0.05715882 0.06055254],[2.43054491 2.58908494 2.64860277 2.76683799 2.68639583],[0.53682491 0.53584579 0.53584167 0.54286449 0.54172445],[0.21597733 0.21029379 0.21169201 0.21785471 0.21920528],[0.17263141 0.16936207 0.17130018 0.17756824 0.18311686],[2.5409431  2.50422092 2.51512379 2.59479769 2.76380464]
618,"[2.82201211e-10 4.21594515e-10 4.55459315e-10 4.03439628e-10
 3.33356603e-10]",[0.05515468 0.05409346 0.05475268 0.05728143 0.0617268 ],[2.34605322 2.58250713 2.63029186 2.56073164 2.39102179],[0.53576394 0.53543761 0.53625692 0.53953213 0.54025778],[0.21232249 0.20662528 0.20999693 0.22323819 0.24704006],[0.18870725 0.18357854 0.18674373 0.19951522 0.21981044],[2.58263604 2.5604625  2.57419918 2.62449276 2.6971711 ]
619,"[3.42496432e-10 4.99300933e-10 5.47764670e-10 5.06303737e-10
 4.41552681e-10]",[0.05123975 0.0510349  0.05111183 0.05146791 0.05347618],[2.55605016 2.76573874 2.84369221 2.87122614 2.80230089],[0.53264441 0.53034066 0.53210897 0.53776301 0.54419205],[0.19175654 0.19072076 0.19104036 0.19277129 0.20327783],[0.16862084 0.16733121 0.16798073 0.17200206 0.18406554],[2.44253211 2.43878867 2.43894432 2.4416438  2.51023111]
620,"[2.36339375e-10 3.43611139e-10 3.78011185e-10 3.71277948e-10
 3.60232477e-10]",[0.06165612 0.06117965 0.06147199 0.06140784 0.06095511],[2.19294482 2.38346731 2.44302086 2.48382587 2.51247255],[0.54059256 0.53782623 0.53888907 0.542945   0.54606529],[0.24567697 0.24314563 0.24445859 0.24392908 0.2419364 ],[0.20983946 0.20852138 0.20918447 0.20818563 0.20713968],[2.70556195 2.69330411 2.70110023 2.71594287 2.73619438]
621,"[2.74580973e-10 4.10512360e-10 4.42966487e-10 3.89753118e-10
 3.30019638e-10]",[0.05649802 0.0554432  0.05616465 0.05952212 0.06408184],[2.33262947 2.56428894 2.60915838 2.50808616 2.34078894],[0.53613895 0.53386205 0.53538769 0.53962186 0.54179243],[0.21773197 0.21234741 0.21576875 0.23379673 0.25879579],[0.18594437 0.18165563 0.18443183 0.19783899 0.22289419],[2.5649484  2.53800369 2.5571406  2.65854027 2.78560766]
622,"[3.50711579e-10 5.18925157e-10 5.65237552e-10 5.11471182e-10
 3.99602594e-10]",[0.05304736 0.05260183 0.05272215 0.05288847 0.05761351],[2.39968905 2.59312928 2.66530722 2.73042333 2.55663519],[0.53315607 0.53306522 0.53362172 0.53747759 0.53974196],[0.19989973 0.19688547 0.19798482 0.20057797 0.2252906 ],[0.17217523 0.16907403 0.17062343 0.17823259 0.20423263],[2.58461389 2.57201346 2.57732792 2.59225345 2.69708941]
623,"[4.69274880e-10 7.00145762e-10 7.55600789e-10 6.42682670e-10
 4.95838253e-10]",[0.04735629 0.04681307 0.04714059 0.04911742 0.0530349 ],[2.75571539 2.98238914 3.04891717 3.01908056 2.82809036],[0.53102615 0.52919881 0.53128523 0.532855   0.54059914],[0.17224809 0.16957581 0.17123817 0.18115208 0.20111116],[0.15200189 0.14940025 0.15120194 0.16106349 0.17702871],[2.4265098  2.4126072  2.42161294 2.48564797 2.58267069]
624,"[3.69976095e-10 5.53688572e-10 5.98835106e-10 5.31597684e-10
 3.92879292e-10]",[0.04798659 0.04721354 0.04765298 0.04948631 0.05485668],[2.62525492 2.87911201 2.94387408 2.90234101 2.65330254],[0.53392354 0.53374312 0.53322831 0.53649659 0.53701715],[0.17567891 0.17169004 0.17388059 0.18297027 0.21038082],[0.1552407  0.1518432  0.1538603  0.1629991  0.18463059],[2.35333069 2.33440951 2.34803273 2.41955142 2.53958869]
625,"[3.47643251e-10 5.11361479e-10 5.61261159e-10 5.47664884e-10
 4.65528917e-10]",[0.05109482 0.05087416 0.05084249 0.05048271 0.05344109],[2.5385556  2.75622247 2.83380214 2.89284632 2.7344862 ],[0.5361303  0.53561597 0.53686752 0.53830247 0.53839715],[0.19073488 0.1895829  0.18936554 0.18778758 0.20304024],[0.16614059 0.16496407 0.16521487 0.16596991 0.18026186],[2.50778329 2.49675545 2.50340679 2.54881542 2.63397975]
626,"[3.42491295e-10 5.08215801e-10 5.47650733e-10 4.69946490e-10
 4.17502766e-10]",[0.07688588 0.07590452 0.07659048 0.07921514 0.08212004],[2.44359701 2.59696456 2.61427798 2.51000523 2.35977006],[0.54736314 0.54813308 0.54735302 0.55101746 0.54979229],[0.31944493 0.31501182 0.31776646 0.33129174 0.34605537],[0.25855186 0.25594974 0.25806907 0.2707906  0.28463362],[2.96420129 2.94738591 2.96076407 3.03638182 3.11837348]
627,"[1.56655241e-10 2.26319599e-10 2.49773868e-10 2.45541193e-10
 2.47472172e-10]",[0.08526046 0.08512855 0.08513501 0.08444736 0.08354505],[1.83473715 1.97041475 2.01499891 2.03645755 2.03944188],[0.55878315 0.55804669 0.55807978 0.55782673 0.5498268 ],[0.36238066 0.36126701 0.36123077 0.35895225 0.35734922],[0.29887458 0.29741157 0.29794563 0.30023568 0.30640079],[3.1979795  3.18817063 3.19315261 3.19849995 3.18644379]
628,"[3.17098207e-10 4.33833341e-10 4.88143016e-10 5.79527316e-10
 8.15030592e-10]",[0.06429487 0.06543312 0.06509248 0.06057114 0.05419392],[2.77752354 2.92175819 2.99019655 3.16578029 3.44471898],[0.55132392 0.55200395 0.55135291 0.54897902 0.54361375],[0.24499318 0.25154048 0.24851417 0.22651441 0.19967916],[0.19712524 0.20344277 0.19934427 0.18041184 0.16070495],[2.80217266 2.84365527 2.82567276 2.73085968 2.55898186]
629,"[1.07409925e-10 1.58251458e-10 1.72811544e-10 1.67013776e-10
 1.60502524e-10]",[0.07849409 0.07789596 0.07817903 0.08046741 0.0860083 ],[1.65026285 1.83977663 1.87579028 1.79818457 1.65812283],[0.54956331 0.54989671 0.54990439 0.55156195 0.54183625],[0.32898786 0.32544086 0.32646331 0.33559125 0.35563119],[0.26924537 0.26668391 0.26717156 0.2678446  0.27861029],[3.0413831  3.02622157 3.03578338 3.10803014 3.17373435]
630,"[1.74962682e-10 2.61195710e-10 2.80819315e-10 2.38722467e-10
 2.10462773e-10]",[0.06834655 0.06779698 0.06813863 0.07074334 0.07449151],[1.92153095 2.1192274  2.15233863 2.02218521 1.89661881],[0.54385228 0.54328871 0.54363794 0.5402685  0.53950414],[0.28083992 0.27776132 0.27946798 0.29202395 0.30954583],[0.23803731 0.23628801 0.23742567 0.24822354 0.26250337],[2.78706925 2.76533673 2.78089558 2.90051554 3.05516954]
631,"[1.63883632e-10 2.38552894e-10 2.60890492e-10 2.37913612e-10
 2.28440709e-10]",[0.06720575 0.06773831 0.06732702 0.06779936 0.07016856],[1.99509156 2.1826695  2.23997869 2.17750953 2.07924533],[0.54918441 0.54750709 0.54774403 0.54822704 0.54969793],[0.27395785 0.27638829 0.27412075 0.27787814 0.2908733 ],[0.22769239 0.22897085 0.22764093 0.23361639 0.24692692],[2.95575764 2.94851597 2.95543079 3.04574171 3.12739694]
632,"[1.11278727e-10 1.59426072e-10 1.76296343e-10 1.71184700e-10
 1.84867899e-10]",[0.07961862 0.0801272  0.07993631 0.0814125  0.08007062],[1.71350066 1.87441684 1.92410991 1.87873958 1.89022543],[0.55326988 0.55375689 0.5530011  0.55074714 0.54990237],[0.33867795 0.34046062 0.33960916 0.3454958  0.33825949],[0.28415587 0.2845039  0.28387053 0.28307696 0.27283398],[3.14462704 3.13691333 3.14374629 3.20546453 3.2234965 ]
633,"[1.32525720e-10 1.95119934e-10 2.12350881e-10 1.93137106e-10
 1.74757198e-10]",[0.0720876  0.07134348 0.07196077 0.0751874  0.07714347],[1.8097079  2.00179096 2.04345837 1.95807101 1.91418713],[0.54703194 0.54517123 0.54605172 0.54628207 0.54823637],[0.29906903 0.29510244 0.29799117 0.31366233 0.32264771],[0.2435336  0.24090955 0.2424632  0.25436177 0.27153436],[2.78154623 2.75529124 2.77859696 2.93512812 3.066688  ]
634,"[2.59909202e-10 3.73968718e-10 4.12743631e-10 3.90249151e-10
 3.77842025e-10]",[0.06404377 0.06472881 0.06419468 0.06281528 0.06216042],[2.1147759  2.26193508 2.32304451 2.34225432 2.36617004],[0.53758735 0.53731635 0.53678239 0.537274   0.53734911],[0.25061095 0.25353517 0.25142192 0.24702056 0.24312927],[0.20416314 0.20523066 0.20447555 0.20588447 0.21063655],[2.926072   2.91937403 2.92356332 2.95322078 2.99354576]
635,"[2.22021809e-10 3.08975832e-10 3.51425579e-10 3.80458558e-10
 3.82095346e-10]",[0.056548   0.05751933 0.05669149 0.05544801 0.05800977],[2.53970225 2.75795911 2.85950989 2.89191031 2.73249724],[0.5532928  0.55361973 0.55302683 0.55326596 0.54939237],[0.21205062 0.21787942 0.21284137 0.20606984 0.21916643],[0.18222196 0.18671907 0.18273148 0.1781562  0.18931496],[2.61704425 2.64619557 2.6248698  2.60791488 2.66371934]
636,"[4.64674504e-10 6.30484084e-10 7.27477818e-10 8.27855855e-10
 9.02748711e-10]",[0.05212902 0.05302852 0.05251729 0.0514106  0.05072263],[3.56738029 3.77269284 3.88147902 3.96904552 3.86215315],[0.56630494 0.56842098 0.56680558 0.56281936 0.55743903],[0.18909721 0.19344535 0.19071128 0.18444814 0.18304665],[0.15317021 0.15640071 0.15416025 0.15051936 0.15376095],[2.26365343 2.27558936 2.2712859  2.3056252  2.38133082]
637,"[4.33129036e-10 5.80065282e-10 6.61315799e-10 6.59077459e-10
 8.02605206e-10]",[0.04801651 0.04861998 0.04866716 0.05111504 0.04982421],[3.79149517 4.02908856 4.13304614 3.95755592 4.04739918],[0.54718301 0.54891226 0.54652675 0.54775383 0.54774473],[0.14348133 0.14590224 0.14540733 0.15652544 0.16075367],[0.08630549 0.08781375 0.08696898 0.09707499 0.10680229],[2.13964797 2.14340618 2.14327122 2.17370156 2.25481673]
638,"[1.81691884e-10 2.53249198e-10 2.86112849e-10 2.93653997e-10
 2.98444965e-10]",[0.05120266 0.05249033 0.05165906 0.05193714 0.05162881],[2.23654864 2.46965988 2.56206355 2.49153093 2.45090061],[0.54249012 0.54299495 0.54199061 0.53858207 0.53376236],[0.18952152 0.19612709 0.19162727 0.19344566 0.19198987],[0.162884   0.16874182 0.16467974 0.16747968 0.16394744],[2.66982594 2.69826831 2.68129677 2.71896129 2.72314854]
639,"[2.02821909e-10 2.90176352e-10 3.20784779e-10 3.02279058e-10
 3.05227236e-10]",[0.0423047  0.04318227 0.04256696 0.04212547 0.04206585],[2.24621345 2.53247444 2.61623251 2.50361621 2.42174945],[0.5284148  0.53085675 0.52968782 0.52621967 0.52417537],[0.14904477 0.15303215 0.1500754  0.14835185 0.14851535],[0.13664067 0.13971761 0.13752957 0.13722873 0.13925894],[2.53127047 2.53138504 2.53604812 2.62823114 2.64823322]
640,"[1.85862621e-10 2.74918088e-10 2.97510344e-10 2.60233716e-10
 2.19504222e-10]",[0.06505913 0.06520463 0.06516239 0.06654183 0.07041551],[1.66967052 1.84250777 1.87253421 1.79090753 1.69087843],[0.52251847 0.52359358 0.52227708 0.51799345 0.51822712],[0.26474281 0.26486571 0.26479689 0.27275256 0.29412854],[0.22709947 0.22659683 0.22710893 0.2357244  0.25761003],[2.64937535 2.64256632 2.64948037 2.72943678 2.87758195]
641,"[1.35879800e-10 2.03384954e-10 2.18032824e-10 1.81250551e-10
 1.48645220e-10]",[0.06983573 0.07001529 0.06992864 0.07118539 0.0768594 ],[1.51962915 1.68936854 1.7216384  1.65354132 1.52990974],[0.52506336 0.52506212 0.5247969  0.53019882 0.52760362],[0.28766401 0.28766776 0.28733984 0.29397284 0.3246221 ],[0.23342966 0.2335991  0.23314049 0.24164156 0.27554901],[2.66731192 2.66844097 2.66805583 2.71362477 2.86042328]
642,"[1.18938469e-10 1.79755915e-10 1.91637124e-10 1.60211200e-10
 1.44876890e-10]",[0.07061779 0.070024   0.07051941 0.07382123 0.07764799],[1.43196099 1.6145058  1.63735131 1.54597848 1.4571505 ],[0.52591048 0.52467262 0.52538969 0.52339232 0.52126757],[0.28918495 0.28621735 0.28840725 0.30674206 0.32787587],[0.23792746 0.23567598 0.23764775 0.25511873 0.27849869],[2.68494084 2.67088217 2.68004968 2.75450008 2.89960124]
643,"[9.66276225e-11 1.44857025e-10 1.55543887e-10 1.34362541e-10
 1.23707825e-10]",[0.07090272 0.07095314 0.07093323 0.07211425 0.0775586 ],[1.39558022 1.57417441 1.60877605 1.54784965 1.43892563],[0.52462382 0.52277968 0.5241617  0.52433268 0.52285975],[0.29523678 0.29461157 0.29462598 0.30160387 0.33141024],[0.24951259 0.24847938 0.24891214 0.25624391 0.28604075],[2.71564347 2.70872023 2.71313408 2.77713922 2.93487321]
644,"[1.21225189e-10 1.77275573e-10 1.93155898e-10 1.75449095e-10
 1.80429559e-10]",[0.08305572 0.08228256 0.08296209 0.0859735  0.08696477],[1.78087183 1.94337686 1.98623128 1.94592311 1.93391088],[0.52751655 0.52932034 0.52855181 0.52572673 0.52391302],[0.29734711 0.29908179 0.29833942 0.30060474 0.30217436],[0.23011309 0.23216019 0.23098536 0.23463531 0.24328931],[2.96758127 2.95253968 2.96340893 3.02187489 3.09227607]
645,"[9.32734958e-11 1.37559298e-10 1.49626936e-10 1.41769014e-10
 1.42518719e-10]",[0.07378967 0.07454071 0.07394878 0.07109871 0.0719851 ],[1.35866807 1.51934505 1.55933329 1.55019932 1.50317659],[0.52455136 0.52456084 0.52446442 0.52501934 0.51952945],[0.31207665 0.31547886 0.3122215  0.29649975 0.3005508 ],[0.27124429 0.27345671 0.27079849 0.25624738 0.25948991],[2.76103669 2.76541727 2.76073855 2.75879274 2.83722893]
646,"[9.06610360e-11 1.34904420e-10 1.45290992e-10 1.27742443e-10
 1.27521593e-10]",[0.07390828 0.07453366 0.07402726 0.07208193 0.07468618],[1.42969573 1.60837712 1.64162485 1.5403766  1.43338649],[0.530013   0.53127693 0.52954039 0.52846778 0.52176418],[0.31061826 0.3134828  0.31040059 0.30124567 0.31497752],[0.25896334 0.26164452 0.25892782 0.25528535 0.27358364],[2.89895111 2.89825938 2.89722408 2.90213734 2.92813818]
647,"[1.17411318e-10 1.69921960e-10 1.87129996e-10 1.77420719e-10
 1.78324227e-10]",[0.06271259 0.06317309 0.06277761 0.06209918 0.06430134],[1.59886675 1.79515342 1.84630844 1.80361953 1.70050881],[0.52732302 0.52912181 0.52814732 0.52583877 0.52139839],[0.25245908 0.25450477 0.25232892 0.24858516 0.25951876],[0.22141358 0.22241181 0.22096367 0.21997098 0.2297399 ],[2.740585   2.74156255 2.73861483 2.74657305 2.81001641]
648,"[2.91091817e-10 4.07110770e-10 4.58584032e-10 5.03459722e-10
 5.88888206e-10]",[0.03818918 0.0389227  0.03835323 0.03662663 0.03602665],[2.58589085 2.88506498 2.99133345 3.083677   3.14146304],[0.53218196 0.53328032 0.53092218 0.5276978  0.52594255],[0.12343141 0.12691972 0.12400109 0.11660972 0.11449925],[0.10771938 0.11128098 0.1084807  0.10108273 0.09781663],[2.31233399 2.31915715 2.31518354 2.31884712 2.32533609]
649,"[9.10592051e-11 1.37563620e-10 1.46624939e-10 1.18600912e-10
 9.36238634e-11]",[0.06801829 0.06844337 0.06813279 0.06767695 0.07274052],[1.31803545 1.49318244 1.52886267 1.47094704 1.36019983],[0.5256752  0.52624999 0.52551881 0.52575732 0.52796484],[0.28082935 0.28222839 0.28060381 0.27948496 0.30724657],[0.24233521 0.2422124  0.24195689 0.24714147 0.27317424],[2.70996573 2.71028871 2.70837563 2.72714035 2.86409537]
650,"[8.09411232e-11 1.19189933e-10 1.29219356e-10 1.13837036e-10
 1.06476155e-10]",[0.06437977 0.06461019 0.064385   0.06428446 0.06977358],[1.37949685 1.57775516 1.6197838  1.54654456 1.42176457],[0.52774025 0.52930543 0.52724721 0.53073703 0.52421739],[0.26275964 0.26351972 0.26223421 0.26204214 0.29086184],[0.23288483 0.23437633 0.23282105 0.23292545 0.25701526],[2.76880294 2.7617881  2.76498515 2.79498862 2.89894445]
651,"[7.05353039e-11 1.05325847e-10 1.12812755e-10 9.30555667e-11
 8.18315731e-11]",[0.06540885 0.06603415 0.06562309 0.0647235  0.06778788],[1.31291613 1.50677924 1.54747242 1.47653588 1.38297168],[0.52890534 0.53145534 0.52994095 0.52725626 0.52866951],[0.26915693 0.27191115 0.26937663 0.26536421 0.28161286],[0.24347032 0.24590154 0.24383518 0.23912982 0.25213744],[2.65775335 2.66347078 2.65785329 2.65618613 2.76380092]
652,"[6.70832111e-11 1.00488546e-10 1.07692538e-10 9.41958190e-11
 9.54539021e-11]",[0.06961912 0.06978128 0.06963715 0.06926232 0.07177699],[1.24486137 1.42762538 1.4628894  1.40458809 1.35655014],[0.53056305 0.53008319 0.5293055  0.53174445 0.52680718],[0.2907718  0.29092113 0.28980616 0.28792557 0.29696542],[0.25283061 0.25302836 0.25207798 0.24834214 0.25483001],[2.65576859 2.65033491 2.64988616 2.66515503 2.78567461]
653,"[6.87082746e-11 1.02770949e-10 1.09702250e-10 8.92603574e-11
 8.01667584e-11]",[0.06785577 0.06826306 0.06801664 0.06786391 0.0711701 ],[1.27316496 1.45794713 1.49584637 1.42833322 1.35874442],[0.53096324 0.53128195 0.53155268 0.53186665 0.53051221],[0.28236958 0.28348668 0.28212852 0.28163023 0.29903519],[0.24942992 0.25040581 0.24936446 0.25088833 0.26346418],[2.68064424 2.67717118 2.67913311 2.71359051 2.79535919]
654,"[5.82684408e-11 8.64933146e-11 9.34441738e-11 8.38598521e-11
 8.08053687e-11]",[0.06757062 0.06784779 0.06773137 0.06857436 0.07202946],[1.26569836 1.46372681 1.50149668 1.42639642 1.36036774],[0.53816395 0.53641257 0.53646455 0.53612162 0.53351135],[0.28127109 0.28159499 0.28105704 0.28568373 0.30376991],[0.25142328 0.25115479 0.25113674 0.25453892 0.26779826],[2.63485277 2.6319293  2.63457281 2.6934443  2.7998087 ]
655,"[5.69131842e-11 8.40797186e-11 9.08124714e-11 8.29196763e-11
 9.16813608e-11]",[0.07688918 0.07731787 0.07721762 0.07770909 0.07767704],[1.1584029  1.32518204 1.35682369 1.30822731 1.30816879],[0.53183748 0.53156773 0.53160774 0.53104409 0.52359756],[0.32947375 0.33021372 0.32952055 0.33177282 0.33154863],[0.28366345 0.28362471 0.28352988 0.28432518 0.28812375],[2.88006579 2.87070662 2.87915545 2.93925144 2.97574505]
656,"[1.55072593e-10 2.15933798e-10 2.44550890e-10 2.58635679e-10
 2.82311791e-10]",[0.05108465 0.05291808 0.05170017 0.05018473 0.04957917],[2.03224939 2.25535937 2.34817995 2.33531767 2.25403003],[0.53703257 0.53866144 0.5372617  0.5331886  0.52724777],[0.19001581 0.19952465 0.19288682 0.18448951 0.18115907],[0.17173548 0.17988139 0.17422424 0.1666162  0.162472  ],[2.67367918 2.71348861 2.68814359 2.66148897 2.62367232]
657,"[1.15450475e-10 1.68854111e-10 1.84527018e-10 1.73565575e-10
 1.72862200e-10]",[0.06184315 0.06285511 0.06218826 0.06178152 0.05981279],[1.70289133 1.92115793 1.9670519  1.87738697 1.81769341],[0.53524527 0.53672819 0.53525827 0.5336332  0.52687625],[0.24746411 0.25212857 0.24881317 0.24760649 0.23808668],[0.22121844 0.22430835 0.2220733  0.22051386 0.21275814],[2.67844532 2.67822956 2.68177518 2.76651571 2.80557953]
658,"[8.95325768e-11 1.34985518e-10 1.43942859e-10 1.21928286e-10
 1.16372701e-10]",[0.07220845 0.07213815 0.0721873  0.0730652  0.07613164],[1.31188729 1.49238341 1.51666078 1.42729651 1.35427844],[0.52419454 0.52450103 0.5242279  0.52658444 0.52221755],[0.30297055 0.3019266  0.30207219 0.30749813 0.32403261],[0.26071374 0.25887016 0.25972408 0.26449288 0.27988225],[2.69190824 2.68286284 2.68898453 2.7553079  2.86724228]
659,"[5.57494020e-11 8.26013242e-11 8.95413056e-11 8.23554055e-11
 7.59944632e-11]",[0.07815648 0.07892629 0.07841152 0.07787536 0.07989182],[1.17727997 1.34833655 1.38086722 1.3318502  1.24708835],[0.53021541 0.52892094 0.52868701 0.52801231 0.5253965 ],[0.33616449 0.33882837 0.33597911 0.33296138 0.34286054],[0.29145882 0.29355272 0.29102313 0.28623831 0.2890976 ],[2.9392174  2.94301068 2.93986547 2.96355143 2.99584814]
660,"[9.09737585e-11 1.32596313e-10 1.38931480e-10 1.10611195e-10
 9.61251959e-11]",[0.0948897  0.08913196 0.08888792 0.08526818 0.10308331],[1.46524556 1.57313164 1.58388949 1.58289517 1.49791097],[0.53027862 0.52930129 0.52904261 0.5340243  0.52753364],[0.2815155  0.29091317 0.29138778 0.31077708 0.32132993],[0.23621538 0.24254626 0.24366429 0.25669884 0.2721069 ],[3.15068671 3.07708166 3.07603243 3.06411513 3.27526149]
661,"[1.95962518e-10 2.68015149e-10 3.01609069e-10 3.29178745e-10
 5.61382643e-10]",[0.06606256 0.06770923 0.06701159 0.06324887 0.05044253],[2.67001194 2.8266958  2.93105533 3.08080148 3.78052577],[0.5406131  0.54090176 0.54167754 0.53645248 0.53334869],[0.20458332 0.21411241 0.20887409 0.18991267 0.14463238],[0.16321441 0.17068016 0.16654734 0.1527154  0.11322613],[2.79785751 2.8366228  2.82302677 2.73549689 2.40554589]
662,"[8.08347373e-11 1.19857039e-10 1.29677506e-10 1.17115325e-10
 1.18410199e-10]",[0.07479265 0.07511164 0.07477531 0.0739709  0.07909155],[1.296182   1.47201153 1.50233688 1.43790354 1.32439717],[0.52880136 0.53057204 0.5298316  0.52649297 0.51683819],[0.31907566 0.31992503 0.31802851 0.31317775 0.33862789],[0.28273464 0.28360713 0.28164324 0.27223141 0.29041841],[2.81798509 2.81314382 2.8140044  2.8440509  2.90419689]
663,"[6.27271715e-11 9.32968792e-11 1.00142855e-10 8.55432182e-11
 8.70227932e-11]",[0.07016161 0.07042661 0.07032116 0.07075581 0.07406247],[1.23368912 1.42192221 1.45201958 1.35134237 1.30545383],[0.53235912 0.53362653 0.53237901 0.53005234 0.52665698],[0.29368781 0.29412011 0.29346224 0.29668341 0.31304151],[0.25583047 0.25631085 0.25565553 0.2576071  0.26715799],[2.70638773 2.70305182 2.70511256 2.74624902 2.84658026]
664,"[5.85007819e-11 8.68877184e-11 9.34439793e-11 8.02084369e-11
 8.00711947e-11]",[0.07130544 0.07152956 0.07143365 0.07124156 0.07249392],[1.24835984 1.44263457 1.4731541  1.37479908 1.32181664],[0.53363382 0.5381224  0.53478915 0.53122088 0.52788649],[0.30126432 0.30143872 0.30077597 0.3002388  0.30632444],[0.26796369 0.267421   0.26760343 0.2709046  0.26975081],[2.69376645 2.69134639 2.69348302 2.73742364 2.82682047]
665,"[7.17329845e-11 1.08269951e-10 1.15047219e-10 9.28827075e-11
 8.00318329e-11]",[0.06670049 0.06678451 0.06671495 0.06725695 0.07207685],[1.32951304 1.52599191 1.56378526 1.4838797  1.37975388],[0.5336271  0.53262178 0.53413317 0.53680172 0.53114074],[0.27456831 0.27372477 0.27362545 0.27782278 0.30382526],[0.23821455 0.23649341 0.23714944 0.24339956 0.26907921],[2.66044728 2.65205651 2.65722065 2.71337517 2.85750718]
666,"[8.01283402e-11 1.19222351e-10 1.28183435e-10 1.08611482e-10
 9.87848026e-11]",[0.06573153 0.06589165 0.06573683 0.06550102 0.06892955],[1.49653557 1.69948879 1.7507686  1.69467927 1.61275818],[0.53346654 0.53450746 0.53247477 0.53191837 0.53394455],[0.25640288 0.25766065 0.25561268 0.25132252 0.27323953],[0.22645823 0.22695257 0.22583378 0.22310656 0.23390739],[2.65375818 2.64691263 2.649842   2.68041196 2.8033445 ]
667,"[8.33161202e-11 1.19907195e-10 1.31774166e-10 1.23405613e-10
 1.28473860e-10]",[0.06007016 0.06134139 0.0603745  0.0572534  0.05704564],[1.44352932 1.63235945 1.69799997 1.73153495 1.71549411],[0.52856141 0.53083717 0.53060075 0.53238207 0.53110056],[0.24061917 0.24687102 0.24158818 0.2250423  0.2227178 ],[0.2181294  0.22241125 0.21877958 0.20736305 0.20262008],[2.72044817 2.72800416 2.72094677 2.71320789 2.77087439]
668,"[6.87505309e-11 1.00511203e-10 1.09507465e-10 1.01834917e-10
 1.08042636e-10]",[0.07581351 0.07661004 0.07610071 0.07360444 0.07100403],[1.37375451 1.5594433  1.59923705 1.55145592 1.50369999],[0.53462352 0.53540631 0.5343839  0.53312473 0.5328619 ],[0.32312716 0.32565537 0.32317506 0.31151313 0.29642189],[0.27824318 0.27870212 0.278135   0.2727939  0.25844436],[2.81537443 2.81709829 2.81515725 2.80915003 2.83305516]
669,"[7.99274893e-11 1.14070045e-10 1.26988411e-10 1.32520948e-10
 1.44237940e-10]",[0.07538491 0.07752438 0.07588675 0.06940646 0.06453308],[1.44822567 1.60899408 1.66812702 1.71672843 1.73230135],[0.5360812  0.53715767 0.53627854 0.53734388 0.53206522],[0.31895412 0.32901746 0.32048805 0.28329945 0.25969033],[0.26994059 0.27871739 0.2709033  0.23979444 0.22151097],[2.88952047 2.92797283 2.90083244 2.81638344 2.71173444]
670,"[8.21014201e-11 1.20244420e-10 1.30668872e-10 1.16272472e-10
 1.15971397e-10]",[0.07144372 0.07200907 0.07164481 0.07123671 0.07517743],[1.25375511 1.4185783  1.45379189 1.40294784 1.35474846],[0.52571767 0.5262896  0.52574483 0.52278281 0.52076856],[0.29863537 0.30142297 0.29916737 0.29767792 0.31758284],[0.26009434 0.26070158 0.26018748 0.26374463 0.28624247],[2.6754378  2.67875797 2.67579077 2.70165767 2.80164602]
671,"[7.79681151e-11 1.15065107e-10 1.24635072e-10 1.09193582e-10
 9.79990250e-11]",[0.06544683 0.06572578 0.06552497 0.06604206 0.07151145],[1.34983236 1.55097599 1.58624134 1.48811882 1.37475643],[0.53081706 0.53155872 0.53135299 0.52891738 0.52404028],[0.26950939 0.27018527 0.26914574 0.27202914 0.30054497],[0.23991138 0.23979717 0.23938453 0.24264788 0.26214518],[2.62084279 2.6267858  2.62034249 2.61718798 2.70427839]
672,"[1.22690135e-10 1.75122938e-10 1.93063520e-10 2.10575758e-10
 2.54443607e-10]",[0.06906757 0.06994808 0.06961294 0.06496071 0.06006048],[1.90662702 2.09660374 2.15883927 2.27224479 2.3809623 ],[0.54032691 0.54160476 0.54161104 0.53740955 0.53030517],[0.24512703 0.25091214 0.24745481 0.22248672 0.20122793],[0.20853654 0.21511083 0.21050308 0.18818652 0.16743042],[2.91156267 2.91154855 2.91469282 2.89278253 2.80144695]
673,"[6.70103068e-11 9.89777177e-11 1.07566673e-10 9.94897747e-11
 9.49392958e-11]",[0.080814   0.08138798 0.08082792 0.07838072 0.08065154],[1.347098   1.52223144 1.56070123 1.50195191 1.39286736],[0.5385016  0.537913   0.53772416 0.53461834 0.52739918],[0.34637393 0.34787119 0.3454882  0.33570393 0.34672048],[0.2956823  0.2976956  0.29542283 0.29034383 0.2981355 ],[2.94426488 2.93826388 2.94014104 2.97163006 3.042556  ]
674,"[5.42258450e-11 8.13808832e-11 8.72093615e-11 7.41165276e-11
 6.48094804e-11]",[0.08123327 0.08125613 0.08139848 0.08301932 0.08650203],[1.1690246  1.34358273 1.36864609 1.27275784 1.17377511],[0.53336324 0.5346291  0.53339326 0.53111652 0.52637072],[0.34971989 0.34831656 0.34893673 0.35767298 0.37568187],[0.29288899 0.29040341 0.2918745  0.30440628 0.32078283],[2.89341602 2.88575677 2.8926737  2.96062806 3.03769229]
675,"[4.97705101e-11 7.29381516e-11 8.01241097e-11 8.20276689e-11
 8.47232026e-11]",[0.08695995 0.08797264 0.0871181  0.08353932 0.08122843],[1.24999044 1.41977887 1.45981956 1.43813029 1.38441487],[0.54700487 0.54727712 0.54702504 0.54635598 0.53212581],[0.37660995 0.38042268 0.37591106 0.35921941 0.35010258],[0.31923549 0.32127704 0.31815767 0.30602349 0.30551278],[3.10864836 3.10816947 3.10354197 3.0973241  3.11395657]
676,"[7.09212216e-11 1.04194619e-10 1.13469037e-10 1.06468293e-10
 1.00970738e-10]",[0.07726509 0.07836955 0.07752297 0.07382588 0.07306774],[1.19808439 1.34886725 1.38698896 1.38399793 1.3868951 ],[0.52626144 0.52576079 0.52499909 0.52245603 0.51985589],[0.33012445 0.33432423 0.33027169 0.31253112 0.3080231 ],[0.28164077 0.28502816 0.28168144 0.27071867 0.27061208],[2.81202845 2.81808762 2.81038262 2.78651202 2.84055953]
677,"[8.42469763e-11 1.24937447e-10 1.34530944e-10 1.11491354e-10
 9.10288619e-11]",[0.0633763  0.06390346 0.06353938 0.06262642 0.06446896],[1.36819279 1.55521054 1.60271422 1.55655855 1.48329457],[0.53047673 0.52994614 0.52994544 0.53302413 0.53263468],[0.25636344 0.25831368 0.25653025 0.25257435 0.26269397],[0.21903382 0.22007728 0.2189811  0.21932578 0.23148148],[2.63201913 2.63097194 2.62952493 2.63822143 2.74101549]
678,"[5.86202584e-11 8.70785243e-11 9.40427497e-11 8.43655921e-11
 7.36947642e-11]",[0.06990741 0.07005797 0.06988529 0.06836073 0.07079825],[1.25863587 1.44682582 1.4895819  1.46465877 1.38221691],[0.53239006 0.53162236 0.53173283 0.53625685 0.53541501],[0.29260246 0.29249185 0.29152258 0.28315078 0.29547852],[0.25608296 0.25609596 0.2551455  0.24966468 0.25921603],[2.6600564  2.65048533 2.65462647 2.67014878 2.76775997]
679,"[5.46657387e-11 8.14647362e-11 8.74153642e-11 7.37866990e-11
 6.73706116e-11]",[0.07558638 0.07573136 0.0756983  0.07612211 0.07871881],[1.26056129 1.44935656 1.48340346 1.3914747  1.2961271 ],[0.54151029 0.53970045 0.54074292 0.53822061 0.53351934],[0.31814164 0.31839324 0.31760504 0.32060658 0.33534095],[0.26630699 0.26660801 0.26596436 0.27035631 0.28546671],[2.7648233  2.7557492  2.76155093 2.81859058 2.92042785]
680,"[6.90210699e-11 1.02928906e-10 1.10681950e-10 9.50683235e-11
 7.93491629e-11]",[0.06897124 0.06914286 0.06904714 0.06901879 0.07163346],[1.33063422 1.52140921 1.56443971 1.51705719 1.41326262],[0.5291579  0.52970954 0.52866196 0.52809439 0.52994186],[0.28756483 0.28760184 0.28701524 0.28778494 0.30089716],[0.25583182 0.25596211 0.25563578 0.25676621 0.26640185],[2.64656754 2.64438205 2.64383049 2.64918768 2.71984265]
681,"[1.15202271e-10 1.59458453e-10 1.69228190e-10 1.21164256e-10
 1.35598048e-10]",[0.06363016 0.06485622 0.06398359 0.06695069 0.06293795],[1.69357676 1.8340119  1.87052514 1.72039697 1.81884398],[0.53130916 0.53180724 0.53205286 0.5341501  0.53311293],[0.22668075 0.23635611 0.2381064  0.25638045 0.23421861],[0.18216254 0.19099375 0.19192507 0.21597002 0.19644192],[2.79351051 2.79673429 2.78603875 2.76457893 2.76563578]
682,"[5.77365490e-11 8.46281077e-11 9.18320371e-11 8.11121290e-11
 8.19113655e-11]",[0.07666688 0.07740143 0.07703177 0.07708231 0.07706546],[1.3243294  1.50356693 1.54784014 1.48676762 1.45349733],[0.54543845 0.54541504 0.54470217 0.53962887 0.53779281],[0.32510277 0.32835493 0.32598982 0.32405881 0.32364208],[0.26736528 0.27134103 0.26831158 0.26477771 0.26598642],[2.98504774 2.98541419 2.98571324 3.0153354  3.03041822]
683,"[5.63234820e-11 8.39529731e-11 9.02373551e-11 7.81729047e-11
 7.07092491e-11]",[0.07338178 0.07333132 0.07345339 0.07441182 0.07751307],[1.26544641 1.45444088 1.49313647 1.43912046 1.35995472],[0.53829893 0.53932882 0.53980115 0.53741422 0.53615737],[0.30729583 0.30679155 0.30683105 0.31072079 0.32291604],[0.25501892 0.2549554  0.25479358 0.25789387 0.26747475],[2.78769332 2.7781914  2.78614869 2.84931982 2.93558416]
684,"[9.31799890e-11 1.37989184e-10 1.48699614e-10 1.26651397e-10
 1.17574931e-10]",[0.06786898 0.06813009 0.06789254 0.06766022 0.07001454],[1.48486546 1.68210335 1.72087507 1.63370567 1.54897604],[0.5317262  0.53048156 0.5309844  0.53058312 0.5244286 ],[0.27964159 0.28046958 0.27912051 0.27829585 0.2911636 ],[0.2416512  0.24255771 0.24112831 0.23621335 0.24899437],[2.7669441  2.76360682 2.76631285 2.81159547 2.8735202 ]
685,"[9.22039377e-11 1.31859207e-10 1.46246823e-10 1.44428411e-10
 1.48661246e-10]",[0.06256286 0.0637633  0.06284021 0.05980892 0.05940371],[1.61168298 1.81226096 1.88027937 1.88370137 1.82773081],[0.53515724 0.53863793 0.53566145 0.5346379  0.53187411],[0.24764937 0.25405997 0.24846177 0.2318454  0.23021546],[0.21403254 0.21926934 0.2148455  0.19932264 0.19750318],[2.688037   2.69554409 2.68781991 2.67794249 2.74224152]
686,"[8.25935747e-11 1.22778435e-10 1.31454341e-10 1.07735183e-10
 9.79671939e-11]",[0.06855033 0.06898622 0.06878047 0.06846447 0.06958573],[1.36312844 1.54340022 1.58631646 1.54489042 1.50076947],[0.52858448 0.52817103 0.52842554 0.5300285  0.52655472],[0.28243213 0.28454312 0.2830473  0.28020055 0.28563771],[0.23526484 0.23678663 0.23556427 0.2331632  0.24067977],[2.69293872 2.69004037 2.69325471 2.72875223 2.78386149]
687,"[1.31956379e-10 1.90025982e-10 2.09007988e-10 1.90163817e-10
 1.78579906e-10]",[0.05758889 0.05849244 0.05783679 0.05601017 0.05562335],[1.66683601 1.85850645 1.92601189 1.94306349 1.9084165 ],[0.52192937 0.52322472 0.52290047 0.52138868 0.519895  ],[0.22293501 0.22778055 0.22393464 0.21340543 0.20953662],[0.19857604 0.20217148 0.19906955 0.18821205 0.18293681],[2.58094106 2.58980669 2.58220536 2.55800257 2.57187555]
688,"[1.57723743e-10 2.17048897e-10 2.48751103e-10 3.04133992e-10
 3.51900939e-10]",[0.04934557 0.05128728 0.0496548  0.04234923 0.03937275],[2.01982853 2.22360456 2.34327781 2.62008108 2.76433136],[0.53015588 0.53045361 0.52970324 0.52919443 0.53120675],[0.18148165 0.19115982 0.18281403 0.14823605 0.13371192],[0.16048615 0.16752211 0.16149029 0.13311032 0.11728797],[2.71025144 2.7376942  2.71902399 2.63534724 2.58316296]
689,"[9.88933898e-11 1.37499125e-10 1.53898260e-10 1.50932930e-10
 1.99831981e-10]",[0.06626157 0.06832418 0.06728527 0.06632792 0.05689838],[1.55850953 1.71807253 1.78083356 1.75085674 1.98916737],[0.53385248 0.53126704 0.53176374 0.53506927 0.53313589],[0.25473832 0.26683816 0.25995955 0.24847844 0.19965357],[0.22516593 0.23462952 0.22910917 0.21896981 0.1786077 ],[2.69478442 2.72906647 2.71367627 2.7364859  2.58120418]
690,"[7.98331661e-11 1.17385969e-10 1.27675007e-10 1.17649784e-10
 1.12366798e-10]",[0.07568039 0.07658109 0.07586187 0.07355326 0.07468705],[1.35657489 1.51663675 1.56440625 1.56226624 1.52452012],[0.52937842 0.52944423 0.52907638 0.53142765 0.5287138 ],[0.32011667 0.32426608 0.32025276 0.3093236  0.31463522],[0.27053155 0.27369943 0.27062199 0.26137156 0.26601974],[2.77465464 2.78291439 2.77482616 2.76165168 2.82334149]
691,"[1.03300358e-10 1.50955903e-10 1.64347742e-10 1.45052414e-10
 1.36546353e-10]",[0.06540156 0.0659157  0.06554962 0.06515653 0.06868881],[1.53339466 1.72306823 1.77488352 1.73942883 1.62533867],[0.53069676 0.52919474 0.52970384 0.52750188 0.52269668],[0.2672347  0.26994734 0.26742692 0.26488317 0.28410366],[0.23390669 0.23635348 0.23401029 0.23116243 0.24374638],[2.70878638 2.70892721 2.70725618 2.72570031 2.83069184]
692,"[8.79687644e-11 1.28212269e-10 1.40320320e-10 1.32039000e-10
 1.35140565e-10]",[0.06743034 0.06785854 0.06764615 0.06766518 0.06759266],[1.45281051 1.64028156 1.68918579 1.65940124 1.62381248],[0.53001116 0.53134163 0.52902077 0.52722356 0.5241759 ],[0.27795749 0.27953135 0.27837663 0.27834171 0.27891795],[0.23894385 0.24046764 0.23901143 0.23811447 0.24396652],[2.77231511 2.76742227 2.7727712  2.81878751 2.83920344]
693,"[9.73363095e-11 1.42305334e-10 1.55070612e-10 1.40125472e-10
 1.34773128e-10]",[0.06507089 0.06526846 0.06514768 0.06550253 0.06774248],[1.51557805 1.71100015 1.761888   1.73039406 1.64859272],[0.53071278 0.53081946 0.5323862  0.53024907 0.52891371],[0.26542643 0.26577772 0.26505759 0.26752417 0.27983757],[0.236353   0.23653378 0.23563599 0.23634941 0.24548294],[2.6335614  2.62735075 2.63128311 2.67593053 2.76326995]
694,"[9.16640989e-11 1.35998236e-10 1.46843205e-10 1.27654778e-10
 1.12871742e-10]",[0.06933456 0.06983284 0.06951119 0.06906216 0.0696767 ],[1.40604301 1.5778914  1.62514035 1.60316684 1.56965513],[0.52578582 0.52524494 0.5237762  0.52487546 0.52682176],[0.28700756 0.28905856 0.28712704 0.28563758 0.28936877],[0.24847003 0.24999485 0.24843851 0.24882292 0.2512565 ],[2.72273172 2.72844705 2.72385857 2.72181915 2.75385121]
695,"[8.04879503e-11 1.16588274e-10 1.27587382e-10 1.16490260e-10
 1.15356107e-10]",[0.06641062 0.06745199 0.06678606 0.06461876 0.06328673],[1.45648982 1.64053205 1.69991752 1.70327037 1.6782723 ],[0.53666597 0.53640952 0.53638103 0.53358463 0.52929074],[0.27106558 0.27552634 0.27196332 0.2616608  0.25566405],[0.22807194 0.23087339 0.2285243  0.22239755 0.2235254 ],[2.69131017 2.69932107 2.6922631  2.66710659 2.69328128]
696,"[8.28496936e-11 1.20178321e-10 1.31427734e-10 1.20483947e-10
 1.19027229e-10]",[0.06672871 0.06734964 0.0670346  0.06707246 0.06707198],[1.44013561 1.62573025 1.67599232 1.63112589 1.60344407],[0.53301062 0.53446972 0.53303076 0.52852296 0.52574484],[0.27297555 0.27551183 0.27369416 0.27518662 0.27547547],[0.22917826 0.23146244 0.22981518 0.23463863 0.2403597 ],[2.68746186 2.68863447 2.68817066 2.71928473 2.76403687]
697,"[1.13290672e-10 1.64075599e-10 1.79735141e-10 1.63688023e-10
 1.61135547e-10]",[0.06212067 0.06294413 0.06237332 0.06095749 0.06117646],[1.65175958 1.84721422 1.90794871 1.87914009 1.81880135],[0.53275018 0.53281497 0.53404347 0.52993323 0.52560024],[0.24997986 0.25386031 0.2507608  0.24250382 0.24189606],[0.22014144 0.22363944 0.22073426 0.21238054 0.21079286],[2.64953808 2.64937661 2.65096243 2.69152189 2.74415358]
698,"[2.42197069e-10 3.37168051e-10 3.82708178e-10 4.07088975e-10
 4.28565456e-10]",[0.04728941 0.04818118 0.04742695 0.04567424 0.04595397],[2.58137331 2.82184168 2.94503026 3.03316732 2.99538536],[0.53702456 0.53657184 0.5379932  0.53732519 0.53098064],[0.16323785 0.16843776 0.16423171 0.15441344 0.15514493],[0.13763849 0.143161   0.13889466 0.13177322 0.1343092 ],[2.5970739  2.62122873 2.60241301 2.56118819 2.5545898 ]
699,"[1.54570054e-10 2.19771077e-10 2.44207065e-10 2.33346413e-10
 2.30832174e-10]",[0.05312155 0.05427274 0.05349375 0.05233501 0.05283055],[1.93832474 2.15608254 2.23839728 2.23501996 2.13005439],[0.53437149 0.53363223 0.53433849 0.52991219 0.52529278],[0.20165398 0.2076036  0.20329776 0.1977322  0.20046873],[0.17908184 0.18385222 0.18045313 0.17594013 0.17943558],[2.65288821 2.66446813 2.65550027 2.65014414 2.70551289]
700,"[1.33218029e-10 1.91635405e-10 2.11478286e-10 1.98058375e-10
 1.85816503e-10]",[0.05981437 0.0611079  0.06015241 0.05701566 0.05544736],[1.66306467 1.84162193 1.90838992 1.92531972 1.92228059],[0.52880517 0.52929838 0.52981748 0.52890037 0.52904455],[0.23751781 0.24389394 0.23883197 0.22215937 0.21400332],[0.21075597 0.21590257 0.21174605 0.1955911  0.18623495],[2.7308194  2.74061394 2.73200122 2.70022928 2.70067471]
701,"[1.08172627e-10 1.55920898e-10 1.71937780e-10 1.61483094e-10
 1.52089452e-10]",[0.05968653 0.06068997 0.05995324 0.05758294 0.05693654],[1.67837459 1.87824881 1.94935293 1.95535889 1.9207195 ],[0.53396911 0.53418902 0.53319134 0.52905038 0.52929413],[0.23641982 0.24130874 0.23731481 0.2249408  0.2220972 ],[0.2049511  0.20836393 0.20520982 0.19612902 0.19638479],[2.74832252 2.74920893 2.7473294  2.74650617 2.78298412]
702,"[1.25898223e-10 1.79105169e-10 1.98276123e-10 2.04978815e-10
 1.96569599e-10]",[0.06308964 0.06355765 0.06231875 0.05798011 0.05806183],[1.87181138 2.06769703 2.14006812 2.19731285 2.14955905],[0.53940249 0.54114085 0.54015713 0.53650021 0.53266606],[0.25036644 0.25340496 0.24773028 0.22196741 0.22278759],[0.20620254 0.21080801 0.20716929 0.18809095 0.19145522],[2.84052275 2.83412106 2.82446726 2.80949282 2.85816968]
703,"[9.51193883e-11 1.39330358e-10 1.51635689e-10 1.37431102e-10
 1.33723690e-10]",[0.07326854 0.07457195 0.07365897 0.07025004 0.0673971 ],[1.51823644 1.68918593 1.73764655 1.70206167 1.66297814],[0.53612395 0.53639502 0.53560095 0.5287153  0.52512103],[0.30832198 0.31464953 0.30967553 0.29146616 0.27698266],[0.26470055 0.26929256 0.26517391 0.24725622 0.23942162],[2.86695197 2.87245335 2.86939535 2.88852171 2.91382318]
704,"[8.20299048e-11 1.19219789e-10 1.30397935e-10 1.19354526e-10
 1.09286380e-10]",[0.06404529 0.06488578 0.0643256  0.06344974 0.0627526 ],[1.49675097 1.69986272 1.75112514 1.67854238 1.62181345],[0.53266715 0.53288042 0.53291317 0.52711499 0.52928682],[0.26012954 0.26425476 0.26085869 0.2551313  0.25106003],[0.22948761 0.2342976  0.23022945 0.21720494 0.21162988],[2.62335048 2.61986543 2.62315959 2.68341633 2.75539226]
705,"[7.22846990e-11 1.06864687e-10 1.15761786e-10 1.03557973e-10
 9.39837390e-11]",[0.07337848 0.07380766 0.07352231 0.07273349 0.07332592],[1.38256971 1.5655807  1.60961487 1.57288586 1.51343341],[0.5360431  0.53512224 0.53614232 0.5323321  0.5331151 ],[0.3080642  0.30969793 0.30792912 0.3035301  0.30581051],[0.26325761 0.2649346  0.26349997 0.25898398 0.25796646],[2.89946002 2.89663711 2.89754422 2.90896604 2.94844849]
706,"[1.04727143e-10 1.50435031e-10 1.65744336e-10 1.54821014e-10
 1.53379441e-10]",[0.06207729 0.06327974 0.06239862 0.05943237 0.0587184 ],[1.62085738 1.81311364 1.87696828 1.85673146 1.8289418 ],[0.53014147 0.52966555 0.52810145 0.52713234 0.53148723],[0.24850566 0.25438893 0.2496046  0.23374631 0.23072642],[0.21447756 0.21889287 0.21500957 0.20041697 0.19796737],[2.73774584 2.73761311 2.73574389 2.73277805 2.79026952]
707,"[1.45954504e-10 2.06165657e-10 2.30953704e-10 2.34427481e-10
 2.44999681e-10]",[0.05680938 0.0586017  0.05730185 0.05383102 0.05119098],[1.96781791 2.17030457 2.25357384 2.23644385 2.22084103],[0.53686882 0.53760756 0.53709258 0.53327326 0.531651  ],[0.22028306 0.22947078 0.22252217 0.20454346 0.19121368],[0.18920398 0.1969384  0.19091302 0.1757214  0.1662436 ],[2.79412016 2.81738706 2.8003965  2.75991732 2.72322493]
708,"[1.21452683e-10 1.78496017e-10 1.93641222e-10 1.67303762e-10
 1.42232721e-10]",[0.06215971 0.06291772 0.06233824 0.06092517 0.06273398],[1.5637938  1.75322821 1.80220122 1.76107671 1.68459099],[0.5273004  0.52863263 0.52686878 0.52247063 0.52273671],[0.2497179  0.25324779 0.2499633  0.24226663 0.25227993],[0.2159576  0.21932075 0.21629847 0.20832948 0.21551022],[2.60813631 2.61635709 2.60779066 2.58275956 2.64658485]
709,"[6.98655938e-11 9.92014901e-11 1.10509337e-10 1.11079759e-10
 1.21767621e-10]",[0.07960231 0.08205905 0.08040223 0.07468643 0.06708533],[1.44964824 1.60586853 1.66632323 1.68270481 1.72783349],[0.54581712 0.54507178 0.54506652 0.54286692 0.53460492],[0.33576135 0.34648502 0.33875288 0.3106461  0.27445908],[0.27833541 0.28776818 0.28056687 0.25358259 0.23125725],[3.06241174 3.09092057 3.07025584 2.99586449 2.88431702]
710,"[7.96648030e-11 1.18498146e-10 1.27876076e-10 1.15552673e-10
 1.15270462e-10]",[0.07489162 0.07505744 0.07500375 0.07495372 0.07562408],[1.30392251 1.47477726 1.50770751 1.45171231 1.4206247 ],[0.52724567 0.52495149 0.52599558 0.52482394 0.52150997],[0.31503845 0.3153335  0.31495702 0.31570851 0.32074218],[0.26469417 0.26458545 0.26450435 0.26696841 0.27581636],[2.79653128 2.7917197  2.79557426 2.83258505 2.88603618]
711,"[5.79325143e-11 8.55190588e-11 9.24259694e-11 7.97646460e-11
 7.33303350e-11]",[0.07269357 0.07290758 0.07289098 0.07412805 0.07547905],[1.31682161 1.50914211 1.54876969 1.46262385 1.39092051],[0.53360948 0.53481747 0.53378007 0.53489415 0.52926378],[0.30358925 0.30384487 0.30314291 0.30904845 0.31812274],[0.25634962 0.25758644 0.25620734 0.25784536 0.2679156 ],[2.78917123 2.7837992  2.78828231 2.84578798 2.9241122 ]
712,"[8.37397865e-11 1.24074721e-10 1.33168611e-10 1.08406716e-10
 9.77290718e-11]",[0.06760535 0.06806228 0.06789118 0.06878795 0.06987215],[1.39506726 1.58308254 1.62337728 1.54172352 1.47086121],[0.52843642 0.52816573 0.52816759 0.52690019 0.53172991],[0.277422   0.279833   0.27815091 0.280127   0.28574365],[0.23995116 0.24287329 0.24078623 0.23764766 0.23966133],[2.69124843 2.6872072  2.69305106 2.7722496  2.8551241 ]
713,"[1.58578508e-10 2.19070359e-10 2.50274737e-10 2.82812780e-10
 3.01949769e-10]",[0.05899944 0.06076103 0.05916229 0.05400557 0.05189211],[1.95573287 2.13760764 2.22774148 2.31275557 2.32150676],[0.53752585 0.53826251 0.53650084 0.5316749  0.52670341],[0.22587786 0.23539784 0.2270115  0.1995045  0.18916392],[0.18301565 0.19098916 0.18399688 0.16356895 0.15601912],[2.6043611  2.6422049  2.6074968  2.49631772 2.45454067]
714,"[7.20337241e-11 1.06617338e-10 1.14752433e-10 9.88299064e-11
 9.42594516e-11]",[0.07509973 0.07571608 0.0753538  0.07428049 0.07629766],[1.26671482 1.43115344 1.46979115 1.43322186 1.3706479 ],[0.5238456  0.52261933 0.52365431 0.52802852 0.52360644],[0.31901885 0.32136176 0.319151   0.31287772 0.32248091],[0.27406734 0.27605227 0.27445414 0.27053617 0.27333147],[2.76534571 2.76274434 2.76436656 2.79305982 2.88912322]
715,"[8.29209910e-11 1.20392899e-10 1.31946102e-10 1.22352925e-10
 1.12515821e-10]",[0.06295131 0.06385158 0.06316355 0.06101966 0.06155132],[1.43605028 1.6226786  1.68300945 1.69544042 1.65342809],[0.52682059 0.52703361 0.52712366 0.52864737 0.52686109],[0.25420322 0.25844257 0.25462207 0.24314715 0.24568217],[0.2249177  0.22918969 0.22538788 0.21240109 0.21356613],[2.66339161 2.67273734 2.66321114 2.62866317 2.66792907]
716,"[1.44674299e-10 2.08108035e-10 2.29126912e-10 2.08885121e-10
 1.92412864e-10]",[0.05177061 0.05319378 0.05205935 0.04778102 0.04602558],[1.79306184 1.99135984 2.08094082 2.1719183  2.19105124],[0.53098232 0.53020745 0.52995838 0.5319282  0.53142981],[0.19436334 0.20148177 0.19565685 0.17504216 0.16717332],[0.17329219 0.17927707 0.17436072 0.15786239 0.15208848],[2.55096228 2.56827619 2.55241722 2.47756356 2.47367488]
717,"[1.27236125e-10 1.81279995e-10 2.01152092e-10 1.93297801e-10
 1.96258363e-10]",[0.05316988 0.05442682 0.05353776 0.05186446 0.05242859],[1.83088393 2.04637824 2.13097385 2.12681089 2.07426476],[0.53008269 0.53223542 0.53173599 0.53003607 0.52756186],[0.20318489 0.20933844 0.20473819 0.19586092 0.19907397],[0.1840171  0.18894175 0.18503614 0.17755119 0.17928334],[2.67971344 2.68691621 2.68110926 2.68232265 2.71602859]
718,"[9.79990230e-11 1.42237034e-10 1.55474946e-10 1.39504607e-10
 1.32887251e-10]",[0.06369937 0.06470404 0.06405233 0.06248598 0.06262691],[1.50264534 1.68120744 1.74241624 1.7450837  1.71373253],[0.5282574  0.53007671 0.52874636 0.52975435 0.52803565],[0.25902865 0.26372975 0.26020558 0.25120998 0.25168645],[0.22820752 0.23206149 0.22907498 0.22005285 0.22365757],[2.69839999 2.70517494 2.69917651 2.68496931 2.73743715]
719,"[1.03720470e-10 1.50948046e-10 1.64566388e-10 1.45228277e-10
 1.36287100e-10]",[0.060331   0.06090298 0.0605098  0.05996129 0.06120885],[1.58362803 1.78831459 1.84392841 1.79067291 1.72372998],[0.52611977 0.52759311 0.52688724 0.52813226 0.53017352],[0.24090919 0.24337618 0.24133409 0.2377793  0.24471646],[0.21363891 0.21668367 0.21404762 0.20659866 0.21460574],[2.6111875  2.61029369 2.60947519 2.63368964 2.72219146]
720,"[7.22437110e-11 1.04594597e-10 1.14893289e-10 1.07279987e-10
 1.04496604e-10]",[0.07030457 0.07120057 0.07069071 0.06987207 0.06738511],[1.42553437 1.60866711 1.66197188 1.63763074 1.63253354],[0.53841588 0.53853542 0.53874902 0.53628707 0.5338572 ],[0.29301546 0.29690193 0.29409954 0.28891533 0.27599469],[0.24989154 0.25393441 0.25074144 0.24090484 0.23124   ],[2.79375448 2.79726919 2.79485625 2.80327387 2.77620493]
721,"[1.04677866e-10 1.55413162e-10 1.67172715e-10 1.37864460e-10
 1.11058444e-10]",[0.06617343 0.06663598 0.06625296 0.06546515 0.06758141],[1.45308139 1.63713707 1.67859493 1.62237454 1.52907581],[0.52268872 0.52449501 0.52383871 0.52338745 0.52553394],[0.27143409 0.27326788 0.27123474 0.26730844 0.27782217],[0.23258223 0.23479472 0.23272127 0.22955096 0.23730206],[2.65547035 2.65541043 2.65102035 2.63372749 2.72354901]
722,"[8.68070163e-11 1.28329928e-10 1.38347356e-10 1.20604738e-10
 1.13198079e-10]",[0.06734504 0.06798413 0.06759732 0.06599822 0.06531822],[1.43314811 1.61806347 1.6660899  1.63940824 1.60355354],[0.52800435 0.52620092 0.52612509 0.52930137 0.52983452],[0.27606277 0.27842503 0.27630636 0.26969037 0.2664138 ],[0.23638988 0.23833581 0.23676707 0.23124243 0.22848386],[2.73120443 2.73445289 2.73083975 2.70634883 2.73705029]
723,"[8.04749198e-11 1.17691649e-10 1.27425136e-10 1.73551815e-10
 1.58850272e-10]",[0.06935393 0.07009959 0.06895462 0.06295139 0.06759635],[1.49316947 1.65479833 1.70308849 1.99130908 1.89163415],[0.53088311 0.53193457 0.53123726 0.52780194 0.52454876],[0.27925385 0.2809949  0.27880316 0.20656281 0.21013209],[0.23117849 0.23204425 0.22929774 0.17423474 0.1806677 ],[2.68947239 2.70265642 2.6839827  2.62029776 2.80583408]
724,"[8.09180025e-11 1.17544880e-10 1.28905434e-10 1.20916051e-10
 1.16751123e-10]",[0.06575032 0.06627652 0.06594969 0.06569675 0.06739503],[1.45550688 1.6489319  1.70343568 1.67867179 1.60003625],[0.53373051 0.53245725 0.53301227 0.53238636 0.52878316],[0.2684239  0.27076107 0.26873805 0.26647693 0.27664677],[0.22884477 0.23071006 0.22901279 0.22644618 0.23927517],[2.69373362 2.69145382 2.69491502 2.74704123 2.81261718]
725,"[1.49637952e-10 2.06791449e-10 2.38731587e-10 3.25855405e-10
 4.11651973e-10]",[0.06580825 0.06693325 0.06558461 0.05671769 0.05196563],[2.2521107  2.43538837 2.55741855 2.9440456  3.17923914],[0.54541752 0.54467354 0.54445531 0.54484549 0.53432517],[0.22004424 0.22770462 0.21980242 0.18030515 0.16036424],[0.16839824 0.17534273 0.16824815 0.13807533 0.12247794],[2.7209688  2.72938574 2.71455043 2.58443148 2.52608607]
726,"[9.89708664e-11 1.40430843e-10 1.56548589e-10 1.59812205e-10
 1.79408391e-10]",[0.07321729 0.07516427 0.07378664 0.06925814 0.06512545],[1.54688482 1.70454841 1.7623411  1.75644121 1.76133012],[0.53913602 0.5402175  0.5394715  0.53223112 0.52638088],[0.30812407 0.3172471  0.31035717 0.28758454 0.26618604],[0.2710158  0.27704237 0.27243455 0.2554408  0.23703834],[2.86613863 2.88495627 2.87142777 2.83986784 2.79213107]
727,"[7.11702279e-11 1.02302767e-10 1.13513576e-10 1.18917674e-10
 1.33406596e-10]",[0.08023875 0.08175367 0.08064118 0.07670396 0.07497254],[1.36937534 1.52134701 1.57461805 1.59205621 1.57379259],[0.53748455 0.53603529 0.5365031  0.53070918 0.52840581],[0.34166851 0.34860131 0.34284562 0.32282251 0.31433238],[0.2874624  0.29329698 0.28864722 0.27587375 0.2718923 ],[2.98584732 2.99066274 2.98565395 2.97191841 2.94654412]
728,"[1.13673478e-10 1.63397666e-10 1.82300551e-10 1.98754332e-10
 1.96355165e-10]",[0.06533329 0.06621013 0.06531061 0.06123219 0.06358904],[1.72643096 1.94034755 1.99478507 1.9802852  1.77930382],[0.53799633 0.5395206  0.53744203 0.53644187 0.53093493],[0.26563421 0.26981071 0.2649499  0.24332188 0.25549843],[0.23153311 0.23565805 0.23153989 0.21657601 0.22153027],[2.7224429  2.72679947 2.7226831  2.73393039 2.77991741]
729,"[6.90634376e-11 1.02239314e-10 1.10023803e-10 9.56849197e-11
 9.73386398e-11]",[0.07463558 0.07418635 0.07455417 0.07637641 0.08152563],[1.25681613 1.4405967  1.46688215 1.37401817 1.28780724],[0.5323547  0.53235891 0.53180612 0.52443239 0.52132748],[0.31540033 0.31276979 0.31401703 0.32365781 0.3506865 ],[0.26711022 0.2648214  0.26570795 0.27354608 0.2967143 ],[2.72958194 2.71228048 2.72237788 2.77423622 2.8624631 ]
730,"[8.15025922e-11 1.21474459e-10 1.30301517e-10 1.09753721e-10
 1.00106393e-10]",[0.06897838 0.06940615 0.06917817 0.06859335 0.0707596 ],[1.31417103 1.4915317  1.53014383 1.4831325  1.42148943],[0.52490628 0.52480799 0.52414193 0.5264152  0.52766562],[0.28332773 0.28444854 0.28352174 0.28168501 0.29471599],[0.23557724 0.23575119 0.23568977 0.23708396 0.24874056],[2.75444347 2.75155819 2.7542736  2.78592053 2.87333781]
731,"[6.42393649e-11 9.57164016e-11 1.02759487e-10 8.75019742e-11
 7.89718363e-11]",[0.07387032 0.07406617 0.07398342 0.07361716 0.07561526],[1.26297778 1.44081533 1.4775021  1.41458966 1.34250105],[0.53072768 0.53045738 0.53041591 0.52708703 0.5261063 ],[0.30998205 0.3095782  0.30963306 0.30826976 0.32130241],[0.25900954 0.25901599 0.25852711 0.25642681 0.27459419],[2.71040591 2.70344691 2.70788151 2.7444117  2.8389121 ]
732,"[6.51243893e-11 9.68733866e-11 1.04332931e-10 9.20782351e-11
 8.85377211e-11]",[0.0751609  0.07529855 0.0753048  0.07570065 0.07579595],[1.31164392 1.4964406  1.532524   1.47369105 1.4250612 ],[0.53396329 0.53469739 0.53495713 0.53265785 0.52859331],[0.31690726 0.3170398  0.31657662 0.31681941 0.31650384],[0.26968205 0.26856843 0.26889031 0.26990529 0.27535154],[2.75524728 2.74611232 2.7521944  2.79809309 2.85059387]
733,"[5.91050610e-11 8.76011884e-11 9.42828690e-11 8.40051906e-11
 9.31995454e-11]",[0.08191674 0.08243223 0.0822841  0.08097061 0.07564447],[1.22167905 1.38609625 1.41857838 1.37923255 1.42574462],[0.53982142 0.53920018 0.5393218  0.53362819 0.52858012],[0.35060147 0.35232337 0.3512185  0.34618509 0.32130664],[0.29399343 0.29494151 0.2949019  0.29227827 0.27818562],[2.84057157 2.83780479 2.84171647 2.88276187 2.91865833]
734,"[7.49989139e-11 1.11569935e-10 1.20259582e-10 1.02647811e-10
 8.57921303e-11]",[0.07161198 0.07193334 0.07169673 0.07185194 0.07601939],[1.35498308 1.54210036 1.57829012 1.48298331 1.36630284],[0.53191239 0.53427866 0.53324938 0.52897149 0.52646225],[0.30037158 0.30140613 0.2998452  0.30120129 0.32191978],[0.25820998 0.25961292 0.25798002 0.25595108 0.26915841],[2.65513606 2.65923072 2.65364394 2.66062394 2.77195025]
735,"[6.06791522e-11 9.14164125e-11 9.74145854e-11 8.11450531e-11
 7.32536172e-11]",[0.08191859 0.08217833 0.08206385 0.08104122 0.08027785],[1.2041335  1.37225491 1.3987951  1.32013304 1.27633566],[0.53736467 0.53806031 0.53730951 0.53439622 0.53005003],[0.35028099 0.35026078 0.34953342 0.34600427 0.34388759],[0.28716656 0.2866186  0.28655665 0.28509789 0.29079925],[2.89932201 2.89752808 2.89842947 2.91343559 2.92648307]
736,"[9.82295216e-11 1.38899427e-10 1.55363485e-10 1.55412713e-10
 1.61608614e-10]",[0.05973312 0.06114327 0.06000588 0.0569536  0.05648644],[1.8271599  2.05593868 2.13253746 2.08611127 2.01654279],[0.54796216 0.54648478 0.54818575 0.5468218  0.53702122],[0.22511793 0.23285448 0.22619692 0.2096985  0.20735387],[0.19495132 0.2018971  0.19598891 0.1798355  0.1787952 ],[2.78504746 2.79959143 2.78502572 2.75807781 2.78223417]
737,"[7.13799648e-11 1.07238846e-10 1.14599352e-10 9.67287609e-11
 9.22139250e-11]",[0.07842663 0.07813641 0.07832246 0.07923999 0.08151405],[1.37888082 1.56928196 1.5973447  1.48465779 1.39754492],[0.54157811 0.54038126 0.54058649 0.53376381 0.52605415],[0.3326178  0.33105116 0.33119082 0.3342822  0.34598844],[0.2807201  0.27956503 0.27935665 0.27855884 0.28966983],[2.86572545 2.85165317 2.86294154 2.94315293 3.00778966]
738,"[1.90990084e-10 2.64281789e-10 2.97073425e-10 3.45165600e-10
 4.66301024e-10]",[0.06495658 0.06717992 0.06572859 0.0560896  0.04610844],[2.26521498 2.41417284 2.50723831 2.7860597  3.18518878],[0.54308593 0.54440314 0.54329532 0.53808164 0.53590765],[0.24793191 0.25844632 0.25140065 0.20668357 0.15989431],[0.18943647 0.19646368 0.1918263  0.1605004  0.12792986],[2.82316706 2.84851248 2.83426251 2.74362649 2.59962557]
739,"[6.25501344e-11 9.20476844e-11 1.00271049e-10 9.47399158e-11
 9.56103254e-11]",[0.08737833 0.08833383 0.08791984 0.08900744 0.08392748],[1.36535338 1.52988106 1.56634779 1.477855   1.46470734],[0.54594152 0.54544196 0.54469773 0.53772899 0.53488271],[0.37184976 0.37600198 0.37299207 0.37842325 0.3548646 ],[0.31411457 0.31791509 0.31552205 0.32025042 0.30150041],[3.10055607 3.10539877 3.1024821  3.12651623 3.09115192]
740,"[6.38984104e-11 9.50449664e-11 1.02346772e-10 8.69949635e-11
 7.42348848e-11]",[0.07392752 0.07406676 0.0739816  0.0742902  0.07782752],[1.32235276 1.51179146 1.54915183 1.45969636 1.33105558],[0.53512876 0.53490651 0.53465219 0.5310751  0.52975789],[0.31303029 0.31309597 0.31238242 0.31394868 0.33225329],[0.27089551 0.27137134 0.27042703 0.2701743  0.28275184],[2.79686009 2.78561608 2.79431781 2.86315071 2.95358644]
741,"[8.41622763e-11 1.25534985e-10 1.34512823e-10 1.08596313e-10
 8.77399540e-11]",[0.0657553  0.06577608 0.06585676 0.06812981 0.07311203],[1.49943787 1.71756571 1.75417401 1.6166263  1.43957483],[0.53266869 0.53535645 0.53393412 0.53267387 0.52979479],[0.26893306 0.26854271 0.26868019 0.28032486 0.30652845],[0.23391737 0.23362725 0.23373808 0.2422461  0.26447709],[2.60782335 2.60167502 2.60737955 2.69354861 2.8427164 ]
742,"[8.24715748e-11 1.21605648e-10 1.31894907e-10 1.15223982e-10
 9.62311901e-11]",[0.07100314 0.07106883 0.07120478 0.07495091 0.07873083],[1.49633697 1.69762966 1.73770708 1.65271869 1.49345507],[0.53699333 0.53926478 0.53766409 0.53703471 0.53468066],[0.29047752 0.290082   0.29038219 0.30376675 0.32685796],[0.24624534 0.24618437 0.2461352  0.25612285 0.27247723],[2.85576612 2.85032144 2.85675877 2.94564953 3.02239619]
743,"[5.09137170e-11 7.68019781e-11 8.31666963e-11 8.58006399e-11
 7.60040132e-11]",[0.09533651 0.09564459 0.09501681 0.09002074 0.09199432],[1.17439029 1.33077148 1.36127282 1.34983991 1.26260225],[0.53839135 0.53860012 0.53663536 0.53358427 0.52952553],[0.40751849 0.40731507 0.4051209  0.38534376 0.3967076 ],[0.33665341 0.33730912 0.33427064 0.31520304 0.32934676],[3.15661499 3.15615457 3.15064891 3.11124823 3.10116384]
744,"[1.42242871e-10 1.88928071e-10 2.09920714e-10 1.89536310e-10
 2.66241840e-10]",[0.06605647 0.06807677 0.06605298 0.06152284 0.05484971],[1.97135053 2.09556282 2.17345329 2.16769471 2.41326884],[0.54397339 0.54470793 0.54469678 0.53904047 0.5385323 ],[0.21056672 0.21956862 0.21470561 0.20838511 0.16665163],[0.1604522  0.17170151 0.16794925 0.16552252 0.13471406],[2.75444326 2.79703966 2.76348851 2.71150499 2.56068199]
745,"[8.88205203e-11 1.26286828e-10 1.41303880e-10 1.48750594e-10
 1.59470271e-10]",[0.06851717 0.06985914 0.06868666 0.06386395 0.06152812],[1.62447746 1.8105297  1.88069028 1.90578939 1.89192173],[0.54379916 0.54304009 0.54253602 0.53468377 0.53157281],[0.27589898 0.28227527 0.27568787 0.25033989 0.23630233],[0.2180544  0.22393842 0.21829668 0.19995554 0.19099287],[2.90105399 2.90187231 2.89624058 2.86419372 2.88297212]
746,"[5.69817144e-11 8.31725574e-11 9.29113397e-11 1.07452888e-10
 1.00863159e-10]",[0.07891442 0.07949286 0.07845555 0.07172139 0.07373664],[1.33436946 1.52151517 1.5723275  1.62786804 1.5303405 ],[0.54220757 0.54413021 0.54386928 0.53640637 0.52727621],[0.33165513 0.33428993 0.32815769 0.29150839 0.30602347],[0.27299565 0.27447751 0.26956427 0.24019633 0.25783889],[3.06825333 3.07210939 3.06796638 3.06807929 3.04219273]
747,"[6.65274609e-11 9.80258048e-11 1.06077250e-10 9.40769028e-11
 9.04289682e-11]",[0.0739543  0.07407419 0.07415788 0.07495803 0.07415319],[1.40913609 1.61025093 1.64320275 1.52460567 1.45490184],[0.53898466 0.54025082 0.53873539 0.53136242 0.52771332],[0.30495166 0.30471364 0.30494929 0.30781995 0.30798389],[0.24155705 0.24201331 0.24142499 0.24571147 0.25444453],[2.64993793 2.64719329 2.65207459 2.70752128 2.74336822]
748,"[8.12666662e-11 1.21740092e-10 1.29602101e-10 1.01497929e-10
 8.98870056e-11]",[0.06821113 0.06775076 0.06836418 0.07275085 0.07377398],[1.51967786 1.74465871 1.77076022 1.58220498 1.48599231],[0.53624318 0.53695568 0.5367303  0.53020912 0.5291737 ],[0.27732913 0.27535987 0.2775924  0.2960767  0.30149082],[0.22704757 0.22672611 0.22709885 0.23863875 0.24187415],[2.61481879 2.60015517 2.61564431 2.73933444 2.82055831]
749,"[8.68660550e-11 1.30760314e-10 1.38842524e-10 1.04856044e-10
 8.17643512e-11]",[0.06815951 0.06777758 0.06820707 0.07159902 0.07508406],[1.50262053 1.71834357 1.74480502 1.55520378 1.42821374],[0.53296011 0.53290216 0.53324255 0.53072827 0.53234279],[0.27423693 0.27193821 0.27367096 0.28768806 0.3058378 ],[0.21874428 0.2176358  0.21844722 0.23007328 0.24689709],[2.55470585 2.54501941 2.55416692 2.64240351 2.75343842]
750,"[6.60009709e-11 9.92441619e-11 1.05593985e-10 8.25496366e-11
 6.60557073e-11]",[0.07091905 0.07024862 0.07096765 0.0757689  0.0808473 ],[1.36431206 1.5740582  1.60166971 1.44704039 1.31943839],[0.53753333 0.53827898 0.53701001 0.53145965 0.53172695],[0.29310436 0.2899993  0.2922715  0.31220899 0.33428596],[0.24502808 0.24357767 0.2443713  0.25199441 0.26885027],[2.56154116 2.54052448 2.55954124 2.70111895 2.86022992]
751,"[7.03331988e-11 1.04483623e-10 1.12286282e-10 9.08419329e-11
 7.23621689e-11]",[0.07419616 0.07425349 0.07429898 0.0753024  0.07783992],[1.31258636 1.49208092 1.52803485 1.44751968 1.35420691],[0.52881467 0.5292163  0.5285424  0.52951191 0.53413423],[0.30736554 0.30659663 0.30697997 0.31186803 0.32276478],[0.24555624 0.24588427 0.2452366  0.24658768 0.2608275 ],[2.68922485 2.6844894  2.68727425 2.73111053 2.81973174]
752,"[8.09958523e-11 1.22127069e-10 1.29785229e-10 1.00319904e-10
 7.89572568e-11]",[0.06833885 0.06777321 0.06830351 0.07302779 0.08082458],[1.44869406 1.66383754 1.69296936 1.52552768 1.33854506],[0.52823533 0.52890249 0.52925145 0.52768677 0.52918495],[0.27305374 0.27111126 0.27280912 0.29249244 0.33064279],[0.22669351 0.22618865 0.22667392 0.23877552 0.26706026],[2.62077947 2.60695748 2.617927   2.73070321 2.91469386]
753,"[1.14517841e-10 1.72768997e-10 1.83243834e-10 1.39036624e-10
 1.02727651e-10]",[0.06478052 0.06467836 0.06465559 0.06513951 0.07183257],[1.51835536 1.71667698 1.75190114 1.64578759 1.46925058],[0.52452214 0.52519243 0.52426253 0.52757481 0.52194486],[0.26244425 0.26181009 0.26132886 0.26453548 0.29899744],[0.2250282  0.22453224 0.22441964 0.22527951 0.25150297],[2.52698528 2.51941133 2.52190609 2.55405897 2.72561631]
754,"[8.78425313e-11 1.31604984e-10 1.40909120e-10 1.19161157e-10
 1.01383809e-10]",[0.07227998 0.07199717 0.07222065 0.07322619 0.07639789],[1.32553422 1.50126768 1.53302565 1.46607596 1.38503571],[0.52306603 0.52437801 0.52252051 0.52374939 0.51986663],[0.30127046 0.2994834  0.30001767 0.30460136 0.31935115],[0.24550591 0.24454306 0.24458154 0.24972254 0.26436716],[2.74325981 2.73524336 2.73842799 2.74974385 2.83164328]
755,"[1.12207707e-10 1.62637117e-10 1.81236231e-10 1.94941922e-10
 1.95748640e-10]",[0.07349082 0.07468259 0.07335211 0.06725235 0.06422323],[1.74362449 1.92310949 1.98884577 2.05026251 2.01934198],[0.54349004 0.54368478 0.54244231 0.53687538 0.53308235],[0.27899175 0.2860123  0.27875741 0.24943586 0.23851101],[0.22795344 0.23437586 0.22784916 0.20527163 0.19864402],[2.95592519 2.9603875  2.95099179 2.92007893 2.92187141]
756,"[6.56104254e-11 9.68373777e-11 1.05037472e-10 9.76013366e-11
 1.03138741e-10]",[0.08214744 0.08253219 0.0822253  0.0818055  0.08373961],[1.31856114 1.48646332 1.52286193 1.45579179 1.39159894],[0.53679136 0.5370211  0.53728935 0.52871687 0.52573564],[0.34444346 0.3471833  0.3444235  0.33986984 0.34885598],[0.28100102 0.28473827 0.28143804 0.27676218 0.27780893],[2.94538386 2.9491848  2.94474312 2.95132683 2.96919717]
757,"[6.69776683e-11 9.70399103e-11 1.06241225e-10 9.66669667e-11
 9.46645168e-11]",[0.07557942 0.07580712 0.07576598 0.07674357 0.07938479],[1.35573926 1.53092692 1.57594574 1.52369796 1.45823046],[0.53759386 0.53730865 0.53630371 0.53270203 0.52530665],[0.30687795 0.30850442 0.30725323 0.31064902 0.32572772],[0.24155514 0.24308333 0.24185007 0.24491841 0.26132091],[2.85604424 2.85913028 2.85643651 2.8600476  2.88533249]
758,"[6.42968210e-11 9.50175525e-11 1.02894842e-10 9.18029068e-11
 8.92309858e-11]",[0.077051   0.07697283 0.07702653 0.07728983 0.07721808],[1.43877772 1.64502574 1.6775551  1.55166197 1.48306273],[0.54063891 0.54199024 0.54112499 0.53577047 0.52906544],[0.31761302 0.31770694 0.31657566 0.31536484 0.31826709],[0.25239788 0.25242371 0.25163054 0.24987111 0.25704615],[2.8315709  2.81943936 2.82715939 2.88198796 2.93619513]
759,"[5.18849363e-11 7.43127584e-11 8.21179754e-11 8.06699981e-11
 9.32992499e-11]",[0.08273718 0.08333239 0.08313171 0.08258251 0.0778627 ],[1.31679497 1.49653668 1.53351853 1.4448241  1.4563738 ],[0.54552009 0.54836819 0.54578335 0.53382248 0.52610378],[0.338619   0.3424315  0.33942509 0.33096107 0.31303724],[0.26871065 0.2718097  0.26934862 0.26605118 0.25678344],[2.94781649 2.94598675 2.94714394 2.96039227 2.93128353]
760,"[7.24830719e-11 1.06866859e-10 1.15908472e-10 1.02815045e-10
 9.71859717e-11]",[0.07398825 0.07380627 0.07399568 0.07552664 0.07657014],[1.48047493 1.68918311 1.72300912 1.60299767 1.52153336],[0.54035173 0.54215247 0.54008885 0.53441119 0.52904052],[0.29973344 0.29955242 0.2991569  0.30335669 0.31161304],[0.23808604 0.23862169 0.23779488 0.24112476 0.25462301],[2.71146116 2.69993597 2.70957852 2.78870698 2.84985668]
761,"[7.10348873e-11 1.03473818e-10 1.11416919e-10 9.51026527e-11
 9.94373621e-11]",[0.07903655 0.07889581 0.07919275 0.08235888 0.08324242],[1.4379694  1.6204899  1.64736072 1.4883575  1.47977685],[0.54085607 0.54305157 0.54234693 0.53631898 0.53335098],[0.32203622 0.32286166 0.32451205 0.34018615 0.33206842],[0.26115447 0.26241781 0.26257218 0.26813506 0.26754066],[3.0479482  3.04399924 3.05165032 3.11896671 3.11670935]
762,"[6.78083011e-11 1.02091056e-10 1.09550007e-10 9.64136766e-11
 9.00360579e-11]",[0.07950622 0.07822939 0.07922282 0.08371632 0.0883365 ],[1.32317042 1.51712469 1.54074179 1.43190327 1.33336802],[0.53379549 0.53381979 0.53330803 0.52900031 0.5289422 ],[0.33575516 0.32887097 0.33342311 0.35240454 0.37522922],[0.27637921 0.27110444 0.27420679 0.28972299 0.30640785],[2.99418826 2.97032214 2.98622643 3.04408599 3.08641905]
763,"[1.31751103e-10 1.86605206e-10 2.09021600e-10 2.12570899e-10
 2.13050938e-10]",[0.06407027 0.06493755 0.06438337 0.06401792 0.06441742],[1.75460553 1.93718202 2.00267689 1.99407697 1.94687359],[0.53213755 0.53315367 0.53242635 0.53264474 0.53085912],[0.25598981 0.26041601 0.25716736 0.25537467 0.2590468 ],[0.21078254 0.2149497  0.21179148 0.2055689  0.20941638],[2.96823745 2.96757684 2.96842968 2.99417427 3.01265852]
764,"[1.28059919e-10 1.80986826e-10 2.02805326e-10 2.05587207e-10
 2.11596963e-10]",[0.05483842 0.05531667 0.05506273 0.05577073 0.05753594],[1.85523607 2.0785848  2.1556056  2.12014734 2.05161828],[0.52931431 0.52976398 0.52828839 0.53034262 0.52394054],[0.20978859 0.21215759 0.21052304 0.21430062 0.22395258],[0.18037208 0.18227752 0.18089733 0.18615354 0.19723615],[2.84110481 2.82871446 2.83877685 2.90861    2.95182611]
765,"[1.69425700e-10 2.40687422e-10 2.68662569e-10 2.66742212e-10
 2.65927636e-10]",[0.05295763 0.05380595 0.05327672 0.05236134 0.05133405],[1.89466834 2.089443   2.17542722 2.22971722 2.25136172],[0.5214126  0.52147287 0.52112708 0.5229878  0.52311137],[0.19998509 0.20311595 0.20121511 0.19762532 0.19286595],[0.16788115 0.17036146 0.16884507 0.17013048 0.16996374],[2.8809529  2.87643741 2.88178942 2.90661509 2.84364844]
766,"[2.09740544e-10 2.94712910e-10 3.31701213e-10 3.37329919e-10
 3.31779070e-10]",[0.05202544 0.05283295 0.05232479 0.05241756 0.05327332],[2.21863807 2.44074645 2.52521605 2.51431049 2.44571929],[0.52966456 0.53096334 0.53004559 0.529389   0.53210535],[0.19505663 0.19909318 0.19639501 0.19708257 0.20158675],[0.16553832 0.16852665 0.16639223 0.16809758 0.17530117],[2.80850076 2.81008806 2.81112978 2.85375154 2.88840756]
767,"[1.55804698e-10 2.19802219e-10 2.46865884e-10 2.49782830e-10
 2.41931746e-10]",[0.05238297 0.05345718 0.05270809 0.05238819 0.0538344 ],[2.15595128 2.39893482 2.49054039 2.46849606 2.36156887],[0.53932667 0.53939293 0.53884976 0.53753653 0.53026439],[0.19697297 0.20231091 0.198394   0.19659274 0.20460673],[0.16527337 0.16996153 0.16629965 0.16323052 0.17227304],[2.90282411 2.90626057 2.9063744  2.97547976 3.02294899]
768,"[1.48388731e-10 2.09037477e-10 2.35047022e-10 2.41970710e-10
 2.46842728e-10]",[0.05251238 0.05344553 0.05283308 0.05239397 0.05243246],[2.07619977 2.31490068 2.40419092 2.39862828 2.35704037],[0.53914487 0.53857927 0.53961707 0.53930137 0.53337141],[0.19797603 0.20270848 0.19941757 0.19759031 0.19823556],[0.17355306 0.17690753 0.17447438 0.1749559  0.1766704 ],[2.80553575 2.8088939  2.81002138 2.86803261 2.88748095]
769,"[1.95596018e-10 2.73055845e-10 3.08940512e-10 3.22664589e-10
 3.28288026e-10]",[0.04810607 0.04903344 0.04839872 0.04789489 0.04852112],[2.19192591 2.43189373 2.52573087 2.5327963  2.47085068],[0.52989067 0.53015638 0.52886653 0.53052542 0.52824931],[0.17584588 0.18033322 0.1770391  0.17480796 0.17847041],[0.15242333 0.15596634 0.15339963 0.15341216 0.15952923],[2.79850056 2.79203298 2.79955543 2.87055112 2.91298871]
770,"[2.58745373e-10 3.71257724e-10 4.09617814e-10 3.90847044e-10
 3.99970320e-10]",[0.06506611 0.06436504 0.06498116 0.06728998 0.06796549],[2.57121118 2.78357578 2.82749885 2.74977829 2.73301094],[0.53841498 0.53745482 0.53747694 0.53594172 0.5311796 ],[0.21303813 0.21339181 0.21393895 0.2177366  0.21646766],[0.15611876 0.15727017 0.15648012 0.15776514 0.16106111],[3.09400119 3.08311689 3.09372898 3.1183674  3.02761651]
771,"[1.69420740e-10 2.39173537e-10 2.67589805e-10 2.64314867e-10
 2.68347435e-10]",[0.05350919 0.05438093 0.05383332 0.053758   0.05401859],[2.12574676 2.35633646 2.43972945 2.40383073 2.32480856],[0.53064853 0.53084601 0.53091848 0.53070291 0.52585341],[0.20189758 0.20525582 0.20293568 0.20345441 0.20558409],[0.17165822 0.17511107 0.1729096  0.17566933 0.18159925],[2.84197743 2.84067859 2.84610122 2.92040144 2.92127783]
772,"[2.97231075e-10 4.16245684e-10 4.67962508e-10 4.63933419e-10
 4.51551372e-10]",[0.04429577 0.04520668 0.04457772 0.04375966 0.04445966],[2.74672402 3.01342568 3.11877833 3.09054449 2.96895877],[0.53483272 0.53549219 0.53393059 0.53509403 0.53109139],[0.15657241 0.16087301 0.15791003 0.1541724  0.15746852],[0.13685191 0.14011032 0.13790046 0.13730703 0.14152253],[2.77901393 2.79487713 2.78813341 2.80929039 2.82582905]
773,"[2.25958717e-10 3.17154994e-10 3.57321350e-10 3.60412620e-10
 3.48593097e-10]",[0.04535031 0.04596342 0.04557905 0.04574448 0.04670787],[2.3329313  2.58739601 2.68418902 2.64946226 2.54334918],[0.52990025 0.52962947 0.52892311 0.52790854 0.52477544],[0.16253787 0.16547425 0.16350161 0.16445065 0.16942094],[0.14343878 0.14593788 0.1442507  0.14630304 0.15178309],[2.73276429 2.72649045 2.73240471 2.7983436  2.86964253]
774,"[1.78044815e-10 2.46087345e-10 2.70783324e-10 2.72636906e-10
 3.60554563e-10]",[0.07379275 0.07618993 0.07590562 0.07460624 0.06093453],[2.06493875 2.19522677 2.23765259 2.24379655 2.54176596],[0.54407102 0.54279996 0.54283087 0.53703897 0.53582859],[0.27814248 0.28977209 0.28693803 0.28404497 0.22270512],[0.20396679 0.21210335 0.21058784 0.21500475 0.17881696],[3.13864933 3.15379759 3.15949144 3.15988294 2.88729708]
775,"[2.00962235e-10 2.86602017e-10 3.19959511e-10 3.16652704e-10
 2.91702878e-10]",[0.05039697 0.05127454 0.05068048 0.04946523 0.04909573],[2.04000731 2.24518572 2.33266038 2.36544363 2.3631059 ],[0.52713912 0.52552475 0.52688671 0.52739715 0.52687408],[0.18283824 0.18688067 0.18390422 0.17882333 0.1796083 ],[0.14986825 0.15266279 0.15048761 0.14793895 0.15426784],[2.77275175 2.76763213 2.77137969 2.80509877 2.87160314]
776,"[2.02611596e-10 2.90826970e-10 3.22005088e-10 3.07191314e-10
 2.89096433e-10]",[0.05881703 0.05945857 0.0590266  0.05863256 0.05883064],[1.87939581 2.06391973 2.1183934  2.09440273 2.0337918 ],[0.52865396 0.52763279 0.52940608 0.52773794 0.52673102],[0.23074892 0.23388257 0.23151261 0.22942914 0.23039981],[0.19275494 0.19596632 0.19383992 0.19402259 0.19707739],[2.79542199 2.79593103 2.79640363 2.82908814 2.85921028]
777,"[1.54386394e-10 2.21441303e-10 2.45397720e-10 2.36502864e-10
 2.24609779e-10]",[0.05577613 0.05626693 0.05600807 0.05726583 0.06006937],[1.89909052 2.1166206  2.1824004  2.12124464 2.00808718],[0.5316592  0.53050818 0.53066478 0.52914827 0.52516536],[0.21499039 0.21743736 0.21587751 0.22240315 0.23718347],[0.18809469 0.19032703 0.18889679 0.19347647 0.20542163],[2.83883493 2.83082412 2.84142591 2.94455189 3.00259103]
778,"[1.70758204e-10 2.45179456e-10 2.70945240e-10 2.58096673e-10
 2.55164641e-10]",[0.06606909 0.06665042 0.06625484 0.06637294 0.06790201],[1.77573677 1.94494544 1.99376088 1.94739728 1.86955399],[0.52429434 0.52530861 0.52350562 0.52223865 0.51973153],[0.26910327 0.27147937 0.26962349 0.27175313 0.28035314],[0.22743146 0.2277713  0.22776664 0.23711052 0.25041614],[2.99524997 2.9878094  2.99424158 3.03597279 3.05562327]
779,"[1.56092207e-10 2.24376451e-10 2.48090535e-10 2.34966629e-10
 2.23735664e-10]",[0.05931697 0.05992021 0.05966231 0.06067136 0.06006437],[1.75034161 1.933965   1.99419741 1.96561429 1.9633658 ],[0.52687389 0.52586236 0.52611197 0.52411825 0.52334569],[0.22665514 0.22863325 0.22755637 0.23530655 0.23587502],[0.18620643 0.18769626 0.18697158 0.19395889 0.19885594],[2.9016706  2.89396318 2.90108396 2.95089421 2.96361076]
780,"[1.49179568e-10 2.13181993e-10 2.37435999e-10 2.34840328e-10
 2.25643720e-10]",[0.0556021  0.05600187 0.05585157 0.05664459 0.05683528],[1.85633379 2.06640615 2.13769427 2.11617257 2.08256468],[0.53086424 0.52870311 0.53042639 0.52984629 0.53092411],[0.21271616 0.21483382 0.21354922 0.21693145 0.21977059],[0.17905344 0.18169419 0.17974889 0.17888586 0.18309234],[2.73814064 2.72983725 2.73619868 2.78052525 2.82993042]
781,"[2.57362203e-10 3.59680943e-10 4.04157812e-10 4.06000479e-10
 4.14447245e-10]",[0.03920293 0.0399821  0.03952222 0.0397984  0.04120157],[2.52919734 2.81863417 2.92810662 2.8856611  2.79991097],[0.52449922 0.52471522 0.52415823 0.52673465 0.52826755],[0.13107761 0.13439352 0.13233595 0.13509208 0.14304185],[0.11071229 0.11321212 0.11178853 0.11752848 0.12962638],[2.58219291 2.58852505 2.58972596 2.63847276 2.68105762]
782,"[1.54501678e-10 2.15453763e-10 2.42779148e-10 2.45487606e-10
 2.62964072e-10]",[0.0513296  0.05211411 0.05169953 0.05239363 0.0532489 ],[1.97627936 2.19429588 2.28186792 2.24370062 2.20640821],[0.53320188 0.53377054 0.53338838 0.5288708  0.52506808],[0.1933153  0.19683857 0.19487749 0.19829437 0.20260828],[0.17101296 0.17418652 0.17223666 0.17522607 0.18230705],[2.88551629 2.87687672 2.88731966 2.96126392 2.97098228]
783,"[2.20174002e-10 3.14446781e-10 3.50000649e-10 3.42893545e-10
 3.19224324e-10]",[0.04975759 0.05012523 0.04992064 0.05050976 0.05221114],[2.13746534 2.3629691  2.4405166  2.40441679 2.29874723],[0.52707029 0.52554214 0.52628623 0.52245291 0.5244117 ],[0.18445035 0.18608437 0.18506124 0.18762258 0.19664995],[0.1624712  0.16380652 0.16294817 0.16488888 0.17305509],[2.62687447 2.61420293 2.62710211 2.72139831 2.79437849]
784,"[2.62944367e-10 3.70258218e-10 4.13456642e-10 4.14209858e-10
 4.54358295e-10]",[0.06615521 0.06632949 0.06642125 0.06781944 0.06648935],[2.69924352 2.87406971 2.94465502 2.9211817  2.99988802],[0.54073219 0.54115054 0.54047551 0.54101717 0.53960161],[0.22855229 0.23152084 0.23070535 0.23277369 0.22754238],[0.17805039 0.18199571 0.179269   0.1801842  0.17524125],[3.11085541 3.11191344 3.12078765 3.16849011 3.06178667]
785,"[2.06615602e-10 2.90977980e-10 3.27190653e-10 3.33522358e-10
 3.32672469e-10]",[0.05168872 0.0526542  0.05193077 0.05012761 0.05007406],[2.17434905 2.38265318 2.47457163 2.49318063 2.45109409],[0.53185098 0.53233407 0.53101582 0.52566431 0.52446561],[0.19184248 0.19667998 0.19299706 0.1843058  0.18524687],[0.15590758 0.15974964 0.15682046 0.15173541 0.15644509],[2.92719716 2.92617777 2.92464064 2.91641615 2.92865093]
786,"[2.41250834e-10 3.50156723e-10 3.90485710e-10 4.28703223e-10
 4.28148787e-10]",[0.05683834 0.05651752 0.05636772 0.05537583 0.05640556],[2.55079642 2.80702612 2.88181148 2.92232667 2.85668883],[0.54044964 0.54243779 0.53970826 0.5382349  0.53624532],[0.20016156 0.20090227 0.19863664 0.19479994 0.19750172],[0.15761986 0.15801286 0.15614711 0.15822088 0.16750624],[2.93682128 2.92540955 2.93278179 2.95979612 2.90766387]
787,"[1.16111741e-10 1.65004212e-10 1.84497996e-10 1.88434818e-10
 1.94152664e-10]",[0.06014345 0.06098564 0.06044749 0.05970148 0.0608302 ],[1.65551748 1.84265338 1.91389927 1.91669538 1.86385826],[0.5284016  0.52720468 0.52767795 0.523262   0.5223587 ],[0.23759587 0.24146584 0.23851109 0.23554602 0.24177417],[0.20203744 0.20409629 0.20234267 0.20083984 0.20693961],[2.99315746 2.99690141 2.99545794 3.00050544 2.98221994]
788,"[2.37735199e-10 3.35592006e-10 3.79113287e-10 4.07995130e-10
 3.93418112e-10]",[0.04825562 0.04904593 0.04842857 0.04713009 0.04824428],[2.07809466 2.27929004 2.36931594 2.41940894 2.38081537],[0.51947113 0.51944556 0.51815485 0.51677338 0.51919177],[0.17463594 0.17825405 0.17535748 0.16976905 0.17487941],[0.15138375 0.15484148 0.15216325 0.14791067 0.15214245],[2.67904822 2.6745185  2.67319227 2.67384569 2.78082551]
789,"[1.72108996e-10 2.44127572e-10 2.73794419e-10 2.79977531e-10
 2.71887832e-10]",[0.04979254 0.05053363 0.05002009 0.04891783 0.04900037],[1.9519962  2.17250308 2.2596705  2.29171598 2.23076426],[0.52042703 0.51899479 0.52036422 0.5210409  0.52044984],[0.18481977 0.18852978 0.18567397 0.18034199 0.18143684],[0.16153166 0.16511148 0.16250099 0.1594045  0.16168689],[2.78710013 2.78252115 2.78628246 2.80898396 2.82080191]
790,"[1.99757380e-10 2.85126236e-10 3.17795863e-10 3.16531013e-10
 3.04129298e-10]",[0.04757681 0.04802939 0.04776429 0.04846436 0.05033142],[2.031354   2.26345556 2.34300598 2.31016022 2.21640974],[0.51945907 0.51879369 0.5189617  0.51581929 0.5193637 ],[0.17297092 0.17508876 0.17361374 0.17781336 0.18770104],[0.14962606 0.15143362 0.14992218 0.15630017 0.16730912],[2.73018748 2.71619669 2.72655669 2.78821468 2.85952782]
791,"[2.05857588e-10 2.99318532e-10 3.28605823e-10 3.07582062e-10
 2.73900181e-10]",[0.06280572 0.06253889 0.06289274 0.06526451 0.06722688],[2.01344094 2.19836188 2.24645375 2.17602687 2.12867608],[0.52221494 0.52078346 0.52088208 0.5187694  0.51892016],[0.23432774 0.23436191 0.23486576 0.24367093 0.25006322],[0.19184111 0.19262046 0.19251601 0.19948278 0.20854883],[2.84399923 2.82462866 2.84203194 2.93608744 3.0236527 ]
792,"[2.49072358e-10 3.56652535e-10 3.90203639e-10 3.50216342e-10
 3.66019580e-10]",[0.05071572 0.05128596 0.05116409 0.05333835 0.05346031],[2.39911745 2.65061878 2.70541665 2.54509012 2.48961098],[0.53236158 0.5341447  0.53210955 0.53363271 0.53006518],[0.18744377 0.19012922 0.18953008 0.20154631 0.20309042],[0.15653356 0.15962351 0.15841289 0.1696738  0.17643342],[2.75910596 2.75449789 2.77687946 2.97463786 2.95865405]
793,"[1.38999252e-10 1.98192959e-10 2.20894759e-10 2.21608184e-10
 2.28808419e-10]",[0.05836115 0.05887439 0.05860103 0.0585655  0.05794036],[1.7837144  1.98237031 2.05112773 2.0419897  2.03245529],[0.52866075 0.52867965 0.52815428 0.524029   0.52478231],[0.22723248 0.22997364 0.22816009 0.22854233 0.22576261],[0.1909959  0.19380702 0.19194634 0.19200536 0.19469079],[2.87564532 2.87082882 2.87626814 2.91350813 2.89594459]
794,"[2.52317096e-10 3.58991235e-10 3.99832655e-10 3.87228687e-10
 3.71350335e-10]",[0.04489204 0.04518199 0.04504162 0.04612558 0.04795693],[2.2237764  2.46889004 2.54815106 2.48262353 2.38810406],[0.51904296 0.51849684 0.51875426 0.52220389 0.52012702],[0.15838982 0.16007486 0.15897475 0.16417937 0.17373371],[0.12775505 0.12985018 0.12840523 0.13403438 0.1470097 ],[2.6433586  2.63404424 2.64305773 2.7066492  2.74731763]
795,"[1.65989955e-10 2.36458764e-10 2.63439018e-10 2.59321788e-10
 2.52783886e-10]",[0.05408851 0.05450381 0.05429257 0.05498325 0.05627453],[1.95468354 2.16431153 2.24402523 2.23898387 2.18116624],[0.52622324 0.52585267 0.52659106 0.5287314  0.52880017],[0.20636396 0.20812949 0.2070071  0.21051639 0.21781403],[0.17285259 0.17559394 0.1736812  0.17500559 0.185268  ],[2.83153394 2.81451202 2.82976395 2.92067479 2.97192536]
796,"[2.05973640e-10 2.90830707e-10 3.25325568e-10 3.26375862e-10
 3.28623329e-10]",[0.05648338 0.05737352 0.05694501 0.05720181 0.05586329],[2.03971964 2.22900298 2.29717515 2.25823153 2.23888561],[0.52676644 0.52717421 0.52675608 0.52647092 0.52663261],[0.21805401 0.22230424 0.22018534 0.22144567 0.21571841],[0.18672965 0.18969433 0.18840943 0.19328286 0.19023137],[2.98706512 2.98692809 2.98870855 2.99019123 2.92637542]
797,"[1.84892773e-10 2.61666441e-10 2.93837912e-10 3.08467955e-10
 3.10457979e-10]",[0.05875308 0.05940546 0.05896017 0.05749976 0.05641554],[1.83160771 1.99816807 2.07096267 2.13737391 2.17606805],[0.52156913 0.52283775 0.52053252 0.52255394 0.52261881],[0.22924372 0.2324297  0.22991599 0.22278446 0.21814931],[0.1908511  0.19370746 0.19145234 0.18565915 0.1856124 ],[2.8363244  2.82296629 2.83141713 2.86400084 2.92213915]
798,"[1.90818471e-10 2.69670516e-10 3.01429109e-10 2.98575859e-10
 2.96068516e-10]",[0.06246276 0.06371909 0.06287637 0.06081472 0.05904621],[1.97486116 2.14088226 2.21069752 2.22859082 2.20631745],[0.53234833 0.53237987 0.53130695 0.52822505 0.52463452],[0.24433972 0.25021136 0.24619577 0.23742893 0.22996438],[0.20612186 0.21103133 0.20743153 0.20111186 0.19837539],[2.95420929 2.96147925 2.95984738 2.98258885 2.95751714]
799,"[2.11078328e-10 3.02620062e-10 3.34948730e-10 3.16559390e-10
 2.98856152e-10]",[0.0537424  0.05400114 0.0539639  0.05567389 0.05709559],[2.01123416 2.2185989  2.27996045 2.20204542 2.12927103],[0.52193673 0.52115391 0.5216753  0.51977019 0.51858608],[0.2043872  0.20568557 0.20527572 0.21481826 0.22279419],[0.1719347  0.17292336 0.17284588 0.18440249 0.19560197],[2.64503959 2.62798134 2.64229176 2.73847502 2.84462549]
800,"[2.64558415e-10 3.73509759e-10 4.18223795e-10 4.14225420e-10
 4.09985595e-10]",[0.0544902  0.05548608 0.05487178 0.05465193 0.05483155],[2.27829396 2.46480477 2.54255058 2.5338203  2.49338482],[0.52903321 0.53111088 0.53083553 0.52958051 0.52712781],[0.20719532 0.21217071 0.2090553  0.20882185 0.21029661],[0.17522553 0.17892525 0.1767331  0.18064658 0.18548503],[2.93444728 2.93929274 2.93861672 2.97620164 2.99386833]
801,"[2.20078647e-10 3.08427985e-10 3.48223581e-10 3.63492901e-10
 3.76124116e-10]",[0.04995105 0.05103615 0.05029958 0.0489972  0.04785989],[2.29360796 2.5142695  2.61489316 2.67704039 2.67017297],[0.53287059 0.53159192 0.53186827 0.53072896 0.52877761],[0.18368765 0.18890024 0.18521703 0.17941634 0.1747717 ],[0.15508214 0.1587931  0.15609749 0.15617569 0.1563988 ],[2.81426376 2.81053531 2.81489637 2.87054836 2.90162372]
802,"[2.95694512e-10 4.24693176e-10 4.69631488e-10 4.42864105e-10
 4.10078720e-10]",[0.05061063 0.05113663 0.05079293 0.05038667 0.04985405],[2.2454912  2.43581863 2.513878   2.5280779  2.53151545],[0.52231821 0.52292924 0.52153316 0.52227745 0.52653575],[0.18379196 0.18584389 0.18428031 0.18375888 0.18294581],[0.14280787 0.14380294 0.14327414 0.14773189 0.15245805],[2.70689876 2.69434956 2.70356974 2.75735831 2.7993743 ]
803,"[1.42596142e-10 2.05502790e-10 2.27540897e-10 2.22319656e-10
 2.10322425e-10]",[0.06716909 0.06697375 0.0672527  0.06969313 0.07200638],[1.69170997 1.86755459 1.91772927 1.88048301 1.80654453],[0.52730393 0.52531081 0.52662951 0.52790573 0.53071565],[0.27180307 0.27049497 0.27161765 0.28417965 0.29843912],[0.22780914 0.226772   0.22766446 0.23889992 0.25580969],[2.85761533 2.84128758 2.85447366 2.93146849 2.99858067]
804,"[1.57046996e-10 2.24984144e-10 2.49199202e-10 2.39100527e-10
 2.36579271e-10]",[0.06319032 0.06342136 0.06343064 0.06484613 0.06490808],[1.78825675 1.96810884 2.02492604 1.99232414 1.96624555],[0.5318064  0.5303453  0.53135826 0.53081202 0.5272738 ],[0.2518718  0.25268308 0.25264332 0.25997323 0.2616819 ],[0.21557703 0.2166852  0.21617004 0.22172919 0.22718139],[2.87356057 2.85695244 2.8726515  2.96521006 2.99584203]
805,"[2.13784088e-10 3.03344930e-10 3.34308186e-10 3.02980303e-10
 3.10895985e-10]",[0.06072347 0.06113829 0.06120564 0.06460822 0.06513456],[2.18141844 2.37377739 2.42601405 2.29091875 2.25941969],[0.53489047 0.5356472  0.53413664 0.53751327 0.53438894],[0.23444986 0.23694621 0.23722449 0.25589058 0.25921257],[0.19326998 0.19526406 0.19529972 0.2143856  0.22255381],[2.82917918 2.817007   2.83483998 2.98892554 3.0562566 ]
806,"[1.03502058e-10 1.48596789e-10 1.64415403e-10 1.59513478e-10
 1.62231411e-10]",[0.07121035 0.07119338 0.0714222  0.07397166 0.074488  ],[1.62679429 1.81240964 1.86168806 1.80018133 1.7574372 ],[0.53657175 0.53552619 0.53553074 0.53141012 0.53324989],[0.28790671 0.28837881 0.28830373 0.29959129 0.30596114],[0.23258101 0.23439828 0.23347529 0.24231939 0.24792124],[2.93631455 2.92951818 2.93703607 2.97942688 2.95385885]
807,"[2.24474243e-10 3.21231673e-10 3.56462754e-10 3.66538684e-10
 4.45396106e-10]",[0.0662677  0.06694993 0.06649589 0.06577037 0.06042617],[2.25115726 2.41144192 2.48163747 2.52973686 2.77561155],[0.53856032 0.5403184  0.53898832 0.54111128 0.54074542],[0.26585037 0.26966385 0.26680289 0.26276166 0.23605991],[0.21084067 0.21648782 0.21220603 0.21563533 0.20217063],[3.01577986 3.0144411  3.01470998 3.04101288 3.01516615]
808,"[4.80373416e-10 6.80762973e-10 7.24911582e-10 6.14084779e-10
 1.20507403e-09]",[0.04437939 0.04393647 0.04516545 0.0505777  0.03982955],[3.41822913 3.72089602 3.72201448 3.35502182 4.2354154 ],[0.53774526 0.53676636 0.5357682  0.5372976  0.53349691],[0.12590955 0.12603017 0.12787935 0.14790482 0.11599942],[0.08615731 0.08735864 0.08775761 0.10190428 0.07653872],[2.28922504 2.29362137 2.31061514 2.32404204 2.08083172]
809,"[1.83130686e-10 2.75178642e-10 2.96120323e-10 2.57571751e-10
 2.11177543e-10]",[0.05936605 0.05888368 0.05929768 0.06273449 0.06663065],[1.71572884 1.9111575  1.94812198 1.85459126 1.74762567],[0.52280395 0.52223762 0.52282949 0.51913055 0.5189603 ],[0.22949486 0.22622259 0.22861273 0.24754588 0.27085519],[0.19820574 0.19433973 0.19717857 0.21621248 0.23499601],[2.53041178 2.50671146 2.52398714 2.65258011 2.85124298]
810,"[1.41685535e-10 2.07721790e-10 2.26634299e-10 2.06127387e-10
 1.92638128e-10]",[0.06894222 0.06943456 0.06926224 0.07067373 0.07104145],[1.65651404 1.83338036 1.87169234 1.79913949 1.74607076],[0.5300546  0.52853841 0.52906114 0.52494947 0.52608431],[0.28209089 0.28343195 0.28290358 0.2924897  0.29523993],[0.23180095 0.23213094 0.23266799 0.24432823 0.24779   ],[2.95828002 2.95650116 2.95920547 2.99844426 3.02064369]
811,"[1.61885632e-10 2.31597562e-10 2.58338340e-10 2.62257864e-10
 2.47934371e-10]",[0.06758921 0.06797151 0.06772794 0.06951994 0.07206497],[1.87283891 2.05584045 2.10427022 2.01672423 1.90781903],[0.53408806 0.5358849  0.53438619 0.53156525 0.53066299],[0.25833262 0.26182718 0.25924958 0.26709239 0.27734196],[0.21995036 0.22223182 0.22070397 0.22642732 0.23107034],[2.96057455 2.95328447 2.95947474 3.03358594 3.08939655]
812,"[1.00186182e-10 1.48687249e-10 1.60591051e-10 1.39956305e-10
 1.29507268e-10]",[0.07299033 0.07221973 0.07302568 0.07916584 0.08396046],[1.4294148  1.60793179 1.63742503 1.52428344 1.45005166],[0.52843927 0.52912543 0.52769068 0.52873932 0.5290275 ],[0.30466865 0.30033829 0.30438854 0.33344674 0.35710728],[0.25425875 0.25205375 0.25428418 0.2736443  0.2923707 ],[2.87439449 2.85985744 2.87480725 2.98974983 3.06654013]
813,"[1.06150026e-10 1.54703166e-10 1.70065163e-10 1.64522874e-10
 1.61418660e-10]",[0.07349452 0.07317414 0.07359    0.07643108 0.07780482],[1.4542099  1.62195125 1.65920178 1.60385937 1.5643376 ],[0.5313701  0.5294487  0.53009863 0.53133112 0.52662959],[0.2964459  0.29438032 0.29627018 0.30834386 0.31826715],[0.24105598 0.23987616 0.24084221 0.24935365 0.26112048],[2.88248439 2.86943907 2.88107006 2.9478449  2.97881885]
814,"[1.26640643e-10 1.84290228e-10 2.02655513e-10 1.96232517e-10
 1.89819810e-10]",[0.06584886 0.06578194 0.06597599 0.06746893 0.06690117],[1.63391387 1.81844906 1.86667033 1.82616097 1.81910115],[0.53281727 0.53206112 0.53156671 0.52991604 0.53066834],[0.26337833 0.26289431 0.26407158 0.27241868 0.26954876],[0.21606749 0.21628473 0.21673932 0.22709453 0.22801013],[2.84335667 2.83536957 2.8439684  2.89087301 2.87726476]
