epoch,channel,lyapunov_exponent
0,0,0.04882033770539466
0,1,0.048896299822419234
0,2,0.048918636912772935
0,3,0.04838124750327385
0,4,0.04814016426883274
1,0,0.047129839041940215
1,1,0.04718142771635034
1,2,0.047293980473659375
1,3,0.04629666547099808
1,4,0.04686710476732206
2,0,0.04755546656834123
2,1,0.04778986918253645
2,2,0.04707377453239601
2,3,0.04696902445670656
2,4,0.04689713490681916
3,0,0.04794512026307122
3,1,0.048409177956460984
3,2,0.048385305828264016
3,3,0.048250084976617695
3,4,0.048234371675305976
4,0,0.04788149070052841
4,1,0.048453244945439226
4,2,0.048196482618316
4,3,0.0482036771007232
4,4,0.04816072141136737
5,0,0.04771629539572183
5,1,0.047297362502740435
5,2,0.04786734398959784
5,3,0.046741643404188
5,4,0.04642014538969903
6,0,0.0474699264013468
6,1,0.047138576347286874
6,2,0.04778651513400778
6,3,0.0472361151797146
6,4,0.04777607348786687
7,0,0.04747203817745368
7,1,0.04815107888248092
7,2,0.04768198038492753
7,3,0.04628873406051894
7,4,0.04750081825943265
8,0,0.0477825939183046
8,1,0.048189697998340164
8,2,0.04728065710537151
8,3,0.04787059783935556
8,4,0.047714314226056834
9,0,0.04765384431360436
9,1,0.048169955772226
9,2,0.0468106592002035
9,3,0.046975270485391594
9,4,0.04744457015899627
10,0,0.04619049525633024
10,1,0.04597031486850124
10,2,0.04606134371167902
10,3,0.04564815695260031
10,4,0.045999493318445585
11,0,0.046948546951129294
11,1,0.047859387621015284
11,2,0.04725659392174843
11,3,0.046525870342644056
11,4,0.04742472933692527
12,0,0.04797082376651839
12,1,0.04882501402965982
12,2,0.04784189885976371
12,3,0.04769379065102617
12,4,0.048039136934681134
13,0,0.04891031757551672
13,1,0.04892810981814605
13,2,0.04889363892224379
13,3,0.04776498860957982
13,4,0.048698950100059646
14,0,0.04637445946701462
14,1,0.04659413844883665
14,2,0.046399787728812376
14,3,0.045958931042509824
14,4,0.046097835527033205
15,0,0.045604729806961945
15,1,0.04558834552192471
15,2,0.045796371542391495
15,3,0.044964504676992915
15,4,0.04596660494947494
16,0,0.047160099299729724
16,1,0.04691255599224561
16,2,0.04750740683236194
16,3,0.04750084440819779
16,4,0.046958085984027474
17,0,0.04656483726913647
17,1,0.0464775762752611
17,2,0.046315512777376604
17,3,0.0463776959147918
17,4,0.04642377475587396
18,0,0.05082825696196455
18,1,0.05095507751135137
18,2,0.051146470306872784
18,3,0.05112662481374391
18,4,0.05055879434903855
19,0,0.051340572682320125
19,1,0.05170754239195663
19,2,0.05158662605972572
19,3,0.05178996133060167
19,4,0.05076013077350076
20,0,0.050411290355375636
20,1,0.050395630221693175
20,2,0.05053165074013025
20,3,0.05068509444182952
20,4,0.050287639347731394
21,0,0.05332472390201207
21,1,0.05356495915627003
21,2,0.05331985491950685
21,3,0.052809593869286055
21,4,0.05283177612780958
22,0,0.05281558660756793
22,1,0.05264405986698884
22,2,0.0528719120094327
22,3,0.053542692681320676
22,4,0.05310642508040821
23,0,0.05127245276772832
23,1,0.05145684094560673
23,2,0.051868970122228665
23,3,0.05217635806153531
23,4,0.05225923416852103
24,0,0.04978710005120226
24,1,0.04954282520198038
24,2,0.05023804535241837
24,3,0.04948605783560996
24,4,0.04957419378273775
25,0,0.04985762885781765
25,1,0.04911119009981928
25,2,0.049273390890169716
25,3,0.04917564341715702
25,4,0.04878768600335652
26,0,0.04980258428749931
26,1,0.04980647871331168
26,2,0.05002141702933629
26,3,0.04957501149263423
26,4,0.051223571749866866
27,0,0.05306369758596799
27,1,0.05427975406165897
27,2,0.05361378306815894
27,3,0.05434686832496695
27,4,0.05674239567347937
28,0,0.05747799757720498
28,1,0.05719001261698532
28,2,0.05720484350051049
28,3,0.05931121766638805
28,4,0.05805372771667269
29,0,0.04867934113647912
29,1,0.048675206380159534
29,2,0.048517902461277636
29,3,0.048988066967509736
29,4,0.049046936264129724
30,0,0.04775154347322438
30,1,0.04783307605573972
30,2,0.04777744522186324
30,3,0.04762360832699793
30,4,0.04923912579558199
31,0,0.04917186943136637
31,1,0.04907425155731248
31,2,0.04895984814519084
31,3,0.04864340577234316
31,4,0.04955284095755007
32,0,0.05252188408932924
32,1,0.05218887100128152
32,2,0.052102010619311315
32,3,0.053004589012118686
32,4,0.05363112464529275
33,0,0.05024068312627798
33,1,0.04974739903590841
33,2,0.050188905502997226
33,3,0.049851716260234664
33,4,0.050562528356068996
34,0,0.048762319182433664
34,1,0.04913445563161804
34,2,0.049445204122298386
34,3,0.0495894246370424
34,4,0.0488208571545074
35,0,0.04814913663829808
35,1,0.04892005128162105
35,2,0.048132375600386676
35,3,0.04741335068573325
35,4,0.04838626550168412
36,0,0.05078671619099299
36,1,0.051016238831958674
36,2,0.050908962126110326
36,3,0.052049501563320784
36,4,0.0530132789199665
37,0,0.05646529043135821
37,1,0.055696485640765125
37,2,0.05571189271301784
37,3,0.05714804851994512
37,4,0.05711674345641584
38,0,0.06065161642049406
38,1,0.06116775393629135
38,2,0.06044657580134117
38,3,0.061928751557385725
38,4,0.06215952755308674
39,0,0.057695005355047596
39,1,0.05679299948739272
39,2,0.0575502222525973
39,3,0.05709636999636287
39,4,0.05831479327876163
40,0,0.06000831709331692
40,1,0.05968724382453185
40,2,0.059408155809931425
40,3,0.06074577798648759
40,4,0.06203489044848916
41,0,0.0584258772173422
41,1,0.059183150127727076
41,2,0.058531014074941726
41,3,0.06000030828981989
41,4,0.059023850568059304
42,0,0.05663817484696518
42,1,0.05631811657157993
42,2,0.05623597212627744
42,3,0.05774393294610335
42,4,0.057507972854669236
43,0,0.05948897665145168
43,1,0.0596865645519683
43,2,0.05886167519375921
43,3,0.058605002624218736
43,4,0.058536893929324624
44,0,0.05767971881440573
44,1,0.05858486051891472
44,2,0.05801992606429774
44,3,0.05840146736795312
44,4,0.05852985908718965
45,0,0.05526206388622349
45,1,0.05601885920383793
45,2,0.05579032339254073
45,3,0.055939039159365
45,4,0.05561232545081044
46,0,0.05542418485643788
46,1,0.055572066381484216
46,2,0.05613658923347178
46,3,0.056920737991241505
46,4,0.055717045027239544
47,0,0.05904741527653547
47,1,0.05879808716699571
47,2,0.05904081154556568
47,3,0.05937069584914055
47,4,0.05881090761805218
48,0,0.05893871348588278
48,1,0.05998228963826754
48,2,0.059565970064783744
48,3,0.05970270713265785
48,4,0.05863587534012635
49,0,0.056535189698438224
49,1,0.05657239426227033
49,2,0.05653970024594309
49,3,0.055947402917465826
49,4,0.056834271535152386
50,0,0.06579304254355554
50,1,0.06413487987358032
50,2,0.06564413384372304
50,3,0.06456656709009291
50,4,0.06552057126561589
51,0,0.06483684919890816
51,1,0.06470219414059586
51,2,0.06522696436667934
51,3,0.06468709860958559
51,4,0.06479876290420965
52,0,0.06345343389430973
52,1,0.06352778802255772
52,2,0.06330925761723157
52,3,0.06331593118509624
52,4,0.06488907707553243
53,0,0.06564245253765581
53,1,0.06641727177321129
53,2,0.0658297241778792
53,3,0.06674331353635218
53,4,0.06740162697158948
54,0,0.06088805263926885
54,1,0.060517303494273846
54,2,0.060931626969024995
54,3,0.06294283304752574
54,4,0.0629891967315491
55,0,0.057469010690824135
55,1,0.05739605041540557
55,2,0.058159958838271686
55,3,0.05751316171304956
55,4,0.06011910290849744
56,0,0.05493328923366224
56,1,0.05490983269223235
56,2,0.055404358917639444
56,3,0.056476058822576954
56,4,0.05809166902539831
57,0,0.05941480950290276
57,1,0.05959254783456357
57,2,0.05935004432375992
57,3,0.059162462836697315
57,4,0.060625985867980084
58,0,0.06171215213074985
58,1,0.06108585833930746
58,2,0.0614268867336975
58,3,0.0605730217044094
58,4,0.062495152540996954
59,0,0.06516243562549534
59,1,0.06619097962671402
59,2,0.06585396976173305
59,3,0.0659852380283168
59,4,0.06577600623379257
60,0,0.05794146200044969
60,1,0.05758668489673703
60,2,0.05810374851845049
60,3,0.05830368206853062
60,4,0.059453673437148434
61,0,0.05729571375669404
61,1,0.05714542448449112
61,2,0.057546780598836285
61,3,0.05746092907377807
61,4,0.0592891498029877
62,0,0.05954935392125604
62,1,0.05911913199728128
62,2,0.059082916965004055
62,3,0.05917605909551313
62,4,0.0603595433229445
63,0,0.06110782504224842
63,1,0.06066115810948414
63,2,0.06117018421443288
63,3,0.06187560787864957
63,4,0.061299815504204665
64,0,0.06205685765517159
64,1,0.06115320043117365
64,2,0.0625534510068677
64,3,0.061916306302184
64,4,0.06288437191893365
65,0,0.06040460680426972
65,1,0.060292512680731686
65,2,0.05988284899836416
65,3,0.06103602703593646
65,4,0.0613707226207134
66,0,0.060505902312096904
66,1,0.06112586851452015
66,2,0.06069006586704508
66,3,0.0609325268803812
66,4,0.06169334292554898
67,0,0.06035857554386509
67,1,0.05923296283845576
67,2,0.05993945008423295
67,3,0.06096314177221188
67,4,0.06032019460616289
68,0,0.05989454358708829
68,1,0.05871179051759887
68,2,0.0587085716091858
68,3,0.05894382627929109
68,4,0.060235263233711644
69,0,0.059923054900060634
69,1,0.05962090220915035
69,2,0.05926297415633748
69,3,0.059202700245137116
69,4,0.06031677410954622
70,0,0.0617783266871202
70,1,0.06278450795296155
70,2,0.062430710122794386
70,3,0.06069067640178638
70,4,0.06208622981663387
71,0,0.06080632181156163
71,1,0.06074922994405298
71,2,0.05966889508488958
71,3,0.06094604565459001
71,4,0.06146515652769911
72,0,0.05940964514467914
72,1,0.059248411583871875
72,2,0.06017457162918887
72,3,0.06036389807693104
72,4,0.06106458295293234
73,0,0.062105119162533313
73,1,0.06203477889263637
73,2,0.06166107544091864
73,3,0.061901781830896514
73,4,0.06325004609693013
74,0,0.05976844883766505
74,1,0.0588735773697909
74,2,0.05937564034708131
74,3,0.058526822304239084
74,4,0.060474674962148006
75,0,0.05876021674844272
75,1,0.05932542143749618
75,2,0.059963117052240916
75,3,0.059316065491748456
75,4,0.061622779681330654
76,0,0.06193719023559136
76,1,0.06301088509439425
76,2,0.06243200121235011
76,3,0.060809354885142636
76,4,0.062186302331601696
77,0,0.06075612383014744
77,1,0.06145754645852499
77,2,0.060967907212934144
77,3,0.06202714418592156
77,4,0.061379908668179314
78,0,0.05686159832280089
78,1,0.05689774173219103
78,2,0.05618625137127608
78,3,0.05629615582194803
78,4,0.057722333608125884
79,0,0.05545177061303039
79,1,0.05574292946548748
79,2,0.055393472101365006
79,3,0.05543513422825188
79,4,0.055639040971002786
80,0,0.05572142469353474
80,1,0.0555285269930728
80,2,0.05487546268202112
80,3,0.05595893305747599
80,4,0.05858900141172201
81,0,0.05586623513541174
81,1,0.055915639907086034
81,2,0.0555508368813835
81,3,0.05687528498032532
81,4,0.05853871431385068
82,0,0.055495662483133014
82,1,0.05578933129648354
82,2,0.05521133912854712
82,3,0.0554588755210337
82,4,0.056302034714642755
83,0,0.05766068549001629
83,1,0.05832224063941998
83,2,0.057741361574537194
83,3,0.057845993957886074
83,4,0.05845146632566621
84,0,0.05808790699202055
84,1,0.057687963597914865
84,2,0.058161473543274875
84,3,0.05786860334343726
84,4,0.059524721921849946
85,0,0.05964909433316799
85,1,0.05966296732926577
85,2,0.05958672435343785
85,3,0.06001804040402787
85,4,0.061022425968678545
86,0,0.059363980516523134
86,1,0.058972622572588604
86,2,0.05911976799386768
86,3,0.06059468217829137
86,4,0.0619736580087359
87,0,0.06012301725499786
87,1,0.06069423332076983
87,2,0.061066283309588534
87,3,0.061465537860041525
87,4,0.0626429558487215
88,0,0.05871402323746903
88,1,0.05921290114861883
88,2,0.05891601667827778
88,3,0.05951685956975577
88,4,0.06256961428675485
89,0,0.05635007507947038
89,1,0.056292197466755324
89,2,0.05649858055710094
89,3,0.05742561028928185
89,4,0.05888445012709678
90,0,0.05603408021228516
90,1,0.05601600601177975
90,2,0.05562623192282285
90,3,0.05616635014601547
90,4,0.05698294718583236
91,0,0.05350380699459963
91,1,0.053126911424359845
91,2,0.05311790347242423
91,3,0.05429919505033465
91,4,0.05580001350210506
92,0,0.05081120215114869
92,1,0.05040449043997493
92,2,0.051029639959621675
92,3,0.05040619166673019
92,4,0.051208930502132474
93,0,0.05257204964810634
93,1,0.051882419059542884
93,2,0.05216908568236868
93,3,0.0513260232071346
93,4,0.053632906516488464
94,0,0.0521170203310817
94,1,0.05172499511279129
94,2,0.05180359605695324
94,3,0.05188905347295169
94,4,0.05323119695876407
95,0,0.05395451407186422
95,1,0.05430030946399569
95,2,0.054441595088963485
95,3,0.05306108215991491
95,4,0.0532172517444478
96,0,0.05275291937453696
96,1,0.05388721026435478
96,2,0.05326144347814818
96,3,0.05189592972809256
96,4,0.05251809293053172
97,0,0.055169336334997945
97,1,0.05497524916338624
97,2,0.05455910360970572
97,3,0.05437422533710762
97,4,0.0557483588833482
98,0,0.05286886093854055
98,1,0.051929371846394824
98,2,0.05166760901443111
98,3,0.05250277946261523
98,4,0.05430290648058548
99,0,0.054561874096562595
99,1,0.054694793261543
99,2,0.05458279329187727
99,3,0.05438822271157004
99,4,0.05546406854673041
100,0,0.059404583183371044
100,1,0.0591662044914403
100,2,0.05896099809552738
100,3,0.059487805360791825
100,4,0.05956071155268752
101,0,0.05682567372041602
101,1,0.05613017280276381
101,2,0.05643243540091829
101,3,0.05598108019147612
101,4,0.0567079595815377
102,0,0.05939053804505192
102,1,0.05843845944444684
102,2,0.05948560405607578
102,3,0.059558257049157695
102,4,0.0602031842857994
103,0,0.05405808667461139
103,1,0.05305204352554015
103,2,0.05254086342178484
103,3,0.053660831932260344
103,4,0.05271527138076923
104,0,0.057180755312989516
104,1,0.05686293529863125
104,2,0.05720734663799614
104,3,0.05761987006106169
104,4,0.05800727711433714
105,0,0.05454264467933166
105,1,0.05483690360299409
105,2,0.05409823615725596
105,3,0.054632151444562314
105,4,0.05562345232282377
106,0,0.05644459553841068
106,1,0.056635201077501446
106,2,0.05607614917915418
106,3,0.05629943325596839
106,4,0.05815659773736175
107,0,0.05899715588444859
107,1,0.05848060287347365
107,2,0.05813122560425554
107,3,0.05890069176169019
107,4,0.05979950995290699
108,0,0.05533697730496007
108,1,0.05603265192185267
108,2,0.055719065992486015
108,3,0.055932879591045426
108,4,0.056841743762324315
109,0,0.06012136360892022
109,1,0.059145898761726545
109,2,0.059637698005227446
109,3,0.05920398611409909
109,4,0.05868347085538332
110,0,0.056300644021646806
110,1,0.05624150696350328
110,2,0.05617919111309075
110,3,0.05759567654576491
110,4,0.05961290256459028
111,0,0.05625735558810936
111,1,0.05718300845728925
111,2,0.0573140119847989
111,3,0.058348985605594976
111,4,0.05878442304045639
112,0,0.056002992352947194
112,1,0.05612288902072075
112,2,0.05561782814016737
112,3,0.05682664497989155
112,4,0.05692264240901453
113,0,0.051948842143669016
113,1,0.05225216928507264
113,2,0.05223951708368904
113,3,0.052320874593123554
113,4,0.052830169970820524
114,0,0.058482624479845646
114,1,0.05815120435991785
114,2,0.05756706668263016
114,3,0.058407470776396596
114,4,0.05797768046732862
115,0,0.05673533862092199
115,1,0.056531883917507554
115,2,0.05577272051093388
115,3,0.056596711011064824
115,4,0.05775060898688096
116,0,0.05496380978844177
116,1,0.05531510379420338
116,2,0.055994358314615085
116,3,0.0559282708139408
116,4,0.05557867757698791
117,0,0.056379501278660954
117,1,0.05627841706751073
117,2,0.057027359054583907
117,3,0.05569425663026448
117,4,0.055637131149457036
118,0,0.05946522139129089
118,1,0.058355002157112985
118,2,0.05906424207561446
118,3,0.05904721062008796
118,4,0.06114595488769251
119,0,0.053173131954197914
119,1,0.05303126038623468
119,2,0.053057994270095804
119,3,0.05370697305411432
119,4,0.05496696183661458
120,0,0.052978510221227355
120,1,0.0529389860192124
120,2,0.0527145470462356
120,3,0.05439895222310128
120,4,0.054140876321231685
121,0,0.04958745019919586
121,1,0.04972713305598135
121,2,0.050067138763464455
121,3,0.049060800101290686
121,4,0.0505144640406212
122,0,0.04967169346070944
122,1,0.050320833213046055
122,2,0.04982893468666778
122,3,0.04928451684628951
122,4,0.0502986891472899
123,0,0.05109674781167351
123,1,0.05060416566223668
123,2,0.05150824181601357
123,3,0.050741356601234404
123,4,0.051880898492820085
124,0,0.049246111637404166
124,1,0.04960162699723457
124,2,0.04911592948336576
124,3,0.04934048280567122
124,4,0.05073390003584462
125,0,0.05231359191015289
125,1,0.0519750978852235
125,2,0.052278858106963644
125,3,0.05275077448887271
125,4,0.052867625993268594
126,0,0.0538865294805667
126,1,0.05459030270433372
126,2,0.05478318364394108
126,3,0.0563350694892216
126,4,0.055281080083400734
127,0,0.05084058768465888
127,1,0.05128384978258894
127,2,0.050770030943285624
127,3,0.0516146587724447
127,4,0.0523239056975331
128,0,0.05247015569533483
128,1,0.053145161293277135
128,2,0.052593312990479486
128,3,0.052992804207864744
128,4,0.05243580381981908
129,0,0.04986438531406219
129,1,0.04946115880739511
129,2,0.04982206722410651
129,3,0.04922013693783182
129,4,0.04908050674493423
130,0,0.04824472809753795
130,1,0.048481502326882954
130,2,0.04845835563229201
130,3,0.0482833246366173
130,4,0.04812889639498388
131,0,0.049607407980892616
131,1,0.04933489580829904
131,2,0.049111391459049504
131,3,0.048844875459339014
131,4,0.049534196017884766
132,0,0.05070865580729373
132,1,0.0512478077168367
132,2,0.050860719806721515
132,3,0.05144166046545581
132,4,0.05126569452549103
133,0,0.052435003420313535
133,1,0.05262952619096964
133,2,0.05230561159095001
133,3,0.05199111375201951
133,4,0.05225036749318875
134,0,0.05439589881668009
134,1,0.054645590856582056
134,2,0.0541325376128235
134,3,0.054111471874516474
134,4,0.05511649357313738
135,0,0.052452700547382165
135,1,0.05194472749121637
135,2,0.05294056195170952
135,3,0.05282922925639994
135,4,0.052486896308816575
136,0,0.05227421658665917
136,1,0.0525642239317602
136,2,0.05228822261631707
136,3,0.05245175502451957
136,4,0.05249921759780579
137,0,0.051218528793353396
137,1,0.05146585943032009
137,2,0.05134757391115635
137,3,0.05086310639673365
137,4,0.05216545407225403
138,0,0.050057249721788155
138,1,0.05078876463305055
138,2,0.05004095789622002
138,3,0.04998611427297974
138,4,0.05090997107461162
139,0,0.05266373482071064
139,1,0.052784217752042284
139,2,0.05275526813813919
139,3,0.05224414298800586
139,4,0.053470327462039544
140,0,0.052925467794539806
140,1,0.05264781567228949
140,2,0.053075955403523827
140,3,0.0522185251664143
140,4,0.05232211475898965
141,0,0.051131176301697584
141,1,0.05121058570522936
141,2,0.051406831088758806
141,3,0.05034545967129525
141,4,0.051854400680560325
142,0,0.05023736374432592
142,1,0.050370713928882135
142,2,0.05031812624341744
142,3,0.0499617575454255
142,4,0.05028534347699047
143,0,0.052197563473631685
143,1,0.05131365305521636
143,2,0.052113036743017614
143,3,0.05164040857431859
143,4,0.05213560715729172
144,0,0.05114504993892101
144,1,0.05115828973190841
144,2,0.051096344772650376
144,3,0.05142174321205536
144,4,0.05112162975847082
145,0,0.05190609697248051
145,1,0.05184236922613292
145,2,0.052226737252518356
145,3,0.05194109382034072
145,4,0.05142539762792328
146,0,0.052807641367093934
146,1,0.05264499572717273
146,2,0.053190192443554635
146,3,0.051666755080938674
146,4,0.05250326745077924
147,0,0.05233542067950248
147,1,0.052507686042556824
147,2,0.05229543097451409
147,3,0.052208088511894124
147,4,0.05209219480333644
148,0,0.05068846149604873
148,1,0.05030452815281393
148,2,0.051005336720259455
148,3,0.05086406359724074
148,4,0.05147497417546134
149,0,0.05121841256644254
149,1,0.05175638938436704
149,2,0.05187161119330549
149,3,0.05045366642140265
149,4,0.04961619717161781
150,0,0.05110748735224085
150,1,0.05109652676072871
150,2,0.05112894399397959
150,3,0.04979801622186972
150,4,0.051892699462597704
151,0,0.04951840028613989
151,1,0.049912599698692946
151,2,0.04937848950920698
151,3,0.04964349996285151
151,4,0.050824558628993655
152,0,0.05080302436526379
152,1,0.05105681516686275
152,2,0.05075687573308138
152,3,0.05039367304844307
152,4,0.0508256572892829
153,0,0.05213521808564741
153,1,0.05218115523797418
153,2,0.051191706296776614
153,3,0.05032244642241676
153,4,0.051641027214719075
154,0,0.050757318476096575
154,1,0.0514601152655887
154,2,0.051767939307681185
154,3,0.05085814161174743
154,4,0.05083475156419994
155,0,0.05187349417916592
155,1,0.052755964308941534
155,2,0.052198335984174005
155,3,0.05025313470114618
155,4,0.051159983402540785
156,0,0.05052925352575128
156,1,0.05056805046237245
156,2,0.05138504431313556
156,3,0.050909377667082506
156,4,0.050787020588264745
157,0,0.04982444731127332
157,1,0.050400943824795645
157,2,0.049686482808455425
157,3,0.05061797234763046
157,4,0.049895912344430034
158,0,0.0491759002795455
158,1,0.04983813323608261
158,2,0.04925819786227484
158,3,0.04870929722597068
158,4,0.048999497870437364
159,0,0.05129739552986738
159,1,0.05042361704813764
159,2,0.0505934693518522
159,3,0.05114644905813882
159,4,0.05160804377598217
160,0,0.052008436599127086
160,1,0.052401824896218314
160,2,0.051783393685843615
160,3,0.05131794923780077
160,4,0.05151907871608122
161,0,0.050961277470583134
161,1,0.051220080683640624
161,2,0.05015198907932334
161,3,0.050171410467873746
161,4,0.04983337054304143
162,0,0.048899938072763445
162,1,0.04842181582410812
162,2,0.04868843041977543
162,3,0.04771979621621607
162,4,0.04808798988040042
163,0,0.049456685307790155
163,1,0.04845232035074765
163,2,0.049557653521003116
163,3,0.04773291066915053
163,4,0.04856818516285915
164,0,0.04876702220500028
164,1,0.04913352691540497
164,2,0.04906833218211602
164,3,0.04898024262500412
164,4,0.048481748610699364
165,0,0.04945749743073512
165,1,0.049825169997198104
165,2,0.04889210374701654
165,3,0.04877428524205109
165,4,0.047540243132775765
166,0,0.04900428341502618
166,1,0.049012090126578
166,2,0.049191201749254454
166,3,0.0482122805024109
166,4,0.048090062639435695
167,0,0.04895912312373701
167,1,0.048994694878073335
167,2,0.04857806976245093
167,3,0.047842536367574434
167,4,0.04786832985757789
168,0,0.05259186670273593
168,1,0.05201320904643612
168,2,0.05271600922473483
168,3,0.051534124514063515
168,4,0.052552852058181714
169,0,0.04857601880168582
169,1,0.04993196924765997
169,2,0.04868702594257919
169,3,0.04830069295784735
169,4,0.04862873791789676
170,0,0.052369427171503447
170,1,0.05256796219769664
170,2,0.05284686126342623
170,3,0.05189276293403103
170,4,0.0530284694749483
171,0,0.050276720612561554
171,1,0.050515561418659274
171,2,0.0501788632323046
171,3,0.0491953804684716
171,4,0.04947980306014026
172,0,0.048378156453621646
172,1,0.04873601828731996
172,2,0.04893243888131433
172,3,0.04807148034689955
172,4,0.04849162835605439
173,0,0.04878035454904619
173,1,0.04939750062317414
173,2,0.04926321265505717
173,3,0.048217720040897256
173,4,0.04986037466133923
174,0,0.04794830995447497
174,1,0.04806185554055613
174,2,0.04882346415433855
174,3,0.04838301994076457
174,4,0.047546788887674225
175,0,0.05183843527950741
175,1,0.051821508098478776
175,2,0.052439744773031524
175,3,0.05175196612153165
175,4,0.05227315176864208
176,0,0.0530121594230956
176,1,0.0538826556623626
176,2,0.05342509385345939
176,3,0.05321597494283374
176,4,0.05377394507913025
177,0,0.05325818147693645
177,1,0.052689800834884795
177,2,0.05248613414787296
177,3,0.05291301919632596
177,4,0.054862628034612296
178,0,0.05173077243287459
178,1,0.05171829818963725
178,2,0.05191245716731525
178,3,0.05285682962149719
178,4,0.053343116100810474
179,0,0.05286893892688915
179,1,0.053050346649279954
179,2,0.05250763768336935
179,3,0.05248069158693752
179,4,0.0529814909514833
180,0,0.05028943285077703
180,1,0.051845792424635995
180,2,0.05033919660698762
180,3,0.05013073965853439
180,4,0.05103909880602642
181,0,0.05051854072928008
181,1,0.05030391766386734
181,2,0.05046901817367586
181,3,0.05015726279525504
181,4,0.052080990584099825
182,0,0.05190653646407298
182,1,0.05189473723449351
182,2,0.05186078615406132
182,3,0.051017563214250605
182,4,0.05285789682083779
183,0,0.051276236049839954
183,1,0.052502888591349585
183,2,0.051275735513932094
183,3,0.0501473346449176
183,4,0.05199726755020857
184,0,0.05123283551091344
184,1,0.05183108816341483
184,2,0.05189873689649209
184,3,0.049541987708779864
184,4,0.050376219503304225
185,0,0.05348240732144919
185,1,0.05307493335774255
185,2,0.0530284902199406
185,3,0.05287284732008054
185,4,0.053138382992967755
186,0,0.05243843499924399
186,1,0.05179255198173025
186,2,0.05205828814374877
186,3,0.05194915721110224
186,4,0.05247476928088131
187,0,0.052967679732415514
187,1,0.053743855956078786
187,2,0.05368674760248352
187,3,0.053514841452938645
187,4,0.05381867297700342
188,0,0.05460912033575645
188,1,0.05588424852057523
188,2,0.0548161485358304
188,3,0.05349423773720925
188,4,0.05456045368281606
189,0,0.055782749730141086
189,1,0.054277744590878474
189,2,0.0548095228234117
189,3,0.05469106044517427
189,4,0.055726448370485994
190,0,0.05300277288649838
190,1,0.052644398701863625
190,2,0.05265631800510732
190,3,0.052849248357179884
190,4,0.05461072809555964
191,0,0.05437633399917593
191,1,0.05425820766233753
191,2,0.053999444885986785
191,3,0.05355627904848466
191,4,0.0544139000662521
192,0,0.05333423142816703
192,1,0.05342197862421338
192,2,0.05343177406155344
192,3,0.05305292974428556
192,4,0.05433843912626087
193,0,0.05206277748831475
193,1,0.05190466373622221
193,2,0.05133548388532665
193,3,0.051267922894866064
193,4,0.053975384312660794
194,0,0.051839165017813923
194,1,0.05158811864589588
194,2,0.05153759854466711
194,3,0.051466878407857436
194,4,0.05222421460649697
195,0,0.052219912150040605
195,1,0.0521151934437106
195,2,0.05208871793346246
195,3,0.05173037800325219
195,4,0.05347564665209351
196,0,0.053986639592971175
196,1,0.05381569549817011
196,2,0.053633368081119265
196,3,0.05300450928357191
196,4,0.053607754060486706
197,0,0.054120950824788044
197,1,0.054113376109110795
197,2,0.053846841928910316
197,3,0.054251819395360765
197,4,0.0545240577157377
198,0,0.053467792543042736
198,1,0.052614171507836587
198,2,0.05362866006693211
198,3,0.053196475428550424
198,4,0.054743749016330216
199,0,0.053805555364235785
199,1,0.053680822548746156
199,2,0.05364268972664755
199,3,0.053072128433282593
199,4,0.05539677985146703
200,0,0.05303376535550759
200,1,0.053674025838973426
200,2,0.05374242084223839
200,3,0.05314319006105872
200,4,0.05436084481705284
201,0,0.05437929375546612
201,1,0.05398371830421637
201,2,0.05364961658491536
201,3,0.053819259332150954
201,4,0.05437362350335657
202,0,0.054742750417427766
202,1,0.054698066574041825
202,2,0.0547974180516934
202,3,0.05478642338893568
202,4,0.05491816077627345
203,0,0.054954099391832004
203,1,0.05467527066673849
203,2,0.05446794580869467
203,3,0.05399136963440186
203,4,0.054187593769197163
204,0,0.04667462585925495
204,1,0.046836640219442505
204,2,0.046907096991018034
204,3,0.04733040414652201
204,4,0.04816403351196447
205,0,0.05039091103360313
205,1,0.05018928221007645
205,2,0.05011133196259469
205,3,0.04939357862896126
205,4,0.05012582446919215
206,0,0.047419947730679285
206,1,0.04792842700129385
206,2,0.04803493449381719
206,3,0.04763849018000753
206,4,0.049080520162777024
207,0,0.04997165116657023
207,1,0.04982663794582781
207,2,0.04922816135731647
207,3,0.049700292882656046
207,4,0.0508785680104562
208,0,0.05236392036062482
208,1,0.0522804409544581
208,2,0.05201870761427126
208,3,0.05153088247933459
208,4,0.05360212607687127
209,0,0.05046762056568243
209,1,0.050335340740300064
209,2,0.050846514295415576
209,3,0.04980115201292922
209,4,0.050870073783297644
210,0,0.05125639600627855
210,1,0.05133941915999803
210,2,0.051123721293327026
210,3,0.050831926306899866
210,4,0.050833189644876535
211,0,0.05117979537396024
211,1,0.05174571482645794
211,2,0.05169113672080163
211,3,0.05077343760990735
211,4,0.05145446768184826
212,0,0.05156554172877648
212,1,0.051944913051280114
212,2,0.05133981363541522
212,3,0.05149735820536715
212,4,0.05059339630932963
213,0,0.051436800641887694
213,1,0.05128709795380566
213,2,0.051218837128967874
213,3,0.051624695685159115
213,4,0.051459429398590564
214,0,0.05047755576840118
214,1,0.0511705057389168
214,2,0.05113627036507978
214,3,0.05077734137783527
214,4,0.05148151947241312
215,0,0.05126312090998517
215,1,0.05195539769863036
215,2,0.05084878072017379
215,3,0.0516980678837698
215,4,0.05011046873278125
216,0,0.04966374748752052
216,1,0.04951739994703946
216,2,0.049954832702123954
216,3,0.04999020676080509
216,4,0.050532362847482824
217,0,0.05241707361045007
217,1,0.05351111710858674
217,2,0.05276588962000829
217,3,0.05243756407592338
217,4,0.052675610756387554
218,0,0.050005009801161925
218,1,0.050558352018175476
218,2,0.04970607066068624
218,3,0.0495221260959219
218,4,0.05047177084640023
219,0,0.0501704504738908
219,1,0.05003171959701863
219,2,0.04993414857092749
219,3,0.04952784901191935
219,4,0.050400614698394144
220,0,0.048395814975770855
220,1,0.04866078943479256
220,2,0.048474342465257725
220,3,0.048345650241297805
220,4,0.04913727589729754
221,0,0.05138909989044467
221,1,0.051102423513350786
221,2,0.051179238327411086
221,3,0.05107087615014277
221,4,0.05106357711846948
222,0,0.05194630182089929
222,1,0.0512065744113809
222,2,0.05117430463701606
222,3,0.05080223165926535
222,4,0.05201812103015025
223,0,0.04980107370401795
223,1,0.050002460868991266
223,2,0.049578896026794564
223,3,0.04868363809757317
223,4,0.05006367897500814
224,0,0.04933510247971277
224,1,0.049353592221190415
224,2,0.04900997349623457
224,3,0.049817541243792514
224,4,0.05053973519644663
225,0,0.04929959781458974
225,1,0.05000993978218737
225,2,0.04926102481397847
225,3,0.050516048170366805
225,4,0.051450751397360765
226,0,0.04975228885499514
226,1,0.05033156863209168
226,2,0.04949956168075147
226,3,0.04959194609240184
226,4,0.049057841489867436
227,0,0.05229558631008571
227,1,0.05252283616083159
227,2,0.05259586293013303
227,3,0.052263074327631706
227,4,0.05359912780725091
228,0,0.051707381377844204
228,1,0.05238111667701755
228,2,0.052319504782503905
228,3,0.0527447431914661
228,4,0.05421784770732037
229,0,0.05227752822930932
229,1,0.05287016379733057
229,2,0.05160332275610439
229,3,0.05272890322205551
229,4,0.05366681560319453
230,0,0.05352685051376515
230,1,0.05255414067482475
230,2,0.05322393195254182
230,3,0.052111859682227486
230,4,0.054206515171376195
231,0,0.05320339230357673
231,1,0.05256973358190942
231,2,0.05284894286083586
231,3,0.051434684927437954
231,4,0.05151639720829754
232,0,0.05176198879209902
232,1,0.0523117594358301
232,2,0.05150292189324472
232,3,0.05266221292594197
232,4,0.052816233915441345
233,0,0.052464424261525866
233,1,0.05198297896734392
233,2,0.05200424272186915
233,3,0.05284055377827398
233,4,0.054207580676313684
234,0,0.05243559600353822
234,1,0.05155901525344036
234,2,0.05157521196344759
234,3,0.051385655626386355
234,4,0.05216198352204658
235,0,0.051121890513407466
235,1,0.05174429271830797
235,2,0.05064918646291539
235,3,0.05049409222917698
235,4,0.050876867012674326
236,0,0.0499959174954163
236,1,0.050052257551580194
236,2,0.049318075741038726
236,3,0.04883002699065482
236,4,0.04869329935648577
237,0,0.04413558634818681
237,1,0.044884737067434455
237,2,0.04431170409753261
237,3,0.043937224883849976
237,4,0.043868696480667595
238,0,0.048139061944968385
238,1,0.04769298333652329
238,2,0.04757650066252094
238,3,0.04818365227560752
238,4,0.04869597962781313
239,0,0.04624535669370275
239,1,0.046335214246220974
239,2,0.046352988399949765
239,3,0.04595207544077201
239,4,0.047704725734898534
240,0,0.04898094612295608
240,1,0.04938988707360395
240,2,0.049061725520286266
240,3,0.04902856819913034
240,4,0.05007251066320079
241,0,0.04959911438024921
241,1,0.04904915840542776
241,2,0.05018812351295506
241,3,0.049260250151085976
241,4,0.04974502764973177
242,0,0.04976419854135516
242,1,0.04958745198518875
242,2,0.0500704721127954
242,3,0.04913189831902014
242,4,0.050338426798331636
243,0,0.05066563779137157
243,1,0.05077476464829103
243,2,0.051097028991039954
243,3,0.050697526050215144
243,4,0.05117743227662156
244,0,0.053026708073976754
244,1,0.052949050775095256
244,2,0.05319885405028716
244,3,0.05203049983726409
244,4,0.05404891033561876
245,0,0.05325776698924214
245,1,0.05232224110652559
245,2,0.052394751037011494
245,3,0.0513599185554349
245,4,0.05191827350447024
246,0,0.051537253985456596
246,1,0.05102015468968357
246,2,0.051172874881153727
246,3,0.0512010584415652
246,4,0.05215460952447394
247,0,0.05317149113063201
247,1,0.052825991755344755
247,2,0.05258412053175768
247,3,0.054908569537434164
247,4,0.05520824249194311
248,0,0.05331204234623547
248,1,0.05289876358563436
248,2,0.053146597780958114
248,3,0.052435323616751524
248,4,0.053218623890596325
249,0,0.05166655161515293
249,1,0.051702256494639005
249,2,0.05171833001694352
249,3,0.05089219444796976
249,4,0.0535891327050841
250,0,0.05004529795011286
250,1,0.04921967427412869
250,2,0.04958339933873955
250,3,0.05051674397481174
250,4,0.050895943979398596
251,0,0.04826714253511473
251,1,0.0485242736926314
251,2,0.04855917876794275
251,3,0.048353146602268866
251,4,0.049466286392486764
252,0,0.048233410857018634
252,1,0.0487623519714282
252,2,0.04859692105296706
252,3,0.04749426046053198
252,4,0.047329552640147876
253,0,0.05237462244113961
253,1,0.05272578254324197
253,2,0.052435349857105934
253,3,0.05139081448924798
253,4,0.05315748239908774
254,0,0.05377291140149923
254,1,0.053761296083374856
254,2,0.05297139143743445
254,3,0.05326586468022276
254,4,0.05528812481718763
255,0,0.054825150534457044
255,1,0.05370711318585058
255,2,0.05411422216591725
255,3,0.054506603254705376
255,4,0.055333435223454665
256,0,0.05201476267692148
256,1,0.05222989548297354
256,2,0.05211779462761681
256,3,0.052504031031357916
256,4,0.05435815680642397
257,0,0.05230048322734858
257,1,0.051785781603901404
257,2,0.05145568009613526
257,3,0.05195138402345806
257,4,0.052263141371050495
258,0,0.051475237036953406
258,1,0.05079963395575519
258,2,0.05140157056169652
258,3,0.05099291917084231
258,4,0.05293648649950712
259,0,0.052632630292107116
259,1,0.0520218279725222
259,2,0.05183283202502205
259,3,0.05182331625582376
259,4,0.05278667367520761
260,0,0.05178767251224228
260,1,0.052482332639476714
260,2,0.052399062789788876
260,3,0.05113304055753166
260,4,0.05281870224896603
261,0,0.049449063194613944
261,1,0.049733124283038416
261,2,0.05011849379339153
261,3,0.04984524327309059
261,4,0.050122440928886285
262,0,0.048172765871485355
262,1,0.04788334575163084
262,2,0.04796826714084089
262,3,0.047652603918764865
262,4,0.04693506714819727
263,0,0.04842665242977073
263,1,0.04861952192070684
263,2,0.04867642387765657
263,3,0.04792741347332412
263,4,0.048141610648165634
264,0,0.048686743297783004
264,1,0.048694009311488345
264,2,0.048054563332290925
264,3,0.04826296450281779
264,4,0.048333498255259386
265,0,0.05049579382228976
265,1,0.04974886258824822
265,2,0.0501527510112933
265,3,0.04998359904569745
265,4,0.050341113709888426
266,0,0.050801025518850185
266,1,0.05086023864196563
266,2,0.05117692903882764
266,3,0.051136699598662766
266,4,0.05071739604350042
267,0,0.0517496026578357
267,1,0.051743943350655755
267,2,0.05202767425940111
267,3,0.052301545297684465
267,4,0.052452005155089486
268,0,0.05197873270096615
268,1,0.051031145780455776
268,2,0.05185215774847541
268,3,0.05290620252007063
268,4,0.052752380416888546
269,0,0.0522079551119764
269,1,0.05177671599645727
269,2,0.052104505880110855
269,3,0.05308614440038732
269,4,0.05259310329661668
270,0,0.051890080601942945
270,1,0.05185975078202662
270,2,0.052158803264347825
270,3,0.052147639664997
270,4,0.05150828687798371
271,0,0.04961832772354557
271,1,0.04994810917225785
271,2,0.04995325475466067
271,3,0.05007857891691841
271,4,0.04930348033378403
272,0,0.04899568560029003
272,1,0.04931419473306899
272,2,0.04894850594656822
272,3,0.04953548958035373
272,4,0.04922096609639961
273,0,0.05221629322505372
273,1,0.05226043472198455
273,2,0.05194492385882591
273,3,0.052063596159899604
273,4,0.05295266855521512
274,0,0.05102014814104368
274,1,0.05163189199935351
274,2,0.05084268476067185
274,3,0.05169384286612598
274,4,0.05113739155635408
275,0,0.05223074918749248
275,1,0.05203016732205587
275,2,0.05222857673342786
275,3,0.05139168220694036
275,4,0.051278920030536766
276,0,0.050004246357967116
276,1,0.049914436523510845
276,2,0.049063388783247806
276,3,0.04964015086014887
276,4,0.049978291670672345
277,0,0.05236923707776586
277,1,0.05266260804248457
277,2,0.05318057111760727
277,3,0.0534777212429161
277,4,0.05377729491454802
278,0,0.04429864020193045
278,1,0.044780786704330396
278,2,0.04457112842390379
278,3,0.04472327141916333
278,4,0.0449325794618386
279,0,0.05248847961425791
279,1,0.05211074769568479
279,2,0.05255742277990313
279,3,0.05265324518173975
279,4,0.05372239958910815
280,0,0.0546128127154185
280,1,0.05447664089134211
280,2,0.054283490587397114
280,3,0.05403137715352263
280,4,0.05308276759190011
281,0,0.049916765961755864
281,1,0.05000192525435474
281,2,0.049263216776578925
281,3,0.05028926995908232
281,4,0.05092084080946831
282,0,0.050798399056277754
282,1,0.05057399964990886
282,2,0.050242457258171905
282,3,0.05018307222180874
282,4,0.052757855583639865
283,0,0.05080255551927806
283,1,0.050348063740266805
283,2,0.05119343939663269
283,3,0.05099322791860889
283,4,0.051363492555835916
284,0,0.05106736781932033
284,1,0.05062565568830087
284,2,0.05137948841035438
284,3,0.05064346601983079
284,4,0.051629024427764486
285,0,0.049956348826762295
285,1,0.049559452656795275
285,2,0.049621201385827846
285,3,0.04858186037171223
285,4,0.05079178699067528
286,0,0.051065366912145804
286,1,0.05128124562202818
286,2,0.0505977519792098
286,3,0.05025784376861103
286,4,0.05122990648285687
287,0,0.05005796105063126
287,1,0.05058338188180569
287,2,0.05031921098212247
287,3,0.050486072938697134
287,4,0.05194023700178326
288,0,0.05163678236797652
288,1,0.051525647001964846
288,2,0.051208661595741986
288,3,0.05133098103132865
288,4,0.05201285418342148
289,0,0.05119892353914223
289,1,0.05156746849435583
289,2,0.0514547631033616
289,3,0.051544027843681534
289,4,0.05177744262072521
290,0,0.051729198377959716
290,1,0.05050999063260562
290,2,0.05089473683150025
290,3,0.04942808300077847
290,4,0.05068582051656116
291,0,0.046934002650742955
291,1,0.046567166020461036
291,2,0.04642123713499072
291,3,0.04667930016855391
291,4,0.045222160504216444
292,0,0.046794718161923064
292,1,0.046678844694616334
292,2,0.04685953554700709
292,3,0.04602099758665688
292,4,0.04707942014696515
293,0,0.047082856717516136
293,1,0.04648700631680908
293,2,0.04658765268497544
293,3,0.04713768339672296
293,4,0.04708627597767634
294,0,0.04324867395078158
294,1,0.043897956948892966
294,2,0.04507786378711657
294,3,0.04551550481642841
294,4,0.04303558267178955
295,0,0.04727200593982726
295,1,0.046932474436307756
295,2,0.047444705986032225
295,3,0.04803140793671001
295,4,0.04884246885704978
296,0,0.04585209318712837
296,1,0.045031459483207505
296,2,0.045677580495699345
296,3,0.04558084764972883
296,4,0.046185499422547405
297,0,0.04616178450750429
297,1,0.04688260159715754
297,2,0.04618657307893868
297,3,0.04261738748538978
297,4,0.046401347358401526
298,0,0.05213237432729451
298,1,0.05187310620659407
298,2,0.052112881041088376
298,3,0.05252326951593637
298,4,0.05240602761185045
299,0,0.05180613317409495
299,1,0.05202180164057827
299,2,0.05195062351112323
299,3,0.051788589459221206
299,4,0.05296785210361007
300,0,0.05187151644410212
300,1,0.05203797476632257
300,2,0.052234505404945196
300,3,0.05288166233900789
300,4,0.0520502483830447
301,0,0.05231483926578448
301,1,0.05213845650259628
301,2,0.05206448160013514
301,3,0.05233394361773032
301,4,0.0523272812695636
302,0,0.0499280772947608
302,1,0.04909427326838955
302,2,0.04974498084756365
302,3,0.049623480724687495
302,4,0.04874423275474761
303,0,0.04726177146884145
303,1,0.0469025153243671
303,2,0.04733007323412773
303,3,0.046972752098275825
303,4,0.04734039723372263
304,0,0.050392960391554144
304,1,0.05001942853252151
304,2,0.04970003725672405
304,3,0.050277103318744576
304,4,0.0496156431017232
305,0,0.0489932338902358
305,1,0.04876935974890452
305,2,0.04894676277188127
305,3,0.04939683591332054
305,4,0.04925439507162741
306,0,0.04581581243947789
306,1,0.04588487659468093
306,2,0.04536140043480776
306,3,0.044982529694006686
306,4,0.046649309916227316
307,0,0.04763163508201142
307,1,0.04780265817264402
307,2,0.04772397250831497
307,3,0.04723862028637147
307,4,0.047843556215210845
308,0,0.04810434595591173
308,1,0.04851607584867454
308,2,0.048017877393266954
308,3,0.0482804532640694
308,4,0.04823894193908035
309,0,0.05018862331614781
309,1,0.049691424421331065
309,2,0.049775754784335643
309,3,0.05051497744483548
309,4,0.05049007145582856
310,0,0.051101726197681344
310,1,0.05028407267448007
310,2,0.0507671214237649
310,3,0.05120014213571182
310,4,0.051536181702905796
311,0,0.0496673350431482
311,1,0.05020983422360651
311,2,0.050076967218772396
311,3,0.05121662341389196
311,4,0.050685184565769745
312,0,0.049580667823159535
312,1,0.0490402630626226
312,2,0.049818509114461264
312,3,0.05035047826503656
312,4,0.05023432842680545
313,0,0.05125521972399809
313,1,0.05106095523536574
313,2,0.05138886395622728
313,3,0.0512667543060927
313,4,0.05160647562858162
314,0,0.052086357354831685
314,1,0.051618830714048436
314,2,0.05266476804039491
314,3,0.051108792821327846
314,4,0.04993137785509716
315,0,0.05050732235948584
315,1,0.05036260730793794
315,2,0.05041346798423972
315,3,0.050022449653689655
315,4,0.050821202107552005
316,0,0.05108852858159877
316,1,0.05162453906733586
316,2,0.05158280646242875
316,3,0.051536685490236274
316,4,0.0515621359780486
317,0,0.05141843509559587
317,1,0.05234975514864151
317,2,0.05281606090312097
317,3,0.05160319160012659
317,4,0.05105468580559685
318,0,0.04972069739150541
318,1,0.05027093404195189
318,2,0.049982850165212686
318,3,0.04974171651082321
318,4,0.05028601203359778
319,0,0.04891950888937124
319,1,0.04904756291860011
319,2,0.0496708653554195
319,3,0.04944928891661658
319,4,0.0490246463423017
320,0,0.047947841154283945
320,1,0.048208748175173476
320,2,0.047881652493150705
320,3,0.0478734726922995
320,4,0.04802651642321978
321,0,0.05024043817050755
321,1,0.05006400269763669
321,2,0.050604154213565414
321,3,0.049239002516289716
321,4,0.050146147784064864
322,0,0.05513468656505575
322,1,0.05535303370005249
322,2,0.055699781255275624
322,3,0.0551383878288864
322,4,0.05463438544668368
323,0,0.05445006820477217
323,1,0.05451636952083077
323,2,0.05456881396052086
323,3,0.054307042519156176
323,4,0.05424338534241825
324,0,0.05387838558274879
324,1,0.053873808632950354
324,2,0.05298952402616319
324,3,0.05355734840017558
324,4,0.05393160761619117
325,0,0.05144956178882705
325,1,0.051377452790808624
325,2,0.051460780524978655
325,3,0.05149774613214437
325,4,0.05145676460586689
326,0,0.052296692755471316
326,1,0.05177752734089255
326,2,0.05215366734462357
326,3,0.05277096302998741
326,4,0.0532420782338816
327,0,0.051975568196639114
327,1,0.05192127035445535
327,2,0.052809586633725945
327,3,0.053256958392488056
327,4,0.05453022951123806
328,0,0.05351167058315024
328,1,0.052932953393759946
328,2,0.053963583800829946
328,3,0.052427325987157596
328,4,0.0535811723065691
329,0,0.053736637339872426
329,1,0.05387689927045039
329,2,0.05324973537999189
329,3,0.05342667518972934
329,4,0.053458378300661226
330,0,0.05418753052673718
330,1,0.053931687619505855
330,2,0.05461202545898747
330,3,0.05448757423501635
330,4,0.05518815648512828
331,0,0.054316644061799674
331,1,0.05512108586415539
331,2,0.0550616417526485
331,3,0.05419074004723969
331,4,0.053851147178842276
332,0,0.05364923296283854
332,1,0.054677644937980184
332,2,0.05372993464658805
332,3,0.05439265403427006
332,4,0.0544484615440416
333,0,0.052960006008629185
333,1,0.05252230109573124
333,2,0.05295908333731442
333,3,0.054233581845213784
333,4,0.05346821879997126
334,0,0.05535880099109964
334,1,0.05541376313098485
334,2,0.055315201794829356
334,3,0.055241952600742564
334,4,0.05489876691032871
335,0,0.05406510603814286
335,1,0.05420249558868963
335,2,0.053072505002977825
335,3,0.05520511233362968
335,4,0.054684529619342934
336,0,0.056246022090477
336,1,0.05652582321991304
336,2,0.05643357307827913
336,3,0.0567315852885345
336,4,0.05692054020399687
337,0,0.05641964714352557
337,1,0.05630718451015663
337,2,0.056299643774135794
337,3,0.05645485409740088
337,4,0.05706636957761624
338,0,0.05446588944415672
338,1,0.05357896504854391
338,2,0.05403106020850713
338,3,0.05402507525532192
338,4,0.05513634817940859
339,0,0.0557662970736391
339,1,0.05640510554502577
339,2,0.05724542272047986
339,3,0.056676452746626
339,4,0.05691774828522714
340,0,0.05517305953448282
340,1,0.056041834122565116
340,2,0.055714678128942104
340,3,0.05664432159277285
340,4,0.05635615601831565
341,0,0.05718442099435007
341,1,0.0566121260515926
341,2,0.05699771940636628
341,3,0.05717987550550023
341,4,0.0563998956210904
342,0,0.054923654444077485
342,1,0.05471614049977909
342,2,0.05467741033180847
342,3,0.054627162342598186
342,4,0.05459545318676805
343,0,0.05595776309486216
343,1,0.05665245610268046
343,2,0.0565315081721165
343,3,0.05682768200053471
343,4,0.05736921152433152
344,0,0.06178210996923191
344,1,0.062290084628211694
344,2,0.062175978606774686
344,3,0.06228649437069754
344,4,0.061159681066030064
345,0,0.058420575520857825
345,1,0.05931981406148884
345,2,0.05886731334379461
345,3,0.05878797492202468
345,4,0.058901738490806724
346,0,0.05508921473252389
346,1,0.054669316350197304
346,2,0.05463314990608072
346,3,0.05463968210575253
346,4,0.05614797127347037
347,0,0.053501847897972736
347,1,0.053597862729076
347,2,0.054073493426301265
347,3,0.054671278698247
347,4,0.054900489111049666
348,0,0.05837108296077237
348,1,0.05860253790847406
348,2,0.05795742369213327
348,3,0.06002150903085846
348,4,0.059640165743421555
349,0,0.06032268011269472
349,1,0.060318346973799314
349,2,0.06051118294302595
349,3,0.0601477491784069
349,4,0.06043796667531764
350,0,0.058245771300463586
350,1,0.05834678768968541
350,2,0.05804557214121007
350,3,0.058572383527996257
350,4,0.058180800045237804
351,0,0.0617572219317415
351,1,0.06058726655334987
351,2,0.06145486201988135
351,3,0.06278405829494892
351,4,0.061841311826854824
352,0,0.06152892745843452
352,1,0.06244726224535235
352,2,0.0623648693638833
352,3,0.06274315068129313
352,4,0.062491171059488294
353,0,0.06026196300053226
353,1,0.06010171223946126
353,2,0.05989531266302913
353,3,0.059868966705945055
353,4,0.060158728912097226
354,0,0.057328134287162165
354,1,0.05666054765717322
354,2,0.05736855872109588
354,3,0.057881144950656035
354,4,0.058157190961711853
355,0,0.058349606077782744
355,1,0.05778556553541838
355,2,0.058415316962966944
355,3,0.059176599152234284
355,4,0.05934175557735307
356,0,0.06008710185734463
356,1,0.05937367186254387
356,2,0.059529502520612836
356,3,0.06012935111788861
356,4,0.059378971818830076
357,0,0.05938857638392273
357,1,0.05974132006623469
357,2,0.05866997305514015
357,3,0.0591921153074268
357,4,0.05887841205207675
358,0,0.054786525602672755
358,1,0.05474139869570886
358,2,0.0546668677083871
358,3,0.05583178979294366
358,4,0.05719691515827534
359,0,0.05604243128525845
359,1,0.05605586153834095
359,2,0.056513922326132705
359,3,0.0579595949097413
359,4,0.058568624608657
360,0,0.05810031396286557
360,1,0.05844257849318931
360,2,0.0584201960203029
360,3,0.058757684897689504
360,4,0.05723470818381065
361,0,0.061725948603929014
361,1,0.06115610399738516
361,2,0.06091976202407251
361,3,0.06159307083734377
361,4,0.06169303147589616
362,0,0.058833224604539124
362,1,0.05814723812803957
362,2,0.057936770655527915
362,3,0.058983854451814935
362,4,0.05851010376379555
363,0,0.060545752755447914
363,1,0.0614412481301115
363,2,0.060920557202983915
363,3,0.0607062887258176
363,4,0.061089668915051416
364,0,0.06080584476832735
364,1,0.06042693171323719
364,2,0.06054842972955787
364,3,0.06106157873000289
364,4,0.059866517743572295
365,0,0.05285693188102887
365,1,0.05267320520737606
365,2,0.052796005578745406
365,3,0.05340049088788359
365,4,0.05535919711512535
366,0,0.05239050394632955
366,1,0.05202874631297842
366,2,0.05257700934988266
366,3,0.054364801294663395
366,4,0.05512295373776947
367,0,0.058018967215182016
367,1,0.058804906865700377
367,2,0.05848124207568781
367,3,0.05956787420778854
367,4,0.058876831769084655
368,0,0.05568196254331822
368,1,0.05596602967664126
368,2,0.056165307996367625
368,3,0.05644772487241972
368,4,0.05723084315818622
369,0,0.057717750018098285
369,1,0.05795970413006524
369,2,0.05778647881882245
369,3,0.05780230660684682
369,4,0.05877588956725282
370,0,0.058616327878807946
370,1,0.05838189705508674
370,2,0.058783848362953715
370,3,0.058804198284538436
370,4,0.05949536871938725
371,0,0.059239291892904805
371,1,0.059421480643649154
371,2,0.059819061718925946
371,3,0.05832116666246584
371,4,0.05789613579501647
372,0,0.0597065584198768
372,1,0.060321369423013506
372,2,0.06133107884877604
372,3,0.06059829011255382
372,4,0.06063992485421912
373,0,0.057495508182521166
373,1,0.0580573936270065
373,2,0.05739008231466422
373,3,0.06015166888288518
373,4,0.06063782901466257
374,0,0.0589531064348349
374,1,0.059366869520024894
374,2,0.05924548072402797
374,3,0.05867849796473779
374,4,0.0600866302636779
375,0,0.06253059497114279
375,1,0.06250763859926313
375,2,0.062152840613174005
375,3,0.06281561339745864
375,4,0.0626514419702207
376,0,0.06148165790974601
376,1,0.06074639456612721
376,2,0.060900159517542324
376,3,0.06051061371509061
376,4,0.06136535841448402
377,0,0.06057165670223182
377,1,0.06019003544105645
377,2,0.059942446018324456
377,3,0.059430977270669184
377,4,0.0598079418534993
378,0,0.06126123293250417
378,1,0.0614521993337131
378,2,0.06099955711044188
378,3,0.06118027154709557
378,4,0.062191903525326386
379,0,0.06255920231556997
379,1,0.06209365496686962
379,2,0.06215726799753113
379,3,0.06275447566111411
379,4,0.06298379877463678
380,0,0.06136482183815906
380,1,0.06277366706875623
380,2,0.06160441550887947
380,3,0.06133416879935574
380,4,0.06257225732700311
381,0,0.061743491906650454
381,1,0.06223188072836578
381,2,0.06184165734775369
381,3,0.0630182219982722
381,4,0.06258273327336329
382,0,0.06292110150029255
382,1,0.06367641989351919
382,2,0.06312736291415985
382,3,0.0630375539955974
382,4,0.06495033580143493
383,0,0.06347977930185751
383,1,0.06405055944802251
383,2,0.06378759038405397
383,3,0.06445771152088765
383,4,0.06510872720670308
384,0,0.06420385711047119
384,1,0.06367519021463562
384,2,0.0634983167156024
384,3,0.0642356249750878
384,4,0.06410561317727773
385,0,0.06479774868931948
385,1,0.06544932966472725
385,2,0.06470228005142502
385,3,0.06498106490521023
385,4,0.06576383872335569
386,0,0.06472832495424927
386,1,0.06412186342127185
386,2,0.06449942237331953
386,3,0.06550091746903829
386,4,0.06553261650424347
387,0,0.0648985218171742
387,1,0.06518490080358318
387,2,0.06556178726068082
387,3,0.0658200044391536
387,4,0.06542021619744086
388,0,0.06515617036304279
388,1,0.06516100165652206
388,2,0.06465238747476545
388,3,0.06521112398511657
388,4,0.06470105481462621
389,0,0.06522677253274382
389,1,0.06423623427337245
389,2,0.0653399184686082
389,3,0.06572121532023481
389,4,0.06559352783166494
390,0,0.06510215379181464
390,1,0.06577277399912614
390,2,0.06502130286318637
390,3,0.06571323990106308
390,4,0.06652781707470595
391,0,0.0659801745557843
391,1,0.06679762017111537
391,2,0.06606524702166033
391,3,0.06635928677195975
391,4,0.06596763184949285
392,0,0.06555875400392097
392,1,0.0658965609711902
392,2,0.0659072360328409
392,3,0.0664223509991156
392,4,0.06668965627022314
393,0,0.06547213308235901
393,1,0.06675641521256946
393,2,0.06614610234657838
393,3,0.06613629390354775
393,4,0.06704561615906139
394,0,0.06625139133412158
394,1,0.06629135292117337
394,2,0.06646319413385478
394,3,0.06588808167309894
394,4,0.0665544853347835
395,0,0.06551539413067492
395,1,0.06619002366266341
395,2,0.06531315866495514
395,3,0.06530032241473262
395,4,0.06764640460065861
396,0,0.06646142448983995
396,1,0.06643234655922928
396,2,0.06582196871057996
396,3,0.06623492580931309
396,4,0.06656252720204307
397,0,0.06747462012759209
397,1,0.06741048119076745
397,2,0.0673056911821126
397,3,0.06810322490202138
397,4,0.06869329363215033
398,0,0.06659798369115717
398,1,0.06628740358753371
398,2,0.06652443362598964
398,3,0.06644244108165731
398,4,0.06706525090504974
399,0,0.06703805980705288
399,1,0.0675674716908249
399,2,0.06721445003477483
399,3,0.06690377248006162
399,4,0.06746495465556836
400,0,0.06705106018542684
400,1,0.06704448846494174
400,2,0.06723893581175158
400,3,0.06774136803158759
400,4,0.06882763687445193
401,0,0.06726040802368317
401,1,0.06702310120215096
401,2,0.06804781745461862
401,3,0.06718860919306693
401,4,0.06769260204997554
402,0,0.06506029744966849
402,1,0.06597794316395995
402,2,0.06626845741043003
402,3,0.06564463918807277
402,4,0.06704480357816972
403,0,0.06749187327518907
403,1,0.06761458366000227
403,2,0.06784083591932881
403,3,0.06819639982152545
403,4,0.06757203224612598
404,0,0.06656096496215688
404,1,0.0675999076541018
404,2,0.06633092983287073
404,3,0.0662899967115753
404,4,0.06743594811887159
405,0,0.06728878937133943
405,1,0.06740455746507605
405,2,0.06736357749581776
405,3,0.06721348875854063
405,4,0.06881848695899266
406,0,0.06756682140629691
406,1,0.06803850235773036
406,2,0.0674390167291284
406,3,0.06724058767183635
406,4,0.06727577333118313
407,0,0.06775175559420556
407,1,0.06742388318852943
407,2,0.06721259741079062
407,3,0.06678885680859276
407,4,0.06779449270552966
408,0,0.06081348813023754
408,1,0.06116414123938163
408,2,0.06127755860034455
408,3,0.060730071004842394
408,4,0.0616656720824317
409,0,0.05895398404417938
409,1,0.059479833193043036
409,2,0.0591571999283112
409,3,0.06048137673953862
409,4,0.060708658417590655
410,0,0.060449545632462055
410,1,0.061508215438275116
410,2,0.06064515195116133
410,3,0.061306518060105085
410,4,0.0614945449004798
411,0,0.06220076072115871
411,1,0.06185054627930289
411,2,0.06198029755114934
411,3,0.062012763876302494
411,4,0.06254396225653334
412,0,0.062159813266126816
412,1,0.06241453631012965
412,2,0.06306839213651781
412,3,0.06311743357316084
412,4,0.06336649089872773
413,0,0.06172271178979412
413,1,0.06213972327517435
413,2,0.06154788755712266
413,3,0.06207359767332211
413,4,0.06318706210206262
414,0,0.06296215524478849
414,1,0.061718021177587234
414,2,0.06274520388599784
414,3,0.0623494974619487
414,4,0.06212713069847082
415,0,0.061773332593535644
415,1,0.06172867714285431
415,2,0.06167899595446094
415,3,0.0625276320550193
415,4,0.06244303260244532
416,0,0.06331027256483654
416,1,0.06266821963160274
416,2,0.06276396431985881
416,3,0.0635212017393629
416,4,0.06179209884332155
417,0,0.06176723228353846
417,1,0.06153470720563632
417,2,0.061793301732314135
417,3,0.06221851458784206
417,4,0.06349707769460333
418,0,0.06365187421709424
418,1,0.06381715822620561
418,2,0.06477265416359432
418,3,0.06399255942611434
418,4,0.06496820694830685
419,0,0.06596846467163536
419,1,0.0657411689804096
419,2,0.0660564708366258
419,3,0.06514909380194966
419,4,0.06536132546890835
420,0,0.06370787662904526
420,1,0.06414257777696059
420,2,0.0634323993879779
420,3,0.06337836509420669
420,4,0.0641377466666598
421,0,0.06423134422531228
421,1,0.064097480178595
421,2,0.06390280317143966
421,3,0.06387581677568502
421,4,0.06439407875271697
422,0,0.06471173582958585
422,1,0.06485342994314423
422,2,0.06472747312731257
422,3,0.06494560548523608
422,4,0.06562194421225527
423,0,0.06595490280462778
423,1,0.06576715668567243
423,2,0.06568263897661121
423,3,0.06592135206133251
423,4,0.06716050568176503
424,0,0.06511089105136701
424,1,0.06527851274176669
424,2,0.06517046077769498
424,3,0.06520413086193956
424,4,0.06515709985776547
425,0,0.06414169000119596
425,1,0.06456850828099804
425,2,0.06429495986627094
425,3,0.06467903045617665
425,4,0.0664438902086714
426,0,0.06400208783464566
426,1,0.06405928200748086
426,2,0.06373919533939079
426,3,0.063694311235847
426,4,0.06323704214657061
427,0,0.06343993879595307
427,1,0.06361736210597532
427,2,0.06327442105076903
427,3,0.06375742927175766
427,4,0.06424128428226775
428,0,0.06518155696726942
428,1,0.06567052298519516
428,2,0.06558039817489508
428,3,0.06432407782143626
428,4,0.06495076801167259
429,0,0.06480495631480125
429,1,0.06509002964894466
429,2,0.06465260847991547
429,3,0.06418407257006822
429,4,0.06452887769792984
430,0,0.0646981453866948
430,1,0.06497318579226131
430,2,0.06451378491460062
430,3,0.06375646350764441
430,4,0.06374515675410793
431,0,0.06341795116484099
431,1,0.06379821452201495
431,2,0.06410416432503178
431,3,0.06344524131674158
431,4,0.062419793311001295
432,0,0.06529949934685797
432,1,0.06465665705063765
432,2,0.06514842455842211
432,3,0.0665768392317865
432,4,0.06600465117382401
433,0,0.060749748339887735
433,1,0.0605195129962386
433,2,0.06070443770464747
433,3,0.06141190509406888
433,4,0.06173770158087657
434,0,0.06128885770616847
434,1,0.06118135715589956
434,2,0.06121213136743963
434,3,0.061034178945626266
434,4,0.06143675013035005
435,0,0.06108919205499595
435,1,0.06124189136408961
435,2,0.06142589243949546
435,3,0.061706997160436414
435,4,0.06163776677052673
436,0,0.05937288456031828
436,1,0.05895227549027431
436,2,0.05893711744951894
436,3,0.058942800478345714
436,4,0.058609654814684706
437,0,0.06110333125559802
437,1,0.06067415225978082
437,2,0.061791006960645774
437,3,0.06148575575554939
437,4,0.06139021467046295
438,0,0.06567284637854176
438,1,0.06539807208589007
438,2,0.06552670949361204
438,3,0.06562755342004972
438,4,0.06566672234689797
439,0,0.061667972670025106
439,1,0.06116009353875845
439,2,0.06177065122313596
439,3,0.06132357625972743
439,4,0.06195638420773596
440,0,0.06333562848662423
440,1,0.06327025932138
440,2,0.06337766938135125
440,3,0.06318538780258208
440,4,0.06348403257482203
441,0,0.0640597375272132
441,1,0.06442971613083723
441,2,0.06460606688354072
441,3,0.06433275692173858
441,4,0.06425691300079606
442,0,0.06317626431065602
442,1,0.0634059715957918
442,2,0.0634582251174398
442,3,0.06393074118074973
442,4,0.06451711620317074
443,0,0.06520649798921045
443,1,0.06490240410739503
443,2,0.06432373642205906
443,3,0.06508701122966283
443,4,0.06576298474406864
444,0,0.06592846415910127
444,1,0.06522205595495052
444,2,0.06583637828300284
444,3,0.06497120352352383
444,4,0.06489888634286733
445,0,0.06551344318550183
445,1,0.06529686738892346
445,2,0.06547293210802395
445,3,0.06546640751026998
445,4,0.06524179886798478
446,0,0.06606898057074408
446,1,0.0648000044897112
446,2,0.06566432458298263
446,3,0.06532608728305794
446,4,0.06430552108233448
447,0,0.06490734581185997
447,1,0.06505892434183158
447,2,0.06493329779726843
447,3,0.06542641835481745
447,4,0.0648218400824687
448,0,0.0672266849549878
448,1,0.06649167943544614
448,2,0.06726946250301884
448,3,0.06669344426918725
448,4,0.06442666015991365
449,0,0.0676951847328288
449,1,0.06770504973229538
449,2,0.06781060327573415
449,3,0.06828634923818168
449,4,0.06800310247084686
450,0,0.0650072942232313
450,1,0.06459933758354418
450,2,0.06454205108862414
450,3,0.06475599369081132
450,4,0.06546730998612825
451,0,0.064873787878799
451,1,0.06473904636012143
451,2,0.06465174726506827
451,3,0.06515512647319685
451,4,0.06450965157791635
452,0,0.05920713033138077
452,1,0.05836244992992316
452,2,0.05828039647865994
452,3,0.05929002658802794
452,4,0.059081950193407486
453,0,0.058878390849137714
453,1,0.05924441205925735
453,2,0.05839764396969743
453,3,0.058957981004291504
453,4,0.059679063153581756
454,0,0.06135645592770804
454,1,0.06120895060599937
454,2,0.061417978247817875
454,3,0.06132394280038693
454,4,0.0607818674039441
455,0,0.06173151604697064
455,1,0.06266468373237978
455,2,0.06154135668549656
455,3,0.06254244672722599
455,4,0.061527099014044045
456,0,0.06177564632420365
456,1,0.06232853297569039
456,2,0.06198534659835615
456,3,0.061956624767216605
456,4,0.061238783919940254
457,0,0.06205911881354125
457,1,0.06235914635629653
457,2,0.061809839017394126
457,3,0.06220430958027741
457,4,0.06147794240376822
458,0,0.0609586936886572
458,1,0.06036291248371921
458,2,0.060516857454041235
458,3,0.06095167345502655
458,4,0.06005192238028031
459,0,0.06022706644303236
459,1,0.06110659298204171
459,2,0.061582101728020436
459,3,0.060752180907763666
459,4,0.06060862954495774
460,0,0.06253495984575475
460,1,0.06169691967363126
460,2,0.06176328386579239
460,3,0.0616113708972359
460,4,0.060036006391692646
461,0,0.06351186685917048
461,1,0.062712978028736
461,2,0.06317299136451468
461,3,0.06240913624666182
461,4,0.06251272817476612
462,0,0.06317221326702081
462,1,0.06298911191979237
462,2,0.06363078791697356
462,3,0.06289458440847051
462,4,0.06157162706391163
463,0,0.06291638538044614
463,1,0.06278137023852523
463,2,0.06331538238159043
463,3,0.06283308677169597
463,4,0.062097473648272894
464,0,0.06010015503699055
464,1,0.060092647685294986
464,2,0.060373672540305366
464,3,0.060823123789921184
464,4,0.059445485255870026
465,0,0.05791893188549852
465,1,0.05838889553624191
465,2,0.05902140581879728
465,3,0.05941626568229845
465,4,0.05995040481402549
466,0,0.06297503564108757
466,1,0.06293086185890384
466,2,0.0639859753868589
466,3,0.06392839369939882
466,4,0.0628057173949903
467,0,0.05795542768499009
467,1,0.0571134409269078
467,2,0.05779150162567461
467,3,0.05761678418620879
467,4,0.05834026941159785
468,0,0.06180782144095432
468,1,0.061590911755327195
468,2,0.061910189872457964
468,3,0.062860855111698
468,4,0.06316173434400628
469,0,0.05554002558054498
469,1,0.05624567959202731
469,2,0.056222832715239576
469,3,0.05817615174732006
469,4,0.0602368073389025
470,0,0.05871138935615752
470,1,0.058266522108721526
470,2,0.05812121447394897
470,3,0.059116223760011834
470,4,0.05845545985117682
471,0,0.05851830041709076
471,1,0.059427116229182085
471,2,0.058944295674812915
471,3,0.059252049284679774
471,4,0.06044604609421902
472,0,0.0580748893032555
472,1,0.057693934583721365
472,2,0.05801444389095979
472,3,0.05911444243835239
472,4,0.059461275354868635
473,0,0.061865446267007865
473,1,0.06237733050984064
473,2,0.06235777159985101
473,3,0.06158739339546858
473,4,0.06034227437618123
474,0,0.059315201529220186
474,1,0.06070132220063318
474,2,0.05938417551468836
474,3,0.05937640965199548
474,4,0.059132284688777945
475,0,0.05536308641193309
475,1,0.054678965794081436
475,2,0.05488176879333282
475,3,0.05559315579564356
475,4,0.056945932944711175
476,0,0.05743780362792091
476,1,0.058361986854067946
476,2,0.05738158836227379
476,3,0.05813240692395117
476,4,0.05860628322679165
477,0,0.06227998515995765
477,1,0.06322665636994551
477,2,0.06326417728346227
477,3,0.06336621745866315
477,4,0.06243980393976451
478,0,0.06099081696582455
478,1,0.05970538282451683
478,2,0.06056850502041653
478,3,0.060900024835373635
478,4,0.060274079724663386
479,0,0.063235092025702
479,1,0.06338266251324748
479,2,0.06300142134795818
479,3,0.06313845461585514
479,4,0.062060561254531285
480,0,0.06013009148056213
480,1,0.060843181358236666
480,2,0.06103795586227652
480,3,0.06105829566323608
480,4,0.061629269933071024
481,0,0.057503865483571365
481,1,0.057426434593613
481,2,0.05800258187686707
481,3,0.060155808722414966
481,4,0.06086033719212795
482,0,0.06049798541853286
482,1,0.060269430923003985
482,2,0.06058055209083153
482,3,0.0599727946140616
482,4,0.06112107367361017
483,0,0.05867758115514277
483,1,0.058311109416911346
483,2,0.0583279841630255
483,3,0.05906020614422534
483,4,0.05922888582923409
484,0,0.06110915803394111
484,1,0.060336317953084626
484,2,0.060378770175672836
484,3,0.06170456697388431
484,4,0.06094671132613213
485,0,0.060122436212033725
485,1,0.06049959606340105
485,2,0.060273291369160056
485,3,0.05938416246320316
485,4,0.06226907874355804
486,0,0.057387770369989
486,1,0.05763248988560279
486,2,0.057206686919763154
486,3,0.05879921014426285
486,4,0.05846555112218233
487,0,0.0611092700935356
487,1,0.06087820527075588
487,2,0.061081585649396426
487,3,0.06143758373100225
487,4,0.06098935648172852
488,0,0.06129274457585778
488,1,0.06101218146865697
488,2,0.06135003890166916
488,3,0.06084960690208709
488,4,0.06119046173462056
489,0,0.05725892070390187
489,1,0.05815132997473905
489,2,0.05792643323809033
489,3,0.05917702545495738
489,4,0.06011257675372398
490,0,0.05481202215993825
490,1,0.0552879342197085
490,2,0.05524323535566587
490,3,0.05647061090366331
490,4,0.05715221629423257
491,0,0.05886933907168842
491,1,0.05824996384967577
491,2,0.059230556510934625
491,3,0.06016528524556813
491,4,0.06015189556657627
492,0,0.06031490284712538
492,1,0.060883876255580414
492,2,0.06070224794019172
492,3,0.061734280672107775
492,4,0.059688320686551125
493,0,0.06306733089048616
493,1,0.0625375910709743
493,2,0.06196563830610364
493,3,0.06270388334166688
493,4,0.061472559879664844
494,0,0.05708596301679858
494,1,0.05662033854984871
494,2,0.056355939501044665
494,3,0.05894146734926877
494,4,0.05950153222604957
495,0,0.05983131912432951
495,1,0.0592628351694683
495,2,0.05998290740856894
495,3,0.06136158703899065
495,4,0.060786339529708515
496,0,0.05999255923377651
496,1,0.0601616986058342
496,2,0.060270746146359
496,3,0.0622311281385114
496,4,0.0621385632042125
497,0,0.06159156245200725
497,1,0.06095952541172737
497,2,0.06087277479961726
497,3,0.06105350109709426
497,4,0.06180313646149378
498,0,0.06192412285959309
498,1,0.06242940570698507
498,2,0.06176988718461029
498,3,0.06203798085701577
498,4,0.06297038986187747
499,0,0.05994807308604599
499,1,0.059757140527109356
499,2,0.06056779776730035
499,3,0.061044505418134075
499,4,0.06119153635270039
500,0,0.06197188003008838
500,1,0.06121717455292679
500,2,0.06193592392095996
500,3,0.061397073981570315
500,4,0.062071892966171015
501,0,0.05728780148839345
501,1,0.05673412845057461
501,2,0.05703365385460827
501,3,0.05752803413235412
501,4,0.05797130337425515
502,0,0.060117985609771385
502,1,0.05924736535849705
502,2,0.05924794214255542
502,3,0.060091584012144934
502,4,0.06102153370503488
503,0,0.06316888994672584
503,1,0.06249648058686381
503,2,0.06244646555521635
503,3,0.0627947955457818
503,4,0.06149646172861234
504,0,0.06204329427693942
504,1,0.062078463770762295
504,2,0.06222674654883935
504,3,0.06262304802902634
504,4,0.06060966583288587
505,0,0.057592011734503484
505,1,0.0576334280813156
505,2,0.058093937510917466
505,3,0.05939429352979005
505,4,0.0573609470491078
506,0,0.06001354295380262
506,1,0.0593527555064995
506,2,0.059803307431370974
506,3,0.05983650115930182
506,4,0.05960434074447652
507,0,0.057704201889495994
507,1,0.05761052693782597
507,2,0.05753325509280871
507,3,0.05834634389339241
507,4,0.0604893173089548
508,0,0.06085211613026572
508,1,0.06105970494887413
508,2,0.06077152586498469
508,3,0.062166957786532535
508,4,0.06193254244141518
509,0,0.05991502351978384
509,1,0.059250195927980594
509,2,0.06025536623035445
509,3,0.05976070188817722
509,4,0.060976016169407246
510,0,0.058546466804495226
510,1,0.05866797997885678
510,2,0.05862605187643904
510,3,0.06062386415442648
510,4,0.061122441286084864
511,0,0.061412460125651956
511,1,0.06128454810574152
511,2,0.06071348320822476
511,3,0.06090289094153307
511,4,0.06092730720217783
512,0,0.061022041980244406
512,1,0.059762140390824524
512,2,0.060201509070425076
512,3,0.06027663245779269
512,4,0.06053820185300685
513,0,0.06037293144491692
513,1,0.060218879177647656
513,2,0.06062692062909154
513,3,0.06011146989618606
513,4,0.06090860959862472
514,0,0.06173685140254833
514,1,0.06252912725148672
514,2,0.06194905183753202
514,3,0.06146808225853836
514,4,0.06246790131457863
515,0,0.05915949850093857
515,1,0.05847030117589024
515,2,0.05891095604501566
515,3,0.05894508751071244
515,4,0.05982218052015735
516,0,0.06078882709700102
516,1,0.05978187689260293
516,2,0.06018278330314078
516,3,0.059678234590345304
516,4,0.06128390134740429
517,0,0.06208336110017756
517,1,0.06141001217076193
517,2,0.06207484846355538
517,3,0.06214883316607907
517,4,0.06357657223045492
518,0,0.058080018811724
518,1,0.058874967375866394
518,2,0.05936853644656121
518,3,0.05861535002489763
518,4,0.05962959738338703
519,0,0.05608545305634465
519,1,0.05586915738585475
519,2,0.05618265919038525
519,3,0.05544967582675179
519,4,0.055979825371310646
520,0,0.04813919406263489
520,1,0.04846939096073019
520,2,0.047961725278490415
520,3,0.04817182245517839
520,4,0.04857284889358586
521,0,0.04780968843531073
521,1,0.04798287340143583
521,2,0.04764470122155314
521,3,0.04788730726665676
521,4,0.04825439906492382
522,0,0.049798939305336326
522,1,0.04989640069895165
522,2,0.050194943761195994
522,3,0.04982490791421557
522,4,0.04886837926088412
523,0,0.04762016300966188
523,1,0.048141488422151185
523,2,0.04750617051324935
523,3,0.04688999666028529
523,4,0.046960611057167145
524,0,0.04720813577200915
524,1,0.047323809024952784
524,2,0.04737625987589876
524,3,0.04651630635164229
524,4,0.04696575957042983
525,0,0.05167722150200427
525,1,0.05214102704985815
525,2,0.051481933914312945
525,3,0.05129863473404505
525,4,0.050164501332149065
526,0,0.04820300107958243
526,1,0.0485351976483955
526,2,0.04825106608195038
526,3,0.04868797100749486
526,4,0.04886405225847672
527,0,0.054072991974499864
527,1,0.053276767799405086
527,2,0.054373256733723806
527,3,0.05411752698515933
527,4,0.05398015891231996
528,0,0.055837195122800026
528,1,0.055551627709799864
528,2,0.055889795218624694
528,3,0.05601234010144602
528,4,0.058001514585937136
529,0,0.05753171465119255
529,1,0.05686779155021387
529,2,0.057020844852223175
529,3,0.058256088476650494
529,4,0.057577278347862706
530,0,0.055626211864751036
530,1,0.05663989049904644
530,2,0.055306077890751044
530,3,0.05663881033980974
530,4,0.05724873972110828
531,0,0.05782294022650564
531,1,0.057174876191321326
531,2,0.05774467427046511
531,3,0.05727612979701156
531,4,0.05955401201923649
532,0,0.05786345276941347
532,1,0.05728965457032426
532,2,0.05834229014787077
532,3,0.05867699118221517
532,4,0.05895851245161152
533,0,0.055630379959601184
533,1,0.05579204440260003
533,2,0.05606397122752935
533,3,0.0571253982397403
533,4,0.057341230925964194
534,0,0.0570701320231463
534,1,0.05679524960924313
534,2,0.05695194139057002
534,3,0.057538132501535846
534,4,0.05710392575304055
535,0,0.05489993746827349
535,1,0.05450737173531533
535,2,0.055389041511380084
535,3,0.055343397261858995
535,4,0.05607068317133984
536,0,0.053250080488738666
536,1,0.05405245292086557
536,2,0.05440616745050075
536,3,0.05353323342276378
536,4,0.054054093332279375
537,0,0.05667271136665121
537,1,0.056565321547930876
537,2,0.05732163418956463
537,3,0.05718253713839051
537,4,0.05680656639181562
538,0,0.05746439266319331
538,1,0.05632369637918656
538,2,0.05688922108149913
538,3,0.058612811900272864
538,4,0.05939229587403816
539,0,0.058238263673999986
539,1,0.058687308449991406
539,2,0.05874089780260259
539,3,0.05838431473968978
539,4,0.06025777214572368
540,0,0.060354211630941554
540,1,0.060487937286120674
540,2,0.06078458998956037
540,3,0.061045667275088956
540,4,0.061393851134814444
541,0,0.06087342316076844
541,1,0.0604083688376475
541,2,0.06110450103503314
541,3,0.06156117497658247
541,4,0.06183115951153415
542,0,0.06108839989853366
542,1,0.061754598812181274
542,2,0.06143684932163795
542,3,0.06068603359923069
542,4,0.06321140669402538
543,0,0.05990978181433715
543,1,0.05954229815094998
543,2,0.05941970165751861
543,3,0.05995147068532021
543,4,0.06066929495492052
544,0,0.0607070952618109
544,1,0.06089683555612182
544,2,0.0602165357720237
544,3,0.06095476363457987
544,4,0.061578314690744484
545,0,0.06199982335158188
545,1,0.061372588204593424
545,2,0.06120596699067829
545,3,0.06189586680619534
545,4,0.06236391143066106
546,0,0.06090971233464082
546,1,0.06109416728117019
546,2,0.06094757318210502
546,3,0.060965570401744926
546,4,0.06083682537651302
547,0,0.0615100434705132
547,1,0.06152071569289345
547,2,0.06116040796506609
547,3,0.06145754774077613
547,4,0.06127737134587741
548,0,0.06030243730487794
548,1,0.060252136010654406
548,2,0.060229418366467766
548,3,0.060794187410682106
548,4,0.06223262214431679
549,0,0.06192833413883145
549,1,0.06258566628555728
549,2,0.06198006779921447
549,3,0.061654053467089985
549,4,0.06253405196612334
550,0,0.06188939771159938
550,1,0.06177298711843135
550,2,0.06235321031183483
550,3,0.06184594519570534
550,4,0.0628149957187466
551,0,0.05735594365920206
551,1,0.05786148057550665
551,2,0.057248523936552186
551,3,0.057445921834920706
551,4,0.05788857147473249
552,0,0.05991843165183563
552,1,0.060505576849270076
552,2,0.06045032853839789
552,3,0.059883925173462825
552,4,0.061279083380178206
553,0,0.06066482869087582
553,1,0.06032105275276621
553,2,0.0613622069158474
553,3,0.06086126508403671
553,4,0.06230515181231192
554,0,0.061705358580810284
554,1,0.06153994762883185
554,2,0.06103392757859989
554,3,0.06171170361760447
554,4,0.06239421592611666
555,0,0.060993338421183964
555,1,0.0616220150016795
555,2,0.06140828974106745
555,3,0.06088488094517596
555,4,0.06140281741358667
556,0,0.06306447934703674
556,1,0.06309155756113485
556,2,0.06251792797807602
556,3,0.06351322178651743
556,4,0.06374661430734425
557,0,0.06213726126131615
557,1,0.06232267395788907
557,2,0.06227380677002268
557,3,0.061462980913801146
557,4,0.06118533657664733
558,0,0.06212122684767268
558,1,0.06253231021107176
558,2,0.06226278261548775
558,3,0.06250315662764139
558,4,0.06268679807738531
559,0,0.06347550697830417
559,1,0.06302499878735678
559,2,0.06403482512695025
559,3,0.06311487452036484
559,4,0.06289667351620837
560,0,0.061009133420213864
560,1,0.05989662939760866
560,2,0.06092875010111466
560,3,0.06046501292472567
560,4,0.06125600047758371
561,0,0.06161212600579804
561,1,0.061137725308018726
561,2,0.061486894898340416
561,3,0.06046496822911312
561,4,0.059793206314508296
562,0,0.05927155434011988
562,1,0.058813397795641764
562,2,0.058578429708675495
562,3,0.05825762708647925
562,4,0.05873494284493597
563,0,0.06072152928859539
563,1,0.060252397635690076
563,2,0.06118210594479501
563,3,0.060094512170102456
563,4,0.060896218930687675
564,0,0.057649572219024274
564,1,0.05783110019825807
564,2,0.057145367286929524
564,3,0.05665640149797727
564,4,0.05743363695270595
565,0,0.061700006968119246
565,1,0.062017638812116756
565,2,0.06186196628309536
565,3,0.0628602700388017
565,4,0.06190118759906328
566,0,0.05944813021949517
566,1,0.05944754152881861
566,2,0.05977654652864567
566,3,0.05915574123020809
566,4,0.058360042503329664
567,0,0.05956718179215055
567,1,0.06055778746129791
567,2,0.06009779803034508
567,3,0.0600829034006182
567,4,0.05880007172546758
568,0,0.059893690386310906
568,1,0.06059338678403502
568,2,0.0600964401721384
568,3,0.06073820327081034
568,4,0.05934216154723616
569,0,0.057478415820063515
569,1,0.05694040493089337
569,2,0.05666349056101949
569,3,0.056471553129308606
569,4,0.05759421010835987
570,0,0.05800398768210901
570,1,0.05882950451909286
570,2,0.05848354760910714
570,3,0.05811795892978785
570,4,0.05873389432982685
571,0,0.057293762216190265
571,1,0.05804178400486181
571,2,0.05739020774630663
571,3,0.05674726232045556
571,4,0.05686613845367267
572,0,0.05790791881327732
572,1,0.05828620901485601
572,2,0.057923544280383106
572,3,0.057264679477137544
572,4,0.056659451103439444
573,0,0.058350769354372785
573,1,0.05795739997048634
573,2,0.05866719835517229
573,3,0.05833212244553586
573,4,0.058012243502137247
574,0,0.05814993612190971
574,1,0.05783338594837353
574,2,0.058019755112738464
574,3,0.0576908231554342
574,4,0.05759801079245175
575,0,0.05839537722437612
575,1,0.05885019199330123
575,2,0.05868249185660612
575,3,0.058296130982910824
575,4,0.057461676488832936
576,0,0.05993783907300721
576,1,0.060106784092421164
576,2,0.059868746387715346
576,3,0.059704953545138814
576,4,0.059304727185674116
577,0,0.059619326230858596
577,1,0.06025538102203766
577,2,0.06054486726941754
577,3,0.060478047420139916
577,4,0.05909169086030419
578,0,0.05962545094942286
578,1,0.060018643245262064
578,2,0.0601955841540719
578,3,0.060566370667529824
578,4,0.06026130767858908
579,0,0.060523098216337425
579,1,0.060543091168352124
579,2,0.06126146428725307
579,3,0.060431079658425854
579,4,0.06045886562938171
580,0,0.06291208512213482
580,1,0.06270478755772335
580,2,0.0628725056459353
580,3,0.06116251255140738
580,4,0.06101993940886903
581,0,0.06156869249469812
581,1,0.06218527662224559
581,2,0.06143443841464818
581,3,0.06137292942079185
581,4,0.06092794209969155
582,0,0.06243323286040492
582,1,0.06230644290186773
582,2,0.06191485790788502
582,3,0.061674229414666326
582,4,0.06095041135350629
583,0,0.05952452944678861
583,1,0.059877285447870604
583,2,0.05995420751308343
583,3,0.059559746887646765
583,4,0.060312852206922826
584,0,0.05937213453496637
584,1,0.05850762952275654
584,2,0.058698532406737274
584,3,0.05796580512698249
584,4,0.05881285444170347
585,0,0.06298170989587247
585,1,0.06255011440611406
585,2,0.062995763689387
585,3,0.06310138157435834
585,4,0.061831248490607345
586,0,0.06165639023248464
586,1,0.06195429418410445
586,2,0.060476681502068697
586,3,0.06167445234319314
586,4,0.061455230941864114
587,0,0.06192843287217234
587,1,0.06077251851057809
587,2,0.060460766658347924
587,3,0.060244799473134096
587,4,0.06075763578746936
588,0,0.062067047384750024
588,1,0.062288895615008805
588,2,0.06269428857663678
588,3,0.062254461950185414
588,4,0.06173095661909791
589,0,0.062242298698654275
589,1,0.06257678298675429
589,2,0.062347367276378504
589,3,0.061351786610030004
589,4,0.06120837908832979
590,0,0.06300337055293315
590,1,0.06314285076823707
590,2,0.06287709734162245
590,3,0.06259109602398101
590,4,0.06167206511205553
591,0,0.06330759142341028
591,1,0.06360803785014996
591,2,0.06383684778843188
591,3,0.06308837171648463
591,4,0.06220631186129249
592,0,0.06197458503054554
592,1,0.06140551897944241
592,2,0.06200242224575387
592,3,0.06196740556879496
592,4,0.06081051321590653
593,0,0.0617726974212538
593,1,0.06187763470561569
593,2,0.06162510197560479
593,3,0.06136324201311391
593,4,0.06156276492225333
594,0,0.06142562921164571
594,1,0.06163901174483462
594,2,0.060929036959022
594,3,0.061737841575228755
594,4,0.06075985128853793
595,0,0.06110989358817269
595,1,0.06223531180355457
595,2,0.06126266474912713
595,3,0.06122669137540274
595,4,0.059740574849324615
596,0,0.06188873094098486
596,1,0.06151420432980347
596,2,0.06240084786661257
596,3,0.06031059860467634
596,4,0.06102569122131282
597,0,0.06136814099113767
597,1,0.061538251943233375
597,2,0.061637191680871534
597,3,0.05956170140480512
597,4,0.0596548999543667
598,0,0.05802000831155223
598,1,0.05881855436876918
598,2,0.05970910817635179
598,3,0.05868678945882563
598,4,0.05689595033570071
599,0,0.05959065797950045
599,1,0.060197849662936606
599,2,0.05952390531102589
599,3,0.059575225399608155
599,4,0.05876997000887761
600,0,0.06044567808812992
600,1,0.059822323033217106
600,2,0.06043767303979708
600,3,0.060369581197347
600,4,0.05912331557073511
601,0,0.06018733076116191
601,1,0.06079911510197351
601,2,0.06043336907211611
601,3,0.05967785014396395
601,4,0.05870955807249663
602,0,0.06105556007192938
602,1,0.06116219908678806
602,2,0.06160765433798041
602,3,0.060559253761319175
602,4,0.059006902321475534
603,0,0.05953441574078373
603,1,0.05958646630038742
603,2,0.059730838303949534
603,3,0.05925496164347097
603,4,0.058902199231132914
604,0,0.06198898681787177
604,1,0.0616639556060462
604,2,0.062219978140181924
604,3,0.060257432990286144
604,4,0.060157177891908734
605,0,0.06004953240146161
605,1,0.06116230322390203
605,2,0.06047644410242131
605,3,0.059939432499073915
605,4,0.05893262086939275
606,0,0.060313514718631715
606,1,0.06065756322670679
606,2,0.06037514039734558
606,3,0.05958906963664377
606,4,0.05961900814097632
607,0,0.05959471277829984
607,1,0.06003131747388893
607,2,0.06019088832127105
607,3,0.05939541156123101
607,4,0.058675309051843455
608,0,0.06325800241971805
608,1,0.06336086671607137
608,2,0.06302237585097525
608,3,0.06231199564481556
608,4,0.060939808418484724
609,0,0.06049923002648335
609,1,0.060814773312279045
609,2,0.060338022019110524
609,3,0.05903187466698126
609,4,0.06071204868971526
610,0,0.059174514257607363
610,1,0.05925295331755747
610,2,0.05941236626486528
610,3,0.05984583791707621
610,4,0.05982001878204909
611,0,0.05970122965873366
611,1,0.05990203330783011
611,2,0.059648804315427364
611,3,0.059549304875148264
611,4,0.059559809626365236
612,0,0.06090280612977616
612,1,0.062256985786868474
612,2,0.061650733764575305
612,3,0.06085697361830495
612,4,0.061213491744354045
613,0,0.06188365876746217
613,1,0.062135356889337946
613,2,0.061171222792095595
613,3,0.0604942374899179
613,4,0.059061274442638444
614,0,0.06225446946051386
614,1,0.061288408139745294
614,2,0.061969538227278395
614,3,0.06183368692020273
614,4,0.06169643370043328
615,0,0.06138767540097092
615,1,0.06191068418028841
615,2,0.0613569348485245
615,3,0.060339411613033946
615,4,0.059921036636700786
616,0,0.06166662841283976
616,1,0.06093403054886513
616,2,0.06053145565477168
616,3,0.06012693668470819
616,4,0.05997529550760745
617,0,0.06190303280430823
617,1,0.062087488804115465
617,2,0.06241601424200057
617,3,0.06006233998421162
617,4,0.05969379695237479
618,0,0.062106244566918684
618,1,0.06179931617727659
618,2,0.062399339160713184
618,3,0.061123056308705195
618,4,0.06164214368914067
619,0,0.06091386788174754
619,1,0.060976598769390655
619,2,0.061152298917003425
619,3,0.06024335259005947
619,4,0.060324970259099935
620,0,0.06146724435318572
620,1,0.06030222742783644
620,2,0.05948676673733472
620,3,0.06036480994070003
620,4,0.0600125016742537
621,0,0.060438909038346963
621,1,0.06046640119060332
621,2,0.061097071809070445
621,3,0.06054999975454061
621,4,0.059493901045525724
622,0,0.06180315995416733
622,1,0.06311449405812138
622,2,0.061979725209175544
622,3,0.06254510634515033
622,4,0.06105216696053439
623,0,0.06299702253948472
623,1,0.06335333500160323
623,2,0.0626971541332599
623,3,0.06251909533039299
623,4,0.06080055598594427
624,0,0.061864780000134977
624,1,0.06257552894509859
624,2,0.06263895476708761
624,3,0.061693120363379775
624,4,0.06022223762246604
625,0,0.06077412851432082
625,1,0.060196575883771586
625,2,0.060438227567638475
625,3,0.06041207816134285
625,4,0.059841085024097594
626,0,0.05607881218588523
626,1,0.05632128469368711
626,2,0.05572767566804563
626,3,0.05552130462170235
626,4,0.05545148416727545
627,0,0.054744023647056494
627,1,0.05509631240496698
627,2,0.05524789414056641
627,3,0.054937664274694334
627,4,0.05544011572829819
628,0,0.05343590932161444
628,1,0.053246717464451636
628,2,0.05415485743858117
628,3,0.05416847824334825
628,4,0.05537724521266042
629,0,0.05698015897643245
629,1,0.05714064475582731
629,2,0.057005883545434885
629,3,0.05586037199608856
629,4,0.05740807335202159
630,0,0.05835277896253718
630,1,0.05926069903058898
630,2,0.05890359322134634
630,3,0.05891871590860461
630,4,0.05797715987334884
631,0,0.056112370989045125
631,1,0.05794318140769498
631,2,0.056648232046724985
631,3,0.056021453701720014
631,4,0.05764163380195827
632,0,0.055477918874459096
632,1,0.055780888359372116
632,2,0.0550712726954797
632,3,0.055335670370443124
632,4,0.05559451589778984
633,0,0.05855502203017448
633,1,0.0582854564250018
633,2,0.05770495338027801
633,3,0.056552298134830134
633,4,0.05679074272531281
634,0,0.05833622368014595
634,1,0.057321351819536515
634,2,0.05811528122296291
634,3,0.05780112840118961
634,4,0.057279939365272495
635,0,0.05499198844882204
635,1,0.055132887704031935
635,2,0.05495075257886365
635,3,0.054478341660150524
635,4,0.05600970402198974
636,0,0.051706438144715934
636,1,0.05199587465906788
636,2,0.052766793011760536
636,3,0.05192027230508906
636,4,0.05334911392230247
637,0,0.05473718095941993
637,1,0.054115023160753555
637,2,0.054174831843748356
637,3,0.05490776703137308
637,4,0.05428009532365192
638,0,0.05628327624995326
638,1,0.05638983942881358
638,2,0.0564113627934083
638,3,0.05621739601602372
638,4,0.05722773988135298
639,0,0.06290793099466355
639,1,0.06212095020198024
639,2,0.06247488211898539
639,3,0.06287307771314103
639,4,0.0624404392036356
640,0,0.06450439182936367
640,1,0.06395500608996048
640,2,0.06385338076881157
640,3,0.06533592782816265
640,4,0.06353689342558327
641,0,0.0620809596726875
641,1,0.06250208274227659
641,2,0.06206614394720313
641,3,0.06279016945828648
641,4,0.06164692094489164
642,0,0.06297818013313733
642,1,0.06297667060293366
642,2,0.06313950216927613
642,3,0.06221453301474405
642,4,0.06224537463606052
643,0,0.06191118824238685
643,1,0.06212501393074332
643,2,0.06294313730741331
643,3,0.061219886697354814
643,4,0.06246107699061087
644,0,0.06073973464507877
644,1,0.06019777107925703
644,2,0.06056324888964387
644,3,0.06094408674114186
644,4,0.06249925359242824
645,0,0.06159450897363343
645,1,0.06154242988394094
645,2,0.06238029246427587
645,3,0.06317230705453579
645,4,0.06293705142274195
646,0,0.05934753317220453
646,1,0.060110163923357565
646,2,0.060126140315135024
646,3,0.06157410863210046
646,4,0.06214739498399464
647,0,0.062089056401979974
647,1,0.06258135924963248
647,2,0.06222191360675129
647,3,0.06103952776484132
647,4,0.06160801726085951
648,0,0.059662771740165904
648,1,0.060168111556145994
648,2,0.060081531529237765
648,3,0.0597618929163463
648,4,0.06024563921027402
649,0,0.06300076488114784
649,1,0.06328723325878219
649,2,0.06344381559081166
649,3,0.0629184298841606
649,4,0.06234156774587276
650,0,0.06307491169685653
650,1,0.06197051667651927
650,2,0.06219974069034373
650,3,0.06272652121151202
650,4,0.06227308142800589
651,0,0.0646801763765809
651,1,0.06352816056232083
651,2,0.06326544304855747
651,3,0.06276149181901779
651,4,0.06128066746412929
652,0,0.06380507419947982
652,1,0.06255683257800197
652,2,0.062110767845346235
652,3,0.06310191283849968
652,4,0.0631850531350236
653,0,0.06298084062116058
653,1,0.06276932037463431
653,2,0.06285636219514676
653,3,0.061602123347508045
653,4,0.061763051686739324
654,0,0.0616192343484026
654,1,0.06148930305764882
654,2,0.060921401382208216
654,3,0.061850615429277396
654,4,0.060003445866872215
655,0,0.06170738664423303
655,1,0.060489236298157056
655,2,0.06100736185282223
655,3,0.06025358779376015
655,4,0.06092709036434403
656,0,0.05837597864157887
656,1,0.05735030656244443
656,2,0.05847890178410249
656,3,0.05935538247281331
656,4,0.05960437912042276
657,0,0.059817848388745175
657,1,0.05946060084495229
657,2,0.05979953120164091
657,3,0.06059829798923964
657,4,0.06001231277117799
658,0,0.06363168448531764
658,1,0.06306360402742636
658,2,0.0630059065252078
658,3,0.06276547302575815
658,4,0.0636053837733824
659,0,0.06013233532854067
659,1,0.060009888721113444
659,2,0.060820262950150784
659,3,0.06119026353522375
659,4,0.06044179465304198
660,0,0.060914463533216175
660,1,0.060770241140890184
660,2,0.0610732610915462
660,3,0.06020197896968847
660,4,0.059939636148038426
661,0,0.05633585308207764
661,1,0.056774232092739525
661,2,0.05710434408748853
661,3,0.05787574186473927
661,4,0.057370076356958885
662,0,0.06077149600685004
662,1,0.06254703759860879
662,2,0.06260209228955267
662,3,0.062031779936095585
662,4,0.06189501030820044
663,0,0.061656674434300215
663,1,0.06206653201136414
663,2,0.062392172933626706
663,3,0.061561896105488234
663,4,0.062276144771873605
664,0,0.0613222715691503
664,1,0.06092739178496123
664,2,0.060887496050666574
664,3,0.06198044986427197
664,4,0.061237647753803824
665,0,0.06073158722107022
665,1,0.06145932709326431
665,2,0.06151985969864015
665,3,0.06173468050550306
665,4,0.06141074630535826
666,0,0.062159105326090446
666,1,0.06192378008637567
666,2,0.061778518337877245
666,3,0.06185196247993826
666,4,0.06138297741581992
667,0,0.06113422467070335
667,1,0.062126475926063934
667,2,0.062389208689457284
667,3,0.06157800328688618
667,4,0.061712034621587974
668,0,0.060808684267774714
668,1,0.05960588049917242
668,2,0.05992402080155795
668,3,0.0613068271742292
668,4,0.061406088665324654
669,0,0.05796582330747258
669,1,0.05705063727151028
669,2,0.05818373063031387
669,3,0.05917261583893806
669,4,0.060400200027520855
670,0,0.06226955207742278
670,1,0.062345446601492334
670,2,0.06251299607367361
670,3,0.06323045810731528
670,4,0.06258921555682823
671,0,0.06265762993124502
671,1,0.06206744964526357
671,2,0.06277270217474198
671,3,0.06273605296305537
671,4,0.06316184791482521
672,0,0.05683482015547922
672,1,0.05652964281720986
672,2,0.05713718043369697
672,3,0.057677696658497445
672,4,0.05878241966036916
673,0,0.05920193574866484
673,1,0.058096820423726235
673,2,0.05802514560511726
673,3,0.05942829754887793
673,4,0.05920098367716241
674,0,0.05958141862702112
674,1,0.059702997791523986
674,2,0.05944553407300422
674,3,0.060481266420142496
674,4,0.05976467640889354
675,0,0.05660786183369842
675,1,0.056791101755643864
675,2,0.057000333641757495
675,3,0.057714356448756526
675,4,0.05936496560599355
676,0,0.06182003818067755
676,1,0.060911696023013766
676,2,0.06156147026071187
676,3,0.062294367530337444
676,4,0.06313544668355626
677,0,0.06277947520866274
677,1,0.06337919800793869
677,2,0.06376354290800793
677,3,0.06395135327690656
677,4,0.06147292802313807
678,0,0.061375257576785726
678,1,0.06130844899300072
678,2,0.06244296798614466
678,3,0.06131004099943214
678,4,0.060630022990031035
679,0,0.05936186681703941
679,1,0.06044826562521983
679,2,0.05949340408160341
679,3,0.05925042677898814
679,4,0.05938843863351018
680,0,0.06265166686791904
680,1,0.0621993279428472
680,2,0.062205759806363975
680,3,0.06223435785447004
680,4,0.06134709906606689
681,0,0.06069996012931545
681,1,0.06156126551267475
681,2,0.059873348570385315
681,3,0.060596487679544585
681,4,0.05906590428529817
682,0,0.05872882124041027
682,1,0.058087859228163966
682,2,0.05882480960218568
682,3,0.058408695692632615
682,4,0.05851761248933176
683,0,0.060277860900219686
683,1,0.06020451347653326
683,2,0.060051961534736104
683,3,0.060940615229246015
683,4,0.06085006269658745
684,0,0.06267128778391245
684,1,0.061646176140133874
684,2,0.06255681792370281
684,3,0.06231357409602026
684,4,0.06156457898711244
685,0,0.05947740300649075
685,1,0.05931631731672163
685,2,0.05892473365078458
685,3,0.058581368262026555
685,4,0.058588937757109855
686,0,0.06226153764117956
686,1,0.06348904297131468
686,2,0.06281187068943798
686,3,0.062402934501437385
686,4,0.06128681425573167
687,0,0.06465924243537761
687,1,0.06566314784275545
687,2,0.06414021706094544
687,3,0.06428432547030051
687,4,0.06283357778230933
688,0,0.060265166476136514
688,1,0.059724184382004865
688,2,0.059795349047822396
688,3,0.05964757559823253
688,4,0.059246770577127295
689,0,0.05915811206684835
689,1,0.059237935271154486
689,2,0.059443900393409264
689,3,0.05959923115669614
689,4,0.058661593452078165
690,0,0.06195529498115179
690,1,0.06115824723444074
690,2,0.06304038021458598
690,3,0.06175730546124702
690,4,0.06231044773866592
691,0,0.06328433198230461
691,1,0.06388147928849287
691,2,0.06309083354716405
691,3,0.06306990152933739
691,4,0.062331652784404924
692,0,0.06156132761026799
692,1,0.06174536271112464
692,2,0.061795157699310384
692,3,0.062399738765135014
692,4,0.06220411683044805
693,0,0.06246473149806806
693,1,0.06198766266455316
693,2,0.062327318729615826
693,3,0.062246678502333605
693,4,0.06085888238657286
694,0,0.06321597837743517
694,1,0.061894829602373344
694,2,0.06303251484004259
694,3,0.06320575878972211
694,4,0.06259320065611704
695,0,0.061682248201404645
695,1,0.06072509083284207
695,2,0.060671116850671086
695,3,0.06191861211037159
695,4,0.06173572902061232
696,0,0.0618622384867033
696,1,0.06152065277099609
696,2,0.06171736393226735
696,3,0.06142809140868268
696,4,0.061589520833357864
697,0,0.06266231001067434
697,1,0.06260094394203
697,2,0.0632430755047381
697,3,0.06267387967149762
697,4,0.061993976927318985
698,0,0.05827370715742344
698,1,0.05913891841526652
698,2,0.05808389881221062
698,3,0.058882803029659245
698,4,0.059624437604631826
699,0,0.061619057077176596
699,1,0.06105589208339585
699,2,0.06230725621547446
699,3,0.062241937836536004
699,4,0.0619915179817045
700,0,0.06247025502400678
700,1,0.06239719670216726
700,2,0.06238489272356907
700,3,0.06264604309741482
700,4,0.06282661122004952
701,0,0.06286682426571712
701,1,0.06282994589742635
701,2,0.06250704748146821
701,3,0.06267405744646504
701,4,0.06111675972268801
702,0,0.05862126221032849
702,1,0.05906535516122964
702,2,0.05879087999946076
702,3,0.05879833294707045
702,4,0.05920545104027946
703,0,0.060786109274031865
703,1,0.060649804782752975
703,2,0.06041117444902755
703,3,0.06110868263931552
703,4,0.06222567009897222
704,0,0.06111139542486921
704,1,0.0625553453956046
704,2,0.06220220348271143
704,3,0.0627680026325717
704,4,0.06296338753396881
705,0,0.060835176951029496
705,1,0.06095404062809233
705,2,0.06069640948420386
705,3,0.06138303841434047
705,4,0.061375764340770654
706,0,0.06183164814082383
706,1,0.06120838018740216
706,2,0.061485673325116334
706,3,0.06199383734511878
706,4,0.061394639810880544
707,0,0.05843219454835164
707,1,0.05917065495631849
707,2,0.0578789118644284
707,3,0.05918118136842134
707,4,0.061103728432901586
708,0,0.06313162548344538
708,1,0.06318278881682082
708,2,0.06328145378634867
708,3,0.06446085363161391
708,4,0.06348759700413373
709,0,0.05740227006635179
709,1,0.057515451218329246
709,2,0.057573257208156876
709,3,0.05835860106982265
709,4,0.059674617497145546
710,0,0.06247817397833166
710,1,0.06221093158332688
710,2,0.06269683150970361
710,3,0.06285943950639353
710,4,0.0633097379118885
711,0,0.06092220063684659
711,1,0.06086182016141433
711,2,0.061259814945875984
711,3,0.0619903633603101
711,4,0.06048740615936332
712,0,0.06324081526226223
712,1,0.06336591315298108
712,2,0.0637212318246391
712,3,0.06288396521633571
712,4,0.06262250417134628
713,0,0.059551769590893054
713,1,0.05846148290554033
713,2,0.05852008796682734
713,3,0.06096919262394903
713,4,0.06177386701751013
714,0,0.06177114012719345
714,1,0.062281530730578454
714,2,0.06150682094432034
714,3,0.06288947486648475
714,4,0.06307609576423352
715,0,0.0645424803680018
715,1,0.06446297552834615
715,2,0.06399923835195709
715,3,0.06273522458299739
715,4,0.06254671547879422
716,0,0.06233535784919434
716,1,0.06248038480834237
716,2,0.06351610108154589
716,3,0.06334602122404139
716,4,0.062244374388549434
717,0,0.06251339416687099
717,1,0.06286376513496028
717,2,0.06310926838081438
717,3,0.06276643471414453
717,4,0.06250528214215381
718,0,0.06319709832785658
718,1,0.0624841445519858
718,2,0.06304932089412922
718,3,0.06302427289580394
718,4,0.0631455336498614
719,0,0.06299362668040852
719,1,0.06318621920508928
719,2,0.06333069928410831
719,3,0.06384345651102244
719,4,0.0633327373307722
720,0,0.060208871619326615
720,1,0.06089980442555458
720,2,0.0607788490762517
720,3,0.059746638477779085
720,4,0.06034538136238395
721,0,0.06361387978653385
721,1,0.06382195769237879
721,2,0.06382589301284487
721,3,0.06361156724652751
721,4,0.06242474229682114
722,0,0.06243548710377715
722,1,0.062401371254068104
722,2,0.06277629169954128
722,3,0.06310336072905727
722,4,0.06240579112809694
723,0,0.06209904303212985
723,1,0.06139182288821301
723,2,0.0621227281806277
723,3,0.06243664035133105
723,4,0.06248159232259801
724,0,0.06245707458093102
724,1,0.06246912215508772
724,2,0.0632702883094156
724,3,0.06319951248626887
724,4,0.06269150737382355
725,0,0.05620515569203771
725,1,0.05637457042753634
725,2,0.05590341936640387
725,3,0.056902346113005785
725,4,0.057305285624381676
726,0,0.058606949905816934
726,1,0.05902792322678593
726,2,0.058941548863808285
726,3,0.0596841013932428
726,4,0.05997170515850379
727,0,0.05856107801091646
727,1,0.059251184726820456
727,2,0.05853528131528489
727,3,0.05973645964733553
727,4,0.06030337920996038
728,0,0.05735662856451177
728,1,0.05827264600298141
728,2,0.058930854156237736
728,3,0.05915294074783262
728,4,0.059888045687635526
729,0,0.06332147270834616
729,1,0.06150772277905315
729,2,0.06203302623844945
729,3,0.0617245266789576
729,4,0.06134779244339351
730,0,0.06250182574250417
730,1,0.062337312870094364
730,2,0.06362443449975219
730,3,0.06201466875202234
730,4,0.06212038491238785
731,0,0.06019731491839912
731,1,0.06102899828449455
731,2,0.060787532984995736
731,3,0.061716551213991576
731,4,0.061256103653009084
732,0,0.0599295267881324
732,1,0.05981993795442984
732,2,0.06023110187068001
732,3,0.06018199462707459
732,4,0.0605876070368333
733,0,0.05860121041214346
733,1,0.05995056188979505
733,2,0.05975318835419933
733,3,0.0610385776625104
733,4,0.06056018540839204
734,0,0.061617691800230925
734,1,0.06075813641496651
734,2,0.06197860795624419
734,3,0.06215543030261434
734,4,0.062186553378065224
735,0,0.05886187934646521
735,1,0.058102021280313984
735,2,0.058409358662288254
735,3,0.06016745637158681
735,4,0.059985175298757264
736,0,0.0549241913867598
736,1,0.05495195336130063
736,2,0.054501095207370245
736,3,0.055036702104547974
736,4,0.05713361476792877
737,0,0.05900485168127317
737,1,0.058771211777557834
737,2,0.05962289130129602
737,3,0.06011730734469091
737,4,0.06026928291458189
738,0,0.057624972046924294
738,1,0.05672413261569285
738,2,0.05653790436157381
738,3,0.057217432551023524
738,4,0.057946640692409845
739,0,0.0574494288376973
739,1,0.057219612835979185
739,2,0.05772026226872588
739,3,0.058563504991840515
739,4,0.05951950709788322
740,0,0.06037700263821366
740,1,0.060638558386611585
740,2,0.060667915298443675
740,3,0.06164944427783329
740,4,0.06062043202595977
741,0,0.06193129893253708
741,1,0.06206504885889914
741,2,0.062147288740325414
741,3,0.06274583745546568
741,4,0.06137630490123302
742,0,0.05982064030751472
742,1,0.0608300532584861
742,2,0.05973887495061506
742,3,0.05942821539321309
742,4,0.05905832874531657
743,0,0.057326102514370064
743,1,0.056706607768229424
743,2,0.05722441578254843
743,3,0.05764445690690842
743,4,0.05705585511792619
744,0,0.055699291481118844
744,1,0.05639840601157474
744,2,0.05561225556812083
744,3,0.05760469608375584
744,4,0.05728484228163942
745,0,0.05815948655768483
745,1,0.05808854953724669
745,2,0.05766886107775637
745,3,0.059314496382659586
745,4,0.06016231147610417
746,0,0.05701904342669699
746,1,0.05782081832977337
746,2,0.057604093563084414
746,3,0.05880060175315268
746,4,0.060631239342660986
747,0,0.0596581175805284
747,1,0.05995645062834709
747,2,0.05997492892115369
747,3,0.06182229993437812
747,4,0.06219821687219817
748,0,0.060617506340915485
748,1,0.061064137095878566
748,2,0.06167045048304967
748,3,0.06206721627554844
748,4,0.061323903691725704
749,0,0.06176050394523059
749,1,0.061974862271568856
749,2,0.06156455270096337
749,3,0.06188471740319679
749,4,0.06094009220814793
750,0,0.06040202279337024
750,1,0.06145550621371602
750,2,0.060821170188656605
750,3,0.06054291353076893
750,4,0.06035028720961058
751,0,0.06185277180940752
751,1,0.06161954621020784
751,2,0.06166109733077814
751,3,0.06187356809178768
751,4,0.061204924886824906
752,0,0.0630274804929296
752,1,0.06298010740245819
752,2,0.06362852364456535
752,3,0.06318499758607064
752,4,0.06155547037845914
753,0,0.06303617685782817
753,1,0.06307720642273036
753,2,0.06282920970206943
753,3,0.0638109155405327
753,4,0.06232589501865205
754,0,0.06268247492173154
754,1,0.06379806729210243
754,2,0.06288032820244803
754,3,0.06351386419435945
754,4,0.06325641650397966
755,0,0.05770318749142726
755,1,0.0566692143471157
755,2,0.05646001795188298
755,3,0.058197010631034704
755,4,0.059665068664184494
756,0,0.05961330308490596
756,1,0.058924908128534646
756,2,0.05914686045011288
756,3,0.060687138533392075
756,4,0.061465685227338134
757,0,0.06078766904100522
757,1,0.060947346498413914
757,2,0.06179260949985474
757,3,0.06246656919298493
757,4,0.06127325041955274
758,0,0.060648002441333095
758,1,0.059803848312396254
758,2,0.06018989095882512
758,3,0.06073709316184969
758,4,0.061891468776231216
759,0,0.05783648949997482
759,1,0.05735369807102541
759,2,0.05806628416136978
759,3,0.060895191847491134
759,4,0.06207430460587571
760,0,0.05971594500226863
760,1,0.05968219610537091
760,2,0.05952578206880914
760,3,0.06205381033944346
760,4,0.06255894641486977
761,0,0.0588784051370793
761,1,0.05852167186759956
761,2,0.059180110826068846
761,3,0.05988996434755546
761,4,0.05968434639480807
762,0,0.060369715833721214
762,1,0.06041886035420042
762,2,0.06060602327784142
762,3,0.061140466211508995
762,4,0.060695271715253615
763,0,0.06018774708064379
763,1,0.059402750846432435
763,2,0.0594979882669622
763,3,0.05971805352695287
763,4,0.05974181391611827
764,0,0.05970116815647164
764,1,0.06047322968188744
764,2,0.06041253729885524
764,3,0.0600817354071757
764,4,0.060690754344340424
765,0,0.06116158530062424
765,1,0.06021185349444965
765,2,0.06149376437586753
765,3,0.06133328830494605
765,4,0.06102119230565764
766,0,0.059978823117992346
766,1,0.05949786842227139
766,2,0.06040884569770301
766,3,0.05994071818485712
766,4,0.059786907484551385
767,0,0.05901419269795322
767,1,0.059332985666190455
767,2,0.058940695754620305
767,3,0.0579832561992084
767,4,0.05907989240923424
768,0,0.05787248045885835
768,1,0.058183678103810026
768,2,0.05888575202419853
768,3,0.057659606796209885
768,4,0.058126353461917066
769,0,0.0599185964669071
769,1,0.05989721996586727
769,2,0.06036727813684079
769,3,0.05918000114779799
769,4,0.059581786129368784
770,0,0.0573887713502152
770,1,0.057115827013178355
770,2,0.05771435470855834
770,3,0.05853326318930896
770,4,0.05913184391493425
771,0,0.059147602278216
771,1,0.059147616154005614
771,2,0.05962994519402007
771,3,0.05944715515906086
771,4,0.060578464311139606
772,0,0.05763504440472487
772,1,0.05707449428746105
772,2,0.05705485047412552
772,3,0.05839184082141168
772,4,0.0593070294218763
773,0,0.061573095424693455
773,1,0.06081012423585165
773,2,0.06156435532587061
773,3,0.06097658269545621
773,4,0.060812707926188085
774,0,0.05625806549731721
774,1,0.05688768434925248
774,2,0.056155338676608435
774,3,0.05793208773682822
774,4,0.05860608383673305
775,0,0.061502047397938686
775,1,0.0615871026908079
775,2,0.06112725224672397
775,3,0.060900417295824606
775,4,0.06051551800529792
776,0,0.061557520011178465
776,1,0.06198427481954711
776,2,0.06107007520110111
776,3,0.06100630422457072
776,4,0.062058612095350935
777,0,0.06045485222897759
777,1,0.06055231829365047
777,2,0.05970063460259608
777,3,0.059919186577218855
777,4,0.06024041421988733
778,0,0.060524873264125104
778,1,0.06032589837998191
778,2,0.061022755782000365
778,3,0.06020993904764073
778,4,0.060867233734314075
779,0,0.06086317609624429
779,1,0.0622150669807718
779,2,0.06096542491203029
779,3,0.061474029522697926
779,4,0.06072436713943393
780,0,0.06190665076760686
780,1,0.06058699576937728
780,2,0.061352735979645884
780,3,0.061876728566182655
780,4,0.061508954564491805
781,0,0.06105922392150214
781,1,0.060049512114416226
781,2,0.06064522352825418
781,3,0.06038397767248994
781,4,0.061299791324611046
782,0,0.0581302104734717
782,1,0.059101031922779025
782,2,0.058759088046839866
782,3,0.05938252969950191
782,4,0.059969388588565424
783,0,0.06093903806029251
783,1,0.06203555199850942
783,2,0.062223319824145494
783,3,0.06262812565211649
783,4,0.062158897738783005
784,0,0.05505782623107842
784,1,0.05618393017607439
784,2,0.05500099850731319
784,3,0.056161107799443034
784,4,0.05582363980443258
785,0,0.05908086014251895
785,1,0.05911724988152013
785,2,0.05920503476659232
785,3,0.06059506071715806
785,4,0.059998190697787834
786,0,0.05611041500645677
786,1,0.05580947042513315
786,2,0.05567587294927742
786,3,0.0572924564265405
786,4,0.057613606355628365
787,0,0.059526674881989004
787,1,0.060480676309830554
787,2,0.05988394820818962
787,3,0.06099957103202618
787,4,0.061907576095013274
788,0,0.06256993086541261
788,1,0.06274610764410748
788,2,0.06281269265824005
788,3,0.06239782450150477
788,4,0.06316400850806639
789,0,0.06195508597420909
789,1,0.0627091807792453
789,2,0.062406893222987536
789,3,0.06237173000303636
789,4,0.06270130340649457
790,0,0.0619877034676177
790,1,0.062490972218965844
790,2,0.06204428957862448
790,3,0.06295673608493699
790,4,0.06329885567508264
791,0,0.062370524870104395
791,1,0.06263930999645963
791,2,0.06276516720885132
791,3,0.0629366748072521
791,4,0.06292310172054667
792,0,0.05819709764093641
792,1,0.05792434252753846
792,2,0.05852720592631593
792,3,0.05771153540456712
792,4,0.05895171780259971
793,0,0.06300918858449156
793,1,0.06297717851178569
793,2,0.06287281567595314
793,3,0.06269441794662209
793,4,0.06290150741998476
794,0,0.06204606865634448
794,1,0.061987801056091564
794,2,0.06242073274317057
794,3,0.0622540219548513
794,4,0.0625444629756201
795,0,0.06130467825863261
795,1,0.06179118020193931
795,2,0.061066650079221234
795,3,0.06009982719283999
795,4,0.05976094579066987
796,0,0.060260322863886856
796,1,0.05998506456720888
796,2,0.059999645320164254
796,3,0.06113602490556785
796,4,0.06120620910717816
797,0,0.06262439402640929
797,1,0.06258027125950484
797,2,0.06210315328829296
797,3,0.06120668844014664
797,4,0.061898281239375644
798,0,0.06024453903876009
798,1,0.06058041690492119
798,2,0.06073770671904031
798,3,0.061213819038968095
798,4,0.06200941820820142
799,0,0.06317813882449957
799,1,0.06304766349288757
799,2,0.06324953163943811
799,3,0.06300610307599609
799,4,0.06225405135503923
800,0,0.05961605520809402
800,1,0.05873262540489844
800,2,0.05916871175044735
800,3,0.05876790434801863
800,4,0.05817682222730413
801,0,0.058513290707518456
801,1,0.058392046073190124
801,2,0.05807555016635553
801,3,0.05901653766059652
801,4,0.05834314160845016
802,0,0.06102536204911659
802,1,0.06171708453889375
802,2,0.06066688945170359
802,3,0.060256720516575865
802,4,0.06006162320580102
803,0,0.060085896907591405
803,1,0.06076000511288521
803,2,0.06091885634258586
803,3,0.06020499051976758
803,4,0.05976450330498411
804,0,0.06173654407441692
804,1,0.06217786717958678
804,2,0.061796085408040255
804,3,0.06076028633804611
804,4,0.061893725996257976
805,0,0.058085372347791736
805,1,0.05873816505056636
805,2,0.059149115243021126
805,3,0.056961807855466465
805,4,0.05738408838572066
806,0,0.059759988223805266
806,1,0.059661330581427016
806,2,0.05908887714326454
806,3,0.05902079871865761
806,4,0.059857608662361526
807,0,0.05559716942502101
807,1,0.05553213927783034
807,2,0.054856870406243576
807,3,0.056025721949546366
807,4,0.05499322160810139
808,0,0.056383359938824186
808,1,0.05666130056759031
808,2,0.05678099761633181
808,3,0.059022880041298874
808,4,0.05911341824022102
809,0,0.06327030630672695
809,1,0.06310244533909755
809,2,0.06336618320423881
809,3,0.06337691028865163
809,4,0.06330996253481881
810,0,0.05951071795295279
810,1,0.05893706574731952
810,2,0.05976846610226135
810,3,0.060709734363716156
810,4,0.05993871407205462
811,0,0.05872114843251757
811,1,0.057819483094141116
811,2,0.05843830896311166
811,3,0.05863714925667542
811,4,0.058768003814074474
812,0,0.06136654623702502
812,1,0.060683225560732336
812,2,0.060240348367130235
812,3,0.06114414837895615
812,4,0.06029996347599099
813,0,0.0598355865478518
813,1,0.06009352511146074
813,2,0.059815242030039566
813,3,0.060145917986335236
813,4,0.06016717336043323
814,0,0.06044454553977361
814,1,0.06125317549505167
814,2,0.059642285213035516
814,3,0.06032825121931099
814,4,0.06046495256733067
