epoch,stft_mean_power,wavelet_mean_power
0,"[2.566364829402855e-07, 3.052209650494971e-07, 3.2281890018333214e-07, 3.3264891464157127e-07, 3.3976152502131706e-07]","[1.2472735831793965e-05, 1.4730180848900555e-05, 1.5659623983778778e-05, 1.6371426459214425e-05, 1.7086266558454304e-05]"
1,"[3.7282867782352387e-07, 4.3831556197930176e-07, 4.671024829491263e-07, 4.7495982473237847e-07, 4.851046773625636e-07]","[1.6066199474340462e-05, 1.8963626072883384e-05, 2.016831263336748e-05, 2.062443620672349e-05, 2.135516686064043e-05]"
2,"[2.8713933520643875e-07, 3.372198084741178e-07, 3.595697184347999e-07, 3.666627264801889e-07, 3.7894415147594596e-07]","[1.3842272641191833e-05, 1.6331431211366514e-05, 1.7368726296316424e-05, 1.7757182844478165e-05, 1.8740994880114028e-05]"
3,"[2.709336714161051e-07, 3.194371651360693e-07, 3.3963080230988243e-07, 3.424233330923414e-07, 3.4982675073480084e-07]","[1.220600788349602e-05, 1.455676823007389e-05, 1.5346919447391523e-05, 1.5144712289462141e-05, 1.561549035784796e-05]"
4,"[2.876881141943189e-07, 3.395741858300697e-07, 3.6113653520231524e-07, 3.663935165794915e-07, 3.674920326467426e-07]","[1.2319994210129365e-05, 1.4726283676844596e-05, 1.552411602868164e-05, 1.5311773631429717e-05, 1.5137875461426142e-05]"
5,"[3.5259908878425557e-07, 4.1748351346414223e-07, 4.4286846538982906e-07, 4.4385583507538623e-07, 4.435045647740099e-07]","[1.4697562387448876e-05, 1.7628761962241828e-05, 1.8530976195396373e-05, 1.8146461786226393e-05, 1.847536342067971e-05]"
6,"[2.957047640383357e-07, 3.5113785634580624e-07, 3.7140687484782223e-07, 3.7287635843648996e-07, 3.706115090851269e-07]","[1.3597465941796853e-05, 1.622820945906145e-05, 1.7121315100178013e-05, 1.7078011112908043e-05, 1.763001709813932e-05]"
7,"[3.249167800252629e-07, 3.8299767984643714e-07, 4.0712329863487465e-07, 4.0887458297662786e-07, 4.1479422174494497e-07]","[1.6982375864225768e-05, 2.0138648275183924e-05, 2.1280849655666827e-05, 2.0874163097218193e-05, 2.1417371678640493e-05]"
8,"[3.3380851613898525e-07, 3.9551318456708955e-07, 4.186471459436507e-07, 4.155902158227372e-07, 4.201715837199958e-07]","[1.681585932049554e-05, 2.0029228390216218e-05, 2.1070373538509796e-05, 2.0287365793878454e-05, 2.0889565555774964e-05]"
9,"[3.155234133392401e-07, 3.725934865003532e-07, 3.959920707352353e-07, 4.0288155278565994e-07, 4.0940794248166207e-07]","[1.623130276692215e-05, 1.9236989150544506e-05, 2.0297643387267022e-05, 1.9790213076423972e-05, 2.116743100669047e-05]"
10,"[3.508199548374445e-07, 4.1510839540527574e-07, 4.407112023758819e-07, 4.4442174537223745e-07, 4.435357757461749e-07]","[1.6874898888949058e-05, 2.002504989584511e-05, 2.112893811420884e-05, 2.057945126317494e-05, 2.151240823708246e-05]"
11,"[3.3610976516525703e-07, 3.9618174670696967e-07, 4.20985247358436e-07, 4.2428343155706926e-07, 4.3446551548182763e-07]","[1.4887877894046202e-05, 1.7746347352309892e-05, 1.868222767936117e-05, 1.8297569704965465e-05, 1.8957063540886113e-05]"
12,"[3.3093594959152005e-07, 3.906919944123518e-07, 4.1524365972968266e-07, 4.2560410170600837e-07, 4.309296084112211e-07]","[1.4200326334432958e-05, 1.6867311521198695e-05, 1.7835411012301916e-05, 1.8101450691585602e-05, 1.9175601557903823e-05]"
13,"[2.760384208324442e-07, 3.2681890407730426e-07, 3.468390389237366e-07, 3.544771932758547e-07, 3.5692556878468997e-07]","[1.3129225892547414e-05, 1.5604715526430537e-05, 1.649044700055963e-05, 1.648789866053089e-05, 1.7320263750072452e-05]"
14,"[3.029505033226408e-07, 3.5838777606154256e-07, 3.808833226225017e-07, 3.889488519618563e-07, 3.88710818784849e-07]","[1.5009277684985837e-05, 1.779296620826178e-05, 1.8867397230281248e-05, 1.9033229403301696e-05, 1.9558602021106216e-05]"
15,"[3.3918051890739053e-07, 4.0203775463084094e-07, 4.270888980076421e-07, 4.356864464047575e-07, 4.3209643413604015e-07]","[1.6209713559099517e-05, 1.930499376078928e-05, 2.0419987384327876e-05, 2.0451074500384416e-05, 2.086374028462563e-05]"
16,"[3.195623350580677e-07, 3.7823247331096797e-07, 4.0175144140464674e-07, 4.071501939406625e-07, 4.059857045049097e-07]","[1.4924393000092023e-05, 1.7681769992839094e-05, 1.875461214917764e-05, 1.894520514006429e-05, 1.961483536149533e-05]"
17,"[2.8055860171360104e-07, 3.322707255914221e-07, 3.5060477823312596e-07, 3.557553999669687e-07, 3.509338594682393e-07]","[1.3175099933330232e-05, 1.5635319605660742e-05, 1.6384182981033528e-05, 1.6424261950765438e-05, 1.6558769739551954e-05]"
18,"[2.218922122460534e-07, 2.639966645613092e-07, 2.790718064303523e-07, 2.7707291056292656e-07, 2.734139038797906e-07]","[1.1781574705630964e-05, 1.4080859156704643e-05, 1.4827857400742607e-05, 1.4554063066307966e-05, 1.4835911553883657e-05]"
19,"[2.2380459669581856e-07, 2.66034649429475e-07, 2.8093342664119076e-07, 2.759778035750914e-07, 2.740986922944085e-07]","[1.2164451562376468e-05, 1.453275960387339e-05, 1.5305387904018737e-05, 1.4953874410396287e-05, 1.4864830176530012e-05]"
20,"[2.1825226319239905e-07, 2.540719160034763e-07, 2.73012672599684e-07, 2.9755795230019537e-07, 3.286986289883668e-07]","[1.2148377697724011e-05, 1.4505298697818704e-05, 1.5280682800593202e-05, 1.4981605346025222e-05, 1.5347664076064345e-05]"
21,"[1.8689365098257077e-07, 2.2430854532748903e-07, 2.3618774775629693e-07, 2.3656685011121494e-07, 2.3538832463497497e-07]","[1.1273008056281913e-05, 1.3567834990508425e-05, 1.4236217031708993e-05, 1.3929520280899936e-05, 1.4062256091690971e-05]"
22,"[1.8490310767424766e-07, 2.2147312786637992e-07, 2.335863057661001e-07, 2.3712571364767773e-07, 2.3769686805956726e-07]","[1.1541244799401851e-05, 1.3910785848376038e-05, 1.4599666759777263e-05, 1.4438129434773058e-05, 1.4471194723973581e-05]"
23,"[2.428290118981918e-07, 2.892571603194508e-07, 3.0609971313084635e-07, 3.140570007984159e-07, 3.172294605140948e-07]","[1.2450404564585828e-05, 1.4962563559489069e-05, 1.5683942862534842e-05, 1.520938385635998e-05, 1.5757911922724388e-05]"
24,"[3.294691584280677e-07, 3.910291822993292e-07, 4.156012331936406e-07, 4.31648160525908e-07, 4.259677979219434e-07]","[1.5770590565936414e-05, 1.8749353322474444e-05, 1.9857571591121e-05, 2.005967640586207e-05, 2.0249558865689182e-05]"
25,"[3.0403537729615186e-07, 3.6164194714765227e-07, 3.832391004449206e-07, 3.8907161796479924e-07, 3.8774632644155e-07]","[1.4812976785088784e-05, 1.762997483496252e-05, 1.864728686576587e-05, 1.8735817643338306e-05, 1.9280228074175558e-05]"
26,"[3.2983647126963854e-07, 3.925120603425164e-07, 4.153604445364759e-07, 4.163761651110287e-07, 4.111682690297075e-07]","[1.5673487819937284e-05, 1.872987423743158e-05, 1.975322120356335e-05, 1.9579859879301287e-05, 2.0164952938047277e-05]"
27,"[2.6083928455028146e-07, 3.114422520939271e-07, 3.3014718445820086e-07, 3.4131570602415063e-07, 3.319922826189542e-07]","[1.3549870029661866e-05, 1.6128913941346657e-05, 1.704195475734725e-05, 1.7090526023852e-05, 1.8020516248378837e-05]"
28,"[2.4759810388793587e-07, 2.943296137670556e-07, 3.127785132244546e-07, 3.252121816373145e-07, 3.193136870535487e-07]","[1.1677595046576037e-05, 1.3961225238259012e-05, 1.4725047737809754e-05, 1.4717383013932297e-05, 1.5032600411550049e-05]"
29,"[3.5457825500074265e-07, 4.2026306879317207e-07, 4.467496892897226e-07, 4.6695492808486044e-07, 4.6137424856929647e-07]","[1.4910320319170234e-05, 1.775879318098061e-05, 1.8815793936546347e-05, 1.946500147098336e-05, 1.989573167795098e-05]"
30,"[3.7268234410235806e-07, 4.4146235982445737e-07, 4.687737220450968e-07, 4.781773750774965e-07, 4.737767317001337e-07]","[1.5235987483609013e-05, 1.8107815378986465e-05, 1.919573538461837e-05, 1.991917202603482e-05, 2.04691941336168e-05]"
31,"[4.029450638040484e-07, 4.7620274487034985e-07, 5.073698479450495e-07, 5.290510538892017e-07, 5.250510583339726e-07]","[1.622972483051655e-05, 1.9290377674513364e-05, 2.046751753534952e-05, 2.1011973526986584e-05, 2.1129960037073527e-05]"
32,"[2.894227472444433e-07, 3.4223618224005464e-07, 3.654693660278587e-07, 3.8855554926533644e-07, 3.853280599448456e-07]","[1.3585158266437432e-05, 1.6127554222232066e-05, 1.710219910183641e-05, 1.7471665543925912e-05, 1.801768991175219e-05]"
33,"[3.1656808926922856e-07, 3.759357515580245e-07, 3.99598793086448e-07, 4.1578195355075414e-07, 4.0706424581440946e-07]","[1.4199862577832331e-05, 1.6841319632519444e-05, 1.7868509302455928e-05, 1.8250072991968043e-05, 1.850747205832287e-05]"
34,"[3.8686274360431265e-07, 4.534372013135691e-07, 4.844520338531803e-07, 5.02327515457569e-07, 5.224597617034732e-07]","[1.3988489346440516e-05, 1.66185622296588e-05, 1.759679261752985e-05, 1.793774488169722e-05, 1.89546793230832e-05]"
35,"[2.661138329431787e-07, 3.169356351193958e-07, 3.360716864894832e-07, 3.4499793275870853e-07, 3.421101985852949e-07]","[1.2831830042708026e-05, 1.540377210365628e-05, 1.6209817080358617e-05, 1.612190492703169e-05, 1.6401345351496943e-05]"
36,"[2.676573780897821e-07, 3.1626958631687994e-07, 3.356474667659969e-07, 3.5506655333872636e-07, 3.6657155255772365e-07]","[1.17131868084311e-05, 1.3835815578216279e-05, 1.4641776198004013e-05, 1.4786114778751057e-05, 1.647567406051951e-05]"
37,"[1.7329047591261737e-07, 2.0605288876791302e-07, 2.1877996950691393e-07, 2.2848861132885635e-07, 2.2806615175726216e-07]","[1.0144780957739544e-05, 1.206523462461246e-05, 1.2782003751590309e-05, 1.3227439691803265e-05, 1.3708079508431162e-05]"
38,"[2.4567068613335983e-07, 2.8929830928384623e-07, 3.087339842588303e-07, 3.291981089368156e-07, 3.526123097099082e-07]","[1.1769010435828481e-05, 1.3969006932820914e-05, 1.4801941512055474e-05, 1.564039402961635e-05, 1.7861214591612726e-05]"
39,"[2.8929939412928433e-07, 3.4388705987219455e-07, 3.646783634579948e-07, 3.735447321497744e-07, 3.717202607652055e-07]","[1.2024095988109205e-05, 1.4447590932225954e-05, 1.517720052135553e-05, 1.5190103517910208e-05, 1.6005036373986488e-05]"
40,"[3.254074263022342e-07, 3.8184833463286203e-07, 4.083108868245074e-07, 4.315057356279145e-07, 4.520121158206512e-07]","[1.2657589061121996e-05, 1.4962276642840524e-05, 1.589992843614579e-05, 1.6595224631513507e-05, 1.7963649641518644e-05]"
41,"[2.2518559841064106e-07, 2.6639808326571486e-07, 2.831325852898593e-07, 2.98190285581789e-07, 3.1730083605771876e-07]","[1.1773670195611082e-05, 1.4117621462022098e-05, 1.4830434667569279e-05, 1.5065272815733892e-05, 1.644866212641704e-05]"
42,"[1.7336647302091553e-07, 2.084278699420503e-07, 2.184448694234832e-07, 2.126553505873462e-07, 2.1851107740886741e-07]","[1.201931733149971e-05, 1.4512505007237833e-05, 1.5166742907836567e-05, 1.4598722012591438e-05, 1.4536611529424987e-05]"
43,"[1.7378134394854724e-07, 2.0989215944524722e-07, 2.1896034920913507e-07, 2.0693571590886322e-07, 2.0151147708330545e-07]","[1.3069112853492456e-05, 1.5897598631671893e-05, 1.6554114409273197e-05, 1.5638623368084987e-05, 1.4045248187777742e-05]"
44,"[1.7208751043523594e-07, 2.079116136787397e-07, 2.1732031572726865e-07, 2.102035315226737e-07, 2.0626095269659937e-07]","[1.2959939349421344e-05, 1.56825993487762e-05, 1.6330454567233773e-05, 1.51048636673938e-05, 1.4130590219964349e-05]"
45,"[1.8708109515980664e-07, 2.258834585780824e-07, 2.3612040893268693e-07, 2.2862886506173622e-07, 2.344619119984418e-07]","[1.3285684779928393e-05, 1.613385859406369e-05, 1.675791380426344e-05, 1.5541969285973014e-05, 1.52905287905893e-05]"
46,"[1.7455166363152006e-07, 2.1055447696077068e-07, 2.2035914715481271e-07, 2.1848664275557445e-07, 2.314073056188117e-07]","[1.1711546807919126e-05, 1.4279654291918129e-05, 1.4805112237599358e-05, 1.3711743159812426e-05, 1.3126742684567021e-05]"
47,"[1.8966534169815292e-07, 2.3189482140002252e-07, 2.4080249461321075e-07, 2.2956353206062456e-07, 2.0846628920268162e-07]","[1.4521661347037381e-05, 1.7827163545901052e-05, 1.8354448328317776e-05, 1.6184828268165086e-05, 1.4722737510479322e-05]"
48,"[1.9229878335754055e-07, 2.367336511949056e-07, 2.448944094423845e-07, 2.2922860809650617e-07, 2.068364723272667e-07]","[1.4879365508070839e-05, 1.8382043842047232e-05, 1.8946339479572814e-05, 1.730813916898831e-05, 1.535028379371294e-05]"
49,"[2.1340351359205843e-07, 2.562139942480883e-07, 2.6982949917251066e-07, 2.7750469671047613e-07, 2.8436624231672497e-07]","[9.970034783772306e-06, 1.2167861932676468e-05, 1.2647836358567657e-05, 1.2438130793358346e-05, 1.277728272503371e-05]"
50,"[3.633572305532743e-07, 4.2998130312280046e-07, 4.566271836517663e-07, 4.693535955333219e-07, 4.795241430093677e-07]","[1.595273253549369e-05, 1.888730031332605e-05, 1.9988479691832624e-05, 2.037702953020464e-05, 2.191527533553562e-05]"
51,"[4.065354119540853e-07, 4.82653328424598e-07, 5.115257036096038e-07, 5.165175659790838e-07, 5.117947830754743e-07]","[1.6934421380978265e-05, 2.0164766637226143e-05, 2.131065077549304e-05, 2.164657093051002e-05, 2.269885054195962e-05]"
52,"[3.708338623744212e-07, 4.3949788689036603e-07, 4.661587395964776e-07, 4.801538292067991e-07, 4.909692511445588e-07]","[1.5881192898358486e-05, 1.905428548822656e-05, 1.9995795238647744e-05, 1.9984035192744342e-05, 2.1167430884757022e-05]"
53,"[3.280311829775562e-07, 3.9288384962821786e-07, 4.1425326370600484e-07, 4.1350548525391436e-07, 3.978018534163142e-07]","[1.755159990297708e-05, 2.128664808826956e-05, 2.2190630076533123e-05, 2.1232743833809592e-05, 2.0928315724008403e-05]"
54,"[2.9293167026779766e-07, 3.528008118883989e-07, 3.7065647055093857e-07, 3.724675680204914e-07, 3.6230760379604734e-07]","[1.5027200408551315e-05, 1.824521082101994e-05, 1.9019399907314503e-05, 1.8512985294966033e-05, 1.8533502911883958e-05]"
55,"[1.8918393718766604e-07, 2.2743924876648115e-07, 2.3816390179840418e-07, 2.2823270348381319e-07, 2.2713160458943325e-07]","[1.1144303373107557e-05, 1.3516293825122733e-05, 1.4081766557408096e-05, 1.3495235665011394e-05, 1.398497901502647e-05]"
56,"[2.2663629819749048e-07, 2.731783852007069e-07, 2.8628149650469004e-07, 2.8446212187510575e-07, 2.826696607870132e-07]","[1.1959610666297333e-05, 1.4494068910572236e-05, 1.5127840480051698e-05, 1.5095203624977492e-05, 1.5988959596670134e-05]"
57,"[2.180314411416975e-07, 2.632650747938851e-07, 2.749245331787915e-07, 2.6218322109833943e-07, 2.58391299650718e-07]","[1.4066592595346482e-05, 1.6973685330453037e-05, 1.774883013603483e-05, 1.740866615823088e-05, 1.8309364244494105e-05]"
58,"[1.9092965491498232e-07, 2.3171977617821657e-07, 2.416636317306253e-07, 2.345459418662633e-07, 2.3376094108056657e-07]","[1.3547866858970699e-05, 1.638816586288209e-05, 1.7124602519811466e-05, 1.6840541158605992e-05, 1.7847106422260168e-05]"
59,"[2.9701642589793624e-07, 3.610020140961007e-07, 3.7712097385095705e-07, 3.693507428974336e-07, 3.440876198625409e-07]","[1.988008680098926e-05, 2.4219116356917255e-05, 2.5259638081137325e-05, 2.4857975411553505e-05, 2.385685767519799e-05]"
60,"[1.8275744090044585e-07, 2.2149010294438097e-07, 2.3093383334422535e-07, 2.2411858106304142e-07, 2.222872464992727e-07]","[1.1760817445881905e-05, 1.4277085879535116e-05, 1.4892626281920795e-05, 1.4536545306497425e-05, 1.47248450984437e-05]"
61,"[2.003597626542986e-07, 2.418318020904815e-07, 2.5274365112624797e-07, 2.510524573308811e-07, 2.6380072356093576e-07]","[1.1813785706097686e-05, 1.4368619946162796e-05, 1.4928353437997009e-05, 1.4552153992493654e-05, 1.610411954756035e-05]"
62,"[2.0036870266735343e-07, 2.450592288500071e-07, 2.5393194684959185e-07, 2.382234562330418e-07, 2.315019757054638e-07]","[1.4273138839227242e-05, 1.7447297735797128e-05, 1.8099048605162962e-05, 1.7300699718325446e-05, 1.7599762470742497e-05]"
63,"[2.241567915647393e-07, 2.7621066283925705e-07, 2.860086555475217e-07, 2.718289225335404e-07, 2.4320189344743165e-07]","[1.5006026287092439e-05, 1.8386487437442328e-05, 1.9017229725842588e-05, 1.7709264421373814e-05, 1.7204603124028184e-05]"
64,"[2.428400559357914e-07, 2.986391036145371e-07, 3.102585964895034e-07, 3.0174606841140283e-07, 2.689131812811428e-07]","[1.6251948349604403e-05, 2.0012098469891205e-05, 2.073166812403076e-05, 1.9692557426414862e-05, 1.8273249994174158e-05]"
65,"[2.511359242684357e-07, 3.08491424322191e-07, 3.189670220304748e-07, 3.0701832223482094e-07, 3.049561826700352e-07]","[1.5317744497636215e-05, 1.876390967464188e-05, 1.950491929767424e-05, 1.9140643572025532e-05, 1.8280334367895142e-05]"
66,"[2.0561189534940047e-07, 2.5215489619559184e-07, 2.613653345158175e-07, 2.536514487351357e-07, 2.411191852423221e-07]","[1.3340226573435087e-05, 1.6317258020100203e-05, 1.6942271925075804e-05, 1.6346853161704975e-05, 1.6232710862197123e-05]"
67,"[2.446974575186162e-07, 2.9799960054066857e-07, 3.095730409251058e-07, 3.060859118488367e-07, 3.098755130908156e-07]","[1.374868096543263e-05, 1.680641330055941e-05, 1.741471836825298e-05, 1.684153117915633e-05, 1.7478012125221313e-05]"
68,"[2.2831051411283455e-07, 2.762085143907815e-07, 2.883109674330143e-07, 2.8298448567923135e-07, 2.841796870924873e-07]","[1.3097697324801528e-05, 1.5903458494000243e-05, 1.6598654574119347e-05, 1.6551301329929692e-05, 1.7491042833106994e-05]"
69,"[2.3492673790203714e-07, 2.8810255962931537e-07, 2.980026266596936e-07, 2.835706562071517e-07, 2.75115345228774e-07]","[1.4852275995231963e-05, 1.8221399921510578e-05, 1.881889856853863e-05, 1.7623074758847205e-05, 1.7931649243021752e-05]"
70,"[2.3453954995168602e-07, 2.856333795316889e-07, 2.975162004398416e-07, 2.9660666630764833e-07, 2.940339434095523e-07]","[1.4752911828265871e-05, 1.8158520680523895e-05, 1.881347802820605e-05, 1.8432227050602524e-05, 1.766166451020845e-05]"
71,"[2.4557856822011406e-07, 3.008203139452915e-07, 3.1133916464364834e-07, 2.9439169401415756e-07, 2.8094674697095354e-07]","[1.534674758309107e-05, 1.8812316618514354e-05, 1.940608477948176e-05, 1.8348070324558888e-05, 1.8866337575783592e-05]"
72,"[2.833052429424294e-07, 3.432290031864567e-07, 3.5821166350474865e-07, 3.467115049806246e-07, 3.343968751000313e-07]","[1.3614868415370881e-05, 1.6762897201465008e-05, 1.73050047385562e-05, 1.6452569070576802e-05, 1.632726308250998e-05]"
73,"[2.4160745632499764e-07, 2.939192347460544e-07, 3.0586239259456986e-07, 2.9379385297923704e-07, 2.8565157675962525e-07]","[1.5775645574056622e-05, 1.9277111833542178e-05, 2.0012564795943993e-05, 1.9280136084233446e-05, 1.9559002608397202e-05]"
74,"[2.8063463227819353e-07, 3.3517852104772003e-07, 3.5317996368652133e-07, 3.637051495222953e-07, 3.8509073617590607e-07]","[1.2911227920593611e-05, 1.5803296667569126e-05, 1.636724519907851e-05, 1.6159670442761365e-05, 1.7524182760230757e-05]"
75,"[2.2197364253140965e-07, 2.6877540661279383e-07, 2.808349140326445e-07, 2.894310881422401e-07, 2.9369332704551085e-07]","[1.1731402848149895e-05, 1.4412222955965546e-05, 1.489283136840978e-05, 1.4494669516020361e-05, 1.5533531588515366e-05]"
76,"[2.394951522782988e-07, 2.9383242389367194e-07, 3.0515009152411436e-07, 2.945179494363994e-07, 2.713953275422344e-07]","[1.4991825568777174e-05, 1.8301253532345915e-05, 1.897597261592442e-05, 1.8320413235245807e-05, 1.8550639345046415e-05]"
77,"[2.7752637792295845e-07, 3.337406821876579e-07, 3.495417702848963e-07, 3.495685850951946e-07, 3.58635132991198e-07]","[1.2724662247415403e-05, 1.5536245011163893e-05, 1.6093607551397087e-05, 1.605135319205275e-05, 1.6957621674870234e-05]"
78,"[2.448243350036784e-07, 2.9685551591523875e-07, 3.097592560542691e-07, 3.003669385622634e-07, 2.940851354336677e-07]","[1.346672338824306e-05, 1.6381904337282252e-05, 1.7039073773253274e-05, 1.6507922798400563e-05, 1.7167929404783976e-05]"
79,"[2.962820723728893e-07, 3.5712072064861397e-07, 3.758934284456004e-07, 3.877504444002068e-07, 3.7825331137974365e-07]","[1.4070982732144519e-05, 1.6962295423646488e-05, 1.7778627741991765e-05, 1.797807499332555e-05, 1.9140062576701565e-05]"
80,"[2.3564965790591208e-07, 2.8014906524528923e-07, 2.9660794140936965e-07, 3.025326605449157e-07, 3.094162724761924e-07]","[1.1782195321362828e-05, 1.41431735194619e-05, 1.4865825572135856e-05, 1.496036901234924e-05, 1.600976944581669e-05]"
81,"[2.0074292454572522e-07, 2.43157111539763e-07, 2.5289470158772857e-07, 2.507263295558537e-07, 2.565223248414374e-07]","[1.2538648896693054e-05, 1.5205198761038567e-05, 1.576563286080414e-05, 1.5733564099004727e-05, 1.6328191900781405e-05]"
82,"[2.443630581468462e-07, 2.9534767424653295e-07, 3.087919501077346e-07, 3.014828168512475e-07, 2.953925033935608e-07]","[1.2512241236386058e-05, 1.528492101581161e-05, 1.5818395750017277e-05, 1.4946487493597663e-05, 1.529474948141681e-05]"
83,"[2.3267044530945714e-07, 2.7983692979338847e-07, 2.9262071310683005e-07, 2.9200788261351843e-07, 3.202681869152527e-07]","[1.2386618919418245e-05, 1.511383996675127e-05, 1.5694091055756802e-05, 1.5503945022197778e-05, 1.6489179733718544e-05]"
84,"[3.017407196357093e-07, 3.5540860720690866e-07, 3.771174642204564e-07, 4.1138184658634076e-07, 4.570220966248773e-07]","[1.3333034217783422e-05, 1.6068397106560995e-05, 1.6800974945161815e-05, 1.7252590362742562e-05, 1.978692485534396e-05]"
85,"[3.212044306460996e-07, 3.7966031613299384e-07, 4.0227381393713854e-07, 4.2082978443183513e-07, 4.631016188415242e-07]","[1.3733934280015466e-05, 1.642270517153749e-05, 1.730458132239835e-05, 1.7722270121778367e-05, 1.9066174215330886e-05]"
86,"[2.7413442221359797e-07, 3.2689054955882423e-07, 3.4426662890657354e-07, 3.4671357575985913e-07, 3.632663676082156e-07]","[1.2232297487732698e-05, 1.4826212668975437e-05, 1.5447160543661267e-05, 1.5225543146454967e-05, 1.684477228396293e-05]"
87,"[3.512140110838523e-07, 4.154288447569685e-07, 4.408585599868246e-07, 4.644869640394787e-07, 5.008575144174083e-07]","[1.571805525251597e-05, 1.880893974075069e-05, 1.9787685879200486e-05, 2.0106447797964867e-05, 2.1177230538770783e-05]"
88,"[3.0526628965258395e-07, 3.570718075048526e-07, 3.812677585531544e-07, 4.2277984498901483e-07, 4.804613664489356e-07]","[1.2247304480652014e-05, 1.4659576031987813e-05, 1.5370885955177416e-05, 1.6058508293480186e-05, 1.9083152094414964e-05]"
89,"[2.857805778858231e-07, 3.3787214981683443e-07, 3.5839184951279084e-07, 4.022084843465217e-07, 4.4555648461480513e-07]","[1.150101279687849e-05, 1.3666851238357777e-05, 1.4371744252329015e-05, 1.5023980683510681e-05, 1.7979368178623438e-05]"
90,"[3.1376651419414667e-07, 3.7090207959037645e-07, 3.945816882057716e-07, 4.147886196979368e-07, 4.246813089835502e-07]","[1.2886356071264353e-05, 1.537776329623389e-05, 1.62473956272163e-05, 1.6655573215714897e-05, 1.7171904597511025e-05]"
91,"[3.176540160508066e-07, 3.7800230918216077e-07, 4.0024017160442236e-07, 4.076621394134456e-07, 4.0781805244551385e-07]","[1.3119558772567563e-05, 1.56962020844629e-05, 1.6544105371423537e-05, 1.6579306833317e-05, 1.651212772623679e-05]"
92,"[3.7181649005755115e-07, 4.4275396068987883e-07, 4.6853122206901954e-07, 4.763467863325256e-07, 4.597822199908027e-07]","[1.584969805543148e-05, 1.879717120204565e-05, 1.989405350392951e-05, 2.013257803070785e-05, 2.0478498743104873e-05]"
93,"[2.122867322981999e-07, 2.5235363946278495e-07, 2.671279530737009e-07, 2.755073170171157e-07, 2.8897250294097086e-07]","[1.062603212937302e-05, 1.2669023159818056e-05, 1.3356029716110309e-05, 1.3349879692862138e-05, 1.4170358224848153e-05]"
94,"[3.345071537017386e-07, 3.9766913254400915e-07, 4.207498696344842e-07, 4.223247447647901e-07, 4.2316354586645846e-07]","[1.3133338157379656e-05, 1.564976013380004e-05, 1.654707687883555e-05, 1.6857978373896088e-05, 1.720493679842998e-05]"
95,"[2.7143825736068487e-07, 3.246146119755116e-07, 3.413128416529351e-07, 3.3319068767259184e-07, 3.2789070026135345e-07]","[1.1303242594599994e-05, 1.3593164143103366e-05, 1.4258420640227892e-05, 1.4219507574342934e-05, 1.4573293696936685e-05]"
96,"[2.473427521753323e-07, 2.97194104301927e-07, 3.130402336456118e-07, 3.138645318826144e-07, 3.016767674602234e-07]","[1.2270702661224749e-05, 1.477362447212774e-05, 1.5491797256262007e-05, 1.5086484016321986e-05, 1.5051713870578797e-05]"
97,"[2.9618044061071695e-07, 3.551525451980017e-07, 3.7428769546704015e-07, 3.7703211062912627e-07, 3.5043054499341407e-07]","[1.2677832579360622e-05, 1.521463949251359e-05, 1.5989493610976318e-05, 1.5632200259130034e-05, 1.5250587950785768e-05]"
98,"[3.8267328879116624e-07, 4.502314060289072e-07, 4.80040451702816e-07, 4.945350276379546e-07, 5.069294642877025e-07]","[1.4663975681492801e-05, 1.7314777346867167e-05, 1.841659775613102e-05, 1.916849113403466e-05, 2.0457326098708137e-05]"
99,"[2.892974946951436e-07, 3.4259482088291645e-07, 3.6318024436264004e-07, 3.68007997995002e-07, 3.7360084853965567e-07]","[1.2395736844167783e-05, 1.467979853276895e-05, 1.556001740661538e-05, 1.594298927324015e-05, 1.711021331431251e-05]"
100,"[3.2336218518699675e-07, 3.807040957759493e-07, 4.0501130523002945e-07, 4.1084584819112613e-07, 4.2223839961810595e-07]","[1.2706031470305254e-05, 1.5148271994348283e-05, 1.6046511698027004e-05, 1.6624510321728132e-05, 1.6851436463796493e-05]"
101,"[2.529634413521201e-07, 3.018015208189813e-07, 3.1907033109179385e-07, 3.211285241496804e-07, 3.1172177032830923e-07]","[1.04267910790981e-05, 1.2542190573678533e-05, 1.3190580470070195e-05, 1.3322374864301076e-05, 1.3450523825421382e-05]"
102,"[2.689169066733633e-07, 3.160736395236206e-07, 3.36245034869326e-07, 3.4189890858264757e-07, 3.546445395151708e-07]","[1.1220586087784617e-05, 1.3398536629993398e-05, 1.4153582598947221e-05, 1.4556664574576508e-05, 1.470603298795373e-05]"
103,"[2.4399619648523646e-07, 2.890770750664503e-07, 3.0577489577500406e-07, 3.139728435439421e-07, 3.4638507837651383e-07]","[1.1969319091337556e-05, 1.4345644738392145e-05, 1.509347583493653e-05, 1.4969770709958984e-05, 1.5220684723156402e-05]"
104,"[2.0667387979297745e-07, 2.4547653840603333e-07, 2.594196650027199e-07, 2.5994751475996847e-07, 2.686267918399264e-07]","[9.997977407007573e-06, 1.1920059279040596e-05, 1.2576289527016908e-05, 1.2609181659348804e-05, 1.3027231432011285e-05]"
105,"[2.2386572651969676e-07, 2.656480847519142e-07, 2.813917617074172e-07, 2.850106365775331e-07, 2.9224602446868463e-07]","[9.339774532186339e-06, 1.1244121443095764e-05, 1.1790290958896193e-05, 1.1648719882983788e-05, 1.2005324785751166e-05]"
106,"[2.1934656647845286e-07, 2.5967391314469313e-07, 2.758373226762478e-07, 2.840259822119978e-07, 2.9049029577970787e-07]","[9.767626685976616e-06, 1.1733843074185406e-05, 1.234177980589515e-05, 1.2406429050882987e-05, 1.2591318504612879e-05]"
107,"[2.4624785368857867e-07, 2.9203658284866444e-07, 3.0991916397851374e-07, 3.1570611185577596e-07, 3.147194824219032e-07]","[1.0533629209412158e-05, 1.2570075838925165e-05, 1.3275676911038548e-05, 1.3328917248266521e-05, 1.3475384563533457e-05]"
108,"[2.783531072183483e-07, 3.2739785869432825e-07, 3.492321541309654e-07, 3.6584712893663995e-07, 3.8293310896841923e-07]","[8.805378906053266e-06, 1.0581475106108495e-05, 1.1123159732281047e-05, 1.165827006787613e-05, 1.2600091629193983e-05]"
109,"[2.401795814087284e-07, 2.855632291259225e-07, 3.027431859843308e-07, 3.165241017827667e-07, 3.381261010833131e-07]","[1.0797408340359933e-05, 1.2824066717312337e-05, 1.3557101871483702e-05, 1.412251264880206e-05, 1.6524470370993653e-05]"
110,"[2.4327271712962054e-07, 2.885889338936368e-07, 3.0651235804400705e-07, 3.214383263819826e-07, 3.356034701709393e-07]","[1.0272909443437285e-05, 1.2240711626662159e-05, 1.2906614341887066e-05, 1.301898312410013e-05, 1.4409819038796073e-05]"
111,"[2.1101165442601173e-07, 2.5072656371041246e-07, 2.659354306699556e-07, 2.7571021187453774e-07, 2.8247644709551223e-07]","[9.973488579907112e-06, 1.1917891891939414e-05, 1.2552043001921544e-05, 1.2781481629253752e-05, 1.3893461089320742e-05]"
112,"[2.468235853202868e-07, 2.9164067419197535e-07, 3.1032753691287267e-07, 3.224704659397297e-07, 3.319387290698073e-07]","[1.0268301125180173e-05, 1.2350243075297163e-05, 1.2988902977959103e-05, 1.3249652936392479e-05, 1.3633343323316372e-05]"
113,"[2.6817962516203706e-07, 3.1688546158001357e-07, 3.3595034246525647e-07, 3.368734825105303e-07, 3.4729136925732826e-07]","[1.0471780806373432e-05, 1.2519489239394382e-05, 1.3181542955736438e-05, 1.3343326173311228e-05, 1.4032911671103848e-05]"
114,"[2.6258872689908377e-07, 3.1051523792101777e-07, 3.297260231351673e-07, 3.31740273822742e-07, 3.327298752786496e-07]","[1.1712238475774187e-05, 1.4184663253813265e-05, 1.4835855285591124e-05, 1.4290230147735807e-05, 1.3610788871141696e-05]"
115,"[2.3706686569800123e-07, 2.8153593485741856e-07, 2.978942386713475e-07, 2.9789336484991387e-07, 2.9897598725195127e-07]","[1.2475974298704156e-05, 1.508002038448925e-05, 1.579070292031451e-05, 1.539087287773565e-05, 1.4833686226807127e-05]"
116,"[2.6421746648417683e-07, 3.1153435013642084e-07, 3.3176844325781494e-07, 3.4142996480476646e-07, 3.468179951526762e-07]","[1.0817320721234415e-05, 1.2987548638000102e-05, 1.364976355559359e-05, 1.3507991195773809e-05, 1.3425751504487757e-05]"
117,"[2.7274693688829066e-07, 3.2138914281928193e-07, 3.412203094011014e-07, 3.417236954883553e-07, 3.5809942728807844e-07]","[1.0364859593388654e-05, 1.2354754901046298e-05, 1.3021097801238126e-05, 1.2963930816157453e-05, 1.3457531422200687e-05]"
118,"[3.0416000117492347e-07, 3.596559171460253e-07, 3.826930809397677e-07, 3.967103209418075e-07, 3.979379151600705e-07]","[1.3003563588449813e-05, 1.5252428875294948e-05, 1.629484424125993e-05, 1.7382735110631923e-05, 1.9562481350664944e-05]"
119,"[3.098560359092625e-07, 3.675747546026912e-07, 3.893210802517642e-07, 3.902189159079074e-07, 3.9508371933537804e-07]","[1.2675139450951042e-05, 1.5265460001937085e-05, 1.6009211834658622e-05, 1.5714026028352073e-05, 1.6128520413413144e-05]"
120,"[3.615114941293513e-07, 4.2708186340317245e-07, 4.53457805371669e-07, 4.5240134373817127e-07, 4.538622204703974e-07]","[1.393390237916259e-05, 1.6605378271883534e-05, 1.753423196228476e-05, 1.7477728116668682e-05, 1.7916076706093225e-05]"
121,"[3.4544273184694084e-07, 4.076288903346043e-07, 4.3293866699862674e-07, 4.343705216549753e-07, 4.380819117928532e-07]","[1.4066549743901525e-05, 1.672327182705305e-05, 1.764827494064279e-05, 1.7407099094494337e-05, 1.799980408191678e-05]"
122,"[2.9159854194941455e-07, 3.4617822525753953e-07, 3.649309648345654e-07, 3.591777600699893e-07, 3.5719088610959047e-07]","[1.1129932770546388e-05, 1.3295554653039642e-05, 1.3953322324595772e-05, 1.3606241059180116e-05, 1.3868511232646343e-05]"
123,"[3.531731047214314e-07, 4.188889295941164e-07, 4.4509670176465987e-07, 4.597754970549211e-07, 4.511858971448572e-07]","[1.2665299130367728e-05, 1.5009493558409112e-05, 1.589808718295311e-05, 1.6392204070236317e-05, 1.7674682172272254e-05]"
124,"[3.9986770833878966e-07, 4.685058129145266e-07, 4.997711590006396e-07, 5.183255326114921e-07, 5.315429789370856e-07]","[1.3648504608633919e-05, 1.6130531075753096e-05, 1.6997370914144437e-05, 1.740656889579059e-05, 1.848405102906372e-05]"
125,"[3.378415427237188e-07, 3.995547750072116e-07, 4.263958901622623e-07, 4.639315049169075e-07, 4.4902863212293487e-07]","[1.2989903774013375e-05, 1.5441317087537268e-05, 1.6335147445656215e-05, 1.6777990432685667e-05, 1.744569694879886e-05]"
126,"[3.3608254075980494e-07, 4.000127352612192e-07, 4.270626289077654e-07, 4.6553888097871246e-07, 4.40351317957951e-07]","[1.1865368142839896e-05, 1.4095775745754791e-05, 1.495798900235487e-05, 1.573055323936207e-05, 1.6206535646210005e-05]"
127,"[3.293730011356113e-07, 3.892838074683232e-07, 4.154413544500809e-07, 4.4443822531727397e-07, 4.4072118433642094e-07]","[1.0630578233868756e-05, 1.2699794452340554e-05, 1.3371434122109013e-05, 1.3783364626206407e-05, 1.4583295646031681e-05]"
128,"[2.3868458867493177e-07, 2.8237369985761406e-07, 2.9965624535252146e-07, 3.0796458102973764e-07, 3.151302577779221e-07]","[1.0693312653969343e-05, 1.2842332124505026e-05, 1.3437145850694981e-05, 1.302995742588328e-05, 1.3784118005499643e-05]"
129,"[3.1199608398760793e-07, 3.674466034927999e-07, 3.914906391990949e-07, 4.0227990394474973e-07, 4.088016393419669e-07]","[1.4040899651154195e-05, 1.6615853072174718e-05, 1.7623064110356283e-05, 1.7749521200005337e-05, 1.8705300175762442e-05]"
130,"[2.430969015410108e-07, 2.8704820804708977e-07, 3.0542608735132285e-07, 3.1347028888743404e-07, 3.206598323237863e-07]","[1.121111008252217e-05, 1.3376991776118739e-05, 1.40930429843232e-05, 1.3900242904855937e-05, 1.4742505567340715e-05]"
131,"[2.5942472163963916e-07, 3.0678022137565134e-07, 3.25936350786312e-07, 3.318235902835157e-07, 3.365952533492076e-07]","[1.3094868152850077e-05, 1.557190975485821e-05, 1.644126057923839e-05, 1.6161813111160695e-05, 1.6736776531011626e-05]"
132,"[2.395608342450339e-07, 2.8291859028628005e-07, 3.0136141338533147e-07, 3.1338575755877667e-07, 3.2096129505763135e-07]","[1.0499169064827307e-05, 1.2593783080915583e-05, 1.3244797277789121e-05, 1.3128222722948164e-05, 1.3764160186712376e-05]"
133,"[2.6977012767743694e-07, 3.1715825063651643e-07, 3.378701004661069e-07, 3.492957635675006e-07, 3.579033126673871e-07]","[1.2529992673006437e-05, 1.485325261816039e-05, 1.574050871333253e-05, 1.600151883848445e-05, 1.698603232467597e-05]"
134,"[1.8260478106851468e-07, 2.1666869033239418e-07, 2.2981652623147687e-07, 2.3755342224299488e-07, 2.4222839874922587e-07]","[8.760248989578513e-06, 1.0452314371225908e-05, 1.101235671583662e-05, 1.121246639797141e-05, 1.2213005865275606e-05]"
135,"[2.6176609860968857e-07, 3.077703325985073e-07, 3.2861289400311294e-07, 3.421795099616898e-07, 3.5284984778745446e-07]","[1.129724516749011e-05, 1.3447971355287702e-05, 1.4215394482446558e-05, 1.4348398965493301e-05, 1.5073869534664066e-05]"
136,"[2.6539328326845425e-07, 3.1404491408912037e-07, 3.34117757953888e-07, 3.4652696365641365e-07, 3.4894561675674505e-07]","[1.0760956971748649e-05, 1.2950023318009902e-05, 1.3583614334658984e-05, 1.3385747212187928e-05, 1.3792843696709543e-05]"
137,"[2.5914612952220717e-07, 3.051223342614738e-07, 3.2534783115062057e-07, 3.3552975749777416e-07, 3.4365425390335477e-07]","[1.1527550740804837e-05, 1.3703242697355042e-05, 1.4506905217333579e-05, 1.4741842612062021e-05, 1.5455026393873134e-05]"
138,"[2.1095577480426054e-07, 2.500224015465323e-07, 2.646605159234418e-07, 2.6693974076814955e-07, 2.7176706676302295e-07]","[1.1082886177841766e-05, 1.3232486537727627e-05, 1.3924615413642102e-05, 1.3731519386551526e-05, 1.4843681668881318e-05]"
139,"[2.4857483679827506e-07, 2.940334755844579e-07, 3.12587215947941e-07, 3.2070213403599553e-07, 3.2449204080777345e-07]","[1.0249953686267009e-05, 1.2140621957322357e-05, 1.287081146942404e-05, 1.3299718332910694e-05, 1.4725129882915204e-05]"
140,"[2.7222779713136126e-07, 3.204717746615925e-07, 3.4190212903163594e-07, 3.540897931893042e-07, 3.639620583859336e-07]","[1.1949673641003484e-05, 1.4223454191015946e-05, 1.5016800250622284e-05, 1.4901287940601833e-05, 1.5647284023467337e-05]"
141,"[2.7591704734086187e-07, 3.2601711008454437e-07, 3.470614237515876e-07, 3.576361503295845e-07, 3.5967244700057823e-07]","[1.1134684035261441e-05, 1.3415073902523247e-05, 1.40637754794788e-05, 1.3710873663249917e-05, 1.3851961881911859e-05]"
142,"[2.3514549599966723e-07, 2.781762239168834e-07, 2.9572586673315064e-07, 3.042796336466875e-07, 3.081220374067023e-07]","[1.2306933142774902e-05, 1.4633604044187479e-05, 1.548108957722548e-05, 1.5588100584878846e-05, 1.618074515915683e-05]"
143,"[2.1621899747999957e-07, 2.5720577043935813e-07, 2.72338930611972e-07, 2.772929749755196e-07, 2.7556601164487054e-07]","[1.0918913012067885e-05, 1.3054856894622716e-05, 1.3735045842607222e-05, 1.3491682015254976e-05, 1.403309232907767e-05]"
144,"[2.2995002183944071e-07, 2.718942519147965e-07, 2.8914650310284143e-07, 2.9778053769063694e-07, 3.0102457247361195e-07]","[1.1228924201800767e-05, 1.3301652644689162e-05, 1.4082934074102444e-05, 1.4199095014287856e-05, 1.510328126161573e-05]"
145,"[2.398436229333764e-07, 2.836710210056889e-07, 3.015298840550464e-07, 3.11215154523735e-07, 3.171858483565746e-07]","[1.0677238398676337e-05, 1.271567249329487e-05, 1.3433556707725363e-05, 1.367373384219695e-05, 1.4429837673852658e-05]"
146,"[1.611217063794546e-07, 1.924291268834065e-07, 2.0303391015286587e-07, 2.0896800147420292e-07, 2.1713659602674968e-07]","[9.247247786973606e-06, 1.1107943569652646e-05, 1.165085608573945e-05, 1.1873706793654157e-05, 1.331659518984525e-05]"
147,"[1.8941144989438033e-07, 2.2559786295135798e-07, 2.3879372454488183e-07, 2.489277648124281e-07, 2.5702930667522496e-07]","[9.664784681458847e-06, 1.1692953115423065e-05, 1.222465501054384e-05, 1.2433394785505972e-05, 1.3417811412649389e-05]"
148,"[2.16478694383867e-07, 2.566551883484655e-07, 2.72745483922779e-07, 2.822823299089439e-07, 2.879594648716039e-07]","[1.0441979421716683e-05, 1.2464552455438973e-05, 1.3136932259201449e-05, 1.323682278617722e-05, 1.4556874672808799e-05]"
149,"[2.1943436140996918e-07, 2.6099812730391214e-07, 2.7628779756281866e-07, 2.7813482834187066e-07, 2.753333192837055e-07]","[1.2657278697389342e-05, 1.5211933621367425e-05, 1.593314952539141e-05, 1.5162709555550566e-05, 1.5055484223303123e-05]"
150,"[2.570114182600015e-07, 3.045024159902138e-07, 3.2390420616989167e-07, 3.3507966758671867e-07, 3.317161151179247e-07]","[1.3276611065967952e-05, 1.579766602883115e-05, 1.6707066668848066e-05, 1.679516340432009e-05, 1.7241755106292652e-05]"
151,"[2.764361933068107e-07, 3.2803750473627356e-07, 3.4796557909960034e-07, 3.5283646834316145e-07, 3.4863376990209134e-07]","[1.3330560053715832e-05, 1.5873882115530264e-05, 1.677306119334915e-05, 1.6780879776070404e-05, 1.7121832614752427e-05]"
152,"[2.488303681399632e-07, 2.94487342620186e-07, 3.1241083485756706e-07, 3.1562804457856964e-07, 3.2446209627213015e-07]","[1.0273097155358213e-05, 1.2419210528192731e-05, 1.300420829294322e-05, 1.2869838031987133e-05, 1.3675019379213051e-05]"
153,"[1.7284079285218772e-07, 2.0619996991871271e-07, 2.180607180307788e-07, 2.2380550885438017e-07, 2.3212994279172244e-07]","[9.985271965035792e-06, 1.2026872125658297e-05, 1.2629269518062643e-05, 1.2878041615714465e-05, 1.4375673152977494e-05]"
154,"[1.8843603146683e-07, 2.2367901137495397e-07, 2.3710517771112088e-07, 2.4202737624899117e-07, 2.4879100912246275e-07]","[1.0557711007437453e-05, 1.2784114995438754e-05, 1.33691863344713e-05, 1.3069118783049199e-05, 1.3456066600764162e-05]"
155,"[2.2425892206126963e-07, 2.666628048998763e-07, 2.8263821956015093e-07, 2.878134531812973e-07, 2.908567821407616e-07]","[1.0659035886738045e-05, 1.2777802917714181e-05, 1.342485408043531e-05, 1.3358050674899181e-05, 1.4789110238496966e-05]"
156,"[1.946508440778932e-07, 2.317483123266304e-07, 2.4485066665111365e-07, 2.4543984137927744e-07, 2.4970171150567627e-07]","[1.1421209623293592e-05, 1.3780653884371611e-05, 1.4410570110694836e-05, 1.3931847722420209e-05, 1.4192471378974078e-05]"
157,"[2.2054208332165992e-07, 2.615479765951373e-07, 2.7689824572810347e-07, 2.7930808605094365e-07, 2.898476357383006e-07]","[1.0711459734522345e-05, 1.2942488775328368e-05, 1.3538340508618346e-05, 1.3255002053750283e-05, 1.3843963078744115e-05]"
158,"[2.955883183054284e-07, 3.4801265508726276e-07, 3.705212658630831e-07, 3.753105062855213e-07, 3.8479325005066636e-07]","[1.2742160771491405e-05, 1.519370837575026e-05, 1.602790785332102e-05, 1.58259715991831e-05, 1.6667153424869067e-05]"
159,"[3.014096707661645e-07, 3.544431832955275e-07, 3.778473492353504e-07, 3.8735248024745404e-07, 3.9944517169528763e-07]","[1.3047400160687717e-05, 1.5425523265862886e-05, 1.6393905516742e-05, 1.698071226528763e-05, 1.8251711057038786e-05]"
160,"[2.2810466712253308e-07, 2.69582829451124e-07, 2.8633094979723556e-07, 2.9100675311975594e-07, 3.0462547608169706e-07]","[1.1327460009679667e-05, 1.3614391781688116e-05, 1.429427211159706e-05, 1.4159906949214956e-05, 1.5706984607571814e-05]"
161,"[1.986181191137476e-07, 2.3565252662246096e-07, 2.498647739785479e-07, 2.540630271905402e-07, 2.629949470819053e-07]","[1.0779429330457056e-05, 1.297045561701826e-05, 1.3597524484530797e-05, 1.3204357071930496e-05, 1.4141630227245893e-05]"
162,"[2.5390788368289615e-07, 3.002843480564767e-07, 3.193009237637905e-07, 3.27561951687234e-07, 3.363494427479095e-07]","[1.1857533872755862e-05, 1.4289755638345793e-05, 1.4981010316140673e-05, 1.4605233159433402e-05, 1.5493561779049117e-05]"
163,"[2.288204481237045e-07, 2.706756113072015e-07, 2.8775766926859324e-07, 2.9606256807054256e-07, 3.0375832772227556e-07]","[1.1395339833349053e-05, 1.3688364732659897e-05, 1.4389392002677278e-05, 1.4365370679296706e-05, 1.5017467375821979e-05]"
164,"[2.2091285811196717e-07, 2.6296440612633556e-07, 2.7874680411884643e-07, 2.8442036785699486e-07, 2.849231532126441e-07]","[1.1826425080555973e-05, 1.4291096646553197e-05, 1.495098525720691e-05, 1.4414557484792085e-05, 1.4757273485795572e-05]"
165,"[2.2360777177476173e-07, 2.6566490405175717e-07, 2.8125889467010415e-07, 2.819035519401463e-07, 2.831555076119183e-07]","[1.2257783011607545e-05, 1.4696028121865283e-05, 1.5457321463869634e-05, 1.5215004179865381e-05, 1.5688075902593905e-05]"
166,"[2.5334888534703454e-07, 2.9974066360172086e-07, 3.182579216832455e-07, 3.221242746102358e-07, 3.23796758073744e-07]","[1.1568636667505346e-05, 1.3889160132856967e-05, 1.4583837768493739e-05, 1.42666886147095e-05, 1.462737401515979e-05]"
167,"[2.641147827176091e-07, 3.152064163425565e-07, 3.3288834329620804e-07, 3.453228989945049e-07, 3.310742184506117e-07]","[1.3410613642576989e-05, 1.6129711279076017e-05, 1.6822191871498706e-05, 1.6151600360527617e-05, 1.5863236638254145e-05]"
168,"[1.9998892078325256e-07, 2.389907844541801e-07, 2.5181659228648715e-07, 2.492734142892542e-07, 2.5645462508960295e-07]","[1.0539756571148712e-05, 1.2841658640834407e-05, 1.3341180979228958e-05, 1.2777362855930329e-05, 1.400429023154003e-05]"
169,"[2.2606569070791175e-07, 2.696631615884743e-07, 2.8466960027575936e-07, 2.828131541891498e-07, 2.8000068338634846e-07]","[1.1514883425049541e-05, 1.3870496778937722e-05, 1.4546526379393809e-05, 1.4312731778575202e-05, 1.4684368349978586e-05]"
170,"[1.8231450340059187e-07, 2.175044619230467e-07, 2.298714889020026e-07, 2.3446983400873663e-07, 2.4305538138737684e-07]","[1.0222135893810375e-05, 1.2237287172496638e-05, 1.2859199151676363e-05, 1.2731677848383737e-05, 1.4283002216312578e-05]"
171,"[2.2650467609568782e-07, 2.6873387743324987e-07, 2.847977452605759e-07, 2.8883268649766857e-07, 2.9525406999091805e-07]","[1.1454601194625928e-05, 1.382739746311645e-05, 1.4497558925400752e-05, 1.4367677244105715e-05, 1.5105366764311377e-05]"
172,"[2.2310796463274967e-07, 2.6448293821896174e-07, 2.80410495787617e-07, 2.832093458368649e-07, 2.894750436685194e-07]","[1.1507212881983544e-05, 1.3728608642642531e-05, 1.4470388176972969e-05, 1.4372780539033124e-05, 1.5404385694458475e-05]"
173,"[2.7840766269693824e-07, 3.2893717527407054e-07, 3.5038357332919404e-07, 3.6336693986989883e-07, 3.642333298374314e-07]","[1.3290652763956608e-05, 1.5737395727260614e-05, 1.6666577234068818e-05, 1.6695954365741263e-05, 1.7610928902174363e-05]"
174,"[2.740065672843325e-07, 3.263498783320457e-07, 3.462190474134365e-07, 3.549188357598611e-07, 3.436664934003874e-07]","[1.3186521506834718e-05, 1.5741907017386715e-05, 1.6609003273804245e-05, 1.6445952091833086e-05, 1.6572402927014483e-05]"
175,"[2.374178437981317e-07, 2.8317119966019587e-07, 2.992503422443393e-07, 3.006512473942645e-07, 2.9777007614652935e-07]","[1.1715400194503088e-05, 1.410676841234605e-05, 1.4795216380539281e-05, 1.4435321875398576e-05, 1.4440855659494233e-05]"
176,"[1.752950068780704e-07, 2.112937271181207e-07, 2.2174988486546546e-07, 2.2422841729534614e-07, 2.2096352821138306e-07]","[9.50743085845691e-06, 1.1601200156693402e-05, 1.204026475764489e-05, 1.170530547611738e-05, 1.1763101880071085e-05]"
177,"[1.8465869648723577e-07, 2.2287385390520988e-07, 2.3402234775502862e-07, 2.3359366363000327e-07, 2.2112388580455874e-07]","[1.0459953486669656e-05, 1.2720891016528932e-05, 1.3251846703211655e-05, 1.25626640137158e-05, 1.209035381687398e-05]"
178,"[1.8347608019702695e-07, 2.1944319699449835e-07, 2.319410942074749e-07, 2.393929526244425e-07, 2.4069416576054563e-07]","[8.93292247539535e-06, 1.074923827723432e-05, 1.1253513600388119e-05, 1.1107038233480472e-05, 1.2419567003783742e-05]"
179,"[1.9303746067949686e-07, 2.3150745020158868e-07, 2.442325026326257e-07, 2.4976648196491853e-07, 2.4597769808381534e-07]","[1.0466620668801659e-05, 1.2710208989108102e-05, 1.3241961712484026e-05, 1.2714657674644122e-05, 1.2770340709230522e-05]"
180,"[2.2675094014146748e-07, 2.696602812876535e-07, 2.851953322875024e-07, 2.9030063363535393e-07, 2.9819150240940077e-07]","[9.911880161727336e-06, 1.2078605390694574e-05, 1.2566651956408267e-05, 1.2176971044022856e-05, 1.2906179898963019e-05]"
181,"[1.991313893350589e-07, 2.3812297944504381e-07, 2.51488919741394e-07, 2.5666261847195367e-07, 2.568476842467081e-07]","[1.0245603252089059e-05, 1.24040141070302e-05, 1.2961062395659491e-05, 1.2587631676482614e-05, 1.296965385017796e-05]"
182,"[2.1012632513962163e-07, 2.505706577872331e-07, 2.6485918333309386e-07, 2.6682953827091283e-07, 2.6795012773240673e-07]","[9.80924315413471e-06, 1.1896460464687871e-05, 1.241718539047757e-05, 1.2111698131940532e-05, 1.2712938291251463e-05]"
183,"[2.2700209820658368e-07, 2.693346234942663e-07, 2.8501978054125515e-07, 2.8487058228218127e-07, 2.9263466713760356e-07]","[9.878116505666564e-06, 1.1927523599784684e-05, 1.2482427715353808e-05, 1.2238285844265523e-05, 1.286721651437411e-05]"
184,"[1.8369656452661085e-07, 2.2026900442178838e-07, 2.3180809427095213e-07, 2.3166366198623036e-07, 2.3373391656411905e-07]","[1.0105874663752043e-05, 1.2272149621673106e-05, 1.2789257181388327e-05, 1.2474081028439762e-05, 1.3155276854998056e-05]"
185,"[2.2868518066426833e-07, 2.7188174796332e-07, 2.879914665402776e-07, 2.9132494332691213e-07, 2.9287930633930195e-07]","[1.0788207351003367e-05, 1.3077592949271836e-05, 1.3649560415837845e-05, 1.3074069433943943e-05, 1.3060193656043594e-05]"
186,"[1.7020697196727228e-07, 2.037360657350653e-07, 2.146968826608461e-07, 2.1530271973672728e-07, 2.1482487248904244e-07]","[9.3102285256276e-06, 1.1253233931395814e-05, 1.1761815157393146e-05, 1.1428552186814282e-05, 1.1770306545282586e-05]"
187,"[1.5754646440269213e-07, 1.8972318874457667e-07, 1.990171577948937e-07, 1.9635837925798227e-07, 1.9588275922824283e-07]","[9.60426345524181e-06, 1.1635610437514735e-05, 1.2133517681465716e-05, 1.1728397394081407e-05, 1.2216647629919297e-05]"
188,"[1.7038833229834416e-07, 2.04698922720957e-07, 2.1512052118556585e-07, 2.134108377321465e-07, 2.1320071851929e-07]","[1.021683237917659e-05, 1.2431080411919189e-05, 1.2916108418219474e-05, 1.21022923916017e-05, 1.2238474570628916e-05]"
189,"[1.8157321696651324e-07, 2.17998575752159e-07, 2.286738653019391e-07, 2.20636895798106e-07, 2.168108475476418e-07]","[9.110087242595009e-06, 1.1059215893845431e-05, 1.1513808512867818e-05, 1.092517860433086e-05, 1.1304617515233172e-05]"
190,"[1.856454021015772e-07, 2.2297708971181158e-07, 2.344229980250245e-07, 2.3220677065353417e-07, 2.2884151505789353e-07]","[1.0026889615323971e-05, 1.218832176274357e-05, 1.268798702959841e-05, 1.2021005357304632e-05, 1.2089500060157913e-05]"
191,"[1.6870989876114921e-07, 2.036883363710014e-07, 2.135516482620809e-07, 2.096758162188305e-07, 1.9742395450585112e-07]","[9.410310540687959e-06, 1.1440289540680762e-05, 1.190633477156405e-05, 1.1273270764035284e-05, 1.1044722469474492e-05]"
192,"[1.8956492855855668e-07, 2.271381715482489e-07, 2.394710855959826e-07, 2.4070456944444023e-07, 2.368831340032861e-07]","[1.0046748468086913e-05, 1.2102099017874627e-05, 1.2680502410853364e-05, 1.2385021109723149e-05, 1.2734440135675228e-05]"
193,"[2.075234091344785e-07, 2.489935757952813e-07, 2.6257727839214654e-07, 2.65590609666863e-07, 2.5870356947882136e-07]","[1.0232727662050174e-05, 1.236312715007348e-05, 1.2944339763271649e-05, 1.2820782365491473e-05, 1.338576536780752e-05]"
194,"[1.8201968877437654e-07, 2.1828360447441584e-07, 2.3012320188522258e-07, 2.3381854577602281e-07, 2.324491707578589e-07]","[9.318875689281035e-06, 1.1259137516637538e-05, 1.1773448320793421e-05, 1.1546686033721197e-05, 1.2274360508639576e-05]"
195,"[1.8147123497157112e-07, 2.1682773248409388e-07, 2.2852788435013591e-07, 2.2687616711499735e-07, 2.300102115608164e-07]","[1.015205406510998e-05, 1.222431495768888e-05, 1.2803438430573933e-05, 1.2510374601083924e-05, 1.3378113023001602e-05]"
196,"[1.6770064788172145e-07, 2.0189227956099704e-07, 2.120394357376393e-07, 2.1444183838851048e-07, 2.1273436430539826e-07]","[9.655167441107998e-06, 1.1713202435582147e-05, 1.222653486282623e-05, 1.2161001004251184e-05, 1.2458741373597544e-05]"
197,"[1.9427656878530268e-07, 2.315701721620389e-07, 2.4443306195322024e-07, 2.4331949103858637e-07, 2.4565106783482147e-07]","[1.039367792172237e-05, 1.2507724306362653e-05, 1.3088965491016828e-05, 1.2452288021731914e-05, 1.289962336772985e-05]"
198,"[2.04571032122808e-07, 2.4310826095723765e-07, 2.578370431149786e-07, 2.6534045500503204e-07, 2.702783415364121e-07]","[1.0516559166689084e-05, 1.2659607935469447e-05, 1.3277936880492843e-05, 1.3070324514647933e-05, 1.3609745444284726e-05]"
199,"[1.4935292860863296e-07, 1.8030052136768576e-07, 1.892776618350195e-07, 1.901068718205886e-07, 1.8341562939383822e-07]","[9.05678177969947e-06, 1.0947948710811029e-05, 1.1459690388644878e-05, 1.1379251735149577e-05, 1.157465297455569e-05]"
200,"[1.7184090332394114e-07, 2.0510809351570447e-07, 2.166077746517743e-07, 2.1880206441569706e-07, 2.245500119403736e-07]","[9.623798118595679e-06, 1.1607245055019809e-05, 1.213565197312208e-05, 1.169852393861575e-05, 1.2468137471548635e-05]"
201,"[1.4105066629884097e-07, 1.717767137046559e-07, 1.789247716343176e-07, 1.7935558778275727e-07, 1.8050247701689219e-07]","[9.451800934635566e-06, 1.1665762637088952e-05, 1.202288071038938e-05, 1.1569923261946134e-05, 1.1650448554620668e-05]"
202,"[1.663721873333512e-07, 1.990903205044328e-07, 2.096111981284698e-07, 2.1124583279448822e-07, 2.1427998714040134e-07]","[9.533998552121484e-06, 1.1447509869108343e-05, 1.2018133578944756e-05, 1.2110116576034442e-05, 1.2748699795153092e-05]"
203,"[1.8020135159907164e-07, 2.1538815415569434e-07, 2.272110611743445e-07, 2.2810572106687064e-07, 2.322812351757933e-07]","[1.0086139851229738e-05, 1.2187426173292635e-05, 1.2736902619418642e-05, 1.2257306581684406e-05, 1.287280401820287e-05]"
204,"[3.260296029773834e-07, 3.839612721990298e-07, 4.087452314691149e-07, 4.16767104143068e-07, 4.291613599720721e-07]","[1.4244801890945372e-05, 1.6810176771167958e-05, 1.7852680336593944e-05, 1.8209929060659623e-05, 1.9485204364126584e-05]"
205,"[3.157708271849838e-07, 3.7389593164999285e-07, 3.982447177377255e-07, 4.152025391671284e-07, 4.135144579187242e-07]","[1.2359289415438317e-05, 1.4733228616742312e-05, 1.5577564358495863e-05, 1.5998983075623736e-05, 1.7007001830309235e-05]"
206,"[2.4128313777751076e-07, 2.8832394574904526e-07, 3.0460248048536694e-07, 3.1068410118918764e-07, 3.120935939217251e-07]","[1.0942450548898457e-05, 1.323305801241018e-05, 1.3838276764779957e-05, 1.3705244364692523e-05, 1.4572024148324257e-05]"
207,"[1.7855411825673664e-07, 2.1493138833761075e-07, 2.260318304892431e-07, 2.2550071542293612e-07, 2.1837013340631553e-07]","[1.015673774673067e-05, 1.2312976223232462e-05, 1.2840803665373407e-05, 1.2309493214610238e-05, 1.2542409372723047e-05]"
208,"[1.7702504325124772e-07, 2.1293000756795024e-07, 2.2378876632683708e-07, 2.228137723666811e-07, 2.1876964753602787e-07]","[9.732160715568918e-06, 1.1833803727227164e-05, 1.2326806621639388e-05, 1.1899611303631097e-05, 1.1674362752127465e-05]"
209,"[1.8474896140082004e-07, 2.2183890853784362e-07, 2.3383017889138524e-07, 2.4046451000489683e-07, 2.4149664743895333e-07]","[1.0244576380198448e-05, 1.242219854847996e-05, 1.2968673118837667e-05, 1.2787648867551239e-05, 1.346786130603389e-05]"
210,"[1.7058749159498733e-07, 2.050186047047712e-07, 2.154360278085271e-07, 2.1282583479655882e-07, 2.0902776346812978e-07]","[9.880646223958441e-06, 1.195984883300716e-05, 1.2490487305003342e-05, 1.211511518555019e-05, 1.2142524376957654e-05]"
211,"[2.1558814827483733e-07, 2.5847981218443923e-07, 2.7254000981084903e-07, 2.731280833300331e-07, 2.6711305480635655e-07]","[9.849522291786768e-06, 1.1906015700282294e-05, 1.2441333244211926e-05, 1.2043440355354335e-05, 1.2546929527013825e-05]"
212,"[2.5160351266072613e-07, 2.9934592214939985e-07, 3.170670259889015e-07, 3.2222349246970677e-07, 3.22074385781259e-07]","[1.1655512324593193e-05, 1.4080759810152811e-05, 1.4718513629989066e-05, 1.414592112542539e-05, 1.4375203909314654e-05]"
213,"[1.809985107565871e-07, 2.1594817024542402e-07, 2.2800363363062482e-07, 2.2991954952461395e-07, 2.3230353936106241e-07]","[1.0366795442567495e-05, 1.2514588876503308e-05, 1.3110077578946952e-05, 1.2907765511749966e-05, 1.3326365759674088e-05]"
214,"[1.769262323511165e-07, 2.103024319376253e-07, 2.2291293275394553e-07, 2.3389616618493216e-07, 2.4397966115317895e-07]","[9.606656850664893e-06, 1.1623480563729493e-05, 1.2153830040045274e-05, 1.2363466072578358e-05, 1.3064662333997971e-05]"
215,"[2.383482263942707e-07, 2.828088793678248e-07, 3.000070357745481e-07, 3.058403063192627e-07, 3.0756873329318913e-07]","[1.178212861293229e-05, 1.414371506891999e-05, 1.4859132012008277e-05, 1.4673771720407499e-05, 1.4956469238628917e-05]"
216,"[2.077870567135732e-07, 2.480687509837404e-07, 2.620055431294961e-07, 2.6194342655804237e-07, 2.586196302322834e-07]","[1.0388997665318534e-05, 1.2538245116533783e-05, 1.3151309435774828e-05, 1.2998822916842184e-05, 1.3219050944146171e-05]"
217,"[1.9873729782345802e-07, 2.3691610316145992e-07, 2.505951471261058e-07, 2.555101934260168e-07, 2.5742666544483584e-07]","[1.0277917810465544e-05, 1.240412983966685e-05, 1.2972140184701301e-05, 1.2724595582019997e-05, 1.3466930555795253e-05]"
218,"[2.4165171629928096e-07, 2.8600381368961077e-07, 3.0347549878620035e-07, 3.068713858613525e-07, 3.1421650783388107e-07]","[1.1996736793516047e-05, 1.4325889364075995e-05, 1.508448790120912e-05, 1.5021527453315403e-05, 1.5988054025474622e-05]"
219,"[2.5255405477023724e-07, 3.011699634883166e-07, 3.17789034561326e-07, 3.2223332030303786e-07, 3.34655979489153e-07]","[1.2256822732202472e-05, 1.4700202039320175e-05, 1.5478350860780225e-05, 1.5672948207917547e-05, 1.6495330169833314e-05]"
220,"[2.721827459989277e-07, 3.220012079962362e-07, 3.418141131081637e-07, 3.472279262296401e-07, 3.5362968122747496e-07]","[1.2900471373780207e-05, 1.5323894093035644e-05, 1.621944379190077e-05, 1.6646316122800327e-05, 1.775586566256896e-05]"
221,"[2.42875838789338e-07, 2.8676953451051244e-07, 3.053113516015823e-07, 3.1398783064843335e-07, 3.2010009165487296e-07]","[1.1907919159375838e-05, 1.4220443319467375e-05, 1.4995858742990217e-05, 1.4940914457716599e-05, 1.525373760729531e-05]"
222,"[3.091562440841193e-07, 3.6295129661641345e-07, 3.8736334378087697e-07, 4.0014633921118046e-07, 4.143179877962104e-07]","[1.170506148605488e-05, 1.39423231576767e-05, 1.4699549439875244e-05, 1.4705877073266364e-05, 1.5363099972851773e-05]"
223,"[2.0726717519650833e-07, 2.4704184535249063e-07, 2.61146976597287e-07, 2.6327580303454897e-07, 2.611370684109265e-07]","[1.0691579536873823e-05, 1.2793657135982088e-05, 1.344970930857823e-05, 1.3171191646524616e-05, 1.3564539475813086e-05]"
224,"[2.0399515591053072e-07, 2.4274079714909013e-07, 2.568318646230088e-07, 2.599383368826745e-07, 2.6378625498884683e-07]","[1.0916861336616858e-05, 1.2988204753195727e-05, 1.3715770195675583e-05, 1.3804052031838385e-05, 1.4772415682318045e-05]"
225,"[1.7010352180380786e-07, 2.044161414379456e-07, 2.1487378102701968e-07, 2.137446929255282e-07, 2.0710000414617836e-07]","[9.39393565578173e-06, 1.1295975883194108e-05, 1.1848329281626247e-05, 1.16462668047439e-05, 1.1712676567297011e-05]"
226,"[2.6071463301055867e-07, 3.09139560676246e-07, 3.2747853911992606e-07, 3.2739540123490656e-07, 3.295407451313464e-07]","[1.2070386765984771e-05, 1.4411752689929274e-05, 1.5170149623245406e-05, 1.5000992376301672e-05, 1.5784357406549435e-05]"
227,"[1.467966795234544e-07, 1.7710821056146132e-07, 1.8583229852670863e-07, 1.8624596962295497e-07, 1.8249590910370482e-07]","[8.908739426271457e-06, 1.0808971329717045e-05, 1.1266496964193755e-05, 1.0878655386423234e-05, 1.1161046120009254e-05]"
228,"[1.4578972211499455e-07, 1.749448726313166e-07, 1.8410907902815616e-07, 1.8572365819021399e-07, 1.8474182353864757e-07]","[9.438459403701163e-06, 1.1286059432807723e-05, 1.1856760276773467e-05, 1.1411879387852908e-05, 1.1533822968339071e-05]"
229,"[1.4504893994421829e-07, 1.7473932665699775e-07, 1.8329872818202023e-07, 1.8249399697252316e-07, 1.8370451617624816e-07]","[8.501605377901009e-06, 1.0319785792194812e-05, 1.0745894174860548e-05, 1.0343756942992035e-05, 1.0982909786835346e-05]"
230,"[1.6147786709239624e-07, 1.9238488112694134e-07, 2.0329844893030392e-07, 2.041199121221717e-07, 2.031420570724181e-07]","[8.563820880665257e-06, 1.0281549785879583e-05, 1.0764409590126871e-05, 1.029846796838553e-05, 1.0432158639670017e-05]"
231,"[1.9463791043425385e-07, 2.306880371936038e-07, 2.4472657336362474e-07, 2.4876488397979355e-07, 2.519834229396816e-07]","[9.376896469529074e-06, 1.128171309259294e-05, 1.183200728635911e-05, 1.1564364921097597e-05, 1.1747314529559025e-05]"
232,"[1.8390678937105084e-07, 2.1911850846278622e-07, 2.3158221729106771e-07, 2.3098219396097204e-07, 2.2931763120248712e-07]","[9.327921514269359e-06, 1.117929371510051e-05, 1.1739376004892053e-05, 1.1444020132932157e-05, 1.1676581229805969e-05]"
233,"[1.6059251239199315e-07, 1.9198111636540247e-07, 2.0243462600068008e-07, 2.0332408892432312e-07, 2.0423045655173014e-07]","[9.542590490709105e-06, 1.1420822495468347e-05, 1.2008966189115984e-05, 1.1805047087353695e-05, 1.2037712279284333e-05]"
234,"[1.4548428922385405e-07, 1.7553551275984278e-07, 1.8404438993484365e-07, 1.8170662194047752e-07, 1.7943637743632751e-07]","[9.004451603678319e-06, 1.0938763667709247e-05, 1.1406748982668357e-05, 1.1057995203658324e-05, 1.1345819117426584e-05]"
235,"[2.2716188787990642e-07, 2.697209486837413e-07, 2.8609761241474425e-07, 2.9371214761976756e-07, 2.9594410378471366e-07]","[1.0134344993127946e-05, 1.211318459786773e-05, 1.2738991736983603e-05, 1.2597491448839399e-05, 1.3265244192192077e-05]"
236,"[3.50355760381487e-07, 4.120222754548444e-07, 4.342173691888103e-07, 4.572437108442724e-07, 4.314755002558116e-07]","[1.6182129463142187e-05, 1.9113379652253e-05, 1.991516720242077e-05, 1.9226820669435957e-05, 1.7970634070293953e-05]"
237,"[2.620724244132076e-07, 3.089516290697307e-07, 3.2899008302882593e-07, 3.362611756365772e-07, 3.392816837272282e-07]","[1.2514099669190026e-05, 1.4882998236101063e-05, 1.5704481755336105e-05, 1.5307860662669498e-05, 1.5196522703887716e-05]"
238,"[3.231501949112661e-07, 3.793468195312358e-07, 4.054165698079249e-07, 4.216160779882032e-07, 4.3427631266306524e-07]","[1.3239708571465413e-05, 1.557274316441867e-05, 1.6557151231209353e-05, 1.685542832308505e-05, 1.829226949705829e-05]"
239,"[3.239817772820151e-07, 3.858402874126634e-07, 4.0902566805339305e-07, 4.16821764108031e-07, 4.0477369138951174e-07]","[1.3469212164253377e-05, 1.608953423519532e-05, 1.6974541634993638e-05, 1.71053975448832e-05, 1.775330133725531e-05]"
240,"[3.200244592218355e-07, 3.832829096205629e-07, 4.0393334625204255e-07, 3.9702465648318994e-07, 3.757208755500123e-07]","[1.3200258325891286e-05, 1.5822019628990445e-05, 1.6622585696472276e-05, 1.6057608176247636e-05, 1.5812282410140477e-05]"
241,"[3.1758125209587863e-07, 3.782946124119347e-07, 3.995656235016431e-07, 3.904155707009616e-07, 3.7368840749805204e-07]","[1.4212260032838866e-05, 1.6970870056522456e-05, 1.7887179840268145e-05, 1.742777140818706e-05, 1.7015416853915747e-05]"
242,"[2.9197844543346834e-07, 3.515623509429741e-07, 3.684818199636615e-07, 3.4828977868125456e-07, 3.1777734234638414e-07]","[1.2089563394792838e-05, 1.4582778467093115e-05, 1.5253053432443655e-05, 1.4436603145674158e-05, 1.3870765208652584e-05]"
243,"[3.5249074110823217e-07, 4.2442675535751093e-07, 4.4400575365521097e-07, 4.131279881904137e-07, 3.79832926596814e-07]","[1.4551438063978785e-05, 1.7464219403067143e-05, 1.8334914297545955e-05, 1.76546462718089e-05, 1.7142375375705786e-05]"
244,"[2.906128074816466e-07, 3.488003877494017e-07, 3.6624620683243803e-07, 3.492099856979806e-07, 3.272178634214524e-07]","[1.247227838728322e-05, 1.4990087968122682e-05, 1.5723654368064842e-05, 1.5157639350639101e-05, 1.4866059212135339e-05]"
245,"[3.975412868084552e-07, 4.798078372880309e-07, 5.013405865491518e-07, 4.6249094927415165e-07, 4.110081826123219e-07]","[1.6358164260547555e-05, 1.970105796102504e-05, 2.0614819265443534e-05, 1.9230171325063627e-05, 1.7803124007265467e-05]"
246,"[2.937847012484304e-07, 3.545814761546055e-07, 3.707523852855604e-07, 3.463232496010599e-07, 3.1309610629941e-07]","[1.21819088936515e-05, 1.4651011743887735e-05, 1.5331462903065176e-05, 1.452195397408875e-05, 1.4307402790721545e-05]"
247,"[3.592938128668467e-07, 4.329757101501948e-07, 4.5263041025394297e-07, 4.172829542662133e-07, 3.81153662905645e-07]","[1.4079518116482303e-05, 1.6929368061114457e-05, 1.773095408341444e-05, 1.6908430041356486e-05, 1.6797106898677178e-05]"
248,"[4.1405133615584565e-07, 5.013949972374947e-07, 5.221255790999648e-07, 4.710222990383871e-07, 4.1401770244870477e-07]","[1.6513465621247047e-05, 1.9871603772012706e-05, 2.0780683039071078e-05, 1.934611209361482e-05, 1.8351737130734508e-05]"
249,"[2.6714721135316917e-07, 3.2242064236071295e-07, 3.3737191311013394e-07, 3.195268740336214e-07, 2.954246220769054e-07]","[1.3487105006391459e-05, 1.62390138963011e-05, 1.699137227841459e-05, 1.6082537112589983e-05, 1.5619524205046172e-05]"
250,"[2.766226918485552e-07, 3.3007827614211894e-07, 3.490238056107956e-07, 3.501835437722602e-07, 3.3887757706447226e-07]","[1.2348204576947792e-05, 1.4828584718392922e-05, 1.5593042051698523e-05, 1.5421689966360538e-05, 1.55443552909041e-05]"
251,"[3.3629491139630155e-07, 4.0113892948622824e-07, 4.238888080659111e-07, 4.2048230856798464e-07, 4.029183491279552e-07]","[1.215781283362585e-05, 1.447437700404593e-05, 1.5298067859559645e-05, 1.5579463548657173e-05, 1.6411096018987712e-05]"
252,"[3.4593891099447026e-07, 4.098669381769329e-07, 4.3379324072111046e-07, 4.313228567702063e-07, 4.2370301287928636e-07]","[1.3093806057431978e-05, 1.559752846678211e-05, 1.6482411523141033e-05, 1.6403280906862596e-05, 1.647804931352298e-05]"
253,"[2.062716876798961e-07, 2.492711142735759e-07, 2.610939502008841e-07, 2.553059891299714e-07, 2.4083280092234944e-07]","[1.0171285633618186e-05, 1.2288830440767704e-05, 1.2794810781998907e-05, 1.1975880515296771e-05, 1.2266114363674546e-05]"
254,"[1.3689523574744063e-07, 1.6521957188033836e-07, 1.7330293093197337e-07, 1.723860091248451e-07, 1.679433831281649e-07]","[9.090256995258607e-06, 1.0984940207481029e-05, 1.1474737156864933e-05, 1.095204414367764e-05, 1.1004478784997207e-05]"
255,"[1.7889035949727458e-07, 2.0523409975490068e-07, 2.1186500875205337e-07, 3.364017067088535e-07, 1.9782651570039183e-07]","[1.0335057987887866e-05, 1.2159472846382309e-05, 1.2520545309910578e-05, 1.840618153578342e-05, 1.2520823788308187e-05]"
256,"[1.3586788776384208e-07, 1.640582028964465e-07, 1.718649671412376e-07, 1.6946834583294652e-07, 1.6869742606456612e-07]","[9.065794156425654e-06, 1.0981215102023906e-05, 1.1464332098637951e-05, 1.1001880414410643e-05, 1.1212403720957078e-05]"
257,"[1.5111894914258714e-07, 1.76474764813687e-07, 1.8148525104243865e-07, 2.456392981304093e-07, 1.6916467460958738e-07]","[9.08228338825678e-06, 1.0812536718766711e-05, 1.1239501001480531e-05, 1.2962644942563631e-05, 1.1327035969682153e-05]"
258,"[1.5023167024218958e-07, 1.8047080671126112e-07, 1.8915786472271568e-07, 1.9673173878715097e-07, 1.82964902760417e-07]","[8.87634926350456e-06, 1.0703961779103639e-05, 1.1173653595845246e-05, 1.0685113570734597e-05, 1.1207575508728961e-05]"
259,"[1.5816745663370008e-07, 1.9066657958165356e-07, 1.9996978614521893e-07, 1.9686888004811867e-07, 1.9025045673246702e-07]","[9.029897754121142e-06, 1.0935453524596094e-05, 1.1416973515038984e-05, 1.1078844893784955e-05, 1.1458853907591701e-05]"
260,"[1.4451678106262712e-07, 1.7631625450113158e-07, 1.8340177101221676e-07, 1.779733616084492e-07, 1.6985591699070336e-07]","[9.175733977077038e-06, 1.1226253374748282e-05, 1.1637885221580017e-05, 1.1055613681875541e-05, 1.0792587531663306e-05]"
261,"[2.554952509847071e-07, 3.0274459559398817e-07, 3.211925058668537e-07, 3.233665502935027e-07, 3.214735058983287e-07]","[1.3472805024889427e-05, 1.5941754075205028e-05, 1.692011032045628e-05, 1.7147499150731416e-05, 1.75708055081961e-05]"
262,"[2.672310582599513e-07, 3.161246873464469e-07, 3.361505498737969e-07, 3.45216158054414e-07, 3.422586750707041e-07]","[1.4683536935150458e-05, 1.7379665054133242e-05, 1.8418388489619206e-05, 1.842350568874422e-05, 1.867338345600362e-05]"
263,"[2.621514826699872e-07, 3.082430416911764e-07, 3.2853921901269954e-07, 3.360865132059007e-07, 3.449826475382412e-07]","[1.5421457724227912e-05, 1.81112500261791e-05, 1.9329493537517845e-05, 1.9996856119548202e-05, 2.0960131306799932e-05]"
264,"[2.438993622269457e-07, 2.881211323787439e-07, 3.0519456622199827e-07, 3.115459857482992e-07, 3.272949365495977e-07]","[1.2906195633447987e-05, 1.522112581697686e-05, 1.617250840821454e-05, 1.659526068103643e-05, 1.8064088985526235e-05]"
265,"[4.795855293504978e-07, 5.764237045739098e-07, 6.027309687996606e-07, 5.521785817304845e-07, 5.152922409351773e-07]","[1.9850100342878183e-05, 2.3942696186782785e-05, 2.494417032876251e-05, 2.2672346241980554e-05, 2.211099212252905e-05]"
266,"[5.847529507444606e-07, 7.086690149009911e-07, 7.364366504969734e-07, 6.600641271009483e-07, 5.997284128625735e-07]","[2.5556121169840882e-05, 3.1010430912014705e-05, 3.213658396621736e-05, 2.8451825442588667e-05, 2.689045550520423e-05]"
267,"[5.779768426981213e-07, 7.049588558379916e-07, 7.294524662517072e-07, 6.429401592721625e-07, 5.744814215334445e-07]","[2.5427379566401624e-05, 3.091755883538097e-05, 3.200806053571381e-05, 2.8473630351661012e-05, 2.7516799454117017e-05]"
268,"[5.957402293062561e-07, 7.31462392270785e-07, 7.52669937582183e-07, 6.401718309262928e-07, 5.529020914732313e-07]","[2.7113745128044647e-05, 3.31325027345774e-05, 3.415812770500293e-05, 2.9378441089328012e-05, 2.7168858059296204e-05]"
269,"[6.003323130885863e-07, 7.399176152615268e-07, 7.592563459884057e-07, 6.375542820442646e-07, 5.459261822078667e-07]","[2.733968404125831e-05, 3.308491073795372e-05, 3.4369713004487546e-05, 3.1304191853281136e-05, 3.084063318465161e-05]"
270,"[5.942175425655576e-07, 7.27793706776344e-07, 7.50628422211157e-07, 6.484231915077809e-07, 5.601106681990642e-07]","[2.550775579457449e-05, 3.0866861330030715e-05, 3.208679434819151e-05, 2.9398001456126973e-05, 2.911169733900358e-05]"
271,"[5.737738270855897e-07, 6.969290135675688e-07, 7.234464974941498e-07, 6.419967677795168e-07, 5.72279978329183e-07]","[2.288583558580143e-05, 2.7540984877627675e-05, 2.874718387826867e-05, 2.6559103284912386e-05, 2.6317278727000182e-05]"
272,"[4.4093590784819116e-07, 5.260024982814937e-07, 5.534332556512698e-07, 5.285860736862213e-07, 5.110154128828082e-07]","[1.8812077835078435e-05, 2.2297265164857984e-05, 2.3606840525335406e-05, 2.3375937182773063e-05, 2.3661394773903372e-05]"
273,"[4.7357539172148715e-07, 5.71866306815216e-07, 5.960460845754787e-07, 5.500170629820754e-07, 5.121030076748438e-07]","[2.1623782943131033e-05, 2.5903371947017097e-05, 2.7210066934158345e-05, 2.647439625218015e-05, 2.6371377997622707e-05]"
274,"[4.678584565687811e-07, 5.600909612600212e-07, 5.888256820782427e-07, 5.679819396909192e-07, 5.507561032638733e-07]","[1.9357754079350094e-05, 2.3199210572651454e-05, 2.433561126367666e-05, 2.33965325970584e-05, 2.3876213476825474e-05]"
275,"[3.463543296672935e-07, 4.1117756339338365e-07, 4.355851011895961e-07, 4.3641765401028817e-07, 4.2717401188416727e-07]","[1.2008155156243479e-05, 1.427448155491886e-05, 1.509132504245327e-05, 1.5174358822287086e-05, 1.577810638399717e-05]"
276,"[3.119528301752575e-07, 3.695845188432562e-07, 3.919540941965596e-07, 3.916928942710052e-07, 3.863315443390754e-07]","[1.3528663294146423e-05, 1.6039769400807338e-05, 1.699759772226634e-05, 1.713970474210279e-05, 1.7574521079341085e-05]"
277,"[1.834931506322001e-07, 2.2082757408720698e-07, 2.31768520223709e-07, 2.3184363023695713e-07, 2.216864303645108e-07]","[1.0131857799163532e-05, 1.2209927299613031e-05, 1.2746852375610233e-05, 1.2429313750689724e-05, 1.2371633366488177e-05]"
278,"[1.3910761034578108e-07, 1.6684902024521096e-07, 1.746976789740247e-07, 1.7106827395367412e-07, 1.6774405525188508e-07]","[8.465692922081048e-06, 1.0177579377648298e-05, 1.0638843515474529e-05, 1.0039526057680274e-05, 9.772939421516106e-06]"
279,"[1.6063805984665487e-07, 1.9316801684674663e-07, 2.0303647650366707e-07, 2.062418843556585e-07, 2.0276398730632743e-07]","[9.733270139706114e-06, 1.1746418324315301e-05, 1.2288727186918022e-05, 1.226896537830463e-05, 1.2344227996913218e-05]"
280,"[1.6924203616241023e-07, 2.0363631738088824e-07, 2.131649737809837e-07, 2.0703296360088718e-07, 1.971434477307632e-07]","[9.581335249490217e-06, 1.1559903107193032e-05, 1.2084561731225667e-05, 1.1618091332016414e-05, 1.1389219081770163e-05]"
281,"[1.553824080752905e-07, 1.888819903058022e-07, 1.9690535363915466e-07, 1.9241679822354124e-07, 1.7962829592435478e-07]","[9.131572841731382e-06, 1.1074113599781342e-05, 1.1523385297125991e-05, 1.1035692590803273e-05, 1.0980760460638315e-05]"
282,"[1.4394441494250296e-07, 1.7430510369539772e-07, 1.824416647098656e-07, 1.787144999367872e-07, 1.7006369395921625e-07]","[8.877156961387476e-06, 1.0701967088175228e-05, 1.1191455116107912e-05, 1.0795585462111687e-05, 1.0936476222721681e-05]"
283,"[1.42224646654783e-07, 1.7318934555719432e-07, 1.8060213072691223e-07, 1.769961653087876e-07, 1.6688238839248042e-07]","[8.935627896015045e-06, 1.0868462760361526e-05, 1.1278415691832758e-05, 1.0560928211568545e-05, 1.0575553645234938e-05]"
284,"[1.8080890173707558e-07, 2.1847842382511632e-07, 2.288481642711954e-07, 2.2633514280497364e-07, 2.115218663565549e-07]","[9.996426484451223e-06, 1.2139391825890481e-05, 1.263950425754525e-05, 1.218256333000179e-05, 1.1679899846705403e-05]"
285,"[1.8729220923601548e-07, 2.2814573349328909e-07, 2.3797474469002187e-07, 2.3180481412529575e-07, 2.147000633564502e-07]","[9.572620899754599e-06, 1.1752953388189376e-05, 1.2144478273496119e-05, 1.130176945445367e-05, 1.1037276431635035e-05]"
286,"[1.445006240902396e-07, 1.75888615101463e-07, 1.8325783874213266e-07, 1.8185796212547767e-07, 1.760515001566729e-07]","[8.832119968046632e-06, 1.074237022761356e-05, 1.1149720661597481e-05, 1.0918739736356535e-05, 1.146812226504731e-05]"
287,"[1.4168936484701698e-07, 1.7269152180667414e-07, 1.7976689190519454e-07, 1.775683084486948e-07, 1.6973107376534398e-07]","[8.862395588384647e-06, 1.079110497740783e-05, 1.1225300291617718e-05, 1.1134517685720935e-05, 1.0958885533945147e-05]"
288,"[1.4393797634518424e-07, 1.743280350957439e-07, 1.821918666501689e-07, 1.7986449587020893e-07, 1.7236833900643468e-07]","[9.280640348161041e-06, 1.1255067088575116e-05, 1.1715055192620635e-05, 1.1254245995323198e-05, 1.116897861470013e-05]"
289,"[1.5496048950088055e-07, 1.882463965453636e-07, 1.961783867135879e-07, 1.9401256915063383e-07, 1.8762575946933067e-07]","[1.0195709158822688e-05, 1.24300463484386e-05, 1.2883952718535052e-05, 1.2263645313022412e-05, 1.206493565616206e-05]"
290,"[1.5053974817764955e-07, 1.8257650845703576e-07, 1.9055342726840162e-07, 1.873418382638583e-07, 1.8189665611313533e-07]","[8.925096963124128e-06, 1.0828549273483539e-05, 1.1280758321321787e-05, 1.0914590737521375e-05, 1.0895438644444799e-05]"
291,"[1.2315528689910493e-07, 1.4133648652210442e-07, 1.4800127089808246e-07, 1.6135507781220686e-07, 1.7398367724807872e-07]","[6.851989657731553e-06, 7.963375041513854e-06, 8.390745169211769e-06, 9.434039095345457e-06, 1.0144146751110444e-05]"
292,"[2.3084582653249394e-07, 2.651458344829011e-07, 2.8307501452373067e-07, 2.890095504915804e-07, 3.154438307229578e-07]","[9.489766367259465e-06, 1.115525006065601e-05, 1.1838632563041653e-05, 1.2445908463542469e-05, 1.2574153516090677e-05]"
293,"[1.850742322219245e-07, 2.1527050011546164e-07, 2.2959855249901962e-07, 2.6606841944747134e-07, 2.62988416673682e-07]","[9.966969764886933e-06, 1.1435094166974413e-05, 1.216536245164344e-05, 1.3509015677810814e-05, 1.3933302935297558e-05]"
294,"[1.3413245363684048e-07, 1.4349326339394052e-07, 1.5325500238937905e-07, 1.791193968273635e-07, 2.171242598785724e-07]","[7.1783596403166886e-06, 7.886236558377112e-06, 8.365483731702144e-06, 9.565432781629468e-06, 1.135723457413903e-05]"
295,"[4.069029026305106e-07, 4.88371496585781e-07, 5.095866586743887e-07, 4.6068366873836925e-07, 4.186843080193874e-07]","[1.8048492908300057e-05, 2.1662061171872462e-05, 2.2587258538317165e-05, 2.0613942023172024e-05, 1.9206446710077242e-05]"
296,"[3.2374925410541454e-07, 3.927184464020063e-07, 4.0632642136625694e-07, 3.579960485700862e-07, 3.2088443304469876e-07]","[1.646207055024159e-05, 1.9904654883613024e-05, 2.0484867121553698e-05, 1.703220414662637e-05, 1.5617295951671498e-05]"
297,"[3.136919229429946e-07, 3.728374372268727e-07, 3.8788737216841885e-07, 3.600641262048859e-07, 3.4852894765309237e-07]","[1.549261704998551e-05, 1.818116715436237e-05, 1.893540758564682e-05, 1.6670643163840214e-05, 1.8054381023609166e-05]"
298,"[4.439144978313495e-07, 5.389514552391962e-07, 5.590764498255601e-07, 4.973157751230832e-07, 4.517360215411894e-07]","[1.909336224511206e-05, 2.3196079121137593e-05, 2.4039856732632426e-05, 2.137877730570974e-05, 2.0092351297225667e-05]"
299,"[5.584034970531605e-07, 6.876807454027457e-07, 7.058843843074844e-07, 5.904830910249154e-07, 4.984597592462293e-07]","[2.6330156451007667e-05, 3.231644205396969e-05, 3.3223639070818105e-05, 2.8342785232251834e-05, 2.5952649449110906e-05]"
300,"[3.847633124531138e-07, 4.6232078633970417e-07, 4.83321266511309e-07, 4.610572926108308e-07, 4.3403027739893026e-07]","[1.6238720488890814e-05, 1.9432532843293986e-05, 2.0379999506904887e-05, 1.951162218437933e-05, 1.9225592679965015e-05]"
301,"[3.6130940946555924e-07, 4.3361087301621737e-07, 4.5509080577679014e-07, 4.387493711167673e-07, 4.0903972704616756e-07]","[1.5588441211232582e-05, 1.874464188662366e-05, 1.9640295481580987e-05, 1.8663032947182086e-05, 1.8104271755417016e-05]"
302,"[3.902759527696971e-07, 4.6581423755657596e-07, 4.906001654259389e-07, 4.774390106391096e-07, 4.6696069461364135e-07]","[1.5555363788177902e-05, 1.844067916618736e-05, 1.9561708753909645e-05, 2.0128024510173907e-05, 2.0906061583972537e-05]"
303,"[4.2184935839483386e-07, 5.005262318727887e-07, 5.295627410536247e-07, 5.333255321715639e-07, 5.406348615868635e-07]","[1.6343413265776884e-05, 1.947347247976632e-05, 2.0533477233255834e-05, 2.0425158957655065e-05, 2.1120764508232122e-05]"
304,"[3.745455299477913e-07, 4.440170996680718e-07, 4.705887365263452e-07, 4.685949662798286e-07, 4.6209723758042093e-07]","[1.4604854217909447e-05, 1.725027213723459e-05, 1.8324869599597845e-05, 1.874137329397626e-05, 1.9671832256368465e-05]"
305,"[3.4227504109122357e-07, 4.061296320617471e-07, 4.303858464121389e-07, 4.333473273217481e-07, 4.212472884517406e-07]","[1.475754622110585e-05, 1.7458580868693837e-05, 1.8499912644572572e-05, 1.8687332713839484e-05, 1.891119725154497e-05]"
306,"[2.907726364892228e-07, 3.404395848197549e-07, 3.6228585589555713e-07, 3.663734751167338e-07, 3.8293663033798115e-07]","[1.324683547873815e-05, 1.549944604425789e-05, 1.6498808520033507e-05, 1.6849880166743797e-05, 1.8091917429033533e-05]"
307,"[3.4006277788608085e-07, 4.005866525437961e-07, 4.2602221368407877e-07, 4.2810204243763834e-07, 4.306647926868114e-07]","[1.5800966399194174e-05, 1.869934175141045e-05, 1.9791816205196533e-05, 1.9447178825014538e-05, 1.9652874004271653e-05]"
308,"[3.6607186674757295e-07, 4.405078427228418e-07, 4.6120762698236595e-07, 4.307249101722274e-07, 3.9569698087758673e-07]","[1.627250929119445e-05, 1.969760902157679e-05, 2.0491099379481167e-05, 1.8494273846318156e-05, 1.73689637507421e-05]"
309,"[4.184600769102093e-07, 5.039235748067707e-07, 5.274647363477864e-07, 4.920848814995273e-07, 4.4507517209613307e-07]","[1.6863206067031376e-05, 2.0388732184866978e-05, 2.1250383050145376e-05, 1.9425365185715724e-05, 1.787909991026273e-05]"
310,"[4.634986466816448e-07, 5.592666486134968e-07, 5.84354673680093e-07, 5.37129559748651e-07, 4.792130547495807e-07]","[1.8064160913515465e-05, 2.1813641986365394e-05, 2.273928961495819e-05, 2.074367931023847e-05, 1.9516119210534857e-05]"
311,"[4.81125836596925e-07, 5.803596529372652e-07, 6.067147536492878e-07, 5.621777780641019e-07, 5.05488285309653e-07]","[1.9573881372708172e-05, 2.3694211645085372e-05, 2.4678857503162847e-05, 2.24755883919587e-05, 2.058855240160815e-05]"
312,"[4.3347303503471165e-07, 5.235434479261316e-07, 5.461136689493684e-07, 4.982087247427852e-07, 4.466570146645094e-07]","[1.7360969758399213e-05, 2.096295498337102e-05, 2.1862539465979224e-05, 2.0173773795992178e-05, 1.8975535710233153e-05]"
313,"[3.734806308901359e-07, 4.4616865447101577e-07, 4.7001496675002393e-07, 4.5205049959744456e-07, 4.231451528795797e-07]","[1.6096671913937622e-05, 1.9328390865177262e-05, 2.028565220553431e-05, 1.9349647945235982e-05, 1.8069945182055815e-05]"
314,"[3.270993964275985e-07, 3.916843530930715e-07, 4.1158767602300005e-07, 3.91625084082451e-07, 3.6582327571872476e-07]","[1.3987150343400932e-05, 1.68254916114646e-05, 1.7603787802072456e-05, 1.6597813710724026e-05, 1.5812229614765624e-05]"
315,"[3.163564233621609e-07, 3.7659439158164805e-07, 3.979415141931446e-07, 3.9126344472075555e-07, 3.775276106502547e-07]","[1.2555682899617057e-05, 1.5034984250440257e-05, 1.580024476803243e-05, 1.5450213591415174e-05, 1.5693197404156186e-05]"
316,"[3.377940658967024e-07, 4.026703344829512e-07, 4.2499343015854747e-07, 4.1264119288769323e-07, 3.916921989226888e-07]","[1.2889910513601191e-05, 1.5485647794999047e-05, 1.6250432975778435e-05, 1.5629203810611978e-05, 1.5187947158368648e-05]"
317,"[2.8920807269659246e-07, 3.437978356310043e-07, 3.6387292106866546e-07, 3.6112159261736875e-07, 3.5032946847180584e-07]","[1.1998389448675255e-05, 1.4418178822417926e-05, 1.5130345628585882e-05, 1.4663429021124546e-05, 1.4574074937332167e-05]"
318,"[3.4078435115589696e-07, 4.081505203551715e-07, 4.2946158719667917e-07, 4.1288411438099354e-07, 3.8365747617341717e-07]","[1.445391969251899e-05, 1.7351436510529634e-05, 1.818170237046364e-05, 1.7090615708968318e-05, 1.6459806328731645e-05]"
319,"[3.7303937555770044e-07, 4.4813405976428644e-07, 4.697080874836231e-07, 4.3944913506288475e-07, 4.0548230981381715e-07]","[1.4917092500619599e-05, 1.791188012060208e-05, 1.8785957129325355e-05, 1.787474139428993e-05, 1.730610464387543e-05]"
320,"[2.845328873274023e-07, 3.38449227757315e-07, 3.5763213488636563e-07, 3.5075984495271234e-07, 3.4070628964620146e-07]","[1.2498918669275981e-05, 1.4952752825697921e-05, 1.5729728320566842e-05, 1.5220708305871439e-05, 1.4961450231291048e-05]"
321,"[2.804217875132424e-07, 3.307713766976557e-07, 3.5182811513637224e-07, 3.640006112880456e-07, 3.8624643027952164e-07]","[1.2135379990933553e-05, 1.4526388180332069e-05, 1.529043915887343e-05, 1.5087599063251597e-05, 1.4908716071989981e-05]"
322,"[1.5546599303330994e-07, 1.869709215976551e-07, 1.9628792823977816e-07, 1.925939643981201e-07, 1.8689101276719847e-07]","[9.846057564547984e-06, 1.1881728078591176e-05, 1.2422167917418975e-05, 1.180748244268696e-05, 1.1308961608188389e-05]"
323,"[1.4108209382075628e-07, 1.6921604540725058e-07, 1.7787213916705432e-07, 1.7656201283817018e-07, 1.7544592790090064e-07]","[8.621989784705147e-06, 1.0349880111343749e-05, 1.084968970670901e-05, 1.0510552992447097e-05, 1.0541130348785257e-05]"
324,"[1.4480681632346762e-07, 1.7553575726630884e-07, 1.8289811664649686e-07, 1.7237030195339983e-07, 1.6245883398056345e-07]","[9.917279169159462e-06, 1.2061163712585604e-05, 1.2531929802921852e-05, 1.1543260424346834e-05, 1.0685060270260271e-05]"
325,"[1.6427081681248427e-07, 1.9952868730625637e-07, 2.0818686424018627e-07, 2.0260094977975495e-07, 1.960190490539114e-07]","[1.0026260124785058e-05, 1.2164382834722544e-05, 1.2678815650292255e-05, 1.2127547012490745e-05, 1.1623646452848605e-05]"
326,"[1.365543561618857e-07, 1.6606291577981848e-07, 1.7285854325283053e-07, 1.7231165484866876e-07, 1.6916735577723924e-07]","[9.623780386191683e-06, 1.1597167378061053e-05, 1.211854614070809e-05, 1.2106114241105808e-05, 1.2381035553528673e-05]"
327,"[1.6257970220521993e-07, 1.9147071462831594e-07, 2.0322030222074586e-07, 2.1779609517580526e-07, 2.488492882804606e-07]","[9.255321171836182e-06, 1.1185288718735162e-05, 1.1675503982968039e-05, 1.1466945851290735e-05, 1.1821884504857392e-05]"
328,"[1.589643671002837e-07, 1.9014497090891565e-07, 1.9937513128792738e-07, 1.9655835320149486e-07, 2.1385469075836106e-07]","[9.803990178109893e-06, 1.1801067589927693e-05, 1.2338580286155047e-05, 1.1719166512794629e-05, 1.1789286741696356e-05]"
329,"[1.524591479731772e-07, 1.7955295806359e-07, 1.9063069667085263e-07, 1.9847516095460855e-07, 2.1495093427498144e-07]","[9.546598265410062e-06, 1.1523718356001843e-05, 1.2043891721969985e-05, 1.173508906214327e-05, 1.1430931746207201e-05]"
330,"[1.565282960422766e-07, 1.8958345261186972e-07, 1.9835654084641195e-07, 1.9555713880517785e-07, 1.8500359269567254e-07]","[9.814117860815325e-06, 1.1860443782426312e-05, 1.2394777903980825e-05, 1.2049918917609974e-05, 1.1766065613569628e-05]"
331,"[1.3478240492466074e-07, 1.6274883940885023e-07, 1.7042692605914957e-07, 1.7004070083159586e-07, 1.6628588698845954e-07]","[8.715693674909652e-06, 1.0535352621612485e-05, 1.1000299996411418e-05, 1.0829908275765652e-05, 1.0753836349758419e-05]"
332,"[1.3260155342880885e-07, 1.605189473089391e-07, 1.679640073876135e-07, 1.679320668692562e-07, 1.622902583495783e-07]","[9.28399271273193e-06, 1.1216247641583522e-05, 1.1721637051329257e-05, 1.1396994165631136e-05, 1.1191079141840927e-05]"
333,"[1.8954169384891978e-07, 2.2610274370873874e-07, 2.3874071521957284e-07, 2.519683306810277e-07, 2.5370256986095854e-07]","[1.099353658645068e-05, 1.3252975706314013e-05, 1.387094885035556e-05, 1.3555559216197009e-05, 1.3228909905045266e-05]"
334,"[1.691608710596626e-07, 2.0035937489953436e-07, 2.1326079529187794e-07, 2.276846021967966e-07, 2.3441936762850777e-07]","[9.696701078649426e-06, 1.1668549838463836e-05, 1.222356155567661e-05, 1.1925936215658507e-05, 1.1927521702591668e-05]"
335,"[2.1490282430431977e-07, 2.548220936721566e-07, 2.6532651118486854e-07, 2.5560830054092485e-07, 2.549685297519396e-07]","[1.138922388680573e-05, 1.3627949338409762e-05, 1.4170955554931058e-05, 1.3590286917246459e-05, 1.3609698854063806e-05]"
336,"[1.3456262278197575e-07, 1.620838126022902e-07, 1.7001992938563106e-07, 1.6931935523086e-07, 1.667850678372757e-07]","[9.026852244095468e-06, 1.0856274360953472e-05, 1.1400372162654158e-05, 1.1406239660054515e-05, 1.1643542801431017e-05]"
337,"[1.4247380729616133e-07, 1.7332332751955536e-07, 1.8078155567370355e-07, 1.7542263193548948e-07, 1.6031373471651354e-07]","[9.623186760708777e-06, 1.1661273997433246e-05, 1.2203146212777847e-05, 1.2047781449793302e-05, 1.1421670401697322e-05]"
338,"[1.3046348779128573e-07, 1.5810602023288315e-07, 1.652755645867178e-07, 1.6118850340877082e-07, 1.547675710101489e-07]","[9.044430787877794e-06, 1.0943615295521063e-05, 1.141543203831031e-05, 1.0799540878064018e-05, 1.07414114218781e-05]"
339,"[1.7079596762873088e-07, 2.0279288190853778e-07, 2.1582528035791454e-07, 3.701650566228764e-07, 2.1473132331093947e-07]","[1.0101605196928408e-05, 1.1722312274282063e-05, 1.2337528839628256e-05, 1.9780796023396816e-05, 1.2935227001199812e-05]"
340,"[1.8263909893875445e-07, 2.1905255392884634e-07, 2.3050217908033893e-07, 2.3289878422925043e-07, 2.3402973417204928e-07]","[9.64123303500584e-06, 1.1661368623790073e-05, 1.2132501074452933e-05, 1.1680511870368737e-05, 1.243826218399882e-05]"
341,"[1.5458656399144794e-07, 1.8769819297843216e-07, 1.9591366643412098e-07, 1.9001205279850328e-07, 1.780766778674709e-07]","[1.0676382697527457e-05, 1.2956960318634749e-05, 1.3521862607482817e-05, 1.3041819895479454e-05, 1.2444775666539525e-05]"
342,"[1.9230182751865157e-07, 2.3003486917302084e-07, 2.4137995115885467e-07, 2.3419159099603457e-07, 2.404516480428172e-07]","[1.1536431161622922e-05, 1.398325462726279e-05, 1.4595928179253908e-05, 1.411895952764419e-05, 1.3438298938299564e-05]"
343,"[1.674078642952044e-07, 2.0326644894410065e-07, 2.120404407631572e-07, 2.0570396340272803e-07, 2.0015835585693566e-07]","[1.1860173232102755e-05, 1.4441073329917038e-05, 1.5021146983619058e-05, 1.4361538286516679e-05, 1.402276810499276e-05]"
344,"[2.060210995805348e-07, 2.488700700305469e-07, 2.6069735654550906e-07, 2.536193377621716e-07, 2.3487741947951698e-07]","[1.422848818770617e-05, 1.740659259764346e-05, 1.802228175914282e-05, 1.6439852009534467e-05, 1.4501055624508257e-05]"
345,"[1.8480004013261574e-07, 2.2518550686415182e-07, 2.3352372768149612e-07, 2.1756239193883582e-07, 2.0242028307159753e-07]","[1.2302438813529428e-05, 1.498616109313419e-05, 1.5547212551652577e-05, 1.465330164982857e-05, 1.3851036576793753e-05]"
346,"[2.2327606348547726e-07, 2.6761962007490716e-07, 2.780903404943669e-07, 2.8077216832137803e-07, 2.646424126405127e-07]","[1.1352040531385757e-05, 1.3680959708255785e-05, 1.4165913713861704e-05, 1.3840465149676216e-05, 1.36912482849173e-05]"
347,"[1.5426069211868536e-07, 1.8597380844135884e-07, 1.9444172964128233e-07, 1.8907738346578755e-07, 1.8211401508349475e-07]","[9.479173867524916e-06, 1.141003601873149e-05, 1.1979611185246788e-05, 1.1862477087577692e-05, 1.1612277918477323e-05]"
348,"[1.5685769398256368e-07, 1.912426510088339e-07, 1.9883387396283652e-07, 1.8809860616532553e-07, 1.71085499325563e-07]","[1.2099651202819459e-05, 1.4757467983588897e-05, 1.532971565237418e-05, 1.430726051732462e-05, 1.2924200210095161e-05]"
349,"[1.8387476228026825e-07, 2.2415178590848386e-07, 2.3311106908383084e-07, 2.203805807815097e-07, 1.9768163818675922e-07]","[1.4896432574388123e-05, 1.820225539079555e-05, 1.8872310024436375e-05, 1.7492619381411267e-05, 1.5466007340304295e-05]"
350,"[1.9148431455212905e-07, 2.3549718695104231e-07, 2.430910564953112e-07, 2.2217553851264727e-07, 1.9047604319384507e-07]","[1.4652945506622969e-05, 1.8016274494394674e-05, 1.8612890544938825e-05, 1.6950232453857516e-05, 1.4456511910876964e-05]"
351,"[2.1917129717242085e-07, 2.652866886762525e-07, 2.7231994655977666e-07, 2.510284932914118e-07, 2.17621121786318e-07]","[1.865991748079712e-05, 2.2857037536521917e-05, 2.3485542910155258e-05, 2.038573664653664e-05, 1.695894719208531e-05]"
352,"[1.962007122295295e-07, 2.4158206304699555e-07, 2.489583327361407e-07, 2.226622262985429e-07, 1.8533027781112257e-07]","[1.7100080228352193e-05, 2.10643983889753e-05, 2.1703553689354117e-05, 1.900571581268146e-05, 1.5163923124595608e-05]"
353,"[1.6755615577787393e-07, 2.0478454067085816e-07, 2.1251518078689296e-07, 1.9753617779809383e-07, 1.726171476053454e-07]","[1.216055408103619e-05, 1.483781013552292e-05, 1.539705908851499e-05, 1.4235129577302095e-05, 1.2877236724057491e-05]"
354,"[1.7610773281835658e-07, 2.144548812857318e-07, 2.2263381387523268e-07, 2.1180295391871866e-07, 2.0377919045295665e-07]","[1.1122170040318992e-05, 1.353914796955081e-05, 1.4008004702958865e-05, 1.2736905027543313e-05, 1.2209726881311761e-05]"
355,"[1.6208777482962016e-07, 1.970712353194669e-07, 2.0505529588807666e-07, 1.9536653614360635e-07, 1.7960962246389465e-07]","[1.1348066106756793e-05, 1.3839265774771127e-05, 1.4356200570546318e-05, 1.3360752270836547e-05, 1.2070489868389618e-05]"
356,"[1.5854626167932057e-07, 1.9235986870135475e-07, 2.0012776495756833e-07, 1.8973863810126863e-07, 1.814163721810776e-07]","[1.1495737326714698e-05, 1.4093211973453535e-05, 1.4531183943434471e-05, 1.3087517447557865e-05, 1.2086219259703625e-05]"
357,"[1.4958237654870411e-07, 1.823706397351901e-07, 1.889983825673678e-07, 1.7334445406567155e-07, 1.607807421083883e-07]","[1.1013741545670998e-05, 1.3448455371163161e-05, 1.3909736019619523e-05, 1.2559798158795397e-05, 1.1522713238375513e-05]"
358,"[1.5514350021909266e-07, 1.888816268391366e-07, 1.962237337796082e-07, 1.8594159888199194e-07, 1.8226030252796212e-07]","[1.0422266196844738e-05, 1.2549708635457344e-05, 1.3141216950147365e-05, 1.276305666086896e-05, 1.274973580869512e-05]"
359,"[1.5804777081428623e-07, 1.9150339906079688e-07, 1.9964102780099213e-07, 1.9206571474782844e-07, 1.8533170789409582e-07]","[1.1187217093371137e-05, 1.3597033595088885e-05, 1.4133772874490301e-05, 1.3340296081023586e-05, 1.2676916613502236e-05]"
360,"[1.6971396523854379e-07, 2.0261144795604772e-07, 2.0886791268741344e-07, 1.9599239052757363e-07, 1.881235215231265e-07]","[1.2369637143905169e-05, 1.4988102260158264e-05, 1.5432866397441838e-05, 1.3816313161380746e-05, 1.3073290843899242e-05]"
361,"[1.6311905384062374e-07, 1.982521937009975e-07, 2.0599254621047798e-07, 1.9173552401963177e-07, 1.7834049086289403e-07]","[1.2529307713329267e-05, 1.5237735144951787e-05, 1.5786681246332404e-05, 1.4190617600917376e-05, 1.3073149190052781e-05]"
362,"[1.5648540332153608e-07, 1.9066071232904139e-07, 1.9805794858680096e-07, 1.8633545583136913e-07, 1.744006636331749e-07]","[1.1808289489813463e-05, 1.4376231160327444e-05, 1.4917289190432822e-05, 1.3707578484940588e-05, 1.2742952812693862e-05]"
363,"[1.6735903413775877e-07, 2.0505043882098083e-07, 2.1201838598655664e-07, 1.9506689902841514e-07, 1.776811730680681e-07]","[1.2932323144121856e-05, 1.5951674622039445e-05, 1.6377776299397346e-05, 1.4139434028914795e-05, 1.2178909564989496e-05]"
364,"[1.518799145630685e-07, 1.847499146136182e-07, 1.9158635509196228e-07, 1.7661081725326536e-07, 1.6956576545903986e-07]","[1.1018115113932253e-05, 1.3617622678900004e-05, 1.3918018184218657e-05, 1.17532465004254e-05, 1.0573269745752147e-05]"
365,"[2.3520849942580347e-07, 2.8438875083343795e-07, 2.945734117783176e-07, 2.8807931715012424e-07, 3.183940398220799e-07]","[1.2383409022034146e-05, 1.4768372065138823e-05, 1.5472838442486707e-05, 1.4689225805430387e-05, 1.538204300978221e-05]"
366,"[1.640367036876052e-07, 1.991736114911848e-07, 2.0711851624236517e-07, 1.9641629516453717e-07, 1.8946404804219047e-07]","[9.968238126291111e-06, 1.2120839389699878e-05, 1.2618560378541034e-05, 1.2083092062110103e-05, 1.1847046105475727e-05]"
367,"[1.9900936276602718e-07, 2.40735657586089e-07, 2.51202899832787e-07, 2.3785594768472018e-07, 2.259770832402089e-07]","[1.3364947222792383e-05, 1.6192721900904306e-05, 1.683846619237988e-05, 1.54259416934088e-05, 1.439950098531985e-05]"
368,"[1.5209334604703446e-07, 1.8446971922589103e-07, 1.9212625115415914e-07, 1.8218185221924196e-07, 1.7591618459567577e-07]","[1.04573312783235e-05, 1.270207258552027e-05, 1.3195659244720211e-05, 1.2289085348800508e-05, 1.1870315798110962e-05]"
369,"[1.5253386446011647e-07, 1.850358131866373e-07, 1.9322135002350054e-07, 1.8853389304717579e-07, 1.782605973666699e-07]","[1.0894291951450843e-05, 1.3188069273453642e-05, 1.3770127316822314e-05, 1.3183564812950788e-05, 1.2790484538983253e-05]"
370,"[1.6982913328600333e-07, 2.0711331007530443e-07, 2.1489477614457397e-07, 2.0027808629388698e-07, 1.9131766008445859e-07]","[1.2162224093032608e-05, 1.4880863654512007e-05, 1.5398887750703065e-05, 1.420809639212669e-05, 1.3961900774998026e-05]"
371,"[1.9897371239530086e-07, 2.433088032485381e-07, 2.5200471767569776e-07, 2.3271504242070498e-07, 2.185158660648115e-07]","[1.619460217592821e-05, 1.9911557059217036e-05, 2.0535889889601243e-05, 1.8430664064220037e-05, 1.6822185254798954e-05]"
372,"[1.8613982045848774e-07, 2.2793427667686483e-07, 2.3600367541624436e-07, 2.1988657456138504e-07, 2.0721539342980963e-07]","[1.4856039093135724e-05, 1.8273830524984797e-05, 1.887551160041673e-05, 1.728221466998239e-05, 1.6230886267944354e-05]"
373,"[1.8206448053295252e-07, 2.2144251904434155e-07, 2.3052664446384738e-07, 2.2160235699175646e-07, 2.145060843776411e-07]","[1.300002768235888e-05, 1.585460399621695e-05, 1.6466099962843448e-05, 1.5584143131708907e-05, 1.5946223809307434e-05]"
374,"[1.6240481310809796e-07, 1.9632802594785493e-07, 2.054375522408131e-07, 2.0176012874545272e-07, 2.034687625600834e-07]","[1.1396081427371618e-05, 1.3768568738486232e-05, 1.4384677864412103e-05, 1.4020094639652441e-05, 1.5293334545220883e-05]"
375,"[2.2199884573904572e-07, 2.711653977250747e-07, 2.8200904349320187e-07, 2.723139151378693e-07, 2.5641789354113705e-07]","[1.6060668955332492e-05, 1.9569133271518396e-05, 2.0378082248389056e-05, 1.9979724189320324e-05, 1.962788300289239e-05]"
376,"[1.9324755426958817e-07, 2.347838055039723e-07, 2.4487675668772303e-07, 2.355097970513506e-07, 2.3353379553049406e-07]","[1.3594888634960913e-05, 1.6503410934785882e-05, 1.719608613373189e-05, 1.6636563548438863e-05, 1.773601969078613e-05]"
377,"[2.035501931676775e-07, 2.4829335320906975e-07, 2.582176298106003e-07, 2.455554129651059e-07, 2.3091602856651935e-07]","[1.4202903783461797e-05, 1.7284946782257445e-05, 1.7954757162780287e-05, 1.6912171642288405e-05, 1.708315689259017e-05]"
378,"[1.8889499081706237e-07, 2.2930244093853758e-07, 2.3938515935117387e-07, 2.3369391775479259e-07, 2.3680951939266112e-07]","[1.4319903191785066e-05, 1.734856062092781e-05, 1.8125258021381113e-05, 1.794202716361745e-05, 1.9400421761178456e-05]"
379,"[2.1184121301640004e-07, 2.583477216313075e-07, 2.6913788961851596e-07, 2.62535580583703e-07, 2.5155030852266073e-07]","[1.6271915453971577e-05, 1.9784551643316048e-05, 2.065738511443952e-05, 2.0503534652452936e-05, 2.0951634187724647e-05]"
380,"[2.1799460833796754e-07, 2.6685505866036236e-07, 2.772505303641134e-07, 2.637499930952625e-07, 2.478910371370247e-07]","[1.576658080600429e-05, 1.9421644912050066e-05, 2.005093056558933e-05, 1.864303363017011e-05, 1.877909608418304e-05]"
381,"[2.1118044267555285e-07, 2.578061730745319e-07, 2.691703594580356e-07, 2.6855513738611743e-07, 2.600875230157872e-07]","[1.5228691882791515e-05, 1.854739561954405e-05, 1.935795735049876e-05, 1.932270617707969e-05, 1.979202170406005e-05]"
382,"[2.4386415346818893e-07, 2.9864830214032406e-07, 3.100139900951045e-07, 2.96946792866713e-07, 2.813854147323701e-07]","[1.6516444940326485e-05, 2.0091757851876436e-05, 2.0935956979613967e-05, 2.0239676691276297e-05, 2.1071897797927627e-05]"
383,"[2.388848046159701e-07, 2.9129149620059893e-07, 3.0349949416259454e-07, 2.9284357837712086e-07, 2.7323162221318996e-07]","[1.653826807395781e-05, 2.0112385831629128e-05, 2.0984785684756788e-05, 2.0631529168817434e-05, 2.0547785009528174e-05]"
384,"[2.1961990790877875e-07, 2.659416430107245e-07, 2.784143842872912e-07, 2.767775153500811e-07, 2.78938163328097e-07]","[1.5276071162813805e-05, 1.857766275084889e-05, 1.9378096109657155e-05, 1.9080976072626692e-05, 2.0432640619901595e-05]"
385,"[2.4581185193662933e-07, 3.003744909883008e-07, 3.1280841239721114e-07, 3.0488199870404405e-07, 2.8837907713421833e-07]","[1.6044840131523683e-05, 1.952413744611355e-05, 2.033578286851198e-05, 1.976547750710102e-05, 2.0615299280152125e-05]"
386,"[2.483839888732568e-07, 3.0359584881538003e-07, 3.151234018109596e-07, 2.979722563089353e-07, 2.7926465893678714e-07]","[1.5703460480598156e-05, 1.8992274344004322e-05, 1.9900476714740493e-05, 2.0056365491286686e-05, 2.1477894815234592e-05]"
387,"[2.422234101575951e-07, 2.9496683318286335e-07, 3.081630253554592e-07, 3.061812304562571e-07, 2.8956269065744037e-07]","[1.695897094004278e-05, 2.0579669649104005e-05, 2.152564762739158e-05, 2.1397525888350003e-05, 2.1582151247476506e-05]"
388,"[2.4044848405533155e-07, 2.930873290218154e-07, 3.055383446156753e-07, 2.989197618292566e-07, 2.921208670944856e-07]","[1.8096174592587177e-05, 2.1943045116856153e-05, 2.290629951776576e-05, 2.2102897344718757e-05, 2.2086540302121347e-05]"
389,"[2.327771537799827e-07, 2.850333532589384e-07, 2.9660397539192025e-07, 2.8766892277357845e-07, 2.6678649996720694e-07]","[1.5841364953508924e-05, 1.9216513695441853e-05, 2.011306088107594e-05, 2.01303674482036e-05, 2.0432646333481907e-05]"
390,"[2.755803429226173e-07, 3.3674595967990345e-07, 3.510892445990818e-07, 3.4310744374556353e-07, 3.1931347289353565e-07]","[1.7442682104593853e-05, 2.1253344393247903e-05, 2.2149762440566944e-05, 2.17316929711569e-05, 2.1750833351971923e-05]"
391,"[2.6640714000802576e-07, 3.2648874724399865e-07, 3.395942336712657e-07, 3.266673020427606e-07, 2.965158256161574e-07]","[1.8213894724718363e-05, 2.212231742711049e-05, 2.3121045152271385e-05, 2.254772349539662e-05, 2.1444593746161656e-05]"
392,"[2.324275724620242e-07, 2.833700234890815e-07, 2.955131365943501e-07, 2.890612884864475e-07, 2.8056521933267595e-07]","[1.6596483844575626e-05, 1.9884343838520804e-05, 2.0993777345553206e-05, 2.185740258995933e-05, 2.3083282498085724e-05]"
393,"[2.334200625221946e-07, 2.8309546923555225e-07, 2.9579632382120743e-07, 2.8920206581245986e-07, 2.831502723127948e-07]","[1.625307011594165e-05, 1.9695264438309358e-05, 2.0608420212130662e-05, 2.0596170653050943e-05, 2.1071726273969413e-05]"
394,"[2.6948353413634966e-07, 3.303918322395351e-07, 3.4323745668788163e-07, 3.314141942403174e-07, 3.037248098767132e-07]","[1.62003340821591e-05, 1.9859782472894798e-05, 2.062309375584612e-05, 1.983045391064099e-05, 1.9372071458253594e-05]"
395,"[2.7424438098052974e-07, 3.338084707258421e-07, 3.4799492334431243e-07, 3.3541978184218233e-07, 3.2377375204703134e-07]","[1.7587223662193857e-05, 2.14799459326232e-05, 2.2303454211659546e-05, 2.095649701132411e-05, 1.9978260651782483e-05]"
396,"[2.655361807414869e-07, 3.2850808734880554e-07, 3.3985313998700077e-07, 3.2500647299245726e-07, 3.0149831660399646e-07]","[1.6789397062162868e-05, 2.0527950608848625e-05, 2.1319852114877242e-05, 2.054000727807685e-05, 2.1287616407300607e-05]"
397,"[2.812814293668715e-07, 3.4657737149276763e-07, 3.6006691010720455e-07, 3.527045011975961e-07, 3.2660633384618435e-07]","[1.6704177553182638e-05, 2.01357160400468e-05, 2.1111830525220467e-05, 2.145129334731343e-05, 2.3190098262084474e-05]"
398,"[2.721472233784538e-07, 3.3458180204733257e-07, 3.4822172568140517e-07, 3.5067835231649594e-07, 3.2777648608435935e-07]","[1.5793292680597256e-05, 1.9278446692350895e-05, 2.0061556344599394e-05, 1.965254755900859e-05, 2.0034128259829927e-05]"
399,"[2.504357775470123e-07, 3.0758354637642033e-07, 3.185060621081778e-07, 2.9923961228796584e-07, 2.8601252554116443e-07]","[1.7083588023129957e-05, 2.0869393480046156e-05, 2.168926970919814e-05, 2.0727921302583902e-05, 2.0508385726308246e-05]"
400,"[2.733658101688577e-07, 3.360059294120457e-07, 3.495365033045484e-07, 3.5230595514629127e-07, 3.3697717735621e-07]","[1.6289867994628758e-05, 1.9751857165118596e-05, 2.0586979484101326e-05, 2.0015098762251094e-05, 2.1100254482425578e-05]"
401,"[2.396498254789721e-07, 2.906709352797084e-07, 3.039829664647451e-07, 3.0145729127142056e-07, 2.9750776760793955e-07]","[1.564372128018948e-05, 1.8857201843740963e-05, 1.9769972958338232e-05, 1.9827326880769785e-05, 2.0988606416065722e-05]"
402,"[2.7542957489351945e-07, 3.367951893960878e-07, 3.5022214891693474e-07, 3.4510527600720435e-07, 3.154529898579474e-07]","[1.6429769810483714e-05, 1.9902983858222184e-05, 2.0778445637373808e-05, 2.0645153518021032e-05, 2.0311663884462313e-05]"
403,"[2.722548573821669e-07, 3.358859087421457e-07, 3.48535209271408e-07, 3.423237948593849e-07, 3.1785366103180815e-07]","[1.5902272123639765e-05, 1.942705903851144e-05, 2.0152565446552126e-05, 1.916472825864243e-05, 1.941899060413923e-05]"
404,"[2.973900117936396e-07, 3.650989331100472e-07, 3.801083700988478e-07, 3.734561878444641e-07, 3.462076072018185e-07]","[1.578305930182915e-05, 1.9197742024931845e-05, 2.0007684571786797e-05, 1.949005209017825e-05, 1.954206698698635e-05]"
405,"[2.5515590339381863e-07, 3.1309362170446053e-07, 3.250392199761871e-07, 3.1616918228929685e-07, 3.1160730232712045e-07]","[1.580702530024025e-05, 1.9231448032646772e-05, 2.004307634888775e-05, 1.9485333293639904e-05, 1.9596427443568808e-05]"
406,"[2.9409328268031415e-07, 3.587143125803908e-07, 3.748361539722759e-07, 3.7359761642056757e-07, 3.516919359805621e-07]","[1.604154001974379e-05, 1.97288766718007e-05, 2.0394092450360445e-05, 1.9137135829845767e-05, 1.868501389504568e-05]"
407,"[2.66397598730934e-07, 3.269754547817832e-07, 3.3954822353229203e-07, 3.2906775993587065e-07, 3.1566634095595755e-07]","[1.5304579007926163e-05, 1.867651704702396e-05, 1.9403201529977507e-05, 1.8765203239261162e-05, 1.9043780882190335e-05]"
408,"[3.0528890556882503e-07, 3.703155991989098e-07, 3.869602149118126e-07, 3.8898373976877165e-07, 3.9039990840384745e-07]","[1.6109143758343602e-05, 1.966979135442552e-05, 2.050926345564923e-05, 2.0797240577024676e-05, 2.0390403950505972e-05]"
409,"[1.8062808096543054e-07, 2.1989333486624873e-07, 2.2894509394318917e-07, 2.2059817383880439e-07, 2.171765462725715e-07]","[1.2268624127554731e-05, 1.4801944172656826e-05, 1.549902974907038e-05, 1.555866829482171e-05, 1.663257712318515e-05]"
410,"[1.9422764144942634e-07, 2.382733257338075e-07, 2.470254148653681e-07, 2.363959656822829e-07, 2.2859083457873822e-07]","[1.301494948903648e-05, 1.5802980467588817e-05, 1.650726556009545e-05, 1.6312445413586377e-05, 1.631629051802994e-05]"
411,"[2.2083048922502177e-07, 2.682328268931582e-07, 2.789656199105129e-07, 2.6677909011785436e-07, 2.6152402938471e-07]","[1.4138169520415623e-05, 1.7026000803049863e-05, 1.7795554223181672e-05, 1.7520138297405305e-05, 1.8434665825781683e-05]"
412,"[2.1024307025266493e-07, 2.561352594000746e-07, 2.6739993905598937e-07, 2.6527856330486794e-07, 2.540843261481828e-07]","[1.534153461314751e-05, 1.862420808493938e-05, 1.9447580141490933e-05, 1.9159035464343733e-05, 1.9346749471221843e-05]"
413,"[1.9064365474321022e-07, 2.3168341691595565e-07, 2.414455970145903e-07, 2.3316891711642834e-07, 2.32279578302012e-07]","[1.2859823019058551e-05, 1.569993853762629e-05, 1.631054294747034e-05, 1.5579647852999824e-05, 1.5721316797671782e-05]"
414,"[1.9386303392294969e-07, 2.3645751640239553e-07, 2.4602827357390063e-07, 2.377498052503118e-07, 2.3341235218570976e-07]","[1.3136107388283815e-05, 1.5900395426510963e-05, 1.663465786292519e-05, 1.6439992163258516e-05, 1.670135535503989e-05]"
415,"[1.9506289296513982e-07, 2.386479768184106e-07, 2.4793002511276926e-07, 2.4065690090228307e-07, 2.3395849125211842e-07]","[1.407207155032081e-05, 1.6999750355161087e-05, 1.7800061076476036e-05, 1.7709645142033196e-05, 1.8431372028424272e-05]"
416,"[2.0136758901601244e-07, 2.4501543849555025e-07, 2.5585595892579994e-07, 2.507641757302537e-07, 2.391580149751058e-07]","[1.4042113892755097e-05, 1.7103259646447448e-05, 1.7813668594670398e-05, 1.7221395597536127e-05, 1.7146502251722682e-05]"
417,"[2.0777481275419551e-07, 2.543606299869682e-07, 2.636625781218544e-07, 2.473459450608109e-07, 2.3357606307259937e-07]","[1.3689221043104587e-05, 1.6656997085840364e-05, 1.7347429770176863e-05, 1.6805654829547126e-05, 1.6821270472612796e-05]"
418,"[2.068334076884215e-07, 2.517373713264712e-07, 2.6234418218268514e-07, 2.530189002616999e-07, 2.5040919559044006e-07]","[1.5128618731423924e-05, 1.8316128031231696e-05, 1.917066237008571e-05, 1.8861130993644996e-05, 1.864399857341024e-05]"
419,"[2.565261688292162e-07, 3.16641753847501e-07, 3.276274560696813e-07, 3.084956205359697e-07, 2.619954614755067e-07]","[1.6219225665780887e-05, 1.9839142991724524e-05, 2.0580788956842104e-05, 1.9542570471589747e-05, 1.8269880778856486e-05]"
420,"[1.9871186154866232e-07, 2.4280591490310525e-07, 2.5217052384126593e-07, 2.397306578724056e-07, 2.3429517781231855e-07]","[1.396151186826337e-05, 1.701550933654813e-05, 1.7713680943395276e-05, 1.7116398589552152e-05, 1.7727681641047583e-05]"
421,"[2.2872566243201772e-07, 2.795630039631233e-07, 2.8929190445504007e-07, 2.7273126042115145e-07, 2.565054449656076e-07]","[1.6070450732577594e-05, 1.9531058788333803e-05, 2.0307925101245907e-05, 1.9257807160185036e-05, 1.8763451089591607e-05]"
422,"[2.1243715381078564e-07, 2.585747998886178e-07, 2.6938786394667905e-07, 2.616074450695163e-07, 2.567276377503114e-07]","[1.5409232485336315e-05, 1.8722859036802e-05, 1.9551301068694707e-05, 1.887869687799765e-05, 1.7973091703826318e-05]"
423,"[2.4529573648088135e-07, 2.9898451756676713e-07, 3.109865421825429e-07, 2.940176409044906e-07, 2.72861986303951e-07]","[1.6913676969303296e-05, 2.0542452424868905e-05, 2.1428466309153518e-05, 2.0655916552716212e-05, 2.032784954633279e-05]"
424,"[2.516507277400789e-07, 3.068079940561024e-07, 3.1966123579153574e-07, 3.066887967832302e-07, 2.859441917680524e-07]","[1.701384425679326e-05, 2.077790829870743e-05, 2.1601724533282232e-05, 2.0558773583397327e-05, 1.989165719945809e-05]"
425,"[2.3280778277346917e-07, 2.8464318074345827e-07, 2.9606638924678163e-07, 2.8281632640930337e-07, 2.635016646043742e-07]","[1.5889320650730655e-05, 1.9113487011550816e-05, 2.007178363767721e-05, 2.0054748640460674e-05, 2.0802882014805307e-05]"
426,"[3.32378423759323e-07, 4.0360893914466345e-07, 4.214028543453444e-07, 4.1058576793161207e-07, 3.871861937033606e-07]","[1.8768272298766208e-05, 2.275647686285015e-05, 2.3777545054010904e-05, 2.3394919372859127e-05, 2.291050704409215e-05]"
427,"[1.937176485389427e-07, 2.356760715675185e-07, 2.4554383524271655e-07, 2.368884459217675e-07, 2.3460600058793108e-07]","[1.3282024905072856e-05, 1.6094775489051052e-05, 1.68216118669705e-05, 1.6730957720827557e-05, 1.757161310759277e-05]"
428,"[2.4282933473791073e-07, 2.950332820365356e-07, 3.079813823839376e-07, 2.984155564199125e-07, 2.768282423886688e-07]","[1.6105099838583607e-05, 1.9632799394646037e-05, 2.0445247600807406e-05, 1.9767378669887295e-05, 1.869199330048526e-05]"
429,"[2.2610429938138595e-07, 2.7462301816717063e-07, 2.8728865305738813e-07, 2.8159316333285383e-07, 2.627627805444954e-07]","[1.5126732039465812e-05, 1.8195699861566467e-05, 1.912282021052411e-05, 1.9076048110436016e-05, 1.9245881232625618e-05]"
430,"[2.495124794676695e-07, 3.042305279433568e-07, 3.163998162105918e-07, 3.0242639519887395e-07, 2.967890397278425e-07]","[1.5732869708397034e-05, 1.9118804945846207e-05, 1.9940229580673197e-05, 1.936368249285925e-05, 1.9071485100405023e-05]"
431,"[2.3249727094661156e-07, 2.821117837046185e-07, 2.9424090027815133e-07, 2.82726003885607e-07, 2.7536354872271806e-07]","[1.5386258610844665e-05, 1.8664395654626364e-05, 1.9468143024511658e-05, 1.882006419164654e-05, 1.8549619203878884e-05]"
432,"[2.56048820818701e-07, 3.137258055323835e-07, 3.2578212546913897e-07, 3.0976246332550563e-07, 2.799781578491806e-07]","[1.6337664736013558e-05, 1.9746619181618284e-05, 2.0689883736560827e-05, 2.0733884788638073e-05, 2.104080525849779e-05]"
433,"[2.2308364199011178e-07, 2.7094711286857906e-07, 2.821660243591424e-07, 2.7047349340873054e-07, 2.6608697699373017e-07]","[1.4520091433674193e-05, 1.7637896383242705e-05, 1.8378474743620042e-05, 1.7716355111063274e-05, 1.7751628416290186e-05]"
434,"[2.1473672569398215e-07, 2.6055974991086825e-07, 2.7170100166891315e-07, 2.62700099249574e-07, 2.575697829438893e-07]","[1.4694648917895518e-05, 1.7849009407247623e-05, 1.8601047006650495e-05, 1.8003874257879578e-05, 1.8249804206752154e-05]"
435,"[2.5195428296355413e-07, 3.0741630793567577e-07, 3.196448539795213e-07, 3.0297927604781723e-07, 2.8586906087399155e-07]","[1.6285483029010274e-05, 1.975173735034833e-05, 2.0644807197317784e-05, 2.016583817388412e-05, 1.9272209289370432e-05]"
436,"[2.141218678289449e-07, 2.5829603582412197e-07, 2.7051848993354623e-07, 2.696500911829322e-07, 2.8303816804380817e-07]","[1.334179691194625e-05, 1.61583688556287e-05, 1.6860162551448956e-05, 1.6180957176482325e-05, 1.6171897173843912e-05]"
437,"[2.108253435902616e-07, 2.559058480363008e-07, 2.675221112674179e-07, 2.6488751763629187e-07, 2.557906273481088e-07]","[1.4041637528505393e-05, 1.7084177622549404e-05, 1.7777331908195534e-05, 1.702172658719225e-05, 1.689695996558095e-05]"
438,"[2.0764927169103644e-07, 2.5328679749123955e-07, 2.6384240057423475e-07, 2.560668057403135e-07, 2.407799728828114e-07]","[1.4662687610979251e-05, 1.7812077115496302e-05, 1.8615461928737472e-05, 1.8363041641007964e-05, 1.7869049324093493e-05]"
439,"[2.0449076768743863e-07, 2.488908978815823e-07, 2.594283483725207e-07, 2.5131328440270005e-07, 2.407264228729963e-07]","[1.2811249964269028e-05, 1.549967459949283e-05, 1.6214124163909353e-05, 1.5991909757827608e-05, 1.664371233622932e-05]"
440,"[2.0458888820749525e-07, 2.4998363201404175e-07, 2.59532045428445e-07, 2.4777024396137057e-07, 2.3746603281366498e-07]","[1.4714796341576122e-05, 1.7912783067349063e-05, 1.865274935477815e-05, 1.79403700779819e-05, 1.7535022584686505e-05]"
441,"[2.185705739906448e-07, 2.672882075561829e-07, 2.7759413711364806e-07, 2.6162651206053956e-07, 2.4741870625465113e-07]","[1.5185326321395332e-05, 1.8433867534574612e-05, 1.9279514127493982e-05, 1.9052283159476267e-05, 1.862919988059437e-05]"
442,"[2.1992414343922297e-07, 2.670191642937422e-07, 2.759184165025786e-07, 2.5709052860574867e-07, 2.4715048320126825e-07]","[1.5428257912461687e-05, 1.8711937569317882e-05, 1.9452754615157155e-05, 1.8374789174864303e-05, 1.860702436726121e-05]"
443,"[2.147291785890013e-07, 2.6150301694761635e-07, 2.7228572824699e-07, 2.6614641387989565e-07, 2.6719740747936827e-07]","[1.530031130915104e-05, 1.8682304098371903e-05, 1.945662723463877e-05, 1.8949604645854846e-05, 1.8194930916674634e-05]"
444,"[2.2883492958943766e-07, 2.807363817770621e-07, 2.909684096289689e-07, 2.7300393891474673e-07, 2.418177919746806e-07]","[1.53878282849373e-05, 1.8662578878068454e-05, 1.94895574776261e-05, 1.890493183333976e-05, 1.7931888683080848e-05]"
445,"[2.3141875622868074e-07, 2.821714532945074e-07, 2.942850306418798e-07, 2.865352503676772e-07, 2.6401543604886884e-07]","[1.572816917841935e-05, 1.91763346283676e-05, 1.9942751485178335e-05, 1.8875570859109588e-05, 1.775085406987819e-05]"
446,"[2.5829701382178903e-07, 3.1834150674391043e-07, 3.2925015210581843e-07, 3.091859364461873e-07, 2.7506615454922687e-07]","[1.6721426359952472e-05, 2.039032810522689e-05, 2.1226943053035446e-05, 2.0456034504906167e-05, 1.939090245921513e-05]"
447,"[1.9859938210594238e-07, 2.428432090239894e-07, 2.520556862793958e-07, 2.425212939000677e-07, 2.3462985618186516e-07]","[1.3659872893139225e-05, 1.660629345825549e-05, 1.731646901716182e-05, 1.687990860215107e-05, 1.670119107547356e-05]"
448,"[2.4425940739116263e-07, 2.9813034042801125e-07, 3.0954428027297465e-07, 2.8741802697927957e-07, 2.6393920174931127e-07]","[1.5933745307705212e-05, 1.9414810704089862e-05, 2.0181352206201824e-05, 1.8853736276468207e-05, 1.744139002980556e-05]"
449,"[2.8558083782105144e-07, 3.5045820434044353e-07, 3.630906050614904e-07, 3.361715691588969e-07, 2.9238557939488204e-07]","[1.801620179569725e-05, 2.1998074926046824e-05, 2.288007856697129e-05, 2.1745974795320783e-05, 2.0083184192432764e-05]"
450,"[2.1859652675965023e-07, 2.692466693937799e-07, 2.789781682791392e-07, 2.7049315709842274e-07, 2.5590597727344604e-07]","[1.3713385754188157e-05, 1.6711581911353078e-05, 1.7426259231645812e-05, 1.7272388686154632e-05, 1.7417174786995644e-05]"
451,"[2.2590285000622455e-07, 2.785739425800339e-07, 2.879648199510733e-07, 2.724637933101403e-07, 2.5141728963764134e-07]","[1.4931048997032092e-05, 1.823661237176242e-05, 1.8976190385834484e-05, 1.850128175667208e-05, 1.810099373757296e-05]"
452,"[2.5521433790816626e-07, 3.05256666934291e-07, 3.19659043043604e-07, 3.2821620457372025e-07, 3.105105876646647e-07]","[1.4497649885430854e-05, 1.740165810838381e-05, 1.821226888425286e-05, 1.8489996714332764e-05, 1.7689223122650462e-05]"
453,"[2.2316335502139726e-07, 2.6948577779107874e-07, 2.8188518303646746e-07, 2.72585485910245e-07, 2.666140080609737e-07]","[1.2489612217212025e-05, 1.5162971716488793e-05, 1.5779900798613523e-05, 1.5129484701423089e-05, 1.526348680498485e-05]"
454,"[2.0308688073694906e-07, 2.477990601661279e-07, 2.579659146185697e-07, 2.4811366820057114e-07, 2.3836925494843643e-07]","[1.2977818821330404e-05, 1.57610235785189e-05, 1.648059044031819e-05, 1.6367073877904975e-05, 1.6018089545836324e-05]"
455,"[2.3302416882234523e-07, 2.8373550586136265e-07, 2.954973581156956e-07, 2.822820489962338e-07, 2.623364224748734e-07]","[1.503157404943109e-05, 1.8357933954391906e-05, 1.9051753885295405e-05, 1.79739505164472e-05, 1.696375993988051e-05]"
456,"[2.032444590326292e-07, 2.479093068710241e-07, 2.577954438730179e-07, 2.4506490355998147e-07, 2.3014691498064557e-07]","[1.4192583932239658e-05, 1.7373319843881057e-05, 1.8044615425756873e-05, 1.7075000565877425e-05, 1.5697221581048285e-05]"
457,"[2.1436677575290676e-07, 2.6199383275850716e-07, 2.7228039997719e-07, 2.5965035098536303e-07, 2.440139503981117e-07]","[1.4539843008459474e-05, 1.7771668747944316e-05, 1.8452275832155052e-05, 1.7408801001127602e-05, 1.6113388475556695e-05]"
458,"[1.9398277186101035e-07, 2.3620896602397056e-07, 2.458516679072667e-07, 2.3417473469170283e-07, 2.2406984034958802e-07]","[1.2888298306860183e-05, 1.5621981110922554e-05, 1.6327979985670688e-05, 1.5886465290987007e-05, 1.560178136220309e-05]"
459,"[1.854790505568115e-07, 2.2512158014786978e-07, 2.3496836511536254e-07, 2.2881961818136918e-07, 2.213621939454673e-07]","[1.3280548288847504e-05, 1.6082502136750467e-05, 1.6832311729020348e-05, 1.6616222777859875e-05, 1.649610611103097e-05]"
460,"[2.368028549081095e-07, 2.8966539878371756e-07, 3.003216527627887e-07, 2.814390446704383e-07, 2.576499966566073e-07]","[1.5612218568089814e-05, 1.8954296845143567e-05, 1.980059766512184e-05, 1.9390558331232155e-05, 1.792523485113545e-05]"
461,"[2.2323284609124572e-07, 2.7294419902684294e-07, 2.8381327261048487e-07, 2.723006073308328e-07, 2.47169684683251e-07]","[1.6360681912256922e-05, 1.9888555286074886e-05, 2.073006458148371e-05, 1.9855219615794865e-05, 1.850334637209826e-05]"
462,"[2.735714919462287e-07, 3.342991684839361e-07, 3.4800627303428894e-07, 3.4301608008902764e-07, 3.1288649442547553e-07]","[1.8029190188767946e-05, 2.2164805071808494e-05, 2.299965029412908e-05, 2.2118605793731704e-05, 1.9206039448881802e-05]"
463,"[2.5549687554122676e-07, 3.1336160840556234e-07, 3.246408986865131e-07, 2.981488108498942e-07, 2.550824899231167e-07]","[1.57689821809716e-05, 1.9348090013308536e-05, 1.9979829348578727e-05, 1.7987734980279307e-05, 1.5809673885153985e-05]"
464,"[2.406489281028934e-07, 2.914479790978369e-07, 3.043955729874807e-07, 2.977632658878086e-07, 2.925038608939555e-07]","[1.3617534332373976e-05, 1.672369315045488e-05, 1.7243949065614598e-05, 1.5851810820633356e-05, 1.5487863557862533e-05]"
465,"[1.856066746576814e-07, 2.2706315451475926e-07, 2.3547699500124137e-07, 2.257095411206713e-07, 2.201622420653461e-07]","[1.3187640411497367e-05, 1.614330039334054e-05, 1.6718907792975768e-05, 1.568431488347877e-05, 1.5183512642015301e-05]"
466,"[1.972499819716641e-07, 2.4151651159814386e-07, 2.4989967323216724e-07, 2.3037076020132302e-07, 2.0687883733905014e-07]","[1.4296895092581541e-05, 1.7512756910495602e-05, 1.807203863375511e-05, 1.6135788546177937e-05, 1.4531684284252265e-05]"
467,"[1.8378003265313388e-07, 2.2591750028130717e-07, 2.3370498498167096e-07, 2.2279075029725472e-07, 2.123872153802657e-07]","[1.16122972679583e-05, 1.4150764280175056e-05, 1.4689370343952683e-05, 1.4038248547846924e-05, 1.4263522095882114e-05]"
468,"[1.9953857942498346e-07, 2.43583402540343e-07, 2.5215737602978916e-07, 2.3382367208814557e-07, 2.3241548306730708e-07]","[1.6344945230655857e-05, 2.0185046881792814e-05, 2.0692964957171115e-05, 1.7538299049136674e-05, 1.5248756118031437e-05]"
469,"[1.5879388645712372e-07, 1.9251082413027835e-07, 2.0058917409329533e-07, 1.9845515500716502e-07, 2.0144331365763591e-07]","[1.1407287323535518e-05, 1.378486106887348e-05, 1.4395192111463297e-05, 1.40792548956936e-05, 1.42283567437569e-05]"
470,"[2.0499418665336368e-07, 2.487306872251958e-07, 2.5671966474838525e-07, 2.3303158989804385e-07, 2.1741094289871608e-07]","[1.4247142318780715e-05, 1.7416771731094746e-05, 1.793054277033692e-05, 1.555787413913871e-05, 1.4234675029245584e-05]"
471,"[1.959677901863332e-07, 2.3773751618275866e-07, 2.4762697490014857e-07, 2.386406104183731e-07, 2.381460926360583e-07]","[1.3571496372786984e-05, 1.657801948373795e-05, 1.7160171953732288e-05, 1.5609726667252002e-05, 1.4751714291422009e-05]"
472,"[1.7875999898324912e-07, 2.189945407560769e-07, 2.2621581495911256e-07, 2.1896508284498226e-07, 2.3427018372827598e-07]","[1.124657828114038e-05, 1.3671749666012127e-05, 1.4206220304040268e-05, 1.3644928407884755e-05, 1.3429092178565336e-05]"
473,"[1.8898026365715833e-07, 2.3060267349249767e-07, 2.386596185195688e-07, 2.1780096229624747e-07, 2.080633222885843e-07]","[1.426448749700024e-05, 1.7477548620981458e-05, 1.8024723931932896e-05, 1.599274985338443e-05, 1.4658662820843605e-05]"
474,"[1.8778937773032198e-07, 2.2712009302817767e-07, 2.3700924210334525e-07, 2.26485575167493e-07, 2.2176652967020856e-07]","[1.3318151676979335e-05, 1.6242485470907057e-05, 1.6828137765522117e-05, 1.5324505029964244e-05, 1.4357202819613297e-05]"
475,"[1.6861362609379804e-07, 2.0295122806942987e-07, 2.1253660207732125e-07, 2.091640973401459e-07, 2.1685219686454102e-07]","[9.797148168238142e-06, 1.1797405796059047e-05, 1.2345009446115874e-05, 1.1971591647008644e-05, 1.2120850832612638e-05]"
476,"[1.6439882474545423e-07, 2.0005805264356108e-07, 2.0792274405832648e-07, 1.9817846021537225e-07, 1.9713493075441562e-07]","[1.1158452525492803e-05, 1.3544203350741798e-05, 1.4088269865918593e-05, 1.321549821257461e-05, 1.2907102815156703e-05]"
477,"[1.9216900075420727e-07, 2.3488073645285316e-07, 2.433825086261521e-07, 2.2566098627217085e-07, 2.1265198290677233e-07]","[1.4505668955182754e-05, 1.7767643828580457e-05, 1.834634623513664e-05, 1.654538426986469e-05, 1.5236077565664098e-05]"
478,"[1.6870747126315823e-07, 2.0565600052404634e-07, 2.1319582543884197e-07, 1.9723107664332987e-07, 1.8884020675590279e-07]","[1.3197313754398277e-05, 1.609927729536122e-05, 1.66880623011262e-05, 1.5314927750228003e-05, 1.4205533999045195e-05]"
479,"[1.8096997216979976e-07, 2.2164175074197054e-07, 2.28809455405759e-07, 2.0570324380025016e-07, 1.9526113864710984e-07]","[1.4367512396127747e-05, 1.7639216638182367e-05, 1.8180730114201463e-05, 1.6084511731099692e-05, 1.4518571052477854e-05]"
480,"[1.6776220225303241e-07, 2.0281971997646284e-07, 2.094779678719454e-07, 2.0182215499243716e-07, 2.0243476410885481e-07]","[1.2416322478941489e-05, 1.5091404495667899e-05, 1.5602979181850668e-05, 1.4751388283097274e-05, 1.4345825064042602e-05]"
481,"[1.7806489133068878e-07, 2.1570244643742577e-07, 2.252297183467222e-07, 2.1927575564539368e-07, 2.1632115968439716e-07]","[1.221206162640881e-05, 1.4767971802200768e-05, 1.538679621420268e-05, 1.4566236862202621e-05, 1.4567643752270703e-05]"
482,"[1.7326041746115466e-07, 2.1122757750839798e-07, 2.189034503238868e-07, 2.050295859454466e-07, 2.0635126622886847e-07]","[1.3836229432316323e-05, 1.7014609448711387e-05, 1.7473650545526797e-05, 1.5301475071117768e-05, 1.482399683853203e-05]"
483,"[1.834946193881129e-07, 2.2035446938991258e-07, 2.314698099220381e-07, 2.3241079385542547e-07, 2.3884547613663314e-07]","[1.2238508351843758e-05, 1.488237543465328e-05, 1.5465201322788683e-05, 1.4402677887448037e-05, 1.3871978957647415e-05]"
484,"[1.7165714297082588e-07, 2.1006416414539062e-07, 2.1670004758416404e-07, 1.9278459449683586e-07, 1.7850259046486993e-07]","[1.343799509560676e-05, 1.6544977321177267e-05, 1.6979769347457565e-05, 1.4496619618526377e-05, 1.2749333766616053e-05]"
485,"[1.506428907743953e-07, 1.8341128759776212e-07, 1.9012581966614e-07, 1.7498315132610466e-07, 1.6993901532646195e-07]","[1.0942065704736571e-05, 1.3300982178100604e-05, 1.3786098831984934e-05, 1.2596019992347998e-05, 1.227996380933594e-05]"
486,"[1.4825755540318573e-07, 1.808359799899848e-07, 1.8765654494661687e-07, 1.7717180126699417e-07, 1.7414327121357372e-07]","[1.1265180512507175e-05, 1.3737018653455065e-05, 1.4238832103875166e-05, 1.3023487238278136e-05, 1.2154906817204297e-05]"
487,"[1.5815367458324583e-07, 1.9312919381623392e-07, 2.0003010131200106e-07, 1.8553748964705022e-07, 1.8335122053502989e-07]","[1.1954270234598753e-05, 1.4601960965054026e-05, 1.5065005223570915e-05, 1.3451724269766666e-05, 1.3145145838842239e-05]"
488,"[1.723123936774557e-07, 2.0885664405733966e-07, 2.1736432397545563e-07, 2.0439805697582216e-07, 2.0277846756811007e-07]","[1.2141618650669788e-05, 1.4787448479698564e-05, 1.5309401965480258e-05, 1.3879244915530094e-05, 1.3430348230753888e-05]"
489,"[1.4932581571995091e-07, 1.8176434248759037e-07, 1.8976224397717528e-07, 1.8935706705945713e-07, 1.895009773657973e-07]","[1.1166574837788146e-05, 1.3501001568267939e-05, 1.4110772874334668e-05, 1.3870816606470813e-05, 1.4175867206490075e-05]"
490,"[1.8630423222796303e-07, 2.2287695057143878e-07, 2.3374971557319602e-07, 2.2479527319740395e-07, 2.3575429633979057e-07]","[1.1087835438964337e-05, 1.3432364593596166e-05, 1.398615135604977e-05, 1.3039696802719315e-05, 1.2907207580714479e-05]"
491,"[2.0147123107223064e-07, 2.4116954313896456e-07, 2.5319955936167757e-07, 2.4473674086166485e-07, 2.462848158450092e-07]","[1.0851687391266152e-05, 1.3183710136485547e-05, 1.3702047333635384e-05, 1.2824449076576762e-05, 1.2577977782934494e-05]"
492,"[1.5947373430924445e-07, 1.9429970001280622e-07, 2.015178912546213e-07, 1.86321360304554e-07, 1.7540060796734654e-07]","[1.0756960083166543e-05, 1.3135946224065702e-05, 1.358511420830028e-05, 1.241109538484485e-05, 1.1885834718264456e-05]"
493,"[1.8812521580370418e-07, 2.2929868831000085e-07, 2.3760277519085404e-07, 2.165206599745248e-07, 1.9897817117157828e-07]","[1.2574771469006245e-05, 1.5493710968569183e-05, 1.5907637261681418e-05, 1.3823919450335726e-05, 1.1992564548514407e-05]"
494,"[1.6967096756017857e-07, 2.0548685831242078e-07, 2.1464822602908558e-07, 2.067200497910795e-07, 1.9679718746616122e-07]","[1.0758374802572153e-05, 1.2997206354252704e-05, 1.3596755968593058e-05, 1.3157607412042503e-05, 1.2746125507628565e-05]"
495,"[1.5740698967998306e-07, 1.902550740379182e-07, 1.9869397833590962e-07, 1.9237428592347696e-07, 1.9241331416017472e-07]","[1.0609128531259074e-05, 1.2914224843945634e-05, 1.343903852456333e-05, 1.3040057080530261e-05, 1.3138057779853185e-05]"
496,"[1.6961828568214777e-07, 2.055677437704796e-07, 2.1461556483769298e-07, 2.0724354511939463e-07, 1.9713121647778604e-07]","[1.1207114811048077e-05, 1.3579267619797786e-05, 1.418225756214542e-05, 1.3742024037520016e-05, 1.3053943414593356e-05]"
497,"[1.76648489131453e-07, 2.1382562799995884e-07, 2.2330985465102736e-07, 2.140874374352538e-07, 2.0513325246373146e-07]","[1.293260699911871e-05, 1.569945038098988e-05, 1.6379867231860784e-05, 1.5697822630606042e-05, 1.4755816168725823e-05]"
498,"[2.0693296247217834e-07, 2.5311405228135745e-07, 2.6243971549123997e-07, 2.429433086397192e-07, 2.1581090033876448e-07]","[1.509560164689701e-05, 1.855226450699764e-05, 1.919393502951501e-05, 1.7583187017469952e-05, 1.4841673271867288e-05]"
499,"[1.5426999546750038e-07, 1.8679471735726786e-07, 1.9466265419294316e-07, 1.8352970349120532e-07, 1.7426680030258804e-07]","[1.1069754163324332e-05, 1.344409058913539e-05, 1.3970559528850155e-05, 1.2954876530323393e-05, 1.2063108633387e-05]"
500,"[1.822935728865627e-07, 2.2261757242413224e-07, 2.3126026991901952e-07, 2.185225969984547e-07, 2.0274294591797978e-07]","[1.3870828906601389e-05, 1.7016101403131417e-05, 1.764407377095769e-05, 1.657193484963332e-05, 1.4605909596773973e-05]"
501,"[1.6631694553882323e-07, 2.0142969500133773e-07, 2.1028583195073623e-07, 2.0280964961852344e-07, 1.9722518764944196e-07]","[1.0902110222643297e-05, 1.3247756681424659e-05, 1.3755445505663516e-05, 1.2716039560101085e-05, 1.2398892883965587e-05]"
502,"[1.6415088914645432e-07, 1.9910940626027822e-07, 2.07858081630169e-07, 2.0383220756343242e-07, 2.0219748492400246e-07]","[1.2277621887024317e-05, 1.4882969985396895e-05, 1.5530471617128182e-05, 1.4907184573519835e-05, 1.4270206308873453e-05]"
503,"[2.2330465774281518e-07, 2.7416801110077623e-07, 2.8360674168921384e-07, 2.597553521848276e-07, 2.1854564043083354e-07]","[1.6461659962008783e-05, 2.020487747738604e-05, 2.0904995097797394e-05, 1.918179954890353e-05, 1.6220427104439022e-05]"
504,"[2.02374644426737e-07, 2.4816460826633205e-07, 2.5740798606359685e-07, 2.4019335771298346e-07, 2.0939136177707534e-07]","[1.415310955177433e-05, 1.7327225087647094e-05, 1.7955907821695767e-05, 1.65927472532287e-05, 1.4633977616114162e-05]"
505,"[1.6934421370741178e-07, 2.0556691903474405e-07, 2.1408238994381716e-07, 2.0202111378799308e-07, 1.9007511745261395e-07]","[1.1625996437057402e-05, 1.4099322812430792e-05, 1.4683009625633496e-05, 1.3669036227360283e-05, 1.2608018385110099e-05]"
506,"[1.5313920080636204e-07, 1.8592198469006126e-07, 1.9378243368320634e-07, 1.8511428510270576e-07, 1.8144377866186785e-07]","[1.0374605437285015e-05, 1.2595355064189077e-05, 1.311540300394892e-05, 1.2475596456177366e-05, 1.2132912769342506e-05]"
507,"[1.3440475054989833e-07, 1.636435162295284e-07, 1.701651269808339e-07, 1.6404843227002354e-07, 1.6276159511521572e-07]","[9.494196796942248e-06, 1.1485989316109614e-05, 1.1966035174443613e-05, 1.148049392362245e-05, 1.1477205119985993e-05]"
508,"[1.7690825041419728e-07, 2.162605870055819e-07, 2.2455702112365404e-07, 2.1246245792040167e-07, 1.942951371751535e-07]","[1.2514923741329438e-05, 1.5297183979295973e-05, 1.5916590294433527e-05, 1.5224869929201978e-05, 1.3763572021029099e-05]"
509,"[1.6498117173517907e-07, 2.0105886348736971e-07, 2.0885278371965876e-07, 1.9784024074427546e-07, 1.8998839648734893e-07]","[1.1681305270834815e-05, 1.4203746344549135e-05, 1.4756533439925283e-05, 1.379687364487758e-05, 1.3546712385183887e-05]"
510,"[1.7870900917043644e-07, 2.1896473286192051e-07, 2.2617352338407128e-07, 2.0359375404683293e-07, 1.8358615446854992e-07]","[1.2396742214275159e-05, 1.5157029173424555e-05, 1.564912133651274e-05, 1.3841513091795888e-05, 1.2720508637901876e-05]"
511,"[2.0532070796737509e-07, 2.519146303904672e-07, 2.6099370332593155e-07, 2.441669731514247e-07, 2.1834650175714145e-07]","[1.5127075030384188e-05, 1.8513702921373286e-05, 1.9244400981387604e-05, 1.826717082137317e-05, 1.5899054962910872e-05]"
512,"[2.1294486605050981e-07, 2.595546070254787e-07, 2.6610862524329267e-07, 2.3767677553705255e-07, 2.1349147817958007e-07]","[1.4322159210803933e-05, 1.754007889146323e-05, 1.8040384732768078e-05, 1.654050218223026e-05, 1.4684322493619048e-05]"
513,"[1.808341033306551e-07, 2.1985946169444588e-07, 2.2947924253915695e-07, 2.2501434055056625e-07, 2.104987246911085e-07]","[1.3131560343008354e-05, 1.601452072217774e-05, 1.667482978573091e-05, 1.6063247731828526e-05, 1.489995446532381e-05]"
514,"[2.077521894134558e-07, 2.5365596518460674e-07, 2.635376588075784e-07, 2.490813745443381e-07, 2.2800062754155226e-07]","[1.4052664345267877e-05, 1.7173309405977987e-05, 1.7828737600519673e-05, 1.6824171458679025e-05, 1.5647466763726917e-05]"
515,"[1.548808409246337e-07, 1.881350597756524e-07, 1.958119869983528e-07, 1.8567906938912214e-07, 1.7936235315045605e-07]","[1.0796791554509011e-05, 1.3113098027008153e-05, 1.3651556595413937e-05, 1.285665515211701e-05, 1.25121516879753e-05]"
516,"[1.6338557175169964e-07, 1.9801563969167777e-07, 2.06920564488361e-07, 2.0218798383178424e-07, 2.012896249483973e-07]","[1.1922636865198289e-05, 1.443392497014818e-05, 1.5082999659890848e-05, 1.4757314061493491e-05, 1.5284293811238612e-05]"
517,"[2.0196014362857508e-07, 2.4664399173117177e-07, 2.567188576332725e-07, 2.483443948004932e-07, 2.3148749801050482e-07]","[1.4842808472801853e-05, 1.8075887196921013e-05, 1.8834163966408525e-05, 1.8116522228466733e-05, 1.6991454165734064e-05]"
518,"[1.725028842015832e-07, 2.1058366074190058e-07, 2.1910753693276998e-07, 2.120464821359209e-07, 1.992583391543392e-07]","[1.1834369031568386e-05, 1.4409600992973978e-05, 1.502633383688641e-05, 1.4624549919846921e-05, 1.3923561088975305e-05]"
519,"[1.6578176594654748e-07, 2.0140275529096162e-07, 2.0994396044888085e-07, 2.0220066766245225e-07, 1.9903134937798115e-07]","[1.0545272012468939e-05, 1.2807740244410946e-05, 1.3354879460429704e-05, 1.2898013918721203e-05, 1.290140267196232e-05]"
520,"[2.8558397085657133e-07, 3.3957941667906396e-07, 3.5830287932699954e-07, 3.5123041474363523e-07, 3.5252577162283826e-07]","[1.1525914577249934e-05, 1.3758264168421488e-05, 1.4517643427954575e-05, 1.4545769304766702e-05, 1.4324256882448585e-05]"
521,"[2.64222710283323e-07, 3.150662111047957e-07, 3.320128332353584e-07, 3.2313328196872204e-07, 3.1852066135716244e-07]","[9.802931469460903e-06, 1.1719154950715064e-05, 1.2338824115313272e-05, 1.2302429434622856e-05, 1.2601443335081996e-05]"
522,"[3.266516932312822e-07, 3.855808502740178e-07, 4.099734440485262e-07, 4.1869727973953614e-07, 4.241345986130933e-07]","[1.1021363641239294e-05, 1.3087798186226624e-05, 1.3836354238012451e-05, 1.3746912054397443e-05, 1.4146108019131957e-05]"
523,"[2.657057374376507e-07, 3.137431342951604e-07, 3.330284322860466e-07, 3.320605244411314e-07, 3.345122103009258e-07]","[1.1680175197959201e-05, 1.3959432911889936e-05, 1.4714605021664792e-05, 1.4563430183248877e-05, 1.4468174758614966e-05]"
524,"[2.3684998454182032e-07, 2.793058536010293e-07, 2.9733752380035053e-07, 3.040071929927201e-07, 3.0597993151655707e-07]","[9.155946826556438e-06, 1.0892037060496841e-05, 1.151292434327833e-05, 1.1613855331524712e-05, 1.1854629867253766e-05]"
525,"[2.67956913433144e-07, 3.156461115890754e-07, 3.3529155249298127e-07, 3.358980483513075e-07, 3.420033447628265e-07]","[9.972385856667029e-06, 1.1837948707478952e-05, 1.251334829288207e-05, 1.2665087425067616e-05, 1.2974360115763427e-05]"
526,"[2.810512291617205e-07, 3.308609186261879e-07, 3.5231577811132856e-07, 3.5963415475907327e-07, 3.64399369981955e-07]","[9.810267641432807e-06, 1.163729369620411e-05, 1.2325994299963393e-05, 1.256071692191903e-05, 1.268215183135786e-05]"
527,"[3.3360145961686426e-07, 3.9433483124723093e-07, 4.187445684742416e-07, 4.366916580922525e-07, 4.70103110706936e-07]","[1.4139109813064491e-05, 1.6734832629164274e-05, 1.7739874626598872e-05, 1.7950635954893736e-05, 1.8408112101742247e-05]"
528,"[1.6122116984478896e-07, 1.9218725386488863e-07, 2.025539078887832e-07, 2.0197519274066487e-07, 2.1029729085252073e-07]","[9.397375890404482e-06, 1.1283925207637141e-05, 1.1841966637484274e-05, 1.1511024237624586e-05, 1.1299059423620924e-05]"
529,"[1.6313584944245123e-07, 1.962226280611979e-07, 2.0650172006617807e-07, 2.0933413103422253e-07, 1.9817192068132793e-07]","[1.061804474195717e-05, 1.2791781363702754e-05, 1.3434920970813257e-05, 1.3292639646541448e-05, 1.2396587296735511e-05]"
530,"[1.8068571924062061e-07, 2.1878071876482145e-07, 2.2882449704984907e-07, 2.2814775353213092e-07, 2.134648569427918e-07]","[1.035104204957901e-05, 1.2576207898179281e-05, 1.3159667518670981e-05, 1.3398989479549431e-05, 1.2216975875252905e-05]"
531,"[1.7284350210606017e-07, 2.0528372335524472e-07, 2.1714440779792983e-07, 2.2049256227921947e-07, 2.237554047250051e-07]","[1.004295881299434e-05, 1.2014590550415327e-05, 1.2651507454005507e-05, 1.2570780489378461e-05, 1.2446742720933854e-05]"
532,"[1.8665376658135976e-07, 2.232048466321986e-07, 2.3546180033383015e-07, 2.3704753727042462e-07, 2.3732708201918103e-07]","[1.0365535450742449e-05, 1.2416578103641287e-05, 1.307327634912223e-05, 1.3001545150280788e-05, 1.3084401841639486e-05]"
533,"[1.756010289961271e-07, 2.085743573859052e-07, 2.1862489204530024e-07, 2.229074829617622e-07, 2.2758645658985606e-07]","[1.0240745622703362e-05, 1.2333229077470269e-05, 1.2876801075901409e-05, 1.3267455271099573e-05, 1.2813012366366422e-05]"
534,"[1.5719304444565074e-07, 1.8790055202155074e-07, 1.9848961381998266e-07, 2.033137549319402e-07, 2.0238446401717596e-07]","[8.883973937886134e-06, 1.0653229227846273e-05, 1.1250006458325291e-05, 1.1626298843569327e-05, 1.1350358947507009e-05]"
535,"[1.5541148510891335e-07, 1.8547190162927146e-07, 1.9561824334297662e-07, 1.9728262710057005e-07, 2.017148132578471e-07]","[8.4629324277665e-06, 1.019120649673244e-05, 1.0694673653533118e-05, 1.0580638289373059e-05, 1.0243131664161297e-05]"
536,"[2.4421817762443333e-07, 2.9255430976963576e-07, 3.088809032800127e-07, 3.33842017385254e-07, 3.6009404120810354e-07]","[1.078262699274126e-05, 1.2724277356284404e-05, 1.3518047832067229e-05, 1.4104263546248434e-05, 1.5196724561341503e-05]"
537,"[1.2955705726496514e-07, 1.552490018924265e-07, 1.634153969392885e-07, 1.6357722879853866e-07, 1.6351406282944092e-07]","[8.225327104183626e-06, 9.878601863269095e-06, 1.0388153283068277e-05, 1.0393895858806085e-05, 1.0415997748735018e-05]"
538,"[1.3632102087026009e-07, 1.6405974137525758e-07, 1.7228941461270163e-07, 1.6944673420678857e-07, 1.673512922068028e-07]","[9.762852514628717e-06, 1.175188372956834e-05, 1.2351412166159824e-05, 1.2241758103854946e-05, 1.1706362743952115e-05]"
539,"[1.480345242579724e-07, 1.7964892103704996e-07, 1.873489974435825e-07, 1.8101580049579957e-07, 1.8353344942855758e-07]","[1.1390263831060348e-05, 1.3778476153950411e-05, 1.4391891865586371e-05, 1.3781032375361876e-05, 1.3424685557529145e-05]"
540,"[1.5329450824195627e-07, 1.848090590543112e-07, 1.9374987061220392e-07, 1.913382190896257e-07, 1.9055063517746182e-07]","[1.1369756116261656e-05, 1.3738167043312659e-05, 1.4366831464032949e-05, 1.3929963771738616e-05, 1.3793024196165215e-05]"
541,"[1.843407675987491e-07, 2.2289042233105169e-07, 2.3315870906325013e-07, 2.2399960156166729e-07, 2.1241779549323164e-07]","[1.3740199201190064e-05, 1.6664143223785044e-05, 1.7379041291654457e-05, 1.6374542680190823e-05, 1.555755945587743e-05]"
542,"[1.9094346657888946e-07, 2.3139799425831071e-07, 2.421932381385684e-07, 2.390718979276306e-07, 2.3252366770442286e-07]","[1.3671660935479557e-05, 1.6594424924260428e-05, 1.7324959777314305e-05, 1.6857601343605145e-05, 1.6698986646903394e-05]"
543,"[1.5973730841593974e-07, 1.9319395899168472e-07, 2.0203106065842925e-07, 1.9701807345613081e-07, 1.9528890989837364e-07]","[1.2036072648574547e-05, 1.4589754723142716e-05, 1.5216445066365996e-05, 1.4570349992311121e-05, 1.466073631893631e-05]"
544,"[1.82863638831941e-07, 2.214777064189423e-07, 2.3169188028126562e-07, 2.2821038070008552e-07, 2.2391857386671256e-07]","[1.2692323986364839e-05, 1.533640372030068e-05, 1.6022992744973345e-05, 1.549790338404304e-05, 1.5961829823948595e-05]"
545,"[2.06949949180386e-07, 2.5228536599823395e-07, 2.627203603907252e-07, 2.5266707133345465e-07, 2.3353724379093267e-07]","[1.4289630015793512e-05, 1.734433256487421e-05, 1.8109352056645398e-05, 1.7742096557346893e-05, 1.716460254222062e-05]"
546,"[1.684955265177515e-07, 2.0508805748768008e-07, 2.136937895388257e-07, 2.0736268259929385e-07, 2.0422371486292367e-07]","[1.273676979026683e-05, 1.535477009267288e-05, 1.6089748325171717e-05, 1.5783518566141038e-05, 1.6188506589889878e-05]"
547,"[1.8102527283446467e-07, 2.1962941171651186e-07, 2.2951937708620307e-07, 2.2196660915240468e-07, 2.096195225850207e-07]","[1.315201894398714e-05, 1.5964194626031262e-05, 1.6670254959386643e-05, 1.6067500648653686e-05, 1.551907439245767e-05]"
548,"[1.7960098694724176e-07, 2.1741944613642612e-07, 2.272604321549992e-07, 2.2158775513298266e-07, 2.1968797492207992e-07]","[1.3639813935763303e-05, 1.646823469869734e-05, 1.721179247867235e-05, 1.6418654298953757e-05, 1.6513477556815564e-05]"
549,"[1.896394610491695e-07, 2.3032127370205188e-07, 2.4028427137859716e-07, 2.3052757258782127e-07, 2.2185505501746088e-07]","[1.224260394954761e-05, 1.4811852783297389e-05, 1.5481428167618998e-05, 1.5144123047803054e-05, 1.5729374437667156e-05]"
550,"[2.038287606486922e-07, 2.4686977716477684e-07, 2.583393406912142e-07, 2.543541722501903e-07, 2.462944639088402e-07]","[1.4439606038641876e-05, 1.7517250250744083e-05, 1.8291820469282224e-05, 1.771288686994678e-05, 1.727118560690144e-05]"
551,"[2.2857553695370744e-07, 2.7797021241011114e-07, 2.886756860965598e-07, 2.7277313638010336e-07, 2.5130026622001235e-07]","[1.365308480545836e-05, 1.661685422939115e-05, 1.727926471591433e-05, 1.622356841423014e-05, 1.538647981822924e-05]"
552,"[1.7704142949065836e-07, 2.145369160739549e-07, 2.2412284705207792e-07, 2.178455012506084e-07, 2.1760476670251504e-07]","[1.2484608182690247e-05, 1.5136797916279214e-05, 1.5807396833176386e-05, 1.5615990240126722e-05, 1.6162446079581807e-05]"
553,"[1.9921988272164793e-07, 2.410131079710406e-07, 2.521365689533931e-07, 2.467335188303808e-07, 2.4220372038958786e-07]","[1.3970695502159833e-05, 1.7020926529601156e-05, 1.7712738479244646e-05, 1.6895833442044058e-05, 1.6597602156170782e-05]"
554,"[2.0123733512474613e-07, 2.438904829778274e-07, 2.54296536450162e-07, 2.4165738571823343e-07, 2.3550954371932754e-07]","[1.3811134332948306e-05, 1.6753558699598576e-05, 1.745102019672939e-05, 1.637442376191703e-05, 1.578028521457734e-05]"
555,"[2.1497163768892443e-07, 2.6109634770347046e-07, 2.7234724862913885e-07, 2.6271462412397e-07, 2.53396905428734e-07]","[1.4411398259233046e-05, 1.7489197966259997e-05, 1.8261078344028744e-05, 1.7778300923725288e-05, 1.7609784446423173e-05]"
556,"[2.4152880500439496e-07, 2.9266745977682586e-07, 3.055567659164304e-07, 2.880671485317121e-07, 2.6258819735934044e-07]","[1.4243469402445377e-05, 1.7205068138522865e-05, 1.800828258765386e-05, 1.7507976889795555e-05, 1.7307096418790536e-05]"
557,"[1.9856185478691508e-07, 2.4226116220995255e-07, 2.517532687683815e-07, 2.3692878718171052e-07, 2.2462402446947526e-07]","[1.3419710349523055e-05, 1.6290237322314962e-05, 1.6997447617571762e-05, 1.6401471904616395e-05, 1.584755502422982e-05]"
558,"[2.138642757223805e-07, 2.60158708704298e-07, 2.7086802571504046e-07, 2.580507003749735e-07, 2.437934181151445e-07]","[1.5160193340793474e-05, 1.824826580959861e-05, 1.9143446290351564e-05, 1.8820623218992756e-05, 1.8538585199404734e-05]"
559,"[2.103707212638007e-07, 2.5586399870736623e-07, 2.665634751539634e-07, 2.534376285526383e-07, 2.412866165124023e-07]","[1.564330558266977e-05, 1.8898554420432877e-05, 1.9796964830759085e-05, 1.9286522736675392e-05, 1.8598833763267778e-05]"
560,"[1.932148371384241e-07, 2.3363074484279562e-07, 2.4443410575018885e-07, 2.375837289508082e-07, 2.3380951748809752e-07]","[1.2281942182600974e-05, 1.4803501268929092e-05, 1.553116675991536e-05, 1.537479741788119e-05, 1.5540979887896668e-05]"
561,"[2.3467268302338106e-07, 2.847147632021826e-07, 2.977838200847414e-07, 2.9137677749339967e-07, 2.7245155095606794e-07]","[1.4828836388358885e-05, 1.8007271000572442e-05, 1.873991276896826e-05, 1.7436085651701467e-05, 1.6543444755743353e-05]"
562,"[2.531501528488544e-07, 3.073245384239399e-07, 3.1926235698678887e-07, 2.943379316246885e-07, 2.953366469227459e-07]","[1.4314049922492308e-05, 1.725857671581078e-05, 1.8065920084802883e-05, 1.7533455693356645e-05, 1.7203292422939332e-05]"
563,"[1.9981599455877675e-07, 2.403929731603145e-07, 2.524184355434454e-07, 2.4832033356079736e-07, 2.474631759028658e-07]","[1.3421983658697446e-05, 1.61298109315835e-05, 1.6931286231150385e-05, 1.671016717474442e-05, 1.7015657123344016e-05]"
564,"[2.5240846393115396e-07, 3.085086967110415e-07, 3.2178877808395726e-07, 3.180349388896937e-07, 2.9561478394921506e-07]","[1.4578601015195714e-05, 1.7580824226711416e-05, 1.8381571769043108e-05, 1.752602705230948e-05, 1.6928631937739802e-05]"
565,"[2.393755707071089e-07, 2.8937021292120056e-07, 3.031733028803044e-07, 3.0031974112329543e-07, 2.903232102729006e-07]","[1.5200793475280188e-05, 1.8364955773552278e-05, 1.9265770269341653e-05, 1.9249619708164692e-05, 1.885323661483586e-05]"
566,"[1.9777010578659203e-07, 2.3743816104885248e-07, 2.4970746535789847e-07, 2.4680883087773796e-07, 2.4081420488149353e-07]","[1.2661973009689238e-05, 1.5347038251031652e-05, 1.601541967864031e-05, 1.532662671204832e-05, 1.4917347901553975e-05]"
567,"[2.4389487890452336e-07, 2.9456028831958495e-07, 3.0817743845408104e-07, 2.9623513632720866e-07, 2.841196027870436e-07]","[1.4469766208774118e-05, 1.7638154689787075e-05, 1.82843082281663e-05, 1.671151558525728e-05, 1.605566009376637e-05]"
568,"[2.6180423088873404e-07, 3.1471599480084014e-07, 3.306691303814032e-07, 3.2359410981511154e-07, 3.1088844180515893e-07]","[1.5685098912430418e-05, 1.899011514847056e-05, 1.9829009457268498e-05, 1.890761192644674e-05, 1.8015473223374975e-05]"
569,"[2.3640488208882244e-07, 2.857301965605627e-07, 2.9916427775637733e-07, 2.9175983930538594e-07, 2.8615204093657867e-07]","[1.4573023055916865e-05, 1.7605715917206206e-05, 1.8417641988976865e-05, 1.785753175479649e-05, 1.757289716107348e-05]"
570,"[2.153203860423001e-07, 2.5931397954258706e-07, 2.724030277278942e-07, 2.6957017282833203e-07, 2.661134881310746e-07]","[1.4525849502642336e-05, 1.7634584865406256e-05, 1.8434476664370467e-05, 1.7967716249850187e-05, 1.729671775975046e-05]"
571,"[2.0986996312745147e-07, 2.53110179745149e-07, 2.65076377737738e-07, 2.585022620214e-07, 2.5679391468663754e-07]","[1.3437229760241862e-05, 1.6272416804013334e-05, 1.7004650517427396e-05, 1.6509365827933055e-05, 1.6354505849550273e-05]"
572,"[2.532033240613195e-07, 3.0591579678732657e-07, 3.213701902084213e-07, 3.243747732090179e-07, 3.131020061914998e-07]","[1.4816459466727774e-05, 1.7919616183728278e-05, 1.8739677301198695e-05, 1.8342366007146535e-05, 1.821163540391272e-05]"
573,"[2.047997355244002e-07, 2.457901701623956e-07, 2.587232553855357e-07, 2.577024987246433e-07, 2.5499037472514625e-07]","[1.2667654941488498e-05, 1.526268136807342e-05, 1.600153349761468e-05, 1.5790024213863038e-05, 1.6292531216094522e-05]"
574,"[2.3361052745581566e-07, 2.818892368897108e-07, 2.956009072184906e-07, 2.916880323319064e-07, 2.7809759023445785e-07]","[1.5134133898112664e-05, 1.8370919624722268e-05, 1.9159316327755155e-05, 1.8168328064389185e-05, 1.693131534165406e-05]"
575,"[2.1605107519485007e-07, 2.605980623354303e-07, 2.72991208039291e-07, 2.65589632279416e-07, 2.5874914677845487e-07]","[1.2700983807729402e-05, 1.5399209401601696e-05, 1.6055748795206454e-05, 1.527226288627205e-05, 1.4920336581903177e-05]"
576,"[2.731329506061285e-07, 3.311238413442048e-07, 3.451014705701414e-07, 3.2486715922279506e-07, 2.9959991930650536e-07]","[1.563988370439009e-05, 1.8952461322465523e-05, 1.9802872034534865e-05, 1.9250084563292326e-05, 1.8370504182436305e-05]"
577,"[2.5045674209497417e-07, 3.021746091840896e-07, 3.163755419047771e-07, 3.025408112089634e-07, 2.862380784758793e-07]","[1.510160984980836e-05, 1.8336800908092693e-05, 1.9115137824424998e-05, 1.8325663016691355e-05, 1.7637832511870667e-05]"
578,"[2.5184220646087006e-07, 3.024559375359479e-07, 3.1780314398739003e-07, 3.136659953953243e-07, 3.119705454713695e-07]","[1.454586840237106e-05, 1.7536588724874226e-05, 1.8359485616378966e-05, 1.7874807341205515e-05, 1.7851729491809128e-05]"
579,"[2.1626959886857582e-07, 2.6090921917408216e-07, 2.730862012841482e-07, 2.642159571721113e-07, 2.608482027212193e-07]","[1.3393621399988745e-05, 1.6274884826912315e-05, 1.694081966586589e-05, 1.6041294906902966e-05, 1.5634080270657417e-05]"
580,"[2.482297991715352e-07, 3.0062129260781637e-07, 3.1403550713342207e-07, 3.0175885714046316e-07, 2.8973641210977024e-07]","[1.540966049408748e-05, 1.8831898803674367e-05, 1.9526726188907807e-05, 1.8202218484820093e-05, 1.7203245026680248e-05]"
581,"[2.481580317448155e-07, 3.004059935760042e-07, 3.1380295601947963e-07, 3.008640979472129e-07, 2.8323380520856335e-07]","[1.4727940677804768e-05, 1.7801950975577315e-05, 1.863665601378018e-05, 1.8228384750528657e-05, 1.759753943722003e-05]"
582,"[2.7441939131944366e-07, 3.303780607306029e-07, 3.4630597937779677e-07, 3.3382294440022385e-07, 3.2536506314104585e-07]","[1.5720375088180156e-05, 1.9204970739557983e-05, 1.99551049868005e-05, 1.875961667114067e-05, 1.747744943598421e-05]"
583,"[2.2222903307633467e-07, 2.6618201606894845e-07, 2.803065227700629e-07, 2.7911935097707897e-07, 2.815259928424868e-07]","[1.279490368095701e-05, 1.5427918115014654e-05, 1.6175435874118727e-05, 1.6002623694904916e-05, 1.6328486950164524e-05]"
584,"[2.4156684053755774e-07, 2.9121507273765e-07, 3.049388874240465e-07, 2.9343636143840164e-07, 2.8541945663991747e-07]","[1.2965135389840124e-05, 1.5680580097392654e-05, 1.6371361542360804e-05, 1.5836027143276263e-05, 1.6202795558830044e-05]"
585,"[2.5305199804307745e-07, 3.060938122308706e-07, 3.201170045580169e-07, 3.0634400689754444e-07, 2.905113272730658e-07]","[1.4927599331251512e-05, 1.8059453362904724e-05, 1.890668854965928e-05, 1.8358202307599763e-05, 1.7424749787749633e-05]"
586,"[2.271925000579552e-07, 2.734805478692853e-07, 2.86981454205867e-07, 2.7929401016179314e-07, 2.667408592911307e-07]","[1.30475449653312e-05, 1.5737038324563594e-05, 1.6505501481276822e-05, 1.6360756836063864e-05, 1.615217333708721e-05]"
587,"[2.1380516019499913e-07, 2.579126391678442e-07, 2.7008792858890464e-07, 2.629855813544517e-07, 2.533892947617437e-07]","[1.3518977170291028e-05, 1.637775078187818e-05, 1.7095759060231304e-05, 1.6374540082958763e-05, 1.6109326941539167e-05]"
588,"[2.409506173157792e-07, 2.8942865249120076e-07, 3.041949990155114e-07, 3.021890653221353e-07, 2.9830654583932705e-07]","[1.6066951662104506e-05, 1.9402933272112144e-05, 2.0314959733750292e-05, 1.971718708595137e-05, 1.9191283356613255e-05]"
589,"[2.5533866048084845e-07, 3.0802072224951447e-07, 3.2286769357381016e-07, 3.120255199244249e-07, 2.9632825568099366e-07]","[1.3596780120194036e-05, 1.653644895899086e-05, 1.7218476117055663e-05, 1.641480867639198e-05, 1.573111816885702e-05]"
590,"[2.5052385156102003e-07, 3.029818665680245e-07, 3.167698250738185e-07, 3.0480522350541103e-07, 2.9031813250584905e-07]","[1.5899813259330564e-05, 1.9296541867163003e-05, 2.0146071450846206e-05, 1.927109125726707e-05, 1.799254744610041e-05]"
591,"[2.660240634150337e-07, 3.201805798334413e-07, 3.3584393487701664e-07, 3.238004991098674e-07, 3.0868413004918454e-07]","[1.5552902529998687e-05, 1.88587567266021e-05, 1.9666264484425495e-05, 1.8585067999052575e-05, 1.785112437413776e-05]"
592,"[2.3846834573066795e-07, 2.870176139841848e-07, 3.0145872759732603e-07, 2.9779308281866897e-07, 2.8647726825429575e-07]","[1.372960245374616e-05, 1.6582461589656652e-05, 1.7365572480270028e-05, 1.719139972101379e-05, 1.7129996458870934e-05]"
593,"[2.4285043741238395e-07, 2.9175262664194133e-07, 3.064378748410855e-07, 2.9950101388944846e-07, 2.9175807845895673e-07]","[1.4484412238076324e-05, 1.748160600970773e-05, 1.8331898396325928e-05, 1.8094600957977094e-05, 1.7670784361736818e-05]"
594,"[2.595401276921795e-07, 3.1292975252318476e-07, 3.2787582487846723e-07, 3.1808208781566785e-07, 3.0863605636767787e-07]","[1.4479471328320275e-05, 1.7518169079097915e-05, 1.8336406197345476e-05, 1.7956491192308604e-05, 1.752291924812833e-05]"
595,"[2.2350522527816388e-07, 2.6908168011145797e-07, 2.8231782677547894e-07, 2.7487062087965917e-07, 2.6747006339417214e-07]","[1.3928436251977024e-05, 1.672725809270502e-05, 1.7582681697944105e-05, 1.730626278846557e-05, 1.720329812788231e-05]"
596,"[2.511066828159683e-07, 3.038691667544386e-07, 3.170945330722823e-07, 3.045081822101396e-07, 2.857689906352333e-07]","[1.4717625636917686e-05, 1.787584828272121e-05, 1.8641552456597996e-05, 1.8362548623621855e-05, 1.7640691037571157e-05]"
597,"[2.918986145382336e-07, 3.5397432163506877e-07, 3.6902051671777087e-07, 3.486417928886523e-07, 3.2462020826263243e-07]","[1.626334158477612e-05, 1.9756417508710098e-05, 2.0561532045197282e-05, 1.9420952108718462e-05, 1.833280051183673e-05]"
598,"[2.128270741392439e-07, 2.567712149265316e-07, 2.6879639659274426e-07, 2.608043727710082e-07, 2.602368262913084e-07]","[1.3952178210460401e-05, 1.680717409806991e-05, 1.762149093389552e-05, 1.716341854141988e-05, 1.690512504821276e-05]"
599,"[2.5066294368774526e-07, 3.0160463493503816e-07, 3.1684314960565964e-07, 3.1118515453810676e-07, 2.967852890743778e-07]","[1.4461378648774056e-05, 1.741975737440233e-05, 1.829713069445105e-05, 1.818319280599039e-05, 1.7658004396697395e-05]"
600,"[2.574378758342581e-07, 3.117686333065552e-07, 3.252010695514766e-07, 3.049414812532367e-07, 2.8695104162136635e-07]","[1.5356853976294115e-05, 1.8593409010109957e-05, 1.938932923020193e-05, 1.821373684225825e-05, 1.7361176163213688e-05]"
601,"[2.4365417969765726e-07, 2.9361601278111625e-07, 3.0773109488667315e-07, 2.963148379277404e-07, 2.8269743442479324e-07]","[1.4770086028908917e-05, 1.7849234880342472e-05, 1.865556394861479e-05, 1.7746913670511827e-05, 1.7063459007277963e-05]"
602,"[2.39791427225717e-07, 2.908915746166861e-07, 3.038112917779238e-07, 2.925991665525984e-07, 2.7556500157386837e-07]","[1.5396417053866166e-05, 1.866591974780856e-05, 1.950373758433221e-05, 1.8662841180816678e-05, 1.7388144918739844e-05]"
603,"[2.4244218045772296e-07, 2.907163590105577e-07, 3.057693246741369e-07, 2.989831105216166e-07, 2.9278584857693933e-07]","[1.470114899367437e-05, 1.767285844383196e-05, 1.8586864468294174e-05, 1.8516162987788386e-05, 1.8015479532410616e-05]"
604,"[2.863734225392092e-07, 3.476783412626915e-07, 3.623423264896408e-07, 3.4029847499686785e-07, 3.167141153479607e-07]","[1.6203952832665108e-05, 1.9593703654508647e-05, 2.045971372909231e-05, 1.9420996794391024e-05, 1.888389604531119e-05]"
605,"[2.8236795596734127e-07, 3.4264578401809434e-07, 3.570137050198611e-07, 3.331079855036552e-07, 3.085587809394118e-07]","[1.6469244506102496e-05, 2.0099368571699723e-05, 2.0845120647368582e-05, 1.919747085128495e-05, 1.7654821150865133e-05]"
606,"[2.58733188444848e-07, 3.106287357210024e-07, 3.271257745817529e-07, 3.245669650777465e-07, 3.0972068751082387e-07]","[1.5705203844154043e-05, 1.888147541827586e-05, 1.979850962038666e-05, 1.9187881690696975e-05, 1.9014688920203705e-05]"
607,"[2.277111275054857e-07, 2.729803271075278e-07, 2.8744567591725243e-07, 2.836957934500651e-07, 2.786232860301416e-07]","[1.404968609563704e-05, 1.6875926485665487e-05, 1.773339526973849e-05, 1.7366219887448005e-05, 1.733271710132922e-05]"
608,"[2.9963890044372094e-07, 3.628728287781073e-07, 3.7907757348777844e-07, 3.623572897078516e-07, 3.3682702702336106e-07]","[1.6994815114798792e-05, 2.073039304075778e-05, 2.1550160101834797e-05, 2.0207376175425687e-05, 1.8318013580654142e-05]"
609,"[2.7075461437490924e-07, 3.2673988212539166e-07, 3.422584371703058e-07, 3.3109159882888326e-07, 3.1412167352358817e-07]","[1.5244482521693557e-05, 1.8416310017122282e-05, 1.928822581265242e-05, 1.901275725263407e-05, 1.8713233861183587e-05]"
610,"[2.3673316580188466e-07, 2.8421615143703904e-07, 2.987749132255235e-07, 2.9483536084502274e-07, 2.866538277879558e-07]","[1.4361965117007078e-05, 1.7342952955216787e-05, 1.814954201661054e-05, 1.7778352743166736e-05, 1.7475739428271252e-05]"
611,"[2.45601238810451e-07, 2.961401332481991e-07, 3.1014444781125357e-07, 3.002024174042657e-07, 2.951153640757173e-07]","[1.4431345035522107e-05, 1.7256124350640362e-05, 1.8198297943624383e-05, 1.825900154593605e-05, 1.8372629068475123e-05]"
612,"[2.7343778205563497e-07, 3.3054993008009683e-07, 3.454963838880571e-07, 3.278229931734084e-07, 3.070894325922528e-07]","[1.5094408294209509e-05, 1.823077038542589e-05, 1.9072274830396386e-05, 1.8472744797299273e-05, 1.831920627201564e-05]"
613,"[2.8059540702755046e-07, 3.3913671632596274e-07, 3.549991120897847e-07, 3.403851374980558e-07, 3.2110857113606377e-07]","[1.5907255729553058e-05, 1.9348008138746043e-05, 2.0139533757840753e-05, 1.8989240739593673e-05, 1.8374638825160086e-05]"
614,"[2.8194485605430835e-07, 3.378172631761516e-07, 3.56184163860337e-07, 3.572613350768809e-07, 3.4980884886951244e-07]","[1.5420279143913884e-05, 1.865779011079409e-05, 1.951984349541103e-05, 1.9286299775600422e-05, 1.8959331737424852e-05]"
615,"[2.6884166926087454e-07, 3.253640528059054e-07, 3.402227765683597e-07, 3.2613783472609815e-07, 3.039668382092046e-07]","[1.6223088146983897e-05, 1.957634919745757e-05, 2.048279660720439e-05, 1.974325387621316e-05, 1.9421563541148106e-05]"
616,"[2.62923644014553e-07, 3.1805629904857003e-07, 3.3254970620994325e-07, 3.180133543543867e-07, 2.974821259247691e-07]","[1.452609125863138e-05, 1.7620725687690977e-05, 1.8371502121501127e-05, 1.7513677991757734e-05, 1.704887873960816e-05]"
617,"[3.1350141962549736e-07, 3.7809856744599246e-07, 3.9462831555314217e-07, 3.7902886814417856e-07, 3.5317700517559547e-07]","[1.8060758616360143e-05, 2.1936231238651587e-05, 2.2785885230362723e-05, 2.1329843245977238e-05, 2.0359112591683003e-05]"
618,"[2.785323069553265e-07, 3.376251724021605e-07, 3.5277646032749865e-07, 3.383706549166409e-07, 3.186585928836078e-07]","[1.5654617614176208e-05, 1.8980857376183428e-05, 1.9827143487362042e-05, 1.9105371022178076e-05, 1.8243147070412734e-05]"
619,"[2.8769080873827696e-07, 3.4725609311324054e-07, 3.634211355109211e-07, 3.4988351603629134e-07, 3.387082202959137e-07]","[1.5269011298564683e-05, 1.8535902869025757e-05, 1.930007094013958e-05, 1.8127035073168966e-05, 1.7366375026023856e-05]"
620,"[2.6551648244718714e-07, 3.194719633843997e-07, 3.354830065843679e-07, 3.289553905142403e-07, 3.208051048525101e-07]","[1.5602800837152832e-05, 1.884507207263192e-05, 1.9727048614350395e-05, 1.9035438523699727e-05, 1.8232629619360013e-05]"
621,"[2.6417246008573656e-07, 3.2051243844009307e-07, 3.3465088009299036e-07, 3.2090742963246687e-07, 3.0568704234035324e-07]","[1.5169030533667642e-05, 1.840484102291838e-05, 1.9214406409433995e-05, 1.866630641974639e-05, 1.8346357101010776e-05]"
622,"[2.996300450228911e-07, 3.6290116579503655e-07, 3.7976437411235113e-07, 3.6414489834255284e-07, 3.2910992013755443e-07]","[1.6666109601879987e-05, 2.027179875941241e-05, 2.111529632806807e-05, 1.9897871058458465e-05, 1.8472527710656083e-05]"
623,"[3.2869729172191114e-07, 4.004176571936848e-07, 4.1696237225445846e-07, 3.915726967946884e-07, 3.544909811946918e-07]","[1.6616915603663767e-05, 2.0319948436656875e-05, 2.1055220590421442e-05, 1.970718820953196e-05, 1.8667792670131396e-05]"
624,"[2.950306577873071e-07, 3.5812625746169846e-07, 3.741458627479479e-07, 3.584916127572e-07, 3.216765428463112e-07]","[1.5845235016212222e-05, 1.9239406182323693e-05, 2.0075082172175643e-05, 1.930839685560521e-05, 1.779596631340703e-05]"
625,"[2.8533056441717544e-07, 3.4469409613625005e-07, 3.6166938178743286e-07, 3.5785739954502594e-07, 3.377511666945829e-07]","[1.4472999473541325e-05, 1.7567800406107e-05, 1.8317616330349933e-05, 1.7685969980309043e-05, 1.736968761164813e-05]"
626,"[3.313234851803944e-07, 4.015064251959456e-07, 4.185582615615468e-07, 3.9350858590897433e-07, 3.7644711075055786e-07]","[1.7415297341249253e-05, 2.106428975859653e-05, 2.196709361814469e-05, 2.08869910283563e-05, 2.0636524351264465e-05]"
627,"[2.3889967839409764e-07, 2.867383977026776e-07, 3.012712228723137e-07, 2.9764418840585876e-07, 2.996854249269569e-07]","[1.3855721997852755e-05, 1.6646924309356477e-05, 1.7475585571972047e-05, 1.723499020469578e-05, 1.7297831807960324e-05]"
628,"[2.831496172144381e-07, 3.310648775062592e-07, 3.509835934756157e-07, 3.670494894034129e-07, 4.195096295545073e-07]","[1.3016242798419083e-05, 1.550699482650523e-05, 1.6342641601185602e-05, 1.6693179697808345e-05, 1.7686871284333418e-05]"
629,"[1.9318768812878954e-07, 2.3329427061253394e-07, 2.444077733362231e-07, 2.4368506578762875e-07, 2.4374291980025247e-07]","[1.1463113156889175e-05, 1.384722346563817e-05, 1.4457525164914449e-05, 1.4081093196967606e-05, 1.4692969799438467e-05]"
630,"[2.310326765795714e-07, 2.80385292947494e-07, 2.9231659625361755e-07, 2.782320359666379e-07, 2.6396007536611236e-07]","[1.3528719120986143e-05, 1.6420305350497842e-05, 1.7122336225562447e-05, 1.6589138912966406e-05, 1.6073224814727364e-05]"
631,"[2.2012230107793545e-07, 2.660276852672511e-07, 2.7817004642241466e-07, 2.708108677263728e-07, 2.6601583811218484e-07]","[1.123972456410604e-05, 1.3667247707541842e-05, 1.4214551523419826e-05, 1.3678736351687877e-05, 1.3916224447355035e-05]"
632,"[1.9151905191487789e-07, 2.305299850576343e-07, 2.4147120722444794e-07, 2.3707970019518612e-07, 2.4552509091468984e-07]","[1.1219661832146037e-05, 1.3547440030876153e-05, 1.4161559951903906e-05, 1.3731167109762202e-05, 1.3875496766111518e-05]"
633,"[2.0325341265349546e-07, 2.455631237492663e-07, 2.569813961240388e-07, 2.4824799052134404e-07, 2.3830162324122968e-07]","[1.2040998003728961e-05, 1.4631927833315369e-05, 1.524803131397963e-05, 1.4593310256518792e-05, 1.372753901602329e-05]"
634,"[2.656478615944352e-07, 3.192351765332286e-07, 3.3486152840246136e-07, 3.276711035368314e-07, 3.2414391886845845e-07]","[1.4564583138363436e-05, 1.7669898645871993e-05, 1.841242515952931e-05, 1.7613437143560935e-05, 1.7028340281679154e-05]"
635,"[2.2725693427392054e-07, 2.701525120595352e-07, 2.866401297568928e-07, 2.9912296692629406e-07, 3.040671320526304e-07]","[9.544959311061105e-06, 1.1374012189973955e-05, 1.202976495584376e-05, 1.2493382386917185e-05, 1.314829515609254e-05]"
636,"[3.087202699778848e-07, 3.622803993531503e-07, 3.871490775967853e-07, 4.112889278095309e-07, 4.330884373967343e-07]","[1.0729635822416656e-05, 1.2708527594761281e-05, 1.348385623114648e-05, 1.4096644660947978e-05, 1.526316306098134e-05]"
637,"[2.6719425619864096e-07, 3.099743152210293e-07, 3.304832979979181e-07, 3.3948334588927133e-07, 3.815282420571412e-07]","[8.80998560666412e-06, 1.0325128131933967e-05, 1.0981177940325107e-05, 1.190518743415352e-05, 1.364149643548258e-05]"
638,"[2.0092103937880972e-07, 2.3942794278933737e-07, 2.529458925712687e-07, 2.586158475103755e-07, 2.6120321804670027e-07]","[8.84723291308592e-06, 1.0668682265697362e-05, 1.1188507038411335e-05, 1.1432406349278954e-05, 1.1678729095969995e-05]"
639,"[2.1668975429551722e-07, 2.60922987980636e-07, 2.73268020300166e-07, 2.6576152857860784e-07, 2.645574276231247e-07]","[1.0186376864239892e-05, 1.2547135211629992e-05, 1.2904940334285578e-05, 1.1844981799165986e-05, 1.1757096684690215e-05]"
640,"[2.3544065850098973e-07, 2.865236311535292e-07, 2.980845655169422e-07, 2.818967252260453e-07, 2.648465937584294e-07]","[1.6150124770972098e-05, 1.9792978220228656e-05, 2.045539548303624e-05, 1.8571203189996393e-05, 1.673391262828686e-05]"
641,"[1.9779132416344823e-07, 2.419192980464776e-07, 2.5060760405403036e-07, 2.3174474361791827e-07, 2.16457710309071e-07]","[1.4796760820464555e-05, 1.8228979994530708e-05, 1.8760217275335046e-05, 1.6552220632873903e-05, 1.4669502534489263e-05]"
642,"[1.881665216243504e-07, 2.2988781558524142e-07, 2.3840809783456746e-07, 2.2461820720203585e-07, 2.1944929917253682e-07]","[1.4583140273455379e-05, 1.7805064458113353e-05, 1.8469061938411562e-05, 1.710459291218411e-05, 1.6007451472830174e-05]"
643,"[1.719458505903278e-07, 2.1076622192410408e-07, 2.181343279285977e-07, 2.0355433746190946e-07, 2.03350749660669e-07]","[1.35126267838442e-05, 1.6602372031130255e-05, 1.7148993079398435e-05, 1.553745031713635e-05, 1.4266741904873023e-05]"
644,"[1.9108233027240275e-07, 2.3083432292355726e-07, 2.413534814242629e-07, 2.338594601541253e-07, 2.4054804399165457e-07]","[1.3496008942228715e-05, 1.632422674440506e-05, 1.7049538451249997e-05, 1.627357197588669e-05, 1.6084572708281366e-05]"
645,"[1.7097935402956923e-07, 2.0809243712703578e-07, 2.1658890658695583e-07, 2.1041911970502095e-07, 2.129197863112171e-07]","[1.312741629473413e-05, 1.6046945943133362e-05, 1.6628156412359072e-05, 1.5364894041997946e-05, 1.4699885552949295e-05]"
646,"[1.7106781292307116e-07, 2.0927868831293596e-07, 2.1661747217716846e-07, 2.0163118659762426e-07, 2.0293040767085928e-07]","[1.220615017114043e-05, 1.4996900496015438e-05, 1.547229628587836e-05, 1.4040234630243192e-05, 1.3764246516590865e-05]"
647,"[1.7709437304445257e-07, 2.1432617716937476e-07, 2.238790339508431e-07, 2.1594001879689696e-07, 2.1630457021307162e-07]","[1.2166595260533493e-05, 1.4831087849696406e-05, 1.538457710479912e-05, 1.42216421824124e-05, 1.3811015717200238e-05]"
648,"[2.2262336336353827e-07, 2.65488575314605e-07, 2.804950693192075e-07, 2.913422604612729e-07, 3.081929758839005e-07]","[1.0666997837266022e-05, 1.2860034667523766e-05, 1.3451069124159017e-05, 1.3016992437456614e-05, 1.3292057074844756e-05]"
649,"[1.6622439139953944e-07, 2.0408185352399974e-07, 2.1073630194630078e-07, 1.9142577841165311e-07, 1.7613450466112656e-07]","[1.2973953747856905e-05, 1.6030055343742376e-05, 1.648047705948143e-05, 1.4466306209829508e-05, 1.2653713167360013e-05]"
650,"[1.5505897418087157e-07, 1.8825831747532485e-07, 1.9580671918781586e-07, 1.84504751781047e-07, 1.8189665869292142e-07]","[1.0985962840610199e-05, 1.3432975782168094e-05, 1.3890037973078147e-05, 1.2671299463881745e-05, 1.2183639290949244e-05]"
651,"[1.4806202675583276e-07, 1.8127809214031054e-07, 1.874090269163579e-07, 1.7061274758527793e-07, 1.617773124169694e-07]","[1.0585136300998577e-05, 1.3075145136844376e-05, 1.3400740224706035e-05, 1.1486286497225117e-05, 1.0402085737888751e-05]"
652,"[1.4575630586259998e-07, 1.7822929781404278e-07, 1.843151147338392e-07, 1.7052540786758723e-07, 1.7291763252791726e-07]","[1.0844362494619814e-05, 1.3354533811433012e-05, 1.3755772999066608e-05, 1.2524702199049882e-05, 1.202777968085291e-05]"
653,"[1.4708141553398372e-07, 1.7936662777318567e-07, 1.8555945545472962e-07, 1.6884733367923026e-07, 1.6473051072286355e-07]","[1.1211175561439601e-05, 1.3849504381955116e-05, 1.4194472885358255e-05, 1.21938545767596e-05, 1.1168147180706303e-05]"
654,"[1.3655459100770058e-07, 1.665368772448232e-07, 1.7293223257374811e-07, 1.649628217578954e-07, 1.6425590010254265e-07]","[9.238337517180888e-06, 1.1349905399938705e-05, 1.1701841898802587e-05, 1.0836104934806793e-05, 1.0685598293343764e-05]"
655,"[1.4029041342971557e-07, 1.6993267047313536e-07, 1.7699927490232477e-07, 1.7095990909040947e-07, 1.808058298784195e-07]","[1.0268900205224119e-05, 1.2589896069464215e-05, 1.2970211691488001e-05, 1.1685398580251965e-05, 1.1807234259756439e-05]"
656,"[1.862294497019661e-07, 2.235603103086355e-07, 2.3514481337757279e-07, 2.3751968860917673e-07, 2.451587981268465e-07]","[1.0019604201925295e-05, 1.2156088827683273e-05, 1.269008345356231e-05, 1.2524171498111906e-05, 1.2847971251132816e-05]"
657,"[1.8459540510108873e-07, 2.2400086537552966e-07, 2.3377669150523568e-07, 2.2669817954580736e-07, 2.2407162161390168e-07]","[1.035621603508796e-05, 1.2699935402397267e-05, 1.3137323204007587e-05, 1.2168304397340558e-05, 1.1469999874291041e-05]"
658,"[1.6660812321221074e-07, 2.0354247561204506e-07, 2.109759495202285e-07, 1.9863529830777646e-07, 1.986928594396789e-07]","[1.3313306848355945e-05, 1.6293140251225026e-05, 1.68498140564016e-05, 1.5313152631470157e-05, 1.4358472937853568e-05]"
659,"[1.392746376604933e-07, 1.6952742641560835e-07, 1.7629161757485224e-07, 1.6922695096065476e-07, 1.6533082598104188e-07]","[1.0078579560066458e-05, 1.2369441908915976e-05, 1.2771567208107824e-05, 1.1660760284510736e-05, 1.095556810798466e-05]"
660,"[1.6776880884766297e-07, 2.037354330317825e-07, 2.0967987720118164e-07, 1.9243928770581403e-07, 1.8145485740496679e-07]","[1.1938769883808828e-05, 1.4654890239463863e-05, 1.501575715997474e-05, 1.3166968437076789e-05, 1.2127035664251259e-05]"
661,"[2.0563355944984275e-07, 2.459531769711086e-07, 2.5837569161246634e-07, 2.6000266575395015e-07, 2.8566190142225566e-07]","[1.0123291310338024e-05, 1.236706784566904e-05, 1.2830792916879725e-05, 1.2644217898180844e-05, 1.320622283019342e-05]"
662,"[1.620186320319715e-07, 1.9744485913230136e-07, 2.0513341163223733e-07, 1.9549121127909194e-07, 1.98120518065449e-07]","[1.2499137925995512e-05, 1.528843429729502e-05, 1.5832340510518508e-05, 1.461579460983693e-05, 1.4319822663078973e-05]"
663,"[1.4029252458754924e-07, 1.71054014538549e-07, 1.7718927483842238e-07, 1.6509352815971557e-07, 1.6775648324761424e-07]","[1.0336536371388884e-05, 1.2632437540601032e-05, 1.3067468824069539e-05, 1.1909300674512483e-05, 1.1518773122392382e-05]"
664,"[1.3832328682813317e-07, 1.6882515939506943e-07, 1.749576633172093e-07, 1.6224909607848567e-07, 1.6096767073763415e-07]","[9.958746813568799e-06, 1.2166302255405019e-05, 1.25850856358975e-05, 1.1418385558489281e-05, 1.0898056704847914e-05]"
665,"[1.4674782686004048e-07, 1.7920829763374096e-07, 1.8539401681308316e-07, 1.7020349614183363e-07, 1.6564319577152572e-07]","[1.04040145403008e-05, 1.2804017914356606e-05, 1.3164651408472998e-05, 1.1710409964291538e-05, 1.0927256830997615e-05]"
666,"[1.556712965395884e-07, 1.8954688511071886e-07, 1.9642460152282338e-07, 1.8127511215266117e-07, 1.7866764955808922e-07]","[1.0387180503065244e-05, 1.278838079846525e-05, 1.3141178035793639e-05, 1.1617544190004314e-05, 1.1083850198194433e-05]"
667,"[1.571210949246529e-07, 1.9004002796173404e-07, 1.9796304178223633e-07, 1.8615572277417659e-07, 1.8693481713311715e-07]","[1.0064813399932553e-05, 1.238884486514916e-05, 1.270200753589131e-05, 1.0944325214962764e-05, 1.0308137893398748e-05]"
668,"[1.5021997191813573e-07, 1.8175109069835964e-07, 1.8950967508310647e-07, 1.8157005670587228e-07, 1.8582024320591677e-07]","[1.0684390166578302e-05, 1.3060827948307499e-05, 1.3507976390494914e-05, 1.2317491590433205e-05, 1.1803439009145457e-05]"
669,"[1.5752330132878326e-07, 1.900385320560406e-07, 1.9885953369332592e-07, 1.9602011385734106e-07, 2.0279712754633537e-07]","[9.849805203252227e-06, 1.2016408972109843e-05, 1.2454714645772064e-05, 1.1673424831953047e-05, 1.1646110643255402e-05]"
670,"[1.5935838050140279e-07, 1.9321054515945164e-07, 2.0113332318343974e-07, 1.9082336138059824e-07, 1.9429524144344081e-07]","[1.219690350007772e-05, 1.4914984028816093e-05, 1.5427826968750832e-05, 1.4051481158833759e-05, 1.3543744527269035e-05]"
671,"[1.5372687835209118e-07, 1.867047980818278e-07, 1.9419737168766113e-07, 1.8184329764805664e-07, 1.7783177409519692e-07]","[1.075604952268307e-05, 1.3142927174341383e-05, 1.3615309741046186e-05, 1.2490182833742707e-05, 1.1755223220958272e-05]"
672,"[1.7539528332711188e-07, 2.1128629945177302e-07, 2.2085974453258714e-07, 2.2091556071323958e-07, 2.34736986495417e-07]","[1.0192723425047441e-05, 1.226142706983515e-05, 1.2839125490787589e-05, 1.2654446129333565e-05, 1.3479987401149365e-05]"
673,"[1.5172442158676122e-07, 1.840980316267817e-07, 1.918856975989645e-07, 1.8415758974668304e-07, 1.8230835252563553e-07]","[1.0317256070895336e-05, 1.257587478579305e-05, 1.3049192819272918e-05, 1.2318111647386116e-05, 1.220900190449037e-05]"
674,"[1.3609051620407677e-07, 1.658886866994936e-07, 1.7235288639289622e-07, 1.6154474804100534e-07, 1.533717587006418e-07]","[1.003565282738785e-05, 1.2242064414892305e-05, 1.270131860103709e-05, 1.1709448790320224e-05, 1.0986493546039269e-05]"
675,"[1.361306449466242e-07, 1.6524894693936996e-07, 1.726325149801753e-07, 1.7201642193033143e-07, 1.7338125673886285e-07]","[9.007725357381885e-06, 1.0916450024596303e-05, 1.1396358661269577e-05, 1.1145474430452045e-05, 1.1117473390596683e-05]"
676,"[1.5429870009734814e-07, 1.8741874269019692e-07, 1.9499765906036165e-07, 1.874964323280274e-07, 1.8295968335978032e-07]","[1.2400087963047624e-05, 1.5217555535176506e-05, 1.5727029577975784e-05, 1.440879861601035e-05, 1.3019701516807106e-05]"
677,"[1.5552899232128355e-07, 1.895608423333144e-07, 1.9645337108767478e-07, 1.7973803439694966e-07, 1.6456118187632325e-07]","[1.1608596848197003e-05, 1.4272196490135043e-05, 1.4697898517181892e-05, 1.2910516328474811e-05, 1.115370135177598e-05]"
678,"[1.3718680569248816e-07, 1.6653147907068825e-07, 1.7339711969588826e-07, 1.6509678516392793e-07, 1.568976050288735e-07]","[9.765976284077122e-06, 1.2008479921102024e-05, 1.2358368323385925e-05, 1.0927731249122585e-05, 9.872394897322224e-06]"
679,"[1.338561918201066e-07, 1.6318320025338043e-07, 1.691781271677675e-07, 1.5711079235292511e-07, 1.5271501040181034e-07]","[9.726411042501702e-06, 1.1907090488950576e-05, 1.2294499998412835e-05, 1.1052892820640533e-05, 1.0338842355983047e-05]"
680,"[1.4826919463735347e-07, 1.8086359703684029e-07, 1.8762755399954434e-07, 1.75342249009214e-07, 1.631493102369656e-07]","[1.0577095217094286e-05, 1.3042862650861583e-05, 1.3384611632354967e-05, 1.1618672177345952e-05, 1.046276410484315e-05]"
681,"[1.6233654524822192e-07, 1.95721448444454e-07, 2.015723966219853e-07, 1.8266847288588354e-07, 1.7802444526812611e-07]","[1.0606620095641786e-05, 1.3004070084081321e-05, 1.3297305489123247e-05, 1.1843166340567144e-05, 1.113875302647546e-05]"
682,"[1.421428944187309e-07, 1.7234067477781747e-07, 1.7942098783626126e-07, 1.6932863574155023e-07, 1.7107976116652885e-07]","[9.154388811256787e-06, 1.1194681609415648e-05, 1.1567296340147306e-05, 1.0566011737535108e-05, 1.0492345412853644e-05]"
683,"[1.3873456743423268e-07, 1.6926355599831155e-07, 1.7557169956265887e-07, 1.645178939201501e-07, 1.572746861984036e-07]","[9.788699653954042e-06, 1.2000026090315986e-05, 1.2386958723055991e-05, 1.1176471182750688e-05, 1.0309464680766368e-05]"
684,"[1.7111188800525266e-07, 2.0846071779276715e-07, 2.160931108338211e-07, 1.9786581338355183e-07, 1.9142339950236264e-07]","[1.164977579524545e-05, 1.4243454042384164e-05, 1.4688893476935421e-05, 1.300821192855997e-05, 1.241869671022292e-05]"
685,"[1.5196804316626616e-07, 1.843394644304978e-07, 1.9195022005984086e-07, 1.8272015123106776e-07, 1.8209493454453225e-07]","[9.916375344830654e-06, 1.2134870271391986e-05, 1.2509482707391257e-05, 1.1211541409107125e-05, 1.0959575998612049e-05]"
686,"[1.617793559588917e-07, 1.967655446356418e-07, 2.0401287535956505e-07, 1.8595013716922947e-07, 1.7795543120983246e-07]","[1.2046302107634739e-05, 1.4852955176186961e-05, 1.5227212974383993e-05, 1.3008544005358693e-05, 1.1649787723822114e-05]"
687,"[1.9251018940135305e-07, 2.3256926776723613e-07, 2.426127265002626e-07, 2.2596631707535386e-07, 2.1257672808768652e-07]","[1.2121247040903713e-05, 1.4894048950088891e-05, 1.5297477926145832e-05, 1.3129157634808936e-05, 1.1952959986663716e-05]"
688,"[1.7959125263322012e-07, 2.1540576586417436e-07, 2.2625897088012333e-07, 2.288026456605786e-07, 2.2963299580544978e-07]","[1.0470491888485203e-05, 1.276588113353065e-05, 1.3223558594770029e-05, 1.2142176590957111e-05, 1.1532114143392082e-05]"
689,"[1.57644645418105e-07, 1.904219495146173e-07, 1.9875836773906075e-07, 1.935367464865422e-07, 2.0429832732326725e-07]","[1.0348205262094517e-05, 1.2606138579225314e-05, 1.3097984904059376e-05, 1.2372054260929701e-05, 1.1692152874493301e-05]"
690,"[1.6203822065564857e-07, 1.9653089167013052e-07, 2.0482375282273976e-07, 1.9755754656776123e-07, 1.9570279471467575e-07]","[1.2671034350671817e-05, 1.5527130177881043e-05, 1.604216759843902e-05, 1.4638051347807011e-05, 1.3759103849478128e-05]"
691,"[1.813103636292744e-07, 2.1970602118318797e-07, 2.2877879656188543e-07, 2.150480745928394e-07, 2.120696381102898e-07]","[1.2308203911612723e-05, 1.5019791104040176e-05, 1.5525522103520524e-05, 1.4005439105606507e-05, 1.3662416799994867e-05]"
692,"[1.6722444101048288e-07, 2.0252052717285843e-07, 2.113886644800173e-07, 2.0512911616209588e-07, 2.0768383622032178e-07]","[1.0953737621312956e-05, 1.3331292904127707e-05, 1.3832052992156498e-05, 1.3029216255290017e-05, 1.3094462040826325e-05]"
693,"[1.727393783369003e-07, 2.092475156667936e-07, 2.181454876597165e-07, 2.077353583816438e-07, 2.043072385558543e-07]","[1.2079296086893846e-05, 1.4747361932487019e-05, 1.5252750331570768e-05, 1.3832046739649175e-05, 1.3401050448169175e-05]"
694,"[1.7009300302114472e-07, 2.072437275000581e-07, 2.1510148985675574e-07, 2.0009250307959647e-07, 1.9266025233684184e-07]","[1.2030970140088145e-05, 1.4794077547819185e-05, 1.5214457366633008e-05, 1.3372239055753566e-05, 1.2201724858087484e-05]"
695,"[1.579961778820807e-07, 1.9057726930569403e-07, 1.9899321743899347e-07, 1.8829802187411964e-07, 1.866125820257716e-07]","[1.0369905456522094e-05, 1.2712140695590882e-05, 1.3083163107319605e-05, 1.1495919862820455e-05, 1.1023067621072876e-05]"
696,"[1.5786422715957036e-07, 1.9066610881532092e-07, 1.9894387898758604e-07, 1.9038769618322117e-07, 1.8992630634015327e-07]","[1.0958182706207532e-05, 1.3381919009312975e-05, 1.3852041034482502e-05, 1.2804730278637541e-05, 1.2234376894208929e-05]"
697,"[1.836515756211141e-07, 2.221051850736777e-07, 2.316686749682535e-07, 2.1730011703018412e-07, 2.1098447138099835e-07]","[1.191436695039428e-05, 1.4573369358495423e-05, 1.503982814034131e-05, 1.339274486487694e-05, 1.265286021637819e-05]"
698,"[2.2276615763656586e-07, 2.650734135518459e-07, 2.8022706017164524e-07, 2.8243156541101404e-07, 2.9097143862605533e-07]","[1.0507656403483967e-05, 1.2674072525796582e-05, 1.3236631904558595e-05, 1.2838477944454473e-05, 1.3423341528533981e-05]"
699,"[2.053025202738822e-07, 2.458620814783857e-07, 2.5843486020548783e-07, 2.5231574118841224e-07, 2.512455957061706e-07]","[1.083885821306497e-05, 1.3209358102516287e-05, 1.3668192176631742e-05, 1.2658015867717825e-05, 1.294775988614106e-05]"
700,"[2.0049033878766359e-07, 2.417633867770601e-07, 2.529519905170319e-07, 2.4195919818906806e-07, 2.30447253624346e-07]","[1.2317839373779025e-05, 1.5174656866994053e-05, 1.56218774563827e-05, 1.3987380659242205e-05, 1.2693675493669912e-05]"
701,"[1.7664953400325958e-07, 2.1246482782453088e-07, 2.225825664980658e-07, 2.136756718753855e-07, 2.0963188460564418e-07]","[1.1389587914458458e-05, 1.3971081823515869e-05, 1.4391825878989261e-05, 1.2608757568704458e-05, 1.1433438811661851e-05]"
702,"[1.928229590880905e-07, 2.3058293112812407e-07, 2.412106910868799e-07, 2.3830732829140452e-07, 2.33264767548699e-07]","[1.0509476222488319e-05, 1.2742826786825795e-05, 1.3139961344762006e-05, 1.2085983368470556e-05, 1.1825970687463068e-05]"
703,"[1.7624481468710335e-07, 2.138512685065229e-07, 2.227408185244498e-07, 2.1157044124135478e-07, 2.0736256374174218e-07]","[1.2678694088629619e-05, 1.5579196310322176e-05, 1.6065531575661333e-05, 1.4340574348654585e-05, 1.2942746304189589e-05]"
704,"[1.6120925953374665e-07, 1.9513787319753544e-07, 2.0347011197080179e-07, 1.933686472677588e-07, 1.8354317509932297e-07]","[1.068338634716549e-05, 1.3062430154291303e-05, 1.3530933693288984e-05, 1.2675060432063758e-05, 1.1696962281840063e-05]"
705,"[1.5870861253569915e-07, 1.9304567399074228e-07, 2.0074067088872937e-07, 1.8900769614126946e-07, 1.792615776761357e-07]","[1.0520465125536686e-05, 1.292921827825416e-05, 1.3325864411864677e-05, 1.1913656980195982e-05, 1.0900245906808705e-05]"
706,"[1.7875043123875975e-07, 2.1525926167519e-07, 2.250105211380455e-07, 2.1393682569340777e-07, 2.1123964226116668e-07]","[1.1039886614001777e-05, 1.3568668239992088e-05, 1.3946232845305377e-05, 1.2322462430321159e-05, 1.1756968462715066e-05]"
707,"[1.9631389753963565e-07, 2.3620672657711894e-07, 2.4770555526293243e-07, 2.428437333366608e-07, 2.4320486606992387e-07]","[1.0241314841504603e-05, 1.2521089533014238e-05, 1.2959158900868796e-05, 1.2074684218061633e-05, 1.2105459676634942e-05]"
708,"[1.8738471584431006e-07, 2.2744392784762262e-07, 2.3650672054751935e-07, 2.195530267308455e-07, 2.058352896518041e-07]","[1.2740707394420942e-05, 1.5693128833635167e-05, 1.612201543814536e-05, 1.4001335782071429e-05, 1.2347875013055757e-05]"
709,"[1.563019568756461e-07, 1.8792056451872423e-07, 1.9698308474846896e-07, 1.9279816405385736e-07, 1.951893358348245e-07]","[8.96603223283895e-06, 1.0934033801573115e-05, 1.1342658116049564e-05, 1.0637339068076782e-05, 1.0464611617855615e-05]"
710,"[1.6306421818652452e-07, 1.9911218554651225e-07, 2.0665577873811058e-07, 1.9558374797362593e-07, 1.9625860543059783e-07]","[1.2468337583348003e-05, 1.5282301079755074e-05, 1.5808500478097315e-05, 1.4524471023704692e-05, 1.3724842414339903e-05]"
711,"[1.3894258140758645e-07, 1.6857959460616028e-07, 1.7542270750778595e-07, 1.6596438606598748e-07, 1.6205824559373687e-07]","[9.597735765525418e-06, 1.1709154002218678e-05, 1.211793575197888e-05, 1.1025163829924204e-05, 1.0405330985033753e-05]"
712,"[1.6278310650922601e-07, 1.9791301284367004e-07, 2.0537040644600373e-07, 1.882911881615248e-07, 1.7858820193048578e-07]","[1.20843752146328e-05, 1.4849050269099682e-05, 1.5275595474160326e-05, 1.3223822360422745e-05, 1.1769243375575125e-05]"
713,"[1.9735194634879077e-07, 2.352112670183357e-07, 2.4858326879006825e-07, 2.54308871159972e-07, 2.583470516887133e-07]","[1.0683556817772059e-05, 1.2859286818863493e-05, 1.3473505154195107e-05, 1.3383799027308875e-05, 1.3465974324467094e-05]"
714,"[1.5344563888560436e-07, 1.867592360274584e-07, 1.9364195180598908e-07, 1.810542863861811e-07, 1.7863969393146936e-07]","[1.1904649114994438e-05, 1.466059615471951e-05, 1.5060064487922524e-05, 1.324681796431837e-05, 1.2337819607948033e-05]"
715,"[1.5822723150005508e-07, 1.9139190158832313e-07, 1.9953951718050936e-07, 1.8868090269709627e-07, 1.8115632092434702e-07]","[1.0846189068056547e-05, 1.327845008428494e-05, 1.3709192415711374e-05, 1.2281688811342989e-05, 1.1122596101267807e-05]"
716,"[1.9425346520520387e-07, 2.3472605229317257e-07, 2.4471664721772563e-07, 2.285513356367003e-07, 2.1799366788522248e-07]","[1.1108191474110517e-05, 1.3760388928025852e-05, 1.4059538295260507e-05, 1.1833406403205932e-05, 1.033498457177391e-05]"
717,"[1.8903706130119992e-07, 2.2741370190591429e-07, 2.383039454394482e-07, 2.3265193470026017e-07, 2.354275702614997e-07]","[1.0965479140683617e-05, 1.3510270055095366e-05, 1.388208682563496e-05, 1.2338256289892064e-05, 1.1678233321977484e-05]"
718,"[1.724781558263165e-07, 2.081111871074216e-07, 2.1739025941591176e-07, 2.0662102879075703e-07, 2.0287322543666538e-07]","[1.1418507647722246e-05, 1.396171183065436e-05, 1.4448589101003997e-05, 1.3234701758056812e-05, 1.2393456926329043e-05]"
719,"[1.7562223033705603e-07, 2.1249259186066345e-07, 2.2128278227660627e-07, 2.0625375424957254e-07, 2.0259301710167448e-07]","[1.1175107867880424e-05, 1.3669526845682151e-05, 1.4123276274523356e-05, 1.2668375666522468e-05, 1.1860752462485353e-05]"
720,"[1.5342970388341137e-07, 1.8562111643700252e-07, 1.9365758569770236e-07, 1.8368556518332816e-07, 1.7775288158061182e-07]","[1.0363458985721909e-05, 1.2648833491646076e-05, 1.3100153693439445e-05, 1.1919962258891904e-05, 1.097249898694469e-05]"
721,"[1.8171798238602587e-07, 2.2128950610853827e-07, 2.294880550310415e-07, 2.0908128977043002e-07, 1.8993086635476188e-07]","[1.2215558293384089e-05, 1.5043786483585465e-05, 1.5438604905880188e-05, 1.3180194349039648e-05, 1.1401544857407408e-05]"
722,"[1.6761098003811287e-07, 2.0400975110635429e-07, 2.116891049777256e-07, 1.973425991648499e-07, 1.9071950826983293e-07]","[1.203493706701882e-05, 1.4822203455367962e-05, 1.5210692585250811e-05, 1.3142051963980847e-05, 1.2004290507471099e-05]"
723,"[1.5868107440441974e-07, 1.9255572534365366e-07, 2.001363597905064e-07, 2.0374469319042187e-07, 1.9928201894270324e-07]","[1.0940580968111818e-05, 1.3518296816894771e-05, 1.3822668177187981e-05, 1.2866301250205017e-05, 1.1934544833608733e-05]"
724,"[1.5929894961884174e-07, 1.9184690638453693e-07, 2.0102193607334783e-07, 1.9593772237141337e-07, 1.9275076212341173e-07]","[1.043398319640211e-05, 1.2732515905045129e-05, 1.3151901838438888e-05, 1.1844019540194197e-05, 1.1545916841314805e-05]"
725,"[1.8244250458341887e-07, 2.1728484017920015e-07, 2.2989602487864333e-07, 2.418835657949805e-07, 2.5658978508758475e-07]","[9.380758358574592e-06, 1.1312912267621392e-05, 1.1819110659133256e-05, 1.1630308747730394e-05, 1.2125575087278894e-05]"
726,"[1.7763148302032105e-07, 2.1374064092861204e-07, 2.2411067388774587e-07, 2.1996487312968727e-07, 2.2303071787332272e-07]","[1.1307540403157656e-05, 1.3671011335183543e-05, 1.4280008040384214e-05, 1.3847348468204084e-05, 1.3935438484524436e-05]"
727,"[1.5635623100153116e-07, 1.8826112584292902e-07, 1.9744732106385552e-07, 1.9945590080385252e-07, 2.0903728250164307e-07]","[1.0843794053409303e-05, 1.3205904423923984e-05, 1.3729603282524124e-05, 1.3229972563610648e-05, 1.3917823748591326e-05]"
728,"[1.681350064579216e-07, 2.035744103109968e-07, 2.128244661717167e-07, 2.1179155858168652e-07, 2.148284429915022e-07]","[1.0556604207472376e-05, 1.2801032538013877e-05, 1.3338814470396127e-05, 1.287266714897113e-05, 1.3186147466055445e-05]"
729,"[1.4917565990730516e-07, 1.8097037266787946e-07, 1.879786747924165e-07, 1.7693012920276545e-07, 1.8173601293419856e-07]","[1.1486285690721187e-05, 1.3970492011065636e-05, 1.4460616804388928e-05, 1.3237360786246485e-05, 1.3328067800033734e-05]"
730,"[1.5694085121784276e-07, 1.9163402025893855e-07, 1.9853601788720844e-07, 1.8408559162865168e-07, 1.767692148602187e-07]","[1.1887524886298745e-05, 1.4646749728618364e-05, 1.5054103543322593e-05, 1.3220943777010927e-05, 1.1810625281729232e-05]"
731,"[1.437563883341048e-07, 1.7516209509990694e-07, 1.8181425041916338e-07, 1.7009797218190625e-07, 1.6489408658090895e-07]","[1.1357500749029073e-05, 1.396240492192286e-05, 1.4370016094121818e-05, 1.267331900554275e-05, 1.1483420547266051e-05]"
732,"[1.4648677889011706e-07, 1.7841756453018247e-07, 1.8527169114551106e-07, 1.757959582245664e-07, 1.7280903198833014e-07]","[1.09872151689231e-05, 1.347343841840255e-05, 1.390874987567366e-05, 1.2578527685020006e-05, 1.1922245891533923e-05]"
733,"[1.4148635211653766e-07, 1.7216496305412065e-07, 1.7883371880927e-07, 1.705263602645054e-07, 1.7841666673077644e-07]","[1.1386981708456124e-05, 1.3942402112799157e-05, 1.4395246954340509e-05, 1.2887015964738817e-05, 1.2249262705992367e-05]"
734,"[1.5519373149705575e-07, 1.8966011336701652e-07, 1.9651837499126182e-07, 1.8079744093607107e-07, 1.7062725279300024e-07]","[1.1625001572331478e-05, 1.4189539581252584e-05, 1.4722728809977323e-05, 1.3629521071944947e-05, 1.2596334528773937e-05]"
735,"[1.403630640436391e-07, 1.7166277377319514e-07, 1.7774542197121144e-07, 1.6560900721566905e-07, 1.5999097963757787e-07]","[1.0813511209868009e-05, 1.3215715369390508e-05, 1.3673426627142249e-05, 1.2381239412175798e-05, 1.1483448902674935e-05]"
736,"[1.4029145886503363e-07, 1.6958116271213844e-07, 1.7700759242504253e-07, 1.7155883262285724e-07, 1.795882282456988e-07]","[8.443499169242584e-06, 1.0238474583562001e-05, 1.0639484017469851e-05, 1.0173006666821767e-05, 1.0790524814653146e-05]"
737,"[1.5714088557153344e-07, 1.9180137002131596e-07, 1.9910089526782016e-07, 1.869394898455703e-07, 1.8085367208182014e-07]","[1.1163550149064266e-05, 1.3697952246080571e-05, 1.4118469165083544e-05, 1.2647962656577763e-05, 1.2371833295448285e-05]"
738,"[2.142968615332991e-07, 2.5704008352498537e-07, 2.6936551423396454e-07, 2.6805963159668756e-07, 2.786900742714447e-07]","[1.2170080954215818e-05, 1.4835629087871569e-05, 1.536255265905927e-05, 1.4125822796737177e-05, 1.347713672086531e-05]"
739,"[1.551576266144556e-07, 1.8833840505647893e-07, 1.9646910949566664e-07, 1.9125599202328046e-07, 1.8818598472433693e-07]","[1.0221801900519871e-05, 1.2420573275634754e-05, 1.2966537436623243e-05, 1.2876263703212661e-05, 1.2784825081247231e-05]"
740,"[1.4522474916238092e-07, 1.768049705220688e-07, 1.837000896628275e-07, 1.7115740894535542e-07, 1.5915935010102994e-07]","[1.0276117523592169e-05, 1.2626944458227323e-05, 1.2995257259906286e-05, 1.156659341801516e-05, 1.0750754437849883e-05]"
741,"[1.6018334431415468e-07, 1.9504330196248384e-07, 2.0240378090193893e-07, 1.8592609908019404e-07, 1.7086860051458795e-07]","[1.1006583174497158e-05, 1.3459215002059843e-05, 1.391154641576435e-05, 1.252906683965864e-05, 1.1442278803254289e-05]"
742,"[1.616634738976491e-07, 1.9670159749161089e-07, 2.047073593718771e-07, 1.93091816133273e-07, 1.7771515455862601e-07]","[1.0094162700075347e-05, 1.232909451920258e-05, 1.2799221504723855e-05, 1.2000991083049567e-05, 1.121012332702295e-05]"
743,"[1.4184581972428225e-07, 1.737643049791769e-07, 1.8030431501286357e-07, 1.7588144644794283e-07, 1.6696030899073075e-07]","[9.622035290350813e-06, 1.1746705712145868e-05, 1.2185701407138472e-05, 1.161606126675337e-05, 1.1364137023026414e-05]"
744,"[1.6854545550389658e-07, 2.0044184241007859e-07, 2.0853497288443203e-07, 1.9460771737339692e-07, 2.0454508532768894e-07]","[9.982844657790145e-06, 1.2019934018643317e-05, 1.2497675474204413e-05, 1.173582464440443e-05, 1.196089427864113e-05]"
745,"[1.5714719832649727e-07, 1.8935954041848358e-07, 1.9825476844606836e-07, 1.931712379717279e-07, 1.9168361716815218e-07]","[9.898608078540961e-06, 1.2016257877032633e-05, 1.2460153778225037e-05, 1.1548802441005872e-05, 1.1778875343436671e-05]"
746,"[1.4168940092917226e-07, 1.703106459566769e-07, 1.794991507479256e-07, 1.849095851765787e-07, 1.854263663894768e-07]","[9.223694056483131e-06, 1.1076919108697774e-05, 1.1646620067864369e-05, 1.1626543666357933e-05, 1.1847704985207241e-05]"
747,"[1.4230983247821345e-07, 1.7227372673199252e-07, 1.795772452564189e-07, 1.7324660543236406e-07, 1.7281934536384768e-07]","[1.0305569670899576e-05, 1.2548418272932556e-05, 1.3033203042905863e-05, 1.2329867111686757e-05, 1.2054184773351511e-05]"
748,"[1.5419182911139282e-07, 1.8780328159840045e-07, 1.9482662247885934e-07, 1.782498756979467e-07, 1.6838536497031037e-07]","[1.0788955347809121e-05, 1.3119078364108853e-05, 1.3623676616013372e-05, 1.2631247526821156e-05, 1.2045887671830347e-05]"
749,"[1.6099276189634437e-07, 1.9693325886067877e-07, 2.0351975545266925e-07, 1.8109799300787738e-07, 1.631269939856469e-07]","[1.2160924355685934e-05, 1.4908871374247257e-05, 1.538703715429439e-05, 1.3634499327163091e-05, 1.1988095917462245e-05]"
750,"[1.4374159078834316e-07, 1.7494376667557946e-07, 1.8162850978949708e-07, 1.6654331203212648e-07, 1.5289649245324704e-07]","[1.0643052376044153e-05, 1.2988048439488796e-05, 1.3463613761486106e-05, 1.2284486554111572e-05, 1.1033384985241853e-05]"
751,"[1.4603354037619623e-07, 1.7752757667744194e-07, 1.8432662863287253e-07, 1.6843026866795573e-07, 1.5495275628722894e-07]","[1.2232953636619536e-05, 1.4935062238296885e-05, 1.5471936107666512e-05, 1.3935366830117578e-05, 1.2305810578603928e-05]"
752,"[1.576498917522441e-07, 1.9255141966962073e-07, 1.9941793996029008e-07, 1.819099814205057e-07, 1.6712233762613833e-07]","[1.146926104930557e-05, 1.401598998744161e-05, 1.4487150983822442e-05, 1.306753108845542e-05, 1.2106178592792362e-05]"
753,"[1.7825017396867894e-07, 2.1820637248784313e-07, 2.2523201591369464e-07, 2.0006222690800442e-07, 1.803621208055446e-07]","[1.3531354000034889e-05, 1.6660947176950973e-05, 1.7051491205758296e-05, 1.4153446340758461e-05, 1.2506422723899445e-05]"
754,"[1.658345947927272e-07, 2.0244603112133582e-07, 2.0974619779690387e-07, 1.9408400189778074e-07, 1.8345758544481478e-07]","[1.2692030809138843e-05, 1.5548389006589627e-05, 1.606328784158924e-05, 1.46552976096276e-05, 1.3514746625096727e-05]"
755,"[1.7354369644874444e-07, 2.1035043672418066e-07, 2.2004995344893186e-07, 2.179381381140013e-07, 2.1743514851197686e-07]","[1.0670232263850296e-05, 1.2945237097609118e-05, 1.3495960580707547e-05, 1.302456354857008e-05, 1.2839377803761315e-05]"
756,"[1.5281453784299384e-07, 1.8611290465732808e-07, 1.9351205172205617e-07, 1.8597418491820095e-07, 1.8992887626336928e-07]","[1.0802887641042689e-05, 1.3230428237923675e-05, 1.3697369479018982e-05, 1.3014351201444118e-05, 1.342535662314369e-05]"
757,"[1.5048769934155832e-07, 1.8088540740649107e-07, 1.893820201742248e-07, 1.803680319970887e-07, 1.7952561715335738e-07]","[1.0133886125498085e-05, 1.2317740687146197e-05, 1.2783968188177149e-05, 1.1723123879530321e-05, 1.130116502558843e-05]"
758,"[1.4586698348414366e-07, 1.7691075686640634e-07, 1.8443431078677752e-07, 1.7727588208018445e-07, 1.7524732357226545e-07]","[1.0048808370285951e-05, 1.216959875427444e-05, 1.2672123132440093e-05, 1.193611822244029e-05, 1.1626452238266107e-05]"
759,"[1.3818339060189084e-07, 1.6599156715294285e-07, 1.7409217600820727e-07, 1.7034936635116455e-07, 1.8108702537156135e-07]","[9.894243546372143e-06, 1.1868488284665619e-05, 1.2466597906952362e-05, 1.2492817527119823e-05, 1.312543137983631e-05]"
760,"[1.5393377496386622e-07, 1.8590474407091693e-07, 1.9428957222560514e-07, 1.864766538585883e-07, 1.843947606093486e-07]","[1.065467404968581e-05, 1.2899164449995796e-05, 1.3460727216961025e-05, 1.2918849032842393e-05, 1.2765521590291363e-05]"
761,"[1.542126218261096e-07, 1.86001563655772e-07, 1.9375900514366743e-07, 1.8372232417375718e-07, 1.864949846870002e-07]","[1.0445331132688483e-05, 1.2595398681821898e-05, 1.3123230188264667e-05, 1.2441964283764593e-05, 1.250918157843107e-05]"
762,"[1.535850262157147e-07, 1.8694808821814496e-07, 1.9460859239552383e-07, 1.8536176476203746e-07, 1.8091815201337722e-07]","[1.0477929596880531e-05, 1.2710361625041766e-05, 1.3254265561783424e-05, 1.2742156159219273e-05, 1.2846946172430168e-05]"
763,"[1.9430427532112997e-07, 2.3300336531457876e-07, 2.452572572847833e-07, 2.442006960100467e-07, 2.413419997040822e-07]","[1.0902306419357857e-05, 1.326070158612898e-05, 1.382253124571359e-05, 1.34124151651741e-05, 1.3354786325992454e-05]"
764,"[1.8705274314424833e-07, 2.2349947734869002e-07, 2.3563360246432474e-07, 2.3543119387773582e-07, 2.4150211451142603e-07]","[9.27202270239577e-06, 1.1147674002320512e-05, 1.169262972007254e-05, 1.1713288620356232e-05, 1.2567088119872266e-05]"
765,"[2.105003882209202e-07, 2.519402143407182e-07, 2.6553273465675927e-07, 2.6550327956944937e-07, 2.664521843295865e-07]","[1.097101947467117e-05, 1.3325330773168647e-05, 1.3865514384970035e-05, 1.3189626383658372e-05, 1.3251485988327995e-05]"
766,"[2.2931997856531648e-07, 2.738549680952937e-07, 2.8907278854086927e-07, 2.9024386680096423e-07, 2.8924242428741175e-07]","[1.0824800499623433e-05, 1.3117969293381214e-05, 1.370636098360139e-05, 1.3456842987430359e-05, 1.3385194532382724e-05]"
767,"[1.9800753634145118e-07, 2.3706560922311107e-07, 2.4971344199636816e-07, 2.4883985130163435e-07, 2.47824761907605e-07]","[8.73739792131377e-06, 1.053415120620464e-05, 1.1038598561759799e-05, 1.1028497045719325e-05, 1.153088180492615e-05]"
768,"[1.9373691679443506e-07, 2.3205097966247902e-07, 2.4445391380337465e-07, 2.4539352184464417e-07, 2.4683384841631244e-07]","[9.148524100473945e-06, 1.1102156106424948e-05, 1.1572913894118992e-05, 1.1277948533051953e-05, 1.1652623875179526e-05]"
769,"[2.1682960839674398e-07, 2.580155522039264e-07, 2.7302806190030445e-07, 2.775787525241602e-07, 2.8455213754519563e-07]","[9.64818847201969e-06, 1.1687670189566161e-05, 1.2180204099792719e-05, 1.1881092897515459e-05, 1.2781440639434081e-05]"
770,"[2.467126099015485e-07, 2.9497963703304447e-07, 3.102441864336039e-07, 3.045234325565202e-07, 3.107363846075435e-07]","[1.1291974715893594e-05, 1.3536866515362973e-05, 1.418166611058877e-05, 1.3751797330676024e-05, 1.4506686553331894e-05]"
771,"[2.0353927642767538e-07, 2.429861106342597e-07, 2.5608655156331973e-07, 2.561174022419127e-07, 2.6158225852726835e-07]","[1.0486034873275331e-05, 1.2651053854260647e-05, 1.320852569214886e-05, 1.2850538942465595e-05, 1.3451729214584148e-05]"
772,"[2.59388981690239e-07, 3.0906467279681194e-07, 3.262296997588902e-07, 3.2488882527148287e-07, 3.243725791972623e-07]","[1.0581494017617732e-05, 1.27605145041122e-05, 1.3345890747673722e-05, 1.313877481828774e-05, 1.3657923780259581e-05]"
773,"[2.332263600248244e-07, 2.7744692078762035e-07, 2.93742916124386e-07, 2.96204914900851e-07, 2.943743571575143e-07]","[1.0481991409543946e-05, 1.2640125888497234e-05, 1.3243040977280432e-05, 1.3117578733995422e-05, 1.3249509023441009e-05]"
774,"[2.2414635458917424e-07, 2.670402313125652e-07, 2.802025809117515e-07, 2.8300087284070997e-07, 2.900219908132201e-07]","[1.1625028725336864e-05, 1.4032050828116918e-05, 1.4685691793047063e-05, 1.4503053270825529e-05, 1.4537763462203572e-05]"
775,"[2.2544475656636136e-07, 2.702032872004811e-07, 2.84823077661737e-07, 2.840570275806723e-07, 2.7634321658812644e-07]","[1.1145113628553699e-05, 1.3521383024967844e-05, 1.410604794211132e-05, 1.3610124662277603e-05, 1.3481095809047846e-05]"
776,"[2.3299360721859067e-07, 2.801974052563161e-07, 2.941682718250883e-07, 2.8862299401699334e-07, 2.832371680428259e-07]","[1.325616012206873e-05, 1.6094965615282668e-05, 1.676723556380312e-05, 1.607855203802848e-05, 1.6109969272384947e-05]"
777,"[2.005682479165262e-07, 2.407562341714402e-07, 2.5314086044137177e-07, 2.502839319801695e-07, 2.485030185793235e-07]","[1.0577472297347316e-05, 1.2906344155719575e-05, 1.3402867557079507e-05, 1.27724815601105e-05, 1.2972617929610711e-05]"
778,"[2.2410689350674407e-07, 2.6892590656977396e-07, 2.8260580175935024e-07, 2.7901867650713274e-07, 2.785858515710296e-07]","[1.3016736153833527e-05, 1.5718740001829427e-05, 1.6429662052754617e-05, 1.5862133719015778e-05, 1.559868244180594e-05]"
779,"[2.0531538590266287e-07, 2.472438403588114e-07, 2.5919759244583525e-07, 2.5177819380809665e-07, 2.4485060540054255e-07]","[1.1531065505485513e-05, 1.4031004599853283e-05, 1.4618901557510455e-05, 1.4235434523531128e-05, 1.3806869908594452e-05]"
780,"[2.0106743571671783e-07, 2.407141390981825e-07, 2.5371856589637273e-07, 2.5337288830868786e-07, 2.52760377531275e-07]","[1.1555173827842857e-05, 1.4015837063122823e-05, 1.4670629394432572e-05, 1.450717854354494e-05, 1.4095744429820096e-05]"
781,"[2.397559648058129e-07, 2.842838663647913e-07, 3.008927186221057e-07, 3.0659411573357664e-07, 3.166056567423347e-07]","[9.30706914916729e-06, 1.1202183594086296e-05, 1.1750808805779447e-05, 1.2094756942170339e-05, 1.2898490919261372e-05]"
782,"[1.92042984330157e-07, 2.2832159296830493e-07, 2.413030699331872e-07, 2.4379064704649343e-07, 2.5569294970203534e-07]","[9.758783215543545e-06, 1.1779110304638535e-05, 1.2318977273909854e-05, 1.2130337802870792e-05, 1.279893040294244e-05]"
783,"[2.3509477748719433e-07, 2.816675757139512e-07, 2.967393744756351e-07, 2.965543046443392e-07, 2.8939590915336926e-07]","[1.1847973023558263e-05, 1.4296276710848587e-05, 1.4967520488763073e-05, 1.4811696102975264e-05, 1.5076460492871736e-05]"
784,"[2.552215088214345e-07, 3.0451051014076006e-07, 3.205320062688448e-07, 3.226047100258692e-07, 3.319883015824931e-07]","[1.1683746190813786e-05, 1.4093855556018846e-05, 1.4731637944030204e-05, 1.4487067747658182e-05, 1.4979882470850292e-05]"
785,"[2.2860379590694814e-07, 2.732093096666665e-07, 2.880381879241571e-07, 2.874933314205778e-07, 2.894007199768604e-07]","[1.0627521318245635e-05, 1.2855521817697787e-05, 1.3433127790537858e-05, 1.3401525415732607e-05, 1.4315633412969991e-05]"
786,"[2.4173368251760685e-07, 2.913343357365687e-07, 3.065873258214662e-07, 3.1717906312484464e-07, 3.194115290728587e-07]","[9.800563493188526e-06, 1.1782599470249926e-05, 1.2366014103698307e-05, 1.2659757328139272e-05, 1.337585682347396e-05]"
787,"[1.8177413069285108e-07, 2.174793764563739e-07, 2.2925824482032948e-07, 2.307494544662619e-07, 2.3589225938529328e-07]","[9.502239575812249e-06, 1.1459674122963816e-05, 1.201236397872904e-05, 1.2087645229759604e-05, 1.2878783027224372e-05]"
788,"[2.3518948768633618e-07, 2.8083542346322743e-07, 2.9712028240345537e-07, 3.069934123138508e-07, 3.0524919211982694e-07]","[1.2591596357951535e-05, 1.5264983877051758e-05, 1.600120723697843e-05, 1.6361278567270313e-05, 1.602950605072104e-05]"
789,"[2.125752710290306e-07, 2.5446088197776516e-07, 2.684759587395635e-07, 2.705625850033037e-07, 2.680397064647663e-07]","[1.056011247223066e-05, 1.2811259124114105e-05, 1.3375600318636112e-05, 1.3259633839650457e-05, 1.3959522874113284e-05]"
790,"[2.2418436390404966e-07, 2.6835143447788376e-07, 2.8268623935965703e-07, 2.838390945463091e-07, 2.82637348940904e-07]","[1.0826422811642207e-05, 1.311170054588664e-05, 1.3718609087342098e-05, 1.3860808698936048e-05, 1.4423416008868877e-05]"
791,"[2.401073214157796e-07, 2.8963336589394477e-07, 3.0343212718284323e-07, 2.9480009337980755e-07, 2.848327878184668e-07]","[1.3716043323487253e-05, 1.6663031619576064e-05, 1.738005318043084e-05, 1.6699535726274842e-05, 1.5771987298546857e-05]"
792,"[2.448779385676609e-07, 2.953811226167692e-07, 3.0818052112839345e-07, 2.965558161667943e-07, 3.0488795812245887e-07]","[1.1136199957602782e-05, 1.3401507083529498e-05, 1.4025763204380664e-05, 1.3764085616126126e-05, 1.4158528641339327e-05]"
793,"[2.0287875179393414e-07, 2.427390945158669e-07, 2.5599408621566793e-07, 2.5717104108579293e-07, 2.6194594774909826e-07]","[1.096346161364733e-05, 1.3221092559932506e-05, 1.386111326644582e-05, 1.3736375269712954e-05, 1.4237513548520079e-05]"
794,"[2.431025165435058e-07, 2.901664085566477e-07, 3.0625320199964917e-07, 3.065710805447167e-07, 3.056150331026567e-07]","[1.1733055115831369e-05, 1.416830441867299e-05, 1.4822036861389188e-05, 1.4632109690875023e-05, 1.4991821341153014e-05]"
795,"[2.146922233299708e-07, 2.5674642443190106e-07, 2.707170665424958e-07, 2.693544896692335e-07, 2.665123663545243e-07]","[1.1018201347742383e-05, 1.3379764444693485e-05, 1.3950275642372332e-05, 1.3495923604376638e-05, 1.3329938296820292e-05]"
796,"[2.3802980736653732e-07, 2.853262076413222e-07, 3.000862773789014e-07, 2.9640570327701045e-07, 2.92564598189664e-07]","[1.1982309108732796e-05, 1.449849183673738e-05, 1.5161922270033922e-05, 1.513384043390297e-05, 1.5310767827002382e-05]"
797,"[2.238169102428369e-07, 2.675025528309806e-07, 2.8226856358159784e-07, 2.854562530428352e-07, 2.8640466937576416e-07]","[1.2662934687055288e-05, 1.544382251172582e-05, 1.606998975168085e-05, 1.558487053235941e-05, 1.5324863507485857e-05]"
798,"[2.335221742587191e-07, 2.794668567526589e-07, 2.941343400307239e-07, 2.9053499100493587e-07, 2.8806444777926283e-07]","[1.2672924465771521e-05, 1.5344002985685596e-05, 1.599614100409292e-05, 1.515290768586032e-05, 1.5055230679279852e-05]"
799,"[2.3297054464739423e-07, 2.7862654535074455e-07, 2.9355049891383064e-07, 2.908591905988089e-07, 2.8710349190910694e-07]","[1.2811935207984077e-05, 1.5547653228044354e-05, 1.6215513480166935e-05, 1.559645675153567e-05, 1.4994478163762003e-05]"
800,"[2.569195310970383e-07, 3.0752492454176853e-07, 3.241007430732029e-07, 3.255100979138154e-07, 3.237287042028924e-07]","[1.2334486260686001e-05, 1.4918121444746317e-05, 1.5605459516529002e-05, 1.5409579877339727e-05, 1.531489991412061e-05]"
801,"[2.3376557772005453e-07, 2.791366278159139e-07, 2.947801926824959e-07, 2.9812312839044655e-07, 3.016727122017562e-07]","[1.034687093708757e-05, 1.2523142344258065e-05, 1.3088406862410976e-05, 1.3018344524794088e-05, 1.3409937159415568e-05]"
802,"[2.621213369442291e-07, 3.1432460523780545e-07, 3.305601253797782e-07, 3.243719548873393e-07, 3.2024522266171607e-07]","[1.296162999570251e-05, 1.5755554105391325e-05, 1.6422728035268393e-05, 1.5904013576035043e-05, 1.527692749501756e-05]"
803,"[2.038767589686937e-07, 2.4492265686812624e-07, 2.5750386562045435e-07, 2.55779537155879e-07, 2.514374504060055e-07]","[1.1948575424687989e-05, 1.4409885128647606e-05, 1.5092563566836363e-05, 1.487528704681781e-05, 1.5156399532081977e-05]"
804,"[2.158403314131619e-07, 2.588251094326145e-07, 2.7224171364699063e-07, 2.6801757622737984e-07, 2.6360543981574926e-07]","[1.276252743025257e-05, 1.538116256667492e-05, 1.6120102897479604e-05, 1.5687107327943354e-05, 1.547756366771136e-05]"
805,"[2.3832275910551308e-07, 2.861031593958897e-07, 2.998174631733049e-07, 2.889286797383875e-07, 2.946307949531745e-07]","[1.2003399672858692e-05, 1.4501531255555275e-05, 1.5134787931231633e-05, 1.4594806958637027e-05, 1.4728539468199274e-05]"
806,"[1.8153503728503976e-07, 2.1800414773126012e-07, 2.2913374453917024e-07, 2.276155162647708e-07, 2.290924145339998e-07]","[1.0625684843106186e-05, 1.286816315704909e-05, 1.3432879349529205e-05, 1.3215579791128426e-05, 1.3702524598413002e-05]"
807,"[2.4289166313749486e-07, 2.925049087319225e-07, 3.068224117292251e-07, 3.081236264083717e-07, 3.231700286779667e-07]","[1.1344356454143237e-05, 1.3692466108179526e-05, 1.4307700834367952e-05, 1.4218794334388359e-05, 1.4591763193273119e-05]"
808,"[2.752423683242763e-07, 3.263557505166137e-07, 3.401121788751173e-07, 3.3306898033524305e-07, 4.1392121446702294e-07]","[1.1296504690487918e-05, 1.3484248829741275e-05, 1.4128992336952239e-05, 1.4269235051841489e-05, 1.619652276433455e-05]"
809,"[2.1352646681090744e-07, 2.602173519517871e-07, 2.709403082216744e-07, 2.602834512154457e-07, 2.505550013348196e-07]","[1.4034366433504687e-05, 1.712964749139747e-05, 1.7794055913330954e-05, 1.6726157792201677e-05, 1.5735187104873056e-05]"
810,"[2.1231127007530748e-07, 2.56850965453429e-07, 2.684881431916429e-07, 2.5862133475605477e-07, 2.49736694738848e-07]","[1.2263909317168457e-05, 1.486840522495838e-05, 1.553416121679731e-05, 1.5050503976468481e-05, 1.4608620745038136e-05]"
811,"[2.1807108583780072e-07, 2.6153371763275095e-07, 2.754254384807315e-07, 2.7614500978694877e-07, 2.7218182824352817e-07]","[1.149697172471035e-05, 1.37907364104481e-05, 1.4517559073724019e-05, 1.4748293885280649e-05, 1.522292222283297e-05]"
812,"[1.7468606021983976e-07, 2.1182275322517318e-07, 2.2115007976252051e-07, 2.1402499762800886e-07, 2.129232684639635e-07]","[1.1836465159328515e-05, 1.4389842370563347e-05, 1.49963986859524e-05, 1.4470110126618045e-05, 1.4157493582992471e-05]"
813,"[1.8259845674156437e-07, 2.1972455197035224e-07, 2.3083818470823958e-07, 2.2941968326649524e-07, 2.311465097646783e-07]","[1.1726546819696276e-05, 1.4170900130897656e-05, 1.4817118730881173e-05, 1.43937256880543e-05, 1.4588760045489492e-05]"
814,"[1.943601051710111e-07, 2.3518249426677696e-07, 2.463105959292272e-07, 2.4601337456054007e-07, 2.4347551267551913e-07]","[1.1072709006941761e-05, 1.34778003805477e-05, 1.4040324618037528e-05, 1.3668081023563452e-05, 1.3671994033767769e-05]"
