coherence_Fp2_F4_mean,coherence_Fp2_F4_max,coherence_Fp2_C4_mean,coherence_Fp2_C4_max,coherence_Fp2_P4_mean,coherence_Fp2_P4_max,coherence_Fp2_O2_mean,coherence_Fp2_O2_max,coherence_F4_C4_mean,coherence_F4_C4_max,coherence_F4_P4_mean,coherence_F4_P4_max,coherence_F4_O2_mean,coherence_F4_O2_max,coherence_C4_P4_mean,coherence_C4_P4_max,coherence_C4_O2_mean,coherence_C4_O2_max,coherence_P4_O2_mean,coherence_P4_O2_max,epoch
0.9926048448560395,0.9987054779704835,0.9954471220006743,0.9996386409372513,0.9062350860895446,0.990648719330859,0.7959552164238622,0.9469970056433005,0.9968835431900079,0.9995509991881583,0.9049135523293221,0.9873456452072186,0.7423962769004374,0.9301713124060969,0.9228555864822577,0.9909539717038273,0.776801650861789,0.9411565607117717,0.8406211749836648,0.9701282494840878,0
0.9979667717335762,0.9994500603517156,0.9989701502126398,0.9998557727000349,0.9830966970049096,0.9975125291791201,0.9352226778150636,0.9840572251018487,0.998873408546283,0.9998292912442819,0.9771618551192706,0.9963827337068568,0.9171871277128643,0.9777207592280011,0.9833341752979861,0.99750228269033,0.9301237079590886,0.9812947821946288,0.9686943938179349,0.9886866369170972,1
0.9974422094270882,0.9995434876436894,0.9983426785006455,0.9998663792200179,0.9694310795886613,0.995417431379591,0.9255200089599944,0.9830312482654645,0.9980849159036855,0.9998209994078797,0.962800865289719,0.9943351878953649,0.9080102409051893,0.9777404035124976,0.9716807769331417,0.995752233058603,0.9229617359412394,0.9811380345268912,0.971063799137973,0.9897453150954233,2
0.9958198894892324,0.9991859265229606,0.9978812169015561,0.9997419157026928,0.9668109486170864,0.9927423474271804,0.8888486853742322,0.9696222066401229,0.9975471312565667,0.9997342501944037,0.9560102683588193,0.9910095255102871,0.8599365741919138,0.9598738356481145,0.9676127480434233,0.9933479019995386,0.8818814211980153,0.9659427334608377,0.9515173189511553,0.9791481190243976,3
0.9971025398683713,0.9991099438612906,0.9981698223965965,0.9997646636941788,0.968654076437469,0.9939356750966888,0.9208682454977456,0.967379962930721,0.9980464505447783,0.999710600575531,0.9616572028426816,0.9925781492469026,0.901432511343659,0.9565490037202437,0.9709455607095244,0.9945932468919854,0.9173860081059185,0.9627671848949274,0.96698063574581,0.9782605398027354,4
0.9973731419733703,0.9989985777175887,0.9988137617853026,0.9997402907618814,0.9657850056503398,0.9839225159299365,0.8829075731484175,0.9311769701708965,0.9983666932049978,0.9994292125838545,0.9560806328285169,0.977917615980689,0.8566520406933524,0.9141459885211596,0.9668870870636498,0.9840098619095915,0.877170322257985,0.9272421798522414,0.9495381542343644,0.9748507600926766,5
0.996035903537976,0.9986716262951779,0.997971342221957,0.9995158743185079,0.9207451075819871,0.9907851614976959,0.8274872585247499,0.9485260329292166,0.9974094103794229,0.9996365816024154,0.9077673340100111,0.9893484365244821,0.7906219379246652,0.9315570827936759,0.9279878810225132,0.9919926401918587,0.8221769715766234,0.9407244896290221,0.9283945026150773,0.9596283483028344,6
0.9975353944238337,0.9993663438211307,0.9985740668981183,0.9997867810894313,0.964561604200372,0.9945198131878755,0.9129547907417113,0.9782244136004026,0.998370218501787,0.9997978875852392,0.957445087850122,0.9932607646284842,0.8939085024173438,0.9708789021394585,0.9672534639514114,0.9950080967593063,0.9102908198109936,0.9754040488523444,0.9665648845458391,0.9847042596178435,7
0.9972101696338325,0.9991902235945728,0.9986707275756893,0.999682415492217,0.9644342690008658,0.9959741304754922,0.8908431118855565,0.9754318723813952,0.9984209180450511,0.9998076650792936,0.9557083552518577,0.9954290122682699,0.8644333197117096,0.9679811702742556,0.966572792870081,0.9966196888990956,0.8846786351453467,0.9723677521242424,0.9496822232843554,0.9783995308805395,8
0.9969946159190812,0.9989736221196363,0.9985032963729101,0.9996854476055137,0.9636390215626163,0.9921414546179236,0.8863016225058371,0.965266794579166,0.998307084921734,0.9997268266527677,0.9554071670567422,0.9906035231724584,0.8589607129072402,0.9536523883502613,0.9661848525368743,0.9929106026590893,0.8796193629290134,0.9602284060083404,0.9441594773552288,0.9738087101596888,9
0.9976765591240292,0.9990803357871014,0.9988319450180377,0.9997335649962406,0.9690940743853678,0.9950894288084391,0.905724281128562,0.966524303210782,0.9986872864397471,0.9997452722691995,0.9621730746607157,0.9942751562215301,0.8826225690836464,0.9555449373429188,0.971364195770415,0.995861536699494,0.9001990901151986,0.9624240270285056,0.953829167383939,0.9780833948814701,10
0.9972243326988393,0.9990626162300227,0.9987121335238631,0.9996572214311132,0.9695456357333873,0.9930061871012528,0.8981591111056895,0.9671425156101394,0.998403946078475,0.9997173454852567,0.9618554289813716,0.9908984024601243,0.8723334417195613,0.9564152256290003,0.9713116873347366,0.9934882545036932,0.8911741139219274,0.9629062922456286,0.9479859361625438,0.9765670022174032,11
0.9975375150574094,0.9989792992695761,0.9983444217582438,0.9996664705942533,0.9324952549298237,0.9943268865228418,0.8896416747007138,0.9616937232672114,0.9981358940317164,0.9996697090169712,0.9251811591165416,0.9922877670149922,0.869882386671987,0.9476785831507605,0.9408209585035838,0.9945750551784174,0.8912753837841207,0.9553875663093891,0.9645199860329721,0.9736532373119478,12
0.9968879085965328,0.9992953645717453,0.9982403989510983,0.9997681314986822,0.95189523336045,0.9923422949057611,0.8849763262662361,0.975233628073583,0.9979374359878485,0.9997638472007533,0.9439069280120491,0.9909112850850184,0.8594333066898715,0.9674067834854863,0.9565007570185102,0.993163478968482,0.8807625523453616,0.9722182673754348,0.948730858211792,0.9829268861707957,13
0.9967533286858605,0.9990080271643411,0.9983390703923829,0.9997502678803527,0.9650531114828503,0.995126284741035,0.8926744597040429,0.9685039645193682,0.9985656535767052,0.9997672007410858,0.9604884795555669,0.9944579016368209,0.8634770203600689,0.9570277699696973,0.969421819693572,0.9959222806826762,0.8828006570934354,0.9629164654585132,0.9282436205275707,0.9773063713189184,14
0.9971278310871388,0.9988049498055782,0.9987305996269061,0.9996680801956194,0.9730623410205796,0.9949811931297767,0.9077055251689582,0.9554418777611589,0.998665548848794,0.9996580284604496,0.9667780705810542,0.9936223706706011,0.8806169906593909,0.9413463378071665,0.9753093967057973,0.9954363462656345,0.8989861778689312,0.9502377342611793,0.9440300591637463,0.9724037100760191,15
0.9976540143750836,0.999052849175776,0.9988578774709589,0.9997225792934439,0.9770223050380347,0.9972862207354434,0.9179173201704437,0.9682019438581625,0.9987929954571892,0.9997714478593838,0.9714822539404669,0.9962399192143157,0.8961642879802983,0.9562851530046131,0.9785514022142956,0.9974504715154674,0.9113206793219604,0.9622069908851836,0.9540639964905513,0.9776362169878371,16
0.9962288112927518,0.9989851964513177,0.99529658644514,0.9991277605783788,0.7639931142544545,0.9526334179039764,0.7836856119111174,0.9195207389619813,0.996055539062759,0.9991913025468329,0.7651509857430355,0.949471988307512,0.763778972317125,0.9071760896937568,0.803662242820293,0.9606448799152125,0.803916451362545,0.9214685776517755,0.9313187596213037,0.972168548652118,17
0.9950085419128992,0.999237428225094,0.9967847435222841,0.9997417894055721,0.9640977270593698,0.9884951245928151,0.8613166540053315,0.9616717775830632,0.9966170996468516,0.9996444141007409,0.9525022967919562,0.9849235697360336,0.8284424911259806,0.9515207133785712,0.96450836468043,0.9889622996341838,0.8526470178965979,0.9591908324688024,0.9343864069140239,0.9813967732512153,18
0.9943316224198491,0.9991152379382249,0.9959307394618722,0.9998188171649306,0.9514810711828801,0.9719557442402347,0.8650000397827264,0.9202585931824526,0.9959716947017682,0.999302206008074,0.9415608370109423,0.9642715513049444,0.834873132584925,0.9049279244286935,0.9551111614573788,0.973013808770447,0.8591291577450519,0.9201188346313527,0.9387925164126701,0.9763244997829504,19
0.9865730080409449,0.9992865097354003,0.9961671228132014,0.9998648709153387,0.8459342016181537,0.9850599873390364,0.6546664024195042,0.9549555079133468,0.9906724383424248,0.9995543534535827,0.7799614814992433,0.9800321270393214,0.5632103599291451,0.943924146966847,0.8425860703658319,0.9852480158304423,0.6411313943471761,0.9531946125076463,0.919197399565773,0.9853004412423474,20
0.9923596738067917,0.9986273938881475,0.9954324757006071,0.999528144806785,0.9253614567435009,0.9727397908426225,0.7714387493142101,0.9264891317665944,0.9950133908219745,0.9993146451023126,0.9061628462135459,0.9662784940963254,0.724529631577627,0.9084640645585079,0.9288396417994326,0.9746516350830079,0.7634631953338102,0.9227690698664375,0.9041993294696663,0.9648376809524642,21
0.9903656897661753,0.9987949544749721,0.9931750705616572,0.999622172144754,0.9401060961515272,0.975793209872445,0.7942161994017277,0.9295210633485517,0.9932531503338683,0.9993998534197204,0.9242696197993907,0.9701376180787722,0.7474455411986552,0.9130795920328617,0.9427486109821489,0.9775183902086376,0.7822242570566798,0.9265324806549662,0.8971853039940817,0.9714962290098129,22
0.993537999737998,0.9992902176574697,0.9967508133254414,0.9997397542466863,0.8844671100013571,0.9897606556931928,0.7421573431169999,0.9685582199808611,0.9955081850470274,0.9997001528464098,0.861755065049396,0.9875086473994845,0.6912281540577814,0.9598612851742493,0.8931803451132895,0.9906614546445782,0.7369397414287281,0.9662735927295516,0.9058304780567578,0.9822916535460858,23
0.995554804885825,0.9990759014864168,0.997640111671178,0.9997228072031675,0.9143736165327943,0.9932273200284205,0.8340574881172442,0.9608128345154275,0.997084463081988,0.9996574652903879,0.901450796194229,0.9899709112230145,0.7959703907380018,0.9492267936234545,0.9247098184362252,0.9930230467413493,0.8305651469505763,0.9566490375782201,0.9326105564572718,0.9741804123819129,24
0.9951596827158109,0.9993431788159489,0.9978782052311339,0.9998079689008301,0.9548591674134336,0.9920910446945497,0.8368115296738466,0.9716053499970863,0.9976649871581565,0.9997359396389643,0.9437541400681129,0.9899503441045023,0.7941648014013796,0.9632105746963914,0.9578224280398109,0.9925693333363592,0.8232725390765825,0.9690126358144326,0.9048159823009785,0.9841684608510135,25
0.9953548229758316,0.9989271761315516,0.9975641560539299,0.999561691943467,0.9576685820500596,0.9816893159278576,0.8513395052990747,0.9357994355256873,0.9978071913525522,0.9996453430658222,0.9516538549973347,0.9805590589533727,0.8128675618354781,0.9211639823852535,0.9625126655826073,0.984463140864822,0.8375378554942822,0.930759920996684,0.8977864512570598,0.9538055927370088,26
0.9934469196423482,0.998292137201782,0.9963154700769286,0.9993975390832618,0.9607476618216306,0.9826832760102217,0.8391790544517416,0.9131124639366184,0.9962205536089489,0.9994318614204261,0.9496846282943885,0.9801091797293789,0.7978691063180287,0.8916784301686335,0.9627915010313128,0.9847086330553081,0.8262548196510009,0.9045219689124729,0.9074472594650673,0.9504899678933794,27
0.9934629832523851,0.9987895179485038,0.9948532266444302,0.9996586712989665,0.9616460249929698,0.9860749308174636,0.8997739436344329,0.9530581405545199,0.9952526904997923,0.9994542882670087,0.9552666650121874,0.9818956465425709,0.8782458525682028,0.93794923943491,0.9654569215467521,0.9869599681470597,0.8958153257024635,0.9486165777337818,0.9518094172358997,0.9747136721244929,28
0.9961531059120282,0.9986127781951007,0.9979443087528119,0.9995676542433574,0.9452511732459857,0.9915643196168411,0.853582089522797,0.9471870859060049,0.9979786805819271,0.9996207137543278,0.9383425231054614,0.9897639890965109,0.8199685633477161,0.9304762480679746,0.9519588658340207,0.9924747920705063,0.8453506318262033,0.9396046953997756,0.9174477095286963,0.9613215107077194,29
0.9974668315628125,0.9992905517569072,0.9987823540750704,0.9997997670487175,0.9779513139952483,0.9904549927183735,0.9151896886413503,0.9622303526743213,0.9987590633394464,0.9995983917055283,0.9720880166066533,0.9889073250240042,0.8914378480814179,0.9520069277994367,0.9792680057648352,0.9920263126155402,0.907378231477364,0.9600872500951373,0.9490784578349616,0.9847994122543619,30
0.9967685196984476,0.9985312604495454,0.9981947591031384,0.9995801814426891,0.9592400917033111,0.9882901185352555,0.8962536531882321,0.9350321089978597,0.9984289796771441,0.9994943258569566,0.9546905939631213,0.9840758593681466,0.8690759222047847,0.916033963489815,0.9646831900846434,0.98853969458607,0.8885464210154832,0.9279639962881796,0.9356900299690251,0.9625896863132835,31
0.9957592367845747,0.9987079201255487,0.9971624009021949,0.9994647420588115,0.9565968332762826,0.9882156700204514,0.8945681207236422,0.9494201990952778,0.997422116692844,0.99945004616554,0.9505776097684197,0.9852236746566297,0.8679877504765137,0.9359270883157125,0.9619034646395975,0.989213306073831,0.8886063090952242,0.947815243805287,0.9430519564612294,0.9746226530465131,32
0.9961794663296031,0.998189030326735,0.9976595572167467,0.9994530732621622,0.9627466174004421,0.9878180032759127,0.9060018319487614,0.9183670379857187,0.9978934488593821,0.9995236967709413,0.9578494025712249,0.9872770728762501,0.8811751644657864,0.8971698937377712,0.967329860582502,0.9900152922039279,0.8992646946362306,0.9140167475454477,0.9443518848895797,0.9572444657969237,33
0.9977261742990653,0.9992905089722504,0.9988533327285785,0.9997789319506916,0.9761432150751402,0.9927667777434503,0.9327282923741784,0.9723915409965527,0.9988158824216407,0.9997585363103555,0.9710337709989029,0.9915661232603774,0.9137648770054464,0.9637095560440012,0.9781889430031194,0.99360968170549,0.9275769503884168,0.9691997471337617,0.964062088349395,0.9825283176656845,34
0.996023414932603,0.9990792889799177,0.9979890884703949,0.9997537697884682,0.967296793185568,0.9904136581179628,0.8734064313686938,0.9617170123825236,0.9975156815936904,0.9996566158254816,0.9571928227042109,0.9877113504792301,0.8426387808643794,0.950398906294326,0.9681683699414299,0.9909384126254084,0.8652214293379547,0.9574214144170814,0.9374361052514569,0.9771181839530568,35
0.9933662538221857,0.9988936347915853,0.9972103323228203,0.9996224041246653,0.8965278427434293,0.989327097147179,0.7715187230335422,0.9550991770124124,0.9952922515491283,0.9995522501368673,0.867792514244814,0.9865059316947534,0.7164068605594347,0.9418952935171928,0.9029211673758356,0.9900133333166025,0.7664625151151936,0.95065457128003,0.9296989786204197,0.971880073110196,36
0.9868096961171221,0.9984351279084414,0.9906681504849637,0.9994396027666616,0.9250218274178554,0.9550724206348162,0.7883649538874862,0.8920618414513277,0.9903223757062476,0.9989519087359037,0.9059969149137369,0.9427747253735079,0.7395494681341702,0.8702590185911252,0.9291815748310397,0.9565800742004538,0.7785278415044393,0.890938990501457,0.9069620380924208,0.9612424370094856,37
0.9918897648497169,0.9991283827707164,0.9945948524775741,0.999736061438994,0.9555491296291371,0.9849092569094438,0.845752663680381,0.9557957643880906,0.9941847584786969,0.9995533034687011,0.9402299258313533,0.9806857165628495,0.8090722673729323,0.9441725793230664,0.9556676232213333,0.9857456183613796,0.8372906422843606,0.9533683507321932,0.9341049191647199,0.9801571354065555,38
0.9957960796869858,0.9989305050278483,0.9971612054278155,0.9997068133037793,0.9708058760231737,0.9824242681879335,0.9083160792005243,0.947484678176199,0.9973104425242906,0.9995454340742703,0.965121340850441,0.9791239400532875,0.887061865624493,0.9335402308052837,0.9733050149682767,0.984124302212894,0.9029229228783027,0.9438041516933181,0.9512292248216463,0.9770623765372872,39
0.9958455474210656,0.9994246414758128,0.9970467364298023,0.9998563854852662,0.9767645439266516,0.9931213882576355,0.9177974378708329,0.9740552994228393,0.9972752917892781,0.9997394259150875,0.9700719861000404,0.9907198353169937,0.8971366220941744,0.9664365815915763,0.9776939206086457,0.9933092937241348,0.9118788171146206,0.9719575991732762,0.9561545974147265,0.987425922078445,40
0.9918228049994632,0.9987085865202933,0.9949165574774965,0.9996143612767718,0.9525827825974899,0.9803676189310071,0.8572411190695599,0.943236587324088,0.9945838732914546,0.9994075001515416,0.9374891494011661,0.9756285325916452,0.8224335796696648,0.9271547235611989,0.9536920743650605,0.9818325959472863,0.8491908874006066,0.9391453755210547,0.9378520381326947,0.971903009676471,41
0.9868422067086351,0.9975123140770166,0.9914815858182556,0.999351985707203,0.9006306306494083,0.9380624825749682,0.6715752289829988,0.7601971656716868,0.991447708786903,0.9983415935899094,0.8725194401788546,0.9133597860132049,0.6027498627493774,0.7168734826713582,0.9032260313943019,0.9360302250924771,0.6535200460772826,0.7524427733993087,0.8418722017011523,0.9073432701527194,42
0.9849656932129697,0.9980088836916937,0.9895016039101969,0.9993145451287194,0.9044962337615023,0.9339596042069195,0.6021994649082453,0.7818286119644878,0.9904246840008588,0.9987592697364303,0.8860392228981356,0.9219432744082369,0.5326914655827539,0.7434394559234068,0.9102829180680843,0.93841766319404,0.578354303395282,0.7789748388185654,0.7444858355950734,0.9373751252662119,43
0.9846305414930636,0.997981800384766,0.9910859626093351,0.999565087453229,0.8864638811772443,0.9397734274886232,0.6169846702513611,0.7621250898214369,0.9911145690714257,0.9987638008080755,0.8568716436817878,0.9248429981853661,0.5394119853625722,0.7255451201589165,0.891133246665505,0.9413791217690555,0.5957998104182248,0.7561163806659738,0.8016928020849353,0.9015751642790821,44
0.984689107902106,0.9974548054879276,0.990760106772569,0.9992129488851965,0.8900116781197747,0.9229509789850764,0.6122353754492798,0.7195268834110764,0.9910125725372338,0.9980502168278076,0.8631868536120924,0.9019812757141352,0.5298447739986267,0.671552893730217,0.8954918523466393,0.923554215086503,0.5855453171850493,0.7117995089724609,0.7745839681156325,0.9100925728902065,45
0.9818280691428034,0.9977128137525908,0.989999111928618,0.9993902465964823,0.8634337265680898,0.9313974738714946,0.6470542977708327,0.7372490519111157,0.9892659782335897,0.9981634586530213,0.8300327883859581,0.9094929387815611,0.5606467357401972,0.6894844384861335,0.8710341293028989,0.9322438528869679,0.6228637312591262,0.7301789645824672,0.8243965552809445,0.9078557336523578,46
0.9881710956117208,0.9980049217357406,0.9912082135296734,0.999458037409481,0.8595200608358231,0.9301048495356845,0.6705454440205828,0.7534957806302846,0.9920682880438065,0.9987569142012929,0.8425442941528449,0.9162964924415755,0.6149330581645117,0.7178797646967194,0.8731258628762257,0.9335848215623432,0.6610797592515716,0.7484322790007385,0.8465220026129747,0.8992804957840934,47
0.988403705810871,0.9974116421700181,0.9918938175553208,0.9991748685338987,0.8800947434905904,0.9238647698065636,0.641846330730223,0.7096200426074728,0.9913139050643079,0.9985358811587965,0.8543522644861583,0.9108129187844062,0.5812134611209316,0.6669910139038459,0.887062848820028,0.9295740830973384,0.6319872513594165,0.7020764766860421,0.8458794883505992,0.8738863315361621,48
0.9934226401472028,0.9981108783241803,0.9957487579270927,0.9997053011482352,0.947411258794655,0.9781846284609289,0.8486606713518416,0.9128593357886332,0.9955554257721284,0.9991474352927902,0.9343865549486577,0.9707979207249955,0.8143606856795368,0.8867692087963576,0.9501476854581866,0.9788696659122383,0.8410379817542479,0.9044870343808221,0.9320280464565825,0.9576410843997323,49
0.9948401819544319,0.9989632087089199,0.9966638441324193,0.9997334299781644,0.9546013221885812,0.9888619848139562,0.8766233315461592,0.9532053561499945,0.9967593575429846,0.9995618193318367,0.9444160182469008,0.98483925529843,0.8516470384737671,0.9391359003145276,0.9570952479289443,0.9890416974631158,0.8718029326409487,0.9486798388012432,0.9469492141158464,0.9753157317993163,50
0.995571494196733,0.9991968597053557,0.9969354733263462,0.9997238780610532,0.9565963813347341,0.9905183197046942,0.8838922921121088,0.9649445987195265,0.9971554330392429,0.9997161242368006,0.9492363041274768,0.9886292407283133,0.8611766974677898,0.9548022182572032,0.9599648602626372,0.9913909360052043,0.879195953889395,0.961439701469685,0.9453337655790389,0.9774080466138759,51
0.9959285979230705,0.9992365232902104,0.997231649650735,0.9998099093312927,0.9431222042451058,0.9827112737172979,0.8553070721975828,0.951632747519611,0.9966145081456358,0.9995139792089117,0.92994186889339,0.9769175908192664,0.829167582973928,0.9401896665259125,0.9456001012365374,0.9830177634451063,0.852110825019907,0.9501294720746185,0.9488908930266284,0.9834963554974882,52
0.9942609918246281,0.998944307517843,0.9959331118174575,0.9995508333659069,0.9413129331780586,0.9702735766214181,0.8291966635775303,0.9384553803764166,0.9962491678955628,0.9994623029833364,0.9321341322070267,0.967459596595375,0.7969906630402986,0.924892397474409,0.9466107859183618,0.974264697373251,0.8227043491890712,0.936409825992376,0.9153979249811668,0.9692260238444037,53
0.9933988823607188,0.9979202624492955,0.9958233076639267,0.9993736197554881,0.9197860159070523,0.972289029776925,0.7727055193736804,0.894041987465314,0.995540643874812,0.9991388444278057,0.9041981079816428,0.9651155136375099,0.7317847013905981,0.8667889512805194,0.924633958794386,0.9739296131304885,0.7643391855594188,0.885860845924162,0.8958414547201283,0.9413798632600308,54
0.9894037657904914,0.9975931269851764,0.9927496735907487,0.9994101112663489,0.9142934475730575,0.9578689915047048,0.745174882614398,0.8483898002688242,0.9926076449670597,0.9987832017992603,0.8942084627990802,0.9449412561056624,0.6973613632682546,0.813287593337819,0.9180866907630173,0.9587315646788611,0.7367403126668595,0.8396690234881836,0.8921934827889675,0.9323104975662135,55
0.9921003404039539,0.9986512675726317,0.9947578934628499,0.9995968956906266,0.9202214804235131,0.9548482004652407,0.7763585518226819,0.9015579029848468,0.9943731150821306,0.998814519018064,0.9011161270665653,0.9428705911823707,0.735653203522956,0.8827842471718012,0.9241902209264402,0.9557177901449007,0.7713793439991813,0.9019021364909328,0.9181867624171819,0.9739174914968719,56
0.9903344540000781,0.9972846828885812,0.9932302593726298,0.9994901980774262,0.9084932831569746,0.9276457353394015,0.6870366340629619,0.7153850131683664,0.992720041140197,0.9981745783753418,0.8851090423222896,0.9043391994342256,0.6364597051401795,0.6659720811345745,0.9106295287356027,0.9270904591584634,0.6787857652122952,0.7058142931341211,0.8745401395009258,0.9024066460125321,57
0.9855327885305875,0.9966941157155312,0.9888326609833099,0.9991376268020252,0.8816902161593996,0.9244220046123758,0.6483325388951222,0.6979177201122627,0.9898347632931688,0.9976969351023797,0.8551217613307805,0.90151556456367,0.5891300210956844,0.6444153958849985,0.8880754067320596,0.9262918309062281,0.6391637122377333,0.692175464937057,0.854543147589796,0.8888469111105096,58
0.9923870232601154,0.9992659795704626,0.9960456737320857,0.9997513230680395,0.8996178710586769,0.982139951908267,0.6380543820810509,0.9611993223670201,0.9950641880424026,0.9995395011991001,0.8712189287085441,0.9775778512596905,0.5777014641290312,0.9515036262979356,0.9016668518215032,0.9831990886685856,0.6268966342600303,0.9601618895206058,0.8460252054080524,0.9859210096297215,59
0.9856112529907458,0.9973601656241299,0.9908014254113915,0.9992590048544314,0.8720904515706515,0.9437589546099181,0.6209543635753384,0.7924499668260755,0.9894801095754008,0.998438476812783,0.8366628757608604,0.9286016383565748,0.5504552175365195,0.7482962843920082,0.8750075702461623,0.9459843533026653,0.6083564820082095,0.7814648225514406,0.8529385631255363,0.9006085575009782,60
0.9887619844964178,0.9989816294229676,0.9935333179927363,0.9997404118148971,0.9018004986509698,0.9600414512081991,0.6804245812753155,0.9128695953370783,0.9924006187292453,0.9991154262637119,0.8699905331094797,0.9513106463084913,0.615410434798036,0.8958012065720156,0.9027363356992643,0.9628521867500396,0.6667030446595198,0.9130813784711439,0.8711988879018254,0.9783166146311273,61
0.988830418251673,0.9969275727989041,0.9920273615722623,0.9991965649920627,0.8566156003202988,0.8961702666225129,0.5448416531549812,0.6602557782889767,0.9915582752829208,0.9978249611331018,0.8311759212147124,0.8592307734290767,0.4833530887800461,0.6111396142773388,0.8645006971945564,0.8932831452019565,0.5342402315418436,0.6588936041760093,0.7851089225303097,0.878034831932299,62
0.9897626299916449,0.9976055138621865,0.9928386287684173,0.9992943682471329,0.8801851189842613,0.9239768526615078,0.6356299528260587,0.7497641778510198,0.9931417195636494,0.9981669813257567,0.8608703769458373,0.9069625238877729,0.5823827327965111,0.7072917982255222,0.8890889178692291,0.9267288742175849,0.6274490553461098,0.7439859549885725,0.8303776713376316,0.8907675708881675,63
0.9900784612118488,0.9973079397010389,0.9926811117798549,0.999271377302463,0.8913774198573199,0.9280681032332367,0.6788575315040452,0.7553287866731587,0.9927522280979657,0.9983865215955513,0.8722684005286623,0.9119136478245997,0.6270438793032361,0.7132964472870527,0.9000533744018601,0.9325782453948822,0.672437025642494,0.7482610516672796,0.8590963434824922,0.8959233715601087,64
0.9899135675137888,0.9966848496058289,0.9949424506847873,0.9989018067265505,0.863194650066831,0.9070717651566607,0.5720605879215134,0.7412594777044251,0.9928233754352258,0.9977059181360916,0.8244326799002932,0.8839899946635303,0.4996827646702934,0.694021765933681,0.8661187884590159,0.9109178277643305,0.5599914744412893,0.7443912173985783,0.8314696122996732,0.9221476013518866,65
0.9882771930182744,0.9973407923259654,0.9912367994382163,0.9992562163241969,0.8594841866674722,0.9238589709589929,0.6244884906126122,0.7218315549044388,0.9918945554774783,0.9982592510276646,0.8476784389197274,0.9035027624732146,0.5699193027069687,0.6813057342324527,0.875778647843854,0.9259413059410143,0.6146425103036912,0.7172576498042668,0.7973197018234935,0.9002772833767709,66
0.9920253765367413,0.9976541556487126,0.9963387530365588,0.9993750568046488,0.8839104714479126,0.9479255522953199,0.6446137500935082,0.8624874613675093,0.9944110889104628,0.998517961134785,0.8500238447960227,0.9372769738205944,0.5820143981424659,0.8340577234583022,0.8858492389936129,0.95138868779898,0.635816668142433,0.8578687860805606,0.8739254301100854,0.9516301001754535,67
0.9911827790149141,0.997112595634045,0.9942080539598911,0.9991465440370355,0.9026579626995562,0.9245443482238223,0.713739965170093,0.7908013677833475,0.9939808371015241,0.9980368421730128,0.8849089698160132,0.9027843914166264,0.6609143306651898,0.7484377322596888,0.9098696425152336,0.9253904643477715,0.703124429197084,0.7854212545617387,0.862579412407504,0.918934882486621,68
0.9919780085666322,0.9972480766435187,0.9946933682482182,0.9994438336559555,0.8903113952717511,0.9060938306778541,0.6593783558090601,0.7656635429426728,0.9940014673251841,0.9979394584376419,0.8667580434854043,0.883867559288834,0.6072624082796018,0.7217647340018971,0.896642994708135,0.9119821487237812,0.653691965218615,0.7640302275273089,0.8615225218584153,0.9193548082547407,69
0.9909327760147946,0.9988120403200085,0.9955213838330302,0.9996203368526533,0.8578849786043731,0.9535815378436004,0.6456845699173108,0.9072963351259524,0.9932336273128718,0.9990049912050675,0.8196212386864591,0.9448105602369871,0.5814773395656467,0.8888536674905876,0.8628013468210799,0.9576751494364607,0.640653576734427,0.9077177140794106,0.8956940605196321,0.9752070653924833,70
0.9901344142768026,0.9971468746296851,0.9945921851712375,0.9990182546226689,0.8556183660334655,0.9321469840557335,0.5236795924019415,0.8555220960930473,0.9933887117528742,0.9986375065825946,0.8212753604424319,0.9239836400837055,0.45288770946396695,0.821791142181583,0.8601014792925356,0.9401031836995911,0.509542786019363,0.8486185189805177,0.7836999003357024,0.9305331957073986,71
0.992277468370877,0.9978376827652699,0.994999137737157,0.9993250788732363,0.9019567434392816,0.9166703032939006,0.6933862871511723,0.8137553279327213,0.9947464233013306,0.9982598410643143,0.8822919157475084,0.8972664031136084,0.6397337892819844,0.7807031523624317,0.907812112648417,0.9203908298439852,0.6822077278279943,0.8136739512469293,0.8559606964415829,0.9466728689765008,72
0.9898529036472137,0.9976957422220926,0.9933388666824016,0.9992476127896459,0.9098623166476818,0.9275731375569026,0.6611922354370856,0.7809533533840727,0.9932604318243261,0.9980527565567974,0.8868350807387512,0.9041519770826953,0.6029606879836016,0.7390105756555835,0.9126895648520181,0.9274104389987142,0.6478662711580248,0.7754547798613243,0.8373369484859299,0.9148784149630675,73
0.9909485456077556,0.998114618853203,0.9950809179830323,0.9995279569193514,0.9008860163256658,0.9334223768075699,0.7377583810707481,0.8624152472029075,0.9943245696321106,0.998534038900991,0.875819103227917,0.9195768789148773,0.6814140002794302,0.8337140333077673,0.9052839649515899,0.938324322480018,0.7271489599010195,0.8623825082074086,0.8957889968682028,0.9659149190737214,74
0.9892787929279647,0.9975444474699928,0.9926506992845995,0.9991072481729757,0.8340144071692979,0.921440720545106,0.6488089514493927,0.8156442032903921,0.9916769172548439,0.9984091544650714,0.8095549479280963,0.9081147958983384,0.5907649342232726,0.7795481126246703,0.8500570118708968,0.9280962303111763,0.6465535114346956,0.8112656704842799,0.8683738625044745,0.9314588088729776,75
0.9875790760057197,0.9975739295726423,0.9917068948823566,0.9990883816808824,0.8771383933168093,0.8977961326515476,0.5623943157335606,0.7258608373815861,0.9920950135067602,0.9981683439982524,0.8513221844777813,0.8784508513676467,0.49754201688308325,0.684239278374301,0.8841774116810075,0.904792800060217,0.5498174096992924,0.728271619092063,0.7859009248981396,0.9152713429192788,76
0.9921168525235357,0.9976942262000067,0.9946561322181625,0.9992085568976083,0.9053794070220507,0.9317352449069646,0.7905638688082821,0.861491926447807,0.994413261547929,0.9984090782415325,0.8899108865099509,0.9202449257623739,0.7490279150603029,0.8323795236673548,0.9140022757920407,0.9384756484794453,0.784857758383829,0.8625528448990948,0.9123285633475847,0.9599761259561529,77
0.9934693552729253,0.9991340131918739,0.9963762495834423,0.9997813645040823,0.9257952968560794,0.9764740473120158,0.761986822218185,0.9505813465565826,0.9960054533894469,0.9993380268812517,0.9081982905210931,0.9716830538277076,0.714890903906119,0.9394454265554082,0.9298740815174662,0.9786347375661397,0.7523538355764012,0.9503696601221424,0.8925207759989428,0.9841284971970659,78
0.994019435938536,0.9983536894372733,0.9966536116324691,0.9995485359442486,0.9490227062296941,0.9737320595141953,0.7863127914201761,0.8965972765834466,0.9963416085419161,0.9992314491940122,0.9337975433041313,0.9665453632357969,0.7392035116781643,0.8726493632162314,0.9506878370868421,0.9749157384268203,0.7729748678795383,0.8903158940194658,0.8866767763991172,0.9490197717337604,79
0.9915849854787075,0.9984238274138828,0.9948074414868744,0.9995907480891052,0.9323329539188344,0.9712248919229437,0.789043684706267,0.889132596526826,0.9946238889626423,0.9989529876172345,0.9131762417704188,0.9588646200319458,0.740027923167827,0.8561594490392118,0.934807582231307,0.97090345997373,0.7781760542147074,0.8794097884783575,0.9066630279282489,0.9535633064963424,80
0.9826312959153406,0.9973632259202073,0.9826667725461053,0.9988686015711811,0.5632489615190326,0.8471039911128407,0.507540112523445,0.7668162780383457,0.9892439475813056,0.9978213520377489,0.5897638373983041,0.8275692937271214,0.4487378999003632,0.7072960769384011,0.6461545923706895,0.8639439679862261,0.5124211967636912,0.7351309154726523,0.6785386217632403,0.9019771218053446,81
0.9915731626938836,0.9984485723356187,0.9941977132903606,0.9994670361794282,0.8744764175516909,0.9518421101251399,0.7099469104471257,0.8810401240978276,0.9945342882492499,0.9990822544455737,0.8600173235721377,0.9452136736815164,0.6574443690987812,0.8584070909837217,0.8878362323997844,0.9569501278182838,0.7007130329598824,0.878460214445027,0.8592943976742754,0.948814308011034,82
0.9872596062964748,0.9979319136524507,0.9924667571926485,0.9994494673128935,0.8589505028910601,0.9170700070493182,0.6480422585686594,0.8188233601843661,0.9915886157570288,0.9980435691667408,0.8213295585800128,0.9028784262093132,0.5712821516617843,0.7871905719197699,0.8649774181248799,0.9246300523931474,0.6332074555957619,0.8195727812693657,0.8622317027332752,0.9485413383393902,83
0.9943894490738208,0.9977923778641457,0.9969777804822726,0.9992927191893448,0.9201571750136339,0.9381315623521752,0.837418191407213,0.886372086220285,0.9960516501379671,0.9983260528843573,0.903917007251878,0.9254270595501956,0.8007213506796043,0.8553091119900581,0.9268769051815459,0.94402544947433,0.8334770337950589,0.8827162601490455,0.94144192946603,0.9729946692859623,84
0.9937757336389039,0.9970678354480684,0.9965807356200505,0.999396939704751,0.9139456979553029,0.9442236744553724,0.7946797361187556,0.8434663987960531,0.9955767823669832,0.9979392699296025,0.8912532456989403,0.9193887915965289,0.7503582173519489,0.8066282747851808,0.9176646721646411,0.9420140747495426,0.7894242275408049,0.8421375729899658,0.9339583234598972,0.9570387084439966,85
0.991926325528757,0.9979167595294174,0.9950070488823065,0.9994372147622288,0.9012261147188209,0.9382631899695706,0.7628162456609267,0.8661023771071741,0.9942062920642237,0.9984707357041317,0.8786302549587962,0.9263258453868294,0.7163305116061679,0.8361007908348919,0.907295228225267,0.9441259024517045,0.7590903652086587,0.8636809429347159,0.9211633574670111,0.9568233394953616,86
0.9938522904758997,0.9979710568502284,0.9968546632707154,0.9994742143038533,0.916749107303258,0.9588860358876351,0.8017014366761385,0.8841957019183667,0.9956059083911326,0.9987132799021503,0.8940943766354521,0.9437813479636102,0.757850488106309,0.8511318457517816,0.9204816059377694,0.9595953369567531,0.796536583723445,0.877772799751018,0.9372746806162136,0.9593187471463497,87
0.9926371716802428,0.9975209185775994,0.9957825219804163,0.9991601491326698,0.8875404824781975,0.9058564254126071,0.780685836538843,0.8283376951995653,0.9949491573360056,0.9982493859774955,0.8660041808494857,0.89038070292196,0.730981036455483,0.7835462160339234,0.8970603492911867,0.9136218182499649,0.774382185548419,0.8228808344280736,0.9176124023900001,0.9354946442006913,88
0.9924387695817285,0.9984314005155928,0.9955110156176126,0.9996342963637025,0.7980574787810714,0.954635238773115,0.6878722942092528,0.8768482521372677,0.9933209172092721,0.9989198654654727,0.7669033882219213,0.9433518292306938,0.6331188940713366,0.8518997232445021,0.8185180328807301,0.9568422708019033,0.695290446764444,0.8742408440000374,0.9266201893142288,0.9602921050571503,89
0.9940311512829266,0.9978487638646543,0.9963377305036912,0.9992865403692258,0.9427900513491229,0.960233448205978,0.8522889368876753,0.9030629025527657,0.9962273603783437,0.998847458783392,0.9307678897480711,0.9539082725904915,0.8154367090259805,0.8773278480106574,0.9472489508249566,0.96436139345761,0.8439828405992726,0.8983798496288948,0.9293284194348896,0.9582065117962885,90
0.9957228707314429,0.9982211996045286,0.9971349277663195,0.9992209916825631,0.9363142897172111,0.977832025023088,0.8777165253200947,0.9186252949258705,0.9976740786997016,0.9993388038720502,0.9334555265698481,0.9740811520004646,0.8479031492896999,0.898924595189934,0.9462899407910568,0.9802859459364412,0.8700996509088508,0.9147133434223027,0.9193948749646231,0.951854748483477,91
0.9960482098452661,0.9979130294309875,0.9967267451805065,0.9991839513392629,0.8804604445867907,0.9810830886093114,0.8627820457246026,0.9178645725275077,0.9980705019858884,0.9993866499034507,0.8859370275146349,0.9783738148755919,0.836035305777524,0.895196468604651,0.9035603684548577,0.9836438163502175,0.8599702712056996,0.9071676242872349,0.8980143345028773,0.9401598920818889,92
0.9845545711082979,0.998819396453046,0.9935686300384479,0.9994868836981153,0.8948863822534523,0.9908043019306554,0.6806979957753271,0.963706087252127,0.9913858599661073,0.9996749110631502,0.8508648916453365,0.989860701120838,0.5846473508534562,0.9514277992054258,0.893753472438891,0.9921635124394532,0.6516122543722245,0.9581604942488574,0.8484306455791899,0.9693318044134598,93
0.9946968720124577,0.9977001390980484,0.9977224206726061,0.9993039271291323,0.9402667364116697,0.9883223977245729,0.8039914918296186,0.9042350444551307,0.9972533727623503,0.9993270394368634,0.9238337440308831,0.9835175008776362,0.7554358481980483,0.8771761928105251,0.9425698981516512,0.988376607574514,0.7902097958144151,0.8922684873682774,0.9022601843629683,0.9336116352092553,94
0.9952173018933322,0.9980561540362398,0.9968927925195634,0.9993646147883051,0.9320314535653612,0.9796459943487261,0.7926998224275713,0.9120443286774901,0.9967946026887852,0.9993828410177888,0.9205964976003005,0.9765456802041222,0.757500045452502,0.8875786756588723,0.9371182517917036,0.9821171436076038,0.7869658093248668,0.90251890172537,0.9067148369253656,0.9375321301242017,95
0.9935379647991581,0.9985673590056219,0.9956460082266223,0.9994501064771039,0.9540263834936143,0.9830364718687672,0.833523685807845,0.9457456484230888,0.9963109914605734,0.999482452023166,0.9457557510492239,0.9798384893617783,0.7930493995693911,0.9303787498017982,0.9579963825074299,0.9848642586185349,0.8198623851870366,0.9408765577965141,0.8942270216875743,0.9658418324553951,96
0.9950589914741086,0.9980180257695618,0.9962325572700378,0.9993444729363415,0.9219457780930005,0.97226825058817,0.8636311566534608,0.8869876606109843,0.9970796663020746,0.9992167576477106,0.9220569373406369,0.9691157191870683,0.8354012468449774,0.8647848983845209,0.9360894571281125,0.9758545628467825,0.8583316487069542,0.8843151723342277,0.910039896569702,0.9378941816506049,97
0.9954407419189177,0.9986335417667992,0.9977170445561226,0.9995562957238947,0.9673203023945587,0.991432360595575,0.8704738638460681,0.9495310762564905,0.9977300398009248,0.9995915216336099,0.9583158418528757,0.9878333428666602,0.8341764908573518,0.9332115002954243,0.9689695320565838,0.9912506035315262,0.8581835446422652,0.9428289361536284,0.9220176510344856,0.9629355764770607,98
0.9932138398580781,0.9988086101717878,0.9962150403531143,0.9995641917632044,0.9555408478696731,0.9855491219725111,0.8221561803449747,0.9512000774723934,0.9965200294845475,0.9995837106841623,0.9454834739959953,0.9832662200616299,0.7757989686016588,0.9369806009170087,0.9586996598187781,0.9872076015102221,0.8054270899872691,0.9463624870553891,0.8846837173841889,0.9675365097006717,99
0.9954572435125584,0.9992049873591355,0.9968255946011257,0.9997026209449452,0.953023807942159,0.9766003144434764,0.8969287908142406,0.9571416482848609,0.9966775256683201,0.9995266662742963,0.9450047451035021,0.9736485397770007,0.8735729997180105,0.9470522641215945,0.957487431334391,0.9795290318149941,0.8939776640489798,0.9562161564417921,0.9582898066164822,0.9820821936213991,100
0.9938773262733133,0.998484301747808,0.995335784226882,0.9994137266386592,0.9481367786102375,0.9624951105051642,0.8632292817758672,0.8990285938504027,0.996149302343427,0.999134408293076,0.9406985544791414,0.95486893636658,0.833765043191625,0.8778830588898598,0.953672212346743,0.9655110118427346,0.857264814721085,0.8964902282400804,0.930697604067806,0.9581172821544145,101
0.9950751946141394,0.9989880417208806,0.9961987342903413,0.9996187283326552,0.9538300544818958,0.9802528312305365,0.8981591343711388,0.9558142783982359,0.9963823108299076,0.9995399872732676,0.9458002501135709,0.9772239593452835,0.8766329612105862,0.9436104659666376,0.9577347640671513,0.9824298148538051,0.895581528513944,0.9529343976266413,0.9584554731840013,0.9768881276490443,102
0.9846631313122792,0.9994188071432257,0.9935336954145579,0.9997814470398916,0.9027232548509024,0.9912673014376118,0.7164020219455983,0.9753670992940052,0.9933736527011784,0.9997589980946008,0.8731044306046144,0.9892230630585993,0.6217182424654913,0.968298898162731,0.9068863385198643,0.991992178688704,0.6814874284991368,0.9734100193452314,0.8244272541771167,0.9860475077266923,103
0.9894262216916653,0.9980046690812309,0.9929634366807814,0.9994024237786335,0.9303132679269325,0.9607955738344182,0.7967888159762628,0.8836183306103649,0.9925779106120741,0.998746117424211,0.9132999561626659,0.9491368870715904,0.7460267751092496,0.8530287210610332,0.9342364672419187,0.9624667544459203,0.7838303074405804,0.8769120099649484,0.8996756177553076,0.9512296287149211,104
0.9928289734801907,0.9983394929524806,0.9946519404577571,0.9994091999181133,0.9631580820207294,0.9785842782752951,0.8724458690942427,0.9112680521548683,0.9952428027538318,0.9992252566505109,0.9541810131199212,0.9720895559669653,0.8419983584665712,0.8851862856088872,0.9652915193203764,0.9794819670991284,0.86375069374085,0.9023455401212997,0.9305411382165117,0.9598608025150517,105
0.9885216680130235,0.9987175122807763,0.9919419661182356,0.9995527549148094,0.9502580329527199,0.9717239356494377,0.8234757167885111,0.9156968928015264,0.9922104669734125,0.9992286296643867,0.9346627136389756,0.9614643977527678,0.7781704627709043,0.8974201927171449,0.9521234756606051,0.972124179769906,0.8115829169808564,0.9133657493344769,0.9119055861181974,0.9666241280132598,106
0.9930376569676468,0.9987024558203556,0.9950950160543712,0.99960281209054,0.9539911299100962,0.9711155146799685,0.8541182711903893,0.9231673235956741,0.9952482789416125,0.9992645967495896,0.9431278344275151,0.9648958539384973,0.8201144750239993,0.9051599701014151,0.9570879683957667,0.9733609105480932,0.8460807225728454,0.9202162832890601,0.9282579870842986,0.9683762062542908,107
0.9954467798119082,0.9989328308884834,0.9972826209774065,0.9997126077423348,0.9651483547086721,0.9777226541681495,0.8808401767632518,0.9447099735467929,0.9968753548316917,0.9994472314862107,0.9524619012181182,0.9719181887656059,0.8511467697428758,0.9309455120564444,0.9653617585931252,0.9788067646138907,0.874437822592288,0.942210828134992,0.9528179092850285,0.9777601205138092,108
0.9910289852931946,0.9976743627032223,0.9955321676964635,0.9995813122028564,0.9602074443966053,0.979824680847052,0.8265811870812945,0.8933928519053486,0.9947210093833958,0.9989193304895186,0.9416428903489761,0.9670141351342469,0.7796427391759572,0.8637362268419081,0.9586070825565007,0.9776955028582401,0.8115963184599326,0.8851584224837844,0.9103751871755971,0.9509591897078638,109
0.9928135259250362,0.9982597995161752,0.9951809817026073,0.9996080892621265,0.9523233505895351,0.9821857728271237,0.8525516731727895,0.9291352226552556,0.9954143999139137,0.999222890085673,0.9398854265605584,0.9747451514404074,0.8151146843246913,0.9074905712153493,0.9550175449309294,0.982119522901076,0.8429338697364389,0.9228911631884263,0.9248160826830758,0.9661592623075402,110
0.991213730221977,0.9978858503690793,0.9939112229532047,0.9994787360700439,0.948943228765922,0.9797569512295954,0.836813542805145,0.9102095706671613,0.9939848184271862,0.999260995463813,0.9356428623733078,0.9740619062448502,0.7976542504773275,0.8841611727773839,0.9513128306984424,0.9808569021930412,0.8266218195234192,0.9007859417563148,0.9190626798301892,0.9515795014106764,111
0.9943969450815429,0.998714769594346,0.9957878668932598,0.9997675589655969,0.9689779697580503,0.9823629450801532,0.9104222719866657,0.9437009048078587,0.9960980211045168,0.999402462962393,0.9613828389139546,0.9769298424417212,0.8887602348406436,0.9274114524351416,0.9707773929772012,0.9831075375860244,0.9056702083664558,0.9396088782457611,0.9593607660627633,0.9731137089595421,112
0.9956422979872208,0.999239000231543,0.9972392848780284,0.9997062408287789,0.9688366168546896,0.9825365676423791,0.90706000412229,0.9581003811792437,0.9972176854745676,0.9995562963404128,0.9606038938568001,0.9790453109930517,0.8839268530476672,0.9476404340152662,0.9703076779581739,0.9835256765835171,0.9018622576594982,0.9558421473938429,0.9585003796865584,0.9815485557179743,113
0.9952069738156062,0.9992771173412187,0.996062940947211,0.9997626276275193,0.9751228814690861,0.9859659629808873,0.9339799124463221,0.9637689275416315,0.9963218544924914,0.9996402768153467,0.970692295210902,0.9830373997866801,0.9190621183893795,0.9541282506227281,0.9769803077147656,0.9871325782854088,0.9309821057656225,0.9616717106757112,0.968211917352668,0.9833471247662321,114
0.9932424976694657,0.9988087091670975,0.9954928557386307,0.9995590934249212,0.9652717417321911,0.9850056820565947,0.8861742565158285,0.9429483707499285,0.995271992983065,0.9994898953392821,0.9581637857430562,0.9821013234374936,0.8597655337828011,0.9237973078831486,0.9679976302830117,0.9864730863540638,0.8795534424528045,0.9351746690984829,0.9381626432702075,0.970065995492088,115
0.9956074115999978,0.9989704581062493,0.9966755773921527,0.999720901530687,0.9776018316451662,0.9865250934142253,0.9265058033194629,0.9476640404040318,0.9970812332605372,0.9994837393363629,0.9724987187305097,0.9820846932680017,0.9072430284662152,0.9345759936202228,0.9792526349720853,0.9869730599571347,0.9213897053444461,0.9452736165043789,0.9607645435962747,0.9754965330468128,116
0.9936672074529606,0.9988020759442989,0.9960067901949873,0.9996106769205617,0.9504118984307167,0.9764250526796799,0.8624077628146776,0.9434472414675669,0.9957591052464839,0.9994201234106489,0.9393422550616267,0.9721677379926784,0.8252834898754506,0.9284685423845795,0.9539703885579242,0.9787279795295668,0.8521056806536429,0.9401941191137653,0.9273374083411665,0.9728290330373646,117
0.993531451861037,0.9978494347174681,0.9949723745952673,0.9990459769467119,0.9392983346322611,0.9776876520081,0.8833975040199676,0.9317460952111013,0.9963199428348506,0.999378313128873,0.9406050311042818,0.9760187128264087,0.8520861878983403,0.9108605161323003,0.9510171704189397,0.9814194313975055,0.8723931378628413,0.9247404298974912,0.9001531627084239,0.945318339494504,118
0.9961094923006785,0.9992555705962205,0.9977827112488321,0.9998033759334819,0.9589815746590433,0.9702950750723279,0.8723212635177208,0.9284591385044438,0.9975596564371626,0.999394354918077,0.9484625406218123,0.9641174208173571,0.8422896394487751,0.9152055588196798,0.9610237745732296,0.9723273924039998,0.865487734498801,0.9283087641994682,0.942091107892235,0.9801110986513247,119
0.9968527155942368,0.9990420279074139,0.998553379583042,0.9998998761712902,0.9751043698980251,0.98225710976252,0.8936802332839717,0.9188850641765411,0.9981300005903262,0.9993757922086439,0.9649060870570572,0.9736523505985237,0.8676389940648427,0.8955476199888996,0.9744490087598913,0.9814256848059241,0.8870334014940696,0.9120648690307989,0.9541601738996481,0.9733138069389902,120
0.9976395312463007,0.9989140911223147,0.9982939121005865,0.999561213925205,0.9626432117481445,0.9787884530262106,0.9363784719515797,0.9535984660529664,0.9987660213212656,0.9995433086732771,0.962215564400064,0.9760949043947393,0.9210456621460794,0.9417846913672446,0.9692490529051657,0.9802579491087274,0.9328662420763802,0.9510732327801342,0.9563504733947555,0.9623271255318036,121
0.9962559369063414,0.9982881029177795,0.9962311403531385,0.9994376513216239,0.7470042423749439,0.9887357021246426,0.6911972762649229,0.9243736447509873,0.9961807427895919,0.999420289090973,0.7384411023319194,0.9843612469130448,0.6617993922545282,0.9018158065994242,0.7790442476803795,0.9889321257258988,0.7080777616949991,0.9166061969979165,0.9214602784146418,0.9556228133761563,122
0.9957480865520514,0.9980516837267759,0.9973567506494594,0.9994477511826961,0.951388891928979,0.9803309772049177,0.9028986246450725,0.9419436193177506,0.9980854990727649,0.999445233851344,0.9514433645405123,0.9791183619481183,0.8762195851046737,0.925369007236529,0.9607071060121758,0.9836381697263737,0.894359491666281,0.9365866541752543,0.9242102296980157,0.9522785866926274,123
0.9957682153091199,0.9985296225011205,0.9972888960829744,0.9994460244074634,0.8763254670718336,0.9778295517376787,0.8180911925154863,0.9329489515199617,0.9972377285789045,0.9993819576084385,0.8669909506195795,0.9727058531969789,0.7812417911709014,0.9129665989205693,0.8926610425232305,0.9795786035536762,0.8163370055056058,0.9256770572081756,0.9212113254273689,0.9560390258253523,124
0.9955714570730146,0.9977882936093482,0.9964007719843044,0.9992117592843515,0.9354306068745144,0.9828108679817593,0.9249905734725897,0.9410066978458436,0.9983241658430125,0.9994024831224692,0.9447632054952825,0.9811663743976881,0.9016437855568562,0.920784837615687,0.9526518266898077,0.9854123398747768,0.9157139318945385,0.9323799676355295,0.908232336416491,0.9373808315523227,125
0.9964662985986534,0.9986779393183154,0.9973783280260428,0.9996649358549445,0.9548507193092722,0.9746672586423611,0.9260375863464709,0.9491281389226888,0.9980893325679131,0.9994880099802967,0.9549175188498197,0.967686329418393,0.9088552958975634,0.937072628396228,0.9635939370056573,0.9758820858283608,0.9229246201080983,0.9472060691862954,0.9516728214892806,0.9694102334813508,126
0.996747183649645,0.9985245162242309,0.9973997215331759,0.9994560181977499,0.9587413151597328,0.9863245966767795,0.9408517721193238,0.9646637372207821,0.9981926496967829,0.9996439763785054,0.9607711876659436,0.9841719307858786,0.9254538574063531,0.9507280480842432,0.9677641570136285,0.9880221336317961,0.9370004666951428,0.9574970805131987,0.9516533451579862,0.9661598101788903,127
0.9943742701740306,0.9988511838780104,0.9963622598074611,0.9996787675911943,0.9518769847892037,0.9718262652856422,0.8972240958162605,0.9270317367324017,0.9965481779554389,0.9993003130195504,0.9471141466600684,0.9644128369361384,0.8715875832225609,0.9101915579857256,0.958635217142971,0.9731347605309147,0.8914113057447193,0.9245664676344534,0.9413819306189166,0.971588552460576,128
0.9964991517447073,0.9988173726883269,0.9981934317720594,0.9996554140379403,0.9561740403924134,0.9907019914012631,0.8772946268276511,0.9503431219072398,0.9977995901769843,0.9996046567566215,0.9458219955340612,0.9876175960868302,0.8477024557510572,0.9353155745879147,0.959106002407666,0.9910516223483337,0.8714045692486219,0.9446490457796768,0.9465685213644703,0.969142212302236,129
0.9959934769118528,0.9989789761115924,0.9977337047330703,0.999655228826661,0.9670357129711438,0.9900747577605554,0.8926169467066596,0.9650881416247861,0.9974388721718802,0.999637829053703,0.9566836063204008,0.9879287274476062,0.8649719723844501,0.9541067021945452,0.9680801352648228,0.9910802935323281,0.8861753835651641,0.961545410893319,0.9524535021814471,0.9791620850849071,130
0.996460831191179,0.998956266750397,0.9979939554976732,0.9996960318812125,0.9775499283015353,0.9905736143974941,0.9191164131512375,0.9613443883698756,0.9977446668065558,0.9996102487224703,0.9704234584257918,0.987522944231081,0.8983029894182922,0.948847054953747,0.9780990585805758,0.9910071388146569,0.9138212338454892,0.9570779571101317,0.9624539518567055,0.9768308148152635,131
0.9960770140169133,0.9988595518595608,0.9970737852893035,0.9996326941301226,0.972027974293862,0.9822684050790943,0.9222983044795887,0.9510322943074742,0.9975739763236716,0.9994987866165761,0.9668176223770533,0.9771157820829729,0.9028320511415037,0.9374023452392454,0.9746495617320955,0.9830042751080733,0.9174142935806908,0.9477069146837281,0.9595773371044634,0.9730926063527903,132
0.9956363431299259,0.9984227974659095,0.9968868539569448,0.99950818699423,0.9438340198631768,0.9821703343651786,0.9119015758915847,0.9393487871783314,0.9975690849356534,0.9993958218737026,0.9446769416069868,0.977618653007277,0.8880787644807958,0.9210196944907072,0.9543592319795219,0.9833564162773994,0.9049310836852046,0.9317511187462766,0.9291300022599039,0.962622513994252,133
0.9916675687833837,0.9987909516203674,0.994178460583775,0.9997483142152481,0.9588992642042252,0.976805132992668,0.890180986166685,0.9289785474096509,0.99438351105963,0.999253483099948,0.9495166769053861,0.9691224161171438,0.8666895840157006,0.9111240437486883,0.9619336980229565,0.9774484904715502,0.8871307637826411,0.9260169064898133,0.9564931805631378,0.9750760313668598,134
0.9941641074543364,0.9991360870970726,0.9960845030588299,0.9997967137328806,0.9663138989677373,0.9851805886774208,0.8906256549965943,0.9568717317929666,0.9957380669915882,0.9995263532916525,0.9553582130157127,0.9805451984942326,0.8624003083762888,0.9450853656653052,0.9671277335018736,0.9857149946249936,0.884583871589762,0.9544700254227919,0.9545445911394167,0.9833006468315574,135
0.9953173864403339,0.9983792875162466,0.996732582181541,0.9993692024711032,0.9644582277216516,0.9783899240588214,0.9174607438001998,0.9459729776152284,0.9967183631357451,0.999457547333409,0.9608372203702833,0.9755126898895158,0.8955469345132787,0.9293893097366,0.9694084920029675,0.9811584636642751,0.9112904697902862,0.9405553817386161,0.9483316310687597,0.9607720132203005,136
0.9960974239842969,0.9988183847441925,0.997440721401866,0.9997347278721584,0.9792137084677272,0.9842781331544511,0.9267205313291573,0.9415841219596505,0.9973903822257632,0.9994337364667053,0.9729287544600572,0.9789943033503066,0.9073190676424935,0.9252186157198097,0.9798432347331146,0.9844533801515584,0.9216366174944596,0.9372850305914977,0.9638913309683829,0.9742682199233736,137
0.9943720060734803,0.9988339848153563,0.9958145849734156,0.9996075638358775,0.9462562778626098,0.9774141532018343,0.8586559845601289,0.9336950176253817,0.995951800913686,0.9993418388200879,0.9362012697851207,0.971196310527206,0.8275622494102131,0.9162020741347786,0.9506845417434762,0.97837403566506,0.8529502372019114,0.9296956541260386,0.9358904651091496,0.9733183853848082,138
0.9955104692755854,0.9988277195428863,0.9967957319957045,0.9995921897488835,0.9731324656573554,0.9825523719020073,0.9292127293545647,0.9571240069627536,0.9968837055991104,0.9996374972080938,0.9696554380143146,0.9819757794550545,0.9104053189107987,0.9442383237867175,0.9764411788364459,0.9856104295060478,0.923740396026164,0.9524559830706473,0.9549909376151156,0.9660695044282941,139
0.9962486423643288,0.9990835298235062,0.9976597405024858,0.9997025911652537,0.982386136900747,0.9895429315431239,0.9298060284737979,0.9542956543998561,0.9978408648182563,0.9995646145751238,0.9770053050354893,0.9858243228245166,0.9098839533047084,0.9422443337052868,0.9831567797213867,0.9898644034416302,0.923538801170269,0.9514676866088978,0.9595664105053375,0.9777191730002883,140
0.9963662069858756,0.9988739725256476,0.997453488558504,0.999638985736881,0.9753293236600579,0.9819245604533005,0.9315594488343593,0.9533587829300197,0.9976899487733928,0.9995237533034276,0.9710985812172431,0.9788451038667222,0.9134733808251992,0.9397610652864072,0.9778058401066235,0.9838966535453142,0.9267028462782525,0.9496445744185474,0.9614221569064814,0.9738570476074913,141
0.9956814473669219,0.9983001679562368,0.9973114046092701,0.9995130186767637,0.9497732079318969,0.9835848760237934,0.8808920919778347,0.9349175711759548,0.9971509518485888,0.9994316955804351,0.9402906731531897,0.9817894165548702,0.8539234738211258,0.9124622047412569,0.954279161681175,0.9860699818203168,0.8772362493110231,0.9247141420518696,0.9503369250764749,0.9595070836834387,142
0.9943524482928702,0.9982979847862723,0.9959185244102143,0.9993644377512829,0.9555998278029227,0.9765364008260832,0.8736561924381174,0.9251324010773145,0.996153941398807,0.9994373626723825,0.9480148287050043,0.9736390771944459,0.8435962507315529,0.9034504522098102,0.9599238117365088,0.9797890777834407,0.8662018482171145,0.917321564412847,0.9318503771404818,0.9475955866952829,143
0.9948001766745223,0.9988025128811931,0.9963026852416541,0.999600226725459,0.9541162883884735,0.9831722617375204,0.9006101807602014,0.9501241255332714,0.9971391708878236,0.9994281249317333,0.95337774470512,0.9795791969875164,0.8749851595041872,0.9365540612442347,0.9623790597227243,0.9845503508022946,0.8928854006331932,0.9464857579729442,0.9273867797189594,0.9745382719875834,144
0.9956149049579368,0.9992212025901531,0.9966525296589871,0.9998469227157527,0.9750710189640692,0.9880488860458836,0.9284344705588005,0.9622876220188462,0.9968587538568205,0.9996058852876615,0.9691420923970764,0.984307457898868,0.9108183784701833,0.951631481929591,0.9768426237346851,0.9885103787823671,0.9243447503338703,0.9597639702234363,0.9662529296936606,0.9836361115808643,145
0.9893814206433665,0.9980669478860017,0.9932368733667108,0.9993502480459715,0.8793088907099943,0.9690329881778527,0.7257379665183122,0.9168668446254792,0.9924453665391006,0.999103988723783,0.8574073594895464,0.9625206490597148,0.6709522626448784,0.8938138982127178,0.8884436427646369,0.971885320360804,0.7179899479203495,0.9111954339052675,0.8888609841079352,0.9580739341955637,146
0.9915921252582608,0.997861483199126,0.994269007091074,0.9994827545718595,0.9210272720367897,0.9687605829817105,0.7798919272256152,0.8966720419689593,0.9938603032494167,0.9989639611869471,0.8993013935993756,0.9594120160359179,0.7350567207740777,0.8686029286146639,0.9241845536359176,0.9700892868074106,0.7745381732814198,0.8893591082578177,0.9211519826819989,0.9510819230939946,147
0.9938289715256791,0.9981551793145653,0.9963783589348363,0.9993151135420306,0.9580425492786594,0.9860489219447964,0.8539416489794325,0.9161945495574052,0.9963022173531481,0.9992984233217909,0.9457797611578915,0.9803113233573354,0.8135579846209546,0.8897850884588538,0.9599608853580441,0.9863495306829627,0.8418755883246295,0.9055545860069958,0.9217760110429557,0.9524165429764776,148
0.9938189042282405,0.9988679496025261,0.9953630941912743,0.9996374305606573,0.9412293314750192,0.9843599074562793,0.8362053789322261,0.9459489249563425,0.9957663310772777,0.9994968555547351,0.9318795296193124,0.9790451003460232,0.8023202397391848,0.9313162128367944,0.9467528980775776,0.9848462064348229,0.8293057566485382,0.9420751204467006,0.9184656262583554,0.9719704762899654,149
0.9958507158224715,0.9983621858794842,0.9976749548830653,0.9994922805575199,0.9659603952316723,0.9871461723465931,0.8836823639580547,0.9299850461060398,0.9975763136534309,0.9995071840930879,0.9572163958289165,0.9841776561519477,0.8536891828088007,0.9090581405843196,0.9679390587003001,0.9882752908188813,0.87545211620842,0.9237323946726536,0.9387260724811782,0.9608037471397846,150
0.9967892915340473,0.9985150991109659,0.9979424289810287,0.999503008619189,0.9713551692781417,0.9844907521759044,0.9107578104440122,0.9257273355675274,0.9979921142797314,0.9993881997362097,0.9655034471532352,0.9829820318743704,0.8876346604350737,0.9064158006132232,0.9737798958856729,0.986868321793959,0.9043711216662534,0.9213098982942955,0.9504855667894577,0.9639801561379139,151
0.9948946842747035,0.9985682556150816,0.9966296941343047,0.9995641009544978,0.9657314710738627,0.9789605776776975,0.8935604762320563,0.9313502920363665,0.9968558216988652,0.9993795312928608,0.9568721618090906,0.973946969568771,0.8671789073711053,0.9124259175451493,0.9676756811082392,0.9804551539880689,0.8872831618415893,0.9258786780392557,0.9493828083574009,0.9628860308591004,152
0.9909547536168345,0.9985533930078441,0.9941594157859868,0.99959190538829,0.9307389513170722,0.9731789524009004,0.755074191957491,0.9267319726487796,0.994100830734529,0.9992381658002126,0.9110797383641552,0.9663880810471805,0.7008748797069524,0.9076581672643282,0.9328320197692482,0.9749721906856046,0.7411080741392105,0.9230227625053489,0.8796719057047122,0.9693523688572392,153
0.9928060886364775,0.9993462094742328,0.9955579500096899,0.9997869122629637,0.9558146333269502,0.9822459396125136,0.837862647843446,0.9602465753570429,0.995540906117661,0.9995876776640653,0.9406578857670428,0.9787660176886571,0.7959839452980909,0.9509403753480135,0.9563027028618758,0.9838234641563633,0.8262515282708847,0.9592400102646271,0.9210172939808587,0.9855680401445697,154
0.9942322531509222,0.9981615047766906,0.9961124514707768,0.9994893227028514,0.9681315992619544,0.9801643065701559,0.8809586885685463,0.9290734126514149,0.9963367888866212,0.9993779023423008,0.9579496488251236,0.9767744258833582,0.849376354349564,0.9060666691933384,0.9689382657167567,0.9824459555523208,0.8720178588035669,0.9197764620895013,0.939363360180476,0.9561192001861945,155
0.9927902664933504,0.998986407141052,0.9958717792362489,0.9996983901926086,0.946996533458641,0.9851092785527147,0.7914989782246383,0.9492055200081172,0.9954481569136291,0.9995331389923839,0.9284557627318049,0.9817270487983716,0.744074833200498,0.9342955742888567,0.9473357778184953,0.9863212092251114,0.7792943003624531,0.9444442499681831,0.9025280990539732,0.9741952062241779,156
0.9964682515010275,0.9991292800139713,0.9977300555907861,0.9997380607026485,0.9518454317117151,0.9863423739734272,0.8841756198368326,0.9567742228474712,0.9974612695189439,0.9996022305000019,0.9403182712778212,0.9830162955583137,0.8589134200849081,0.9451999443866893,0.9545210093653903,0.9872676019680422,0.8813856831110596,0.953809795500837,0.9608990989054313,0.9786105070873461,157
0.9969794101460465,0.9990972457617983,0.9983260001371986,0.9997159129773079,0.9745586404704895,0.992690352005835,0.9148723162651798,0.9683319158996907,0.9980413620890344,0.9996982458509781,0.9663200775212225,0.990250300006446,0.8930696677874829,0.9589892617358658,0.9752892332464199,0.992982371263105,0.9099090605384728,0.9640727189657986,0.9633416121493115,0.9773639126136491,158
0.9970989769749963,0.9989979145647943,0.9982772104289712,0.9997817402459289,0.9860849611221784,0.9919901862982746,0.9382906253573406,0.9532946650631658,0.9982463124988051,0.9996097198880722,0.9806848854589458,0.9878149410235915,0.9213418304118887,0.9394548388254212,0.9859722225879132,0.9914937636254011,0.9332032430609108,0.9485967344954854,0.9684852312667039,0.9751563116823159,159
0.9943624879210117,0.9983481364775021,0.9964181363297852,0.99956653464923,0.9677530693437105,0.9847152315310216,0.8649485921645834,0.9347391371316929,0.9964867066985281,0.9993469703920275,0.9560983052978563,0.9788637274773434,0.8309853897906185,0.9145289046421339,0.9677853729142988,0.9848942586475968,0.855399580431046,0.9281048118259506,0.933627464122047,0.9642735134358897,160
0.991888746157695,0.9989156953925251,0.9953809004897249,0.9997337723046714,0.9356756398106485,0.9820576958797846,0.776647960541382,0.9447723756530458,0.9947376338194177,0.9994288278734428,0.9105675683844814,0.9766196975629652,0.7218222454392793,0.9294995718442929,0.9348020679883473,0.982801803358568,0.7635585179127204,0.941153976483342,0.9082219541231493,0.976849003293131,161
0.9965787424246867,0.9989981727598934,0.998205618281647,0.9997096368421969,0.9760917717924702,0.992844385803756,0.9051684800520025,0.9639042525262662,0.9979017150207574,0.9996896895194928,0.9677135930699804,0.9902416446217243,0.8809145487183426,0.9517733274453982,0.9764334777378924,0.9930210531841762,0.8985485931387046,0.9589219672978679,0.9542637904119382,0.9748458113864594,162
0.9952337425928987,0.9989748794849271,0.9975076680516906,0.999685308643818,0.9631036390507048,0.9871773366067489,0.8745056823199132,0.9586703762414613,0.9968906774371644,0.9995727477702206,0.9500333625728397,0.9839076292109895,0.8416896842440945,0.9491582198929901,0.9635168259000778,0.9881155579559266,0.866825824387469,0.9550576515525789,0.9466619860673078,0.97948667803199,163
0.9934587050110019,0.9987113789463842,0.9964006319406746,0.9995777375314223,0.9571158765475515,0.9868048905606304,0.8332675672916626,0.954731433354434,0.9960516732041031,0.9995690169826569,0.9421485692638891,0.986129583079714,0.7904246822805797,0.9398434987000478,0.9578670370444079,0.9890551194091176,0.8213424265880942,0.9491725472643348,0.9176510301008995,0.9676205912927632,164
0.9946029089508606,0.9984554932734979,0.996825095173839,0.9994939421430206,0.9614554800084932,0.9882158839481141,0.8384778719207597,0.9424780795368887,0.9965540821066997,0.9995506108377393,0.9494993779320322,0.9857021131418033,0.80054613997581,0.9239454722347069,0.9622592293412232,0.9893286148541248,0.8275156018605416,0.9346360687599389,0.9158179255087526,0.9597759452131045,165
0.9959704604868492,0.9985103761152093,0.9975179208322449,0.9995494315839204,0.968550859079369,0.9877405326969672,0.8974830359170894,0.9476566237190567,0.9973192606211,0.9995509366876192,0.9606326427318026,0.985268620178568,0.8709484318998776,0.9309411386500707,0.9701932244631556,0.9890242799322333,0.8903575637714419,0.9412058675464291,0.9470281474826354,0.9632184923249507,166
0.993943734053906,0.9976568426415984,0.9941844103187655,0.9981841075770271,0.7729650273534874,0.889261726422402,0.7559504213540759,0.8651708697649078,0.9960321049691492,0.9988231238209726,0.778273656062133,0.9026707487513282,0.7222106876008584,0.8321128396006734,0.8147135463799526,0.9166141804948051,0.7650215178292982,0.8547834987662506,0.8758650902797234,0.9406518253847648,167
0.9914990672614408,0.9980143236027177,0.9948974952404438,0.9996464595882396,0.9467625321831229,0.9770593099580412,0.809909438052604,0.913646120847877,0.9944331974483074,0.9992222779946784,0.9286594493790851,0.9719036669398112,0.7653082478158583,0.8898488252044354,0.9468484803716833,0.9791366276519424,0.7990184349444761,0.9060661719010559,0.9167615628612764,0.9465862027699763,168
0.9942888302200534,0.9983981403347939,0.9967011508470602,0.999507090550013,0.9483826770750192,0.9814055616922512,0.8147412564184685,0.9228777469461742,0.9965989862968525,0.9993360493815766,0.9340691044523344,0.9763471667883602,0.7757734677670125,0.8981629253321622,0.9501347176151911,0.9826737460637375,0.8062437633675825,0.9140984726065395,0.9162322805599517,0.9547181925850851,169
0.9877557290097779,0.9976838343595266,0.9929290381855869,0.9992025330595089,0.918785111714831,0.9758498506431612,0.6935770923221661,0.9079256282711121,0.9921831281273666,0.9992076589167862,0.8879136796672618,0.9706009024185611,0.6224014966924127,0.8809180819945415,0.9175147661134111,0.9779534468663943,0.6736233818021253,0.8982049763899868,0.856190226352181,0.9392021079367805,170
0.9955299030242195,0.9987927572914361,0.9977385106828812,0.9996228751370956,0.9669958506180473,0.991263338616992,0.8780799004182205,0.9568810609317272,0.9973807936571414,0.9995439190553904,0.9553653342700037,0.9887103771050053,0.847200737098212,0.9420172280717133,0.9673612386849286,0.9918235269286785,0.8703494653316326,0.9509412635626604,0.9453696938416074,0.9728077906609309,171
0.9956340740969055,0.998892785829638,0.9972643222487431,0.999666995063162,0.9659394264333881,0.9900823378017811,0.8938448544576373,0.9614656595688673,0.9972556766770341,0.999556786445923,0.956129208223372,0.9875511087647073,0.8667170707258592,0.9490614439308611,0.9674806733145999,0.9909888431922932,0.8876060931988464,0.9573016354245953,0.9524421045353244,0.9752235684812796,172
0.9966631908623244,0.9986371345709747,0.998030255794965,0.9996133295586122,0.9724190038344959,0.9901140374774827,0.9202038087993625,0.9500683933424724,0.9979618702303683,0.9995928214998462,0.9667688264191946,0.988417416122009,0.8997076979466337,0.9330077590416951,0.9748266045983747,0.9914081289075971,0.9152145184453816,0.94227816760263,0.9587773732832838,0.9673754215126639,173
0.9965102310910804,0.998352969217727,0.9979539523018671,0.9995095165236112,0.9677266699730418,0.9896841796771846,0.8984422844315941,0.9189826078115714,0.9981452912916147,0.9995376036273363,0.9631425949818212,0.988703920657462,0.8719651183658679,0.8931340148075498,0.9716497058417594,0.9914812883949057,0.8903400886882522,0.9058677454405639,0.9359476631826762,0.9584391860664885,174
0.9945115463662488,0.9983635723175079,0.9964905430583878,0.9995570572712043,0.9584712160593687,0.9798287006993391,0.8720740711131352,0.9091082565806295,0.9965788331063217,0.9993293285676855,0.9499087512022065,0.9764167558656399,0.8411453242441699,0.8865798821289431,0.9617322105971032,0.9821093467633295,0.8641427841041797,0.9039721383685814,0.932465674236461,0.9596389247758896,175
0.9897725754246294,0.9972104308947688,0.9923090174186965,0.9993667762869795,0.9058980188120139,0.9400798291338736,0.7386953291064556,0.7918292301232851,0.9929575373450467,0.9986436826823254,0.8871016712765107,0.9314597894921702,0.691165483317526,0.7505632133315517,0.9123902671693691,0.946253366823493,0.7329423609214566,0.784251397294438,0.8932214800092513,0.9164318593958641,176
0.9929099526650598,0.9981482211433895,0.994899972399011,0.9994509994634957,0.936347307143222,0.9668492446891128,0.8038408497840048,0.8735400398353041,0.9952576636621452,0.9993275861940872,0.9259833187462667,0.9641696819202832,0.7663292801404615,0.8479051365481374,0.9420504989816503,0.9716482099946766,0.7960187755496815,0.8656242201195206,0.9018182702342769,0.9174127763725122,177
0.9913674516638945,0.9974399478537848,0.994439769320733,0.9994179633501344,0.9534016820813371,0.9706448963696205,0.8484313727503173,0.8973569083346269,0.9944961553830982,0.9990211870796443,0.9433321813771308,0.9634279134567445,0.8104541302047802,0.8672607292463961,0.9568330728730001,0.9727410327351382,0.8372333753745553,0.8873799534572884,0.9128125846355908,0.9389711730395248,178
0.9930399605704986,0.9982718669545878,0.9959525633034451,0.9995362354565187,0.9398525715874574,0.976352260526273,0.8181515706964664,0.9017546930667278,0.9952986722447082,0.9992913198222605,0.9250255571912113,0.9698207250549004,0.7788461771685882,0.8780503866953613,0.9432377980378597,0.9775753903151531,0.8109958062912055,0.8946679587755623,0.9215189318444544,0.9439147607847775,179
0.9951267533148062,0.9990290799893232,0.9972954757472579,0.9996924275896121,0.9569146260962766,0.9931092217462112,0.8686427186008654,0.9687607742433747,0.997399245660416,0.9996372403505769,0.9475063371686091,0.9906051882185398,0.8350558168346466,0.9579682158596121,0.9601342748045236,0.9933502943741132,0.8592647839344449,0.9648239921119264,0.9288102128879528,0.9798722672790315,180
0.9926285105057053,0.9977303484386136,0.9958296344827102,0.9991543417169657,0.9420325594979049,0.9742641825070217,0.7665605073708193,0.8855168899674325,0.9956328736230796,0.9992188333858876,0.9236083199137864,0.9715857919107486,0.714388189016846,0.8555504019481438,0.9432765588022268,0.9777308821173127,0.7523715245963173,0.8743999975140854,0.8820462356263825,0.9257327232426644,181
0.9932805333322275,0.9981860666365484,0.9954464915956855,0.9994267608788261,0.9589277851720109,0.9758493828956613,0.8559130039255226,0.915166637457151,0.9955992234254857,0.9992235893339654,0.947741257351389,0.9702573636714511,0.8217912527183551,0.892049908979618,0.9604379295893712,0.9776836105582437,0.847095475000409,0.90786048683731,0.9272560686038261,0.9513412047834992,182
0.9930684391379073,0.998525863682567,0.995962659930705,0.9995437118809842,0.9571024668629025,0.9821845885320307,0.8228418587016526,0.9375108252436537,0.9956279600153631,0.999391766680673,0.9412093593178016,0.9779693628340712,0.7813216626526569,0.9203656650942877,0.95669002246908,0.9834083200544171,0.8114240896855401,0.9321100744103056,0.9157627183032607,0.9648214532206353,183
0.990845804285835,0.9984095475706635,0.9945584284718634,0.9995133700491785,0.9223841363973789,0.9825249281937636,0.7013158974179727,0.9354085893955884,0.9941839212075837,0.9993015608344131,0.899824703927788,0.9778954248134303,0.6428972992318773,0.9169392159802963,0.9243841861969461,0.9836622805094439,0.6862715372756899,0.9294545598980279,0.8531887317601371,0.962476662990297,184
0.993887474582668,0.9979135689038657,0.9961485697303922,0.9995447317873938,0.9564907945888366,0.9771990481397737,0.854243560480058,0.8913765462207858,0.9959872618805047,0.999155208779521,0.9441219389616102,0.9718601975425609,0.8197267172513956,0.8629215552201474,0.9581043175575397,0.9791774249697405,0.8461335731183535,0.8847689792297864,0.9316661656408017,0.9560355322790041,185
0.989918337844212,0.9977856480302453,0.9936481910929263,0.9992042647032918,0.9328695429168433,0.964044476502045,0.7368844636081867,0.8571735481295686,0.9938167671975947,0.9990228806128799,0.9144994730993542,0.9564505294242421,0.6831546255593096,0.8246139349187404,0.9350378171427199,0.9668317543425504,0.72248376837313,0.8473936721586393,0.8637595553048589,0.9169502902038232,186
0.9902352394938914,0.9970459119854608,0.9926083185381008,0.9992491253217486,0.9290229092834512,0.95914828453864,0.7710741031899443,0.852294405298755,0.99315677155673,0.998694099227057,0.9124409602637706,0.9467155188442212,0.7261722565870622,0.8197240014016377,0.9329852504594649,0.9604720881283713,0.7616735188934325,0.8445691644858117,0.8949349642738569,0.9206074306950555,187
0.9901858118133552,0.9972717962845982,0.9929807638823109,0.9994553951499678,0.9308719672987482,0.9473025316178193,0.7589482883626624,0.810601786152522,0.9926195393459131,0.9988288926796313,0.9115368331144543,0.9394300669424754,0.7068168741780437,0.7704098941150659,0.9332696019628397,0.9526748116491546,0.7459731419938738,0.8019370935406164,0.8854934269725734,0.9238592981703506,188
0.991050059380481,0.9979654292264983,0.9930400886703593,0.9995078102245687,0.9255451863488109,0.9460434354697728,0.8063531485852695,0.8419012593479482,0.9932934757986355,0.9989372963718023,0.9124982210352998,0.9395025256595442,0.7706960856952648,0.8104901570766668,0.9309508228900532,0.9526036864856089,0.8017756252973912,0.8377644173997835,0.920166403894801,0.9456780826951979,189
0.9894045009039634,0.9978952150052344,0.9937259271108045,0.9992818288422297,0.9272175198906538,0.9601711275153588,0.7421879046248373,0.8533698466116312,0.9931882884501536,0.9992255736101223,0.905901887954044,0.9601543127855737,0.6819504814597839,0.825090547353893,0.9297509085998928,0.9678707718030227,0.7252143932065368,0.8454360011918143,0.8662986539799563,0.9066055491712075,190
0.9915655933563114,0.9981365546129719,0.9934695690178077,0.9995242657449002,0.9382170639101776,0.9522349195434897,0.7776620319200684,0.8718762742577312,0.9937990613350449,0.9992814304482399,0.9226682385676719,0.9502955989256011,0.7366076945551767,0.8481649670446516,0.9410935899973837,0.9594208570818455,0.7699227929296782,0.8662720527332564,0.9000219224093201,0.9161245460297669,191
0.9919522539112985,0.9981404956486547,0.9946011887765468,0.9994215092317851,0.9314632027339208,0.9784630446156907,0.7768120072003227,0.8861851564082204,0.9946014355960638,0.9993586038176814,0.9141714050621942,0.9743642871882257,0.7336456802184047,0.8601740283450571,0.934751712582166,0.9806318814008027,0.769269472412183,0.8769829769674525,0.90467454152213,0.9223823698095752,192
0.9915785897246719,0.9972546002163674,0.9947225298718327,0.9992238786160565,0.9430714276662815,0.9768467162116792,0.7938736883036163,0.8587125502340212,0.9948277376498713,0.9992309091085465,0.9293443784180654,0.974224370566043,0.7473366409051533,0.8238845205630495,0.9461219160137901,0.9802661020168473,0.7808679819994072,0.8441243122891081,0.887680469571656,0.9183205770524746,193
0.9927226421935387,0.9974548078557658,0.9954470508323633,0.9993502947002485,0.9349901820551579,0.9714314577667476,0.7841703153059044,0.8532186581719131,0.9951619206374895,0.9990624158169885,0.9200382083531384,0.9670594902663681,0.7399982549460132,0.8156293621687939,0.9387028651293138,0.9749187025398385,0.7742058612619758,0.838315242870013,0.8948804231475344,0.9245324587171929,194
0.9896918682365421,0.9978639744165229,0.9930427417123074,0.9992882228724286,0.9193153794429718,0.9664586697421164,0.7641765752895734,0.868274889379606,0.993582808829295,0.998978744862802,0.9036883966471295,0.9580487746545635,0.7120930838975369,0.8308217510494642,0.9255916918071763,0.9688877484186379,0.7517599917839908,0.8553403988287586,0.8792841496845732,0.925624120659252,195
0.9891764599009434,0.9975178451474358,0.9924613955501007,0.9993146836281064,0.889018848867631,0.9489804526623041,0.6922007587132604,0.8610809537595697,0.9920628846419695,0.9987935897416249,0.8655345482917324,0.9410566966025825,0.6378529899237898,0.8359687173247463,0.8955324008416622,0.9542192525236762,0.6850873291331522,0.8572797693852612,0.8768419995890016,0.9205065282287891,196
0.9933593498318525,0.9975718432484202,0.9958383312925951,0.9993055374856842,0.9567416228245249,0.9693457743915218,0.8439571892828395,0.8905952643161779,0.9953693155097811,0.9990612264335442,0.9456768798307721,0.9629052215400409,0.8055846255039718,0.8602080411689496,0.9588616251310877,0.9721122062599055,0.8328487648496139,0.8805880234651398,0.9147133918576081,0.9388085051923772,197
0.9933628355531,0.9977368277129058,0.9960513271037144,0.9994699832154429,0.9572595039562107,0.9689916834545785,0.8499165507146109,0.8941408754340299,0.9956153213614711,0.999163985227606,0.9416850248187025,0.9640452992343509,0.8103135696006174,0.8659930991418963,0.9575265091105352,0.9724314729037252,0.8399679418951373,0.8847215961296284,0.9329367931539165,0.9470836819513927,198
0.9890523497905992,0.9976946352159217,0.992640051559387,0.9994351466858584,0.9231043737185416,0.9453207615536412,0.7204845114261075,0.8173521406193666,0.992828178726637,0.9989412563273391,0.9054647488719354,0.9386691664413823,0.6695790617336915,0.7842156692045588,0.9266894074986333,0.9514467624673548,0.7086688117317954,0.8097657769031287,0.8608619971447686,0.8984801897288167,199
0.9886283725667016,0.9975251593659737,0.9923944359265565,0.9992961916378051,0.9165193117122895,0.9682311549928234,0.738534409150891,0.8795223234796499,0.9916767046598494,0.9990278804642218,0.8903726389571472,0.9619660371470173,0.6764198393904015,0.8498872133091884,0.9180307627690947,0.9708022368829226,0.7230897423449352,0.8696126114567255,0.8833893786780005,0.9257736730314743,200
0.9867198252866386,0.998021749023032,0.9912459671641902,0.9990595741547209,0.8618185462924521,0.9427079049411724,0.6163931945425508,0.827917146430119,0.9905357974472965,0.9989315068739886,0.8311652994616097,0.9355045919775663,0.5514868488958145,0.7992945173842232,0.8696819540417728,0.9487190148812679,0.6073329250032106,0.8242358483817749,0.8428969206641209,0.9162351731114308,201
0.9897577329214674,0.9976734900425024,0.992749994117132,0.9994557012664679,0.907128158685801,0.9478315735587762,0.7528186949081533,0.8622938251529597,0.9925967836690429,0.9987255328277452,0.8846064783746054,0.93921265016603,0.7062238901338468,0.8314551667562476,0.9117690915974077,0.9518990317537516,0.7484648557815492,0.8558007823597198,0.9164977030119578,0.9315232968022329,202
0.9889932600180984,0.9973069663162103,0.9923423975344775,0.9994759707991258,0.9171858612048452,0.9620469692823117,0.7312509742927178,0.8681267782206564,0.9922257962688847,0.998875417762909,0.8907590594550856,0.9525782188468026,0.6733377289250416,0.8353952681839902,0.9189642746392466,0.9638263822490347,0.7192806364959676,0.858985570447041,0.8913524365822174,0.9238889976436607,203
0.997145154513958,0.9991919626853543,0.9985075985880393,0.9997384136302739,0.979835753859411,0.9957405346143379,0.9205157623742954,0.9665856260015164,0.99849467942139,0.9996902852219137,0.9734454730363875,0.9939730700798446,0.8974062192472767,0.9565810322471133,0.9804200734262597,0.99592118261983,0.9130010623492608,0.9633756549408965,0.9555741986333117,0.9801591481394897,204
0.9968330939521224,0.9987736428758638,0.9982291117474353,0.999615999104981,0.9727997616738201,0.9923836899197861,0.9165572741770655,0.9571054847911966,0.9983142115002935,0.999659300752489,0.9674026972992741,0.9908873623009705,0.8930370581346134,0.9426581294719821,0.97536517161081,0.9934072128267628,0.9093117048266535,0.9508255664514872,0.9505453062988307,0.9684453984819344,205
0.9951006919650662,0.9976828196245233,0.997473391067363,0.9991123088947478,0.9548912452815622,0.9865140543607708,0.8417745341182072,0.8729796295175682,0.9973229021189753,0.999310427986518,0.9433421452021716,0.982202831832346,0.8008357686233126,0.8435230656225507,0.9574674524314788,0.9873192119278279,0.8291000246889978,0.8617131493483619,0.9103423271899472,0.9317205360206418,206
0.9911192896088852,0.9984853991455718,0.9951443765430352,0.999338070320018,0.9431740897671921,0.9833851994219811,0.7691832757801638,0.9353443785629942,0.9951078204382182,0.9994859986097651,0.9265207487324869,0.981871162417675,0.714997659905291,0.9179661421902844,0.9455682368011625,0.9857036018256635,0.752557821906619,0.92862955770183,0.8707870408008385,0.9507324125477721,207
0.991436713542858,0.9980424972184494,0.9943890084226049,0.9994044953568065,0.9435225920813033,0.9759341850994344,0.7905750306582692,0.8917313541023704,0.9945788309253295,0.9993470625991616,0.9293757598068381,0.9727157235050988,0.7453568309726807,0.865161394760068,0.9467936071887013,0.9788713778662129,0.7786670541894363,0.8817822179113706,0.8902968895352751,0.9214778476346279,208
0.9947126415267527,0.9981531720912293,0.9965734292107614,0.9994033172878553,0.9671511054884167,0.9816901528437502,0.8839332103007966,0.9220995078088865,0.9970858548322691,0.9994733772338416,0.9596167182138904,0.9788460004243524,0.8510798555446939,0.8999531305048728,0.9695898119207519,0.9835501971289519,0.8727745486524731,0.9130356649523049,0.927984507847671,0.9472410366864603,209
0.9896686728660866,0.9979305082174812,0.993451368122671,0.9993684081899609,0.9056997953426245,0.9753517110409097,0.7007603290420682,0.8980320099767646,0.9931260703211374,0.9991682073555354,0.883485601011583,0.9691157013429457,0.6443863125854464,0.8715977394972233,0.910217439740673,0.9769646068894621,0.6892390228494558,0.8899070715413591,0.8650301653505748,0.9368385822626877,210
0.9944280194468226,0.9979954858893147,0.9960685554842511,0.9994774575657129,0.9551401898273542,0.9734770153958019,0.8488035817166819,0.8788410380069482,0.9963883485786976,0.9992651783724554,0.9449197115936155,0.9699118898899028,0.8161366101923002,0.8489602204808157,0.9581628889581568,0.9769206196239093,0.841275306237396,0.8674622731282242,0.9250024230827162,0.943140972829167,211
0.9953581413460219,0.9982438441230397,0.9967444185598706,0.999362422326253,0.9648762189867175,0.9825254134567609,0.8993251227748863,0.924708078148616,0.9971531095058471,0.9993376594348704,0.9588548388422042,0.9787731565125051,0.8737644269209703,0.9038237900665965,0.9684806713785367,0.9841752986112036,0.8927241603852859,0.9195885688219145,0.9436268781659514,0.9595878228780389,212
0.9929491923532194,0.997904387618623,0.9958448574764465,0.9995045134393389,0.9421262374470235,0.9714840431505765,0.8177679384978601,0.8938550395393944,0.9954002641327078,0.9990693895946681,0.9257547545198072,0.9636688382550612,0.7748019990322341,0.8660465903695695,0.944365650969978,0.973018660419721,0.8078142458001653,0.8862392822211359,0.9196229075960762,0.9490270472032278,213
0.9910723228167546,0.998460656391382,0.9949792352364786,0.9995363576460499,0.9241413002292104,0.9760367643994696,0.7982704892088673,0.9263300880604116,0.9939982666270519,0.9993273134513837,0.900992183967571,0.9699298873486356,0.7500626344682836,0.9067163371191641,0.926393811383694,0.9773712255510874,0.7897963669283838,0.9210494426420884,0.9275193648118438,0.9627338656358086,214
0.9957799600186737,0.9983488587457702,0.9975031091177379,0.9996302094363025,0.9639368250750238,0.9859199981218272,0.8796613773556298,0.9492543850643559,0.9971820173566983,0.9994577070972268,0.9525183071761597,0.9831649897435372,0.8507600122271214,0.9338068677104769,0.9647450894829138,0.987281141843275,0.8734828430424978,0.9420130529428782,0.9498483764471672,0.9660095280817029,215
0.9952214922657265,0.9982272874102928,0.9974233840754667,0.999575949389923,0.9572555737116576,0.9698984257341671,0.8444827192915104,0.8897553800573454,0.9968154966472622,0.9992075280820412,0.9443326804150886,0.9636902819683436,0.8101211399683232,0.8644500641145304,0.958232262069616,0.9722832611780234,0.8368156198677486,0.8829799717340858,0.9314698847472909,0.941066062565937,216
0.9918116493823574,0.9985839219666433,0.9941347529132312,0.9995904921479736,0.9426261982457825,0.9754069697721452,0.83033668889292,0.9144536440000502,0.9946796841299056,0.9992411307994431,0.9292930500115784,0.9694864627461568,0.7919125451905052,0.8922362236441461,0.9466399288778102,0.9769342456593667,0.8222978814780628,0.9088711347036946,0.9219886319621238,0.955665497086586,217
0.9941142543489004,0.9983768495380293,0.9963441096266166,0.9996159704976457,0.9576119484397361,0.9856918218049222,0.8483418590379691,0.9471056608919909,0.996124004121166,0.9995152715013759,0.9444168431631683,0.9834971536833733,0.8112322877122491,0.9292794576290223,0.9587904227654435,0.987284774314017,0.838880467691335,0.9399419101945458,0.9291371378114688,0.9604417358497466,218
0.9883322386479338,0.9977937957830932,0.9956633076026895,0.9992471321941957,0.8763326050242396,0.9819419977710594,0.6387550725606722,0.9053554835258298,0.9934958227051517,0.9993426155926289,0.8314062646089638,0.9781280539113172,0.5514589750163204,0.8792519145265997,0.8743832757948895,0.9836821763328204,0.6146058162469725,0.8946030374309382,0.8482978187030148,0.9292063744084907,219
0.9930360398217245,0.9981229331013518,0.9977241855573606,0.9995606432096574,0.8615810046227903,0.9682782993314119,0.6129279271267011,0.9077303921533745,0.9952145100134436,0.999029588325997,0.8207668082171096,0.9597717911825211,0.5453975119585366,0.8853194682003418,0.8626566324201093,0.9697830244646822,0.6020690396283921,0.9044325349419678,0.8686529002243849,0.9577756562306522,220
0.9952611642665399,0.998371007752059,0.9970271279720204,0.9996225167902597,0.962296215442229,0.9824888124028883,0.8946393039726267,0.9325977375392114,0.9967460043493439,0.9993807511228464,0.952607340220029,0.979444617514027,0.8670407457491376,0.9073452156303831,0.9647795636915669,0.9845479740863946,0.8887949265409318,0.9211409703905922,0.9539379273803795,0.9628108873024154,221
0.9964909895087655,0.9988914504076222,0.9973954264744495,0.9996600001754126,0.9767370269804133,0.9841180975190509,0.9262417836277,0.9529638069733376,0.99777475662182,0.9995335844469677,0.9716842586324049,0.9805260587354048,0.906864580573111,0.9392690502547183,0.9784804700989245,0.9854590593357396,0.9208833823558773,0.9491293833725019,0.9591673782933393,0.9748423161865708,222
0.9935998778984282,0.9980581926506027,0.9961452971180488,0.9992029190112225,0.9515702018818072,0.978276533214085,0.8316108186565637,0.915099674091519,0.9964826322479952,0.9994444295710262,0.9408069416592592,0.9765570845209525,0.788962478980229,0.891817223803627,0.9548863692116676,0.9816480180633647,0.818080186673455,0.9057138085816493,0.901896756391306,0.9329570337014828,223
0.9946177774218447,0.9974702465283644,0.9968855951589188,0.9994823895922784,0.9567280911445643,0.978264993332475,0.8406500509002698,0.879583040664183,0.9966859139433001,0.999233617614709,0.9432779893953979,0.9727661378554796,0.8023125798840508,0.8461996474946322,0.9579456616195975,0.9797858257854118,0.8309649204635405,0.8653519020135243,0.9244692251291418,0.9376826046759198,224
0.9924301898211978,0.9979787653217331,0.9948168385763375,0.9993649302585395,0.9413797107810955,0.9763656939343736,0.8239102556659753,0.9205368086257174,0.9949333980050391,0.9994448144282455,0.9297638365253252,0.9756100098843298,0.7870126107275935,0.897627957269622,0.9456459340570387,0.9806465443586009,0.8163298413040382,0.9111108705540677,0.9160738679360226,0.935641283607106,225
0.995186093631306,0.9983335204011563,0.997064904057375,0.999504671300874,0.9692026011818632,0.9865204126047897,0.8753567470865379,0.9360208477141095,0.9970387542025031,0.9994835348479528,0.9604082064701946,0.9839359949694142,0.8422841958416217,0.9166745172717545,0.9704633445526355,0.988066128418848,0.8645589189521801,0.9285733848987696,0.9278798997025502,0.9526936112729781,226
0.9867690389274709,0.9980055350543814,0.991262213331117,0.9991300427771486,0.8799045752712702,0.942420244024393,0.6435721591074236,0.8513000853172442,0.991273304148762,0.9988435587982719,0.853912030743165,0.935904955022168,0.579254342413431,0.8280075310496066,0.8869625439215759,0.9497806730712546,0.631939132516354,0.8509710573538701,0.8404356934521291,0.9309843969474154,227
0.9899639326360371,0.9981162105106917,0.9921885424045942,0.999311482878878,0.926928356471165,0.9590505785505049,0.7815033113908714,0.8744953229070085,0.9936293588437479,0.9990187535277139,0.9135664327588846,0.9519358953876025,0.7393479223147179,0.8463005763096229,0.9329128743205363,0.9630058172925701,0.7736076964847772,0.8678406203687287,0.8958930362616795,0.9401475304651029,228
0.9860117078492148,0.9980068533905287,0.9905435894750528,0.9990627627184746,0.9135900645740515,0.9491925080352726,0.7273236651478571,0.8565601947106538,0.9904814224123217,0.9990547382255552,0.8940142182585924,0.9438439935491925,0.6655419111029738,0.8295608768331917,0.9191961845468324,0.9552384339502583,0.710600780075614,0.851491731444865,0.855026443317449,0.9208277012583411,229
0.9874173080295962,0.9981875345307119,0.991611491729378,0.9991818886948866,0.9058885785413524,0.960061357056706,0.7194259520809434,0.8952897338409238,0.9916050696914133,0.9990879195508044,0.8801984914866456,0.9537926524919281,0.6619150257415364,0.8724652967559989,0.909677103841925,0.9643808759897036,0.7095292327381163,0.8914376792978606,0.8882578622457639,0.9475977727622439,230
0.9922053146090315,0.9983832692233884,0.9939443647834825,0.9994579719958214,0.9611714712079305,0.9776637595037139,0.8748357001534318,0.9200708812204078,0.994982328455356,0.9992350959978081,0.9541218078155134,0.9713151847808917,0.8455551410624766,0.8981874582975559,0.9648788968029974,0.9790376523986323,0.8669956693190941,0.9140326804108807,0.9302971831532896,0.9583880724544042,231
0.9926028942987588,0.9985601060412631,0.9952338973719197,0.999489334084181,0.9433611473146125,0.9806501000932656,0.8174806425066214,0.9230498275715499,0.9950618335199906,0.9993782103909238,0.9302758227248176,0.9794257181586462,0.7791478930857991,0.9006090482045677,0.946395659956342,0.9840032692654463,0.8091065660538636,0.9137286434147919,0.9147458993992766,0.9518414028677369,232
0.989024381695712,0.997847288997194,0.9930142191199064,0.9991383995838,0.9270322226212403,0.9495376320447666,0.7493718611535082,0.8527371316514707,0.9929733006015675,0.9990767858363756,0.9067865263004082,0.9435129892754172,0.6941423031822566,0.8243299182230052,0.9297763696858097,0.9555044793545888,0.735181565612809,0.8463131140864406,0.8757230952529333,0.9134712463011848,233
0.9886233436382236,0.9984481692048872,0.992086960386437,0.9993333033141457,0.8983373107504796,0.9588222066320358,0.6797032846815215,0.8882064535121632,0.9916596553241691,0.9991614699565,0.8745055844110922,0.9532132979512129,0.6227553768063154,0.8649524140863845,0.9027284416749161,0.9634044201241455,0.6696145629306833,0.883769959476388,0.857373518341858,0.946817019410585,234
0.994945476122228,0.9986282834712463,0.9966216606676787,0.9997021517058394,0.9660958017428021,0.9816273076354126,0.9009710650482968,0.9294977244378524,0.9964218696325464,0.9994490666768892,0.9581079043841885,0.9786037640921506,0.8766354574289174,0.9090916161198043,0.9682965889465532,0.9837244877433864,0.8955362287480026,0.9218890984045187,0.9528066507277219,0.9699157289507928,235
0.9932652826075763,0.998523833705335,0.9899304424241785,0.999155290407344,0.5467413744984334,0.9735558147928591,0.6949549274831417,0.9504317799136452,0.9958746693422191,0.9995569480278634,0.5792284722300869,0.9756745857384189,0.675789485037994,0.9359873129389767,0.6268555059288297,0.9797484092510987,0.7234592637485808,0.9455581773775291,0.7880457075580549,0.9575687348025179,236
0.9970374503989624,0.9988313949961155,0.9982146024053167,0.9996918842438971,0.9777541872437028,0.9944267244027962,0.9242745167094906,0.9659833817853,0.9983323054306343,0.9997012602313037,0.9712669705487561,0.9931304608054518,0.9035228525182987,0.9533596714942593,0.9787065802399391,0.9949212989501558,0.9187390636021227,0.9603684057367944,0.9628357104206164,0.971614026817416,237
0.9976165731321558,0.999047035075944,0.9987775714918428,0.9997668897465538,0.985805563173826,0.9939997171830937,0.9425173760389646,0.9679106523261948,0.9986548904291389,0.999736858372529,0.9803518298620368,0.9926065663794088,0.925615608389725,0.9568757145270576,0.9858998293999915,0.9945787546009891,0.9374972532260571,0.963132253936328,0.9709652315472327,0.9779556459081723,238
0.9967057305150474,0.9985078172791314,0.9983899253196132,0.9995769403005695,0.9772840196956607,0.9912930624608579,0.8912570017420247,0.9242886359332968,0.9985749750438956,0.9995577970959768,0.9720251567904618,0.988295384809892,0.8620547901938691,0.9043207431754577,0.9789722040850944,0.9916593881254638,0.8802023269612033,0.9187159919510676,0.9246496557617406,0.9613826434929625,239
0.9973920408092203,0.9990482189443568,0.9988666568967457,0.9996992254289155,0.9448634972239175,0.9828168068447815,0.823253666296483,0.9250007203793735,0.9983160053898613,0.9995875849056475,0.9327247920167733,0.9791067611478708,0.7915992497349785,0.9095405212542841,0.9479755062029376,0.9839070097816798,0.8187181005698007,0.9206883491492069,0.9292542043229272,0.9587944347268474,240
0.9963063031756755,0.9990900302215452,0.9982467560252808,0.9997974641541285,0.9641149967275556,0.9778423921058289,0.8395883650073223,0.9242323584579033,0.997837520317381,0.9994425344220949,0.9524822506377942,0.971771613591524,0.8045343818250077,0.9087075994515872,0.964420078977896,0.9786548132789453,0.8297770543068631,0.9217474782159364,0.9196723705655043,0.9712521172481468,241
0.9973766144576856,0.9991131126670545,0.9986184391750039,0.9998065987855485,0.9693426332039559,0.9796853770543358,0.864983078719118,0.90496230653485,0.9983776398444361,0.9994514799558787,0.9600045063836719,0.9741345558049621,0.8397433269292855,0.8864251466311495,0.9697235203768656,0.9804661270714234,0.8596538359375052,0.8998424694434668,0.9406321796982755,0.9594110760742981,242
0.9974882765714702,0.9991424278338976,0.9986494052771235,0.9997893899253619,0.9648701004498909,0.9793941584176096,0.8554265435421358,0.9010569180450689,0.9983012382848316,0.9994560558172538,0.9553490548429598,0.9729723319391728,0.8290315506180371,0.8819935356081728,0.9657931240576498,0.9795662850792943,0.8501360288005114,0.8965154250852834,0.9361255811886909,0.9545722817150109,243
0.9965559663105649,0.9991357611082706,0.9981632821921257,0.9998254926974568,0.9669387713545433,0.9862607616398766,0.855887365515122,0.9250157833203777,0.9978313114805967,0.9995883150589318,0.9563864444583358,0.9811972364520878,0.8257549531847824,0.9095547512781772,0.9670776681073492,0.9859874198987982,0.8480403542262224,0.9207848226253508,0.932120078965295,0.9642574347459382,244
0.9983249441440316,0.9993612650716595,0.9990888356148551,0.9998447919045454,0.9748385915022356,0.985116740065319,0.8954204661393347,0.9255165681398446,0.9989399178627667,0.9995761574962106,0.9687024768077473,0.9796282814840453,0.8774287148446507,0.9107980608781631,0.9756891562000515,0.9848667945636477,0.8919944426499905,0.9224613779079905,0.9538001075476015,0.9688756917364362,245
0.9976155116599135,0.9992854843521656,0.9985757316513478,0.9998345787646381,0.970165161245928,0.9886549631483867,0.8902349762865293,0.9387315454025411,0.998390931093643,0.9996743911587342,0.963554014600888,0.9848988176452189,0.8701160518280134,0.9260410874701415,0.971666912150352,0.98866414820971,0.8861960422963975,0.9351365197065805,0.9503313308697723,0.9687849899504005,246
0.9979045063667301,0.9990648697602,0.998896332146804,0.9998299164170111,0.9699032126692408,0.9853482876318004,0.8825379109490505,0.9121022370478529,0.9986043854998016,0.999476278613912,0.9619408879215293,0.9784404853853879,0.8619451028716988,0.8939441920591616,0.9707245568317561,0.9843010997012673,0.8789845277279662,0.9075585436878816,0.9519590248309504,0.9659208505944373,247
0.9983455234253519,0.9991897194595355,0.9992884072954156,0.9998626825262784,0.9701145332939064,0.9854537564929934,0.8556464207138901,0.9131951754848401,0.9989199689254814,0.99951915192731,0.9612247462329215,0.9788625914832405,0.832801848174519,0.8959277850215084,0.9701489535093537,0.9845306504837087,0.8513898155333091,0.9088724786240807,0.9385175355786792,0.9612644154505289,248
0.9971367485203768,0.9991051728145396,0.9982410844524624,0.9996452983413273,0.9514909594134476,0.9769209645746784,0.8201306978788745,0.8777243431798492,0.998169637861821,0.9993963989074133,0.9425974293296677,0.9674075458851292,0.7901162050707833,0.8650659625152125,0.9546415080740905,0.9759659200923841,0.8140078478523473,0.8777501500614567,0.9120205333616554,0.9521800527875428,249
0.996628873309008,0.9982095880680287,0.9981869326180514,0.9996150522774678,0.9689388746550666,0.9848527866872224,0.8649525002656409,0.9124193620610775,0.9979654402346928,0.9995261421116757,0.9594714819330148,0.9828920967412091,0.8348123066906448,0.8896035933095028,0.9697055152764964,0.9869234769550469,0.8567640107827332,0.9026062625780419,0.9314543259545467,0.945360876027806,250
0.997113526915384,0.9987307330024374,0.9986912242080911,0.9996739652206547,0.9727784712162316,0.9898809096590914,0.8777385257760771,0.9100173207997543,0.9984614750732222,0.9995758514010675,0.9639252695504722,0.988688844464793,0.8487341394110962,0.8903411154867988,0.9731932245931462,0.9914252223579745,0.8691380186521391,0.9061049170349037,0.9356355638465301,0.9624865254202453,251
0.9970350689421814,0.9988527915379465,0.9980515594516693,0.9996760789378469,0.933156800747947,0.993425475004475,0.8815787503274004,0.9561428444081099,0.9978937620243914,0.9996319879613469,0.926359632859947,0.9909986542743636,0.8608255182983674,0.9407165836805147,0.9410361808916126,0.9936506655100624,0.8819327334591713,0.9493629825178834,0.9571763548633276,0.9706489238632798,252
0.9923059603285065,0.9976482893843408,0.9948671908055349,0.9990395659717545,0.8966994302603432,0.9341021815482641,0.7595723351117718,0.8021810602545751,0.9955927542041406,0.9985448501018248,0.8868642206152272,0.9217933094128664,0.7122745699745582,0.7547681786049005,0.9087303906985494,0.9396443279679965,0.7486718430145185,0.7883369514279917,0.865263416681251,0.9034604677092628,253
0.9873184512417248,0.9979625891751376,0.9909693831065615,0.9990157301546513,0.9146239229812703,0.9395898915990321,0.715045409625035,0.7754504211739655,0.9908741212919963,0.9987555167913214,0.8940502597632652,0.9164651043032467,0.6595193112932912,0.738545434828021,0.9194864447713448,0.938703051361443,0.7028617725292013,0.7683665895629281,0.862451260973801,0.8924151543889352,254
0.9357075086472438,0.9893732902537083,0.890436169576305,0.9867901970243028,0.08052693913646905,0.6034919971018081,0.4034553494550465,0.7916081528571871,0.9822794339706701,0.9980397938169852,0.08112501041701924,0.670513775122792,0.4232826852657578,0.782754281661137,0.11125529102600346,0.7035291201284744,0.49901535502180344,0.8087281092891039,0.20697205141561964,0.6471756884724427,255
0.9846170837522444,0.9982283243441479,0.9903468912985014,0.9992485995399285,0.9004373942776661,0.9564398318576358,0.6511850652239296,0.8427642053504204,0.9903745103246182,0.9991763709647488,0.8745703941871508,0.9512549829510505,0.5741177745332433,0.8157900703209605,0.9040610064318999,0.9613909131937882,0.6261085096455435,0.8369585568426675,0.8014984782657812,0.9125767070938559,256
0.9476526483785346,0.9969741127624492,0.91724423653557,0.9972392117674476,0.12613333668484064,0.9014902417743649,0.3943962443016211,0.8599429564661968,0.9847782779224399,0.9989470189307433,0.16760519799399964,0.9101681734776162,0.3904194629278458,0.8322661581924915,0.2103800490960411,0.924204433595786,0.4571965416330242,0.8542842557692332,0.306519684244455,0.8838919528393123,257
0.9844379607722585,0.9981314105362584,0.9851008754840538,0.9992042689383569,0.6972649347641955,0.9755263849411004,0.6463214228697987,0.8882091557362063,0.9926588474321787,0.9992796579384098,0.7322371964952653,0.9725162263513946,0.5868825757436362,0.8611247081901974,0.7648463722117711,0.9786066563141408,0.6315854469141633,0.878319411413501,0.6627747705981467,0.9198966202280112,258
0.9907930650744486,0.9980584525446871,0.9938796577360229,0.9992299132909404,0.9339061094750001,0.9595079218589124,0.742979963737537,0.8533288730973271,0.9937441074913372,0.9992511466051993,0.9148107168225382,0.9543319676440741,0.690777351707902,0.8223333274536373,0.9351979612178849,0.9642316590254856,0.7293253120958125,0.8440065408302977,0.8736902432766835,0.9168113484533033,259
0.9876513825901605,0.9978055119903324,0.9910597583989994,0.9989477115589226,0.8763267766462534,0.9384540618004826,0.6241213646965722,0.8138295729048911,0.9908246993587256,0.998789321139548,0.8506302865570488,0.9330347763502052,0.5638735593163222,0.7766835051231797,0.8818886498817317,0.946942580744015,0.6123680975429973,0.8043385799816379,0.8318782896979932,0.9036071457129274,260
0.9963530567470037,0.9986637693742476,0.9977894496438339,0.9996300229648247,0.9714550470172926,0.9852992545296198,0.9086538025638593,0.9369260469183164,0.9978937541601275,0.9994912893875183,0.9641532611846868,0.9828694138145038,0.8857582996658997,0.9183337867828797,0.9730592620237823,0.987077637340379,0.902949839627032,0.9300802331584684,0.9556013032498404,0.9658283496473051,261
0.9966478986876781,0.9990449344539049,0.9975703384020576,0.9997703768777726,0.9265670698638586,0.9877078522858758,0.8829370908759056,0.9484697286045637,0.9975146186305042,0.9994980390665633,0.9207073236016483,0.9814059423787883,0.8611583742243186,0.9350705353161491,0.937668785832514,0.9870367647042297,0.8848576906359389,0.9455749568646122,0.9562996416185544,0.9786017709387294,262
0.9960336733250532,0.9991637478558791,0.9978031401511284,0.9998136997763647,0.9647172592511583,0.9909409664340355,0.8822570046581428,0.9617548447122889,0.9974802033058151,0.9996358751847572,0.9530238942900298,0.986957185650467,0.852540605957799,0.9505924821203984,0.9654673626209229,0.9906280902318084,0.875529102347108,0.9584688543256301,0.9505616466102454,0.9811159329834478,263
0.9911123853630187,0.9988504452070485,0.9958564104911993,0.9996853913638539,0.8111859020362643,0.9897175273920669,0.6807723708038284,0.9561620966732944,0.9949142160895289,0.9995698551649204,0.7850059148451466,0.9851463864596154,0.6128137388787956,0.9423059838085854,0.826617478423007,0.9894761302792048,0.6677041213052156,0.9514835807716229,0.8589018303266074,0.975644489147221,264
0.9981500242631065,0.9994547784149617,0.9993907305701076,0.9998570555687288,0.9453547256295018,0.9863982020967074,0.8148682057552916,0.9419374250204365,0.9986271677751344,0.9997114347281533,0.9316944347755943,0.9831644340539418,0.7868113289613934,0.9314491809615492,0.9466923174634516,0.9869447557676637,0.8123461068525089,0.9397046275081731,0.9387295433893,0.9732303144962675,265
0.9973668592876749,0.9991741680046562,0.9994809478927509,0.9998532742625061,0.9288858732058921,0.9819206331426195,0.726153998259756,0.8994277081280125,0.9980316426742815,0.9995509247033078,0.9063164241025314,0.9759104941320502,0.6835580395109094,0.882298710592408,0.9284489398640983,0.9816853797232714,0.7210168418157805,0.8955394533257397,0.9074040195956549,0.9543335042868605,266
0.996969271426641,0.9989403078703777,0.998991727196264,0.9998279909359954,0.9252278876285968,0.9766849344258968,0.7191092157425802,0.8790979027257539,0.9982684907657954,0.9995003501066831,0.9084402737675518,0.971066940093369,0.6759697235154486,0.8587280420484978,0.9278390769190227,0.9774656244795403,0.7103702219736009,0.873784356998882,0.8735058093909087,0.936456468906237,267
0.9973587441688002,0.9987003287652928,0.9993320487576272,0.999810775890791,0.9276197083788075,0.971050799455093,0.6873507016543766,0.8177461162229214,0.998216994025806,0.999239743309176,0.9069284837347301,0.960387264639045,0.6444683393569643,0.788563205466494,0.9277083856727776,0.9700129261331943,0.6809803356518338,0.8105381963538454,0.8751640149455983,0.9193774736006908,268
0.9973459918199172,0.9991741053537425,0.9993281163966871,0.9999081758993076,0.9419196719456487,0.9796502991082723,0.7079716693770182,0.8428817809017956,0.9982804537721615,0.9995194021751316,0.9217457598106258,0.9720219493071505,0.6653565414341173,0.8218749597472979,0.9400625011823764,0.9786393262736452,0.6994865526130977,0.838297070843612,0.8768428966521519,0.9379246570274399,269
0.9974756725187954,0.9990249615470148,0.9994483039197026,0.9998414776791772,0.9165995881466655,0.9783606461883039,0.639339212121889,0.8299438799527482,0.9982060930033132,0.9994463205160149,0.894307646040894,0.9700857244654267,0.5951904751216467,0.8068352052763105,0.9168485370985318,0.9772631627022618,0.6336064249826459,0.8249837430091903,0.8561581123233678,0.917517468516774,270
0.9973734345769916,0.9988391832443416,0.9994456199272361,0.9998620401009674,0.9352620500213953,0.9735541599662402,0.7279375675817636,0.814128283000468,0.9981985833076654,0.999338751180379,0.9140885414460689,0.96343772921405,0.6856937555705853,0.7876099726523593,0.9343183609798486,0.9722317856055384,0.7213901076045175,0.8081699692026812,0.8998856939548068,0.9397763955198376,271
0.9974067343085267,0.9987483674416053,0.9988011773389434,0.9998129988034652,0.9449206761124845,0.9870783790707752,0.8456419070388841,0.9553857008477716,0.9984195467799458,0.9992724975427961,0.9345495170725907,0.9822594521996258,0.8155697822662079,0.9418432694312289,0.9488272908736827,0.9872080760805461,0.8403814666342978,0.9517076955020612,0.9338865128303491,0.9795492550436845,272
0.996149452711888,0.9985855028467497,0.998372502386749,0.9997681850373075,0.9080625488648731,0.9513045388121529,0.709113800782014,0.8036391615356017,0.9976184944428306,0.9989542449708242,0.8904061399963148,0.9381409999918454,0.6633002735733114,0.7697877055168946,0.9134145627239711,0.9522825085564779,0.7017717341274307,0.7969367280853543,0.8747033127660591,0.9201915422169835,273
0.9969427223481071,0.9989807411774102,0.9991263012185494,0.9998584318197808,0.9564624651908805,0.9618756284795609,0.8221890996019882,0.8640069377244564,0.9982190818541923,0.9991795590087814,0.9396692992125322,0.9497238467043806,0.7834991981338709,0.8391221020607716,0.9555603231793847,0.9612327127555098,0.8134291793574827,0.8607319808388539,0.9287012278107712,0.9583129452458553,274
0.9973923692483577,0.9991792034709075,0.9982771230481291,0.9995983992938721,0.9457378954951647,0.9863703753805712,0.8965965454935004,0.9207836802753234,0.9979971014029116,0.9994296787004006,0.9387977975765475,0.9813069097000161,0.8780477870132112,0.9051115981402468,0.951852590435917,0.9865851841630207,0.8971698516089206,0.9184133969131631,0.9649692796004637,0.9788532522944332,275
0.9970218738538121,0.9986922193686778,0.9983104019414684,0.9996491140708511,0.9811613492369573,0.9893280949774146,0.9155552778255076,0.9472476278103693,0.9983343271542465,0.9995940520963229,0.97474924030135,0.9881511043351932,0.892757934764492,0.9288017192314619,0.9813702557610733,0.991009588832574,0.90818349752263,0.938630195321578,0.9530563794662632,0.9625710564688232,276
0.9908263461037969,0.9980735307089641,0.9931354757491305,0.9993714048492063,0.9007909517541884,0.9530923608081208,0.7594131081431172,0.858587094581757,0.9928927041496232,0.998871986415214,0.8842681993224417,0.94550552667292,0.7202172327279602,0.826247411959521,0.9085137576778548,0.9581367235864038,0.7576921354816574,0.8507775326089387,0.9125509295963616,0.9323678498658093,277
0.98094998042388,0.9970129842671905,0.9859966017901632,0.9984636509147163,0.8234805330009883,0.9532024251671689,0.6684851181545677,0.8558795709262988,0.9924569329696277,0.9989048403535387,0.8523649748195554,0.9409964555928301,0.5777212404751534,0.8260773663491658,0.8688880617165926,0.9529006473288372,0.6198716395240396,0.8476635671758176,0.6005632404315671,0.9366944380179422,278
0.9913386764263713,0.9980806421147671,0.9940621782922844,0.9995958766636035,0.8973740517405386,0.9596019683465357,0.7171810543175526,0.8692708576065519,0.993406454002586,0.9989854561689089,0.8765007491394258,0.9460904247876202,0.6713121271295582,0.8420325756286315,0.9039535542997442,0.9598642501691402,0.7129952963214334,0.8647644069533464,0.8951537110227291,0.9419262515893645,279
0.9917612481799178,0.9984636190584306,0.9929359907776155,0.9996453976066366,0.8245049783644688,0.9639546194847427,0.728645451301798,0.8877662463515769,0.9933638714802732,0.9990701599615839,0.8137183620584533,0.9566562109203515,0.6963704942426947,0.8662381470291997,0.8466365432628741,0.9662194997540354,0.7372729591102762,0.8840250021749301,0.9171940854160792,0.9524288577219415,280
0.9909457263963539,0.998368685717956,0.9935490126511017,0.9994758653392268,0.905315767443933,0.9753177843174823,0.6498063400186302,0.846802780095723,0.9939080444054325,0.9993210618325635,0.8873561872678359,0.9721334776049002,0.5992164648098985,0.8201391186205118,0.9114692488054501,0.9786243643351408,0.6405546208083854,0.8393536468431694,0.828040161518937,0.915671933032091,281
0.9900764599659526,0.9982826747848549,0.99432292025403,0.9993002336202153,0.9128263640965765,0.9721848884071085,0.7052011708379601,0.874699246083594,0.9935981182614231,0.9993587804288546,0.8896272060432286,0.9680725370046172,0.6471498371191408,0.8492013219784597,0.9162056670512904,0.9749528626275475,0.6924388424647988,0.8661873621260153,0.8642473257527419,0.9107900013394851,282
0.9917436711212477,0.9979755038328381,0.9945604323825106,0.999407706002516,0.9296672641871454,0.9705832217388126,0.7274007763310764,0.8590161953388186,0.9942856203780353,0.9992645624599141,0.9134888151269369,0.9663434851218254,0.6838895335038089,0.8285534815869192,0.9335298954417741,0.9738265977906354,0.7196442148727633,0.8480311301994367,0.8711206795094029,0.9021050797527177,283
0.9943576781963207,0.9985069673057435,0.9957236068338103,0.9995701889007667,0.9293737486878132,0.9678370194599799,0.8058407868350679,0.8762979189222918,0.9959429237371941,0.9992855961593781,0.9193108386757038,0.9607819779473292,0.7748009931991432,0.853875405179836,0.9356223345557064,0.9695651268876283,0.8031146028957764,0.8720817662864033,0.9166778724199832,0.9358394613551327,284
0.9925416450632827,0.998414595692495,0.995170337366089,0.9992449329394776,0.9040551765237294,0.9774677134139852,0.7121882610622003,0.8982713782611559,0.9950239131638504,0.9994809352765442,0.8856950323094546,0.9762436737408611,0.6618133635357016,0.8745021769930074,0.9109111875818209,0.9811861701935332,0.7035985983204093,0.8887611002354308,0.8676152622041939,0.9240916375127158,285
0.990535783516104,0.9983050516108002,0.993230422765102,0.9993032152454461,0.8716223384760887,0.9542766527872468,0.7048610260251352,0.8543563198998505,0.9929910035257427,0.9991020918547812,0.8509680044877208,0.9474770736156423,0.6561556396769668,0.8250630337949443,0.8834191568507012,0.9586653415345178,0.7033754968754207,0.8474026675512715,0.892687926420559,0.9243936967660933,286
0.9895619800294664,0.998094111363218,0.9923106155084755,0.9990087059794964,0.881977625448729,0.9519637806058562,0.6369622671498484,0.8764844163062792,0.9922097287343769,0.9991257489115432,0.8577203886439511,0.9479514151541869,0.5805122758671998,0.8523748497379847,0.888742910924409,0.9585108816194854,0.6284729629200975,0.8723338562355515,0.8422451902813043,0.930948187048439,287
0.9871110117334941,0.9984531981993974,0.9913572441415609,0.9993194737192074,0.8754450152108549,0.9563868329581352,0.6112415416921233,0.8859565505590493,0.9902596783594664,0.9991971108878026,0.8497983292360441,0.9516431041492286,0.5531943716273979,0.8640538414553766,0.8822970301999031,0.9617677142151038,0.6028124649885084,0.8823751950743477,0.8307592484731138,0.9428057765402141,288
0.9903849345197304,0.9981409412681091,0.9924954714215315,0.9993744337472995,0.861780157559385,0.9464430321627507,0.6696999832373867,0.8383657831947673,0.9927118223926326,0.9989033485743825,0.8427470860239479,0.9368161866648791,0.6244595566899486,0.8100534587189689,0.8739399888102845,0.9507187162352284,0.6694034051200262,0.8342097090302335,0.8774751248822598,0.9336086781475174,289
0.9891213537623512,0.9983139726418945,0.9927420362329851,0.999311232652992,0.8695823650418301,0.9625551613595263,0.6557068549639891,0.8936367397123056,0.9916460644810323,0.9992019223185392,0.8471121577165119,0.9574111680439232,0.6040601104563265,0.8707096177371849,0.8795981690755549,0.9667960372658236,0.6517521391595764,0.8886609147607986,0.8659618591381483,0.9443266942095097,290
0.9652173589228448,0.9951165898817786,0.9720047159513422,0.995702449110421,0.47288260091825707,0.880412592238185,0.8242959558746817,0.9101705984554904,0.9937950910476943,0.9992611658519519,0.6003995897803508,0.9052923771508669,0.7046042433857704,0.8806096518611523,0.60599681411093,0.9147050795222591,0.7384315892659503,0.8956550005074821,0.30786458247207177,0.8363687298693223,291
0.9919997750596314,0.9987479260972095,0.993268812939239,0.9992151968671656,0.882991088401978,0.9727247589937792,0.9354586595075571,0.9640866638140848,0.9979969094724528,0.9995950230938786,0.9156070553482307,0.9739609508985756,0.9020899385972311,0.9531696486355608,0.9203598503341152,0.978631676578433,0.9140899294483193,0.9609655927910667,0.8127058650601955,0.9683236177627621,292
0.9683069948528311,0.996429401761099,0.9741839561557611,0.9965439269619636,0.6904983244434924,0.9270751387852224,0.8324356790190176,0.9623510145524731,0.9967698522819759,0.9996307727891416,0.8166410631697234,0.9473352340431461,0.7062542359068125,0.9452567634560106,0.814090729221733,0.9494099899527019,0.7301611599969324,0.9521585071270845,0.4066589823214012,0.8877018930598747,293
0.9437351792170322,0.9895793984413661,0.9513608796984596,0.991083946180852,0.4042398109518055,0.7955623947833222,0.7946391678168789,0.9079329543647743,0.9939430743255901,0.9988880711536685,0.5900542667824399,0.8416756923250217,0.6213195649226844,0.8729415000533736,0.5943329158407382,0.8560209547678997,0.6580910716750383,0.8928059941145526,0.20374998933257008,0.7682198654556303,294
0.9964183581986661,0.9989710945360809,0.9974612999652478,0.9996615621619961,0.9257113576820197,0.9619998650933539,0.8655033845253205,0.9135654446551184,0.9989293857404065,0.9996063680500796,0.9331865374881037,0.9684471808109839,0.8343551489984734,0.8880794671464863,0.9415498986722525,0.9718324286491697,0.8522530085337613,0.9006781072792162,0.8616377105541194,0.9405691455588016,295
0.9931475016187232,0.9981869689581979,0.9956065620869778,0.9993737268449417,0.8663367879564063,0.9307002976735722,0.7118200239497041,0.8547302747438429,0.9980437765675955,0.9994695041749766,0.8770684851766339,0.9489014020713941,0.6518718001380586,0.8090247582728136,0.8922250056944296,0.9518959722735477,0.6844065251767216,0.8260713347557452,0.7185269678558608,0.8813028147152796,296
0.9920939470278438,0.9983400300494645,0.9945046056396448,0.9992173676156031,0.8576733849903709,0.9367371245004168,0.7582334390302123,0.8886531426810935,0.9982350853511501,0.9995495515089021,0.8795609882910516,0.9471469430663538,0.696875563917095,0.8543763827786779,0.8921753938134096,0.9510101748094537,0.7263851635519049,0.8678391520410166,0.7022233719719259,0.9106503853862915,297
0.9978652802504838,0.998826091727369,0.9991927042438757,0.9998524311456372,0.9285707452624177,0.9747874335253073,0.7633014406701565,0.8673983351774338,0.9983571553909181,0.9993008760205377,0.9128307015400867,0.9650531189787434,0.7316121420574476,0.8437727971527234,0.931039579456488,0.9738380368687906,0.7609937744736702,0.8624242939771253,0.9170794025567399,0.9484329656065777,298
0.9979743721815135,0.9991621522778011,0.9994252784786236,0.9998962439907643,0.9411059844899373,0.9827515776416694,0.7217824378665356,0.8764756671644232,0.9985449204033876,0.9995314481165688,0.9243538660982102,0.975801792840135,0.6872282426434042,0.8572863704650299,0.9408332834965951,0.9818351291337383,0.7172726445910798,0.8720488871431947,0.888964170773501,0.9423459819613758,299
0.9963324403977365,0.9983678607404459,0.9980626747601878,0.9997052961293276,0.8878429133070539,0.9476533119814063,0.7586690777258636,0.8199061989327655,0.9977255265006416,0.9987417126363205,0.8762314720539237,0.9319614787081949,0.7194237812235955,0.7887449650947873,0.8993689300160372,0.9486638106284035,0.7547505456269216,0.8164519950871352,0.8954669178666017,0.932692637804512,300
0.9969951512670086,0.9992696238725581,0.9976560920718317,0.9998387912343007,0.8626590535976515,0.9662922536500136,0.7658256221589326,0.914707854301235,0.99730896391017,0.9994775915657707,0.852478206981134,0.9538083997051379,0.7378592904822324,0.9030120387789206,0.8796108284242661,0.9656522190924928,0.7737211886536476,0.9158390381166438,0.9323754887259453,0.9665794656280257,301
0.9970438197305947,0.998490944050817,0.998967220371638,0.9997530275978741,0.9443137408575744,0.9763385249466046,0.8402693326087151,0.8976361922609615,0.9981200977312275,0.9991056989437267,0.9296341529259713,0.9663075923024472,0.8058404070061352,0.8760991369608341,0.9468818961621592,0.9757551892980657,0.8348320499294524,0.8952854036462822,0.940701779807665,0.9691193343642163,302
0.9975256632652266,0.998571824413621,0.9991965442348073,0.9997984519720392,0.9411051323639964,0.9763688142921314,0.8306593073957917,0.914020506103163,0.9983908805144468,0.9991311927270922,0.9267481230212171,0.9679243984949825,0.797727825383269,0.8947241077230993,0.943452398433304,0.9763463037846376,0.8257337884886393,0.9107890060662515,0.9388348677565715,0.9702193892788683,303
0.9976642103406311,0.9989773765186751,0.9986542209213768,0.999751165008347,0.9766588305901154,0.9872763888835913,0.9171617235973271,0.9547943699859814,0.9986026268357592,0.9995834730219822,0.9706835783470016,0.984288916979598,0.8978005630947672,0.9411943299048159,0.9778033717477278,0.9882939493838494,0.9124380814025799,0.9502998086031459,0.959976310234946,0.9737398375202683,304
0.9970818417686024,0.9987842886538304,0.9983199666334572,0.9994465054689682,0.9568581515161344,0.9849097124628354,0.8910164215938294,0.9571810451952787,0.9983552094107,0.9996185482644607,0.9510105557590028,0.9822321330026336,0.8663880774483288,0.94407349956337,0.961592798542793,0.9865087934344517,0.8857011330142304,0.9524922262826515,0.9441590454315053,0.9670988142447181,305
0.9958726295003817,0.9984191631348726,0.9971119203755255,0.9993243783697197,0.9492898024233325,0.9835954152682347,0.9186046226413458,0.9464641528265372,0.9983294217750621,0.9995292050812746,0.9537513209710476,0.9796862196183133,0.8933817975916716,0.9291772070431644,0.9607264236292614,0.9850972704019028,0.9081647833530158,0.9394792852885696,0.9134561060491989,0.9605270153911323,306
0.9967433738188541,0.9984524460880057,0.998367106343828,0.9996042048887547,0.9655516123148382,0.9932678813039111,0.8989027687662895,0.9517092806410967,0.9984957145947753,0.9996456554796852,0.95999156691805,0.9918839005469001,0.8707906107222279,0.9351791317154475,0.9692795641912989,0.9940826586521095,0.8900267386677384,0.9434957823407062,0.9375998917112683,0.962830600106317,307
0.9966230454172726,0.9992952076868561,0.9987648914667995,0.9998524105360803,0.9462111885319213,0.9872665725203927,0.7877758195573973,0.935262096006443,0.9977693486222695,0.9996417451061652,0.9279642349638313,0.9830172216498133,0.7489459353303834,0.9223379344883703,0.9458738779038289,0.9872772832477725,0.7811669128928226,0.9320985329053382,0.9213513603471172,0.9698165913740614,308
0.998016165451152,0.9992210147575407,0.9992295082029042,0.9998572629764895,0.9586224408386081,0.9850143051885681,0.8353631510735912,0.9389993931480054,0.9986219401283928,0.9995549290101344,0.9469864472519525,0.9798196408595518,0.8085157524428412,0.9256968062856059,0.9593347962786104,0.9850531562404563,0.8316889598333709,0.9363199000688178,0.9379834180758426,0.975979574704288,309
0.9986047236889117,0.9996244424529638,0.9994304684499203,0.9999509118226236,0.9634361060709071,0.9906831835441482,0.8715477601563228,0.9559254311359985,0.9989128328707884,0.9997443580059067,0.9536725462432686,0.9874045668631224,0.8518223824865588,0.9479577232674737,0.9642546281953652,0.9906196448353832,0.8705254556956988,0.9548049272745355,0.9604379462959747,0.9842697826134369,310
0.9985286377820805,0.9995058051623826,0.9994795031679768,0.999937335797632,0.9721964768890314,0.9887357038033003,0.8784002135545914,0.9474045854922496,0.9990141488811204,0.9996835548549635,0.9632692551303992,0.9845873340977598,0.8572063561879555,0.9374036821061648,0.9721153259288541,0.9885446524083814,0.8748508562794481,0.9457146660822294,0.9535042943931891,0.9805856847292648,311
0.9981745551748937,0.9993881196837031,0.9992704126781714,0.9999159102293863,0.9652692343224911,0.9890768319961478,0.8555242766271595,0.9356578862974029,0.9986581166336229,0.999662292655895,0.9538404332078393,0.9845695218893867,0.8313892555494875,0.9233961282940827,0.9649294676445612,0.9886232953841293,0.8523048888276583,0.9328486882790622,0.9500051864705407,0.9719943485686628,312
0.9983300171306412,0.9996784614153034,0.9991267078225542,0.9999383319233227,0.9691814132329808,0.9924802413639366,0.8895847235246028,0.9707803972509592,0.9987092753624355,0.9998033281383399,0.9605490158011631,0.9901682389621036,0.871068687990568,0.9648179755096913,0.9697259312859184,0.9926185019237369,0.8878434181937335,0.9697715112062787,0.9635073613521248,0.9889779877952923,313
0.9974175826484498,0.9993804732909993,0.9985070288229382,0.999919486359052,0.9501306667675891,0.9851253564558705,0.8331456162904852,0.9341733383567716,0.9979811906749653,0.9995929727651979,0.9377059684507896,0.9798619043231956,0.8076532809881726,0.9217799483884785,0.9517008139498562,0.9849833573972333,0.8316371286325498,0.9322306923344466,0.9468396157852331,0.9762984052830402,314
0.9971648384321378,0.9991069234568192,0.9985009273946021,0.9998752470817017,0.9658429167195379,0.9870472590146897,0.8772038216511011,0.9371726205483075,0.9980058602444297,0.9995457636860624,0.9550110442997162,0.9817251732916916,0.8526641525507844,0.9225048727937173,0.9661673143442902,0.9867060490377612,0.8732848541203888,0.9334265903558641,0.9555862286598408,0.9736751150153057,315
0.997948402717458,0.9993353410829285,0.9987724483814387,0.9998832029881326,0.9763762536965149,0.9861806558107031,0.9133912397449931,0.9451667995995877,0.9985013204301451,0.9996075700602665,0.9696020369514792,0.9813511399940799,0.8968908080803466,0.9335844250598136,0.9769488007680752,0.9861839577662799,0.9108695549837907,0.9430469267860478,0.9668649180861925,0.9787745541838799,316
0.9966992513240217,0.9990805479885904,0.9980845962902064,0.9998691047672991,0.9689615024076483,0.9871597144570646,0.8846301651279896,0.9373452570271891,0.9976417784091737,0.9995515549758104,0.9592810853971558,0.9821196838049788,0.8603809950250362,0.9222831869323077,0.9695416199220728,0.98692776072744,0.8799032112722037,0.9331506913368875,0.9533126874441514,0.9756615696433092,317
0.9976783799619816,0.9993469410193088,0.9988652042366706,0.9998989389718187,0.9648866812526963,0.9857381047795499,0.8660789169651927,0.9373856258034643,0.9982560936031208,0.9996000258665714,0.9534439697584074,0.9807361479843403,0.8417474506109905,0.9251519520535207,0.9649011294054791,0.9856766894823351,0.8628747626313306,0.9352772968338181,0.954565405874864,0.9759811702699027,318
0.9982507851992092,0.9991492460557484,0.9992788981237052,0.9999081422954923,0.9717219390232912,0.9838784755944278,0.8651254851505235,0.906108421499888,0.9988285711392965,0.9994820763338963,0.9619799259070045,0.9768594956765954,0.8422262975422733,0.8879220303923695,0.9712244594597766,0.9830057387767924,0.8610078428189066,0.9018244735388153,0.9474462690069972,0.9609694871102347,319
0.9977260992384005,0.9993605612401257,0.9988361874245835,0.999916857145761,0.9737750048906403,0.9840473157478864,0.8984755265831663,0.9376378343711252,0.9984715381251281,0.9995109502187917,0.9652184441486874,0.9795661362832784,0.8782624562466594,0.9265394118475324,0.9739230452164276,0.9846431282329254,0.8951350888087029,0.9366351186243624,0.9617813972216189,0.9820122230743151,320
0.9916690540998283,0.9990289297415283,0.9974074682609775,0.9997710301482957,0.9474503477268669,0.9835450950497171,0.8044115097763659,0.9358918261014074,0.9956216748582243,0.9993910794685389,0.9147632998914904,0.9777208020699223,0.7406806839883999,0.9207730948819359,0.9422837865179906,0.9836691848983213,0.7873241965390255,0.9334779885495356,0.9277862597609199,0.9772985708982278,321
0.9889001405782958,0.9981725284494479,0.9915243497911519,0.9994859159121393,0.9419741611549703,0.9574011301524057,0.8304074012967881,0.8670744040963563,0.9920134436910957,0.9987916725604924,0.930488219387022,0.9457291568952796,0.7969629077871453,0.8404388683113084,0.9454299759258026,0.9592313651021818,0.8244853816650674,0.8638764141105819,0.9219569750219542,0.9493682371749214,322
0.9865800015602103,0.998293388818232,0.9899437077216232,0.999403501750379,0.9208995985898369,0.9454941082079296,0.7759627688004123,0.8542828470894482,0.989772124633842,0.9986779069741731,0.9027531410726065,0.9256654425269154,0.7261129094428365,0.8280750548204959,0.9256270746276217,0.9459341702556697,0.7662752932455066,0.8542599392458431,0.8996993390351744,0.956031114478706,323
0.9895845969612602,0.9982452225782084,0.9918802256824951,0.9994354549629704,0.9121785050824555,0.9480220132621537,0.6828543818289019,0.8329855198579107,0.9914791505063537,0.9986472360851065,0.8923931146335065,0.9320412275576895,0.6322674312814194,0.806128857985532,0.9154112319351809,0.9487127821910584,0.6722227534835788,0.8323216110444362,0.8490583301057264,0.9351380285909642,324
0.9911967968657123,0.9985241380547484,0.9950674368145158,0.9992734996341848,0.9295829201942083,0.9699392758198963,0.7488473184416833,0.8888313106974359,0.9949333311904194,0.9994655050556995,0.9117643425977805,0.9688631415086266,0.689260211646418,0.8685228113798209,0.9331769935280276,0.9747181817582988,0.7300807843145387,0.8832797563801188,0.8586188295790604,0.9237905455088654,325
0.9867461055184101,0.9974624019645844,0.9890945287840343,0.9990443752573976,0.801751416063436,0.9322834704645128,0.5424441367025896,0.8299164424217425,0.989183381085416,0.9986752551413379,0.7729670939235498,0.9231454261785061,0.4882315258331768,0.7963125537010777,0.8174132786626056,0.9394414446038832,0.5451161216497493,0.8241292305035952,0.8480957356019505,0.9194045727178105,326
0.9793647016740704,0.9977845055742404,0.9917858229448544,0.9991387831979102,0.9034529036017421,0.931825984418962,0.638947524042529,0.8303225317231323,0.989185669089833,0.9987512780315719,0.8483963605341415,0.9229766829405897,0.5256525603126394,0.7990295448068698,0.8957210823026435,0.9390451806385856,0.6012075962304402,0.8261152812048848,0.8238853403995272,0.9261714779541019,327
0.9819040752324372,0.998633448869389,0.9903758798534996,0.9995834493028729,0.8664605806593171,0.9615733194090789,0.596236025916122,0.9112813546161308,0.9892550526017061,0.9991057261427054,0.8218252124040566,0.9536436554054935,0.5043598608538776,0.8915795718890568,0.8670654960875419,0.964620833709463,0.5703484627297927,0.909258725052507,0.8095456038766046,0.9689742502456932,328
0.9731435414625194,0.9975374432882684,0.9867755729598631,0.9993381444238807,0.863322955604379,0.9311161817080891,0.6625845022928335,0.8310772325902298,0.985452147354168,0.9984490102695898,0.8161650571565421,0.9114314079737619,0.5473008962365872,0.7979962249969156,0.8682219120242367,0.9314456480553149,0.6266730769210814,0.8281405380075307,0.8238876725934979,0.93261445504093,329
0.98757937078932,0.9986004161313309,0.9913760130148582,0.9993301173766079,0.8990855763937741,0.9512376242408688,0.6964397048565524,0.8533952396815342,0.9913264442566312,0.9987001441434089,0.879782749051678,0.93214777611739,0.6471600918928969,0.8244412189476781,0.905845149052459,0.9506123059526987,0.6893094279127254,0.8484755731345256,0.8687946574657893,0.9395606214134027,330
0.9850687171578604,0.9977915090104034,0.9897805160640994,0.999220958117805,0.8650475099396976,0.9354185701570062,0.6163856095976881,0.7877688210098049,0.9882924046322357,0.9981460148088116,0.8344865878017866,0.9098823260484542,0.5554019993778186,0.7520852302775308,0.8714965752568761,0.933846079429309,0.6096519264855249,0.7878549552668163,0.8560994465681083,0.9370112403527798,331
0.9857320120129103,0.9980103802512452,0.9891763638454675,0.9992813938788238,0.8878737182310172,0.9368389807746551,0.7001852937931989,0.8545992055162827,0.989159867286135,0.9986881832811993,0.8672015431643827,0.9203865286385658,0.6487072234850569,0.8278516638610854,0.8957714524514462,0.9372324455347957,0.6941869484938059,0.8537482230122948,0.876557985998522,0.9434509627610852,332
0.9899665215028292,0.9991266627310289,0.994231432554588,0.9997840979317425,0.8119396271534997,0.9640257658348675,0.6976340414218718,0.9086225456723505,0.9926426864929475,0.9993116619149287,0.7838736071953776,0.9564955484350202,0.6354253303787561,0.8900715386106236,0.8324013531741262,0.9661252438180609,0.6969851752374792,0.9073976535104717,0.9002900473931716,0.9738817095316009,333
0.9879140803266407,0.9981487784545722,0.9905747493379428,0.999346497406332,0.9009749493268516,0.9381831921637772,0.7722485155751466,0.861117509807783,0.9907551711447062,0.9988274982940982,0.8767316223530397,0.929173920972762,0.7234447433131755,0.8348151863891123,0.9076731297776293,0.9442582960105727,0.7691405104228984,0.8589645741529283,0.9271326985418015,0.9526852850506523,334
0.990551909118937,0.9991670127841331,0.9907097497328378,0.9994954332603929,0.44210833618944745,0.8827433625074081,0.4452532634593444,0.8335976279654447,0.9934411555867153,0.9993387629598323,0.43569711561924873,0.877057831077717,0.3969924628863268,0.8163962819522842,0.4792635995770649,0.8920391745408551,0.44846266111478833,0.8354658188746079,0.7113480690606594,0.9443184091166643,335
0.9845481128617709,0.9977482252598023,0.9874811236343547,0.9994535397274743,0.9088914838760501,0.947540993566104,0.7451475129605097,0.8061109768449545,0.9884933636433084,0.998439454733061,0.8908682640776907,0.9266955728062926,0.6940602732374056,0.7741686791504783,0.9155556967927205,0.9458043269915043,0.7357988486785083,0.805540804859727,0.8843109993850377,0.9265548877848263,336
0.9847707510665753,0.997672576274809,0.9868985186595965,0.9993299651701587,0.8861835733346257,0.9533287563804123,0.6967845436734085,0.7829262383902511,0.9874626739908222,0.9987725008016562,0.8701363603396715,0.940322009699762,0.6508851996993534,0.742378468873047,0.8972305624659271,0.954531520776604,0.6941332989863355,0.772092843629309,0.8708394767316862,0.899253988499847,337
0.98377918608605,0.9980474310227315,0.9882884925187103,0.999104864007904,0.8923988477789051,0.9259095284179296,0.6088749083785667,0.8018176991755499,0.9891775407808602,0.9985777304560939,0.8687422861806925,0.912825192929177,0.5454131145542886,0.7703723213793656,0.8983464862844234,0.9294794883035439,0.5938734614108657,0.7991059015863016,0.7963664961108314,0.9129547233323149,338
0.9343739328375724,0.9868207089351163,0.9023836074921643,0.978692013390919,0.18533143214500647,0.31554660119453226,0.7135812828358461,0.775586049004234,0.9885522893257402,0.9962449215911409,0.3832356420018423,0.4162422053432864,0.7466320611455973,0.8131271397584666,0.4529743392681597,0.48634017064562335,0.7822668396152844,0.8376116083516558,0.43246055778954967,0.7121897870752847,339
0.9891519003751366,0.9981198290710853,0.9922249159543484,0.9995559416314014,0.9299716057510647,0.9784814232653795,0.8317648387220502,0.9211880191563679,0.9920432251041914,0.9991526470715085,0.9162874615890038,0.970426708311169,0.7959223373921388,0.8977530966187913,0.9351241067769632,0.9787271609297077,0.826095978579248,0.9145731220395377,0.9287149487004509,0.9626369541473629,340
0.9825583416547221,0.9978182976941079,0.9871675791124411,0.9994236538445482,0.8973656929812683,0.953745759669739,0.6743960150466037,0.7868842368393482,0.9880158465938388,0.9986018607465762,0.8699782298814669,0.9375750298150722,0.6111033410702156,0.7447280628487888,0.9011713592780709,0.9536469994110754,0.6610418426196444,0.7762424010938836,0.8534079461874395,0.8996792259933353,341
0.9857415822604724,0.9976861696580474,0.9919160786205719,0.9992127898121491,0.9079507096454948,0.9585343008731437,0.7598140979689395,0.848613705268063,0.99283149369663,0.9987619033563141,0.889022342554088,0.9440564181450131,0.6882067440328318,0.8160273373820736,0.9151989167088285,0.9590313340019491,0.7355264116470652,0.8438729458291993,0.8526176355397718,0.9302375735405408,342
0.9860031286561749,0.9977149517802397,0.9902637159235024,0.99953407371857,0.9071261496581576,0.9451605781834942,0.6488613457004768,0.765564071402457,0.9900723349222411,0.9985398752120433,0.8822659275452461,0.927981058560048,0.5840094888479211,0.7244025434998027,0.9086543495042388,0.9455846008351813,0.6315618644943595,0.7576668856212833,0.822152638087651,0.9012680264299308,343
0.9891896764229818,0.9983466278769564,0.9914343122818329,0.999602203819065,0.921847539205064,0.9588021230133342,0.7265019536532652,0.8505617422337143,0.991971084945159,0.9990197169934825,0.9045819097308914,0.9483142681991434,0.681094039034855,0.8228312137687104,0.9254170544606632,0.9604904479938106,0.7188258337908771,0.8459090740835097,0.8762455957855881,0.9389831413410652,344
0.9902618036425901,0.9983437378295122,0.9930541438200149,0.9995434897858608,0.8969722119272968,0.9339546775616441,0.689748174178204,0.8032623271794429,0.9930939695175517,0.9987925021092445,0.876469052039672,0.9280787547342425,0.6399447222617102,0.7769815052066572,0.9037858803587716,0.9418239958719216,0.6834001754856409,0.801962162260833,0.8692301525075793,0.9133014008561748,345
0.9888831856089085,0.997147406363388,0.9884454898668313,0.9990959654883779,0.6471828688092582,0.9138893803676436,0.6500934667384186,0.8094397150936066,0.9946125524694841,0.9978034390040958,0.6606366533331557,0.8903474435320338,0.5988243425390409,0.7222349368543461,0.6964368005261234,0.9161365875970566,0.6460057651267967,0.7632602071635367,0.7227216389958832,0.9231369754880308,346
0.9883713875061965,0.9982105595895134,0.9908533339107282,0.9993044245011051,0.85054808080545,0.9420785813919271,0.6940885991144312,0.7825332396926576,0.9919352641090661,0.9986634055539313,0.8363218527415379,0.9205684662772887,0.6469104468872736,0.7387889425424456,0.867120384649741,0.9408913077094886,0.6913752948526758,0.7724772933682463,0.8646547724791888,0.9065015786810279,347
0.9888829659280645,0.9984073857532031,0.9905987496901854,0.9995754729208697,0.9119685157026326,0.9519566881035768,0.7247124993250346,0.8083740522765279,0.9908305919823205,0.9990429641457437,0.898747652409792,0.9415577179774092,0.6839339010831186,0.7788511333203921,0.9181644306762676,0.9543328193892342,0.7188042974450516,0.8037489125878926,0.870948152189871,0.9159317381972721,348
0.985952167595162,0.9984842131243356,0.988960534689238,0.99952178577448,0.8812975714268557,0.9534564608841887,0.6700107081105604,0.8225715750876078,0.9897145650943916,0.9991116925851466,0.8606205053459811,0.9448098423629169,0.6227325155600368,0.7951624831018512,0.8885658894851944,0.9566605590425808,0.6663275790112915,0.8184168618842199,0.8694897627197377,0.9191590854466538,349
0.9910813566107545,0.9988282992331847,0.9926658627904149,0.9995143526085251,0.878516182913508,0.9418901860235364,0.6711277118428404,0.7982918113838232,0.9928487619429375,0.9992135355207034,0.8644781503601187,0.9348350533840164,0.6354417845030349,0.774491748352918,0.8891214422407345,0.947110292293812,0.6730054100503083,0.7972185353124756,0.8752797971571753,0.9119923369056006,350
0.9882387282285644,0.9984234384208938,0.9872517322447805,0.9986849084928386,0.5632060946397834,0.9082299938863049,0.750995177650093,0.9505278370255016,0.9957576937493245,0.9994474315414006,0.6147691992993701,0.911502113954857,0.7049724494214347,0.8949070022718287,0.6346811887505623,0.9220509069690473,0.7286506198706086,0.9014892902321969,0.5621761007395404,0.9550379898574866,351
0.9914276955232896,0.9990780504872325,0.992470302740091,0.9997587886447489,0.8990991303572549,0.9415220281545135,0.6861757196827117,0.7610691935254863,0.9927382587528509,0.9992191849787213,0.8851625674035565,0.9315133367386091,0.6516314511805613,0.7371159374976016,0.9058192019274782,0.9448869063151503,0.6859932007074889,0.7619646321250484,0.8763765576905497,0.9096943529483994,352
0.9879044246493832,0.9983904755601293,0.9904748737875971,0.9995311742463957,0.8950054383976093,0.9318867827943101,0.693070475204877,0.7769548320534784,0.9911709490729038,0.9988389481557842,0.8796002098377599,0.9197003311360719,0.6500449662960641,0.7463445675072339,0.9036703800031562,0.936265775380182,0.6889339503233265,0.7750687083827726,0.8669872897545784,0.915188842929883,353
0.9894974803298421,0.9983112882523374,0.9935272133492739,0.9993830202055756,0.8110767022226566,0.9674464375546813,0.4470788125407155,0.8902279801198707,0.9922272577619989,0.9991714281054958,0.7770662962846566,0.9605216768045991,0.3869303974637449,0.8671990685441687,0.8195947681676156,0.9701267034715323,0.44018512252110115,0.8856722755490739,0.7653072222430708,0.9434764534503339,354
0.98699671970081,0.9985464890202009,0.9884620692461005,0.9996372416794429,0.8534206273614051,0.9378211569038517,0.6442433131746118,0.78050136689274,0.9896661696282286,0.9988978120228109,0.8367532634520483,0.9253774892749751,0.6015871821510401,0.7510252613707528,0.8672394856619318,0.9411336981881467,0.644512463896958,0.7789419035272431,0.8563142090497644,0.9190139053422458,355
0.9855315247806128,0.9975900333052444,0.9890776939679535,0.9995217631956892,0.8771201252239212,0.9129256489347161,0.6884773108735323,0.7373631458349322,0.9885482258892688,0.9983195171629161,0.8525480863689671,0.8958962088002678,0.6375378297978729,0.6974274201220151,0.8853019267773179,0.918269491019684,0.6860773698460222,0.7346342891573931,0.8910486018871264,0.9130066597866354,356
0.9878795016429596,0.9977331152105611,0.9897274245701729,0.9995730122281944,0.8815858268618508,0.9225513800269252,0.6482245211668973,0.6921767597762808,0.9912281162258915,0.998407970329591,0.8623043616919068,0.9021112473824121,0.6021440713763544,0.6444949032277889,0.889179111135708,0.9236056794959271,0.6440523474330051,0.6907250736529288,0.85407543732033,0.8992215603667528,357
0.9854568498753576,0.9978639644499513,0.9907946995707513,0.999316837444578,0.8539479561033878,0.9365960643783903,0.5371309157233652,0.7270720082149507,0.9902424146731775,0.9983674018681769,0.8210532594380859,0.9106076900274586,0.4629187330377281,0.6763326203085132,0.859365293727293,0.9328201784056648,0.5197588605290785,0.7158721746562599,0.7775968501574787,0.8913813596375597,358
0.98356003691521,0.9974511615567186,0.9893963009296184,0.9993986692812473,0.8364725242398033,0.9385496227504639,0.5680244250214603,0.7219001257179729,0.9879140582426797,0.9983781500732133,0.7999242448952976,0.920671268467769,0.49759768620270367,0.6700257653252276,0.8436223797088572,0.939544551119588,0.5589079450709697,0.7087992764272887,0.8360888509675864,0.9011581803367397,359
0.9816724047714092,0.9979111417244673,0.9844414807155872,0.998842671458627,0.43007836493863516,0.9191307419919279,0.47304720529048,0.9509016542095451,0.9913697760756172,0.9991474363483944,0.44517089558126766,0.9146109171431055,0.39545602599590945,0.9082771307603725,0.49252113383299834,0.9280028898948154,0.45122952129249044,0.9110942642054035,0.5839089268804429,0.8884812445765116,360
0.9866441344623332,0.9981060672945711,0.9891751935833438,0.9995375477010172,0.9013911925227993,0.9256112537269854,0.6915820659210166,0.7217562856211107,0.9889992824683546,0.9986552236048073,0.8833254838836603,0.9079938203227103,0.6469011367317425,0.6832921660265432,0.9068419142142187,0.9283597943152996,0.6856276377373062,0.7166425269516539,0.8654728394805609,0.8902326268059632,361
0.9888488917382668,0.9982291937122035,0.9905903279808508,0.999631066268164,0.8838637328245278,0.9313385650010245,0.6770528699417666,0.7348375778467189,0.9914803328574373,0.9987239589618964,0.8670273277945836,0.9158289877222006,0.6339891320520051,0.6995473204902187,0.8925843622609401,0.9338101004832801,0.6737197047503932,0.7315540123367351,0.8624920614130273,0.9027745919024799,362
0.9885206902740773,0.9982151615415396,0.9903165734600908,0.9996226345257868,0.8946977686953492,0.9138991112595702,0.6888989814608748,0.7191285714807235,0.9911959990537049,0.9985398308853328,0.8774524798766529,0.8961820485089488,0.6437469919669224,0.6754677159739054,0.9024496865594142,0.9188875057328745,0.684357347629886,0.7136778934682457,0.8668680724961141,0.89257934439793,363
0.9834542826855152,0.9976355876212688,0.9860523882142705,0.9995023959673779,0.835695417632451,0.8887058818026913,0.5959891498278225,0.6818138887367481,0.9871121027632848,0.9982876583711946,0.808482338988919,0.8670244185846715,0.5414904507084051,0.626732711419465,0.8465822493089538,0.8960245400073562,0.5927788156306721,0.6727746674159086,0.8531077542892577,0.8799959600379236,364
0.9861558786505676,0.9977088117694868,0.9924027561075441,0.9984547063988368,0.7295719738573543,0.9400756459290669,0.43527218945696516,0.8532839549184694,0.9923672003102825,0.9989619276992235,0.7013884450277323,0.9397177041135427,0.3498828700623648,0.8240497828532435,0.7555855441570194,0.9507968888611216,0.4150064392439445,0.8454025761267026,0.6959378645680477,0.898003813396212,365
0.98917087274014,0.9983700627285121,0.9931948530154459,0.9995173408318392,0.8622829077743611,0.9242457193812094,0.5776732114242458,0.7656962112561129,0.9926620069012959,0.9987883990083054,0.836583872378896,0.9064036224854489,0.5110686500227207,0.7346507840540193,0.8698980321818407,0.925258508674488,0.5626979105314639,0.7653985290670644,0.7922160923131721,0.9205754832212198,366
0.9895350898662637,0.9974026532509374,0.9928975904026228,0.9993638706677196,0.913025235461167,0.9629430885127578,0.7310226572116967,0.7878631180505088,0.992619838995794,0.9987759877866338,0.8927765272471594,0.9478490973113349,0.6750243097524615,0.7432148611955065,0.9172182383558437,0.9620729951249296,0.7173278652440295,0.7727989899363935,0.8697717324465276,0.9347877206985088,367
0.9879880636504841,0.9979129408209958,0.9913825424645962,0.9994987457690003,0.9058618945223225,0.9450389668357865,0.7016451547092791,0.7929850232880241,0.9912389182648014,0.9984992285761812,0.8822329145158745,0.9279215926418595,0.6499635556914163,0.7526475267236937,0.9089202677496148,0.9456930250363668,0.6926487461917147,0.7850062006181007,0.8788603363645398,0.9162794197770242,368
0.9854580595058271,0.9984126625007178,0.9897161376314305,0.9992546138113634,0.8761405389916459,0.9216918768828563,0.6506424154680404,0.7375839425265434,0.9896189302753587,0.9989145184490426,0.8550427653194499,0.8966626808930926,0.5942350472173459,0.7075752611791692,0.884554879942167,0.9232898568172769,0.6421515458320624,0.7365333000422573,0.8426054087745802,0.90869739565042,369
0.9869428710877757,0.9974403102088936,0.9900253418657766,0.9993600416331183,0.8680636292470431,0.9161923825093297,0.5724065974512941,0.6738492776847568,0.9900671430918376,0.9983873542911674,0.8430334919342325,0.8960881835900366,0.5122602035464655,0.6084697045274301,0.8752541214048025,0.9187591633865023,0.5621439129248355,0.658125961221628,0.8045000531420039,0.8757937969020945,370
0.9906294241010234,0.9975947837788733,0.9926893970029033,0.9994735316255619,0.8989609327587094,0.944376718478672,0.5754234064928522,0.7380719447351535,0.9929226941903094,0.9987484090331694,0.8791863404893384,0.9287776940927958,0.5244313027864259,0.6965292126381987,0.9035163001044033,0.9448090318841991,0.5656236506544057,0.728936760366326,0.7834323941437894,0.8934179284376339,371
0.988518107278406,0.9971475171069956,0.9918882873507706,0.9994608654291778,0.8880714981481054,0.936940825077791,0.5561202382950724,0.7308989921450783,0.9917598949806674,0.9983754606094888,0.8572959185715782,0.9151157944987813,0.4949900121174085,0.6746061920184173,0.8890034824934198,0.9374267353280102,0.5451017715763263,0.7168747156648877,0.8021239554866774,0.8820428153530603,372
0.986122921432786,0.9982974070466196,0.9899066652810955,0.9994382796377307,0.8778473249236364,0.9296334783045784,0.6397316057430893,0.6981984202799771,0.9902886376965774,0.9986923155292722,0.8521940649276144,0.907421430268728,0.5790196729825489,0.651243719831425,0.8837257297476491,0.9302267287894729,0.6292257645602736,0.6933287446902214,0.8428146964776944,0.8998901384555511,373
0.984865530101976,0.9969864511778741,0.9897014540114282,0.9991379297993719,0.8884824228222027,0.9250179489765937,0.6568888320165419,0.6892402704695509,0.9893002272101606,0.9979638210041389,0.8611149079473396,0.9002487336702413,0.5952506593870445,0.6348543114681143,0.8935108052630437,0.9240533073311763,0.645486330065433,0.6772093271734447,0.8516833892787098,0.8980542034995515,374
0.9877648260525134,0.9972191128280357,0.9912404535287648,0.9992162684364594,0.8674822189633142,0.9200804199391659,0.5624214383269764,0.7265665018702396,0.9913499013833975,0.99829345906909,0.8421260900287013,0.8966296775359401,0.503191800574662,0.6792024171961021,0.8750345311678644,0.9188812931385756,0.5542961683387267,0.7213333510802987,0.8014644865827827,0.8929983278305358,375
0.9859314261732136,0.9966515381295331,0.9907521794900354,0.9994051703758453,0.883078439771149,0.9502094585261749,0.5099485010077199,0.7882140082485278,0.9893324809068786,0.9982073783175373,0.8501484950199063,0.9303940988522458,0.440229203331206,0.741300361791886,0.8839126419003713,0.9493954987197251,0.4930146519028899,0.7772953471968812,0.7489067919082747,0.910203536159986,376
0.9880921985683281,0.9981168436697808,0.9901631524174155,0.9994891777003553,0.9053045581101776,0.9604772962047532,0.7221336060345354,0.8512228492292614,0.991383654371307,0.9988946453285386,0.8904994373914552,0.9475860094349632,0.6750037604067715,0.8175738290558626,0.9132199218203136,0.9614485948967002,0.7134196880059963,0.8441613565143211,0.8626948301447747,0.9366201570008568,377
0.9812087309434349,0.9971930125815243,0.9894226958614574,0.9994897994036034,0.8816602795540215,0.9467798734245296,0.5501930943535178,0.7455385904908262,0.987140820727579,0.9983785382872726,0.8326730100043759,0.9271137404131538,0.45762661821395884,0.6991194235139432,0.8768841503192099,0.9457389373408682,0.5243614101151417,0.7348139814420139,0.7903102094266673,0.8987118305430865,378
0.9862224111676298,0.9971189304053236,0.9898568793298106,0.9991616292131329,0.8930749745123248,0.9324217647076792,0.6269983293882603,0.7414523014345903,0.9906933848523448,0.9983716712384023,0.8713255064340139,0.9136098309360328,0.5667620276210511,0.6983209248705231,0.8991168634579588,0.9339003332946664,0.6143867148790468,0.734023900854079,0.8138424669678125,0.8950274638952533,379
0.9855455077637398,0.9971762569489455,0.9897878451949529,0.9994210214001797,0.8851583734258764,0.9453179167815174,0.6129752285744822,0.765295323837443,0.9900185795136947,0.9987493964783783,0.8603183444737263,0.9336199193396442,0.5486212928757612,0.7214228468639913,0.8911104866752054,0.9482845862138782,0.5987697890123101,0.7641014364521238,0.8120140761974316,0.9198736000538673,380
0.9855619122649845,0.9962993485950954,0.9905888984620446,0.9993368968695555,0.8799335141847375,0.9244949152551537,0.5781968987626314,0.7356292490737953,0.9900516818155353,0.9978031545487683,0.841544312124535,0.8990975577907238,0.5041127381381508,0.6877108064527805,0.8811694285512361,0.924362885882883,0.5640405820149745,0.7325258899568104,0.8215121581226317,0.9053141751330361,381
0.9884382438672895,0.9973435742508397,0.9927707995126821,0.9992977949264614,0.9092025197055378,0.9362436456654026,0.5948188462771878,0.8118804402296652,0.9921928151247313,0.9985565202776564,0.8781634848987568,0.9210216838614411,0.526310439097967,0.775124603203655,0.9083163387789882,0.9385067749405345,0.5776466664967512,0.8055886453188014,0.8021593811069286,0.914381616843261,382
0.9876535653729972,0.9978544614973031,0.9912126367406271,0.9995481480384549,0.9079439540600112,0.9442292042701125,0.6411079175384671,0.8062289910710848,0.9918502597902855,0.9986157511870808,0.8846177956427944,0.9292682889282652,0.5767121502817335,0.7711427756762654,0.9111960218526984,0.9462004103840825,0.6244332253220505,0.8014292616198776,0.8134198736577957,0.9273283405200048,383
0.9824849538718555,0.9972289435440974,0.988017346576241,0.9991078480686806,0.8604466439650774,0.9249786025259704,0.6296169514953175,0.7829947195311727,0.9872269518350774,0.9981691848700043,0.8282205732659738,0.8942345023748102,0.5559934426996804,0.7432150793804573,0.8674916898389008,0.9174260723343719,0.614641200752263,0.7792320379560804,0.8376879322804262,0.920877690904786,384
0.9867426811459197,0.9970406350187219,0.991777315500598,0.9993390430611591,0.8870911935662041,0.9347675267050568,0.550224466908371,0.771400217390617,0.9912411500577517,0.9981776158277625,0.8556036074826155,0.9155792439306805,0.47990534178591715,0.7262884891118625,0.8889578370810525,0.9365430337991976,0.5339486969910807,0.7632248228260771,0.7785833885931878,0.9139567896719826,385
0.9888522609464129,0.9975740098381489,0.9923241739188571,0.999571563086029,0.897697049269324,0.9360377193793176,0.5898430306693659,0.7515986810266289,0.9922225892090054,0.9985650297840145,0.8712666946051173,0.9172578832279576,0.527802787875615,0.711557105371357,0.9001429025348825,0.9360477082013606,0.5767872278592432,0.7497058311257716,0.8036397107191582,0.9064949985588618,386
0.9883138935445102,0.9974601378362246,0.9920000458771182,0.9992946925335014,0.9221688081906781,0.941780884020601,0.7026019787038432,0.8032271036274622,0.9923534938160152,0.9983662422226603,0.9034072254667551,0.9215652169583847,0.6473902000801802,0.766929220457792,0.9259906379106662,0.9418941438331004,0.6894595110905128,0.7997537154949671,0.8501102011273962,0.9246485308203715,387
0.9891639164188112,0.9970095670035295,0.9927973488735048,0.9991689973822119,0.9160190193718798,0.9462368555380706,0.63945123533412,0.7843481262762731,0.9927235459209642,0.998200472716563,0.8889267387266243,0.9269069642099159,0.5749444466821809,0.7348410745426592,0.9161295103484653,0.9461746471219717,0.6237049539485098,0.7690991362953514,0.8266948409107886,0.9102936769432698,388
0.9875648090545465,0.9970044548133549,0.9909384971507883,0.9993934789998091,0.8814393781529567,0.936572214303271,0.6392166665068908,0.7745535181030812,0.9917650086144633,0.9986066014482182,0.866860185023534,0.9244271871206137,0.5871880747996722,0.7337807918673402,0.8934474026912677,0.9408033202992085,0.6307795848914096,0.7723314002084934,0.8136106190286098,0.9201986793741531,389
0.9919359261392046,0.9972005842797858,0.994811478624155,0.999590589608685,0.9309892947662464,0.9486804059076436,0.672905343085794,0.7722771606181836,0.9946308863824639,0.9983866132609549,0.9095132235096055,0.9275101020107039,0.6211162049241319,0.7321290573986508,0.9314167586849116,0.9465084642652508,0.6621410325708567,0.7680178135238158,0.843842312096683,0.9061586151231746,390
0.9906529511916413,0.9973573150345028,0.9939393974275343,0.99951068571641,0.9089754895807451,0.9406113294585562,0.6755737299937824,0.8102080162298005,0.9933691393004965,0.9984277719451005,0.8876820611985414,0.9250377767133268,0.623434209830073,0.7716227844674427,0.9133275116195168,0.9433551721415193,0.6664877630211374,0.8037155006719106,0.8560628859671962,0.9242097329401279,391
0.9856456653728745,0.9967770810822025,0.991813186754255,0.9991409627481447,0.871345864603746,0.9213956089870624,0.5139867630688696,0.7434642600760095,0.990796742097599,0.9979327842308849,0.8344089117207081,0.8927152833393772,0.434177365468664,0.6988966570171695,0.8727484602093001,0.9180948907605316,0.4924440152770536,0.739207261411978,0.7510746194768281,0.9017272389624875,392
0.9850131750710691,0.9968680314265438,0.9901688565348422,0.9992849940295512,0.8719867526158732,0.9224975741349191,0.5758535035067406,0.781302099701021,0.9909911107100527,0.9980699727863328,0.8505842832790604,0.8978866811807087,0.5007854877644204,0.7391316759478843,0.8816790899886283,0.9210599684920497,0.5532923963101009,0.7762889573083775,0.7459440027804957,0.9140378051790393,393
0.9920698954818159,0.9974555973285605,0.9948163379470051,0.9992994690617345,0.9256848095250915,0.94391012293297,0.6891823901687456,0.7950050892730737,0.9947390663331143,0.9985792453358886,0.9107897635022939,0.9302927063839986,0.6379616371482651,0.7568417120112286,0.9301912252071016,0.9463816667646464,0.6756229207003618,0.7917089931211945,0.8266270311613682,0.929590935701143,394
0.9899360122509805,0.9979755392761347,0.993677070164194,0.9994862686449593,0.91881257486137,0.9344278726031005,0.6835616915417461,0.8079111955816203,0.9933066900056934,0.998586230238281,0.8979958426656609,0.915182463333373,0.6242860769707607,0.7710812849586454,0.9213977974503649,0.9349822523291265,0.6677512980212998,0.802830298920868,0.8363419330520484,0.9214432294652022,395
0.9889965110003758,0.9972585342272575,0.9936026081099041,0.9993031043858264,0.8855376979323973,0.9277566517144155,0.4690193095679356,0.7906116162211122,0.992784340890696,0.9980640364201682,0.8549559000577247,0.9016851797605326,0.40165294211465963,0.7519186550500089,0.8884018169232563,0.9251260141740417,0.45319175889480157,0.7887250673075549,0.7072209188551014,0.9255970808627477,396
0.987476831251205,0.9971657287650209,0.9930996933141086,0.9990902949256735,0.9112343662953918,0.9270655385116927,0.5030254937335097,0.7950804905471768,0.992595919480666,0.998084674007985,0.8779581243903161,0.8929358377080487,0.42357795663622866,0.7576109074011709,0.9094693026518985,0.9216361288652384,0.4778850778994315,0.7933518043150869,0.7070457749517162,0.924818447202833,397
0.9934204242370803,0.9972508079249691,0.9961615656510006,0.9993646407499013,0.8870300631747471,0.9054300319426085,0.611314586113265,0.782003502865795,0.9948983757998908,0.9982639777084492,0.8595039141562303,0.8848340285200431,0.5561818397482705,0.7421521161582763,0.8925815910223543,0.9110973720678562,0.6076689059116842,0.7769571332038365,0.8493296555929766,0.9136289867024289,398
0.9883465733473052,0.9973027005554095,0.991971545893694,0.9992000073378662,0.8651703653239144,0.9203215698348678,0.5263149596518484,0.7972726964248967,0.9916912674521239,0.9983838407832489,0.8315600156832886,0.9072184690564773,0.458287016832726,0.7595102826912478,0.8684191259000356,0.9274101139575063,0.5127707845046163,0.7925694859288367,0.7834730928250107,0.9167731897509485,399
0.9899744746248728,0.9969158874937494,0.9942225893298579,0.999374424873428,0.8696582293100855,0.9042174764368166,0.5199157046288653,0.7610544131967658,0.9927733410655113,0.9978054549100914,0.8365010937371725,0.8840159125701981,0.45554501842615136,0.7161065485173337,0.8745583543666119,0.9105655519677553,0.512030292777366,0.7567162673510117,0.7899892943311447,0.9159446408638616,400
0.98995169760554,0.9973597163137228,0.9929632603531985,0.9992829370311086,0.9096533043544491,0.9260582224435618,0.6849373908988642,0.8118201440720161,0.9925849013042192,0.9981938903906804,0.8864778667145796,0.9017616238384406,0.6296740259847297,0.7765795493254003,0.9124349706705139,0.9264981224061446,0.6744399519869333,0.811312778545968,0.8600980318526814,0.9337695681233709,401
0.9877487310315324,0.9961120006358958,0.9898494790891083,0.9988903432281012,0.7781865856072387,0.9019677124394565,0.5881657051662776,0.7860276551803825,0.9941780260684056,0.997914484392758,0.7782249411847407,0.8818031136061724,0.5234964188672789,0.6925882943542172,0.8029437731012586,0.907601789979333,0.5688311268886486,0.7139461105019748,0.6676899388922276,0.884352317671399,402
0.9901134352864567,0.9978097349633636,0.9936622778787197,0.9991685290476245,0.9121621664070939,0.9282672334820877,0.6745269548144223,0.8345956446115376,0.9933749938103129,0.9984645323218359,0.8879352879284516,0.9029155857005702,0.6163519931309792,0.8055381006683795,0.915390796588861,0.929034493149206,0.6644508878524236,0.8350418997692564,0.8542624641141221,0.9375197722968993,403
0.9896855975895336,0.9976357804853947,0.9937723143427775,0.9991542794176829,0.9087138887502257,0.9226662355764906,0.6141409472594798,0.8131778339936528,0.993090945896217,0.9983704240037518,0.879166916115852,0.9010511067176418,0.5472166693003828,0.7783779497046464,0.9098636672175281,0.9233586332420606,0.599877610939467,0.8114013068494411,0.8177895157517152,0.9339101788605981,404
0.9881347761768332,0.9974283707561511,0.9935915274060456,0.999245059693408,0.8643635267885231,0.929728532645552,0.492778640292741,0.7751957924185255,0.9924005577118024,0.9983634717244032,0.8287080535657558,0.9135868216670551,0.41887994176723686,0.7351206891547917,0.8671689704512504,0.9334560389690988,0.47531218859866464,0.7705198927250799,0.746256757311805,0.928824171031871,405
0.9917100781324776,0.9978479759900604,0.9951860261453991,0.999217201718853,0.897294992049976,0.9154926601309429,0.6418713638558478,0.7821995498866462,0.9942508442054098,0.9983388186976488,0.8717663216573402,0.9003848544915433,0.5825624463616428,0.7469455487259641,0.9021506240046501,0.9219644195864023,0.6322471556258776,0.782211367454979,0.8419868655623036,0.9298644184226221,406
0.9872886924907351,0.9974789969862952,0.9929297330829472,0.9992659062481039,0.8905407657545846,0.9180222030656968,0.5505822568356069,0.8047414198749852,0.9917927015621264,0.9982997353765617,0.8542836413012783,0.9037429685181928,0.47594730413460395,0.7685424334638632,0.8903347613685952,0.9251264422062672,0.5329748439960312,0.8019150748003917,0.7847024360587719,0.9284976700047363,407
0.9885498393289291,0.9989214872495821,0.9951273606513038,0.9995105961004237,0.88985810070305,0.9609904099043204,0.5465929701029217,0.8991469568063412,0.9938085049576262,0.9993309406035609,0.8517284042278704,0.9564465977251384,0.4629403925848688,0.8820923519098098,0.8890020796044474,0.965527019687772,0.5225420032262295,0.8979246527182307,0.7679168750618838,0.9567628544215678,408
0.9864961004943094,0.9982105814628788,0.9898022381245685,0.9992059456529547,0.8417058426508293,0.9088016028681616,0.5102539325323505,0.7547330407892149,0.9905642639227598,0.9981523814359131,0.8126521662849034,0.8792351059183938,0.44684168310797184,0.713248252887549,0.8513772708134214,0.9067997776884429,0.5013461091721839,0.7539043487164886,0.7759464809992234,0.9214958275502149,409
0.984668488237363,0.9968725661820993,0.9893792081412627,0.9991630794224367,0.8768663050958108,0.9176101641028926,0.529003111632606,0.6970918723608182,0.9893951972095439,0.9978432175412266,0.8400961740332399,0.8907591442188427,0.4551990995103973,0.6484160696183815,0.8778874431242225,0.9163400166468069,0.5127995993634873,0.6936843398864797,0.7791348824461803,0.8874301521558031,410
0.9864566768838201,0.9962370148445596,0.989175572460256,0.999306431567265,0.7939249627071013,0.9400423103533881,0.5706608786797832,0.8178427583904394,0.9923813296586946,0.9980160733338063,0.7921727490061885,0.9156879956180756,0.5084769669213471,0.74846332264197,0.82544244424859,0.9376405927944301,0.558246399303151,0.7747227419132626,0.7271956137105282,0.8856581042436266,411
0.9874239663506498,0.9971181406185972,0.9911954647571037,0.999318232404896,0.8723875515226751,0.9246870994947936,0.5380239854935978,0.7632598228790478,0.9907869387800924,0.9982431043345067,0.842930589259217,0.9033213469286034,0.47421668248570825,0.7213606148230576,0.8765295734366487,0.9274687266518127,0.5260655810269246,0.7584543126432769,0.7802267292778866,0.9103768161730543,412
0.9853841528546685,0.9971805975213409,0.9890961686881778,0.9993614966544185,0.8961368524030998,0.9448355787626094,0.6183500222694668,0.7644900658296191,0.9903493446575287,0.9984029000652611,0.8708050229801497,0.9255598302682159,0.5514338944498319,0.7217779534727164,0.899659695211139,0.9439974877358587,0.6009498228657272,0.7589857249745707,0.8035272467380571,0.9120847999016659,413
0.9856565120627031,0.9965211626087809,0.9908132791090759,0.999115558903903,0.8517570308250592,0.9183576748164461,0.5359862010394874,0.750946125806603,0.9896422732201389,0.9979440666066925,0.8165096318232526,0.8900448095642739,0.46725912378991147,0.7068418344873514,0.8575198718411967,0.9191670940763415,0.5258632403671584,0.7506018647505626,0.803998133971893,0.9137908891265404,414
0.9895550979777384,0.9974718759846928,0.9925929780751512,0.9994183702778497,0.9257671331824747,0.9439789044279132,0.702643693180946,0.8163906539489388,0.992442563392688,0.9984317933557406,0.9033582005717493,0.9279075461472678,0.649468757590483,0.7791000683991851,0.9266998541460765,0.9459883842787016,0.6905256748514197,0.8108124162294487,0.8624876055259424,0.9304222114531345,415
0.9866589523645456,0.9968870691017224,0.9897945570089829,0.9993153037546022,0.8846469660439928,0.9297101618098363,0.6302858465887486,0.7633689670647256,0.9896248612782861,0.9983105853327295,0.8596142434226642,0.9110169110107534,0.5702985958764697,0.7183989847810162,0.8909011855867246,0.9312769604468498,0.6207147983894026,0.7581117681674862,0.8359457398269896,0.9068329492970993,416
0.9885808508584866,0.997403953785297,0.9913844149282365,0.9994793595743146,0.9097992930646318,0.9416771437624364,0.6196391646934659,0.7716367568860864,0.9918669042592723,0.9986711933859528,0.8934100776826389,0.9240602290261241,0.5676343690662399,0.7323059836396019,0.9145147942339125,0.9411906497879489,0.6073871814119104,0.7699313057566883,0.7897180490078519,0.9237242295933474,417
0.9888519605249749,0.9966368249986579,0.9921926214596042,0.9991650470571273,0.8922539323646803,0.9235966195843389,0.6282732462847008,0.7378071451110328,0.9915152955284318,0.997953148950835,0.8670736213266605,0.9009406396653111,0.5688667634865231,0.6898482274974044,0.8964675899978062,0.9245363603970057,0.6176320856092085,0.732422232209328,0.8332559267173675,0.9017932576675143,418
0.9912869578066814,0.9976331410736679,0.9940271929189346,0.9993444200197734,0.9267539980228118,0.94509627586821,0.6476133648309498,0.7554669128346627,0.9940795483124765,0.9985886750130835,0.9099531113884425,0.9279936519183842,0.5952542665672074,0.7119981238975917,0.9299988224458223,0.9453883165555952,0.6347255331634133,0.7516115712154482,0.8055328372086705,0.9114162725158771,419
0.9850200128351948,0.9969665161704722,0.9891408194173433,0.9993321621100157,0.8887455773301061,0.9332108027564832,0.5710552252890586,0.7666261967260317,0.9892748436997978,0.9982163704930233,0.8623492120032474,0.9127388812759017,0.5053310789052038,0.7226505884172326,0.8924377591886197,0.9337950148422436,0.5555734525071099,0.7625327088557653,0.7790748503495967,0.9185515086309324,420
0.9825506123236869,0.9959497899060656,0.9872873705118324,0.99882471311632,0.7156682108798614,0.9215795103480261,0.5101015131650897,0.8828165160690569,0.9910320982285297,0.9980251551284581,0.7118440999778887,0.9047828807140706,0.4300440418780461,0.792355263848768,0.749174848315142,0.927701645551542,0.4839974107432634,0.8054542229270755,0.6522707289040626,0.8392547369831675,421
0.9851006452846912,0.9971931461599043,0.9911540542106158,0.9993179929576161,0.8749925451682031,0.9325693816073163,0.5217546240116008,0.7627664639414988,0.9903320590755078,0.9981371455233101,0.832114605459265,0.9045625125227139,0.44643966960797815,0.7194236639050818,0.8733346323659172,0.929109729873233,0.5054635303088867,0.7582831746320821,0.7898652208878817,0.916570680933493,422
0.9925432766032449,0.9976051612815233,0.9945694367819389,0.9995101873963896,0.9259291587457172,0.9416036049809019,0.7049325466006804,0.7659175781597678,0.9944982402960889,0.9986360148603209,0.9090741094352314,0.9250280497358399,0.6606208035546031,0.7197534255718665,0.9286680351537482,0.942491945937304,0.696915313509478,0.7574098893797259,0.8640056586234156,0.9089552415033683,423
0.9905926516648141,0.997500312947228,0.9929351342811048,0.9993732701281987,0.9187338693865006,0.9450927502295197,0.7303248662590538,0.7661078291472644,0.9929858976921389,0.9985216456084882,0.9025491444033431,0.9282969732277289,0.6864274507373819,0.7234404774578218,0.9237464094831243,0.9460100875110551,0.7239294229829605,0.7616948808512691,0.8810857165652249,0.9187601432297515,424
0.9885399237352279,0.996652916369693,0.9914727022531817,0.9992257768260997,0.9211809110672221,0.9413284120527613,0.6046468362684617,0.7355213932134872,0.9920656248893506,0.99846580095877,0.9024067874909,0.9230635426174939,0.548691147182208,0.6876156657847567,0.9238667923668911,0.9414191978077722,0.589975820321495,0.7306757208894101,0.7743641240841148,0.8998123428010015,425
0.9941448533695856,0.9985778438475221,0.9970208270150148,0.9995944172488906,0.9270186089041001,0.9584550127862536,0.743726453564688,0.9035699108857667,0.9962302309444467,0.9990534087160129,0.9062240958915899,0.9495277536285057,0.6978072133444398,0.882489368617175,0.9287705492323561,0.96134132748349,0.7362554001074393,0.9013755837685204,0.898270081425329,0.9691580730288422,426
0.9846799332427913,0.996818456345002,0.9890228978386292,0.9991477264284122,0.8784359968571753,0.954404648265348,0.5767927308856148,0.759221211041396,0.9885362578167995,0.9985820920182982,0.8488413267487706,0.9391983649465454,0.50842136527174,0.7140638487381592,0.8830594349495723,0.9543961325711683,0.561761749340357,0.7553905446075565,0.793063716851362,0.9240761866965922,427
0.9905540173491889,0.9974393125040908,0.992829895232205,0.9992660183752521,0.9136717235819046,0.9310964150319411,0.6933697231466761,0.7973476709364152,0.9925632179186282,0.9985946124696742,0.8990559314141681,0.9137127296951264,0.6495966477616187,0.7588313620412974,0.9196584770735162,0.9328705210066466,0.6864110973528073,0.79390855776086,0.850415139525126,0.9203446056692899,428
0.9908350387576591,0.9972826961132304,0.9930295465534168,0.9993470767094065,0.9257837377467948,0.9383004936160095,0.7304311992765994,0.8104206053333666,0.993369340936646,0.9983596400628343,0.9087529107782157,0.9208735756196349,0.6835413626686098,0.7733184822513709,0.9296031743940085,0.9402659765667486,0.7216447183036852,0.8059023456757475,0.8748515391738554,0.9217568151762167,429
0.9882686660347152,0.9973563041888216,0.9924935590579445,0.9991884141859595,0.9193590473238673,0.9516709058465819,0.65554940212851,0.832553489760307,0.9927031111261566,0.9977833931841652,0.8922092921145689,0.9404318372581841,0.5860427342775603,0.8052131797179484,0.9192465225839171,0.9531716322912795,0.6358645416149488,0.8292329720239452,0.8227526016814262,0.9300031730411182,430
0.990250352997885,0.9970788391422739,0.9938249418072621,0.9994539903403326,0.9195858144732513,0.936310331836718,0.6880529891175785,0.7971809735903737,0.9936194028515634,0.9982398138573352,0.8939786339260383,0.9093936246325612,0.6317321319936964,0.7594907241312068,0.919729539699165,0.9331300729229122,0.675939867774182,0.7938290871595296,0.8652486974493901,0.9152854056489129,431
0.99205106759059,0.9975379921320396,0.9944092689042672,0.9995308723345411,0.9276611328011076,0.9498939392437897,0.7265346613879774,0.7574944727761549,0.9944503782002211,0.9987536678830677,0.9100790034109031,0.934877968224433,0.6816826260589591,0.7238995084016746,0.93069043749067,0.9501614425719281,0.7189121117237199,0.7557825417128758,0.8784829485909823,0.9191784763068659,432
0.9882743608714817,0.9987654967035203,0.9918987639494916,0.9995137852315148,0.9034557931680374,0.9459162691156383,0.6746409947123129,0.8716537676968082,0.9923441008449286,0.9991481312234227,0.8796039080782624,0.9402022331811356,0.6156763208239361,0.8533048871940805,0.9075362325329742,0.9511819518844941,0.6622593075004887,0.8709534889013572,0.8511863013962865,0.9530760793491388,433
0.9871761362762437,0.9986982250225626,0.9922276664258501,0.9994993606037802,0.8800612806922679,0.9411241499609201,0.5845249555458185,0.8465287518862502,0.9913222785634732,0.999103823154705,0.8459283976922582,0.9331588180964745,0.5159974894780431,0.8234847272040927,0.8820096478429011,0.9462959090783793,0.5713539148903314,0.8453877211328696,0.82081280039421,0.9416948525808102,434
0.991917593991947,0.9971420651056527,0.9944613013966123,0.9993489472135337,0.9272664311745913,0.9507618284222845,0.6946812417009129,0.7442788348376136,0.9940066612271153,0.9985942226369646,0.9086835157989296,0.9343277218284682,0.6453069483708317,0.7065327034521087,0.9291516286106503,0.9504823376992478,0.6833331802828152,0.7404855961577159,0.848951019133222,0.9090968714694967,435
0.9801773020767249,0.9982376103744584,0.9920380969097726,0.9992941698778567,0.8776425057495558,0.9269305188172071,0.6143490147233572,0.8575845343852333,0.9873525363725586,0.9986262156599575,0.8104546458063102,0.9161306303931824,0.5067264885317063,0.83163765519804,0.8685247147382702,0.9343890856855994,0.5873089320072351,0.8581224968301037,0.8624371234489889,0.9557423853833862,436
0.9910762893050233,0.9978679759632405,0.9938072891043396,0.9992146355823011,0.929805957795542,0.9513204212367435,0.7698651940884793,0.8687811209628238,0.993810763699137,0.9989562400489258,0.9148469536589285,0.9431736939357502,0.725658691500735,0.8425119820951418,0.9340810896373222,0.9556943501314771,0.7610625732417069,0.8661928180359324,0.8913740692920648,0.9449667569630144,437
0.9887403448439968,0.9972414932771546,0.9917755055906572,0.9995703094688454,0.9235500373387988,0.9463697027946721,0.7031382151751528,0.7309649588877444,0.9919701810825914,0.9983993886619001,0.9042620275597772,0.9265048255641265,0.6553525833525539,0.6845932371672048,0.9262440105860277,0.9453091193180602,0.695106877793223,0.7211019277947375,0.8685114580755604,0.8868540747825152,438
0.9872782810966861,0.9975730254233485,0.9907366238833242,0.9993290399336685,0.9068707948294367,0.9229425207943011,0.6933587589913366,0.8090084199816835,0.9909206060022093,0.9985958435938641,0.8840602211993657,0.9030733453231199,0.6336281883904491,0.7741568053347817,0.911149287423201,0.924582805254793,0.6802469835432255,0.8046975377645358,0.8592746959262311,0.9255455953262967,439
0.9879534047405336,0.9971657484357539,0.9911549871409939,0.9994407710259058,0.8958288909661541,0.9217502029984155,0.6302076039220122,0.7131234169560828,0.9911512438485433,0.9981017803431432,0.8718172358793358,0.897563825382505,0.5753704490150896,0.6716588528063845,0.8993555073849422,0.9213479478286593,0.6210488343313401,0.713646158606664,0.8372143864381159,0.8991910957316647,440
0.9871877953917568,0.996840565589414,0.9912131035915358,0.9992930952862574,0.8917864567543371,0.9340709867513967,0.6386592718393853,0.7430728399283316,0.9910154019293586,0.9981031727287277,0.8647751983163151,0.9058369871386965,0.5796884292690977,0.6834117165510055,0.8951501363739224,0.9325035945004185,0.6281810427157435,0.7300011539651284,0.8491174544998424,0.9035404435691333,441
0.9846417921038206,0.9987409984866541,0.9895386647797528,0.9989196808095367,0.7416155943211215,0.9303470541103267,0.5273510770513281,0.9345521411297302,0.9912495227426692,0.9990504938254399,0.7182372561295508,0.9004788307185679,0.4484810828855698,0.903365301496991,0.7553165946661234,0.9277799570492317,0.502978032882785,0.9101759021765522,0.7188003050595659,0.8899737420632532,442
0.9874758384202358,0.9972105506595217,0.9918685629017201,0.999321023028456,0.8773794828207819,0.9210578705598473,0.6264929606580201,0.7114662069316006,0.9911481586479141,0.9983321410544195,0.8472249751031203,0.9026327471972269,0.563966406104694,0.6662751189411064,0.8818896671192441,0.9240918101004086,0.6174362516999563,0.7038875347063356,0.8513576898932517,0.8947222579157732,443
0.9901508086468499,0.9980846971756755,0.9924586587620536,0.9993570286380095,0.8904407918886308,0.9436907727071574,0.6518497779390057,0.7746673067373269,0.993076359281939,0.998977648410479,0.8733002824348362,0.9339622883647104,0.6056294312162694,0.7381960336886824,0.8986594100967835,0.9476449999109409,0.6465299838279671,0.7658988876915758,0.8438978187364605,0.9122817111840084,444
0.9893910936268232,0.9971061125852227,0.9921693301713713,0.9994747707343199,0.887377254703596,0.9407240559417076,0.6442301351976104,0.7356241209640553,0.9920597801956037,0.998376650076532,0.8607247924132478,0.9210093593458554,0.5898337735371466,0.684249812766247,0.8925694601364124,0.9404003698240405,0.6399097273102214,0.7295994945889377,0.8640606492089141,0.892577614679082,445
0.9908048570101308,0.9975710717210319,0.9940076490611424,0.9994305512275639,0.8555840279990135,0.9305623916151509,0.5244772252222817,0.7282280760473699,0.9933006980024662,0.9985298191291684,0.8266693042548445,0.9138739512074465,0.46848666914807086,0.6848593859991146,0.8631561216926777,0.9329720639624419,0.5210970716245027,0.7251059999040057,0.806019510996157,0.9026819021694701,446
0.9847236773488514,0.9962532152253377,0.9900915996852279,0.9993223153113363,0.8611888092687896,0.9139736452730657,0.5289161812837214,0.7042639677682014,0.9889118514034014,0.9978761013418687,0.8210219570568105,0.887483722155143,0.4576193096811527,0.6561508339491677,0.8624891638463663,0.9136361940059885,0.5170401720359048,0.7023849834471034,0.8051077552515797,0.886744637709537,447
0.990810994072795,0.9977603198703424,0.9928194602880299,0.9996250752007799,0.884726270508531,0.9263783770662359,0.6340077565931792,0.741664566563622,0.9922997331424088,0.9984671836689879,0.8601174192495267,0.9073395376846767,0.5850065847712143,0.6967775388766478,0.8907895758565945,0.9278219501599265,0.6316848222241067,0.7394626637973186,0.86238893099133,0.908426880629045,448
0.9911359896183283,0.997180233196818,0.9936672980977301,0.9993000977215922,0.9097997876394693,0.9320167113078144,0.6619406859714229,0.7464842678225824,0.9933027284445475,0.9983908280173606,0.8924104448076297,0.9117083043990675,0.6141954170211004,0.7068141336261394,0.9147393057132547,0.9330682405644871,0.6544559461916969,0.7483663877201978,0.8390040658960325,0.9068077797529217,449
0.9894781491664948,0.9970107416610293,0.9920651138093384,0.9993947268292699,0.8920905050836357,0.9158553918524672,0.5996938370501416,0.7283818425747697,0.9925694998729367,0.9981463539820391,0.8678176829929743,0.8937733609703293,0.54434247406977,0.6804645091595937,0.8971968647926356,0.9176141590850588,0.5917603103879931,0.7242479988172532,0.8201046595309869,0.8972198500166563,450
0.9895412226397899,0.9970851599120312,0.9926146636592781,0.9994348948929455,0.8947401888164751,0.9102002816549107,0.5978533159906245,0.7268360317792714,0.9923267670693413,0.9978169661337243,0.8685297405089902,0.882505407027979,0.541682217816211,0.6792068417490471,0.8982704775123603,0.9108954173763582,0.5893430000418722,0.724275546520298,0.8236791820524921,0.9090006845673846,451
0.9875403442980919,0.998571911956841,0.9889135072711844,0.998498734100703,0.629393895652756,0.8747184400771869,0.5530322314442402,0.7763539514297977,0.992649912962957,0.9981958466155832,0.6353942432338762,0.8578171375337733,0.49262593696105533,0.7807631979520795,0.6852970900792871,0.887636505967203,0.5560384210782432,0.8136636558560685,0.7427140370427024,0.9093323150122232,452
0.990281723974459,0.9970303548188516,0.9934037831753204,0.99919478744666,0.8960349328446676,0.9376321234707368,0.6614531396576286,0.7498647688591725,0.993114376473628,0.9980001755435494,0.8700139671589904,0.9138032207772953,0.6036138610433217,0.7123726187164453,0.8996469611923513,0.9359090934293045,0.6512244460566994,0.7535247406698297,0.8590811882418853,0.9257079267229046,453
0.9891565890587363,0.9976085807308648,0.9925219044633956,0.9994945384075407,0.8951718991486811,0.9431795126509924,0.5635950174053052,0.7969711406640736,0.9922095251852663,0.998530118905497,0.8645116983093016,0.9243150307398985,0.501767704437355,0.7578378228399284,0.8952081862942324,0.9424010813494513,0.5509507398352538,0.7909228037594559,0.7995775257052896,0.9276369657548575,454
0.9918092818751805,0.9972249379708016,0.994567691891663,0.999478991045968,0.9278944062704464,0.9441371287920891,0.6880818566722738,0.8068872592356985,0.9941557469058678,0.9987271953737799,0.9066138533252889,0.9233538512610966,0.6370921245209655,0.7725709407836069,0.9285123378683509,0.9422425678350436,0.6775397903778906,0.8080643517389458,0.8546703883528242,0.9296633846874626,455
0.987762504247572,0.9971986406490823,0.9912235935403991,0.9992631615979677,0.8954679464118288,0.9222126231341451,0.6467692006564848,0.7969437414682478,0.9900652124257322,0.9984337982389531,0.8716150932543527,0.9002106571768547,0.5906732180591521,0.7606028377490693,0.8999355439100281,0.9231421312165741,0.6372651425796979,0.7928928385420287,0.8428828037873647,0.9212875262003165,456
0.9883844059539255,0.9976474396918865,0.9925547840901664,0.9994705872937262,0.8844258383026459,0.9263736894364117,0.5092666819543458,0.8245187103326754,0.9918314214533093,0.9984530132763488,0.8514938410505267,0.9107904846836515,0.4438695179887482,0.7911357047020428,0.8847486560756382,0.9315536172959225,0.49545615627710315,0.8217449621023057,0.760917248927213,0.9321760086543414,457
0.989212925462469,0.9984229341048633,0.993057500008624,0.9994984393172185,0.9051972826806186,0.9494722612550239,0.604091027912589,0.8882960947589789,0.9925791925377001,0.9989361621991673,0.8764624293694656,0.9362196273688945,0.5430871981758559,0.8668822206457841,0.9053330088784752,0.951041248931828,0.5901872358083473,0.8878894946253121,0.814301581822864,0.9591886143868324,458
0.9849517458075182,0.9972351207726552,0.9893586383024322,0.9994303415360927,0.8686258460538284,0.9327706604430701,0.49059149815206926,0.8122134416436437,0.989148076734141,0.9983819413662003,0.8379946947563257,0.9175933616104837,0.4301903570943595,0.7735093916572786,0.8717851801311715,0.9368618096237477,0.4802074409891054,0.8058852419605526,0.7572746493000018,0.9252691346273064,459
0.9906980743611108,0.9979001023606339,0.9938675902271539,0.9994989374406228,0.8831680196209573,0.9129201364071646,0.6150644762481146,0.7927869120198845,0.9931883417501963,0.9984741443756507,0.8568155453998509,0.8939218600315946,0.5602689665405525,0.7583964866528667,0.8882078523334145,0.9156732771343195,0.6083851088675908,0.791265516425472,0.8434685205591943,0.9165889519394661,460
0.9855987414617023,0.9980296242844227,0.989068957844329,0.9994877264970689,0.8629556879279617,0.9376620047166369,0.5898575827606954,0.7824445902659498,0.9889798786997022,0.9988103465623748,0.8411975130881711,0.9244325964551189,0.5295925026588776,0.738558872490322,0.8745835763874716,0.9405185594093677,0.5810611089517845,0.7771011656002409,0.8027472852196452,0.9192670268042242,461
0.9922569232426023,0.997909046072645,0.9947474786828019,0.9996056614757801,0.8875426033815345,0.9030857195493996,0.6479701481016791,0.7048173124857602,0.9938642308361435,0.998301487761176,0.8611417645870146,0.8832806662267245,0.5980518045307466,0.6554150128518454,0.8925230933953736,0.9073058465640477,0.646145215301903,0.7017575927821045,0.8786190732127858,0.9016899860032551,462
0.9918694465709101,0.9992144521140633,0.9938429235702787,0.9998344701434196,0.9025250664282971,0.9652802256307851,0.6816529382290198,0.8512091445418789,0.9940175736134325,0.999408789252117,0.8850106735789609,0.9584131470269709,0.6422339012971335,0.8328748324141113,0.9084110636895835,0.9671298231991158,0.680066631909346,0.8502907891615801,0.8745942696021005,0.945451136207768,463
0.9906002906996695,0.9979305390280411,0.9951352458322634,0.9996709539240739,0.9129960705735713,0.9539921025825546,0.7033250546016075,0.7922266244723936,0.9934067914251512,0.9988151985084212,0.8837459623299284,0.9385592311210199,0.6440589660715339,0.7559582721048868,0.9131992930933521,0.9533551651872821,0.691848881533929,0.7862577529349525,0.8848893650690628,0.918218232070674,464
0.9843119029532194,0.9968211201325304,0.9883449223634324,0.9994347662292916,0.8677637872675438,0.9218046974683266,0.5886412372735329,0.6558137215090419,0.9885228151060671,0.9980084129598707,0.8361529328946644,0.8960948520808425,0.5175070773142989,0.5979134993573937,0.8728371029098646,0.9217608770651013,0.573899612097364,0.6434212851275988,0.8159190294973548,0.8731256393463248,465
0.9842088947746639,0.9988261410289652,0.9877137600883686,0.9997831669855181,0.8535342544200982,0.9301375886437093,0.5804173927424812,0.7504473235638096,0.9883128858029417,0.9988300379645565,0.8291117400923281,0.9158979947326321,0.528720790290543,0.7221285850787182,0.8622874740260447,0.9334950285063155,0.576878935415069,0.7521101823228343,0.8353745324530895,0.9206754383137982,466
0.985178256252884,0.9981745611907386,0.9893999850913082,0.9993925891348956,0.8598698708183448,0.9358553220219397,0.4404472311241536,0.7261816652374716,0.9897584874161772,0.9989983111396328,0.833129794836119,0.925623752113293,0.37410517532797805,0.691511442416944,0.8660786294573585,0.9400258686908205,0.42393828512317894,0.7199851155511457,0.679955736322426,0.8791713158975323,467
0.9840772469267259,0.9975526189155949,0.9898637346220951,0.9995976315285042,0.8470280619917152,0.912367441741474,0.49169618712857616,0.610700026369879,0.9887279347754997,0.9984328243967402,0.8016924810977193,0.89053261656203,0.4121518795718994,0.5709855021094511,0.8463816895331304,0.9130163155226625,0.4741332602264256,0.6197310137131467,0.7810064012463346,0.8667430200657963,468
0.9821859441427194,0.9976620062432127,0.9876364238779902,0.9992819504043634,0.8265324625012929,0.9210461366863655,0.5672390874430472,0.7257203115422525,0.9864202939154681,0.9981320327221993,0.790903893864986,0.8996201396079504,0.4879445905322278,0.6769045613028284,0.8363564058058983,0.9235698816099214,0.5515425515448151,0.717687205267075,0.8102542343034167,0.890167915703136,469
0.9888014829524993,0.9977916151392396,0.9899120092562529,0.9993728706148409,0.7020556156030007,0.8730087172165966,0.6204984872855182,0.8889444980291783,0.9947747680781751,0.9985020116031068,0.717778076904787,0.8664591560369068,0.5612914511822638,0.7900428272452583,0.7424294114494798,0.8893134046492653,0.6004717328480785,0.8116952647465839,0.6293062106942401,0.9090143866841283,470
0.9864948138612446,0.9972459207972928,0.9904369464048773,0.9994223717470241,0.8843289513280773,0.9303478566116836,0.6162086063494492,0.7426931414138743,0.9914060573943263,0.9982444760789883,0.8606409566665517,0.9001690652044801,0.5447733701373616,0.6714960360761117,0.8905652281154679,0.9269994346911541,0.5961265364731949,0.7224155532581893,0.7879742740080324,0.8914616294828623,471
0.9804872165483012,0.9978430623703765,0.9898229130425276,0.9992755416226641,0.8123107118199843,0.9009210799009714,0.4611719833452955,0.8179872714135701,0.9882264038384235,0.9983066324515179,0.7598187346240007,0.8898985817716956,0.3662667592410014,0.7887170622925159,0.8140763384981299,0.9117356440496521,0.43508550205654467,0.8195059404251784,0.7479115181749835,0.9374305233383329,472
0.9865408515061689,0.998293371632922,0.9900006452288487,0.9997343550938702,0.8878106054549023,0.9429189661756178,0.6069115576986208,0.723671840312253,0.9908666771700838,0.9988579187828399,0.8636680971607853,0.9272881577902466,0.5468644828041119,0.6877566113509647,0.892563208446203,0.9432792828546492,0.5945848650391057,0.7184891045020813,0.8111667735785567,0.8839026216157084,473
0.9915615337741335,0.9987468532229288,0.9941563101861387,0.9996951713416029,0.9214780953453972,0.9578306084759949,0.7605529596876182,0.8949388942553563,0.9939965850740432,0.9990413906362483,0.9050967740791859,0.950186800049642,0.7140087295818044,0.8743645319359618,0.9258904187003206,0.9616369345438505,0.7501287205211135,0.8940021207725831,0.8870902215043278,0.9714789657135013,474
0.9883521959486009,0.9979961612033446,0.993228483760926,0.9994795266068036,0.8864295637344539,0.9691256512565638,0.7160490525201948,0.8814640905812507,0.9911563635567191,0.9988930896981545,0.8526082929443458,0.95794038416114,0.6538323730725802,0.8495239224024722,0.8899629637506967,0.9692630069286323,0.7084410971586974,0.8723465273073955,0.9094382719932418,0.9455256590193689,475
0.9821917227168157,0.9974231959558001,0.9880981855662584,0.999289254889976,0.8410976111220845,0.9145581579659824,0.47666608415591655,0.6793798120645006,0.9874291032501802,0.9982925087857982,0.7943834993225145,0.8856355549162103,0.3987387434916106,0.6374781257301605,0.8421669533921878,0.91418158764075,0.46217705128571623,0.6817341495650328,0.7817344406197836,0.8872740432613708,476
0.9892286793345623,0.9980494541645223,0.9914921125045602,0.9996470490967126,0.896862561648047,0.9341888080393113,0.6135708957119251,0.7459595891854816,0.9918220139965357,0.9986155735340507,0.8738423125573942,0.9172856220513892,0.5620315788854316,0.7089316816010661,0.899686416133171,0.9358872291054986,0.6051818684717526,0.7419523779531116,0.8277833573689138,0.9047393114456685,477
0.98454378427651,0.9978535626684436,0.9893782003879323,0.9996605405279544,0.8908991917235181,0.9286443025192183,0.5650648043171792,0.7235007391693534,0.9892276737718225,0.9984797150891731,0.8634781565679522,0.9093272772480844,0.503153855782809,0.6832980811882646,0.8930485601849434,0.9297504250135246,0.5518487017523478,0.7188205324683224,0.7919860538799206,0.898181312793236,478
0.9870519069716807,0.9980795035987448,0.989768552716324,0.9997083161915915,0.8802356654097243,0.9219412605197881,0.5417672448645188,0.7154014938288966,0.9896851965714957,0.998525892140086,0.8518286561824806,0.9025850065930876,0.48261201562242384,0.6639756185826828,0.8834307914487572,0.9239314516632179,0.5310950431759786,0.7048944524186062,0.7877012977942289,0.875905206649556,479
0.976314768006337,0.9978346532438033,0.9717055731442432,0.997926884716527,0.21820899224092494,0.8042335049940446,0.5445573528156981,0.5984167601354217,0.9917037120999747,0.9973624273176935,0.2804843508189991,0.7867304032038395,0.4891537815896898,0.5406023841319458,0.31378877182733034,0.8250739148581562,0.534930977383002,0.5851253206158209,0.2836878406409973,0.8236790553284965,480
0.9888137209201622,0.9978682865480822,0.9923126054132058,0.9993167750041797,0.9248660495320042,0.9504769917406093,0.7157888580581585,0.8053098255661093,0.9925082373790614,0.9984515156917841,0.9045287623994838,0.9313939064934292,0.6605664480992638,0.7727421601724893,0.9275799583010313,0.9500124719237294,0.7023182713807198,0.8048720476629176,0.8598459378973256,0.9381774709555232,481
0.9854477909052471,0.9978977232816972,0.9893814448781022,0.9993535714220583,0.8342447175123762,0.9270293054337853,0.5318585274837336,0.8439102292862497,0.988028318497389,0.9988485484871055,0.8001800725534948,0.918865331229988,0.46831342015981736,0.814735324326503,0.8421409519265329,0.9343667430356652,0.523845097632518,0.839714653407731,0.8122167074138971,0.9301296478108145,482
0.9851994158969988,0.9979694909389861,0.9909658684538684,0.9994309083885494,0.8875737939687188,0.9416944125858574,0.6828045184755043,0.7774380184274777,0.9898950551458672,0.9982992966279773,0.8511163451143402,0.9162072447537966,0.6105419331002883,0.7277758689071142,0.889413431399883,0.9399827905383529,0.6687416972152629,0.7630129802576672,0.881841829948878,0.9293217273773963,483
0.9869866903132898,0.9983271667105911,0.988983479325204,0.9997132167349742,0.8643924367318633,0.9241621216890137,0.5965555370393404,0.7074560535492297,0.9900882402926706,0.9985923385185131,0.8444140842084922,0.9049173711126723,0.5508967099915612,0.66659661914126,0.8726825308484284,0.9258660519438453,0.593382563530409,0.7028666978940794,0.8334925843984513,0.8908809661964925,484
0.984270921453441,0.9976590698889731,0.9874720754569966,0.9996362660735219,0.8837289774983869,0.9201270790374977,0.6324362108611402,0.7070162542564637,0.9885087356525667,0.9983832740696814,0.8610249278584098,0.8987846378775626,0.5794040069832158,0.6659714091205831,0.8886150730965667,0.9209555655515621,0.6246140011021636,0.7059393444513025,0.8410362865680652,0.8867732471583819,485
0.9808094900659655,0.9976285996317289,0.9859720586096088,0.999577234156857,0.8313713926201659,0.9352547083142406,0.5353336084412637,0.731373623630612,0.9851008163598606,0.9983973070274357,0.7933771348192518,0.9154623268158626,0.4659107955357714,0.6875317974161428,0.8386581908706112,0.9358621080036653,0.5271506511266979,0.723426999587375,0.8223728730752187,0.8962191528201902,486
0.9814554320791913,0.9968680537109745,0.9859249270161113,0.9994589101741699,0.8589576150594249,0.9122023913881065,0.47534676294143324,0.7105728575260855,0.9868003562112017,0.9978483829172359,0.8261519628667098,0.8818985943166308,0.4059580800179842,0.6671523438483552,0.8624742843830216,0.910428270709397,0.45958647908991507,0.7114564751547147,0.7383957832018473,0.8975472337841037,487
0.9826167854348805,0.997511074728164,0.9867919945753836,0.9995518586706793,0.8256359452733669,0.9338121090674625,0.4775013590457313,0.7569510647136422,0.9878925917505759,0.9984358599667666,0.7895944659083765,0.9156606870725363,0.4126707743593112,0.71456300064443,0.8309302223373117,0.9354087760385662,0.4677897992705961,0.7496593943558255,0.781236536406723,0.9025615811318904,488
0.9826125256176463,0.9963675789915515,0.9874900863688351,0.9993606257898932,0.8780913347556331,0.8999933430835821,0.561470613726015,0.6931830535170136,0.9878366431712108,0.9977108130271629,0.8502029058765944,0.8695818165164398,0.49062589265952816,0.6428518321239324,0.8830454634852216,0.901290895894051,0.5438410648895395,0.6920681138633593,0.7711860166665926,0.8903634197974067,489
0.9889523463146229,0.9986106407452451,0.9938928906483979,0.9995811740902817,0.936631177684683,0.9558713226313047,0.7786462991050579,0.8687243727634186,0.9946990146036354,0.998972031659326,0.9201659524741694,0.9423090568513699,0.7156632899605255,0.8459403276048751,0.9400028685333474,0.9581873963197223,0.7561386810986467,0.8680565552440003,0.8643418285376304,0.9574380224116412,490
0.9872677899282308,0.9977386677290937,0.9899956968940742,0.9994797437631567,0.9251377046102605,0.9549074659311377,0.7457144332428521,0.8034944715885326,0.9911118887220162,0.9986411257231427,0.9075426809899556,0.9374737594121093,0.6966951096765093,0.7638318985544745,0.9281495810519506,0.9537570776590529,0.7347507240119041,0.7941125874179968,0.879953662506346,0.9235015282451557,491
0.9834272168600184,0.9977627944082904,0.9870677211008043,0.9995833865136515,0.8464778042636117,0.9384947666796977,0.5588981534245951,0.7735456829422693,0.9877013788064845,0.9983679661973096,0.8159684145428702,0.9162665279440516,0.5000631346399659,0.7216166893149136,0.8534564683167069,0.938371526366649,0.5538880337435843,0.7611463451824948,0.8311374846838813,0.9089597595376099,492
0.9856758740009282,0.9987774634642819,0.9893107427798716,0.9997974976663441,0.8702626445929935,0.9548360088870608,0.6291506541258833,0.7819396335664494,0.9888920502281198,0.9991579250392326,0.8433990113569333,0.9432945700059746,0.5749236975929579,0.7543060092169992,0.8757662993453558,0.9554768830243551,0.624076723928971,0.7784161788984317,0.858403365644811,0.9096154119431646,493
0.9884139169678331,0.9978927714758475,0.9909334794740882,0.9995145397503234,0.9163916608201192,0.9504073573550933,0.7263780237068035,0.8068763958369051,0.9919396544809291,0.9987238417377367,0.9009064047783393,0.9364910033073172,0.6844637519614382,0.7703321827124194,0.921179302430039,0.9518534197371499,0.7204224861412953,0.7993360737840705,0.8777652357976828,0.9124575825727195,494
0.9799395802719254,0.997270209248237,0.9846983997999772,0.9995085158341767,0.8617502717397527,0.9127681000913883,0.5960282650479822,0.6972372750333966,0.9848782682905018,0.998196460845605,0.8317766808139736,0.8887219470795169,0.533513203373186,0.6356802752161301,0.8677095415071041,0.9129528964649372,0.5865722593875665,0.685204622725109,0.8391870031986315,0.8946968706955485,495
0.9875948207865136,0.9973851750019692,0.9900239223315668,0.9994228639773807,0.9064487521081689,0.9325486339101802,0.6907582869962913,0.7506384580976494,0.9911267871631897,0.9983862392875202,0.885720862446298,0.9140117482565622,0.6412367404245368,0.7083390413616163,0.9101442176773057,0.9340470154818666,0.6822488112745929,0.7438944166578145,0.8641285977773239,0.8991705833929942,496
0.984188950314475,0.9976172992106856,0.9873069626702944,0.9994934773331913,0.8813275139284029,0.934590537001027,0.6462841693349518,0.7718461112858738,0.9882340390779593,0.9985339479847758,0.8565880039794983,0.9135281224773031,0.5909280401011875,0.7302758711668301,0.8878957450748804,0.934431713007072,0.6397383887437864,0.767826626731048,0.8569634502295914,0.9142731621282377,497
0.9882971002060862,0.9984959126875784,0.991192484479136,0.9995779018182024,0.8728682482385329,0.9348037833084839,0.6253506693043136,0.7531186446937221,0.9914573198579459,0.9989398090827544,0.8533188554746005,0.9229145900644135,0.5762806838515346,0.7090087325237758,0.8821629645907465,0.9384982278866227,0.62084713408184,0.7513684401351407,0.8413544725597903,0.9257745365494776,498
0.9849047812488687,0.9982901998361047,0.98667311476013,0.9996957813481466,0.8812107599852507,0.9453587864910916,0.6535437232442335,0.7715607766594158,0.9884369131534904,0.9988441561048967,0.8582860258522378,0.9307961245741249,0.6031743964054307,0.737957913491118,0.8865953183820403,0.9464091688938056,0.6480488179983228,0.767131417092548,0.8647749678800216,0.9103772123656082,499
0.9856944779592687,0.9979887467308425,0.9894951695369422,0.9994461205592056,0.8729687872812772,0.9416250612717292,0.6095305782894623,0.7550962632852795,0.9900083695897367,0.9987697733348997,0.8494215967745503,0.9283730175447803,0.5552944265068113,0.7179189831776951,0.8805424792389174,0.9442813187116291,0.6036701784914007,0.7486364511850374,0.8341681745082673,0.916716939830744,500
0.9849989121209908,0.9978459879593812,0.9892132986706311,0.9991784336706032,0.9018322142666787,0.9363688659951943,0.6560095876866097,0.7932145233986606,0.9892939550299537,0.998244416063999,0.8734070750499138,0.9146471269118466,0.5901086726704556,0.7605541880334605,0.9028968607864162,0.9367754417630303,0.6409848713105031,0.794783792741088,0.8432888123092876,0.9376560472164992,501
0.9817540237319157,0.9973968523102814,0.9872587156021556,0.9993805343683114,0.8573863228722213,0.9215463772278579,0.5695890627141496,0.72127641832952,0.9873423294681263,0.9982562677037602,0.8188822613263333,0.902197133970767,0.49878797899467747,0.6723969858319948,0.8605834374598763,0.9242358563633052,0.558568157760882,0.7124000732638461,0.8323134307391844,0.8947509388702909,502
0.9913132411511304,0.9988745191793758,0.9933484589858687,0.9997126696354413,0.879109399542341,0.9315588566255106,0.6234418215257397,0.7598667882189466,0.9934597114809548,0.9990157782957554,0.8578458665014459,0.9194320295857328,0.5811605425062797,0.7111621402078241,0.8862848921706731,0.9350710193592986,0.6244550952828088,0.756066194687714,0.863633675756443,0.9188283301102167,503
0.9858769061966636,0.9985719665667397,0.9893097005104322,0.9996192224592046,0.8873627771323659,0.9305745033737101,0.6077971569443276,0.7890263943290383,0.989551837826617,0.9988712513435029,0.8661223922317637,0.9177355358822167,0.5569069527388337,0.7399132232587083,0.8941200064509598,0.9344333095385072,0.6019447522928855,0.7837025960869601,0.8270145448687709,0.9329965301916874,504
0.9902622873804581,0.9979950494790772,0.9929145858683843,0.9996781710988834,0.9295310318370598,0.9544771033072234,0.7039034290800461,0.7627928742493718,0.9929632206028777,0.9987873683826215,0.9110131352769196,0.9359283616249713,0.6548408670536626,0.7254190559581999,0.9310839778487284,0.9524495443333215,0.6924842996220957,0.7558064869264373,0.8563969134499835,0.907965635486745,505
0.9840690290831072,0.9974945844457851,0.9891134917936274,0.999489351489072,0.8852282760034299,0.9322088809114797,0.6058365978158625,0.7555446127160353,0.9881096102564514,0.998352709775365,0.8550834013621598,0.9127592479025112,0.5399678201859128,0.7142818736879925,0.8875143577144153,0.9331730643117111,0.5918273634793983,0.7523476298620702,0.8205696037103151,0.9046414675449426,506
0.981939329714958,0.9969275895192447,0.9862602612546074,0.9991975739188155,0.825991160802662,0.914755138440816,0.4938746420401183,0.6713760265686031,0.986437828610241,0.9981609368999268,0.784362024195963,0.8824405174957832,0.4209232824769565,0.6177150711728936,0.8308702001061523,0.9127802168814642,0.4826294607704365,0.6630836106611946,0.7922970251659612,0.8766811574883684,507
0.9888900245838009,0.998081199364627,0.9904700506088167,0.999533522167966,0.9182335328673875,0.9445321913530879,0.7198769445817158,0.7567623228781754,0.9922192443868598,0.9988192448864195,0.9022260853110957,0.9297612912898124,0.6782541221985571,0.7179470441954173,0.9222823531104681,0.9460242848519089,0.713653107902469,0.7492548670298024,0.8755638651303206,0.899834370809398,508
0.9844239831826587,0.9970640248592367,0.9881165201646509,0.9993852356199606,0.8890407666922321,0.9285977493236443,0.5869591356229276,0.7023635832700647,0.9886440413233798,0.9984171906250802,0.8604074025490214,0.9077972093883951,0.5241938253281764,0.6603410618889304,0.8913906526493708,0.9282585991061966,0.5743813442934506,0.7007163966112394,0.8093706676222782,0.8963569679887764,509
0.988554265214609,0.9981826191576946,0.9899518274441765,0.9996238378026023,0.8862892320944196,0.9499013099854735,0.6837911079271921,0.7265549426659575,0.9912586792383248,0.9989995503557897,0.8672311758447949,0.9365746314227827,0.6370638969877495,0.689958987874455,0.8940863590988566,0.9502873802085824,0.679068195060028,0.7186287205450634,0.8691207778274547,0.9013859864741167,510
0.9865459189525908,0.998454360769388,0.989221207064569,0.9997327574188101,0.868936139531251,0.9498907892704636,0.5732629807483234,0.7409152086370254,0.9893797588511692,0.9990200662685531,0.8447282000045107,0.9364297972645331,0.5171447167684976,0.707685852651028,0.875890518695985,0.9503059708452192,0.565122459733662,0.7354376344987246,0.8042589610756671,0.8840988410527274,511
0.9882675576019762,0.9980863342684222,0.9888209428255903,0.9988774828430487,0.4915930826127844,0.8541164780293311,0.34541501520166357,0.8625759051387099,0.9930708120330846,0.9987169505468364,0.49404480156619907,0.8464353221129263,0.29499344306859965,0.7518736848637433,0.5388442230732249,0.86817761132086,0.3450004369468138,0.7800996682709336,0.6144517563400616,0.9123426866531157,512
0.9870989473202656,0.9978246330956436,0.9903032347823949,0.9994613576034023,0.8888214168370187,0.9434367514942706,0.664597111536262,0.8014450727678781,0.9904086877246188,0.9983170749184024,0.865571139051243,0.9273611100215716,0.6126987203569674,0.7592988850605844,0.8945903029290021,0.9458500271540464,0.6588952326964987,0.7927334720052738,0.865718319367567,0.9213179707602044,513
0.9887822846803105,0.9983503935893834,0.9910365393716256,0.9995984274025717,0.8988688589937014,0.9510785452103031,0.6018155421909053,0.7381627098558675,0.9916516659256702,0.9991169095216165,0.8795712064430005,0.939769578588105,0.5551673485064251,0.6773766807998722,0.9033703409550969,0.9522326671330826,0.5956809680651252,0.7290475669824025,0.8168086027253263,0.915841711707291,514
0.9841015877881384,0.99723407834597,0.987904112841847,0.9992264204864602,0.8748208417924614,0.9166667103251754,0.58896954837746,0.6588251421898216,0.9881726041315378,0.9978249173114871,0.8489194595919579,0.8888819477109433,0.5285683283010286,0.602803095032823,0.8795242443316087,0.916445828995493,0.5789323910106545,0.64986877629901,0.8142045800022677,0.873734712437482,515
0.9826793725790091,0.9967744364928084,0.9867793153304062,0.9993677015932578,0.893810165247953,0.9378314484011951,0.5879164716783343,0.7470424812769773,0.9878879714857254,0.9978002344745734,0.8699689810229546,0.910943821267661,0.5198132502058416,0.6906283644918975,0.898934300557744,0.9360399473913412,0.5702244508651164,0.7350133468060828,0.7719669475239301,0.9016848358659862,516
0.9884767734085177,0.9972225052044663,0.9913891376998711,0.9994561318256753,0.8993488061086462,0.9399037533154446,0.5599535245095094,0.7390631132450379,0.9917894505260969,0.9983015825338748,0.8761906763781724,0.9195443125977176,0.5061555878184161,0.6869468834244267,0.902404310517989,0.9393087789402248,0.5508970101650059,0.7282672448734726,0.7841744043849181,0.8994195786998916,517
0.9862137863477185,0.9975157877561726,0.9905424955097316,0.9993356722440399,0.8828008615513474,0.9351699901391249,0.6153832226915114,0.7267548245158768,0.9904439138503641,0.9986213701976171,0.8573906993022977,0.9160324464572042,0.5564718510012272,0.6726485516934548,0.8884841320626807,0.9364989959313264,0.6060378958856835,0.713401648289579,0.832146621858266,0.8986972139045755,518
0.987147408674172,0.9968318149591567,0.991046828295933,0.9989394272021516,0.8776942956581707,0.9206383824378984,0.6068717650174948,0.7059295734207677,0.9907428146301225,0.9981225337018501,0.8565958886177036,0.8872831129703203,0.5518924669868325,0.6607201266786845,0.8850570016351642,0.9175337038759611,0.5976352297254152,0.7056831684765169,0.8111404774326787,0.8997163037343162,519
0.994396765398399,0.9984441966546562,0.9973830461242996,0.9994649345705685,0.9267470598035781,0.9776553713988944,0.7864999193190975,0.9133737194966132,0.9969262513327369,0.9993438272075218,0.9108982306933591,0.9729456942563219,0.7370787523194676,0.8922708382968438,0.9311425882557329,0.9795055381597172,0.7732048595544055,0.9076394222543143,0.8922477718881193,0.954748875834813,520
0.9963538456501653,0.9982635021242073,0.997596524574,0.9993683068706234,0.9478545578462345,0.9843889760778335,0.8636573191939716,0.9016729670286882,0.9976206638792107,0.9995007236924262,0.9391557754338834,0.9816876862899744,0.8356700233114451,0.8748797899029487,0.9523602377909348,0.9860743145036429,0.858754967967523,0.8899470274503918,0.9378231704924559,0.9510036380912996,521
0.9962521791086508,0.9987983993536589,0.9978686166921351,0.9996808216418955,0.9627775014872514,0.9893759373804369,0.8927467740547992,0.9520964053607794,0.9974981760861987,0.9995419929461353,0.9535824860688117,0.9855907603537961,0.8680371256410317,0.9372347852117562,0.9649009963730232,0.989722361553664,0.8880773027053265,0.9471039885474636,0.9550697705176334,0.9723214118604319,522
0.996536133716573,0.9988136562611133,0.9979895217434196,0.9996038763844902,0.9692517462200231,0.9876964266960332,0.8917076116136847,0.9479474836990002,0.997830051748971,0.9995481447867222,0.9612494093144527,0.9837302954725669,0.8661258937253516,0.9331094341647883,0.9707743610304541,0.9881357057713417,0.8853323842740124,0.9431819304809371,0.9472927532115774,0.96875237463183,523
0.9957971573454363,0.9991596959920663,0.9970288626408548,0.9998133496059461,0.9621758665261047,0.9888310502020521,0.9108292548503,0.9558510166637392,0.9969910139120247,0.9995934630626989,0.9542464927432177,0.9846358042484848,0.8910140958672522,0.943827746567134,0.9652321368894542,0.9888702170975454,0.9087917176474036,0.9526848724100982,0.9674190304590006,0.9801259767603339,524
0.9965088969823809,0.9991273322060117,0.9975565143744847,0.9997757118028983,0.959008000320606,0.9831013063591407,0.9065076334768357,0.9571975811531103,0.9973250043820552,0.9994821725484077,0.951536432482776,0.9794174020630826,0.8864765739873088,0.9455411329860638,0.9624559560580681,0.9846083348583532,0.9043785834580066,0.9549813042879567,0.9647114213339448,0.9807388709068933,525
0.9969156328169354,0.9991856031053437,0.9978746018969176,0.9997726147030692,0.971112522349228,0.9917577739466547,0.9196842868470998,0.9649354410677705,0.9978272221062505,0.9996707918551088,0.9657114878405836,0.9891124259285436,0.8995047721580102,0.9544987068527094,0.9735117515747649,0.99210314485228,0.9147049982475052,0.961735068962503,0.958297381216049,0.9811094012749022,526
0.99170402296361,0.9990169328763339,0.9964684527883972,0.9996618182809559,0.910438478856354,0.979954448542463,0.7221547591052548,0.9468609857284623,0.995812180356187,0.9995686046045319,0.8880748411765167,0.9780178854646587,0.6546139718036255,0.9345747759267174,0.9158449620530882,0.9827032764814693,0.7027901681833718,0.9438059708937144,0.8529220027796831,0.9693281493400145,527
0.9745875689451479,0.9973825518685755,0.9849400089077051,0.9992950993533403,0.9114059606398676,0.9617093716913112,0.6317520523795211,0.7844385366533491,0.988506681996843,0.9982883095111179,0.8956831277709941,0.950064187850017,0.5237039399328527,0.7237916783329996,0.9201276094917192,0.9641797310597074,0.582154599132695,0.7614484681720977,0.6994879471148772,0.9165190137810925,528
0.988199590825855,0.9979112154876081,0.9894542736679681,0.9996142774430472,0.8948895705564508,0.9759959451055833,0.7725385077808984,0.892567668781915,0.990463583020944,0.9989682789098286,0.8811337680366538,0.9649178819797056,0.7341617974075747,0.8626046114080461,0.9057095029963541,0.9750702360933374,0.7708867697391585,0.8838387341011211,0.911059927426617,0.9503294070688709,529
0.9899555448685702,0.9979692702882903,0.9921912865574983,0.999605435927493,0.8852852704178749,0.9631830199640661,0.7420784092378082,0.8438794439638835,0.9925861266238402,0.9989339067308287,0.8731468621963755,0.9505576029304708,0.7047830589065834,0.8115369138830723,0.8983466406226864,0.9629908202107593,0.7431455595506585,0.8362378076366663,0.8987978836229699,0.9328973380636624,530
0.9893324249571597,0.9983921628445181,0.9912079357534129,0.9996992268992142,0.9336740753377377,0.9676396292676642,0.8486552009270051,0.9114947936626842,0.9918481793508275,0.9989262022808264,0.9220152363807884,0.9545615195410858,0.8199210173282115,0.8889675572649903,0.9394901738445649,0.9670264324541915,0.8462194307337083,0.9086908784425112,0.9411180581807908,0.9732093921222146,531
0.9880852379759761,0.998143042864099,0.9914366177976441,0.9996339244950957,0.9359770664499717,0.9728362136941383,0.7943649599650837,0.8756328618669479,0.9910145858353464,0.9990445409049067,0.9176877016895221,0.9605051417827266,0.7517833934476136,0.8467399971934397,0.9375925883894913,0.9715914995138413,0.7865033937538356,0.8681775863455649,0.9156945361340014,0.9449478705492599,532
0.9857663610658942,0.9985123271898305,0.98763731265995,0.9988986250000328,0.4940149795233803,0.8244722481751902,0.489616843340073,0.8891557587456301,0.9935551173346997,0.9981672314164054,0.5106091587990772,0.8120015029368781,0.4260978581490968,0.7722036037720293,0.5470581213633582,0.8399266570500518,0.4726441858668435,0.7901149847252185,0.5675179287382232,0.9074507921386171,533
0.9871111831683755,0.9973988114561197,0.9902705163155167,0.9994186661483409,0.9156822766220731,0.9581210367237609,0.7708379568158993,0.8334427391651598,0.9899738104298834,0.9984292649163352,0.8992365245497805,0.9392455287924343,0.7270611947222634,0.7932336219860568,0.9215707701678248,0.9562425824593762,0.7645444281966601,0.8242542494389288,0.9036095370782214,0.9412605257630551,534
0.9872859496876553,0.9981224445040131,0.991101552769542,0.999368169394777,0.9306262111294294,0.9615831844654491,0.794146565676233,0.8508014519099759,0.9911781810479869,0.9988495759696482,0.9125474634924506,0.9481360368422478,0.744133400062788,0.8090614086041843,0.933962361404137,0.9623746885503434,0.7816517722962154,0.8381485424900613,0.9015294026100658,0.9240831735881377,535
0.9715638439398572,0.9985510847370643,0.9880245509689283,0.9994674280819601,0.7616965486162673,0.9796348033597557,0.3723130467081491,0.9348366325668112,0.9889461929914999,0.9994602347707018,0.7182940735576336,0.976291442975076,0.2603654991923008,0.9169218875397351,0.783047774518889,0.98181954412217,0.3282076778167191,0.9290827663547611,0.5741513725874158,0.9594891000977928,536
0.9838691535244042,0.997570193682822,0.987027868297808,0.9994911319161215,0.9009414405296405,0.9515385185421771,0.7429417168665375,0.7927429929360345,0.9871572710666779,0.9987031501508937,0.878053526428848,0.9365148237160532,0.6941334325109786,0.7537816885301187,0.9068881539129183,0.9519486359200937,0.7391641934444169,0.7839222062704908,0.9071577007757379,0.9256703198977633,537
0.9826260917173715,0.9975937949446476,0.9876133827644866,0.9994169027665702,0.9183006281819297,0.951986204686607,0.672028337138274,0.8102714858480599,0.9875702328064353,0.9984332856360838,0.8892189213846542,0.9340589133295335,0.6085141446349983,0.7654989879682538,0.9169256522263386,0.9519073300345977,0.656537661276459,0.7993284762280477,0.8468940710828224,0.9183388402111515,538
0.9787237461267669,0.997835564392037,0.9860646721132988,0.9993874846725164,0.8618316743951938,0.9439181526779024,0.5439946777851147,0.7950234673248978,0.984969382332076,0.9985063283904947,0.8193787663684262,0.9239318944998255,0.461938525271094,0.747882199643903,0.8628797038274791,0.9439773534528922,0.5254158211152393,0.7841579425331587,0.7967702303320044,0.9152513191200975,539
0.9834585575098955,0.9970626482061902,0.98756265509692,0.9993881391259876,0.9178114088541492,0.9481041511347594,0.6785081745931741,0.7892925116705077,0.9874598431500179,0.9981128307215094,0.8921350206745507,0.9249369089473067,0.6173461017756425,0.7409663017716335,0.9187591254676793,0.9465847355961226,0.6640258031003552,0.7792519974892823,0.8470526651381555,0.9182064456182343,540
0.9913541898110565,0.9979841343659122,0.992695086158604,0.9996180325296832,0.9396441657771499,0.9581235089635524,0.773469908512384,0.811676248734189,0.9930925450037744,0.9988984389804132,0.9255380102413656,0.9444958140180023,0.7358836935857563,0.7686633623488824,0.9416461214292525,0.9581662846692036,0.7664508967020128,0.8031779024702815,0.8987042259291137,0.9262406468269827,541
0.9880603249936617,0.9972925303579122,0.990917983430839,0.9995762104938262,0.9151446666194768,0.93390836134555,0.6626604326742501,0.7795765107644584,0.9914784600523124,0.998355926706497,0.891775403978755,0.9105200219768529,0.6106080410437225,0.7416583395233906,0.9169842624296877,0.9324210348261666,0.6537799047739636,0.7762242521280728,0.8543322530315995,0.9099804795855482,542
0.9811124903682407,0.9978913792539313,0.9857182832298218,0.9993481177598724,0.8803813465141673,0.9515242071257707,0.5472953655841583,0.8162724538329801,0.9856651816187484,0.9983638144065728,0.8444288431600558,0.9291202378135182,0.4736098252739527,0.7822765397534585,0.8795759504284641,0.949995561785804,0.5285167285915536,0.8143812806904713,0.7789227159962051,0.9410944157214697,543
0.9867370010319381,0.9973739475390748,0.9899093233510233,0.9993301244746431,0.9194555666042832,0.9465900186499931,0.6294294333069415,0.7966656288514273,0.9909603108656968,0.9983458531924542,0.896197570514738,0.9217851322884554,0.5693278984338712,0.7455938294018607,0.9198984452053293,0.9449677492192077,0.6135147173917911,0.7837546521245525,0.806956272154761,0.9193417183066301,544
0.9871950468754829,0.9977614665083833,0.9915879229742792,0.999535743256263,0.8858839149017174,0.9277279681464848,0.5630651965464133,0.7961426647734037,0.9905918743703119,0.9985188426707637,0.8599055265969892,0.9089203227607763,0.5078270304778048,0.7590009118189671,0.8898955006163196,0.9288808786102739,0.5546708626804818,0.7927034223576042,0.8000478134761296,0.9271570190919266,545
0.9881829469166026,0.9973703548951254,0.9918606756098517,0.9993045583993072,0.9049914409105191,0.9335714969704154,0.6182933871037216,0.7954520077672301,0.9914875372373908,0.9984057343122332,0.8769469046742397,0.9131402432506655,0.5573123348108527,0.7570120513686976,0.9055027837276877,0.932906222934181,0.6055377786260279,0.7900497761914687,0.8250915897481461,0.91760237238518,546
0.988260289035274,0.997695590437266,0.9901038331817728,0.9996131405480445,0.9294728971081159,0.9594227026718363,0.7452864737946768,0.8461139179901555,0.9907326093170218,0.998638209534696,0.9109057092490641,0.9448545877962526,0.7001194835928319,0.8119077593691176,0.9312294058631935,0.9597518359338727,0.7371747775773537,0.8396858700236118,0.8930122961640752,0.9402179303526096,547
0.9876369281612115,0.997588953272833,0.991654500668621,0.9994499136249916,0.9088699171515477,0.9483927751166916,0.7092760190346762,0.8310463212177293,0.9909764330867111,0.9984073945106691,0.8817894461512624,0.9287704771419926,0.6544062926811453,0.7924997970426428,0.9108951482413513,0.9480501735015384,0.7009875984790336,0.8256745674784108,0.8910520860427981,0.9429934138229361,548
0.9858834623348302,0.9975153568946448,0.9895691989522349,0.9995431604694558,0.8944402147958431,0.9501499376051851,0.5734794006815316,0.8149108044709888,0.989823021210005,0.9984854994575998,0.8675928082998953,0.9305793257931139,0.5157680040546218,0.779892263980602,0.896639487860996,0.948204631763102,0.5629143673849849,0.8109523348257064,0.8029639987646323,0.9263086145834345,549
0.9871121800514984,0.9974271459422629,0.9905843623943568,0.9994933935273843,0.9002562542965601,0.946019914912258,0.6705427227652704,0.8154893933778739,0.9903006048924112,0.9983999027704117,0.8727668850091918,0.9264741171889073,0.6142845003520921,0.7737245720002441,0.9020964200533967,0.9465367054512984,0.662180245440334,0.8085161226528373,0.8704888312421089,0.9341594562532805,550
0.9915533570373545,0.9979229867965393,0.9934907612510471,0.9995176206863646,0.8452567228792526,0.9492970096990089,0.6763734710757676,0.82233710511425,0.9929818179396053,0.9990319457839406,0.8265059037621659,0.9464939589235951,0.6310710734279414,0.7887680281360372,0.8606588642918108,0.9574377506889966,0.6783933304881765,0.8128300624580732,0.8883981755128286,0.9134265272319568,551
0.9881566152196761,0.9974621821073839,0.9914780163426044,0.9995038335979918,0.9183664376716231,0.9455358301805943,0.665930645523791,0.8106219653410136,0.991287840409889,0.9982806198029596,0.8957686270472526,0.9234665434124897,0.6137298514626056,0.7725087204786946,0.9193698295518603,0.9438282621160888,0.655301451614463,0.806001820576982,0.848941883975437,0.9366873660351839,552
0.984767656735146,0.997492890854569,0.9885636073529837,0.9994629642129179,0.8694821248476285,0.9348550837525798,0.5670100656727352,0.8018349051535736,0.9882010500898873,0.9982900513456539,0.8389756314177433,0.9131532799995498,0.5010368344250988,0.7641789345125256,0.875123280926295,0.935039892328622,0.5550605914103672,0.7977891155245725,0.8065404230032421,0.9277778004078703,553
0.9894245658248667,0.997808272038247,0.9928034508916086,0.999591726694421,0.9283410704623637,0.9433298989865067,0.6827364081320775,0.8232482824018778,0.9924707360542949,0.9985611554178634,0.9049952294207866,0.9243986436633788,0.6290321137630769,0.792607168931231,0.9274932249179721,0.9424351068058611,0.6702576429475938,0.822043798593545,0.8540556268579738,0.9318636291300516,554
0.9881199305842915,0.9978076464591216,0.9922413913513393,0.9994077576968765,0.9115781398454764,0.9311719115414726,0.6593543782499902,0.8008996192177348,0.9917264276681568,0.9983707028990374,0.8899150058783545,0.9135896855831402,0.6056108735181541,0.763610686442196,0.9144851624420695,0.9337652937992803,0.6494543262573158,0.7967184651480568,0.8381314194215203,0.9348190015049707,555
0.9904843746190823,0.9978663964721008,0.9929894620508453,0.9995731954930834,0.9410694292332638,0.958755401615992,0.7530400387482714,0.811802458348584,0.9930881357482036,0.998835703027496,0.9259039376082475,0.9433262457243066,0.7113215982498798,0.7789479831472884,0.942795883756066,0.9572680785184813,0.7441254293899328,0.8100234147326381,0.8826653583812288,0.9353856547451976,556
0.9879814544369372,0.9978675608014898,0.9920620560624697,0.9994990178103035,0.9070922746259952,0.9483355727187559,0.6806446253857169,0.8470022400735835,0.9915464301044375,0.9987164015953406,0.8806397793010179,0.9348689014454191,0.626072371246923,0.8151497544568976,0.9097830785497757,0.9508222206907901,0.6731880372296635,0.8425966075619459,0.8763046110157344,0.9445725609966109,557
0.9888507230621025,0.9978290697537168,0.9914680331921422,0.999638712859485,0.8895773472575891,0.9393164779704034,0.6278704858744013,0.8145279502801607,0.9920131902885306,0.9985403277975968,0.8643175993891798,0.9249528374072987,0.574702631088003,0.7791407039640549,0.8936066863861936,0.9426898410715462,0.6205029318186392,0.8097272476436801,0.8473918289412516,0.9355391441418583,558
0.9870234555410681,0.9978150839705605,0.9903059102235628,0.9995074041470291,0.9088763221762044,0.9347917900840186,0.6003565893349558,0.8101977688063547,0.9909108351528108,0.9984387797205312,0.8817246538997145,0.9199215357855244,0.53672268917859,0.7733304562537471,0.9084486433834975,0.9373140472483347,0.5844443117525135,0.8057906426159435,0.7990220040853281,0.9342917015436363,559
0.9860668019636706,0.9976544598353608,0.9906664329630231,0.9994541477665405,0.8918004712642074,0.9435566967815519,0.640697516770956,0.8212169397230147,0.9890975151087262,0.9983766164712295,0.861864703555993,0.9198147382858416,0.5769328286236431,0.7834697329804304,0.8944805596628828,0.9410690947496955,0.6287558439221377,0.8164588163406057,0.8515886973766509,0.9301016718281981,560
0.9922726371573355,0.9981637116203785,0.9947017543490284,0.9994038852011009,0.8938968309221076,0.9352258045212067,0.6960397688326158,0.8587295478709296,0.9935326047307643,0.9987860079361786,0.8696187833144423,0.9241781059949984,0.6490258744990449,0.8326286027921068,0.8999242382041621,0.9401579397692945,0.6949680494793214,0.857437598992149,0.9001549785018588,0.9465352818625182,561
0.9885342409659983,0.9989864439378654,0.9945651145635526,0.9997093835193895,0.7722214845048192,0.978385943494937,0.3824189316433272,0.9479864264558872,0.9929750273516558,0.9993719661943116,0.7232950045160733,0.9732994651954596,0.31523210267019475,0.9346869514445968,0.7736010677522366,0.9797026782536177,0.3664700601228217,0.945668190101084,0.7209933313640201,0.9798036513356315,562
0.9874148569325677,0.9983308923785802,0.9915121302936892,0.999568701888231,0.9189268098125057,0.9637114539963967,0.7371227878594017,0.88616857793822,0.9909114819895463,0.999039118033661,0.8976601121572512,0.9543209473489794,0.6853578875432828,0.8619414370962251,0.9218861917811537,0.9655622626868196,0.7268985369113139,0.8833388915907856,0.8849097178291441,0.9583239864375193,563
0.9921915085041089,0.9983769553618372,0.9951760040552958,0.9993620764642052,0.8922848818838615,0.9823494636368943,0.6333782982182232,0.9084983245638769,0.9955383543387446,0.9993774234114039,0.8786628085745333,0.9812359432194576,0.5742231406275944,0.8865833792258797,0.9035748775200557,0.9854061951258086,0.6184720338716448,0.9027626741046468,0.7856793350958138,0.9522010712963345,564
0.9868162449026373,0.9980236174263966,0.9929628378279357,0.9994818541093035,0.9225265804044258,0.9376272065485097,0.597853404595016,0.8245241790415578,0.9924687134437431,0.9983979535558677,0.8908801686521675,0.912327598184511,0.518616205308954,0.7927976928603406,0.9196982763276246,0.9349787146065656,0.5719453506134885,0.8239738038839791,0.7749969705828831,0.9510673321316477,565
0.9879868261930439,0.9988138847438662,0.9912473389626296,0.9996359633696021,0.9123029818972365,0.9617895536310586,0.7344243200350633,0.9135569743605279,0.99158464689349,0.999169451215715,0.8898984764533481,0.9542547362007221,0.6832562514705084,0.8955455819684481,0.9157175403416459,0.9648492986271329,0.726041764156576,0.9123372667680204,0.8931431010918972,0.9718521080157116,566
0.9923030070059491,0.9986786840291852,0.9946121045795527,0.9995920565672395,0.952826646575939,0.9654570123762917,0.8173828129522768,0.9167229792154578,0.9943185220802934,0.9991760574165108,0.9409026614068091,0.9575473620146668,0.7816466350710832,0.897912366362083,0.9545551430230299,0.9675913694601527,0.808792809374487,0.9144444652067895,0.9108270939191446,0.9695271626938005,567
0.9923933331785644,0.998862008203732,0.9946711278715735,0.9996837621521658,0.9270151080535227,0.9644012771120998,0.7471414221798724,0.9167474962670908,0.9946471528953436,0.9991873713838015,0.9077548519554517,0.9566824574675507,0.7053322107638967,0.8991685842620144,0.9294771815369335,0.9669457289839495,0.7418814801085165,0.9155298106731187,0.9030231510648391,0.9740154028489836,568
0.9896808360496041,0.9984988972198537,0.9926004067854807,0.999579373125168,0.9199029197722343,0.952254285108918,0.7596822725375632,0.8728628282208767,0.9934131473165829,0.9990517962973244,0.9031611110940927,0.943132513338836,0.7114500828066154,0.8501687153768477,0.9255186618333686,0.9563392500561682,0.750441833829365,0.8722490049925157,0.8915847576898236,0.9554800798175019,569
0.9867749890457485,0.9983184730418978,0.991281213860246,0.9996142129285635,0.9044720112866276,0.9577185039473814,0.6861540000917519,0.8919109508525689,0.9905793123261659,0.9989944018558246,0.8770206531251171,0.945973744892609,0.6244823078142058,0.8695306364825904,0.9074873449574904,0.9595298845209279,0.6748788248880793,0.8895327442868711,0.8657473266076214,0.9595024768073206,570
0.9896287449716579,0.9991498305921896,0.9930618269090793,0.9997394531162946,0.9150296408150119,0.9742104720192373,0.6813727584554506,0.9392512485460898,0.9925108543647201,0.9994179018626547,0.8890737542541711,0.9689826301094112,0.6260629613286101,0.9262558228099893,0.9152460108005464,0.9763092839258084,0.6702888288802379,0.9382446464645098,0.8642826393664239,0.9796222878068721,571
0.9942331310038645,0.9993036841395646,0.9967023709035383,0.9998293571246726,0.9182800487940852,0.9797444680869287,0.7812098097081036,0.9540520915485315,0.995545484515671,0.9994879402180044,0.8977302518540454,0.97477641940726,0.738734503126329,0.9434329586911852,0.9227063367129547,0.9810596813606807,0.7775390929856183,0.9533528478969787,0.9276035894236216,0.9868344174597918,572
0.99079918720231,0.9991511330525364,0.9937379556157376,0.9997623410414621,0.9456485368023261,0.9759057155241385,0.7514311527353897,0.9365573286821635,0.9939995168251063,0.9994435389305244,0.9279538364576427,0.9705744351761226,0.7023473546055963,0.9231215323036982,0.9460719498421691,0.9775611733471603,0.7387888236360997,0.9350986803625791,0.8743199530447122,0.9777675812483382,573
0.9905441329158176,0.9988462715185142,0.9942003048446567,0.9995786968493293,0.9072636961434942,0.9609530083995121,0.70161963062682,0.9283166681663467,0.9935403089454284,0.9993104932759863,0.8846422214969872,0.9569866706990705,0.6464055569990109,0.9132836819542623,0.9113916675682497,0.9660106449288062,0.6914124511968146,0.9272152763766384,0.8703069908270863,0.9695398050915789,574
0.9904885538270422,0.9985686539953773,0.9932746747602146,0.9995777468228628,0.9317276269232972,0.9619972941977671,0.7195756971173778,0.9257158557937496,0.9935960734924666,0.9991303624661101,0.9124293519625792,0.953337981076148,0.6714018698066376,0.9109155148372917,0.9329690231008575,0.9644797866690515,0.7100124439079222,0.9269031384462466,0.8732741586872165,0.9746632591470907,575
0.9893704748060261,0.9982443173753354,0.9912154676781645,0.9996638657758699,0.869858409176352,0.9437799868978898,0.7260338932785052,0.8980300458650441,0.9946505063721734,0.9988616981978105,0.8765421036811291,0.9347860315872705,0.6771903772611095,0.8858145352777916,0.8931899447391338,0.9483465544274092,0.7085596136909074,0.9009094362721194,0.7650367831350373,0.9115301437902111,576
0.9927570464288443,0.9987044067749369,0.9947812223560606,0.9997164611380805,0.9466139452540976,0.9656147009158097,0.7959345368788804,0.93347396032351,0.9944126900087565,0.9991933810357554,0.9310025058932484,0.9605656403504672,0.7582581597699531,0.9206941401596115,0.9474017701192841,0.9686506410936583,0.7886132046485144,0.9325974738688875,0.9144442308040263,0.9757806184583824,577
0.9898251339196434,0.9980248723474726,0.9935832514112063,0.9995288940153135,0.928991092314644,0.9452961904463495,0.7233796991859972,0.8542831109072507,0.992623337737386,0.9987593007583551,0.9036203185238338,0.9333056585870179,0.6670041313721408,0.8257904791456262,0.9285136845397279,0.9487347190486248,0.7105088016000495,0.8521016288108767,0.8807480511918392,0.9455149474802303,578
0.9865806561065413,0.9985404797257732,0.9914121393218374,0.9995654224070385,0.8964875241227614,0.9595880331139448,0.6107754566563475,0.8896924190263653,0.990730134546479,0.999039304431792,0.863263304484668,0.9506701244633186,0.5467827062886967,0.866309724859126,0.895857797883668,0.9623596407746021,0.5983897599210038,0.8864847879701315,0.8385696578019359,0.9633341198977085,579
0.9902515901099225,0.9980609563576327,0.9940762512034776,0.9994764888111495,0.9319739508433388,0.9466791534509651,0.7135046895995671,0.8639935580056338,0.993052237999554,0.9987016377746383,0.9094604587414606,0.9344642811276592,0.6606169241646633,0.835463827595063,0.9317282766739862,0.950181565792178,0.7017502717925527,0.861026622463318,0.8691364653412597,0.9535695711825452,580
0.9930147699870189,0.998468022211466,0.9950758670988447,0.9997245850598822,0.9148330580610031,0.9570746039019324,0.7288759879961652,0.8989561225046624,0.9943798941481653,0.9989316727686923,0.8960540677762241,0.9469729632081358,0.6905041304892723,0.8768462956835438,0.9186914316503978,0.9597908630379216,0.727745253210402,0.8973090991575969,0.9088141498848573,0.96747259534919,581
0.9916009049688151,0.998118064018472,0.9938707799279446,0.999676612069701,0.9241593554921459,0.9375027827601489,0.7198039696257968,0.8383395557593503,0.9936022854414555,0.9986445230296969,0.9013230534394381,0.9247643344947243,0.6723793936204333,0.808648480473292,0.9243789639981855,0.9420274049529618,0.7123292696374143,0.8364617469833221,0.892869992218235,0.9458951372995231,582
0.9882596323098973,0.9980940720620252,0.9912505798179743,0.9995141012558337,0.9257790481315865,0.950607003679603,0.7663870661622947,0.8297447311477744,0.9917545828242567,0.9985492861316096,0.9059906211711308,0.929999219449589,0.71917739750929,0.8008980092844542,0.928306163219734,0.9481134056596443,0.7578623344267588,0.8300036856923806,0.9031272240668619,0.9448847637043094,583
0.9918988052833766,0.9982829219513868,0.9942513255316154,0.9995749478171888,0.9174782575855648,0.9356385319000542,0.6747098092857837,0.8608491888278055,0.9940974822444264,0.9987499416545675,0.895502014023288,0.9223675381646923,0.627090285331057,0.8378641617082099,0.9188626406007934,0.939343236205868,0.6674011097794195,0.8604557263088892,0.8645976396191876,0.9604457129969819,584
0.9918119483369383,0.9979833561145588,0.9938869447584994,0.9996832566728853,0.9400705332625923,0.9536265209753431,0.7500160895139087,0.8657852097417428,0.9939166516818049,0.9987927825430292,0.9231879592066099,0.9364032358889544,0.7080180181660486,0.8350525347213207,0.9406601287400439,0.9518908402669964,0.7418363109711308,0.8611574569924917,0.8911070252391586,0.948320104314633,585
0.9891291339612799,0.9984766797006713,0.992141379397078,0.9996448908527769,0.9496467081281077,0.9635632024985152,0.7603573252031011,0.8797145114820257,0.9925932435457888,0.9988948039617954,0.933717020722476,0.9483194564932824,0.7147714352029726,0.8557784373999346,0.9496899294819995,0.9616839583606024,0.7481234196810809,0.8781459806031849,0.8769696534427507,0.9620998297944299,586
0.9894526751820054,0.9985559099269427,0.9922616803878526,0.9994755185282387,0.9016043770733724,0.9487658437833756,0.6980705478304625,0.8937891562334893,0.9919394573397287,0.9989309195117267,0.8786321823071254,0.9402529927836979,0.6506716274303804,0.8726892983915627,0.9051260416264527,0.953887353281045,0.6923715863208829,0.8934331047514169,0.887399446539779,0.9656877470519475,587
0.9871259771034064,0.9986781111399341,0.9920503675971786,0.999690559565877,0.8706489174010904,0.9512327864331064,0.6361145063760584,0.9005258526325414,0.9907240068395013,0.9990010353019503,0.8319419743894857,0.9430037203319274,0.5736537355063692,0.8808353373970615,0.8727341124606138,0.9559525105256592,0.630306802240492,0.9003357942736143,0.8875194036550227,0.9690810880859839,588
0.989690765504781,0.9985384686806331,0.9924363172421258,0.9995533635797713,0.9267380522747909,0.9504047097875458,0.7182241269420576,0.8917164801458738,0.9922338427687107,0.9989583291253396,0.906975343371707,0.9416009048978149,0.6714254487582483,0.8695201067313322,0.9280577097434218,0.9548511883252911,0.709908925472673,0.890229820854232,0.876152405912689,0.9652217358010934,589
0.9914737553892996,0.9985784046051794,0.9937520527180542,0.9995918457733989,0.9281156761895345,0.9524049451444795,0.7794272334032954,0.8929398514551706,0.9935639959777373,0.9990154649566627,0.912592024943542,0.9440064183562709,0.7414982532884296,0.8716306353684377,0.932203952141631,0.956662887658561,0.7749034055809108,0.8916460981719061,0.9150179179972934,0.9633770833848571,590
0.9916428636289565,0.9982532867942712,0.9939896771382761,0.9996135877173963,0.9204699043219902,0.9487986784007945,0.715702360840081,0.8743692352089713,0.9936274618439991,0.9988849626364371,0.9013161303567946,0.9376696169605789,0.6711685949695562,0.848936339185586,0.9234817540486862,0.9517201752506015,0.7089188181362706,0.8717818484771545,0.8799303364226325,0.9546553250983721,591
0.9897628400247679,0.9980858508912924,0.9930027308128478,0.9995224030262212,0.9080922414926117,0.9435686022069611,0.7072236195688474,0.8502139322241199,0.9925971297277142,0.9987296043840651,0.8850726380778248,0.9298707351993551,0.659340080314134,0.8216858188888443,0.9114432973784014,0.9465723055408107,0.7021358201918592,0.8478058691580133,0.8931151343492967,0.9527070286428965,592
0.9912453796957473,0.998659381535068,0.9942750080706217,0.9996780245573151,0.9241670054824163,0.9585137866322,0.7553263698977447,0.8947020185252345,0.99385944634853,0.9990186072554365,0.9030860481078955,0.94849330485244,0.7125887655057528,0.8744070291323002,0.9261990788595815,0.9610473817677267,0.750865072257944,0.8941938353084135,0.915223469552285,0.9655085541154274,593
0.9931522448659926,0.9987405986318337,0.9958174351415446,0.9996350150578162,0.9303003352631379,0.9616628795626274,0.7428933456124879,0.8993513252404443,0.995029939599311,0.99914020353694,0.9113887616103371,0.9536024555354891,0.6997627300334522,0.879361404950483,0.9317950720268755,0.9644614129512078,0.7360593696141242,0.8976217831243115,0.8972170104403252,0.965508954808942,594
0.9898435607013368,0.998620820551532,0.9932705177872647,0.9996214395384609,0.9402148367125772,0.9599707959375401,0.7476061333441829,0.9028036906187001,0.9925844976628072,0.99902685281536,0.9190103092691592,0.9487078397269374,0.6969360678286547,0.8822156710704889,0.9394118196161024,0.9615233772083043,0.7357420983629486,0.9013628596914411,0.8884845518219279,0.9692028839751441,595
0.9894419734706096,0.9978889519141287,0.9908139183147289,0.9991638382286296,0.7613430589879434,0.9223671740159324,0.7254669343345007,0.8801493259037084,0.9942161101831896,0.9986714171207859,0.7723362396822585,0.908408917932976,0.678562307922353,0.8594628315767137,0.7996918325250341,0.9278089454016983,0.7154843242076956,0.8834642415566702,0.7672944868855686,0.9127719401835317,596
0.9942935850405974,0.9985117802149405,0.996358127949481,0.9995530190221469,0.9393564596685359,0.9603602080956614,0.7516356963144482,0.901276864125642,0.9960719399300118,0.9990058374645713,0.9245171534868869,0.9517470084295849,0.7126733119082225,0.8794589668092988,0.9415482415162428,0.9634144733165813,0.7445256129214891,0.8989454456347955,0.8876692515369399,0.9626241264933786,597
0.9893452161458134,0.9989847871063263,0.9930858069676957,0.9997050366316889,0.8954852378687634,0.9711587500477846,0.5717810501425753,0.9259550083036782,0.9922214103867096,0.9992477668196308,0.8620315889574086,0.9634569347134126,0.5121095749635617,0.9103292593894861,0.8940370087693331,0.972553701058193,0.5602721692436451,0.9252413653283099,0.8168885969545404,0.9775295074468088,598
0.9917958382571708,0.9990347284939157,0.9941068264827059,0.9997598763129604,0.9416124864301316,0.9708053981398859,0.7722641633632452,0.9288720083285134,0.9940050054880848,0.9992915365554907,0.9236881450638386,0.9638290158686118,0.7318040247594981,0.9136066100640658,0.9420687962920482,0.9726592885120232,0.7653937462242486,0.9278479385700918,0.907345064751035,0.9787646996526184,599
0.9902830728299113,0.9989094495750921,0.9936599392806188,0.9997567121274445,0.9110787959915105,0.9776257593672099,0.6721589014505953,0.9366629729661982,0.9929805943017528,0.9993352575652616,0.8822254505671243,0.9709854142488425,0.6152592065566708,0.9208993445716671,0.9106046551113434,0.9785520659949284,0.6618414613588065,0.9341480221419779,0.871502299142035,0.9777202732335968,600
0.9919881012773463,0.9988322601000648,0.9937985867346193,0.9996950864975434,0.9472094416744374,0.9727575153913722,0.7825527531090819,0.9306798292321873,0.9937303802020524,0.9992776451475631,0.9300809617277019,0.9659540213836796,0.7409034503714921,0.9140180773570137,0.9471474065668424,0.974439689440601,0.7738015675885832,0.9283480550181621,0.9054379454095038,0.9754222150298973,601
0.9892699850590286,0.9988456730199234,0.9925099681513003,0.9996821529002586,0.9290523129948413,0.9722734399872014,0.6579704223511483,0.9316322026884862,0.9930525530782482,0.9992971951160304,0.9059270445593497,0.9659831830454734,0.602127241213918,0.915351180329152,0.9287750146835257,0.9743028475145702,0.6444978616167154,0.9293656957379424,0.8301955921029085,0.9746505542138815,602
0.9907051071265005,0.9991178851173363,0.9941479588275468,0.9997800325301981,0.9319948280042515,0.9806555070356658,0.7362956434019271,0.9471268611124818,0.9931235323292432,0.9994584401699956,0.9095657056047458,0.9754743783760037,0.685971424874488,0.9342708655028881,0.9318083928741755,0.9817420952310372,0.7255169584986321,0.9452337386930648,0.8859609427922684,0.9810409474130531,603
0.9937142398094748,0.9988927131633555,0.9958211804814213,0.9997442566965788,0.9487258912457504,0.9758052684550805,0.7735917915363276,0.9304902877113687,0.9956412219205433,0.9993224519238821,0.934166494639969,0.9689864988048311,0.7359711707173358,0.9139904608039935,0.9491927645831331,0.9768842291989462,0.7658688392147147,0.9278972843681949,0.8952482884861693,0.975055301844788,604
0.992726074619954,0.9990159384154768,0.9949815750762268,0.9997650292628314,0.9288861791366432,0.9768898191028069,0.6655154567654163,0.9378885357378898,0.9944982184549805,0.9993877781361488,0.9104613207429679,0.9707014936824356,0.6215683551193227,0.9232666616200573,0.9302306289675095,0.978080447484421,0.65811942633145,0.935792704934475,0.8423016540877208,0.9778292084998759,605
0.9937705444384348,0.9990456972957809,0.9951172816133084,0.9997682587880401,0.9578747060124361,0.975001568315515,0.8366750704147875,0.9349368228049427,0.994921352428053,0.9993543564254758,0.9458687934750694,0.9683796450915291,0.8044552571831588,0.9210599958729181,0.9591718594053181,0.9763378091682839,0.8301913279535346,0.9343754603802865,0.9265991460970284,0.9775646378744713,606
0.9912853072482288,0.9991490423470745,0.9941140650092412,0.999816435611453,0.9497971685761006,0.9798211406983535,0.7997819176953509,0.9433885508230138,0.9942627744096317,0.9994264827919629,0.9321665667378352,0.9738421598150053,0.7569224172125577,0.9305035565449051,0.9496546410384091,0.9805917967567724,0.7900143571751889,0.9421572039381995,0.9121114371133048,0.9817722557666932,607
0.9927424300788903,0.9986745435306713,0.9951222640755248,0.99961900848832,0.9154716469297829,0.961653213309008,0.6773588900421238,0.9198487400732134,0.9948359399532632,0.9991443360464736,0.8911861625955304,0.9545103873273543,0.6267274778101202,0.9052243831273694,0.9165746427605287,0.9650945292392425,0.6693284344713991,0.9212616638819926,0.8687013724052609,0.9748055154457944,608
0.9919706219980857,0.9987644688896814,0.9946126351106586,0.9997057717030031,0.9451370354036682,0.9741623851229837,0.742915344329686,0.924123418375381,0.9947355524479677,0.9992633573890705,0.9264345397654736,0.966778657766264,0.6976597501493451,0.905803350135295,0.9446540326251771,0.9752508163514807,0.7330074932001929,0.9209309837963461,0.8807064646249119,0.9733695360562634,609
0.9915597053771957,0.999072189417243,0.9943752995636179,0.9997669871670133,0.9179434949333787,0.9763312643388974,0.7184095740460856,0.9391759282774276,0.9929842402245805,0.9993901347306937,0.8948852430652104,0.9703791981713797,0.6715990805703403,0.9251693292932548,0.9192848561875229,0.9777347327207767,0.712313022924478,0.9375235011026657,0.895165144276654,0.9796615635221047,610
0.9906338814149024,0.9992432658660741,0.9936751373140349,0.9997887065866092,0.9293127819661423,0.9768909845026446,0.7154638109283183,0.9475446711333012,0.993577050512311,0.9994482268688709,0.9055348721504565,0.9717800126460179,0.6623613250659532,0.9359577299168205,0.9290744869220056,0.9786445572436154,0.7042928622612216,0.9468780035384324,0.8769602912809827,0.9840979370145027,611
0.9919661546073749,0.9990230269681487,0.9948321754753269,0.99971334265601,0.9327104566007012,0.9794668968206043,0.7361116717356012,0.9424241215060266,0.9942556421969242,0.9994526174243074,0.9128894575626517,0.9745344698698284,0.6883367472944456,0.9282876802902559,0.9339574386737828,0.9808289002034137,0.7263639571349685,0.9397494520941142,0.884009858152463,0.976041707476012,612
0.9934944429267755,0.9991998628833135,0.9954427123643282,0.9997307238007371,0.9563979137843475,0.9790975207590387,0.8237728755915127,0.9518239617180095,0.9957940830737797,0.9995222148629985,0.9428169197246319,0.9751628824354966,0.7887248490150112,0.9405638720336478,0.9568175560321808,0.9809998206553071,0.8160655078569438,0.9503491808028734,0.9219160853841908,0.9812002223059009,613
0.9893495709273412,0.9992125392805753,0.9929866902517401,0.9997525296164537,0.9057633135801677,0.9787744739943968,0.6587411847195314,0.9502386911900478,0.9922602412558076,0.9994989570161147,0.8747618997002455,0.9744406455016924,0.5984084624462909,0.9388282942848007,0.9058409290762077,0.980564706216215,0.647991667365901,0.9490002079336524,0.8656455764143519,0.9820908939901695,614
0.9921318843205931,0.9993256283280672,0.9950172444699261,0.9997976630466707,0.9459602227446444,0.9791589770795079,0.7968452468097906,0.9521937153232265,0.9945342432598328,0.9995021485932626,0.9300703001264187,0.9734913281528677,0.7569947924704187,0.9419393536394014,0.9474233277353797,0.9801254615694881,0.7892275383075013,0.9518262600905211,0.9119911915970517,0.9852189064707222,615
0.992018197870225,0.9991332439540933,0.9951043854409626,0.9997107283416995,0.9464531108258638,0.9759655697271086,0.723446252423693,0.9446051986660566,0.994775591602034,0.9994549476304014,0.9263524156517692,0.9714057830360846,0.675643436725249,0.9321161329326059,0.9449950064489196,0.9781330644394183,0.712008702487573,0.9432321525289857,0.8698933256764952,0.9793031254512152,616
0.989124308459557,0.9969977802763672,0.994100744646708,0.9994074904628228,0.792267307350825,0.92192896738688,0.4703190390471801,0.9312322759168287,0.9934174281778776,0.9990361643438272,0.7560869123694292,0.9046245497115822,0.39615514218278175,0.8875585028203159,0.8039832319210826,0.9267020889035334,0.45620542501473305,0.8960928481405614,0.75348018717406,0.9281315065043961,617
0.9928728455637824,0.9990928997519293,0.9955701880309819,0.9997280646900545,0.9146619190130599,0.9744198320558124,0.6638506355862426,0.9398226723042343,0.99451901673173,0.9993946607401692,0.8901549491373008,0.9689895822402248,0.6139956251192985,0.9263629246351827,0.9154539315480116,0.9764468654335144,0.6562177830919711,0.9385612121016521,0.8633622325959007,0.9794903484690928,618
0.9944539474597851,0.9991822524292273,0.9961831202277609,0.99976332358774,0.9454805770229702,0.9746624803658368,0.7996197659177054,0.9430971417012719,0.9959913681222942,0.9994232008998619,0.9319631866063938,0.9687644717433844,0.7661732233544547,0.9309319782177092,0.9473487480247026,0.9764195360354223,0.7945594390623253,0.9424784842293437,0.9177941149715804,0.9813536539807032,619
0.9909803295759755,0.9992865998110317,0.994674621855446,0.9998035853136913,0.8862182504324709,0.9815361810322851,0.6140349217171043,0.955689400561749,0.9933698307310053,0.9995390626753234,0.8527517589272168,0.9770208927388441,0.5559201746062008,0.9456091363232417,0.8865621535849466,0.9827255865892585,0.6064140562635565,0.9548156641917698,0.8602789362335892,0.9839671316447501,620
0.9929182751133399,0.9991927159215299,0.9956763530249292,0.999771422215849,0.9384266798765533,0.9818869476233941,0.7189548293413001,0.953885991406071,0.9952663269729026,0.9995118009490971,0.9166091024482189,0.9773422927859788,0.669736172494886,0.9429770810082118,0.9379117128370975,0.983009964802164,0.7083572156085656,0.952702674225388,0.8750991069324305,0.9821613860034762,621
0.9940810779308272,0.9989344129525066,0.9958310448914275,0.9997226694863057,0.9370157977629154,0.9741104937482385,0.7684746147481056,0.9324086960007424,0.9956393633908418,0.9993304048963426,0.9217041781693224,0.9676901693207459,0.731926793324795,0.9166761680526704,0.9392838675776503,0.9756832624404821,0.7635399713171959,0.9302850401699672,0.9057907204087724,0.9763963002295718,622
0.9953303995371785,0.9992366850340139,0.9972206564949478,0.9997714481867799,0.9484468160071842,0.9779935816242086,0.7934641566884456,0.949694386044038,0.9966684163176966,0.9994728240593916,0.9334407254486797,0.9733351755496161,0.7583724994469666,0.9383766165109734,0.9492390307082031,0.9798041983989653,0.7879335863826861,0.9488501848195333,0.9167571294943528,0.9835260041429664,623
0.9931087669367016,0.9989379024052162,0.9950140333840448,0.9996994217383922,0.920183651325526,0.9760140178231298,0.6843273212851693,0.9357377937704056,0.9948867301871039,0.9993790259750667,0.9029972236447166,0.9703569759204942,0.6411113019256971,0.9204960690312833,0.9235754651080734,0.9776496070962,0.6781192863234082,0.9333064301589414,0.8576472934909601,0.9758876927716674,624
0.9936394401798428,0.9984485280279446,0.9956617728824285,0.9996268040673323,0.9438371602050049,0.9578810970458747,0.7912365135284207,0.9097038355655237,0.9951863484012259,0.9991072263175638,0.9254966373469637,0.9514903502772265,0.750379977775991,0.8909279906547805,0.9443053678873594,0.9623686902816965,0.7841811830531503,0.907598447156656,0.9176978857491336,0.9680632316044364,625
0.9934118339782567,0.9995138004411831,0.9971441730359524,0.9998568225707355,0.8953737242623818,0.9852956791960736,0.5840112339513763,0.9543558759625531,0.9952849375903176,0.9996830390242611,0.8647252165495389,0.9821411488798117,0.5277764865607776,0.9453999653464648,0.8953997292265934,0.9862355275804535,0.5754202014186061,0.9531152353923182,0.8283448787655509,0.9837012296023903,626
0.9930063555602996,0.9991035621627687,0.9958546308502059,0.9997083526528066,0.9197134662230997,0.9705045715978884,0.6778501590667707,0.9377766690437105,0.9950606027663421,0.9993577159421358,0.8949643795901729,0.9638232374488062,0.6283029514524434,0.9246166203806263,0.9198305322875852,0.9725205395951984,0.6699449026156175,0.9372020500932949,0.8710446292225567,0.9795525627019891,627
0.9891709347499985,0.9985603398773544,0.9940177098494208,0.9996921867916971,0.8217306958690858,0.9595865883485061,0.6903684922652281,0.8834595219772471,0.9939217442219499,0.9990376727739724,0.8008114233697453,0.9494855544981008,0.6175805851135688,0.8600843002319013,0.8434241522146987,0.9615357487111208,0.6770179401648401,0.8807459791480862,0.8470654521380164,0.9631657234470687,628
0.9873701738881688,0.9983255673113444,0.9924445798263499,0.9994829045591727,0.8812330868723758,0.9419381887193524,0.6288901645941595,0.830098045138324,0.9908557897443939,0.9986322423319405,0.8461763809410485,0.9190403401039123,0.5628945576370007,0.8010404131945781,0.8830627013204879,0.9399649843149002,0.618913275441062,0.8315968049275908,0.8623159631282773,0.9485166019752791,629
0.989945532250987,0.998062843458341,0.9931720104132424,0.9996475346313246,0.9146424350229039,0.9440378957486095,0.6732967596666254,0.8644170421109116,0.9930159604626773,0.998825983037199,0.8901510437685906,0.9293307122011556,0.6188971694653815,0.8415195140921732,0.9156690463203341,0.9450464504211614,0.6629396993280008,0.8645686426301165,0.8588686054210075,0.9553644097394303,630
0.9898720074543991,0.9977659251656653,0.9938599205350769,0.9994448896055834,0.8887212671342691,0.9290164458659859,0.560815105511708,0.8368295901670529,0.9926710264717227,0.9984966737628075,0.8561552312166076,0.9159626839161025,0.49887525798945664,0.8033161042540379,0.8882214619349525,0.9352780586834443,0.5491291777920532,0.8335807246732666,0.8093060871329846,0.936472187992137,631
0.9884679434327802,0.998712461615167,0.9924716005382139,0.999475613113451,0.9188820267168538,0.9375533871952442,0.7068131358593142,0.8772538607883875,0.9924222238474091,0.9989020304611137,0.8957591099466036,0.9274555453525621,0.6493801625156567,0.856409904577597,0.921085794244473,0.9431085355775778,0.6934115669983817,0.8785783013664685,0.8631648981909407,0.9644990285406353,632
0.9900831007778023,0.9987654607759936,0.9936619542532088,0.9995859240020405,0.9161307764793445,0.9601361384320084,0.7271010277078859,0.9289476405682712,0.99300717708667,0.999066067075188,0.8922591676840373,0.9565861382919723,0.6773198525878563,0.91662974937285,0.9185251875550842,0.964859225822256,0.7203309519473113,0.9282971617156535,0.8971286363519091,0.9742465883491586,633
0.9930088825409581,0.9978386224143893,0.995735789796391,0.9995515305496193,0.9429034239324843,0.9568382170685872,0.7823212011630181,0.8534984414695642,0.9949351716883698,0.9985587723699517,0.9244184829814047,0.938659746591334,0.739334879564096,0.82940720159963,0.942935229121132,0.9551583038945635,0.7733554642263222,0.8549279850344569,0.910258212256672,0.9495216338953205,634
0.9906627556366399,0.9985679929265009,0.9939984919122427,0.9997577257473429,0.9307391502523933,0.9753300933239856,0.8026176162492143,0.9107847294282454,0.9931874347949232,0.99920189070265,0.9125301230917947,0.9661977487581173,0.7597663679658551,0.8892126859993775,0.9337148267747205,0.975194633795582,0.7947149864992181,0.9072296924858058,0.9204332621475266,0.9701717057101304,635
0.9954463474706102,0.9991211387227569,0.9971114930468772,0.999674871234457,0.9459631065708586,0.9722756769974911,0.8812068150146308,0.9417001180037116,0.9968306382056604,0.9993905899585188,0.9354839123484573,0.9665859645805528,0.8531244545328253,0.9291043155451228,0.9508844390909383,0.9743129786631647,0.8773566824163526,0.9410946660401804,0.9523841256669768,0.9800927865480945,636
0.9916796180514807,0.9991139749022865,0.9943915338269714,0.99974479118074,0.9157373964736588,0.9848636146138096,0.867438267296016,0.956705947406705,0.9955848518320418,0.9995612275870628,0.9142495717883811,0.9810481542314204,0.8270923326738767,0.9449658710915544,0.93024127472457,0.9858479769650242,0.8545887494177714,0.9540229852256521,0.8938494954483631,0.9803898946404042,637
0.9884911516686348,0.9978660607290176,0.9912618660408913,0.9996273157215095,0.9201680547107175,0.9640799236936769,0.7826980860720755,0.8662524622924432,0.9911837431087833,0.9988027530464054,0.9022981731898545,0.950582573403514,0.7416809208420467,0.8348584603131048,0.924042565688324,0.9638232159767217,0.7766992106987495,0.859604226437672,0.9130500951384664,0.9488636297155099,638
0.9881361011401218,0.9968179634232753,0.9915273518213545,0.9994085490910486,0.9028283697677992,0.9340624595788838,0.6885822999309931,0.7301075743706594,0.9914555376171245,0.9981635345214556,0.87775420652883,0.9079916533821686,0.6326885850268537,0.6736495102160774,0.904601754713389,0.9319793285400195,0.6782220773579886,0.7163552507426566,0.8711196235729622,0.8881862015288537,639
0.9887046398192896,0.9988110972610333,0.9922920931049458,0.9997408258592291,0.8861609792401985,0.9357593120705249,0.6740153390035847,0.7688107660167975,0.9916561656237299,0.9988414731696909,0.8600633200823382,0.9214210114787414,0.6213905252464206,0.7390817037994254,0.891788751496761,0.9382646007183585,0.6688130797868005,0.7679988104715636,0.883375527305761,0.9222056935400482,640
0.9866030219655978,0.9984466835755168,0.9895910710073614,0.9997338472423782,0.864739351919926,0.9438532774780555,0.5582126645052227,0.7522641840230876,0.9897047324087048,0.9987481292244158,0.8340188469384867,0.9262583947900142,0.5029428691578648,0.7153124617771867,0.8689590142163528,0.9436218277719086,0.5534829006695751,0.7472422191125214,0.8286224687334247,0.908519774693929,641
0.98286778228253,0.9978037916800312,0.9873579140396013,0.9995661844099037,0.8557242185610111,0.9287376914946325,0.4734356287160848,0.70063990874802,0.9876364654877962,0.9985354182874508,0.8215712178201394,0.9108533863783458,0.4039995061070403,0.6569603211280681,0.8587896121811563,0.9305357049751641,0.4585074233982032,0.6924346694198468,0.7410993238797918,0.8844366810939861,642
0.9858190538057846,0.998070167369429,0.9899148390206768,0.9996765338263829,0.9116860017881337,0.9362245677785569,0.6681980766882296,0.7153828652672517,0.9891636750784462,0.9986899928404567,0.8848659787731038,0.9191684971875134,0.6096811103290861,0.6702577843918848,0.9121393344734455,0.9370912115469623,0.6548060172358973,0.7033044935166495,0.8505868805521819,0.8781177276452539,643
0.9910175388092534,0.9994331049581179,0.9943794264466256,0.9998108673082187,0.9441389757889118,0.9794583599565874,0.7624482304948805,0.9603937827223998,0.9937217457429357,0.9995612392881933,0.9265293021106981,0.9756265732287558,0.7167218581681196,0.9518756952306655,0.9445605118051295,0.9812882202290876,0.7506820707604178,0.960300112122966,0.8843872284118937,0.9887593412836558,644
0.9844008637423092,0.9976056737251062,0.9882097096929269,0.9995778819522254,0.869171264256087,0.9214136667633475,0.6027947665871047,0.7090404087304185,0.9888575189112404,0.9981732174468123,0.8368105062237042,0.8959490011693542,0.5409582590055535,0.6497408637608959,0.8728786898694756,0.9208961369374157,0.5944137985890974,0.6990647735228593,0.8443845390758179,0.9003669535405715,645
0.9819732714658231,0.9982123883265565,0.9880779001269683,0.9991818767819914,0.8792119295448522,0.9160052501066129,0.5272281963289119,0.6243914193998176,0.9881208681334237,0.9985914288740929,0.8432343609037877,0.8933641392747101,0.45508994825689575,0.5690026865865515,0.8791830064499551,0.9173242089606994,0.510005676693762,0.6119511021958962,0.7723685728987152,0.8514176265884205,646
0.9821763762565173,0.9972750891449393,0.9873388463191317,0.9995263908836964,0.9102744295326306,0.9518801467558441,0.6611816016573626,0.7612550807152374,0.987391390313527,0.9984555455270421,0.8793863213531194,0.9319414656999766,0.5906411905769104,0.7154818625009828,0.9084234051000171,0.9494669214245623,0.6415672313468584,0.7500682829186878,0.8426096978831137,0.8920078344876379,647
0.9894825366110263,0.9961804163906286,0.9936240613721564,0.9996925321633765,0.8768120415283407,0.9265181146236264,0.6542617045571499,0.7340719262270445,0.9915783196753363,0.9975583122942425,0.8398778531130645,0.898781599190231,0.5925903276451392,0.6797498857463525,0.8787255019882759,0.9252988932088877,0.6482786446145812,0.7267308065070996,0.8943495550549163,0.9182356552556074,648
0.9843151849970865,0.9980689201007024,0.9869357058578305,0.9996556367439984,0.8747528815906019,0.9295692291511845,0.5733107051096438,0.6538942014879786,0.9881956046697458,0.9985231862837589,0.849973998570503,0.9105848730901688,0.520430772751324,0.6142823316090212,0.8793704210611243,0.9302590909368227,0.5674075170274177,0.6530500849556297,0.8082594174933247,0.8761456407029987,649
0.9804707497713271,0.9974760450911934,0.9836035844641697,0.9995602936376159,0.8812432692497739,0.9260222036172177,0.6183883090399203,0.7256884055382639,0.9850652835100397,0.9982758738460142,0.8512882061138427,0.9054892306861414,0.5513866785973933,0.6823384338109495,0.88374679539994,0.9274890701475509,0.6050548514266506,0.7201382700090616,0.8275413121175192,0.8981169672946375,650
0.9824539934880303,0.9974990160945257,0.9858031913892537,0.9996378298533841,0.8632104526902507,0.929767267387081,0.5613311326480865,0.6939236604747592,0.9859077348094977,0.9983612558010212,0.8377377064592157,0.9083490931259917,0.5060843243173769,0.6488416163455755,0.8690404337891997,0.9296335649153583,0.5541128731331952,0.6879996319255117,0.8093556168779008,0.8826118766714905,651
0.979956274450654,0.9962863358921502,0.9864781072267372,0.9994458219664647,0.8625919472822263,0.90239472308939,0.5003173085624711,0.6002572316346252,0.9848051073929767,0.9975462257995141,0.822941434004266,0.8682734202521551,0.4280652739625197,0.5427711880581374,0.8620203948571807,0.900328400038565,0.48525837961869056,0.5944686895021924,0.7755823460223985,0.8396402510961841,652
0.9817677883312609,0.9973389267565642,0.9848327575096499,0.99955439706485,0.8810746158840859,0.9155675937605966,0.5894837883870802,0.6276538633348275,0.9859212150265663,0.9982653771062374,0.8519717524198024,0.886431223619192,0.5298167358649513,0.5838301266601214,0.8837205604902346,0.9138111326513075,0.5783126670490225,0.6169228914823168,0.8203701935843758,0.8557630811107164,653
0.9788479412836061,0.9964427109968467,0.983044654851126,0.9995449957418451,0.8752959804379825,0.9149015556470221,0.5546923753718922,0.6757848249557986,0.9838340550762655,0.9978421780955282,0.8394390315856346,0.8850176531468156,0.48373066458123454,0.6204969155301594,0.876280774102231,0.9131723550340284,0.5392685883619477,0.6667152544559043,0.7974653190406358,0.881359923471323,654
0.9776325844384672,0.9960205459602552,0.9845126738341075,0.9993938833602962,0.8668704140396698,0.905738977595707,0.6268121822033728,0.6833342222395402,0.9831106850793161,0.9972581277644781,0.8317082358367405,0.8642843483967366,0.5547941677598365,0.6093963004059741,0.8695505990744797,0.900611987317258,0.6119831328170033,0.6655786546954708,0.8425074961419198,0.8783026168014463,655
0.9862995597604599,0.9964181550273804,0.9910104601007077,0.999390451147199,0.9153536026348594,0.9527969721620542,0.7045113763253081,0.785529233316959,0.9908556904648063,0.9979819006975134,0.8909329087523091,0.9283266081814706,0.6466997810216017,0.7297718557090822,0.9167239418614755,0.9492080742087979,0.692055303709141,0.7703445071846958,0.871739631027269,0.9115663499015709,656
0.9842982984266612,0.99734699975344,0.9898543835913982,0.9995448774378376,0.8703932169180133,0.9276571710217161,0.5751952113797061,0.7100012290502843,0.9888722307425567,0.9980124758349596,0.836196077712962,0.9026366941210617,0.5053229857836182,0.6589898346552172,0.8733830479738112,0.9269554431038137,0.5618372653062546,0.7010480403124383,0.8194888650530109,0.8893918390187606,657
0.9849421369361908,0.997170488972685,0.9894733569501233,0.9995876348882545,0.8521225219128894,0.9103103978138799,0.4959133799877348,0.6091317876264031,0.9884456529219025,0.9979705714032874,0.8126218130538299,0.8835742644438559,0.42901879658821024,0.5633350399225455,0.8531403675305195,0.9098094673073946,0.48610786580759857,0.6108248932545924,0.7979982959572985,0.8606573945186959,658
0.9799110575388955,0.9968059873126395,0.9836130840761906,0.999454108442151,0.8652731403853767,0.9115387209452066,0.6046817802965817,0.6638189758044936,0.9843052242229247,0.9979210761471033,0.8320613054779075,0.8871732742055682,0.5382259450308752,0.6093735742251829,0.8694038235986125,0.912981681270747,0.594472759776305,0.6552412219238368,0.841300762185996,0.8697090555354808,659
0.9833935950294347,0.9969565681799393,0.9855547770474163,0.997094393226854,0.4660752342438429,0.7717974163578862,0.64142777010424,0.916801874344227,0.9927478446992999,0.9987804158568996,0.506736246411783,0.7568353609813157,0.5705012245833166,0.8468492670339643,0.5335417983226054,0.7950346510363414,0.6093813080598183,0.858382349820355,0.4625077597728701,0.7658493014638547,660
0.9754333267820252,0.9987862611655035,0.9907898573031372,0.9997686824625902,0.8664576936125716,0.9541501649623912,0.5888726222871578,0.8923775268200763,0.987909701602823,0.9989371467986038,0.7974748444392148,0.9428144095757485,0.46077547947262326,0.8714637971206779,0.8575354808952119,0.9565525449497645,0.5465349935469943,0.8923775521911387,0.8134632958538162,0.9749056552279886,661
0.9782603248730783,0.9971532066351019,0.9835254839645494,0.9995361646814319,0.8718670975557216,0.9354761207037561,0.46650100604043243,0.6595853068904282,0.9846314614119004,0.9981701364017601,0.8302173988218821,0.9106301781091908,0.38497686046711654,0.6111755865760705,0.8681085109478106,0.9328575805559404,0.44318523711446167,0.6519254508402555,0.7212492265977059,0.8591918503250866,662
0.9784355887248736,0.9967088056719153,0.9835989542883038,0.999544963284271,0.8455274066637645,0.9042760319116856,0.40036490248460227,0.6113471443734491,0.9841555942205493,0.9978485716372173,0.8016442157232544,0.8770624582527734,0.3250388464743432,0.5575190498403685,0.843635217623927,0.9048198798851471,0.38154724393127704,0.6029291337541103,0.6982358242076577,0.8412764330653124,663
0.9791952953897065,0.9973244217703257,0.9847876911503255,0.9995279709038087,0.8869234708668019,0.9217287765527127,0.5979811012093492,0.680482603004953,0.9851901684346366,0.9983119057076673,0.862095267049489,0.9001715337660479,0.5308933953926748,0.6317237417828786,0.8918411863523157,0.9224567111186173,0.5817507958643409,0.6720566101299047,0.7947498276358701,0.8702866991897309,664
0.9841545126082143,0.9973651507042184,0.9858395458871679,0.9995443986324365,0.8776999922116641,0.9113414848125517,0.621522714999062,0.6565742312425825,0.9874967336606736,0.9981207229721015,0.856952108935252,0.8889426012970438,0.571671378840638,0.6069003466839973,0.8855435111627982,0.9138995037282053,0.6160411799628828,0.6490903660506113,0.8365953420557194,0.86365323816974,665
0.9845471245408285,0.9977073285909931,0.9882643239070776,0.9995955473679424,0.8858007829484286,0.9283789761489091,0.6175735996541261,0.8042221623770742,0.988365263448587,0.9984186206744478,0.8543628534772596,0.9070293837282908,0.5544656919586819,0.7703605917377768,0.8873237062270576,0.9286692694418384,0.6053141547984588,0.8024763196893191,0.8449132044735997,0.930701775502293,666
0.9837846154328698,0.9965825802217932,0.9883888141965258,0.999406839733048,0.8877084481599098,0.9180009438756066,0.6340311755245354,0.6724907312497498,0.9877910570822183,0.9975986361259157,0.8553985484846781,0.8845758501231893,0.5690358784631945,0.608762677448486,0.8888054541595352,0.9153115376541341,0.621776897502367,0.6583921396493924,0.8498116465401986,0.8719365330827709,667
0.9819711014366287,0.9975847623008,0.98707312142314,0.9994526499795384,0.8927526081471822,0.92488296597296,0.6329844342470844,0.660863111222698,0.9862812103160286,0.9985189288015849,0.8591715036474945,0.8920032706758951,0.5615948730845913,0.606456820461272,0.8918120173859496,0.9196867190491682,0.6150947526923507,0.6463853802668895,0.8354278713659613,0.8663778191051115,668
0.9773962111089761,0.9970897014657639,0.9849035306013454,0.9991337810237331,0.8504690320910715,0.9330265009023863,0.6099900212579875,0.7726065459151289,0.984264202086418,0.997682091643951,0.8079697143908665,0.9109688734025936,0.526822634623324,0.7147263156436945,0.8548143370539427,0.9343323015114051,0.5936015047806287,0.7567920374443179,0.8435600920983685,0.8932444017227613,669
0.9820505648831408,0.9974063158095241,0.9865187005676115,0.9996536381059589,0.8854792736841768,0.9406731615417159,0.6185849382334594,0.7777249029695223,0.9855519458793993,0.998360306269381,0.8539500535710824,0.9193794392645018,0.5536574130253313,0.7311254660618551,0.8871159635478657,0.9402567603192815,0.6053323493723134,0.7681983776659623,0.8328336353120775,0.9142929801642928,670
0.9840103423892506,0.9974582472022822,0.987675691056619,0.9995621497655196,0.8954155253106085,0.929703867393246,0.6286954939684096,0.7444145219244914,0.9884816484882463,0.9984362579158134,0.871983535553248,0.9079856964726116,0.5744196867592973,0.6989581056953832,0.8984164974207011,0.9303539243878699,0.618562564829782,0.7374793431313112,0.8262233726659696,0.9068374534899207,671
0.9848889704971832,0.9986198106945297,0.9906547116778748,0.9995733308846391,0.852887807173172,0.9559166014291359,0.6782472533292988,0.8992450301099095,0.9890403723601138,0.9990581498589085,0.8227412511055124,0.9458056059264629,0.6006504483763316,0.8793153492250182,0.8646106737544111,0.9587382494447227,0.6616310365971928,0.8981850274409917,0.8532306546111238,0.9657895034236341,672
0.9838242551484914,0.9973765037241331,0.988325194193267,0.9996240866023004,0.8899179615922261,0.9251207780894883,0.6295164206727786,0.7379376044344522,0.9874743734524101,0.9980034844401305,0.8583052515504433,0.8985453798738239,0.5647250190636226,0.6963820919938866,0.8910230527590075,0.9232124699910799,0.6172802865650208,0.7367311538406515,0.8476129640378307,0.8911963710128226,673
0.9812300756352766,0.9974519028050441,0.9848897973255467,0.999565001114907,0.8755721852285019,0.9296689911578387,0.6204134828402489,0.7095020985130438,0.9858727507493772,0.9982909405669009,0.8503837268737329,0.9090647897126962,0.5654094854680657,0.662269895786461,0.8814001934380535,0.930327508478797,0.6132802661576194,0.7005218440499329,0.8451411946906227,0.8769962022520721,674
0.9792222273007233,0.9976028875057652,0.9853605036823946,0.9994305922072411,0.8743101669543314,0.9130790653932824,0.5300203861544641,0.6554028637089567,0.9849738768004702,0.9981785101133088,0.8331309642920182,0.8859503791370068,0.4510512460582337,0.5997179749187865,0.8726299085162728,0.9135046848104769,0.5115624462208137,0.6453761424796707,0.7805830638665263,0.8789007117110829,675
0.9821462540621632,0.9980495873844726,0.9858700371508391,0.9996827492406196,0.8788783685456825,0.9201784625105864,0.6103891805245153,0.7534860359731929,0.9856087906743723,0.9983849885575432,0.8486880170673431,0.9006865617003934,0.5425575423954587,0.7062646377259054,0.8811030689185471,0.9227828531250786,0.5948840976499057,0.7491924482738037,0.8167079633107991,0.9272586943667451,676
0.9863656715464534,0.998626755551755,0.9888442397638022,0.9998020714571925,0.9074035420032215,0.9358427911385188,0.7057835325570649,0.7477940810478039,0.9891307906584313,0.9987398249282919,0.8896363785913585,0.9189885342299963,0.6651150480774461,0.7098252852188488,0.911936071357222,0.9373355431304687,0.7015483637692731,0.7428976295173059,0.8778547290585517,0.9069347205037857,677
0.9848954237230453,0.998117192535245,0.9868482167187654,0.9996948238684051,0.8846134339981124,0.9094750232331044,0.6707424700245709,0.7225787358108913,0.9876449376312174,0.9982525373933936,0.8648918317434852,0.8892460135150336,0.6275694437503616,0.6856510872068846,0.8913560937956417,0.9134556963646809,0.6682199951526901,0.7240662702242403,0.8737427140361416,0.9192444403979441,678
0.9835426878177638,0.9978029654557948,0.9873912479774289,0.9996867476802115,0.8670426504008337,0.9154047613608208,0.5544945612012488,0.7043517287539203,0.986764512763352,0.9982956212233758,0.8370577835748195,0.8903564878479617,0.4954465032122158,0.664076445174852,0.8702827887342618,0.9155757923226364,0.5457270576825026,0.7043366287574155,0.811297492938032,0.8797561194643007,679
0.9824986201164682,0.9983360738033995,0.9846434724839611,0.9996690221992703,0.8786180995328005,0.9263601844083876,0.678635193889671,0.7733974272755697,0.9856211126477065,0.9985485770747081,0.8565544763719227,0.9100148523395388,0.6340851957172335,0.7408650095280777,0.8853368843331069,0.9299768020718775,0.6778806403862574,0.7733544040688214,0.8824735121994979,0.9311897933458536,680
0.9840221392609507,0.9965000777817898,0.9813715587509032,0.99870874162262,0.4274919142935004,0.8045387775994868,0.5425393359303231,0.6923889065112536,0.9875416841595228,0.9974869083500802,0.44512272926987995,0.7791000272755408,0.5117058338529918,0.6497566627477479,0.49691450506653406,0.8156708503263231,0.5664294870230527,0.6950771089596284,0.7300331471280808,0.8436162968476829,681
0.9839516964687348,0.9963522296367089,0.9878430791178001,0.9992878638340298,0.8927552620745314,0.9201986859234511,0.6295541926120808,0.693872822378507,0.9868747285337336,0.9976849695181603,0.8646699884379342,0.8911333088242598,0.5689507588140874,0.6447296010682714,0.8946081934500087,0.9181714927934043,0.6173293631361498,0.6895454350092292,0.8370639833716006,0.8690945295259282,682
0.9796064973448513,0.9971533710280984,0.9832153026650574,0.9995669327482318,0.8548945666370612,0.9188485672927116,0.5992148230556016,0.6938820718317593,0.9848545330891405,0.9977985463100411,0.8261422617228331,0.8915908242076,0.5358053506338482,0.6440719629643895,0.8625544655031092,0.9179193127289622,0.5908719570761221,0.687855485419436,0.8365825613114392,0.8790020494316321,683
0.9871913978704839,0.9972204282870863,0.9900797390734203,0.999584650021395,0.9041700506443799,0.9326324138936172,0.6386112749988988,0.6762679969792494,0.9901459299187587,0.9983728575858264,0.8824420987297942,0.9107080790129524,0.5882815285385253,0.6279583462712904,0.9065292893279321,0.9317498703474583,0.6302127530506946,0.6666439367029123,0.8377631696468882,0.8706098554949053,684
0.9836099151484355,0.9970334532878967,0.9874829250377901,0.9995483416560065,0.8920879462312602,0.9506960846492544,0.6954988433674594,0.7849966844477699,0.9884470156549736,0.9982749886035132,0.8670054756742738,0.9302018578842183,0.6419656959467995,0.7392716289913522,0.8969267175625834,0.9491048747985008,0.6889186506034595,0.7747356981776261,0.8845764195866944,0.9133232761241133,685
0.984798232605982,0.9975772187131547,0.9878247860509753,0.9996630145806356,0.8846535799454337,0.9045876579626951,0.6189435639492396,0.6661873650569262,0.9881111579838177,0.9978560538957572,0.8520957791291734,0.8768001113709009,0.5573204098415367,0.6080413449905665,0.8850657074345737,0.9059850040987758,0.6090100985111329,0.6547586129504047,0.8527511220787842,0.8716950104762392,686
0.9886798380671432,0.9979546817499039,0.9905898491877406,0.9996806969512703,0.9195172932554109,0.946492724188357,0.7568621650153591,0.8015660555321528,0.9899533712186223,0.9985504475289542,0.9011180750642956,0.9250396340102601,0.7171652620122158,0.7661931499560127,0.9222776064220665,0.9449507944827245,0.7525195683014546,0.7974829684768939,0.9085206841948898,0.9338329629137389,687
0.9878295847152944,0.9970675860307088,0.9910661264329867,0.9994956696923003,0.8846209667855123,0.932920488882023,0.7305632486356111,0.8393274291637012,0.9895468385668527,0.9984200884686285,0.8551223760374541,0.924050260092725,0.6735883923870496,0.7960103122175725,0.8893528209565223,0.9406963412988109,0.7235074685574879,0.8264977290169797,0.9071842927027448,0.9285292511030606,688
0.9760040029073979,0.996554764136825,0.9856269814533922,0.9992668286949815,0.8811998296166718,0.9472035205471411,0.47555459402300715,0.7325710567056573,0.986130037162533,0.9975425219793167,0.8287639368871985,0.9152105943095395,0.37478043781540343,0.6603744015393398,0.8735605323815627,0.9406393172604253,0.44087586196182144,0.7071757018868933,0.7138478058796137,0.8984151101465293,689
0.9868753818960397,0.9977074131225138,0.989776177692404,0.9996604080005903,0.906990207604638,0.9357290187671063,0.7018826359268221,0.7511535417040875,0.990085377762002,0.9982464466219826,0.8838666422319936,0.9141194394768257,0.652319056796439,0.7036480935505058,0.9099777844060694,0.9357365531979293,0.6941489889554592,0.7419373034544405,0.8781951779777224,0.9096583099911564,690
0.9853096879339168,0.9977480982021244,0.9891551956763086,0.9996707980579296,0.8961726842725756,0.948126117220116,0.6148564428439406,0.7358542913834674,0.9889943169533,0.9986915639049748,0.8649265417299705,0.9302397043436362,0.5505157416415999,0.6945342542521371,0.8965127386323613,0.9469076168658206,0.6017945473549801,0.7271928370998397,0.8344980138391189,0.8857017497378573,691
0.9812628662562491,0.996470386270544,0.9855323801064619,0.9993558767685569,0.8907444178132331,0.922624474058286,0.6185634982380658,0.7195186660134477,0.9859796671297603,0.9978613870551706,0.8575987428912084,0.8983687347974503,0.549274530341938,0.660698639824056,0.8906405969093529,0.9262324176953659,0.6045370315098066,0.711332596077621,0.8366794995894808,0.8768186124614037,692
0.9863559028520095,0.9969786124158744,0.9902160048897027,0.9995243938754192,0.9186268322215396,0.9419980651059793,0.7422114406997947,0.7785477020037677,0.989769630434149,0.9981050218200956,0.8957943158977766,0.9191246611613152,0.6933697986004167,0.730461451325356,0.9200541158565337,0.9409820852773774,0.7338981405839714,0.7692100535469975,0.8999922833466798,0.9179023591676642,693
0.9852794460322462,0.9973375928818848,0.9887575311651989,0.9996421834574286,0.9111065882743601,0.9370720370507968,0.7008421937133258,0.7699754456439677,0.9890893620960246,0.9983108133955584,0.8878883837189896,0.9173450901028602,0.6495942485571128,0.7285807195634225,0.9127177395462767,0.9375880086152476,0.690919386634636,0.7619074034065676,0.8710183400734739,0.9008548095760842,694
0.9834400864162347,0.9973263304048572,0.9870696388127658,0.9995980524500178,0.8701877818957456,0.9300338667436309,0.5823881358462438,0.731482441730187,0.9874224765588954,0.9981649059065205,0.8379192187527932,0.9065902826094865,0.5203690537962284,0.6832878674972412,0.8733681053379186,0.929718846529118,0.5728687671589611,0.7231930261438483,0.835767309900128,0.8998117151514287,695
0.9839344780611073,0.9968381500651367,0.9874097800187422,0.9996396155516651,0.9059485562490769,0.9366162348854231,0.6832774872874764,0.7242083467750836,0.9875486929648426,0.9981200357634974,0.8831514965190823,0.9142491034184983,0.6301973966736111,0.6717777878271602,0.9079980102097385,0.9358171685527822,0.6726116211886981,0.7117326139964735,0.8585162130012131,0.8884992480967078,696
0.9868384301794481,0.997340023615836,0.9905727496491772,0.9995953674348846,0.9212324260238033,0.9455250082929977,0.7096055992618027,0.7466057250111373,0.9905346973512079,0.9981992584914182,0.8961415430606847,0.9209034599265988,0.6548828313315724,0.691954609464681,0.920932335216236,0.9427619974300516,0.6977513211956863,0.7328047138662619,0.8749903382901603,0.8923925954988156,697
0.9909103936264735,0.9981527442529498,0.9940939269633481,0.9994040791315746,0.9474831205655534,0.9709890907740456,0.7917541173405218,0.8733294100484387,0.993593328512976,0.9986710393599919,0.9291379164430097,0.9529681217162759,0.7441467996477947,0.8490683245163726,0.9472195903385958,0.967684722788136,0.7792619202144209,0.8728880448690536,0.9016149115409314,0.9562328134379934,698
0.9852108108519229,0.9972276177869261,0.9891957411534249,0.9995685441559619,0.9067655576678036,0.9382042403711157,0.7056050129373111,0.7643386719076244,0.9901968246104299,0.9982633355774836,0.8819960927122577,0.9174386747958061,0.651329706005389,0.720319427474445,0.9098118597432772,0.9381091493249727,0.696062482542996,0.7567759943748293,0.879772451905879,0.9124602359908499,699
0.9890685541064423,0.9974462761534336,0.9907905700802921,0.9996245229280004,0.9260649971607092,0.9569894204699131,0.7564306572256858,0.8166431327621367,0.9911465530110438,0.998616841266246,0.909225987013196,0.9405704872394612,0.7137034137787003,0.7772714103952942,0.9284992070824846,0.956256205488502,0.7492922062778612,0.8073002412269895,0.8952187184999367,0.9232433999168154,700
0.9855566990628359,0.9978207839280262,0.9887345522787994,0.9996530268386271,0.9106216643035004,0.9339752291003723,0.6851487409925986,0.7385388955537062,0.988745229484396,0.9984280965902167,0.8842635852077991,0.9093969529286247,0.6303747240204892,0.6948225730394394,0.91136585627888,0.93077293998624,0.675024730154652,0.7320337910881678,0.8716295539624143,0.8999546041499756,701
0.9819352621589786,0.9963434458790017,0.9859750042154863,0.9974678164883517,0.7714817267783985,0.8441093905417812,0.6858785398681859,0.748916080034765,0.9905973547907883,0.9976349534075254,0.7857426659036812,0.8574099736089533,0.6114062217510524,0.672252561343286,0.8137566546985502,0.8792185420401155,0.6586056270758428,0.7152818601914648,0.709013584290731,0.8490548174155894,702
0.9863515681257975,0.9975939038768888,0.9905530428097963,0.9996511383824429,0.8999933371045895,0.9260898536839225,0.6550966245735778,0.7389025365405101,0.9902789283642879,0.998395021556234,0.8739942706107475,0.8998370133307586,0.5981160726800866,0.6897418195606445,0.9024573058127806,0.9253569598379744,0.6445703296430162,0.7318095941242949,0.8536000590445125,0.9146859772528882,703
0.9821077922800162,0.9977251915151677,0.9856903985729074,0.9996305190790967,0.862564734480735,0.9194662835743771,0.6381394745096878,0.7076406921211214,0.9860883335565751,0.9983445189516459,0.8325183826772515,0.8995001170234465,0.5816620918491799,0.6665940512773467,0.8678037159203384,0.9216810868282451,0.6333931368743219,0.7038016636635754,0.8761331638384479,0.9012866399576135,704
0.9845197507913999,0.9973667746111637,0.9878382369032128,0.9994955501151566,0.8994288663152166,0.9279731864494726,0.6661603796111439,0.6971448588939856,0.9885373091533778,0.998177974148628,0.8784664787741223,0.9066174487674922,0.613825288678927,0.6456674398655234,0.9035523702731699,0.9285620719553012,0.6568626783419496,0.6858249016651548,0.8487441825843942,0.8975662582730712,705
0.9849769805303706,0.9971661351509669,0.98801205078683,0.9996607608576665,0.8923234488523275,0.9191623029089374,0.6875089062296963,0.735862641950025,0.9880925964611709,0.9979330215849033,0.8669531729630534,0.8933802005696806,0.6383629815383349,0.6895353962651998,0.8964395008301589,0.9193272742192528,0.6828850528615706,0.7308418403549929,0.890798341914828,0.9199707665012773,706
0.9886038487886258,0.9980239686325072,0.9918876273553237,0.9994835782248075,0.920960165803159,0.9501493775346654,0.7350752814171586,0.7906291017421557,0.9911884941464546,0.9985596685714485,0.8960804846158077,0.9255351005295209,0.6820494041949585,0.7389505610902835,0.9216967839812737,0.9470061726399104,0.7246789419922509,0.7780522189791441,0.8921717057363489,0.9200097086900348,707
0.9842344252995571,0.9983203395223174,0.9863003113295259,0.9997114226210783,0.8485937772088444,0.9403110816180161,0.602631837272523,0.7832813999196822,0.9866370184180071,0.9987042613119208,0.8218919269755514,0.9237633506866498,0.5487094717435372,0.7490307094815908,0.8560453258264028,0.9416259143871502,0.59843123658249,0.7801649120399187,0.8540057746054203,0.9264195755624295,708
0.9818407630059071,0.9974044145006755,0.9865883338173235,0.999387055296339,0.8876320543372418,0.9477522487212293,0.6604284503612128,0.7472946572475371,0.9857965736363165,0.9979667360624168,0.8524746723749234,0.921992138851858,0.5910678645595244,0.6898092873009687,0.8884343587044139,0.9443762745446989,0.6474280688467616,0.7321844293509281,0.8659629382514885,0.8973228821266754,709
0.98376607292287,0.996853078820885,0.9877343588416799,0.9994411332106792,0.8659124242453025,0.9124221136160928,0.5370266976731806,0.6646976389237924,0.9876230519171411,0.9979916773443009,0.8311908915549431,0.8868295376130706,0.46953452787310473,0.6088503154498428,0.8682339275567066,0.9127256663019182,0.5247724257285328,0.6559378968349865,0.7996876067992461,0.8572829426834633,710
0.9811596272345869,0.9971170813606922,0.9864604374716449,0.9995212199163137,0.8913373141357988,0.9315939803670312,0.6089012589104321,0.6927528065440294,0.9857814031543203,0.9981369390247633,0.862835950850488,0.9086183546468943,0.5471069884664921,0.641633165595428,0.8926749529187336,0.9308722348464977,0.5966245032950945,0.6820887058541608,0.8243138593812842,0.8980390432761163,711
0.9864344618023373,0.9978974448622152,0.9877342672573433,0.9996238727034262,0.9114642009747703,0.9416215053469542,0.7343823476405286,0.7827907811221068,0.9891318229768227,0.9986696523683364,0.8956009474944745,0.9256291071475845,0.6941536185412821,0.7459482694228735,0.9171611035426908,0.9428540964222484,0.729667855724805,0.7770241962233714,0.8891194964619134,0.9155573043238551,712
0.9882281229354535,0.9979063033977557,0.9912254344759495,0.9995728459385885,0.8920951857762764,0.9628753618973472,0.7745885251016634,0.8982766537445457,0.9904627803353401,0.9987781837647985,0.8714637192227209,0.9516266194803296,0.7333713171173943,0.8704684755481917,0.8994350814130581,0.9645513116009305,0.773427501005172,0.8928285426537432,0.9287542958317123,0.9612417334601296,713
0.9831760564055344,0.9976981645493785,0.9858734464277228,0.999643932269595,0.8474296914124209,0.9010615709182102,0.5615163128743376,0.6835614122122897,0.9855323655987257,0.9981771737199638,0.8116021734091345,0.8738644802045483,0.5012790633355508,0.637924154242431,0.850134516876703,0.9027981815109186,0.5558291099226812,0.6813270044301943,0.84759743919607,0.8966031698808153,714
0.9829464920776824,0.9976372224546459,0.9859701883271667,0.9996267167871358,0.8685447517551778,0.9242048136681927,0.6689552312669093,0.7564404904021319,0.9858269695849492,0.998105290630502,0.8419862045283197,0.9025541861797365,0.6180633299361213,0.7139691483407484,0.8752379868406093,0.9260063768567595,0.6669014422322327,0.7520512947457207,0.8893361906932008,0.9203800242112914,715
0.9869988912035524,0.9976972001857423,0.9896963110561859,0.9996667842750017,0.917657022663239,0.9505630789972883,0.7616698634964386,0.8254757808981239,0.9905901395039659,0.9986471622872671,0.9014819086190713,0.9351464008396119,0.7226152642367665,0.7894387971592259,0.9226471477893069,0.951326158801989,0.7564609420413777,0.8185253494844889,0.9029988198282348,0.9326592453623617,716
0.988726782874816,0.9978024655232374,0.9910951443453765,0.9996995279239005,0.9126832031875672,0.942482780070479,0.7509754844019902,0.8131091486960507,0.990822263560676,0.9984350647710544,0.8913001739261976,0.9237235741788667,0.7085127864938207,0.7767238452967278,0.9162089566517383,0.9428713176396661,0.7466058341437216,0.8089526790323186,0.9130041362198703,0.9430513845157226,717
0.9837904234566319,0.9970646773452823,0.9885223909830403,0.9995540225232219,0.8951768137197357,0.9308230985718887,0.6492553861332968,0.7444375499293385,0.987983688050664,0.9981986001150939,0.8653359667299659,0.9104671579767234,0.5882385777484681,0.698022366936944,0.8965628694095306,0.9319357024109499,0.6372980961509086,0.7357560102480337,0.851245465571051,0.8969884933688885,718
0.9831692347411298,0.9974992111292732,0.9859741010509985,0.9996005615690807,0.89136323360553,0.9280281503362044,0.6512049046236217,0.714285996650188,0.9871865094355254,0.9982576433379015,0.8659893241834479,0.9064519490621706,0.5935903837787836,0.6707848569731829,0.8941820477246144,0.9285011495362654,0.6396551758397085,0.710415537481602,0.846429796615999,0.8886349847544577,719
0.9848104007482689,0.997363464580294,0.987410941255168,0.9994880667905375,0.9181378972536797,0.9469280857084883,0.696667204122169,0.7381686159152651,0.9881877910866554,0.9984482508823054,0.8988058087738626,0.9251672698421227,0.6465581183662954,0.69455643365052,0.9198995739671757,0.9448323387866687,0.6857538128420917,0.729978860922297,0.8572668488124139,0.8996725716147665,720
0.9879942364256183,0.9983408060842707,0.9903969012354672,0.9997294993457077,0.8955393657492474,0.9368890709697161,0.6649042839817179,0.7644030021176035,0.9907050736600277,0.998677057770002,0.874710443270098,0.920780146010276,0.6217016425166233,0.7302523069662222,0.8993558580444839,0.9387520338143461,0.6618520678972521,0.7617371533787747,0.8715335298579022,0.916650809592508,721
0.9853466708650379,0.9971359521038606,0.9891310370281713,0.9995035581574128,0.8840073816894525,0.9025696238942122,0.6343288116538586,0.718602268921834,0.9887639337412717,0.9979949481554486,0.8574996264484697,0.8733980806473434,0.5765340295019875,0.6746313823888525,0.888140760686365,0.90324537164781,0.6244156483656528,0.7161055379090108,0.8480135748070087,0.8901098313233656,722
0.9450993822757205,0.991637446784781,0.952493610269382,0.9917741642923098,0.1033797963638417,0.7434690937491601,0.1500996921939076,0.7441294409183473,0.976023252507919,0.9972990454581696,0.1299159704005122,0.7969383154803324,0.07766567639613306,0.6161877035801065,0.19032530797915556,0.8174179050303012,0.12799117601146506,0.6542434855517515,0.3439762873890049,0.7193622714828617,723
0.9827162240054899,0.9969036164556021,0.9868528150960199,0.9995680859982089,0.9159846617596612,0.9502644585333919,0.7487054587777846,0.8050937510044844,0.9869388486291515,0.9982504639568508,0.8958975018272537,0.9306529263781361,0.7005700991297137,0.7594976278361194,0.9198075250400255,0.949519231836396,0.7406684361334986,0.7943310372694529,0.8945122612291974,0.9204966005398204,724
0.9852687163555794,0.9989497368089538,0.9941966112421883,0.9997320571860256,0.900418946616918,0.9690383088651928,0.7341214874210964,0.9194851881730104,0.9897573626946122,0.9992862090218753,0.8476609931772796,0.9618327574498521,0.6503897579749165,0.9026515635761989,0.8966783744751796,0.9708785793615659,0.720160054884538,0.917774234659658,0.9264188754003889,0.9734693989125915,725
0.9861025929632058,0.9974121344203493,0.9897181933739722,0.9993385244373405,0.902456595315969,0.9336781059236497,0.6769879006593218,0.72310270340768,0.9897151687819393,0.9983441731126622,0.8771652705987196,0.9075759280804693,0.6157309351177821,0.6624924529829883,0.9055411352406637,0.9321361713774776,0.6634363986329007,0.7078352096783782,0.8513379130988407,0.8763542660705887,726
0.9859951613406891,0.9970787967366082,0.989032035313313,0.9993427870918379,0.8875218274680324,0.9316018410048209,0.7190865477386998,0.7727501852319549,0.9894956920301736,0.9980357641295284,0.861442644659728,0.9018142369724788,0.6638282271636282,0.7188049223853122,0.8939755486222787,0.9291423745409013,0.711718228804138,0.764526936935327,0.895336571429618,0.9239286324710726,727
0.9834213873908967,0.9975113600856731,0.9881476036153553,0.9994677242595269,0.8663540137650116,0.9205668570023855,0.6532074920740581,0.7428613431849509,0.987598379320635,0.9984123465673695,0.8345323670698249,0.8992257019651226,0.5895690716746353,0.6962827882811419,0.873741183189016,0.9231518475536077,0.6470334213268923,0.7361072885877309,0.8743937227976899,0.9237423395927369,728
0.9831386564923613,0.9970416434738716,0.9856821613784226,0.9996714978124148,0.845829868001631,0.9183227990024192,0.4956588948240283,0.6844173547989003,0.9858309622341578,0.9979681653005068,0.8113035773258,0.8922673084468448,0.43142317441093203,0.6379483415825111,0.8490852143913993,0.9176143198791222,0.48529115980456816,0.6777212405899573,0.783487440162504,0.8836470150471721,729
0.9823475221572063,0.9976862988587598,0.9862887939988053,0.9995340237403556,0.891451028521272,0.9289540486059303,0.6154251078837015,0.6763634176752225,0.9862419887938316,0.9983910585460549,0.8645986045366542,0.9050910298643705,0.5561695498704612,0.6241452883582729,0.8922549485009277,0.9280106885754288,0.6037356837008293,0.6655004392757708,0.8253602886944913,0.8663402309004709,730
0.9798519747577588,0.9976043488571907,0.9844668540355648,0.9995732667754208,0.8607133412110446,0.9176551888081323,0.5934581174519854,0.7090318244892491,0.9838527167393343,0.998349730364459,0.8304977731131554,0.8979282500890207,0.5319643878326404,0.6614478737586563,0.8666047765383794,0.9210148880721266,0.5862659837606613,0.7060502010492481,0.8430376368388953,0.9089167072534912,731
0.9834505581113709,0.9980498522709489,0.9865875924170504,0.999785381456175,0.8624673081249452,0.9353906704549659,0.5570208879413765,0.7116428226386766,0.987945391721126,0.9985781682377267,0.8333638780184847,0.9158978878701454,0.49957515088953125,0.6721992204154404,0.8680289832827349,0.935191747912613,0.5503438436339914,0.7069802395017079,0.8171744894727433,0.8915419922461174,732
0.9814440578062329,0.9973734279320061,0.9872723065285476,0.999585683400134,0.866343660376162,0.9014612818883826,0.4980710027970234,0.6614158538720746,0.9873260360394378,0.9980374485290587,0.8232017620182208,0.8745706894205804,0.42002919947646644,0.6141935991473781,0.8642029058965267,0.9019303582079299,0.4790769308806622,0.6606866145425493,0.7675201786255855,0.8838644966668766,733
0.9805607233147844,0.997880570213987,0.9838443847191892,0.9996813923281828,0.8696687737058589,0.9438091445522572,0.6180144726670768,0.7589570377469499,0.9838685503068069,0.9986055925702704,0.8414454794721752,0.9263644752488525,0.5566967637052015,0.720469674089232,0.8747812721440988,0.9439983138203744,0.6085228378046784,0.7531802673800201,0.841314539912423,0.9071218452072901,734
0.9824284312960937,0.9973511323341258,0.9855061236375007,0.9996046709826528,0.8265837574904489,0.9050607357058188,0.47655197383659936,0.6721144361024682,0.9851761873169281,0.9981388194826663,0.79289055738413,0.8804458897883253,0.4156367951216752,0.6289383174348816,0.8321017127396656,0.9060590957486042,0.4704587740061441,0.6704524222629058,0.7843879588519765,0.8679425995740851,735
0.9865090589103462,0.9976915073787408,0.9895669785626279,0.9995541595797655,0.9281618908569809,0.9697262795209194,0.7768779539586289,0.8584981078553178,0.9903258074558953,0.9988822004840426,0.9119686550609073,0.9572198805497526,0.736268935083985,0.8239245962087912,0.9311712722985446,0.9691093241833707,0.769191358681998,0.8488256766709631,0.8990007950871917,0.9334391325330634,736
0.9856625108893353,0.9973233290550702,0.9895004329670308,0.9994611604340519,0.9087637814080675,0.93560552586793,0.6064602996372292,0.7022232786869264,0.9904989949087856,0.9982723781806068,0.8840032416148499,0.9098671575409496,0.5436093793561599,0.6624297475111004,0.9090723178136131,0.9326182424651966,0.5895215825390124,0.7004005556652285,0.7946585454600426,0.8790450615737729,737
0.9887696306288859,0.9983889457493078,0.9927383607102748,0.9993666290271676,0.7906040639993555,0.9452603202057067,0.6583736496021005,0.8049069116289174,0.9912263664205516,0.9986876252409084,0.7594768602307616,0.9320876969395059,0.5919343412751078,0.7666943132489203,0.8126067236695756,0.9463878590766738,0.6580297286804708,0.7929603720186954,0.8868394074777635,0.9208096186421433,738
0.9845055285227681,0.997901701849737,0.9882102522939271,0.9993055770890013,0.8862674528885578,0.9345981595682544,0.5572191223735907,0.6712463576670684,0.988439762162708,0.9980705585645159,0.8571081768886731,0.9042997481807012,0.48982498957634957,0.611363157532606,0.8882550332940261,0.9294815870353873,0.5413097214238523,0.6561475223178028,0.7810996472287568,0.8903101100573193,739
0.9822291827865898,0.9975600275421823,0.9871267288117173,0.9996521814714033,0.888237203470456,0.9260458576064113,0.6489141688876152,0.7030616083796303,0.9864984359468468,0.9983383563097855,0.8624610986330951,0.9050933831399713,0.5952264193292716,0.6591179089644482,0.8918084986006354,0.9268249343861822,0.6424037375455944,0.6969088920032795,0.8601705070954798,0.8921876375036506,740
0.9833225713119584,0.9985517543290288,0.9881816067998289,0.9998284530284381,0.8915742924406033,0.9471684478985376,0.6103068967526691,0.7647175492438861,0.9873467189255073,0.9989029801950623,0.8641579180435733,0.9318788748158743,0.5564825556993572,0.733098139934543,0.8928100304050608,0.9471809945078749,0.6025292714569018,0.7611112904350779,0.8374641383235775,0.9137504584382159,741
0.9857561300770159,0.9976495409544992,0.9885085300718942,0.9995790964699343,0.9144689299968934,0.9448389834382286,0.7237962240531544,0.7515919163556407,0.9897577903251358,0.9986136298363747,0.8991737328347212,0.927807610287024,0.6791607426374174,0.7122525686704346,0.9199680728764867,0.9453683674692516,0.7167526475040981,0.7447605204770059,0.8689501044909893,0.890306349634208,742
0.9767293683057526,0.9970286008285456,0.9815272671196043,0.9989768738230943,0.8417303033387583,0.9303173681895807,0.5492304017644568,0.697516810800257,0.9860860479289767,0.9986064736693097,0.8375248279114147,0.9331020622351813,0.46000493191857905,0.6303555606237587,0.8650035249400807,0.9448027879232608,0.5133644319278796,0.6711994761945721,0.6466631840869161,0.8617052388415226,743
0.9807857706789093,0.997405077222482,0.9895719838053993,0.9985877253927625,0.6915989161712492,0.8027908867240025,0.4701265835043195,0.7206586966591281,0.9869246758186802,0.9972025995346341,0.6325585050888388,0.795363688499312,0.37599587591848915,0.6731760780789107,0.7023667287854253,0.8330977600225601,0.4539531293301799,0.7259930838736365,0.8094846717659163,0.9491355936132357,744
0.9830470949633958,0.9976677452905262,0.9870276767081908,0.9991634698918116,0.8929517972508269,0.9336477091735683,0.6383978039134462,0.7320392184101663,0.9882220841295044,0.9985583212057549,0.8727228492528518,0.9095693711675545,0.5728488297502048,0.6926958262412796,0.899874439095439,0.9336419876742704,0.6206617696533306,0.7277864417127063,0.7956645902888875,0.912935700312036,745
0.9826289105341857,0.9975391950354509,0.9867212581286864,0.9991671676183563,0.9048513566103533,0.9354557792477683,0.7067523206062444,0.7541479331671387,0.9881454107586072,0.997995231774798,0.8883411863129554,0.9201157192527916,0.6498901569836611,0.69582593213856,0.9121552473696165,0.9400627864472166,0.6933428071274247,0.736284559920692,0.8433787634732125,0.8957577117007055,746
0.9839877542455583,0.9977106594270667,0.9876356507917893,0.9996397140024178,0.8787540253560372,0.9180878308947422,0.6646404148186436,0.745077448678684,0.9867933796596505,0.9982735164755325,0.8489601629434618,0.8969780701795068,0.6081032998046813,0.7016485580371298,0.8823352340957819,0.9217847985595197,0.6588861955896302,0.7411008442022562,0.8865694574999459,0.9099994079998273,747
0.9846950904628178,0.9977027002708005,0.9891617528528429,0.9996828391501712,0.8880050055899092,0.9250884632745368,0.6060094687639497,0.7414724097216612,0.9884164484452085,0.9983396944527169,0.8599520667345683,0.9052449790489988,0.5520161353385497,0.6916041999096956,0.8898505107959326,0.9280940790625958,0.5990891047356215,0.7316164128935646,0.8426931850029127,0.8920093383394156,748
0.9877686184247918,0.9985477937056576,0.9907006792243646,0.9997323103969771,0.9020227589831962,0.9608306950069428,0.6545566425008383,0.7551928758993668,0.9905146874951936,0.9991962836059186,0.8825640263258515,0.949485291883012,0.6097645436839447,0.7233029512172348,0.9059716206921807,0.9605994220987384,0.6493523876828698,0.7481586228729751,0.852071343225829,0.8936679202228456,749
0.9839191206942857,0.998043091582547,0.9872973516481126,0.999616335908486,0.8987811256132174,0.9332989373365838,0.6989464815585941,0.8105113061336058,0.9881810208499632,0.9986296734882177,0.8780765219244433,0.9149539184069069,0.6506169296657072,0.772392388615204,0.9045182501103783,0.9343860192814845,0.6928843351919143,0.8056696178847004,0.8762006986481812,0.9350596899620849,750
0.9857517598583293,0.9987391054238736,0.9874418774747006,0.99980759710933,0.9025851172098331,0.9499242049961186,0.6753419864582674,0.790449965504873,0.9888568396325722,0.9990410414665517,0.8861813369859225,0.9372132552451367,0.6350326386301378,0.7623805649877275,0.9067992341343496,0.9509595316294438,0.6719363715422904,0.7881150666738911,0.8629441104815327,0.9235088287234261,751
0.986627535260898,0.9982008677873422,0.9888216531839568,0.9996470375820343,0.911309981271733,0.9407969371292665,0.6977472686822312,0.7345597238928155,0.9903575209440569,0.9988257951647376,0.8967988660477284,0.9255312251177844,0.6571280726061653,0.6970515849906106,0.9167286260270269,0.9416407133195875,0.6923069297508274,0.728105485545944,0.8610976391075197,0.8968806814776848,752
0.9880170451650011,0.9985880973368696,0.9895846586819323,0.999711080228347,0.8951119682648793,0.9334710723130251,0.7145202010619824,0.7799837600193731,0.990232872087539,0.9988311955291687,0.8783932428010532,0.9193171440753667,0.67908799847669,0.7502331175119964,0.9021110677340181,0.9368708478666081,0.7150883077372316,0.7799425904602425,0.89851662429768,0.9287653105868987,753
0.9845729575355358,0.9977542709467535,0.9865752133460893,0.9995294687920302,0.8474440513106621,0.8999399663756771,0.5411040663660989,0.7246990925161714,0.9868733013572204,0.9982562798266842,0.8175395341890559,0.8791605698770091,0.4829014555285185,0.678407214875381,0.8543038327698871,0.9039880603107626,0.5338281350720461,0.720040014984,0.8081214596432944,0.8966564136508661,754
0.9870900674891459,0.9978634859266676,0.9926217593848075,0.9994138081100932,0.9239060740705791,0.9629948867237139,0.7139286678287853,0.8737626555129194,0.9924371914937313,0.9985122886789417,0.9009719329907772,0.9490036044301542,0.6426835548163506,0.8566279564049368,0.9262579868949432,0.9647819033100622,0.6910869753572987,0.8740516291210236,0.8387838571256871,0.9539152336598546,755
0.9825615748557506,0.9971427987753234,0.9890731565396433,0.9993607732296776,0.8636141495747863,0.917228075193771,0.5935091544866368,0.652794630172279,0.9871550445543418,0.9979478279992261,0.8233294431192679,0.8841856221526994,0.5195633335970248,0.59653171093137,0.8645933830166744,0.9141663553325804,0.5790327242860773,0.6492260673166247,0.8414029803717755,0.8866713330480454,756
0.9842795787901031,0.9976770242289892,0.9878165465567874,0.9996883706008777,0.9272199648597703,0.9582403185431331,0.7341857960958266,0.7754293415799023,0.9888704347917595,0.9987697838135723,0.9123809504013067,0.9428323413624239,0.6906115285263655,0.7344883792428615,0.9308107609427025,0.9572343947687355,0.7247881925799992,0.7644510564314158,0.8716420693028303,0.9176404705916833,757
0.9821145444934615,0.9977931962472929,0.9871144695752192,0.9994625910676574,0.8846941255555552,0.9212804734439761,0.5912193000063756,0.7701787544209825,0.9860937340998625,0.9982921320841398,0.8494207207340382,0.8966521023824716,0.5189347923947984,0.7344672300039321,0.8844512752387802,0.9219697920386382,0.5751790416149086,0.7743524707481624,0.8150749520231095,0.9281220313822812,758
0.9813060508673783,0.9980284376237736,0.9877317980887266,0.9993325473821976,0.8930835011187535,0.939308220801749,0.6140475060065952,0.7533619319542217,0.9867496012000894,0.9983697649748106,0.8528807217556024,0.9112387220188986,0.532842369837542,0.7021461537595004,0.8903654354416528,0.9358103798315985,0.5922325233412149,0.7424604185604788,0.8286119802224676,0.8963091941191673,759
0.9832164376113055,0.9978740983442238,0.9875191202078215,0.9995415773876177,0.902370918902644,0.9344543160757756,0.6803623244377304,0.7749225974475057,0.9876153083068012,0.9981422563722747,0.8760329813812808,0.914078298812385,0.6199687441750572,0.7218857215581164,0.9048526337826369,0.936321912872381,0.6678482796819661,0.7618081008804903,0.8580052265489443,0.8992875629266677,760
0.9737567614184394,0.9964774964121791,0.984269106358733,0.9988741438924379,0.8258586022646938,0.8981970804488588,0.4819438680263042,0.6485103196715559,0.9850031103974356,0.9979113712265146,0.7762611947902535,0.8752266524330709,0.37060578877600037,0.6047390216073789,0.8270185826887669,0.9024767275534429,0.4406668622508433,0.647384983073671,0.6986783220816418,0.9174898397406657,761
0.9795047031629742,0.9971633673180228,0.9861034836841296,0.9993043745799562,0.8434249642645743,0.9355231355427845,0.4649033410948866,0.7512925463590986,0.9839660670621622,0.9982535527840106,0.8013468275898944,0.90782824420033,0.3911610424957424,0.7056534132544243,0.8452833915395507,0.9336786196872068,0.45034333564341195,0.7425658314172846,0.7500864133862831,0.9165288089190882,762
0.9892942004302767,0.9976191661953084,0.991686990628133,0.9995666657075869,0.9269660953551363,0.9531005126867197,0.7584667483283152,0.8002439705080063,0.9916819191113985,0.9986487541954905,0.9095902750188231,0.936947274715484,0.7161453567309831,0.7613801284448968,0.9297436949080039,0.9528575004178159,0.7517656044917147,0.7919160336694456,0.8999753904777839,0.9223463243945704,763
0.9857099345579416,0.99725116915721,0.9885290528692406,0.9995550025298734,0.9252578664236593,0.9513473535826262,0.7578505563697249,0.8012775430495309,0.9893641418185403,0.9984606822049987,0.9057322478188825,0.9326727021017899,0.7128782694724576,0.7589539504883028,0.9279626288509126,0.9504641335226214,0.7500763521310545,0.7921792463119706,0.8986606559443132,0.9213960648481214,764
0.9862021796799392,0.9970130072680445,0.9905703078867881,0.9994441612948656,0.9186606233438867,0.9380414211246705,0.7204090989836148,0.7790930078012266,0.9896467946621149,0.9980822547009446,0.8933255243229477,0.9119454600490152,0.6640656532142214,0.737658009203086,0.9189197413389766,0.936091279054637,0.7082551638716528,0.7755347443151053,0.8846289635359554,0.9188045981689993,765
0.990645847871656,0.9978097563140004,0.9929326166834229,0.9996200293218159,0.9411221058288954,0.9676655696622771,0.7935483629150112,0.845654959295328,0.9929573538700981,0.9988751847060208,0.9250076375559051,0.9540237105383789,0.7535173351757414,0.8114902026721491,0.9423306777819431,0.9665574357466676,0.7856532430001482,0.8369512021631735,0.9118134123383373,0.9324348864658972,766
0.988982339380619,0.9980002702964892,0.9912088707396669,0.9997333241831143,0.9163295333112967,0.9487823845825661,0.7526959113632065,0.8042752336702855,0.9914444372765532,0.9986803754588721,0.898015035435612,0.9321264170497304,0.712119906564238,0.7690530703594206,0.9203508597335434,0.9489038945537351,0.7493226638885423,0.799656601679452,0.911564540486713,0.9329760286390916,767
0.9877753041221707,0.9973132096612431,0.9910693589342178,0.999540325579723,0.9236426946990445,0.9463710828205681,0.7643471559608217,0.7983517787609691,0.990101703985823,0.9980788115423745,0.9010585973066042,0.9239923737698014,0.7164679837398021,0.7517451303841896,0.9251450150758941,0.944926435018751,0.75642851755509,0.7885836776900886,0.9115735544761245,0.9278241493886173,768
0.9891898242792156,0.9977021500010633,0.9918030641360556,0.9996287394325631,0.9348037663828624,0.9640125694384644,0.814214724375411,0.8700524845675814,0.9917217875246956,0.9986844052152931,0.917928098160795,0.9492706391989972,0.7761235830166836,0.837425642836739,0.9374289960530289,0.9635376172354269,0.8085283981627257,0.8631881856053212,0.9291676781007693,0.952801649629798,769
0.9905558288703326,0.9995516145040274,0.9948122278119172,0.9998491853214151,0.9193372545940256,0.9873703195575836,0.7142457215878257,0.9719799774344361,0.995319864455933,0.9996620560386915,0.9038534523766598,0.9847023124425875,0.650017031563778,0.9653912718774671,0.9259503713156434,0.9884470994405282,0.6927593951406336,0.971526885077423,0.8213100655964264,0.9913259787541415,770
0.9914570611783599,0.9981149656742542,0.9941221975714006,0.9995261429481331,0.9415065145212254,0.9620013386934366,0.7815433062500948,0.836955626634368,0.9936481594400409,0.9986191901335617,0.9230206497894201,0.9447449706419222,0.7379433411586542,0.8109590842963398,0.9419363630921915,0.9599617404815041,0.7720530338976522,0.8356656384865455,0.9064509332440598,0.935730918234668,771
0.9924813082779769,0.9981877730433583,0.9942883463359832,0.9996540976498484,0.9325656147165744,0.954364162415033,0.8142456609504325,0.8605669821353736,0.9937388482276869,0.9988373615609722,0.9168227018778186,0.9412916875354573,0.7801935250312239,0.8316622723820805,0.9356547591959491,0.9557130110779707,0.8101767530490348,0.8563954314843729,0.9332855606767022,0.952605080943241,772
0.9901045583663697,0.9984470399694063,0.9922853502081694,0.9996732967406102,0.9530548686224185,0.9771253005531878,0.8548342685783448,0.9044352264595816,0.9928607483801867,0.9992316326102131,0.9425043269790077,0.9687427085072626,0.8257491424880089,0.8811042324169003,0.9551075866183495,0.9770908044121941,0.8500679692099569,0.8984585360101319,0.936611101562574,0.9573944275256652,773
0.9875828194689653,0.9981113520540943,0.9916146516524408,0.9993342018988018,0.7075647521762191,0.9753495120704849,0.5755592907373162,0.9114538091819636,0.9914330277990556,0.9994587136314799,0.6859199141473142,0.9766947484042208,0.5060024167032166,0.8867825651547623,0.7424520075351477,0.9810068161753182,0.5734032092538162,0.9001274504070297,0.8208216210045822,0.9159609382115818,774
0.9890089549769979,0.9977351118119849,0.9917850218140511,0.9996152177093658,0.9493757777947743,0.975218922108633,0.8113406703675522,0.8560870461647583,0.9920806176677424,0.9989305471278952,0.9358394564242027,0.9625250973209022,0.7737031209003419,0.8220360855200302,0.9511832770567313,0.973470483959927,0.8032992828178093,0.8463352655355322,0.9125751939186927,0.9317067380980509,775
0.9901577794573377,0.9978606100844345,0.9927618121197862,0.9995789437965453,0.9338195230912888,0.9612936050070261,0.790769964362925,0.8441021770411646,0.9931003894986475,0.9989203839279654,0.9201820981509341,0.9496987490704902,0.754134400912361,0.8112262819609523,0.9376419481207072,0.9621322705181858,0.784186855711805,0.8361242207539664,0.908048771978186,0.928210324514281,776
0.9891823912029621,0.9974907342886316,0.9916518174283812,0.999504249369944,0.93025632965068,0.9564902050745006,0.7643292756009895,0.8049061628215383,0.9925447665066681,0.9986635118178716,0.912274394243706,0.9390856383357529,0.7195238202139563,0.7625490996100249,0.9324500204243386,0.9553696683237716,0.7553610577232228,0.7943570186179145,0.8978446976157963,0.9158059208470366,777
0.9897107386149249,0.9972601009605159,0.9932731653518398,0.9994012506018397,0.9088151553351889,0.926795627380452,0.718573525216818,0.7567799952187457,0.992806665230673,0.9980525424589435,0.8823877778109875,0.9030599676594252,0.6643736666021008,0.715806540795865,0.9108952040829907,0.9272546637078846,0.7101211230875348,0.7554661553151678,0.8935943311505811,0.911961334755938,778
0.9855075955956594,0.9970330755871191,0.9904957023256703,0.9994809270096978,0.9270766277218512,0.950092797925895,0.7183799693007151,0.7401817701271028,0.9901723864984249,0.9977603922710281,0.9011684370426345,0.9211536603286855,0.6575556268712708,0.6974218857016081,0.9267974702180096,0.9444911198103956,0.7034811640978827,0.7397650847312965,0.8762748746275547,0.9153060498017896,779
0.9856580396786487,0.9974372087912488,0.9894264613282909,0.9994111470876471,0.9285149261978466,0.9446988279078711,0.7414850478626432,0.8043129429481263,0.9899727176792811,0.9984694372859437,0.905974786361559,0.9190230789364364,0.6861572091039033,0.7674256793795788,0.9296651150698103,0.9417818628910043,0.7283354194226735,0.7988929649502567,0.883116091710158,0.929383371863309,780
0.9896011553602618,0.9976201499861009,0.9917315579884317,0.9995353678246621,0.8808992392060233,0.8972941479306512,0.7098794695354805,0.7382605338205738,0.9922349080135303,0.9979337845205393,0.8566554540938611,0.8708350331603626,0.6647269409981066,0.6967880785530155,0.8873461574416142,0.899147903637675,0.7090473781873574,0.737538163066758,0.9111516520496644,0.9318181909955355,781
0.9832903945453189,0.997036668298718,0.986792729719514,0.999508395439481,0.9190957775964138,0.9437540543320854,0.7615403385009532,0.7953080909859305,0.9881538218501359,0.998210213502418,0.8940558000239711,0.917051881520772,0.7104605446676403,0.7552106441328016,0.9201575750179518,0.9408890604102974,0.7525542332581583,0.7924493162493135,0.911049455492815,0.9302941365442444,782
0.9904721085090299,0.9977907932784706,0.993155179565565,0.9996615791599831,0.9328565581288657,0.9510116148806889,0.7809146294285043,0.8070116237297725,0.9931554895464052,0.998621100399033,0.9156997937355629,0.933992754195881,0.7418266223820744,0.7697243813555348,0.9356379351925631,0.9506716155107054,0.7755428007902873,0.8003308213403159,0.91424072529738,0.9282597985226124,783
0.9922407582205645,0.9991508171890504,0.9962763838493673,0.9997986594502729,0.9314190496945158,0.9802137684329427,0.7949446865704721,0.9474533544291827,0.9963851653358956,0.9994453475346609,0.9172983670727438,0.9746031355095167,0.7364014392234104,0.9350080473941543,0.9368174825401204,0.9811725371534921,0.7746528368222769,0.946035788935628,0.8713623889939869,0.9836222486152988,784
0.9898240750206875,0.9977214518710453,0.9935048208495465,0.999578833302555,0.9434784466139846,0.9644784138431863,0.8191922758359074,0.8610132642962041,0.9930641318653485,0.9986555884916006,0.9265422215990254,0.9493859693158404,0.7800487913211084,0.8259160543808546,0.9449652721235007,0.9636175838387603,0.8118326666918648,0.8529907473857241,0.9262786592399812,0.9454045710768765,785
0.9848209250393278,0.9985319682125424,0.9914349049911457,0.9996298188076548,0.893576274100597,0.9494541010066746,0.6692792151786369,0.8870774154735159,0.9934322948293383,0.9988346394321331,0.883154911634593,0.9380899499448826,0.5812868485395905,0.8640823910631777,0.9086745084914375,0.9528331778702587,0.6335545105520998,0.8864452249372272,0.7467177343462367,0.969504869033597,786
0.9838489744600288,0.9966583277256343,0.9883989163111448,0.9993201698209884,0.9138803170254446,0.9416743231539786,0.6873269905733134,0.7732501925233431,0.9879230701238192,0.9980623716515573,0.8811617124806154,0.9199120845435447,0.6190568413850548,0.7246268677552071,0.9116954649793236,0.9419239236282732,0.6705935644095761,0.7627846389089418,0.8683066031508103,0.912336561764442,787
0.9889702992648647,0.9971972500783693,0.9915029665430232,0.9994767218289644,0.9272103693224497,0.9508560552807938,0.775374192975806,0.8151965699668854,0.9917012576200496,0.9984585972581954,0.9090870242745327,0.9337475163495516,0.731020888030512,0.7737577521911665,0.9304117210537325,0.951106519724125,0.7673368014287154,0.8059949911662835,0.9057738157219657,0.9235896755860944,788
0.9895312189542829,0.9981469565774759,0.9917201348856408,0.9996809461083448,0.9534471475317828,0.9776023292574877,0.8256383554678712,0.8704647461331119,0.9918893394688711,0.9991053740901761,0.9410609521274507,0.9668192284010527,0.7913707395104387,0.8409600407007515,0.9548868014284375,0.9763129328566874,0.8184366567573624,0.8622422020573371,0.9167933738579438,0.9388288814065651,789
0.986410559998385,0.9969258241003104,0.9888452620781716,0.9993554561021412,0.9237849596359817,0.9503851686093893,0.7768887527786436,0.8217582781435883,0.9895820957610139,0.9983917068759746,0.9052903092930858,0.9332943157249237,0.7319342301050502,0.7798413104810211,0.9270674559168186,0.9507688826468885,0.7689286237868482,0.8119054556326019,0.9047929631819027,0.9253589142852795,790
0.9905922722656509,0.9988852958719238,0.9924185647252897,0.9996926948506125,0.9287849101662083,0.9714310971266379,0.776645227214447,0.927106153078561,0.99259899559451,0.9993019893391366,0.9113126667104213,0.9648227171662019,0.738076977656999,0.9105816062669069,0.9313290256778665,0.9733130465795755,0.7724604440953927,0.9249162226091053,0.9196899087896045,0.9738447649382358,791
0.9882881942801106,0.996621163123816,0.9916471083209842,0.9992601375924489,0.8404611781473634,0.9149438003977994,0.6165892159056046,0.7065906530533494,0.9924173154225716,0.9978179455633529,0.8236970314485976,0.8910072837687192,0.5478848932503114,0.6518775278130309,0.8569997988681144,0.9167216162640409,0.6000595100330278,0.6953213931391137,0.7854922086434246,0.8897115835335855,792
0.989205772103885,0.99734906464819,0.9926952550804846,0.9996217945947544,0.9427882662492216,0.9601218032260508,0.7982238465199301,0.8220918119276376,0.9924156863571083,0.9984745763401954,0.9243660042538254,0.941431786187054,0.7557509546061271,0.782389808041712,0.9435186716631163,0.957996525588041,0.7901286835992101,0.8135888085206743,0.9181563113927436,0.9317355236494055,793
0.9915458422054129,0.9977752890209485,0.9940813408144199,0.999674107530243,0.9418927934804562,0.960453764470556,0.8045762967643615,0.8345677256909632,0.993684553143003,0.9986923920957091,0.9255123739021722,0.9447464069228297,0.7660873539207753,0.799327249723072,0.9435472962718773,0.9596714411405413,0.7984062832101406,0.8275927054291845,0.9232305348797876,0.9370018273823894,794
0.9882628128658857,0.9977820593655922,0.9906983080070688,0.9994369922151345,0.9287015900162854,0.9480575563673721,0.7727095520210806,0.8247080452579443,0.9915474279205717,0.9984780939456199,0.911364537290165,0.9301657753529659,0.7288188226259704,0.7909830728083002,0.9317671470644553,0.9480309668585716,0.7650264404377987,0.8214069384643456,0.9029112368903155,0.9401390744472602,795
0.9889883690801659,0.997277264460341,0.9914953001044603,0.9995556651405759,0.9160255396464829,0.9334680456000122,0.7414735703587187,0.7670708211831713,0.9919533167538497,0.998294061484323,0.9004942203038764,0.9190432121313439,0.6921218647293088,0.7350764009709351,0.9221064274239781,0.9379513016683743,0.7309284019774277,0.7689990494206712,0.8713701994209484,0.924226190750984,796
0.9882078222635703,0.9976370040124165,0.9910207500692055,0.9994261305775066,0.9102610360675063,0.9389629781548686,0.7482409792610782,0.8051721112878336,0.990887322596272,0.998308896659586,0.8858727125868955,0.9127127993271524,0.6979959089517026,0.7706911490822969,0.9133786142685464,0.9363106837549556,0.7418058028712624,0.8044254875703949,0.90864460100551,0.934620203310479,797
0.9907969379543138,0.9977203207288404,0.9930388818653036,0.9994860792497966,0.9339867896729884,0.9502382640062864,0.8009746646625354,0.8352882428492269,0.9931530327263518,0.9985603368295778,0.9189391387617843,0.9361879583569702,0.7606074968942208,0.7964212202350968,0.9377394804316769,0.9522048390722303,0.7929785907873682,0.8260460201793743,0.9135050612275146,0.9298126910132747,798
0.9893224355763581,0.9978995413094982,0.992108884947365,0.9995771410288844,0.9256898268330098,0.9423770667861511,0.772445587786356,0.8320435082303227,0.9915194853985837,0.9983559987897517,0.906181218006778,0.9308866386566055,0.7302697584766202,0.797089169305465,0.9282871174577003,0.9453015202914511,0.7665684669117846,0.8311342313643308,0.9154245000006105,0.945530966178908,799
0.9915063022201195,0.9977744087581437,0.9935133948901629,0.9995680580481873,0.935389184162421,0.9568644160663863,0.7750321261977412,0.8115294171602162,0.9942087124961326,0.9986514357329067,0.9177861080076674,0.940768954207682,0.7323790712935203,0.7789530704885546,0.9369726337005251,0.9561273970630201,0.7671224607056116,0.8131587223007203,0.9054480289512475,0.9430709377779853,800
0.9899872669927477,0.9973473372500443,0.9930621488826663,0.9993463748240834,0.9279033962650222,0.9449178335366305,0.7349162652228237,0.7653449574093055,0.9927556902189102,0.9982508287331882,0.903176982606684,0.9183921136062837,0.6787822073680848,0.7272543295812482,0.927554069045865,0.9414305121327258,0.7219669174812499,0.7631319206007442,0.8888974768327941,0.9170028039984499,801
0.9888496351221373,0.9979654772533892,0.9927366132566103,0.9996312869475448,0.8907608982964126,0.9356043505201714,0.6734138991353867,0.8392727745558545,0.9917023104852852,0.9985484620754235,0.8597116250771967,0.9214364320265996,0.6173480883253507,0.808970418446142,0.8929426225106893,0.939865976693645,0.6673593699613865,0.8376877198230505,0.8919900390623294,0.946289707086519,802
0.9860141678845159,0.9981644789419941,0.989275675922999,0.9997188098622064,0.9122916995257764,0.9533722864724135,0.6916124281140698,0.8659916633893637,0.9891537620067524,0.9988152205590801,0.887648563823837,0.9397694807141472,0.636835608390111,0.8384735184170183,0.9139962000889575,0.954144345858346,0.681402953775822,0.8627385071456757,0.8658745789934477,0.9510056842398508,803
0.988754541506291,0.9980627668042968,0.9923628569068279,0.9996855872360345,0.9205415349736635,0.9461864063873321,0.7306048034551117,0.8495473658729018,0.9912701683038422,0.9986794961610849,0.8953215521128375,0.9291365045016754,0.6805210259765357,0.8200326701224461,0.921137014078115,0.9455757686226793,0.7232807781535744,0.84682751562697,0.9018302789400101,0.9476541059225274,804
0.9900906364314576,0.9982042938359793,0.993695421860043,0.9993273889160619,0.8777573082401735,0.9429306585912083,0.6924202341426691,0.8643702015977414,0.9936730611703287,0.9985142002698026,0.8580965681693239,0.9314837196268662,0.6362007918514511,0.8372807169729602,0.8867351665217573,0.9467883726134502,0.6813551389505845,0.8622637461002968,0.8559750831463144,0.9572920559435869,805
0.9831363540205723,0.9982651042017568,0.988387604362579,0.9995506819775775,0.900662023201804,0.9369593897844161,0.6518451519131844,0.8384481452707668,0.9875804736026667,0.9986530132624498,0.8692744577791187,0.9211330343085352,0.5847649598704874,0.8126609385279713,0.9015824884417446,0.9389112131527211,0.6366510258041209,0.8427994036551877,0.8464547324045869,0.9513525929879177,806
0.9844024655414829,0.9985020890423979,0.9911144954204251,0.999671719936377,0.9058160472871017,0.9587181471516836,0.7138899021379638,0.8983654594072059,0.9940575549123197,0.9989128498275212,0.9022057093179198,0.9478088780474698,0.6235452502318479,0.8757431716997212,0.921866934044885,0.960874526347971,0.6716146083903762,0.8965155559794352,0.7398534922144989,0.9704519882734074,807
0.973477838107216,0.9985382782839283,0.9898884885691939,0.9994960432585732,0.6902068576451137,0.9584207708779683,0.3587233753635027,0.9184212513027316,0.9888946313770781,0.9990435857406397,0.6289084590988355,0.9512580258812328,0.24583532679691822,0.8993686541384003,0.7015269972192303,0.9627194009740752,0.3163841377255616,0.9168791390089479,0.6293655760381085,0.9703894600295018,808
0.989495422324401,0.9977762159893762,0.9924788488512893,0.9995791131820856,0.9195672010119704,0.9422918461270705,0.6736508636759414,0.8306275957826779,0.9928833957345373,0.9986608845676119,0.8951621571217313,0.9250545757508429,0.618317644110603,0.798479814508558,0.919776955480869,0.9424970559635919,0.6616770932421508,0.8328083517837355,0.8505503219618846,0.9285890077369954,809
0.9873996615166591,0.9966063184049532,0.9909504903283651,0.9992901249851169,0.9308522572741952,0.9573401005280368,0.6928851145407358,0.7328583619635185,0.9916466909400471,0.9983966966786688,0.9099431395724685,0.9374227018441798,0.636946788386066,0.6909226776715914,0.9309316136625542,0.9545369238094783,0.6777832552451322,0.7323931689492392,0.8414773219162001,0.8874409293638384,810
0.9919329495524466,0.997568289016042,0.9939047197987563,0.9995522879919675,0.9226642599053309,0.9571278677179569,0.7604533640926021,0.8093662701798996,0.9935965421698364,0.9986745255143291,0.9038845383586792,0.9413297016567371,0.7175362128212818,0.7710749169538045,0.9258390864129283,0.9564668849118287,0.7544949424461389,0.807228048877994,0.9085974991997819,0.9296856120774581,811
0.9860021963787039,0.997259367442689,0.9892665018207594,0.9995085680050874,0.9050357141908151,0.9411754106770847,0.6368390707896183,0.8065064513951239,0.9899145014838736,0.9982904297725673,0.8821329651151001,0.9190322593859505,0.5781158387792693,0.7708897327512736,0.9075324234267386,0.9395413288346027,0.6241886968890472,0.8041020088720854,0.8225730936136387,0.9235994898138651,812
0.9846686195511235,0.9976412225104141,0.987997328384502,0.9993849671653104,0.9147086202334213,0.935240945324165,0.7352194893327839,0.8321264904897854,0.9890594956450622,0.9984580030331046,0.8895675039382699,0.9083103521026465,0.6768653862860698,0.7994673932889108,0.9173484505659854,0.9326421697114579,0.7233541372424448,0.8302059030634297,0.8890486776416786,0.9401893837114251,813
0.985362485567311,0.9979270995330016,0.9890459103885408,0.9994172190930707,0.8816452306144815,0.9334689397329181,0.6461187491086993,0.85195498997357,0.9887676772192829,0.9986442188868986,0.8533099982499691,0.9204222759897888,0.5865693480307559,0.8220014234979389,0.8862300141713089,0.9387185718482257,0.6368598042549027,0.8500225095201993,0.8572396815883161,0.9521023301195544,814
